issue_type	matched_form	count	file_count
adjacent_vowels	ataeva	410	9
adjacent_vowels	edition	93	2
adjacent_vowels	iḷā	82	4
adjacent_vowels	ataevoktaṃ	49	6
adjacent_vowels	iḷām	46	2
adjacent_vowels	srotaāpattiphalaṃ	46	8
adjacent_vowels	īḷe	42	4
adjacent_vowels	ūab	40	1
adjacent_vowels	puroḷāśam	36	3
adjacent_vowels	ṣaḷ	25	2
adjacent_vowels	puroḷāśa	22	2
adjacent_vowels	properties	21	1
adjacent_vowels	ṣoḷaśa	20	2
adjacent_vowels	aaaaaaaaaaaaaaaaa	16	1
adjacent_vowels	ayāḷ	16	2
adjacent_vowels	nāḷāyanī	16	1
adjacent_vowels	guṇaāptī	15	2
adjacent_vowels	puroḷāśasya	14	2
adjacent_vowels	ṣaḷaha	14	1
adjacent_vowels	ataevāha	13	3
adjacent_vowels	samūḷhe	13	1
adjacent_vowels	aevam	11	1
adjacent_vowels	ūav	11	1
adjacent_vowels	mṛḷa	10	2
adjacent_vowels	puroḷāśān	10	1
adjacent_vowels	udūḷham	10	1
adjacent_vowels	ṣaḷahaḥ	10	2
adjacent_vowels	ṣoḷaśī	10	2
adjacent_vowels	aiueo	9	1
adjacent_vowels	vṛttaantar	9	1
adjacent_vowels	ataevoktam	8	3
adjacent_vowels	athaapi	8	1
adjacent_vowels	athaapy	8	1
adjacent_vowels	bhujamānaānayanāya	8	1
adjacent_vowels	caasya	8	1
adjacent_vowels	iḷa	8	2
adjacent_vowels	iḷam	8	1
adjacent_vowels	iḷe	8	1
adjacent_vowels	iḷo	8	2
adjacent_vowels	iḷāyāḥ	8	2
adjacent_vowels	maṅgaḷaṃ	8	1
adjacent_vowels	mātāpitarāu	8	2
adjacent_vowels	naasyaasmiṃl	8	1
adjacent_vowels	puroḷāśeṣu	8	1
adjacent_vowels	saṃrāḷ	8	2
adjacent_vowels	vargaantaram	8	2
adjacent_vowels	īḷate	8	3
adjacent_vowels	aevaṃ	7	1
adjacent_vowels	kalāantaram	7	1
adjacent_vowels	phaālgune	7	1
adjacent_vowels	sarvae	7	4
adjacent_vowels	srotaāpattiphalam	7	2
adjacent_vowels	triasre	7	2
adjacent_vowels	yathāuktakaraṇena	7	1
adjacent_vowels	aadya	6	1
adjacent_vowels	aatha	6	2
adjacent_vowels	agraaikyam	6	2
adjacent_vowels	book	6	1
adjacent_vowels	editions	6	1
adjacent_vowels	goāyuṣī	6	2
adjacent_vowels	hou	6	1
adjacent_vowels	iii	6	2
adjacent_vowels	itiādinā	6	1
adjacent_vowels	iḷāyām	6	2
adjacent_vowels	iḷāyās	6	2
adjacent_vowels	kathayatiasti	6	2
adjacent_vowels	krīḷam	6	2
adjacent_vowels	krīḷataḥ	6	2
adjacent_vowels	puroḷāśaiḥ	6	1
adjacent_vowels	puroḷāśaḥ	6	2
adjacent_vowels	puroḷāśena	6	2
adjacent_vowels	puroḷāśo	6	2
adjacent_vowels	rūpaātmabhāvas	6	1
adjacent_vowels	tae	6	3
adjacent_vowels	īḷa	6	1
adjacent_vowels	īḷito	6	1
adjacent_vowels	śrīṛṣiruvāca	6	3
adjacent_vowels	ṣaḷahaś	6	1
adjacent_vowels	ṣoḷaśi	6	2
adjacent_vowels	ṣoḷaśini	6	2
adjacent_vowels	ṣoḷaśy	6	2
adjacent_vowels	ataeveti	5	1
adjacent_vowels	aṣṭāu	5	1
adjacent_vowels	brūteevam	5	1
adjacent_vowels	caakāraṇāt	5	1
adjacent_vowels	caeva	5	2
adjacent_vowels	itiādi	5	1
adjacent_vowels	iṣṭaāhatasvasvahareṇa	5	2
adjacent_vowels	phaālgunasya	5	1
adjacent_vowels	reading	5	5
adjacent_vowels	reads	5	5
adjacent_vowels	section	5	2
adjacent_vowels	tathāiva	5	5
adjacent_vowels	theory	5	1
adjacent_vowels	vyūḷhe	5	1
adjacent_vowels	vyūḷho	5	1
adjacent_vowels	aahaṃ	4	1
adjacent_vowels	akhallamahallaakuśalaaprakṛtijño	4	1
adjacent_vowels	ardhaūnam	4	2
adjacent_vowels	astuiti	4	1
adjacent_vowels	ataevāsya	4	3
adjacent_vowels	bhikṣuṇīovādako	4	1
adjacent_vowels	caanyat	4	1
adjacent_vowels	caatraadhikaḥ	4	1
adjacent_vowels	dhanaṛṇayos	4	3
adjacent_vowels	dṛgaḷam	4	1
adjacent_vowels	etenaeva	4	1
adjacent_vowels	heḷa	4	2
adjacent_vowels	ii	4	4
adjacent_vowels	illāīambayā	4	1
adjacent_vowels	itiādikaraṇena	4	1
adjacent_vowels	iḷānā	4	2
adjacent_vowels	kahoḷaḥ	4	2
adjacent_vowels	karei	4	1
adjacent_vowels	karṇaāśritabhujaghātaaikyam	4	2
adjacent_vowels	kuṭṭakaantare	4	1
adjacent_vowels	misdemeanours	4	1
adjacent_vowels	paridhāupaśrayati	4	1
adjacent_vowels	pitṛṛn	4	2
adjacent_vowels	prāhaasti	4	1
adjacent_vowels	puraetāro	4	3
adjacent_vowels	puroḷāśair	4	1
adjacent_vowels	puroḷāśānām	4	2
adjacent_vowels	puroḷāśāḥ	4	2
adjacent_vowels	reḷhi	4	1
adjacent_vowels	rājaṛddhyā	4	4
adjacent_vowels	saṃkhyāaikyam	4	1
adjacent_vowels	srotaāpannasya	4	3
adjacent_vowels	srotāapattiphalaṃ	4	1
adjacent_vowels	svaūrdhve	4	2
adjacent_vowels	āhaasti	4	1
adjacent_vowels	āroḷhāra	4	1
adjacent_vowels	īḷiṣva	4	1
adjacent_vowels	ṣaḷaho	4	2
adjacent_vowels	ṣiḷaśasu	4	1
adjacent_vowels	ṣoḷaśam	4	1
adjacent_vowels	ṣoḷaśinaḥ	4	2
adjacent_vowels	ṣoḷaśino	4	1
adjacent_vowels	ṣoḷaśinā	4	1
adjacent_vowels	ṭisburiṇijambuiṇiaasohiaṃ	4	1
adjacent_vowels	aastraṃ	3	1
adjacent_vowels	aaśvatthāmā	3	1
adjacent_vowels	adhikaūnas	3	1
adjacent_vowels	ataevātra	3	3
adjacent_vowels	aṣṭādaśaaṃśena	3	1
adjacent_vowels	baḷ	3	2
adjacent_vowels	bhavatiity	3	2
adjacent_vowels	brāhmaṇāyaanadhīyāanāyaāsanam	3	1
adjacent_vowels	buddhyākarṣiṇīahaṅkārākarṣiṇīśabdākarṣiṇīsparśākarṣiṇīrūpākarṣiṇīrasākarṣiṇīgandhākarṣiṇīcittākarṣiṇīdhairyākarṣiṇīsmṛtyākarṣiṇīnāmākarṣiṇībījākarṣiṇīātmākarṣiṇīamṛtākarṣiṇīśarīrākarṣiṇī	3	1
adjacent_vowels	caannasya	3	1
adjacent_vowels	caapartau	3	1
adjacent_vowels	caenam	3	1
adjacent_vowels	caenaṃ	3	1
adjacent_vowels	caetad	3	2
adjacent_vowels	chāyāpradīpaantaradīpaauccyaānayanāya	3	1
adjacent_vowels	congregation	3	1
adjacent_vowels	creates	3	1
adjacent_vowels	dhanaṛṇam	3	2
adjacent_vowels	dīpaauccyam	3	2
adjacent_vowels	eaikārau	3	3
adjacent_vowels	ekaapacitaantimaaṅkaghātas	3	1
adjacent_vowels	ekaādiaṅkaghanaaikyam	3	1
adjacent_vowels	etenaanye	3	1
adjacent_vowels	garuāidukkhāiṃ	3	1
adjacent_vowels	ghanaaikyam	3	2
adjacent_vowels	goes	3	2
adjacent_vowels	guṇaaikyam	3	2
adjacent_vowels	gūthakaṭhiiiaṃ	3	1
adjacent_vowels	haaramaṇarāadiṭṭhīe	3	1
adjacent_vowels	ihaeva	3	1
adjacent_vowels	jimiajaṃpiāiṃ	3	1
adjacent_vowels	karavandāijālasaṃrāiaṃ	3	1
adjacent_vowels	karaātmakam	3	1
adjacent_vowels	karṇaantaram	3	1
adjacent_vowels	karṇaāśritasualpabhujaaikyam	3	1
adjacent_vowels	koṭikarṇaantaram	3	2
adjacent_vowels	kumukhaaikya	3	1
adjacent_vowels	kuṭṭakaadhyāyas	3	2
adjacent_vowels	kṣepatakṣaṇalābhaāḍhyā	3	2
adjacent_vowels	mahāopurāṇe	3	1
adjacent_vowels	manaāpaṃ	3	2
adjacent_vowels	meets	3	2
adjacent_vowels	mīḷhuṣe	3	2
adjacent_vowels	mūlakalāantare	3	1
adjacent_vowels	naatyantam	3	1
adjacent_vowels	naaśnāti	3	2
adjacent_vowels	obstruction	3	2
adjacent_vowels	payouṣṇī	3	1
adjacent_vowels	pnuar	3	3
adjacent_vowels	prakāraantareṇa	3	1
adjacent_vowels	puraetā	3	3
adjacent_vowels	raviindvos	3	3
adjacent_vowels	saekas	3	1
adjacent_vowels	samūḷho	3	1
adjacent_vowels	samūḷhāt	3	1
adjacent_vowels	savyabhujaagrāt	3	1
adjacent_vowels	srotaāpanno	3	2
adjacent_vowels	srotaāpattiphalasya	3	2
adjacent_vowels	sthānaantam	3	1
adjacent_vowels	strīalaṅkārapratisaṃyuktaṃ	3	1
adjacent_vowels	svaaṃśaadhikaūnas	3	1
adjacent_vowels	svaaṃśaadhikaūne	3	1
adjacent_vowels	svaaṃśaadhikaūnena	3	1
adjacent_vowels	svarāḷ	3	2
adjacent_vowels	sūcīābādhe	3	1
adjacent_vowels	tasyaaraṇyenaevaata	3	1
adjacent_vowels	triasram	3	1
adjacent_vowels	triaṃśa	3	1
adjacent_vowels	triaṃśas	3	2
adjacent_vowels	triaṃśena	3	1
adjacent_vowels	triūnāt	3	2
adjacent_vowels	uddeśakaālāpavat	3	1
adjacent_vowels	uhaataadiṇṇapāo	3	1
adjacent_vowels	vargaaikyam	3	2
adjacent_vowels	veneration	3	1
adjacent_vowels	vidhināuttamād	3	1
adjacent_vowels	virāḷ	3	1
adjacent_vowels	vāḷ	3	2
adjacent_vowels	yogaantare	3	1
adjacent_vowels	śakraāya	3	1
adjacent_vowels	śrotaāpattiphalaṃ	3	1
adjacent_vowels	śrotṛṛṇām	3	1
adjacent_vowels	śrotṛṛṇāṃ	3	1
adjacent_vowels	śrīaditiruvāca	3	1
adjacent_vowels	'poi	2	2
adjacent_vowels	aadharmeṇa	2	1
adjacent_vowels	aadyāhaṃ	2	1
adjacent_vowels	aapakrānte	2	1
adjacent_vowels	about	2	1
adjacent_vowels	accentuation	2	1
adjacent_vowels	addition	2	1
adjacent_vowels	adhikaagrayutam	2	2
adjacent_vowels	adhimāsaavamaagrakābhyas	2	1
adjacent_vowels	adhimāsaavamaagrakābhyām	2	1
adjacent_vowels	aekākī	2	1
adjacent_vowels	agnimīḷeti	2	1
adjacent_vowels	agraunyasyaūrdhveaśmānaṃ	2	1
adjacent_vowels	aheḷanā	2	1
adjacent_vowels	aheḷatā	2	1
adjacent_vowels	ahiaraaro	2	1
adjacent_vowels	akhallamahallaakuśalaaprakṛtijña	2	1
adjacent_vowels	akhallamahallaakuśalaaprakṛtijñaḥ	2	1
adjacent_vowels	akhallamahallaaprakṛtijñaakuśalo	2	1
adjacent_vowels	alābheapyavamāneapyaviṣādī	2	1
adjacent_vowels	amanaāpāni	2	1
adjacent_vowels	amanaāpānāṃ	2	1
adjacent_vowels	amitaāyu	2	1
adjacent_vowels	aneḷakaṃ	2	1
adjacent_vowels	anyakarṇaāśritaghātaaikyena	2	1
adjacent_vowels	anyonyamūlaagragasūtrayogāt	2	1
adjacent_vowels	apaḥpītvāācamyaācāmed	2	1
adjacent_vowels	arāḷā	2	1
adjacent_vowels	asiity	2	1
adjacent_vowels	ataevaa	2	1
adjacent_vowels	ataevety	2	1
adjacent_vowels	ataevānandarūpatvam	2	1
adjacent_vowels	atithibhyoabhyāgatebhyoannādyaṃ	2	1
adjacent_vowels	atraevaasya	2	1
adjacent_vowels	auspicious	2	1
adjacent_vowels	auḷumbarīm	2	1
adjacent_vowels	avamaavaśeṣam	2	1
adjacent_vowels	avamaavaśeṣatas	2	1
adjacent_vowels	avamaavaśeṣāt	2	1
adjacent_vowels	avyaktaakuśalaaprakrtijña	2	1
adjacent_vowels	avāntareḷām	2	1
adjacent_vowels	avāntareḷāyā	2	1
adjacent_vowels	aṃśaanubandhaapavāhau	2	1
adjacent_vowels	aṅgulaātmakam	2	1
adjacent_vowels	aṅkaaikyam	2	1
adjacent_vowels	aṇudhānyarāśimānaānayanāya	2	1
adjacent_vowels	aṣāḷham	2	2
adjacent_vowels	baddhamaṇiāi	2	1
adjacent_vowels	bakuḷair	2	1
adjacent_vowels	baḷa	2	1
adjacent_vowels	baḷadarpitaḥ	2	1
adjacent_vowels	baḷiśāc	2	1
adjacent_vowels	baḷākaram	2	1
adjacent_vowels	baḷāś	2	1
adjacent_vowels	bhagaṇaādiśeṣavargam	2	1
adjacent_vowels	bhaktakāiasamayo	2	1
adjacent_vowels	bhartṛaṃśaṃ	2	2
adjacent_vowels	bhavantiiti	2	2
adjacent_vowels	bhikṣuṇīovādaka	2	1
adjacent_vowels	bhikṣuṇīovādakaṃ	2	1
adjacent_vowels	bhikṣuṇīovādakena	2	1
adjacent_vowels	bhikṣuṇīupāśrayaṃ	2	1
adjacent_vowels	bhittiantarbāhyakoṇasaṃlagnarāśipramāṇaānayanakaraṇasūtram	2	1
adjacent_vowels	bhujaūnā	2	1
adjacent_vowels	bhāantareṇa	2	1
adjacent_vowels	bhāgaanubandhabhāgaapavāhayos	2	1
adjacent_vowels	bravīmiupāyena	2	1
adjacent_vowels	brūteasti	2	1
adjacent_vowels	brūteatha	2	1
adjacent_vowels	bāḷaṃ	2	1
adjacent_vowels	bṛhannaḷeti	2	1
adjacent_vowels	bṛhannaḷā	2	1
adjacent_vowels	caaho	2	1
adjacent_vowels	caanadhyāye	2	1
adjacent_vowels	caannaṃ	2	2
adjacent_vowels	caanyad	2	1
adjacent_vowels	caanyenaapi	2	1
adjacent_vowels	caapi	2	1
adjacent_vowels	caaraṇye	2	1
adjacent_vowels	caasyaetāni	2	1
adjacent_vowels	caata	2	1
adjacent_vowels	caatraadhikā	2	1
adjacent_vowels	caau	2	1
adjacent_vowels	cadhāvayitvāācamyaaṅgāni	2	1
adjacent_vowels	caenoapamṛjyate	2	1
adjacent_vowels	caiava	2	1
adjacent_vowels	cakrakrauñcaākulitasalile	2	2
adjacent_vowels	candaṇasattacchaāsaṇṇaaṃ	2	1
adjacent_vowels	candraṛkṣagrahāḥ	2	2
adjacent_vowels	capalahṛdayae	2	1
adjacent_vowels	caraṇāvagnimīḷe	2	1
adjacent_vowels	caturbhujaantar	2	1
adjacent_vowels	cayaādigacchaabhihatis	2	1
adjacent_vowels	caālabhyaapa	2	1
adjacent_vowels	caātmanaḥ	2	2
adjacent_vowels	chandascitiuttare	2	1
adjacent_vowels	chāyāagraabhimukhe	2	1
adjacent_vowels	chāyāagraantaraguṇitā	2	1
adjacent_vowels	chāyāagraantaratulyā	2	1
adjacent_vowels	chāyāagrayos	2	1
adjacent_vowels	chāyāantareṇa	2	1
adjacent_vowels	chāyāaṅgulāni	2	1
adjacent_vowels	cia	2	1
adjacent_vowels	cihnitapuatakapāṭhaḥ	2	1
adjacent_vowels	cādhikaraṛam	2	1
adjacent_vowels	dakṣiṇāoarayoḥ	2	1
adjacent_vowels	daśaāhatas	2	2
adjacent_vowels	daḷitaparvataḥ	2	1
adjacent_vowels	daṃpratyayatāpratītyasamutpādānuiomāṃ	2	1
adjacent_vowels	deambhaaravārtikeṣu	2	1
adjacent_vowels	devabrahmaṛṣīn	2	2
adjacent_vowels	devadāruppiaṅgucūamallīlāṃ	2	1
adjacent_vowels	devaokam	2	2
adjacent_vowels	devaṛṣī	2	2
adjacent_vowels	dhanaṛṇe	2	1
adjacent_vowels	dharei	2	1
adjacent_vowels	dhāitāibhīḥ	2	1
adjacent_vowels	dramiḷair	2	1
adjacent_vowels	dramiḷarājānaṃ	2	1
adjacent_vowels	dramiḷeśvaram	2	1
adjacent_vowels	dramiḷās	2	1
adjacent_vowels	dramiḷāś	2	1
adjacent_vowels	dramiḷāḥ	2	1
adjacent_vowels	duḥkuḷīnatvam	2	1
adjacent_vowels	dviadhikais	2	1
adjacent_vowels	dviguṇauttaraādiphalaānayane	2	1
adjacent_vowels	dviguṇaādiuttaraviśeṣavargayutāt	2	1
adjacent_vowels	dviguṇaādiūnam	2	1
adjacent_vowels	dvitīyabhāagraantaravijñānena	2	1
adjacent_vowels	dvitīyanṛjalaantaraantareṇa	2	1
adjacent_vowels	dviūnam	2	1
adjacent_vowels	dāḍimīphalabillaphalasugandhivāaaṃ	2	1
adjacent_vowels	dāṛimaṃ	2	1
adjacent_vowels	dīpakaauccyam	2	1
adjacent_vowels	dīpaśikhaauccyāt	2	1
adjacent_vowels	dṛḷhā	2	1
adjacent_vowels	ekaantarakoṇau	2	1
adjacent_vowels	ekaapacitam	2	1
adjacent_vowels	ekasthānaantam	2	1
adjacent_vowels	ekauttaraādiupacites	2	1
adjacent_vowels	ekaādiaṅkayutis	2	1
adjacent_vowels	ekaādicayaaṅkaghātas	2	1
adjacent_vowels	ekaādicayaaṅkayos	2	1
adjacent_vowels	ekaādicayaaṅkānām	2	1
adjacent_vowels	ekaādiekauttarās	2	1
adjacent_vowels	ekaāḍyaāhatam	2	1
adjacent_vowels	enasaenasāvayajanam	2	2
adjacent_vowels	eo	2	2
adjacent_vowels	etae	2	2
adjacent_vowels	eulogises	2	1
adjacent_vowels	euādikarmikāṇāṃ	2	1
adjacent_vowels	evaagre	2	1
adjacent_vowels	evaeke	2	1
adjacent_vowels	eḷako	2	1
adjacent_vowels	eḷata	2	1
adjacent_vowels	garuāi	2	1
adjacent_vowels	girisaritsuranaraasuraādibhis	2	1
adjacent_vowels	giṛo	2	1
adjacent_vowels	grahaṛkṣāṇi	2	1
adjacent_vowels	grāsaūnaaikyauddhṛtau	2	1
adjacent_vowels	guarantees	2	1
adjacent_vowels	gurudinavikalāavaśeṣayuktaūnam	2	1
adjacent_vowels	guṇaghnamūlaūnayutasya	2	1
adjacent_vowels	guṇyaantyam	2	1
adjacent_vowels	gāiaṃ	2	1
adjacent_vowels	gṛhaagram	2	1
adjacent_vowels	gṛhiṇīalaṅkārapratisaṃyuktaṃ	2	1
adjacent_vowels	haraaṃśau	2	1
adjacent_vowels	havyavāḷ	2	2
adjacent_vowels	heḷanam	2	1
adjacent_vowels	heḷaḥ	2	1
adjacent_vowels	heḷo	2	1
adjacent_vowels	hiaattthaṃ	2	1
adjacent_vowels	hiaaṃ	2	1
adjacent_vowels	hitoadroheṇaevajīvecśuddha	2	1
adjacent_vowels	ieam	2	1
adjacent_vowels	indirānandakandaḷam	2	1
adjacent_vowels	indīvarakaḷaśyāmaṃ	2	1
adjacent_vowels	itaretaramūlaagragasūtrayutes	2	2
adjacent_vowels	iḷayā	2	1
adjacent_vowels	iḷaḥ	2	1
adjacent_vowels	iḷād	2	1
adjacent_vowels	iḷādadhasya	2	1
adjacent_vowels	iḷādadhāv	2	1
adjacent_vowels	iḷāmahai	2	1
adjacent_vowels	iḷāyai	2	1
adjacent_vowels	iḷāṃdam	2	1
adjacent_vowels	iṣṭaadhikaūnakena	2	1
adjacent_vowels	iṣṭabhagaṇaādiśeṣāt	2	1
adjacent_vowels	iṣṭaāhatam	2	1
adjacent_vowels	iṣṭaūnaāḍhyas	2	1
adjacent_vowels	jagādaahaṃ	2	1
adjacent_vowels	jaṇiaparisohiaṃ	2	1
adjacent_vowels	jihīḷate	2	1
adjacent_vowels	jyāutpattau	2	2
adjacent_vowels	jīviaṃ	2	1
adjacent_vowels	kahoḷāt	2	1
adjacent_vowels	kalāavaśeṣam	2	1
adjacent_vowels	kamalakalikāagram	2	2
adjacent_vowels	kartṛāṇāmupadeṣṭṛāṇāṃ	2	1
adjacent_vowels	karāḷo	2	1
adjacent_vowels	karāḷā	2	1
adjacent_vowels	kathayatievam	2	1
adjacent_vowels	khallamahallaakuśalaaprakṛtijño	2	1
adjacent_vowels	khaṇḍaghanaaikyena	2	1
adjacent_vowels	khaṛṇadhanaavyaktamadhyaharaṇa	2	1
adjacent_vowels	koṭikarṇaantaraāptam	2	1
adjacent_vowels	koṭiānayanam	2	1
adjacent_vowels	kraiḷinam	2	1
adjacent_vowels	krameṇaādhāyaāhutī	2	1
adjacent_vowels	kriyataeiti	2	1
adjacent_vowels	krīḷibhya	2	1
adjacent_vowels	krīḷibhyaḥ	2	1
adjacent_vowels	kullāīambayā	2	1
adjacent_vowels	kāaccāo	2	1
adjacent_vowels	kākagṛdhrabaḷaiś	2	1
adjacent_vowels	kātarae	2	1
adjacent_vowels	kāḷakeyās	2	1
adjacent_vowels	kāḷanemis	2	1
adjacent_vowels	kāḷo	2	1
adjacent_vowels	kāḷīkeyāḥ	2	1
adjacent_vowels	kīṛtiḥ	2	1
adjacent_vowels	kṛtiantaram	2	2
adjacent_vowels	kṣaṛate	2	1
adjacent_vowels	laghuābādhāūnitabhūmes	2	1
adjacent_vowels	lambaadhaskhaṇḍam	2	1
adjacent_vowels	lambalambaāśritabāhuvargaitiādinā	2	1
adjacent_vowels	lavaāḍhyaūnas	2	1
adjacent_vowels	liptāagram	2	2
adjacent_vowels	loḷayan	2	1
adjacent_vowels	loḷayitvā	2	1
adjacent_vowels	lāḷito	2	1
adjacent_vowels	madhyamaāharaṇam	2	1
adjacent_vowels	mahaiiasyāśītikasya	2	1
adjacent_vowels	mahallaapratijñaakuśalo	2	1
adjacent_vowels	mahābaḷāḥ	2	1
adjacent_vowels	mahādayāḷur	2	1
adjacent_vowels	mattagaaṇahacampiā	2	1
adjacent_vowels	maṅgaḷasaṃyutaiḥ	2	1
adjacent_vowels	menstruation	2	1
adjacent_vowels	mithyāetad	2	1
adjacent_vowels	miśraantare	2	1
adjacent_vowels	mudgaekabhāgaanvitam	2	1
adjacent_vowels	mukhaūnabhūmim	2	1
adjacent_vowels	mukhovāanyatraāsitvā	2	1
adjacent_vowels	muniā	2	2
adjacent_vowels	māḷavāḥ	2	1
adjacent_vowels	māṇikyaamalanīlamauktikamitis	2	1
adjacent_vowels	māṇikyaaṣṭakam	2	1
adjacent_vowels	mīḷhuṣa	2	1
adjacent_vowels	mṛdūtkīrṇagaḷatrikā	2	1
adjacent_vowels	mṛgaakṣi	2	2
adjacent_vowels	mṛḷā	2	1
adjacent_vowels	naadhīyīta	2	1
adjacent_vowels	naapsu	2	1
adjacent_vowels	naasmiñ	2	1
adjacent_vowels	naasti	2	1
adjacent_vowels	naevaabhiṣecyaḥ	2	1
adjacent_vowels	navaasraantakṣetrāṇām	2	1
adjacent_vowels	navaasraantam	2	1
adjacent_vowels	naātma	2	1
adjacent_vowels	naḷaṃ	2	1
adjacent_vowels	naḷo	2	1
adjacent_vowels	neivam	2	1
adjacent_vowels	ninditaḥśūdroaśvapāloaśva	2	1
adjacent_vowels	niḷīyutam	2	1
adjacent_vowels	niṛīkṣamāṇau	2	1
adjacent_vowels	niṛṛtir	2	1
adjacent_vowels	nāmnīyūati	2	1
adjacent_vowels	nānāratnamayotpalapadmakumudapuṇḍaṛīkākīrṇāni	2	1
adjacent_vowels	nānāṛṣiniṣevitam	2	1
adjacent_vowels	nārācanāḷīkavarāhakarṇāḥ	2	1
adjacent_vowels	nārāyaṇabaḷaṃ	2	1
adjacent_vowels	nāḷebhya	2	1
adjacent_vowels	nāḷāyanīṃ	2	1
adjacent_vowels	patatiity	2	1
adjacent_vowels	payāahutiṃ	2	1
adjacent_vowels	pañcaaṃśas	2	2
adjacent_vowels	paḍhamasiṇehavioo	2	1
adjacent_vowels	pearl	2	1
adjacent_vowels	phalaaikyaāḍhyam	2	1
adjacent_vowels	phalaānayane	2	1
adjacent_vowels	phaālgunyāṃ	2	1
adjacent_vowels	phaḷam	2	1
adjacent_vowels	phulliaṃ	2	1
adjacent_vowels	pitṛaṃśaṃ	2	2
adjacent_vowels	poison	2	1
adjacent_vowels	poounrdṛśyavastusaṃsthāne	2	1
adjacent_vowels	pouonastenaiva	2	1
adjacent_vowels	prabudhyataeiti	2	1
adjacent_vowels	pradīpaśaṅkuantarabhūmānaānayanāya	2	1
adjacent_vowels	prajvālyaagnaāyāhy	2	1
adjacent_vowels	praokṣaṇaṃ	2	1
adjacent_vowels	prathamakarṇaāśritabhujaghātaaikyam	2	1
adjacent_vowels	prathamakarṇaāśritabhujaghātaaikyena	2	1
adjacent_vowels	pratiaham	2	1
adjacent_vowels	pravāḷaḥ	2	1
adjacent_vowels	praḷayā	2	1
adjacent_vowels	presciptions	2	1
adjacent_vowels	prescriptions	2	1
adjacent_vowels	previous	2	1
adjacent_vowels	prāṇāir	2	1
adjacent_vowels	puroḷaśaḥ	2	1
adjacent_vowels	puroḷā	2	1
adjacent_vowels	puroḷāśavad	2	1
adjacent_vowels	puroḷāśe	2	1
adjacent_vowels	puroḷāśinya	2	1
adjacent_vowels	puroḷāśā	2	1
adjacent_vowels	puroḷāśāya	2	1
adjacent_vowels	puroḷāśāś	2	1
adjacent_vowels	puṛīṣeṇa	2	1
adjacent_vowels	pādakṣāḷinī	2	1
adjacent_vowels	pādauprakṣālyaācamyaāsane	2	1
adjacent_vowels	pāusasamaapavāso	2	1
adjacent_vowels	pāśaaṅkuśaahiḍamarūkakapālaśūlais	2	1
adjacent_vowels	pītvāācamyaācāmati	2	1
adjacent_vowels	pūrvaapare	2	1
adjacent_vowels	read	2	1
adjacent_vowels	renunciation	2	1
adjacent_vowels	rājaṛṣayaḥ	2	1
adjacent_vowels	rājaṛṣiḥ	2	2
adjacent_vowels	rājāhaalam	2	1
adjacent_vowels	rājāiti	2	2
adjacent_vowels	rāśiaṃśakalāvikalāśeṣāt	2	1
adjacent_vowels	rāśiādikalāādinā	2	1
adjacent_vowels	rāśiūnam	2	1
adjacent_vowels	rūoatrayam	2	1
adjacent_vowels	saarthas	2	2
adjacent_vowels	sadāevaabhivādanam	2	1
adjacent_vowels	sahaārakhajjūriaṃ	2	1
adjacent_vowels	samaāhvayas	2	1
adjacent_vowels	samūḷha	2	2
adjacent_vowels	samūḷhaḥ	2	1
adjacent_vowels	samūḷhād	2	1
adjacent_vowels	sanīḷā	2	1
adjacent_vowels	saptaṛṣīṃś	2	2
adjacent_vowels	sapuroḷāśena	2	1
adjacent_vowels	sapātāḷā	2	1
adjacent_vowels	saṃdhiādiānayanāya	2	1
adjacent_vowels	saṃkṣiptaakṣarakomalaamalapadais	2	1
adjacent_vowels	saṣoḷaśikeṣu	2	1
adjacent_vowels	sections	2	1
adjacent_vowels	see	2	1
adjacent_vowels	seem	2	2
adjacent_vowels	selupīluphapūriantaaṃ	2	1
adjacent_vowels	sirikhaṇḍaaigarutarumaṇḍiaṃ	2	1
adjacent_vowels	sumṛḷīkā	2	1
adjacent_vowels	svaardhapañcaaṃśanavamais	2	1
adjacent_vowels	svaaṃśayutaūnais	2	1
adjacent_vowels	svaaṃśaṛṇam	2	1
adjacent_vowels	svarāeṃ	2	1
adjacent_vowels	svaāvādhāvargaūnāt	2	1
adjacent_vowels	svaūrdhvas	2	1
adjacent_vowels	svaṛṇam	2	1
adjacent_vowels	svāhāiti	2	1
adjacent_vowels	syātsunaphaānaphaā	2	1
adjacent_vowels	sāmānyakaṛaṇavṛttiḥ	2	1
adjacent_vowels	sāmīciavarāā	2	1
adjacent_vowels	sūcīābādhālambabhujajñānaartham	2	1
adjacent_vowels	sūryaevaagnir	2	1
adjacent_vowels	sṛgāḷavāsudevo	2	1
adjacent_vowels	tasmāai	2	1
adjacent_vowels	tathāeva	2	2
adjacent_vowels	tatoanulomād	2	1
adjacent_vowels	tatrāāapy	2	1
adjacent_vowels	tatsaṅgāhlādaśītaḷe	2	1
adjacent_vowels	taḷam	2	1
adjacent_vowels	teaches	2	1
adjacent_vowels	tejaseindriyeṇa	2	2
adjacent_vowels	tejaādīnāṃ	2	1
adjacent_vowels	three	2	2
adjacent_vowels	tiḷāmi	2	1
adjacent_vowels	triadhikā	2	2
adjacent_vowels	triantyaāhatas	2	1
adjacent_vowels	triasraādi	2	1
adjacent_vowels	triasraādikānām	2	1
adjacent_vowels	triaṃśarūpa	2	1
adjacent_vowels	tribhāgaūnas	2	1
adjacent_vowels	trikaagras	2	1
adjacent_vowels	triādigrahayugagataānayanam	2	1
adjacent_vowels	triūnaadhimāsaśeṣāt	2	1
adjacent_vowels	tulyaaṅkās	2	1
adjacent_vowels	tādṛśae	2	1
adjacent_vowels	uapsaṃkramya	2	1
adjacent_vowels	uddhatyaavokṣyaakṣān	2	1
adjacent_vowels	ukthāādiutkṛtiparyantam	2	1
adjacent_vowels	ullāḷayan	2	1
adjacent_vowels	upadiṣīoādhikāriviśeṣavat	2	1
adjacent_vowels	uvāipāu	2	1
adjacent_vowels	vanditvāikānte	2	2
adjacent_vowels	vaoṣaḷ	2	1
adjacent_vowels	variant	2	2
adjacent_vowels	vaḷagṛdhrebhyaḥ	2	1
adjacent_vowels	vaṃśaagramūlaantarabhūmis	2	1
adjacent_vowels	vaṃśaagramūlaantarabhūmivargas	2	1
adjacent_vowels	version	2	2
adjacent_vowels	vetāḷaiś	2	1
adjacent_vowels	vetāḷāḥ	2	1
adjacent_vowels	vikalāavaśeṣam	2	2
adjacent_vowels	vikretṛṛṇāṃ	2	1
adjacent_vowels	vilāḷaḥ	2	1
adjacent_vowels	vistāraāyāmaaṅgulaghātas	2	1
adjacent_vowels	viśeṣaeena	2	1
adjacent_vowels	vrīḷitā	2	1
adjacent_vowels	vyūḷha	2	1
adjacent_vowels	vyūḷhasya	2	1
adjacent_vowels	vāagnihotram	2	1
adjacent_vowels	vāagnihotraṃ	2	1
adjacent_vowels	vāai	2	1
adjacent_vowels	vāasmai	2	1
adjacent_vowels	vānaprasthasyaevaanupūrvyam	2	1
adjacent_vowels	vāāpo'nnādyamevāsmāetatpurastātpratyagdadhātyamṛtamu	2	1
adjacent_vowels	vīḷu	2	1
adjacent_vowels	yaevaṃ	2	2
adjacent_vowels	yaiiakṣaṇapratisaṃvedino	2	1
adjacent_vowels	yathaṛtvijau	2	1
adjacent_vowels	yogaantaraāhatis	2	1
adjacent_vowels	you	2	2
adjacent_vowels	ābādhāādijñānāya	2	1
adjacent_vowels	ādiantayos	2	2
adjacent_vowels	ādīncaujjvālyaagnihotraṃhutvāāhavanīye	2	1
adjacent_vowels	āhaayaṃ	2	2
adjacent_vowels	āhaāḥ	2	1
adjacent_vowels	āiau	2	1
adjacent_vowels	ākhuriadantappahasantaaṃ	2	1
adjacent_vowels	ākṣveḷitamahāsvanam	2	1
adjacent_vowels	āotvā	2	2
adjacent_vowels	āue	2	1
adjacent_vowels	āśrayiaprabhāito	2	1
adjacent_vowels	āṃreḷayāt	2	1
adjacent_vowels	īavara	2	1
adjacent_vowels	īḷat	2	1
adjacent_vowels	īḷenya	2	1
adjacent_vowels	īḷenyo	2	1
adjacent_vowels	īḷita	2	1
adjacent_vowels	īḷiṣvāhi	2	1
adjacent_vowels	īḷāmahai	2	1
adjacent_vowels	śabaḷam	2	1
adjacent_vowels	śabaḷaṃ	2	1
adjacent_vowels	śaraūnāt	2	1
adjacent_vowels	śaṅkupradīpaantarahastās	2	1
adjacent_vowels	śeṣaantaraūnayuktam	2	1
adjacent_vowels	śiśupāḷo	2	1
adjacent_vowels	śrauṣaḷ	2	1
adjacent_vowels	śravaṇaadhaskhaṇḍam	2	1
adjacent_vowels	śrutaṛṣiḥ	2	2
adjacent_vowels	śrīindra	2	1
adjacent_vowels	śrīṛṣabhadevavākyāt	2	2
adjacent_vowels	śrīṛṣabhadevaḥ	2	2
adjacent_vowels	śṛī	2	1
adjacent_vowels	ūrdhvaadharakhaṇḍe	2	1
adjacent_vowels	ṇaabbhantaragholantīe	2	1
adjacent_vowels	ṇāapuṃṇāadāḍimavaraṇāḍambaraṃ	2	1
adjacent_vowels	ṛṇaābādhāudāharaṇam	2	1
adjacent_vowels	ṣaḷaham	2	1
adjacent_vowels	ṣaḷahas	2	1
adjacent_vowels	ṣaḷahā	2	1
adjacent_vowels	ṣaḷahās	2	1
adjacent_vowels	ṣaḷahāv	2	1
adjacent_vowels	ṣaḷahāś	2	1
adjacent_vowels	ṣaḷahāḥ	2	1
adjacent_vowels	ṣaḷarce	2	1
adjacent_vowels	ṣaḷā	2	1
adjacent_vowels	ṣaḷṛce	2	1
adjacent_vowels	ṣoḷaś	2	1
adjacent_vowels	ṣoḷaśabhir	2	1
adjacent_vowels	ṣoḷaśarātram	2	1
adjacent_vowels	ṣoḷaśau	2	1
adjacent_vowels	ṣoḷaśimac	2	1
adjacent_vowels	ṣoḷaśinam	2	1
adjacent_vowels	ṣoḷaśine	2	1
adjacent_vowels	ṣoḷaśinn	2	1
adjacent_vowels	'bhigamyāṛṇavo	1	1
adjacent_vowels	'dhivedyāabde	1	1
adjacent_vowels	'narthanivartakatāarthaprāpakatā	1	1
adjacent_vowels	'nayānupūrvyāuttarottarān	1	1
adjacent_vowels	'ndhramuralastrīmānamudrābhidoaḥ	1	1
adjacent_vowels	'pyāhaahaṃ	1	1
adjacent_vowels	'stvityakṣarāndadyāttataṛ	1	1
adjacent_vowels	'vatīirṇo	1	1
adjacent_vowels	'vyūḷhaḥ	1	1
adjacent_vowels	'ṣṭāu	1	1
adjacent_vowels	aabhibhūtās	1	1
adjacent_vowels	aacintyatvād	1	1
adjacent_vowels	aacīrṇabrahmacaryo	1	1
adjacent_vowels	aadharmaś	1	1
adjacent_vowels	aadrisāramayaṃ	1	1
adjacent_vowels	aadānto	1	1
adjacent_vowels	aaham	1	1
adjacent_vowels	aakṛtvā	1	1
adjacent_vowels	aamatsarā	1	1
adjacent_vowels	aamoghaḥ	1	1
adjacent_vowels	aamṛṣyamāṇas	1	1
adjacent_vowels	aanartho	1	1
adjacent_vowels	aanena	1	1
adjacent_vowels	aaneyas	1	1
adjacent_vowels	aanusārabhayād	1	1
adjacent_vowels	aanuyāsyāvahe	1	1
adjacent_vowels	aanvārohad	1	1
adjacent_vowels	aanvāvartāmahi	1	1
adjacent_vowels	aanyayā	1	1
adjacent_vowels	aanyonyaṃ	1	1
adjacent_vowels	aanyān	1	1
adjacent_vowels	aanārambhāt	1	1
adjacent_vowels	aapetaśastrasaṃnāhān	1	1
adjacent_vowels	aarjunārjuna	1	1
adjacent_vowels	aaroṣas	1	1
adjacent_vowels	aasaṃbhāvitarūpaṃ	1	1
adjacent_vowels	aasaṃśayaṃ	1	1
adjacent_vowels	aasmattas	1	1
adjacent_vowels	aasminn	1	1
adjacent_vowels	aaste	1	1
adjacent_vowels	aastram	1	1
adjacent_vowels	aasyāḥ	1	1
adjacent_vowels	aataḥ	1	1
adjacent_vowels	aathāviṣṭo	1	1
adjacent_vowels	aatihrasvātidīrghāś	1	1
adjacent_vowels	aatra	1	1
adjacent_vowels	aatyugrapratipiṣṭaiś	1	1
adjacent_vowels	aatāḍayac	1	1
adjacent_vowels	aavadhyaḥ	1	1
adjacent_vowels	aavatīrya	1	1
adjacent_vowels	aayaṃ	1	1
adjacent_vowels	aayutāni	1	1
adjacent_vowels	aaśaktaḥ	1	1
adjacent_vowels	aaśakyaṃ	1	1
adjacent_vowels	aaśobhetāṃ	1	1
adjacent_vowels	aaśraddheyam	1	1
adjacent_vowels	aaśvānāṃ	1	1
adjacent_vowels	abhiijña	1	1
adjacent_vowels	abhijayatiiti	1	1
adjacent_vowels	abhikrāntyāiti	1	1
adjacent_vowels	abhimatapuruṣasārvajñyasarvāiśvaryādiviparyayasādhanādiviruddhaḥ	1	1
adjacent_vowels	abhinayāstvanenaiava	1	1
adjacent_vowels	abhinihitasyaaturasya	1	1
adjacent_vowels	abhisaṃkṣipyaavatārabhūmir	1	1
adjacent_vowels	abhisaṃskārakṣanaiakṣaṇapadam	1	1
adjacent_vowels	abhivandyaāsana	1	1
adjacent_vowels	abhivādanāyaevauttiṣṭhed	1	1
adjacent_vowels	abhiyoktṛabhiyuktānāṃ	1	1
adjacent_vowels	abhyadhikaūnake	1	1
adjacent_vowels	abhyārūḷham	1	1
adjacent_vowels	abhāvea	1	1
adjacent_vowels	abhīṣṭaghnaguṇyaanvitavarjitas	1	1
adjacent_vowels	abravīit	1	1
adjacent_vowels	acchāa	1	1
adjacent_vowels	adatteṣuupayukteṣu	1	1
adjacent_vowels	additional	1	1
adjacent_vowels	adhanaātmakānām	1	1
adjacent_vowels	adharaūnam	1	1
adjacent_vowels	adhaslambajñānaartham	1	1
adjacent_vowels	adhaūrdhva	1	1
adjacent_vowels	adhaūrdhvavibhāgena	1	1
adjacent_vowels	adhikaagrabhāgahāram	1	1
adjacent_vowels	adhikaagrabhāgahārāt	1	1
adjacent_vowels	adhikaagrachedaguṇam	1	1
adjacent_vowels	adhikaagrachedahatam	1	1
adjacent_vowels	adhikamatprītiakarīty	1	1
adjacent_vowels	adhikaūnakās	1	1
adjacent_vowels	adhikaūnam	1	1
adjacent_vowels	adhikaūnayos	1	1
adjacent_vowels	adhikaūnā	1	1
adjacent_vowels	adhikaūnābhyām	1	1
adjacent_vowels	adhiśrityaadbhiḥ	1	1
adjacent_vowels	adhoadhah	1	1
adjacent_vowels	adhoadhahsthāh	1	1
adjacent_vowels	adhītyaā	1	1
adjacent_vowels	adhīyītaeva	1	1
adjacent_vowels	aekasminn	1	1
adjacent_vowels	aekasārthaṃ	1	1
adjacent_vowels	aetad	1	1
adjacent_vowels	aetadarthaṃ	1	1
adjacent_vowels	aetair	1	1
adjacent_vowels	aetat	1	1
adjacent_vowels	aetāvad	1	1
adjacent_vowels	aevaṃvidhā	1	1
adjacent_vowels	aeṣa	1	1
adjacent_vowels	agneu	1	1
adjacent_vowels	agniparipūṛṇām	1	1
adjacent_vowels	agniṣvuāttāś	1	1
adjacent_vowels	agnīiṣomau	1	1
adjacent_vowels	agnīnmadantyāpāiti	1	1
adjacent_vowels	agraantam	1	1
adjacent_vowels	agraantare	1	1
adjacent_vowels	agraantas	1	1
adjacent_vowels	agratalaaikya	1	1
adjacent_vowels	agreṇāano	1	1
adjacent_vowels	ahargaṇaādyam	1	1
adjacent_vowels	ahaṃpūurvikayā	1	1
adjacent_vowels	ahemavarṇaagnijayogavarṇaviśleṣabhaktas	1	1
adjacent_vowels	ahibilaantaram	1	1
adjacent_vowels	ahibilaantareṇa	1	1
adjacent_vowels	ahihūo	1	1
adjacent_vowels	aiau	1	1
adjacent_vowels	aikhohiaṃ	1	1
adjacent_vowels	airyāpathikaśāilpasthānikanairmāṇikāni	1	1
adjacent_vowels	ajaarkaudayāt	1	1
adjacent_vowels	ajo'jāāyata	1	1
adjacent_vowels	ajñānajñāu	1	1
adjacent_vowels	ajñātavarṇaagnijasaṃkhyayā	1	1
adjacent_vowels	akeadhnurdharaḥ	1	1
adjacent_vowels	akurviiti	1	1
adjacent_vowels	akuāśalāḥ	1	1
adjacent_vowels	akāraśakāraekāraiḥ	1	1
adjacent_vowels	akṣaagrayos	1	1
adjacent_vowels	akṣaaṃśakān	1	1
adjacent_vowels	akṣāuhiṇīṃ	1	1
adjacent_vowels	alabdhvāetad	1	1
adjacent_vowels	alpāgnikāmastīkṣṇorauīṣyustatrimadojñarave	1	1
adjacent_vowels	amanāāpadāyī	1	1
adjacent_vowels	amarādhiapasainyasaprabhaṃ	1	1
adjacent_vowels	amūhoāre	1	1
adjacent_vowels	amṛtarasavisaraavitaraṇamaraṇottāritasure	1	1
adjacent_vowels	anantarauktakṣetraantar	1	1
adjacent_vowels	anatarauddhṛtayutaūnam	1	1
adjacent_vowels	anayornāradaṛṣiśchandastūṣṇiganuṣṭubhau	1	1
adjacent_vowels	anekadhādarśanaartham	1	1
adjacent_vowels	anekaphalabhoktṛātvādvānarastu	1	1
adjacent_vowels	anekavarṇasamīkaraṇaantargatam	1	1
adjacent_vowels	anenaiava	1	1
adjacent_vowels	aniyataaṅkais	1	1
adjacent_vowels	annāa	1	1
adjacent_vowels	antaraadhikahīnam	1	1
adjacent_vowels	antaḥourikā	1	1
adjacent_vowels	anteathitīn	1	1
adjacent_vowels	anteatithīn	1	1
adjacent_vowels	antyayujūnaagrachedabhājite	1	1
adjacent_vowels	antyaādidhanajñānāya	1	1
adjacent_vowels	antyaādyapade	1	1
adjacent_vowels	antāi	1	1
adjacent_vowels	anubhavaīyaṃ	1	1
adjacent_vowels	anubhvaenoktanyāyena	1	1
adjacent_vowels	anugṛhyaācāryam	1	1
adjacent_vowels	anuktoapi	1	1
adjacent_vowels	anukūlasavitṛādi	1	1
adjacent_vowels	anupṛaptaḥ	1	1
adjacent_vowels	anutpannāityevamādi	1	1
adjacent_vowels	anutpannānāiḥ	1	1
adjacent_vowels	anuṣṭhīyatae	1	1
adjacent_vowels	anvāaha	1	1
adjacent_vowels	anvāananto	1	1
adjacent_vowels	anvāarabdhāyām	1	1
adjacent_vowels	anyaaṃśadvayahīnās	1	1
adjacent_vowels	anyadīyatapaādileśānāṃ	1	1
adjacent_vowels	anyakṛtiyutaūnas	1	1
adjacent_vowels	anyatamaānayanāya	1	1
adjacent_vowels	anyathaā	1	1
adjacent_vowels	anyatraapapātrebhyo	1	1
adjacent_vowels	anyatraapi	1	1
adjacent_vowels	anyatraekāhād	1	1
adjacent_vowels	anyavādīādihīnebhya	1	1
adjacent_vowels	anyoanyadṛśye	1	1
adjacent_vowels	anyonyahāraabhihatau	1	1
adjacent_vowels	anāadimat	1	1
adjacent_vowels	anādiantas	1	1
adjacent_vowels	anāditaeva	1	1
adjacent_vowels	anādṛtyāucityaṃ	1	1
adjacent_vowels	anāryavapaiśunapratiṣiddhāacāreṣv	1	1
adjacent_vowels	anāvṛṣṭāgnibhayakṛdanarthanṛpavigrahaṛ	1	1
adjacent_vowels	aojasvinn	1	1
adjacent_vowels	aoṣadhike	1	1
adjacent_vowels	apacchāiṃ	1	1
adjacent_vowels	apareahani	1	1
adjacent_vowels	apareṇaagniṃ	1	1
adjacent_vowels	aparimitajñānāiśvaryaśaktiḥ	1	1
adjacent_vowels	apaṇyoobhaviṣyanti	1	1
adjacent_vowels	apekṣayāiva	1	1
adjacent_vowels	aprāptipraṣaṅgapratidṛṛṣṭāntānutpattisaṃśayaprakaraṇahetvarthā	1	1
adjacent_vowels	apīaramokṣasukharūpāyety	1	1
adjacent_vowels	ardhaadhikam	1	1
adjacent_vowels	ardhaaṃśais	1	1
adjacent_vowels	ardhahārārdhakeyūraardhakuṇḍalakarṇine	1	1
adjacent_vowels	ardhamāseardhamāse	1	1
adjacent_vowels	ardhavaktraantaravargayuktāt	1	1
adjacent_vowels	ardhaāhatām	1	1
adjacent_vowels	ardhaānayanam	1	1
adjacent_vowels	ardhaūnake	1	1
adjacent_vowels	ardhaūnasya	1	1
adjacent_vowels	arikariharaṇaartham	1	1
adjacent_vowels	arirmṛtyuaś	1	1
adjacent_vowels	arjunatree	1	1
adjacent_vowels	arkaagrā	1	1
adjacent_vowels	arkaantarasthitas	1	1
adjacent_vowels	arkaaṅgulasaṃmitasya	1	1
adjacent_vowels	arkakṣīrāktayāṛkāgnāv	1	1
adjacent_vowels	arkamitaaṅgulasya	1	1
adjacent_vowels	arkamitaaṅgulā	1	1
adjacent_vowels	arkamitaaṅgulās	1	1
adjacent_vowels	arkaniśāakarau	1	1
adjacent_vowels	arkaādyās	1	1
adjacent_vowels	artenapariṣiñcāmiiti	1	1
adjacent_vowels	arthasyaāharaṇaṃ	1	1
adjacent_vowels	arthenaasinā	1	1
adjacent_vowels	arthāu	1	1
adjacent_vowels	asamaaṅkais	1	1
adjacent_vowels	asamyaaktvam	1	1
adjacent_vowels	asasiaṃ	1	1
adjacent_vowels	asaūdgatadantadīdhitiḥ	1	1
adjacent_vowels	asaṃskāṛtaṃ	1	1
adjacent_vowels	aspaṣṭaphalaānayane	1	1
adjacent_vowels	astaantaraghaṭikābhis	1	1
adjacent_vowels	astaantaranāḍikābhis	1	1
adjacent_vowels	astiiti	1	1
adjacent_vowels	asuraāsa	1	1
adjacent_vowels	asurāstaeṣu	1	1
adjacent_vowels	asvīkuṛvāṇā	1	1
adjacent_vowels	asyaācāryā	1	1
adjacent_vowels	asyāa	1	1
adjacent_vowels	asyātiṛjumater	1	1
adjacent_vowels	asyāudarodbhavān	1	1
adjacent_vowels	ataevaikam	1	1
adjacent_vowels	ataevam	1	1
adjacent_vowels	ataevambhūtasya	1	1
adjacent_vowels	ataevaupaniṣadaḥ	1	1
adjacent_vowels	ataeveśvaram	1	1
adjacent_vowels	ataevobhayathāpi	1	1
adjacent_vowels	ataevopadiṣṭam	1	1
adjacent_vowels	ataevotpattikaiḥ	1	1
adjacent_vowels	ataevottarakhaṇḍe	1	1
adjacent_vowels	ataevottarapadyam	1	1
adjacent_vowels	ataevottaratrapadye	1	1
adjacent_vowels	ataevābhedadṛṣṭivacanaṃ	1	1
adjacent_vowels	ataevābhyām	1	1
adjacent_vowels	ataevābudhaḥ	1	1
adjacent_vowels	ataevādhikaṃ	1	1
adjacent_vowels	ataevādhunikeṣu	1	1
adjacent_vowels	ataevāgamādāv	1	1
adjacent_vowels	ataevāham	1	1
adjacent_vowels	ataevāhuḥ	1	1
adjacent_vowels	ataevājñair	1	1
adjacent_vowels	ataevājāmilasyānyadāpi	1	1
adjacent_vowels	ataevākrūreṇa	1	1
adjacent_vowels	ataevākuṭilamūḍhānāṃ	1	1
adjacent_vowels	ataevāmṛtavapur	1	1
adjacent_vowels	ataevānadhikāryadhikāriviṣayatva	1	1
adjacent_vowels	ataevānandamātram	1	1
adjacent_vowels	ataevānantaraṃ	1	1
adjacent_vowels	ataevānantaḥ	1	1
adjacent_vowels	ataevāniṣṭaśaṅkāyā	1	1
adjacent_vowels	ataevāntarhite	1	1
adjacent_vowels	ataevānyasukhaduḥkhanairapekṣyeṇaiva	1	1
adjacent_vowels	ataevānyatra	1	1
adjacent_vowels	ataevānyatrāy	1	1
adjacent_vowels	ataevānyeṣu	1	1
adjacent_vowels	ataevānyeṣām	1	1
adjacent_vowels	ataevānādaro'pi	1	1
adjacent_vowels	ataevāpareyam	1	1
adjacent_vowels	ataevāparimitacatuṣpadavigāhe'pi	1	1
adjacent_vowels	ataevāparādhānumānāpravṛtter	1	1
adjacent_vowels	ataevāsadaṃśasya	1	1
adjacent_vowels	ataevāsyā	1	1
adjacent_vowels	ataevāsyāṃ	1	1
adjacent_vowels	ataevāsām	1	1
adjacent_vowels	ataevātattvavidaḥ	1	1
adjacent_vowels	ataevātiśayoktināmālaṅkārasya	1	1
adjacent_vowels	ataevāvasaraviśeṣaṃ	1	1
adjacent_vowels	ataevāvatārāntarakathāyā	1	1
adjacent_vowels	ataevāvaśyakapūjyānām	1	1
adjacent_vowels	ataevāvidyāvimokṣa	1	1
adjacent_vowels	ataevāvyayam	1	1
adjacent_vowels	ataevāvyākṛtasaṃjñaṃ	1	1
adjacent_vowels	ataevāyaṃ	1	1
adjacent_vowels	ataevāṇimādiprāptir	1	1
adjacent_vowels	ataevāṣṭame	1	1
adjacent_vowels	ataūrdhvam	1	1
adjacent_vowels	ataūrdhvaṃ	1	1
adjacent_vowels	athaahar	1	1
adjacent_vowels	athaanyeṣu	1	1
adjacent_vowels	athaapa	1	1
adjacent_vowels	athaaparam	1	1
adjacent_vowels	athaasmai	1	1
adjacent_vowels	athaatas	1	1
adjacent_vowels	athaaśuci	1	1
adjacent_vowels	athaekārṣyā	1	1
adjacent_vowels	athaetan	1	1
adjacent_vowels	atharvaṛgyajuḥ	1	1
adjacent_vowels	atharvaṛgyajuḥsāmnāṃ	1	1
adjacent_vowels	athāniṣṭhitae	1	1
adjacent_vowels	athāsauāḥ	1	1
adjacent_vowels	athātaṛ	1	1
adjacent_vowels	atirātrao	1	1
adjacent_vowels	atisatkṛtāapi	1	1
adjacent_vowels	atithirbālakaścaīva	1	1
adjacent_vowels	atiṛjataḥ	1	1
adjacent_vowels	atulyakarṇaabhihatis	1	1
adjacent_vowels	atītaaiṣyau	1	1
adjacent_vowels	auccyaāhatam	1	1
adjacent_vowels	audumbaroakṛṣṭa	1	1
adjacent_vowels	aurantaambehi	1	1
adjacent_vowels	avadyeṣvabhayadarśiatā	1	1
adjacent_vowels	avagāhyaācamya	1	1
adjacent_vowels	avakraā	1	1
adjacent_vowels	avakraānirvraṇāḥ	1	1
adjacent_vowels	avalambakaāhatām	1	1
adjacent_vowels	avalekhanāniiti	1	1
adjacent_vowels	avalīḷhābhiḥ	1	1
adjacent_vowels	avamaavaśeṣavargam	1	1
adjacent_vowels	avamaavaśeṣavargas	1	1
adjacent_vowels	avaokate	1	1
adjacent_vowels	avargaakṣarāṇi	1	1
adjacent_vowels	avarāi	1	1
adjacent_vowels	avarṇasaṃyogenaeke	1	1
adjacent_vowels	avatārāvaībījatvam	1	1
adjacent_vowels	avatīṛno	1	1
adjacent_vowels	aviditaagnijam	1	1
adjacent_vowels	aviplutae	1	1
adjacent_vowels	avoat	1	1
adjacent_vowels	avokṣyaagnim	1	1
adjacent_vowels	avyaktaantarabhaktam	1	1
adjacent_vowels	avyaktavargaādi	1	1
adjacent_vowels	avyaktāsaktaetasām	1	1
adjacent_vowels	avāacayat	1	1
adjacent_vowels	avṛṣaaṭidaścaranbhaumo	1	1
adjacent_vowels	ayantaidhmaātmājātavedastene	1	1
adjacent_vowels	añjalināapo	1	1
adjacent_vowels	añjanabindumaoharaiḥ	1	1
adjacent_vowels	aābaddhā	1	1
adjacent_vowels	aācāryaṃ	1	1
adjacent_vowels	aādir	1	1
adjacent_vowels	aādityodayavarṇasya	1	1
adjacent_vowels	aāhus	1	1
adjacent_vowels	aāhūyatāṃ	1	1
adjacent_vowels	aājñāpya	1	1
adjacent_vowels	aākacaṭatapayāḥ	1	1
adjacent_vowels	aākṣi	1	1
adjacent_vowels	aātmajāṃs	1	1
adjacent_vowels	aāturasya	1	1
adjacent_vowels	aāvābhyāṃ	1	1
adjacent_vowels	aīśvaram	1	1
adjacent_vowels	aīṣac	1	1
adjacent_vowels	aśaktoapyagraṃ	1	1
adjacent_vowels	aśeṣaṛtvik	1	1
adjacent_vowels	aśokapūeṇimādivrataṃ	1	1
adjacent_vowels	aśubhaa	1	1
adjacent_vowels	aśvayujaādyās	1	1
adjacent_vowels	aśvaādimaulyāni	1	1
adjacent_vowels	aśvaṛkṣamukhāḥ	1	1
adjacent_vowels	aśvinyāamarkato	1	1
adjacent_vowels	aśyāantam	1	1
adjacent_vowels	aūrustambhagṛhītāś	1	1
adjacent_vowels	aḍviṃśatitattvapoakṣābhiprāyaḥ	1	1
adjacent_vowels	aṃśaantaram	1	1
adjacent_vowels	aṃśaanubandham	1	1
adjacent_vowels	aṃśaāhatis	1	1
adjacent_vowels	aṃśaśeṣaūnas	1	1
adjacent_vowels	aṅguṣṭhamāulārpitasūtraśeṣā	1	1
adjacent_vowels	aṅguṣṭhāgreṇaaśmānamadhitiṣṭhet	1	1
adjacent_vowels	aṣaaṭottarasahasraṃ	1	1
adjacent_vowels	aṣkuñcakaparia	1	1
adjacent_vowels	aṣṭaasre	1	1
adjacent_vowels	aṣṭaaṃśahīnam	1	1
adjacent_vowels	aṣṭaaṃśahīnau	1	1
adjacent_vowels	aṣṭaaṃśakas	1	1
adjacent_vowels	aṣṭaaṃśena	1	1
adjacent_vowels	aṣṭaaṃśeṣu	1	1
adjacent_vowels	aṣṭaaṃśā	1	1
adjacent_vowels	aṣṭaaṅgulā	1	1
adjacent_vowels	aṣṭamyāaṃ	1	1
adjacent_vowels	aṣṭādaśaanvitās	1	1
adjacent_vowels	aṣṭādaśaaṃśas	1	1
adjacent_vowels	aṣṭādaśaaṃśayutas	1	1
adjacent_vowels	aṣṭādaśaaṅgulam	1	1
adjacent_vowels	aṣṭādaśaaṣṭadvikasaṃmitānām	1	1
adjacent_vowels	badaradvīipaḥ	1	1
adjacent_vowels	baddhvāstreṇāmṛtīkuṛyād	1	1
adjacent_vowels	bahalaare	1	1
adjacent_vowels	bahiraṅgaaśaktimayebhyo'ntaraṅgaśaktitaṭasthaśakti	1	1
adjacent_vowels	bahūniuteva	1	1
adjacent_vowels	bakavargaiā	1	1
adjacent_vowels	baladaṛpitaḥ	1	1
adjacent_vowels	balarūpayouvanairna	1	1
adjacent_vowels	bamboo	1	1
adjacent_vowels	bei	1	1
adjacent_vowels	bhaapakramas	1	1
adjacent_vowels	bhadrāśoa	1	1
adjacent_vowels	bhagavatāeva	1	1
adjacent_vowels	bhagavāan	1	1
adjacent_vowels	bhagavāṃstenoasaṃkrāntaḥ	1	1
adjacent_vowels	bhagaṇaādidinajaśeṣauddhṛtam	1	1
adjacent_vowels	bhagaṇaādiśeṣam	1	1
adjacent_vowels	bhagaṇaādyam	1	1
adjacent_vowels	bhajecchidāeṃśaistairmiśrai	1	1
adjacent_vowels	bhaktisvābhāvikabhūtaakāruṇyaguṇenāpy	1	1
adjacent_vowels	bhaktiyogasayacaraatvād	1	1
adjacent_vowels	bhaktyantarbhūtatayiava	1	1
adjacent_vowels	bhaktyābhīṣaaṭārthamādṛtaḥ	1	1
adjacent_vowels	bhakṛitavān	1	1
adjacent_vowels	bhakṣayatiiti	1	1
adjacent_vowels	bhakṣayecchiṣaayakaḥ	1	1
adjacent_vowels	bhakṣyairbhojyaiśaaca	1	1
adjacent_vowels	bhamarayaūm	1	1
adjacent_vowels	bharadvājāa	1	1
adjacent_vowels	bhavannikaṭamānītavānasmiiti	1	1
adjacent_vowels	bhavantaścatruaṅgaṃ	1	1
adjacent_vowels	bhavatiiti	1	1
adjacent_vowels	bhavatuiti	1	1
adjacent_vowels	bhaviṣyatiiti	1	1
adjacent_vowels	bhaviṣyatio	1	1
adjacent_vowels	bhavyāity	1	1
adjacent_vowels	bhaādigaḥ	1	1
adjacent_vowels	bhaāvartās	1	1
adjacent_vowels	bhaītaḥ	1	1
adjacent_vowels	bhaṇiaṃ	1	1
adjacent_vowels	bhaṇijjii	1	1
adjacent_vowels	bhaṇio	1	1
adjacent_vowels	bhaṛśaṃ	1	1
adjacent_vowels	bhiandiṣṭho	1	1
adjacent_vowels	bhiikṣuṇyām	1	1
adjacent_vowels	bhikṣuasaṃghaṃ	1	1
adjacent_vowels	bhikṣuasṃghastraimāsyaṃ	1	1
adjacent_vowels	bhikṣunīupāśrayaṃ	1	1
adjacent_vowels	bhikṣurāarannirvāṇasyocyate	1	1
adjacent_vowels	bhikṣuṇīovādakehi	1	1
adjacent_vowels	bhikṣuṇīupāśraye	1	1
adjacent_vowels	bhikṣvao	1	1
adjacent_vowels	bhikṣāṃbhikṣitvāambu	1	1
adjacent_vowels	bhikṣūṇīupāśrayaṃ	1	1
adjacent_vowels	bhinnaparikarmaaṣṭaka	1	1
adjacent_vowels	bhinnavargaādau	1	1
adjacent_vowels	bhittiantarbāhyakoṇastharāśes	1	1
adjacent_vowels	bhittiantarvāhyakoṇagas	1	1
adjacent_vowels	bhogadvāreeṣv	1	1
adjacent_vowels	bhojaai	1	1
adjacent_vowels	bhojayāinam	1	1
adjacent_vowels	bhoktavyāeka	1	1
adjacent_vowels	bhrāatā	1	1
adjacent_vowels	bhrātṛṛn	1	1
adjacent_vowels	bhrātṛṛṇāṃ	1	1
adjacent_vowels	bhuaṃgendrasamānasāre	1	1
adjacent_vowels	bhujakoṭiantaram	1	1
adjacent_vowels	bhujakoṭikarṇaānayane	1	1
adjacent_vowels	bhujakṛtiantarabhūhṛtahīnayutā	1	1
adjacent_vowels	bhujaānayanam	1	1
adjacent_vowels	bhuktaadhimāsadinahīnais	1	1
adjacent_vowels	bhuktvāamṛta	1	1
adjacent_vowels	bhuktvāekāpacayenāparapakṣam	1	1
adjacent_vowels	bhuñjīita	1	1
adjacent_vowels	bhuñjītaanavaśeṣam	1	1
adjacent_vowels	bhuñjītaanyatmūla	1	1
adjacent_vowels	bhāgaanubandhe	1	1
adjacent_vowels	bhāgaapavāhanam	1	1
adjacent_vowels	bhāgaapavāhavidhinā	1	1
adjacent_vowels	bhāgahāraartham	1	1
adjacent_vowels	bhāgahārachedaaṃśau	1	1
adjacent_vowels	bhāgakalāvikalāaikyam	1	1
adjacent_vowels	bhāgavataātmārāmaḥ	1	1
adjacent_vowels	bhāgavatāatmārāmaḥ	1	1
adjacent_vowels	bhāgaādikam	1	1
adjacent_vowels	bhāgaūnayutena	1	1
adjacent_vowels	bhāgaūnena	1	1
adjacent_vowels	bhāgīrathīpulinamaṇaaḍale	1	1
adjacent_vowels	bhārgavaṛṣeḥ	1	1
adjacent_vowels	bhāryāmāhaanena	1	1
adjacent_vowels	bhāryāṛthāya	1	1
adjacent_vowels	bhāskaraācāryaviracitāyām	1	1
adjacent_vowels	bhāvanāheyakleāśaprahāṇaṃ	1	1
adjacent_vowels	bhūa	1	1
adjacent_vowels	bhūbhāgaaprahāreṇa	1	1
adjacent_vowels	bhūdivasaūnās	1	1
adjacent_vowels	bhūmelaukikenāopi	1	1
adjacent_vowels	bhūmisaṃcāravaiarāgyatasteṣāṃ	1	1
adjacent_vowels	bhūmivrīhiyavājāvyaśvaṛṣabhadhenvanaḍuhaś	1	1
adjacent_vowels	bhūmyāmāadīptāyāṃ	1	1
adjacent_vowels	bhūpālaa	1	1
adjacent_vowels	bhūtavaiciatryaṃ	1	1
adjacent_vowels	bhūyādabhūdabhaviṣaayallādāvetāni	1	1
adjacent_vowels	bilaagratas	1	1
adjacent_vowels	biḍambiā	1	1
adjacent_vowels	bodhāī	1	1
adjacent_vowels	boliu	1	1
adjacent_vowels	brahmacāriṇiity	1	1
adjacent_vowels	brahmacāriṇoatithīn	1	1
adjacent_vowels	brahmaguptaādyais	1	1
adjacent_vowels	brahmamaī	1	1
adjacent_vowels	brahmaālaṅkāreṇālaṅkṛto	1	1
adjacent_vowels	brahmaāpnoti	1	1
adjacent_vowels	brahmaāśritya	1	1
adjacent_vowels	brahmaśirāeṅkitā	1	1
adjacent_vowels	brahmaṇoanyan	1	1
adjacent_vowels	brahmaṛṣeraṃse	1	1
adjacent_vowels	brahmaṛṣīn	1	1
adjacent_vowels	brahmaṝṣayo	1	1
adjacent_vowels	bravīmiajñātakulaśīlasya	1	1
adjacent_vowels	bravīmianāgatavidhātā	1	1
adjacent_vowels	bravīmiavyāpareṣu	1	1
adjacent_vowels	bravīmiaṅgāṅgibhāvam	1	1
adjacent_vowels	bravīmiutapanneṣv	1	1
adjacent_vowels	bravīmiutpannām	1	1
adjacent_vowels	bravīmiātmapakṣaṃ	1	1
adjacent_vowels	bravīmiātmaupamyena	1	1
adjacent_vowels	brought	1	1
adjacent_vowels	brāhmaṇasyaadhyayana	1	1
adjacent_vowels	brāhmaṇasyaadhyayanam	1	1
adjacent_vowels	brāhmaṇasyaanātyaya	1	1
adjacent_vowels	brāhmaṇasyaeva	1	1
adjacent_vowels	brāhmaṇasyaāśramāś	1	1
adjacent_vowels	brāhmaṇenaeva	1	1
adjacent_vowels	brāhmaṇāu	1	1
adjacent_vowels	brāhmyādikramea	1	1
adjacent_vowels	brūtealam	1	1
adjacent_vowels	brūteanujīvināṃ	1	1
adjacent_vowels	brūteanyaṃ	1	1
adjacent_vowels	brūteastv	1	1
adjacent_vowels	brūteetat	1	1
adjacent_vowels	brūteiha	1	1
adjacent_vowels	brūteupāyaḥ	1	1
adjacent_vowels	brūteāvāṃ	1	1
adjacent_vowels	brūteāḥ	1	1
adjacent_vowels	buddhatatsaṃghayiorapi	1	1
adjacent_vowels	buddhavacanamitie	1	1
adjacent_vowels	buddhādanyio	1	1
adjacent_vowels	budhaahni	1	1
adjacent_vowels	bālaa	1	1
adjacent_vowels	bāndhavajanoaḥ	1	1
adjacent_vowels	bīaṅkaḥ	1	1
adjacent_vowels	caabhayavācaṃ	1	1
adjacent_vowels	caabhimukho	1	1
adjacent_vowels	caabhojanam	1	1
adjacent_vowels	caabhyagrāyāṃ	1	1
adjacent_vowels	caadharmaś	1	1
adjacent_vowels	caadhikaṃ	1	1
adjacent_vowels	caadhyāpanaṃ	1	1
adjacent_vowels	caagantā	1	1
adjacent_vowels	caagnau	1	1
adjacent_vowels	caagnim	1	1
adjacent_vowels	caagnīn	1	1
adjacent_vowels	caagraṃ	1	1
adjacent_vowels	caainaṃ	1	1
adjacent_vowels	caaivānadhīyānāḥ	1	1
adjacent_vowels	caakālam	1	1
adjacent_vowels	caamuṣmiṃl	1	1
adjacent_vowels	caamātṛkasya	1	1
adjacent_vowels	caan	1	1
adjacent_vowels	caanapatyaḥ	1	1
adjacent_vowels	caanirdaśāyāḥ	1	1
adjacent_vowels	caanne	1	1
adjacent_vowels	caantareṇa	1	1
adjacent_vowels	caantarvatnīḥ	1	1
adjacent_vowels	caanulomaḥpitur	1	1
adjacent_vowels	caanuvākyaṃ	1	1
adjacent_vowels	caanyam	1	1
adjacent_vowels	caanyasmin	1	1
adjacent_vowels	caanye	1	1
adjacent_vowels	caanyena	1	1
adjacent_vowels	caanyeṣu	1	1
adjacent_vowels	caanyāṃ	1	1
adjacent_vowels	caanāgamād	1	1
adjacent_vowels	caapara	1	1
adjacent_vowels	caapatyasya	1	1
adjacent_vowels	caapitṛkasya	1	1
adjacent_vowels	caaprayataḥ	1	1
adjacent_vowels	caasmai	1	1
adjacent_vowels	caasmin	1	1
adjacent_vowels	caasmād	1	1
adjacent_vowels	caatad	1	1
adjacent_vowels	caatadguṇāyaucchiṣṭam	1	1
adjacent_vowels	caatithayaḥ	1	1
adjacent_vowels	caatyādhānaṃ	1	1
adjacent_vowels	caatīrthe	1	1
adjacent_vowels	caaupāsanam	1	1
adjacent_vowels	caavarodhe	1	1
adjacent_vowels	caavidhinā	1	1
adjacent_vowels	caavidvān	1	1
adjacent_vowels	caavikramaṇaṃ	1	1
adjacent_vowels	caavāk	1	1
adjacent_vowels	caaṅgīkṛtya	1	1
adjacent_vowels	caekarātraṃ	1	1
adjacent_vowels	caeke	1	1
adjacent_vowels	caekādaśa	1	1
adjacent_vowels	caekāham	1	1
adjacent_vowels	caenayoḥ	1	1
adjacent_vowels	caeteṣām	1	1
adjacent_vowels	caeteṣāṃ	1	1
adjacent_vowels	caevam	1	1
adjacent_vowels	caeṣa	1	1
adjacent_vowels	caeṣāṃ	1	1
adjacent_vowels	caia	1	1
adjacent_vowels	caiatasikī	1	1
adjacent_vowels	caitatkartṛāṇāṃ	1	1
adjacent_vowels	caitraśuklaādes	1	1
adjacent_vowels	caivaottarāgragāḥ	1	1
adjacent_vowels	cakraābhighāraṇaṃ	1	1
adjacent_vowels	cakraāhvo	1	1
adjacent_vowels	cakraāśca	1	1
adjacent_vowels	cakraāṅkitatanūruham	1	1
adjacent_vowels	cakṣuḥśrītrābhyāmātmabhāvaparikaṛṣaṇaṃ	1	1
adjacent_vowels	candaṇataruo	1	1
adjacent_vowels	candraarkadinabhogāt	1	1
adjacent_vowels	candrasūryaābhā	1	1
adjacent_vowels	candraābhā	1	1
adjacent_vowels	candrārdhdakṛtaśaekharam	1	1
adjacent_vowels	candrārkaṛkṣaśaktiryā	1	1
adjacent_vowels	caoktā	1	1
adjacent_vowels	caolūkhale	1	1
adjacent_vowels	capoṣayitvāagnihotra	1	1
adjacent_vowels	catasṛbhiḥsvadhāiti	1	1
adjacent_vowels	catruaṅgaṃ	1	1
adjacent_vowels	catruāryasatyasamprativedhikī	1	1
adjacent_vowels	caturbhujaphalaānayanāya	1	1
adjacent_vowels	caturcaraṇaakṣarasaṃkhyakān	1	1
adjacent_vowels	caturdaśaayāṃ	1	1
adjacent_vowels	caturdaśaaṃśas	1	1
adjacent_vowels	caturdaśaaṅgulā	1	1
adjacent_vowels	caturdviekayutau	1	1
adjacent_vowels	caturghnavyāsaāhatam	1	1
adjacent_vowels	caturthaaṃśas	1	1
adjacent_vowels	caturvargaaṅgulās	1	1
adjacent_vowels	catuḥṣaṣṭhyadhiakadviśatatamo	1	1
adjacent_vowels	catuṛthyetānākārān	1	1
adjacent_vowels	catuṣkaagras	1	1
adjacent_vowels	catuṣṭayabhujaūnaghātāt	1	1
adjacent_vowels	catvaṛy	1	1
adjacent_vowels	cayaādigacchān	1	1
adjacent_vowels	cañcalaakṣi	1	1
adjacent_vowels	caā	1	1
adjacent_vowels	caācamya	1	1
adjacent_vowels	caācārya	1	1
adjacent_vowels	caācāryavad	1	1
adjacent_vowels	caādadāty	1	1
adjacent_vowels	caādhim	1	1
adjacent_vowels	caādityasya	1	1
adjacent_vowels	caādityaṃ	1	1
adjacent_vowels	caājyaṃ	1	1
adjacent_vowels	caālambhe	1	1
adjacent_vowels	caāpadarthe	1	1
adjacent_vowels	caāryānśucīn	1	1
adjacent_vowels	caārṣeṇa	1	1
adjacent_vowels	caātmano	1	1
adjacent_vowels	caāvasathān	1	1
adjacent_vowels	caāyurveda	1	1
adjacent_vowels	caīpsan	1	1
adjacent_vowels	caīvaṃ	1	1
adjacent_vowels	caīṣāmeṣo	1	1
adjacent_vowels	caūrdhva	1	1
adjacent_vowels	caūrdhvau	1	1
adjacent_vowels	cchandacittayoirādhikyātsūtraṃ	1	1
adjacent_vowels	ccia	1	1
adjacent_vowels	cecchūām	1	1
adjacent_vowels	centaīkṛtya	1	1
adjacent_vowels	cetoaṃśūn	1	1
adjacent_vowels	chabdavācyasambandhivyāpāraviśeṣābhidhāyia	1	1
adjacent_vowels	chandascitiuttaram	1	1
adjacent_vowels	chandascitiādau	1	1
adjacent_vowels	chariot	1	1
adjacent_vowels	chattrāṇinaeva	1	1
adjacent_vowels	chedaaṃśaghātas	1	1
adjacent_vowels	chedaaṃśakās	1	1
adjacent_vowels	chedaaṃśayos	1	1
adjacent_vowels	cheā	1	1
adjacent_vowels	childhood	1	1
adjacent_vowels	chittvāaprāṇa	1	1
adjacent_vowels	chooses	1	1
adjacent_vowels	chāyāabhidhām	1	1
adjacent_vowels	chāyāadhikāras	1	1
adjacent_vowels	chāyāagracandravivaram	1	1
adjacent_vowels	chāyāagravivaram	1	1
adjacent_vowels	chāyāantaram	1	1
adjacent_vowels	chāyāantare	1	1
adjacent_vowels	chāyāantān	1	1
adjacent_vowels	chāyāavayavena	1	1
adjacent_vowels	chāyāaṅgulais	1	1
adjacent_vowels	chāyāpradīpaantaram	1	1
adjacent_vowels	chāyāpradīpatalaantarapramāṇam	1	1
adjacent_vowels	chāyāpramāṇaantarahṛt	1	1
adjacent_vowels	chāyāpramāṇaantareṇa	1	1
adjacent_vowels	ciatyataruṃ	1	1
adjacent_vowels	cihniapustakatrayapāṭhaḥ	1	1
adjacent_vowels	cihnitaopustakapāṭhaḥ	1	1
adjacent_vowels	cihnitapsuatakapāṭhaḥ	1	1
adjacent_vowels	cikīṛṣitam	1	1
adjacent_vowels	cintayāmāsaanena	1	1
adjacent_vowels	cintāśruniḥśvāsavaiavarṇyocchvāsadīnatāḥ	1	1
adjacent_vowels	cities	1	1
adjacent_vowels	cittacaritaā	1	1
adjacent_vowels	cittacaīttāḥ	1	1
adjacent_vowels	cittaviprayuktāucyante	1	1
adjacent_vowels	conception	1	1
adjacent_vowels	conversion	1	1
adjacent_vowels	cougraiḥ	1	1
adjacent_vowels	creatures	1	1
adjacent_vowels	cucuhuñcūkaraūṃhūṃ	1	1
adjacent_vowels	cāaha	1	1
adjacent_vowels	cābhuktvāanicayāya	1	1
adjacent_vowels	cāhaastv	1	1
adjacent_vowels	cāpaānayanāya	1	1
adjacent_vowels	cāpaūnanighnaparidhis	1	1
adjacent_vowels	cāruparvamanaoramaḥ	1	1
adjacent_vowels	cāsvakiavanti	1	1
adjacent_vowels	cātvālotkaraśāmitrovadhyagohāstāvāagnīdhrīyācchāvākavādaṃ	1	1
adjacent_vowels	cāupadhikā	1	1
adjacent_vowels	cāupaniṣadīr	1	1
adjacent_vowels	cāurvo	1	1
adjacent_vowels	cīṛṇāḥ	1	1
adjacent_vowels	cūṛnahastāḥ	1	1
adjacent_vowels	dadhikraāvṇoti	1	1
adjacent_vowels	dadāmiity	1	1
adjacent_vowels	dadātii	1	1
adjacent_vowels	dahanādyudbhavae	1	1
adjacent_vowels	daivacoditoacintayat	1	1
adjacent_vowels	dakṣia	1	1
adjacent_vowels	dakṣiṇaot	1	1
adjacent_vowels	dakṣiṇenaaryamṇaḥ	1	1
adjacent_vowels	dakṣorddhvasphaāṭikīṃ	1	1
adjacent_vowels	dalavargaūnā	1	1
adjacent_vowels	darbheṣuūtara	1	1
adjacent_vowels	darbhīyagarbhaagrasutīkṣṇabuddhis	1	1
adjacent_vowels	darśaāgocareṇa	1	1
adjacent_vowels	dattvāannādyair	1	1
adjacent_vowels	dattvāuddhṛtair	1	1
adjacent_vowels	dattāani	1	1
adjacent_vowels	datvāaraṇyam	1	1
adjacent_vowels	dauarmanasyasya	1	1
adjacent_vowels	dauarmanasyaṃ	1	1
adjacent_vowels	dauarmanasyendriyaṃ	1	1
adjacent_vowels	dauhitraṛtvigjāmātṛsvastrīyāḥ	1	1
adjacent_vowels	daśaetānsatya	1	1
adjacent_vowels	daśamaaṃśas	1	1
adjacent_vowels	daśanodbhāsatiānanā	1	1
adjacent_vowels	daśapañcakaraṇīantaram	1	1
adjacent_vowels	daśarūpaāḍhyās	1	1
adjacent_vowels	daśatālapramāṇaena	1	1
adjacent_vowels	daśavaṛṣāyuṣāṃ	1	1
adjacent_vowels	daśavistṛtivṛttaantar	1	1
adjacent_vowels	daśaāhatam	1	1
adjacent_vowels	daśaāḍhyās	1	1
adjacent_vowels	daśaūnitās	1	1
adjacent_vowels	daśāarathātmajāgrataḥ	1	1
adjacent_vowels	daśābaāḥ	1	1
adjacent_vowels	daṛśanaheyāḥ	1	1
adjacent_vowels	daṛśanaprahātavyam	1	1
adjacent_vowels	deeveṣūpapattirbhaviṣyatīti	1	1
adjacent_vowels	dehasyādhiṣṭhātṛdaśaanupraveśo	1	1
adjacent_vowels	deity	1	1
adjacent_vowels	determination	1	1
adjacent_vowels	deulākhyo	1	1
adjacent_vowels	devadattao	1	1
adjacent_vowels	devadattasyaitead	1	1
adjacent_vowels	devarṣipitṛṛṇānām	1	1
adjacent_vowels	devasvalobhaniratāñjananāśakartṛānatrānayadhvamaparādhaparāṃśca	1	1
adjacent_vowels	devatyāi	1	1
adjacent_vowels	devatānubhāvādanatikṣīṇavarmaāvakāśā	1	1
adjacent_vowels	devatātāa	1	1
adjacent_vowels	devatāśatasahasraiṛ	1	1
adjacent_vowels	devatāṛddhiṃ	1	1
adjacent_vowels	devatāṛṣisādhubhiḥ	1	1
adjacent_vowels	devaśuśraūṣikā	1	1
adjacent_vowels	devaṛṣabha	1	1
adjacent_vowels	devaṛṣer	1	1
adjacent_vowels	devaṛṣisaṃghaniṣevite	1	1
adjacent_vowels	devaṛṣiḥ	1	1
adjacent_vowels	devaṛṣīṃs	1	1
adjacent_vowels	devaṛṣīṇāṃ	1	1
adjacent_vowels	devāasurāntsapatnānbhrātṛvyāndigbhyo'nudanta	1	1
adjacent_vowels	devānbrahmaṛṣīṃścaiva	1	1
adjacent_vowels	devātithiarcanakṛte	1	1
adjacent_vowels	deśakāavibhāgaḥ	1	1
adjacent_vowels	deśakālāadyapekṣaṇam	1	1
adjacent_vowels	deśāntaraviyogātmaodāharaṇaṃ	1	1
adjacent_vowels	dhairyānmuniṛṣyaśrṛṅgaḥ	1	1
adjacent_vowels	dhanaavyaktavargatrayam	1	1
adjacent_vowels	dhanaavyaktayugmam	1	1
adjacent_vowels	dhanaavyaktayugmāt	1	1
adjacent_vowels	dhanalabdhiartham	1	1
adjacent_vowels	dhanaātmakānām	1	1
adjacent_vowels	dhanaātmikām	1	1
adjacent_vowels	dhanaṛṇatāvyatyayam	1	1
adjacent_vowels	dhanaṛṇaśūnyam	1	1
adjacent_vowels	dhanaṛṇaṣaṣvidham	1	1
adjacent_vowels	dhaninoaḥ	1	1
adjacent_vowels	dharmadhātuarnityaṃ	1	1
adjacent_vowels	dharmajñānakṣānteranantaramatraia	1	1
adjacent_vowels	dharmatāaprātilambhikaṃ	1	1
adjacent_vowels	dharmavegapṛaptā	1	1
adjacent_vowels	dharmaīḥ	1	1
adjacent_vowels	dharmādiśreyāavahān	1	1
adjacent_vowels	dhavalīṛkte	1	1
adjacent_vowels	dhvajāekuśadhanurdharam	1	1
adjacent_vowels	dhyāneṣui	1	1
adjacent_vowels	dhyātvāākāśavat	1	1
adjacent_vowels	dhyāyedāeṅkārakhyaṃ	1	1
adjacent_vowels	dhānyaādike	1	1
adjacent_vowels	dhānyaāditaulyeṣu	1	1
adjacent_vowels	dhānyoa	1	1
adjacent_vowels	dhānyāalolupā	1	1
adjacent_vowels	dhātue	1	1
adjacent_vowels	dhūpairdīpaiśaaca	1	1
adjacent_vowels	dhṛitḥ	1	1
adjacent_vowels	dinaaṃśas	1	1
adjacent_vowels	dinaeṣv	1	1
adjacent_vowels	dinagataśeṣaaṃśahṛtam	1	1
adjacent_vowels	dinajabhagaṇaādiśeṣam	1	1
adjacent_vowels	dineapare	1	1
adjacent_vowels	disagreement	1	1
adjacent_vowels	division	1	1
adjacent_vowels	divāādityaḥ	1	1
adjacent_vowels	diśoaḥ	1	1
adjacent_vowels	does	1	1
adjacent_vowels	doesnt	1	1
adjacent_vowels	doskoṭiantaravargeṇa	1	1
adjacent_vowels	double	1	1
adjacent_vowels	draṣṭṛalakṣakaiḥ	1	1
adjacent_vowels	dream	1	1
adjacent_vowels	duhia	1	1
adjacent_vowels	duhitṛṛṇām	1	1
adjacent_vowels	dukkhāiṃ	1	1
adjacent_vowels	durjanasyāuṣadhaṃ	1	1
adjacent_vowels	durvaṛṇo	1	1
adjacent_vowels	durvāsaādeḥ	1	1
adjacent_vowels	duḥkhiuto	1	1
adjacent_vowels	duḥkhāṛtā	1	1
adjacent_vowels	dvaitavanaīje	1	1
adjacent_vowels	dvayorakuśaladharmahānayeapi	1	1
adjacent_vowels	dveatān	1	1
adjacent_vowels	dveāsanaprajñaptī	1	1
adjacent_vowels	dviadhika	1	1
adjacent_vowels	dviadhikam	1	1
adjacent_vowels	dviadhikas	1	1
adjacent_vowels	dviagram	1	1
adjacent_vowels	dviagras	1	1
adjacent_vowels	dviantaravargeṇa	1	1
adjacent_vowels	dviarañ	1	1
adjacent_vowels	dviatrikau	1	1
adjacent_vowels	dvichedaagram	1	1
adjacent_vowels	dviependraḥ	1	1
adjacent_vowels	dviguṇaantyanighnas	1	1
adjacent_vowels	dviguṇaavalambakavibhaktas	1	1
adjacent_vowels	dviguṇaādiśeṣavargam	1	1
adjacent_vowels	dvijaiardaṣṭaṃ	1	1
adjacent_vowels	dvijarājaṛṣīṇāṃ	1	1
adjacent_vowels	dvikaagras	1	1
adjacent_vowels	dvikaaṣṭamityos	1	1
adjacent_vowels	dvinavatiūnam	1	1
adjacent_vowels	dviparyāsua	1	1
adjacent_vowels	dvitaīyādiṣu	1	1
adjacent_vowels	dvitriaṣṭasaṃkhyāguṇakas	1	1
adjacent_vowels	dvitriekamitais	1	1
adjacent_vowels	dvitriādikānām	1	1
adjacent_vowels	dvitīayaṃ	1	1
adjacent_vowels	dvitīyachāyāagrabhūmānam	1	1
adjacent_vowels	dvitīyakarṇaartham	1	1
adjacent_vowels	dvitīyakarṇajñānaartham	1	1
adjacent_vowels	dvitīyasamaāhvayas	1	1
adjacent_vowels	dvitīyayāantarikṣyāṃs	1	1
adjacent_vowels	dviādi	1	1
adjacent_vowels	dviādigrahasaṃyogāt	1	1
adjacent_vowels	dviādikānām	1	1
adjacent_vowels	dviādinighnam	1	1
adjacent_vowels	dviśaphaikaśaphaāṃstathā	1	1
adjacent_vowels	dviūna	1	1
adjacent_vowels	dviūnena	1	1
adjacent_vowels	dviūnāt	1	1
adjacent_vowels	dvyūḷho	1	1
adjacent_vowels	dvādaśaasram	1	1
adjacent_vowels	dvādaśaaśris	1	1
adjacent_vowels	dvādaśaaṅgulas	1	1
adjacent_vowels	dvādaśaaṅgulaśaṅkubhā	1	1
adjacent_vowels	dvādaśaetāni	1	1
adjacent_vowels	dvādaśaāḍhyas	1	1
adjacent_vowels	dvārakaāprajānām	1	1
adjacent_vowels	dvārakāukasaḥ	1	1
adjacent_vowels	dvāraātmānaṃ	1	1
adjacent_vowels	dvāu	1	1
adjacent_vowels	dvāṣaṣṭibhikṣuasahasraparivṛtaḥ	1	1
adjacent_vowels	dvīpiṛkṣamukhaistathā	1	1
adjacent_vowels	dyuaur	1	1
adjacent_vowels	dyāvāpṛthivīiha	1	1
adjacent_vowels	dāeṣṭiviṣayikaṃ	1	1
adjacent_vowels	dāheaśani	1	1
adjacent_vowels	dāityāḥ	1	1
adjacent_vowels	dāracāuryaṃ	1	1
adjacent_vowels	dāreṇaanuvratam	1	1
adjacent_vowels	dāroa	1	1
adjacent_vowels	dāsaāḥ	1	1
adjacent_vowels	dīpaaucyam	1	1
adjacent_vowels	dīpakaaucyam	1	1
adjacent_vowels	dīpakaśikhaauccyāt	1	1
adjacent_vowels	dīpanaraantaram	1	1
adjacent_vowels	dīpaucchritiānayanāya	1	1
adjacent_vowels	dīpaśikhaauccyam	1	1
adjacent_vowels	dīptāikā	1	1
adjacent_vowels	dīrghāayuś	1	1
adjacent_vowels	dīyantae	1	1
adjacent_vowels	dūtaāhūtas	1	1
adjacent_vowels	dūupo	1	1
adjacent_vowels	dṛaṣṭṛdṛśyānusandhānarūpā	1	1
adjacent_vowels	dṛāṭvā	1	1
adjacent_vowels	dṛśyajātiudāharaṇam	1	1
adjacent_vowels	dṛśyajātiśeṣajātiviśleṣajātiādau	1	1
adjacent_vowels	dṛḍhapratyayoaḥ	1	1
adjacent_vowels	dṛṣṭiauccyaguṇā	1	1
adjacent_vowels	dṛṣṭioprāptaḥ	1	1
adjacent_vowels	dṛṣṭiśīlavṛataparāmarśau	1	1
adjacent_vowels	dṛṣṭiṛjjujukaraṇāccāviparītārthagrahaṇataḥ	1	1
adjacent_vowels	dṛṣṭāntapaaripāṭīm	1	1
adjacent_vowels	ea	1	1
adjacent_vowels	eaighajhaḍhadhabhavāḥ	1	1
adjacent_vowels	eamarṣitair	1	1
adjacent_vowels	eaprāpnuvan	1	1
adjacent_vowels	eavākirañ	1	1
adjacent_vowels	eaśvatthāmā	1	1
adjacent_vowels	eaṃ	1	1
adjacent_vowels	eekāgramanaso	1	1
adjacent_vowels	eendrajihvāyai	1	1
adjacent_vowels	eendravyūhasya	1	1
adjacent_vowels	eendre	1	1
adjacent_vowels	eendreśeśānayormadhye	1	1
adjacent_vowels	eendrā	1	1
adjacent_vowels	eendrāgnividisormadhye	1	1
adjacent_vowels	eendrānbhogāṃściraṃ	1	1
adjacent_vowels	eendrī	1	1
adjacent_vowels	ehibhikṣukāe	1	1
adjacent_vowels	eidhiṣīdṛśaṃ	1	1
adjacent_vowels	eiti	1	1
adjacent_vowels	ekaagrahṛtāni	1	1
adjacent_vowels	ekaagras	1	1
adjacent_vowels	ekaavyaktam	1	1
adjacent_vowels	ekaaṃśaśeṣatulyas	1	1
adjacent_vowels	ekabhāgaanvitam	1	1
adjacent_vowels	ekadvikaagrau	1	1
adjacent_vowels	ekaekam	1	1
adjacent_vowels	ekakālapriyādūtaāhūtas	1	1
adjacent_vowels	ekaravicandrabhagaṇaūnam	1	1
adjacent_vowels	ekasyeiva	1	1
adjacent_vowels	ekatraeva	1	1
adjacent_vowels	ekauttaraaṅkānām	1	1
adjacent_vowels	ekaviṃśaaṃśayuk	1	1
adjacent_vowels	ekaādi	1	1
adjacent_vowels	ekaādibhis	1	1
adjacent_vowels	ekaādiguravas	1	1
adjacent_vowels	ekaādigurubhedān	1	1
adjacent_vowels	ekaādiguṇitena	1	1
adjacent_vowels	ekaādinighnena	1	1
adjacent_vowels	ekaādirasasaṃyogena	1	1
adjacent_vowels	ekaādisaṃkalitamitakaraṇīkhaṇḍāni	1	1
adjacent_vowels	ekaādyam	1	1
adjacent_vowels	ekaādīnām	1	1
adjacent_vowels	ekaūnayā	1	1
adjacent_vowels	ekoadhvānaṃ	1	1
adjacent_vowels	ekādaśaagrakam	1	1
adjacent_vowels	ekādaśaanteṣu	1	1
adjacent_vowels	ekādaśaaṃśas	1	1
adjacent_vowels	ekātapoatrāṃ	1	1
adjacent_vowels	etacchīṛnapatro	1	1
adjacent_vowels	etacchṛātvā	1	1
adjacent_vowels	etasyāaṃ	1	1
adjacent_vowels	etenaantevāsino	1	1
adjacent_vowels	eteuktvā	1	1
adjacent_vowels	etāvannūityetāvaddhīti	1	1
adjacent_vowels	eu	1	1
adjacent_vowels	evaa	1	1
adjacent_vowels	evaagni	1	1
adjacent_vowels	evaagniṃ	1	1
adjacent_vowels	evaaham	1	1
adjacent_vowels	evaahaṃ	1	1
adjacent_vowels	evaajasrā	1	1
adjacent_vowels	evaanadhyāyaḥ	1	1
adjacent_vowels	evaanne	1	1
adjacent_vowels	evaanyat	1	1
adjacent_vowels	evaanyathā	1	1
adjacent_vowels	evaanyeṣām	1	1
adjacent_vowels	evaapara	1	1
adjacent_vowels	evaayaṃ	1	1
adjacent_vowels	evaitasmāatiṣṭhata	1	1
adjacent_vowels	evamapoi	1	1
adjacent_vowels	evamaṣṭāṅgualavinyāsa	1	1
adjacent_vowels	evamuttarottaravāṛddhiprasaṇṅgenaitāḥ	1	1
adjacent_vowels	evamādiatulabalaparākramair	1	1
adjacent_vowels	evaācakṣīta	1	1
adjacent_vowels	evaācamana	1	1
adjacent_vowels	evaādhāya	1	1
adjacent_vowels	evaṃvādīu	1	1
adjacent_vowels	evaṛṣir	1	1
adjacent_vowels	evābhilāṣātiśaātmako	1	1
adjacent_vowels	evānyatraa	1	1
adjacent_vowels	evāsua	1	1
adjacent_vowels	evāurasaḥ	1	1
adjacent_vowels	eā	1	1
adjacent_vowels	eṣaeṣa	1	1
adjacent_vowels	gaccaādi	1	1
adjacent_vowels	gacchakṣayaantam	1	1
adjacent_vowels	gadāarisarasjaśaṅkhais	1	1
adjacent_vowels	gaia	1	1
adjacent_vowels	gajapatiruruśailaśṛṅgavaṛṣmā	1	1
adjacent_vowels	gajāu	1	1
adjacent_vowels	gamayantiiti	1	1
adjacent_vowels	gandhaghrāṇarasāsvādanaspraṣṭavyaspaṛśanānāṃ	1	1
adjacent_vowels	gandhapuṣaapākṣatacchatracāmarāndolikaṃ	1	1
adjacent_vowels	gandharvaṛṣayaś	1	1
adjacent_vowels	gantavāu	1	1
adjacent_vowels	gantumarhatiiti	1	1
adjacent_vowels	gardabhaṛśyabhāsānāṃ	1	1
adjacent_vowels	gataadhimāsās	1	1
adjacent_vowels	gataavamāni	1	1
adjacent_vowels	gatabhagaṇaūnāt	1	1
adjacent_vowels	gatasyaapi	1	1
adjacent_vowels	gatiantareṇa	1	1
adjacent_vowels	gatihetujñāpanāṛtham	1	1
adjacent_vowels	gatvāamedhyaṃ	1	1
adjacent_vowels	gatvāanyāṃś	1	1
adjacent_vowels	gatāopratyāgateśca	1	1
adjacent_vowels	gatāyaagurave	1	1
adjacent_vowels	gauatama	1	1
adjacent_vowels	gautamasyānubhāo	1	1
adjacent_vowels	gavuaṃta	1	1
adjacent_vowels	gaṅgapālaṛṣibhūtasya	1	1
adjacent_vowels	gaṇakaānandakārakam	1	1
adjacent_vowels	gaṇitaadhyāyas	1	1
adjacent_vowels	gaṇitaarṇavasya	1	1
adjacent_vowels	gaṇḍātigaṇḍayāīḥ	1	1
adjacent_vowels	ghaaḥ	1	1
adjacent_vowels	ghalliu	1	1
adjacent_vowels	ghanaākhyam	1	1
adjacent_vowels	ghanātyayaṛtor	1	1
adjacent_vowels	ghaṇapupphiā	1	1
adjacent_vowels	ghaṇṭāḍamarukiṅkaṇīaṭṭāṭṭahāse	1	1
adjacent_vowels	ghaṛtaṃ	1	1
adjacent_vowels	ghaṛtāktarjuhuyādvahnau	1	1
adjacent_vowels	ghaṭikāavayavena	1	1
adjacent_vowels	ghoarmo	1	1
adjacent_vowels	ghorakaṛmāṇo	1	1
adjacent_vowels	ghoṣaviāśeṣa	1	1
adjacent_vowels	ghṛtapiṇḍāan	1	1
adjacent_vowels	giriucchrāyas	1	1
adjacent_vowels	goagnayah	1	1
adjacent_vowels	goajāmahiṣīvarjaṃ	1	1
adjacent_vowels	goajāśvamṛgapakṣiṣu	1	1
adjacent_vowels	goak	1	1
adjacent_vowels	goaśvānāṃ	1	1
adjacent_vowels	gobrāhmaṇaśuśrūṣaāṃ	1	1
adjacent_vowels	goikulavāsināṃ	1	1
adjacent_vowels	golaantargataghanaphaladarśanāya	1	1
adjacent_vowels	gotrāṇyuacyante	1	1
adjacent_vowels	grahaabhimukham	1	1
adjacent_vowels	grahaahargaṇayos	1	1
adjacent_vowels	grahaantarāt	1	1
adjacent_vowels	grahaaṃśās	1	1
adjacent_vowels	grahayajñastathaā	1	1
adjacent_vowels	grathiteadhas	1	1
adjacent_vowels	grāhyatāśaktihāniī	1	1
adjacent_vowels	grāhyaābhāve	1	1
adjacent_vowels	grāmeantaḥśave	1	1
adjacent_vowels	grāsaūnaguṇau	1	1
adjacent_vowels	grāsaūnam	1	1
adjacent_vowels	grāsaūnayogalabdhau	1	1
adjacent_vowels	grāsaūne	1	1
adjacent_vowels	grīvāayāṃ	1	1
adjacent_vowels	grīvāgniṛkṣe	1	1
adjacent_vowels	grīṣmaṛtavaḥ	1	1
adjacent_vowels	guatamīye	1	1
adjacent_vowels	gulikāantareṇa	1	1
adjacent_vowels	guruakṣarāṇi	1	1
adjacent_vowels	guruaṃ	1	1
adjacent_vowels	gurubhartṛāṇāmājñāmullaṅghayanti	1	1
adjacent_vowels	guruācāryanṛpādīnāṃ	1	1
adjacent_vowels	guruṇāanujñāto	1	1
adjacent_vowels	guṇakaantaravargabhājitā	1	1
adjacent_vowels	guṇitaaṅkānām	1	1
adjacent_vowels	guṇormīāṃ	1	1
adjacent_vowels	guṇyaiṣṭavadhaūnayutas	1	1
adjacent_vowels	gāihayā	1	1
adjacent_vowels	gāyaneairgīyate	1	1
adjacent_vowels	gāḍhāndhakārāśaaca	1	1
adjacent_vowels	gīaṃ	1	1
adjacent_vowels	gītairvādyaiśaaca	1	1
adjacent_vowels	gṛhaauccyam	1	1
adjacent_vowels	gṛhabhittiagram	1	1
adjacent_vowels	gṛhapuruṣaantarasalile	1	1
adjacent_vowels	gṛhasthaāvānaprasthayatidharmnirupaṇaṃ	1	1
adjacent_vowels	gṛhasthoanāhitāgnir	1	1
adjacent_vowels	gṛhasthoapi	1	1
adjacent_vowels	gṛhasthoapisnānādi	1	1
adjacent_vowels	gṛhatalaantarajālabhos	1	1
adjacent_vowels	gṛhatoyaantaram	1	1
adjacent_vowels	gṛhiṇīalaṅkāraṃ	1	1
adjacent_vowels	gṛhītvāekakāle	1	1
adjacent_vowels	gṛhṇantvetāājāñjalīn	1	1
adjacent_vowels	gṛhṇāmiiti	1	1
adjacent_vowels	gṛhṇātuiti	1	1
adjacent_vowels	gṛāmu	1	1
adjacent_vowels	haeṣv	1	1
adjacent_vowels	hainamamuṣmiṃlokeṛkṣite	1	1
adjacent_vowels	hariṛ	1	1
adjacent_vowels	hasaphaāgniniśādhīśāḥdvitīyaṃ	1	1
adjacent_vowels	hastaātmakam	1	1
adjacent_vowels	hasteṣuudapātra	1	1
adjacent_vowels	hastādipañcaṛkṣāṇi	1	1
adjacent_vowels	hatasyaātma	1	1
adjacent_vowels	hatthagaaṃ	1	1
adjacent_vowels	havirgrahiṣyaṃstasmāevaitānnihnute	1	1
adjacent_vowels	hetuādibhir	1	1
adjacent_vowels	himaṛtāvapi	1	1
adjacent_vowels	himoṣaaṇakarayoḥ	1	1
adjacent_vowels	hiraṇaayagarbharūpa	1	1
adjacent_vowels	hitāvatīṛnasya	1	1
adjacent_vowels	hoam	1	1
adjacent_vowels	hoi	1	1
adjacent_vowels	homaṃhutvāaraṇyādi	1	1
adjacent_vowels	homāad	1	1
adjacent_vowels	horāīśās	1	1
adjacent_vowels	householders	1	1
adjacent_vowels	hutvāagnaye	1	1
adjacent_vowels	hutvāagni	1	1
adjacent_vowels	hutvāagnīn	1	1
adjacent_vowels	hutvāannam	1	1
adjacent_vowels	hutvāapo	1	1
adjacent_vowels	hutvāeva	1	1
adjacent_vowels	hutvāājya	1	1
adjacent_vowels	hyadṛṣṭaṛtavastathā	1	1
adjacent_vowels	hyahaṅkāāravivarjitā	1	1
adjacent_vowels	hāeṃmātkauśikairmadhumiśritaiḥ	1	1
adjacent_vowels	hāikāraḥ	1	1
adjacent_vowels	hāiṃ	1	1
adjacent_vowels	hāraaṃśayos	1	1
adjacent_vowels	hārakṣepaapavartanena	1	1
adjacent_vowels	hāukāraḥ	1	1
adjacent_vowels	hāvayitvāagniṃ	1	1
adjacent_vowels	hīnaagrachedabhājitas	1	1
adjacent_vowels	hīnavarṇākṛośane	1	1
adjacent_vowels	hīyamāeṣu	1	1
adjacent_vowels	hīīgovarṇaḥ	1	1
adjacent_vowels	hṛnnābhīguhyaūrutaḥ	1	1
adjacent_vowels	hṛtayutaūnam	1	1
adjacent_vowels	hṛṛṣīkeśas	1	1
adjacent_vowels	ia	1	1
adjacent_vowels	iabhante	1	1
adjacent_vowels	iahaikeṣām	1	1
adjacent_vowels	iam	1	1
adjacent_vowels	iare	1	1
adjacent_vowels	iaukikalokottaraviśeṣaprārthanayā	1	1
adjacent_vowels	iavāpavargam	1	1
adjacent_vowels	iem	1	1
adjacent_vowels	iicchavir	1	1
adjacent_vowels	iiśvarakṛṣṇena	1	1
adjacent_vowels	imaū	1	1
adjacent_vowels	imāe	1	1
adjacent_vowels	imāoṣadhayo	1	1
adjacent_vowels	indriayr	1	1
adjacent_vowels	indriyādipravṛttaau	1	1
adjacent_vowels	induuccāt	1	1
adjacent_vowels	instructions	1	1
adjacent_vowels	itiādividhinā	1	1
adjacent_vowels	itoaḥ	1	1
adjacent_vowels	itthiajaṇasāmaṇṇaṃ	1	1
adjacent_vowels	ityadaraahura	1	1
adjacent_vowels	ityvāṛtamapi	1	1
adjacent_vowels	ityādityāyaato	1	1
adjacent_vowels	iuvarṇo	1	1
adjacent_vowels	iuvarṇābhyāṃ	1	1
adjacent_vowels	ivaenam	1	1
adjacent_vowels	ivaiakaprayojyāni	1	1
adjacent_vowels	ivaitei	1	1
adjacent_vowels	ivaācāryam	1	1
adjacent_vowels	ivāevābhāvāt	1	1
adjacent_vowels	ivāmarādhīaph	1	1
adjacent_vowels	ivāurasam	1	1
adjacent_vowels	iā	1	1
adjacent_vowels	iābhasatkārakīrtiślokakāmaḥ	1	1
adjacent_vowels	iātmanaḥ	1	1
adjacent_vowels	iīkhachaṭhathapharāḥ	1	1
adjacent_vowels	iṣaavāsatomarau	1	1
adjacent_vowels	iṣūun	1	1
adjacent_vowels	iṣṭaadhikā	1	1
adjacent_vowels	iṣṭaalparāśivargau	1	1
adjacent_vowels	iṣṭaapakramaguṇitām	1	1
adjacent_vowels	iṣṭaapakramavargam	1	1
adjacent_vowels	iṣṭaavamaśeṣāt	1	1
adjacent_vowels	iṣṭabhagaṇaādiśeṣam	1	1
adjacent_vowels	iṣṭagṛhaauccyajñas	1	1
adjacent_vowels	iṣṭakaraṇīūnāyās	1	1
adjacent_vowels	iṣṭakarmaākhyavidhes	1	1
adjacent_vowels	iṣṭakāucchrayahṛtucchritis	1	1
adjacent_vowels	iṣṭavyāsaādibhyas	1	1
adjacent_vowels	iṣṭayutaūnam	1	1
adjacent_vowels	iṣṭayutaūnena	1	1
adjacent_vowels	iṣṭayutaūnāt	1	1
adjacent_vowels	iṣṭaāhatasvasvatakṣaṇam	1	1
adjacent_vowels	iṣṭaāhatā	1	1
adjacent_vowels	iṣṭaāptyos	1	1
adjacent_vowels	iṣṭaūnam	1	1
adjacent_vowels	iṣṭaūnaphala	1	1
adjacent_vowels	iṣṭaūnasaṃyutā	1	1
adjacent_vowels	iṣṭaūnayujrāśivadhas	1	1
adjacent_vowels	iṣṭaūnayuktena	1	1
adjacent_vowels	iṣṭaūnayutā	1	1
adjacent_vowels	iṣṭaūnā	1	1
adjacent_vowels	jagaaṇḍakoṭi	1	1
adjacent_vowels	jagādaahamanena	1	1
adjacent_vowels	jagādaasmadīyā	1	1
adjacent_vowels	jagādaasya	1	1
adjacent_vowels	jalaapasṛtis	1	1
adjacent_vowels	jalakuḍyaantaram	1	1
adjacent_vowels	jaleadbhis	1	1
adjacent_vowels	jalendramapāi	1	1
adjacent_vowels	jambudvīpamanuprāptāaḥ	1	1
adjacent_vowels	jananamaraṇakleśaapahāriṇā	1	1
adjacent_vowels	janapadacārikāaṃ	1	1
adjacent_vowels	janayitavāi	1	1
adjacent_vowels	janaīśas	1	1
adjacent_vowels	janātyayaārthaṃ	1	1
adjacent_vowels	japtvāādityam	1	1
adjacent_vowels	jarāndhajātyandhajaḍārbhakaiṛ	1	1
adjacent_vowels	jarāyuatho	1	1
adjacent_vowels	jaṃpiavve	1	1
adjacent_vowels	jaṅghayordvayaoḥ	1	1
adjacent_vowels	jaṇavaaṇaṃ	1	1
adjacent_vowels	jaṇei	1	1
adjacent_vowels	jetavanae	1	1
adjacent_vowels	jihīrṣiur	1	1
adjacent_vowels	jimiavve	1	1
adjacent_vowels	jovvaṇadiahe	1	1
adjacent_vowels	juhomiiti	1	1
adjacent_vowels	juhotiity	1	1
adjacent_vowels	juhuyāadbibharti	1	1
adjacent_vowels	juohmy	1	1
adjacent_vowels	juttaddaaṃ	1	1
adjacent_vowels	jyeṣṭhaabhyāsayuj	1	1
adjacent_vowels	jyeṣṭhabhavikāyāa	1	1
adjacent_vowels	jyotiu	1	1
adjacent_vowels	jyāniniādam	1	1
adjacent_vowels	jyāvyāsayogaantaraghātamūlam	1	1
adjacent_vowels	jñeayamardhasūcīti	1	1
adjacent_vowels	jñeeyāṅgaracanā	1	1
adjacent_vowels	jñāana	1	1
adjacent_vowels	jñānaartham	1	1
adjacent_vowels	jñānamutpādayiṣyāmiiti	1	1
adjacent_vowels	jñānasyaāpratyātmavedanīyasya	1	1
adjacent_vowels	jñānāpavāo	1	1
adjacent_vowels	jñāpiota	1	1
adjacent_vowels	jñātvāḷmahādevi	1	1
adjacent_vowels	jātivādaavāntaraprakaraṇam	1	1
adjacent_vowels	jātoantarālaḥ	1	1
adjacent_vowels	jātoanulomo	1	1
adjacent_vowels	jātyāu	1	1
adjacent_vowels	jāyāa	1	1
adjacent_vowels	jāāto	1	1
adjacent_vowels	jāṇiūṇa	1	1
adjacent_vowels	jīe	1	1
adjacent_vowels	jīvalakṣaṇasyaviopajīvyatvena	1	1
adjacent_vowels	jīvanmuktao	1	1
adjacent_vowels	jīvastaccharīramanyio	1	1
adjacent_vowels	jīviu	1	1
adjacent_vowels	kaahas	1	1
adjacent_vowels	kaalpyā	1	1
adjacent_vowels	kaati	1	1
adjacent_vowels	kadāciat	1	1
adjacent_vowels	kadācitkial	1	1
adjacent_vowels	kaevara	1	1
adjacent_vowels	kailāsae	1	1
adjacent_vowels	kaiścicchrotāapattiphalaṃ	1	1
adjacent_vowels	kaiścitsrotāapattiphalaṃ	1	1
adjacent_vowels	kakṣaāṃ	1	1
adjacent_vowels	kalpaadhimāsās	1	1
adjacent_vowels	kalpaavamāni	1	1
adjacent_vowels	kalpagrahamaṇḍalaānayanam	1	1
adjacent_vowels	kalpanānaucityaāt	1	1
adjacent_vowels	kalpaādes	1	1
adjacent_vowels	kalpee	1	1
adjacent_vowels	kalpāsaṃkhyeyairaneikairduṣkaraśatasahasraiḥ	1	1
adjacent_vowels	kalyāṇacittāa	1	1
adjacent_vowels	kalālavaagram	1	1
adjacent_vowels	kalāyānāmañjalipūroo	1	1
adjacent_vowels	kanakaaikyavarṇas	1	1
adjacent_vowels	kanakakalaśākārapṛthutarapaodharabharāvanamitatanumadhyā	1	1
adjacent_vowels	kanakoijvala	1	1
adjacent_vowels	kanyāantam	1	1
adjacent_vowels	kapilaromāṇāaḥ	1	1
adjacent_vowels	kapiṛkṣayoḥ	1	1
adjacent_vowels	kapālaāvale	1	1
adjacent_vowels	karabhorurhaari	1	1
adjacent_vowels	karaṇādiprayoktṛātvaṃ	1	1
adjacent_vowels	karaṇānāām	1	1
adjacent_vowels	karmaapsu	1	1
adjacent_vowels	karmāīrasena	1	1
adjacent_vowels	karotuiti	1	1
adjacent_vowels	karpāūratilako	1	1
adjacent_vowels	karpūraādīnām	1	1
adjacent_vowels	kartāiti	1	1
adjacent_vowels	karuā	1	1
adjacent_vowels	karṇaavalambakayos	1	1
adjacent_vowels	karṇaavalambakayutau	1	1
adjacent_vowels	karṇaavalambayoge	1	1
adjacent_vowels	karṇajñānaartham	1	1
adjacent_vowels	karṇarekhāubhayatas	1	1
adjacent_vowels	karṇaānayanasya	1	1
adjacent_vowels	karṇaāśritabhujaghātaity	1	1
adjacent_vowels	karṇikāḷpītavarṇena	1	1
adjacent_vowels	kathayatiahaṃ	1	1
adjacent_vowels	kathayatuiti	1	1
adjacent_vowels	kathayāmāsaasti	1	1
adjacent_vowels	kathañaacana	1	1
adjacent_vowels	kavacenāvaguṇṭhaet	1	1
adjacent_vowels	kaścittabhaāve	1	1
adjacent_vowels	kaśiciādyate	1	1
adjacent_vowels	kaṇavīriaṃ	1	1
adjacent_vowels	kaṇṭhaṭṭhie	1	1
adjacent_vowels	kaṛhicit	1	1
adjacent_vowels	kaṛnanāsayoḥ	1	1
adjacent_vowels	kaṛtuṃ	1	1
adjacent_vowels	kaṛtṛtā	1	1
adjacent_vowels	keapi	1	1
adjacent_vowels	kenāayaṃ	1	1
adjacent_vowels	keo	1	1
adjacent_vowels	ketakamālatīparimalaprāptaekakālapriyāt	1	1
adjacent_vowels	kevaol	1	1
adjacent_vowels	keāśaśmaśrū	1	1
adjacent_vowels	khalvavāahanāste	1	1
adjacent_vowels	khayugaaṃśe	1	1
adjacent_vowels	khaṇḍaghanaaikyayuk	1	1
adjacent_vowels	khaṇḍiatā	1	1
adjacent_vowels	khaṭvāaṅgaśaktiśaracāpayutais	1	1
adjacent_vowels	khyaatayaśasāṃ	1	1
adjacent_vowels	khyāteḷrṭā	1	1
adjacent_vowels	khātaantare	1	1
adjacent_vowels	kia	1	1
adjacent_vowels	kimavaśāiṣyate	1	1
adjacent_vowels	kiṣkuaṅgulāni	1	1
adjacent_vowels	kleāśamahābhūmikā	1	1
adjacent_vowels	kopālikānnabhoktṛāṇāṃ	1	1
adjacent_vowels	koṣṭhāākāśaṃ	1	1
adjacent_vowels	koṣṭhāṛśasāṃ	1	1
adjacent_vowels	koṭiadhikā	1	1
adjacent_vowels	koṭibhujaānayane	1	1
adjacent_vowels	koṭibhujāvadhaaikyam	1	1
adjacent_vowels	koṭikarṇaantare	1	1
adjacent_vowels	koṭikarṇaantareṇa	1	1
adjacent_vowels	kraivyaīje	1	1
adjacent_vowels	krakacaantare	1	1
adjacent_vowels	kretṛṛṇāṃ	1	1
adjacent_vowels	kukṣāu	1	1
adjacent_vowels	kulākīṛnaṃ	1	1
adjacent_vowels	kumbhakaṛṇa	1	1
adjacent_vowels	kumbhakāara	1	1
adjacent_vowels	kumbhenaabhiṣiñced	1	1
adjacent_vowels	kumudāeṃjanaḥ	1	1
adjacent_vowels	kundaaṃ	1	1
adjacent_vowels	kurvītaā	1	1
adjacent_vowels	kuryādyadasaṃtatāanubrūyāttasmādvai	1	1
adjacent_vowels	kuryānmantrāhuitipuraskṛtam	1	1
adjacent_vowels	kuryāttathaiava	1	1
adjacent_vowels	kuviaṃ	1	1
adjacent_vowels	kuvāyukakṣyāantyā	1	1
adjacent_vowels	kuñcitāvañcitaua	1	1
adjacent_vowels	kuāśalākuśalāvyākṛtaiva	1	1
adjacent_vowels	kuśalābhiiprāyasya	1	1
adjacent_vowels	kuśalākuāśalaṃ	1	1
adjacent_vowels	kuśānvipraṛṣīnsapta	1	1
adjacent_vowels	kuṛcchreṇa	1	1
adjacent_vowels	kuṣṭhāṛśasāṃ	1	1
adjacent_vowels	kuṭṭakaartham	1	1
adjacent_vowels	kvaavātsīr	1	1
adjacent_vowels	kāaya	1	1
adjacent_vowels	kāena	1	1
adjacent_vowels	kāeraṇābhāvāt	1	1
adjacent_vowels	kāijaneṣu	1	1
adjacent_vowels	kāiścid	1	1
adjacent_vowels	kāiṃ	1	1
adjacent_vowels	kāladeśeryāpathānuānāni	1	1
adjacent_vowels	kālajñānaartham	1	1
adjacent_vowels	kālaādiparibhāṣā	1	1
adjacent_vowels	kālāgurudruamaiḥ	1	1
adjacent_vowels	kāmaabhidrugdho	1	1
adjacent_vowels	kāmaavakīrṇo	1	1
adjacent_vowels	kāmadhātāvavyañjanaiarupapādukaiḥ	1	1
adjacent_vowels	kāmarāgānuśayio	1	1
adjacent_vowels	kāmeiḥ	1	1
adjacent_vowels	kāmānāmāptyāindro	1	1
adjacent_vowels	kāntimahaojobalānām	1	1
adjacent_vowels	kāntisahaojo	1	1
adjacent_vowels	kāraṇāis	1	1
adjacent_vowels	kātyāyanao	1	1
adjacent_vowels	kāvyakriayāhetoḥ	1	1
adjacent_vowels	kāyikavācikamāsaātmikā	1	1
adjacent_vowels	kāñcanamanahśiloupameṣu	1	1
adjacent_vowels	kāṣṭhaantyam	1	1
adjacent_vowels	kīṛtiṃ	1	1
adjacent_vowels	kūpae	1	1
adjacent_vowels	kūuleṣu	1	1
adjacent_vowels	kṛtamalāpakaṛṣo	1	1
adjacent_vowels	kṛtiyogaantarapadam	1	1
adjacent_vowels	kṛtiādiyoge	1	1
adjacent_vowels	kṛtrimaśailagarbhotkīrṇanānāmaṇaaḍapaprekṣāgṛhe	1	1
adjacent_vowels	kṛtsnāam	1	1
adjacent_vowels	kṛtvāagnīn	1	1
adjacent_vowels	kṛtvāanabhisaṃdhi	1	1
adjacent_vowels	kṛtvāatīndriyaṃsarvajagad	1	1
adjacent_vowels	kṛtvāaṇima	1	1
adjacent_vowels	kṛtvāevaṃ	1	1
adjacent_vowels	kṛtvāidam	1	1
adjacent_vowels	kṛtvāāghāraṃ	1	1
adjacent_vowels	kṛtvāāsīta	1	1
adjacent_vowels	kṛīdayā	1	1
adjacent_vowels	kṛīḍanavac	1	1
adjacent_vowels	kṛīḍanti	1	1
adjacent_vowels	kṛīḍate	1	1
adjacent_vowels	kṛīḍati	1	1
adjacent_vowels	kṛīḍet	1	1
adjacent_vowels	kṛīḍā	1	1
adjacent_vowels	kṛīḍābhirāmā	1	1
adjacent_vowels	kṛīḍānirjitaviśva	1	1
adjacent_vowels	kṛīḍāvanam	1	1
adjacent_vowels	kṛṣaaṇaścātra	1	1
adjacent_vowels	kṛṣṇae	1	1
adjacent_vowels	kṣatriyasvasāa	1	1
adjacent_vowels	kṣatriyasyaadhyāpana	1	1
adjacent_vowels	kṣatriyasyaā	1	1
adjacent_vowels	kṣatriyasyaādyās	1	1
adjacent_vowels	kṣatriyāaya	1	1
adjacent_vowels	kṣayaavyaktayugmena	1	1
adjacent_vowels	kṣayagaekādaśauddhṛtās	1	1
adjacent_vowels	kṣayaātmikā	1	1
adjacent_vowels	kṣaṇeṣui	1	1
adjacent_vowels	kṣaṇiakatvaṃ	1	1
adjacent_vowels	kṣepaabhāvas	1	1
adjacent_vowels	kṣepaabhāve	1	1
adjacent_vowels	kṣeṣṭhāamutra	1	1
adjacent_vowels	kṣitaūjjayinīti	1	1
adjacent_vowels	kṣudhaā	1	1
adjacent_vowels	kṣudhitoapi	1	1
adjacent_vowels	kṣudhārtāity	1	1
adjacent_vowels	kṣudrāeṃgahīno	1	1
adjacent_vowels	kṣāyiiti	1	1
adjacent_vowels	kṣīraṃsadāekaśapha	1	1
adjacent_vowels	kṣīraṛkṣāṇāṃ	1	1
adjacent_vowels	kṣīrāṇiiti	1	1
adjacent_vowels	kṣīṇae	1	1
adjacent_vowels	labdhaūnitāt	1	1
adjacent_vowels	labdhesaṃmāneapy	1	1
adjacent_vowels	labheet	1	1
adjacent_vowels	labheeta	1	1
adjacent_vowels	lakkhei	1	1
adjacent_vowels	lambaabadhe	1	1
adjacent_vowels	lambaaikyavargasya	1	1
adjacent_vowels	lambaavabadhe	1	1
adjacent_vowels	lambaavabādhājñānāya	1	1
adjacent_vowels	lambajñānaartham	1	1
adjacent_vowels	lambakaadharam	1	1
adjacent_vowels	lambalambaāśritabāhuvargaviśleṣamūlam	1	1
adjacent_vowels	laukiakvaidikaiḥ	1	1
adjacent_vowels	laukikālaukiavarṇakaiḥ	1	1
adjacent_vowels	laukikāoptaṃ	1	1
adjacent_vowels	lavaagram	1	1
adjacent_vowels	lavaapavāhe	1	1
adjacent_vowels	lavaṇāniiti	1	1
adjacent_vowels	laṅkāaṃ	1	1
adjacent_vowels	laṅkāudayaprācjyās	1	1
adjacent_vowels	liberation	1	1
adjacent_vowels	likhitvāadbhir	1	1
adjacent_vowels	lipteaṅge	1	1
adjacent_vowels	lohenaajena	1	1
adjacent_vowels	maaraborīrhi	1	1
adjacent_vowels	maaṃśakās	1	1
adjacent_vowels	maaṇacoreṇa	1	1
adjacent_vowels	madanadvādaśaīvratī	1	1
adjacent_vowels	madhaavājyatilamiśritam	1	1
adjacent_vowels	madhaayagaṃ	1	1
adjacent_vowels	madhukaiaṭabhau	1	1
adjacent_vowels	madhunāatirātra	1	1
adjacent_vowels	madhurakaṭukaṣāyaāmlakakṣāratiktais	1	1
adjacent_vowels	madhusūudanaḥ	1	1
adjacent_vowels	madhvādiṛtusaṃjñakaḥ	1	1
adjacent_vowels	madhyaahnas	1	1
adjacent_vowels	madhyaahnautkramaguṇitas	1	1
adjacent_vowels	madhyaantyadhanasaṃkhye	1	1
adjacent_vowels	madhyadinaabhāvāt	1	1
adjacent_vowels	madhyajyāudayajīvāsaṃvarge	1	1
adjacent_vowels	madhyādiuttarāntantu	1	1
adjacent_vowels	madvacaṛ	1	1
adjacent_vowels	madyamāṃsapriayā	1	1
adjacent_vowels	maharāeṃ	1	1
adjacent_vowels	mahaśṛamaṇaḥ	1	1
adjacent_vowels	mahiiti	1	1
adjacent_vowels	mahoaraḥ	1	1
adjacent_vowels	mahāanilotkṣiptataraṃgabhaṅgaiḥ	1	1
adjacent_vowels	mahāayajñān	1	1
adjacent_vowels	mahāpuruṣalakṣaṇāiḥ	1	1
adjacent_vowels	mahāsyānāaṃ	1	1
adjacent_vowels	mahāsārthavāhastenaopasaṃkrāntaḥ	1	1
adjacent_vowels	mahātmāa	1	1
adjacent_vowels	mahāṛṣeḥ	1	1
adjacent_vowels	maitreyaṛṣyaśṛṅgo	1	1
adjacent_vowels	maitrāvaruam	1	1
adjacent_vowels	maitrāvaruṇāaya	1	1
adjacent_vowels	majjhaṇiviḍio	1	1
adjacent_vowels	majjāaṃ	1	1
adjacent_vowels	mallikāgulmae	1	1
adjacent_vowels	malliṇomāliākusumā	1	1
adjacent_vowels	mallīkalikāvikāśidaśanaū	1	1
adjacent_vowels	manaevopapannāḥ	1	1
adjacent_vowels	manaādisamādhānaṃ	1	1
adjacent_vowels	manaādy	1	1
adjacent_vowels	manaādyāśrayaḥ	1	1
adjacent_vowels	manaādīni	1	1
adjacent_vowels	manaādīnām	1	1
adjacent_vowels	manaāpadāyinaś	1	1
adjacent_vowels	manaāpo	1	1
adjacent_vowels	manaāyatanam	1	1
adjacent_vowels	mandaartham	1	1
adjacent_vowels	mandaavabodhavidhaye	1	1
adjacent_vowels	manorathaāḥ	1	1
adjacent_vowels	mantrao	1	1
adjacent_vowels	mantraṛṣiḥ	1	1
adjacent_vowels	mantraṛṣiṃ	1	1
adjacent_vowels	manuaṣyāṇāmanṛddhimatām	1	1
adjacent_vowels	manyatae	1	1
adjacent_vowels	manāapaśca	1	1
adjacent_vowels	maobhavasya	1	1
adjacent_vowels	maobhavaḥ	1	1
adjacent_vowels	maraṇaścaiava	1	1
adjacent_vowels	marīcyādiṛṣibhyastu	1	1
adjacent_vowels	mataṅgaānanam	1	1
adjacent_vowels	matprītyāai	1	1
adjacent_vowels	mattālivihaṅgabhāriaṃ	1	1
adjacent_vowels	maunāniiti	1	1
adjacent_vowels	mayāiti	1	1
adjacent_vowels	mañjarījaṭilaūbhau	1	1
adjacent_vowels	maātmano	1	1
adjacent_vowels	maītrīmayo	1	1
adjacent_vowels	maṅgaḷyāḥ	1	1
adjacent_vowels	maṇaabhidhānam	1	1
adjacent_vowels	maṇikāroaśuddho	1	1
adjacent_vowels	maṇḍalaādi	1	1
adjacent_vowels	maṛṣaṇa	1	1
adjacent_vowels	maṛṣaṇaṃ	1	1
adjacent_vowels	medāahutayo	1	1
adjacent_vowels	medāahutibhireva	1	1
adjacent_vowels	meeting	1	1
adjacent_vowels	meghaāgame	1	1
adjacent_vowels	meṣaādes	1	1
adjacent_vowels	mithyāadhītaprāyaścittam	1	1
adjacent_vowels	mithyāmithyāvacouktibhiḥ	1	1
adjacent_vowels	miśraāhate	1	1
adjacent_vowels	modāentenuditāṃśasya	1	1
adjacent_vowels	mohaparyauasthitam	1	1
adjacent_vowels	mokṣaāyāsyāpi	1	1
adjacent_vowels	mounts	1	1
adjacent_vowels	muai	1	1
adjacent_vowels	mucyanteiti	1	1
adjacent_vowels	mucyateiti	1	1
adjacent_vowels	mudrikodarabandhādyairmāaiñjīnūpurakādibhiḥ	1	1
adjacent_vowels	muita	1	1
adjacent_vowels	mukhaanyadossaṃyutis	1	1
adjacent_vowels	mukhajatalajatadyutijakṣetraphalaaikyam	1	1
adjacent_vowels	mukhatalagaṇitaaikya	1	1
adjacent_vowels	mukhatalatulyabhujaaikyāni	1	1
adjacent_vowels	mukhaūnam	1	1
adjacent_vowels	mukhyoayaṃ	1	1
adjacent_vowels	muktoanṛṇo	1	1
adjacent_vowels	munayoapi	1	1
adjacent_vowels	munīśaavaraḥ	1	1
adjacent_vowels	musaloḷkhalānyapi	1	1
adjacent_vowels	māarjanād	1	1
adjacent_vowels	māase	1	1
adjacent_vowels	māaṃ	1	1
adjacent_vowels	mādhuryāṇiiti	1	1
adjacent_vowels	māghaphaālgunavaiśākhajyeṣṭamāseṣu	1	1
adjacent_vowels	māghaphaālgunavaiśākhajyeṣṭamāsāḥ	1	1
adjacent_vowels	mālatīyūthikākundacampakāśaavatthabhūṣitam	1	1
adjacent_vowels	māmakāiti	1	1
adjacent_vowels	mānaaṣṭakam	1	1
adjacent_vowels	mānuṣīi	1	1
adjacent_vowels	mārgaāhatas	1	1
adjacent_vowels	mārīcaśukasāaraṇāḥ	1	1
adjacent_vowels	māsaṛtavas	1	1
adjacent_vowels	mātroaham	1	1
adjacent_vowels	mātāitroḥ	1	1
adjacent_vowels	mātṛāpitṛglānāṃś	1	1
adjacent_vowels	māyikatveam	1	1
adjacent_vowels	māṃsenaānantyaṃ	1	1
adjacent_vowels	māṃsāniiti	1	1
adjacent_vowels	māṛṣāḥ	1	1
adjacent_vowels	māṣaāhvayais	1	1
adjacent_vowels	mīnaantam	1	1
adjacent_vowels	mūlaabhāvāt	1	1
adjacent_vowels	mūlaartham	1	1
adjacent_vowels	mūladhanaartham	1	1
adjacent_vowels	mūlakalāantarābhyām	1	1
adjacent_vowels	mūlaphalaaikyam	1	1
adjacent_vowels	mūlavyāsaantara	1	1
adjacent_vowels	mūlaācāryāt	1	1
adjacent_vowels	mūlaūne	1	1
adjacent_vowels	mūrdhabhramaṇanihañcitanipātasaṃśleaṣṇāccāpi	1	1
adjacent_vowels	mūḷho	1	1
adjacent_vowels	mūṛkha	1	1
adjacent_vowels	mūṣāvahanabhedaādau	1	1
adjacent_vowels	mḷa	1	1
adjacent_vowels	mṛduṛjur	1	1
adjacent_vowels	mṛdāambunā	1	1
adjacent_vowels	mṛgaśiroṛkṣe	1	1
adjacent_vowels	mṛtasyaadāhyānām	1	1
adjacent_vowels	mṛtistriṛkṣe	1	1
adjacent_vowels	mṛṇālikāyāi	1	1
adjacent_vowels	mṛṣṭacandanaviśeṣakabhaktirmraṣaaṭabhūṣaṇakadarthitamālyaḥ	1	1
adjacent_vowels	naa	1	1
adjacent_vowels	naabahu	1	1
adjacent_vowels	naabhivandyo	1	1
adjacent_vowels	naabrāhmaṇāyaucchiṣṭaṃ	1	1
adjacent_vowels	naadhenum	1	1
adjacent_vowels	naadhitiṣṭhet	1	1
adjacent_vowels	naadhyāpanam	1	1
adjacent_vowels	naagni	1	1
adjacent_vowels	naaguru	1	1
adjacent_vowels	naahitam	1	1
adjacent_vowels	naakāraṇād	1	1
adjacent_vowels	naanabhibhāṣito	1	1
adjacent_vowels	naanadhyāyaḥ	1	1
adjacent_vowels	naanadhyāyāḥ	1	1
adjacent_vowels	naananiyoga	1	1
adjacent_vowels	naanantevāsy	1	1
adjacent_vowels	naannam	1	1
adjacent_vowels	naanumānena	1	1
adjacent_vowels	naanuṣṭheyaḥ	1	1
adjacent_vowels	naanuṣṭheyo	1	1
adjacent_vowels	naanya	1	1
adjacent_vowels	naanyāṃ	1	1
adjacent_vowels	naapara	1	1
adjacent_vowels	naapratiṣṭhitaṃ	1	1
adjacent_vowels	naaprayata	1	1
adjacent_vowels	naaprokṣitam	1	1
adjacent_vowels	naaraṇyam	1	1
adjacent_vowels	naasamayena	1	1
adjacent_vowels	naasau	1	1
adjacent_vowels	naasaṃbhāṣya	1	1
adjacent_vowels	naavabodhayed	1	1
adjacent_vowels	naavagāheta	1	1
adjacent_vowels	naavalokayet	1	1
adjacent_vowels	naaśnāty	1	1
adjacent_vowels	naaśnīyād	1	1
adjacent_vowels	naaśnīyāt	1	1
adjacent_vowels	naaśuciḥ	1	1
adjacent_vowels	nabhavavālirtāvāhirāvahakhirāmuaṃaṃnimaḥdhedhinajaṃjaṃnimaḥhehinastaṃstaṃnimaḥrvaṣṭadunāṃrvesavākttakṣukhatihvābhakukuśīvaśabdā	1	1
adjacent_vowels	nabhavaśrītaṃśvasajamahāsamuraṃnimāyāsarāvakasastrīruvakasadumṛvakasasavakasalovakaakaṃvamāyahāvarṇā	1	1
adjacent_vowels	nabhoaṃśāḥ	1	1
adjacent_vowels	nabhonabhasyāviṣaūrjasaṃjñau	1	1
adjacent_vowels	naenaṃ	1	1
adjacent_vowels	naeṣā	1	1
adjacent_vowels	naeṣāṃ	1	1
adjacent_vowels	naiadevaṃ	1	1
adjacent_vowels	naierātmyayoḥ	1	1
adjacent_vowels	naikahastārpiuttajalair	1	1
adjacent_vowels	naikakarmakriayāṇi	1	1
adjacent_vowels	naikavihiata	1	1
adjacent_vowels	naivaa	1	1
adjacent_vowels	naiḥṣyandikavipoākajāḥ	1	1
adjacent_vowels	naiṛta	1	1
adjacent_vowels	naiṛte	1	1
adjacent_vowels	naiṛtirdevatā	1	1
adjacent_vowels	naiṛtye	1	1
adjacent_vowels	naiṛtyāṃ	1	1
adjacent_vowels	naiṛtā	1	1
adjacent_vowels	naiṛtāṃś	1	1
adjacent_vowels	naiṛtīṃ	1	1
adjacent_vowels	naiṝtyāṃ	1	1
adjacent_vowels	nakhaaṅgulamitas	1	1
adjacent_vowels	nakṣatraṛkṣanāminyo	1	1
adjacent_vowels	namao	1	1
adjacent_vowels	naradīpatalaantaraghne	1	1
adjacent_vowels	naraghnadānaūnitaratnaśeṣais	1	1
adjacent_vowels	naraṛṣabhaḥ	1	1
adjacent_vowels	naraṛṣir	1	1
adjacent_vowels	narendraābha	1	1
adjacent_vowels	narīa	1	1
adjacent_vowels	navaantānām	1	1
adjacent_vowels	navaanvitasthānakasaṃkhyakāyās	1	1
adjacent_vowels	navaasre	1	1
adjacent_vowels	navaavasānais	1	1
adjacent_vowels	navaaṃśa	1	1
adjacent_vowels	navarātrao	1	1
adjacent_vowels	navarāśikaādike	1	1
adjacent_vowels	navaādīnām	1	1
adjacent_vowels	naviopasarpataḥ	1	1
adjacent_vowels	naācarati	1	1
adjacent_vowels	naācaret	1	1
adjacent_vowels	naāchādayet	1	1
adjacent_vowels	naādadīta	1	1
adjacent_vowels	naādriyante	1	1
adjacent_vowels	naāpito	1	1
adjacent_vowels	naātra	1	1
adjacent_vowels	naīkṣeta	1	1
adjacent_vowels	naṛtvantaragrahasūtake	1	1
adjacent_vowels	neaṇaṃ	1	1
adjacent_vowels	nedānīim	1	1
adjacent_vowels	neiva	1	1
adjacent_vowels	neiṣā	1	1
adjacent_vowels	nemaādayaḥ	1	1
adjacent_vowels	netsarvasmāiva	1	1
adjacent_vowels	niarodhaścittacaittānāmiti	1	1
adjacent_vowels	niaruddhaṃ	1	1
adjacent_vowels	nicudārubakabalākāśukamadguṭiṭṭibhamāndhālanaktacarāabhakṣyāḥ	1	1
adjacent_vowels	nidrābhibhavendriyoparamaṇamohāirhavetsuptam	1	1
adjacent_vowels	nidādhaṛtusaṃvādaṃ	1	1
adjacent_vowels	nidāghaṛbhusaṃvādo	1	1
adjacent_vowels	nidāghaṛtusaṃvādamadvaitabuddhaye	1	1
adjacent_vowels	nijaādyais	1	1
adjacent_vowels	nimajjanonmajjanatīrāntarasaṃcārānupratisrotovyāyāmajalabherikāmāaṇḍukavādanaśikyikāvedhacakravāḍavajrakakūpakāvartakaraṇalekhā	1	1
adjacent_vowels	nimittaā	1	1
adjacent_vowels	nirarthakatvāat	1	1
adjacent_vowels	niravasāyayantiity	1	1
adjacent_vowels	nirdiṣṭaaṅkais	1	1
adjacent_vowels	nirghoṣae	1	1
adjacent_vowels	nirhrāsāatiśayāpattirnirhrāsātiśayāt	1	1
adjacent_vowels	nirjihīṛṣuḥ	1	1
adjacent_vowels	nirmāṇacittamapoi	1	1
adjacent_vowels	nirūḷha	1	1
adjacent_vowels	nityamaviatarko	1	1
adjacent_vowels	nivedayeet	1	1
adjacent_vowels	nivīḷham	1	1
adjacent_vowels	niḥkṣatṛī	1	1
adjacent_vowels	niḥsṛtyāhaāpyāyito	1	1
adjacent_vowels	niḥśāubhaḥ	1	1
adjacent_vowels	niṣaapāpatāṃ	1	1
adjacent_vowels	niṣasāada	1	1
adjacent_vowels	niṣaādaṃ	1	1
adjacent_vowels	niṣṭhuraścaiava	1	1
adjacent_vowels	niṣṭhyāniiti	1	1
adjacent_vowels	nviedayati	1	1
adjacent_vowels	nyagrodhapādapae	1	1
adjacent_vowels	nyagrodhaṛkṣavarṇaḥ	1	1
adjacent_vowels	nyūnatvaavivakṣayā	1	1
adjacent_vowels	nāa	1	1
adjacent_vowels	nāapnoti	1	1
adjacent_vowels	nābhisarojakuḍmalakuṭīgambhīrasāmaedhvani	1	1
adjacent_vowels	nābhiupari	1	1
adjacent_vowels	nālāikā	1	1
adjacent_vowels	nānāratnakarāeñcitaḥ	1	1
adjacent_vowels	nānāratnavibhūuṣitām	1	1
adjacent_vowels	nānāṛddhisamākule	1	1
adjacent_vowels	nānāṛkṣāṇi	1	1
adjacent_vowels	nānāṛtusamāviṣṭā	1	1
adjacent_vowels	nānāṛṇasamavāye	1	1
adjacent_vowels	nānāṛṣisamākulaṃ	1	1
adjacent_vowels	nāpahriyatae	1	1
adjacent_vowels	nārāyaṇaety	1	1
adjacent_vowels	nāstyapoūrvaṃ	1	1
adjacent_vowels	nātikaṭukaī	1	1
adjacent_vowels	nāvoantaḥ	1	1
adjacent_vowels	nāvyākāṛtā	1	1
adjacent_vowels	nāḍikayāāditya	1	1
adjacent_vowels	nāṭyajñairlakṣaṇānviatāḥ	1	1
adjacent_vowels	nāṭyakovidaiaḥ	1	1
adjacent_vowels	nāṭyoopakaraṇaṃ	1	1
adjacent_vowels	nīcoccaṛjusaṃsthitāḥ	1	1
adjacent_vowels	nīlakamalaamalakāntaye	1	1
adjacent_vowels	nīrājanae	1	1
adjacent_vowels	nīyatae	1	1
adjacent_vowels	nīṛguṇe	1	1
adjacent_vowels	nṛjalaantaraguṇā	1	1
adjacent_vowels	nṛjalaantareṇa	1	1
adjacent_vowels	nṛpaaṅgulas	1	1
adjacent_vowels	nṛtteenāpi	1	1
adjacent_vowels	nṛṛn	1	1
adjacent_vowels	oau	1	1
adjacent_vowels	oaukārau	1	1
adjacent_vowels	oghavatpratyupasthitāani	1	1
adjacent_vowels	olambiūṇa	1	1
adjacent_vowels	othamao	1	1
adjacent_vowels	ovṛṣṭaārdracivarā	1	1
adjacent_vowels	oḷhāsu	1	1
adjacent_vowels	oḷhāsv	1	1
adjacent_vowels	oṇei	1	1
adjacent_vowels	paaraṃparāye	1	1
adjacent_vowels	pacchoardharcaśo	1	1
adjacent_vowels	padayutaūnarūpa	1	1
adjacent_vowels	padmanālasūtraiebaddhvā	1	1
adjacent_vowels	padmarajoupamam	1	1
adjacent_vowels	pailavāudumbarau	1	1
adjacent_vowels	pakṣaante	1	1
adjacent_vowels	pakṣasyaahassu	1	1
adjacent_vowels	pakṣasyaapara	1	1
adjacent_vowels	pakṣasyaekarātram	1	1
adjacent_vowels	pakṣiahipreṣyanāmnīṃ	1	1
adjacent_vowels	palae	1	1
adjacent_vowels	palāyantae	1	1
adjacent_vowels	paraamātmarūpaṃ	1	1
adjacent_vowels	paraasya	1	1
adjacent_vowels	paraiśāuddhataraṃ	1	1
adjacent_vowels	paramaapakramajīvām	1	1
adjacent_vowels	paramasāraabhūtāyā	1	1
adjacent_vowels	paramaṛṣibhyaḥ	1	1
adjacent_vowels	paramaṛṣibhyo	1	1
adjacent_vowels	paramaṛṣīn	1	1
adjacent_vowels	paramātmacaitanyasyeivety	1	1
adjacent_vowels	paramātmanoanyan	1	1
adjacent_vowels	parasyaācāmatas	1	1
adjacent_vowels	parasyaāsana	1	1
adjacent_vowels	parayaā	1	1
adjacent_vowels	paricaryāparāśaaca	1	1
adjacent_vowels	paridhāyaapa	1	1
adjacent_vowels	paridāupaśrayati	1	1
adjacent_vowels	parigatoaḥ	1	1
adjacent_vowels	parihāpyaaparisaṃvatsarān	1	1
adjacent_vowels	parijñāstyajatyānupoūrvikaḥ	1	1
adjacent_vowels	parikarmaaṣṭaka	1	1
adjacent_vowels	parikarāapi	1	1
adjacent_vowels	pariniarvāyāt	1	1
adjacent_vowels	paripūṛṇakalpakoṭīnayutaṃ	1	1
adjacent_vowels	paristīryaagner	1	1
adjacent_vowels	parityajyaātmānam	1	1
adjacent_vowels	parivāena	1	1
adjacent_vowels	parivāsyaañjalāv	1	1
adjacent_vowels	parivṛttakarecitee	1	1
adjacent_vowels	pariṣicyaagne	1	1
adjacent_vowels	pariṣiñcāmiiti	1	1
adjacent_vowels	paroikṣeṣvāgamāniṣṭo	1	1
adjacent_vowels	paryagniakraṇa	1	1
adjacent_vowels	paryukṣyaoṃ	1	1
adjacent_vowels	paryupāāsyāmi	1	1
adjacent_vowels	parāikāntyaprītyā	1	1
adjacent_vowels	pasaayanti	1	1
adjacent_vowels	paspaṛśāṇgaṃ	1	1
adjacent_vowels	pasāanti	1	1
adjacent_vowels	patanīyeṣuuttarāṇi	1	1
adjacent_vowels	patanīyāniity	1	1
adjacent_vowels	patatṛiṇā	1	1
adjacent_vowels	patayaot	1	1
adjacent_vowels	patiam	1	1
adjacent_vowels	patimāhaasmadgṛhamadhye	1	1
adjacent_vowels	patirāhaasminkathite	1	1
adjacent_vowels	patnyāaḥ	1	1
adjacent_vowels	patnīkoan	1	1
adjacent_vowels	patnīkāa	1	1
adjacent_vowels	patrākārāaḥ	1	1
adjacent_vowels	patrārūḍhaṛṇe	1	1
adjacent_vowels	pattyaviśeṣopapattyupalabdhyanupalabdhinityānityakaāryasamāḥ	1	1
adjacent_vowels	pauarāṇāni	1	1
adjacent_vowels	paurumīḷham	1	1
adjacent_vowels	paurvāparyaāviśiṣṭāpi	1	1
adjacent_vowels	paurvāparyeṇaāviśiṣṭatvānna	1	1
adjacent_vowels	pavanaātmajena	1	1
adjacent_vowels	pavitreṇaāṅgiraseṇaiti	1	1
adjacent_vowels	payaādikam	1	1
adjacent_vowels	payaūrmibhiḥ	1	1
adjacent_vowels	payāahutayo	1	1
adjacent_vowels	payāahutibhireva	1	1
adjacent_vowels	pañaemenādadhāti	1	1
adjacent_vowels	pañcaadhikam	1	1
adjacent_vowels	pañcaagrakā	1	1
adjacent_vowels	pañcaagras	1	1
adjacent_vowels	pañcaasre	1	1
adjacent_vowels	pañcaaṃa	1	1
adjacent_vowels	pañcaaṃśa	1	1
adjacent_vowels	pañcaaṃśaka	1	1
adjacent_vowels	pañcaaṃśakas	1	1
adjacent_vowels	pañcabhiṛ	1	1
adjacent_vowels	pañcabhyoaṅgṣṭa	1	1
adjacent_vowels	pañcabāṇabāṇaānyugapadivābhipatatastrāsenāvaghaṭṭayantī	1	1
adjacent_vowels	pañcadaśaantaraprāṇās	1	1
adjacent_vowels	pañcaguṇaaṅgamaṅgalamitās	1	1
adjacent_vowels	pañcalavaadhikais	1	1
adjacent_vowels	pañcamaaṃśās	1	1
adjacent_vowels	pañcarāśikaādau	1	1
adjacent_vowels	pañcarāśikaādikam	1	1
adjacent_vowels	pañcastaavā	1	1
adjacent_vowels	pañcaviṃśatiṛtvijaḥ	1	1
adjacent_vowels	pañcaāhatas	1	1
adjacent_vowels	pañcaāḍhakena	1	1
adjacent_vowels	pañcaūnitā	1	1
adjacent_vowels	pañcaṛṣiśatāni	1	1
adjacent_vowels	pañcaṣaṣaaṭyarṇamārabhya	1	1
adjacent_vowels	pañcāaśad	1	1
adjacent_vowels	paśaayanti	1	1
adjacent_vowels	paścimāa	1	1
adjacent_vowels	paścādutpoādam	1	1
adjacent_vowels	paśyataścakṣūarūpe	1	1
adjacent_vowels	paḍhiaṃ	1	1
adjacent_vowels	paḍibohieṇa	1	1
adjacent_vowels	paṅktimadhyae	1	1
adjacent_vowels	paṇḍakobhayavyañjanānāmasaṃvarānantāryakuāśalamulasamucchedā	1	1
adjacent_vowels	paṭutāabhimānas	1	1
adjacent_vowels	paṭṭaiakadeśe	1	1
adjacent_vowels	people	1	1
adjacent_vowels	phalaaikyam	1	1
adjacent_vowels	phalaavalambaśrutīnām	1	1
adjacent_vowels	phalayutaūnakachedas	1	1
adjacent_vowels	phalayutaūnas	1	1
adjacent_vowels	phalaākhyam	1	1
adjacent_vowels	phalaūnas	1	1
adjacent_vowels	phaliaṃ	1	1
adjacent_vowels	phalākārāan	1	1
adjacent_vowels	phaālgunaśuklādau	1	1
adjacent_vowels	phaālgunaśuklāyā	1	1
adjacent_vowels	phaālguno	1	1
adjacent_vowels	phaālgunyorudito	1	1
adjacent_vowels	phaālgunāmalapakṣasya	1	1
adjacent_vowels	phaālgunāparapakṣe	1	1
adjacent_vowels	phaālgunī	1	1
adjacent_vowels	phaālotkṛṣṭāṃ	1	1
adjacent_vowels	phaāntaḥ	1	1
adjacent_vowels	phaāṇitamuttamam	1	1
adjacent_vowels	phaṇasaa	1	1
adjacent_vowels	phullastamandāraaṃ	1	1
adjacent_vowels	phulliā	1	1
adjacent_vowels	piara	1	1
adjacent_vowels	piasaṃgaṃ	1	1
adjacent_vowels	piasaṃgo	1	1
adjacent_vowels	piaṃ	1	1
adjacent_vowels	pitustvamaopyarhasi	1	1
adjacent_vowels	pitāa	1	1
adjacent_vowels	pitāmahāity	1	1
adjacent_vowels	pitṛṛnbalinā	1	1
adjacent_vowels	pitṛṛnpāvayitvā	1	1
adjacent_vowels	pitṛṛnvidvad	1	1
adjacent_vowels	pitṛṛṇāṃ	1	1
adjacent_vowels	piā	1	1
adjacent_vowels	plavagaaṣṭabhāgas	1	1
adjacent_vowels	plavenāupalena	1	1
adjacent_vowels	pounardhyānaṃ	1	1
adjacent_vowels	pounarnādhyāvasati	1	1
adjacent_vowels	pounarubhayeṣveva	1	1
adjacent_vowels	pounaḥ	1	1
adjacent_vowels	pounrmṛtasyāsya	1	1
adjacent_vowels	poāryāyikaṃ	1	1
adjacent_vowels	poūrvaṃ	1	1
adjacent_vowels	prabhiṛtikās	1	1
adjacent_vowels	prabhāakāle	1	1
adjacent_vowels	prabhāgaabhidhām	1	1
adjacent_vowels	pradakṣiṇīkṛtyaājyena	1	1
adjacent_vowels	pradhānāiśyāṃ	1	1
adjacent_vowels	pradāpyastyājakoapi	1	1
adjacent_vowels	pradīpatalaśaṅkutalaantaraghnas	1	1
adjacent_vowels	pradīpaśaṅkuantarabhūs	1	1
adjacent_vowels	pradīpaśaṅkuantaram	1	1
adjacent_vowels	pradīpaśaṅkutalaantaram	1	1
adjacent_vowels	pragrahaṇaante	1	1
adjacent_vowels	praharāharniśāmāsaṛtvabdaraviṣaṣṭigaḥ	1	1
adjacent_vowels	praharṣiṇīam	1	1
adjacent_vowels	prajepsitāādhigantavyā	1	1
adjacent_vowels	prajigāaya	1	1
adjacent_vowels	prajñāṛddhiryaśo	1	1
adjacent_vowels	prajābhirvedaiṛṣīṇāṃ	1	1
adjacent_vowels	prakaṭanihatāśeṣatamasoaḥ	1	1
adjacent_vowels	prakīrṇaādikam	1	1
adjacent_vowels	prakṛiti	1	1
adjacent_vowels	prakṛitiṃ	1	1
adjacent_vowels	prakṛtiūne	1	1
adjacent_vowels	prakṛāntaḥ	1	1
adjacent_vowels	prakṣālanāniiti	1	1
adjacent_vowels	prakṣālyaācamya	1	1
adjacent_vowels	pramattāaḥ	1	1
adjacent_vowels	pramāaṇena	1	1
adjacent_vowels	pramṛjyaa	1	1
adjacent_vowels	prapitāmahāiti	1	1
adjacent_vowels	prasannaṛtaṃ	1	1
adjacent_vowels	prasiddhatyaā	1	1
adjacent_vowels	prastyuāttadetāni	1	1
adjacent_vowels	prastāvae	1	1
adjacent_vowels	prasuptae	1	1
adjacent_vowels	prasūteantar	1	1
adjacent_vowels	prathamachāyāagradīpatalayos	1	1
adjacent_vowels	prathamapradoṣae	1	1
adjacent_vowels	prathamaāhvayas	1	1
adjacent_vowels	prathamaānayane	1	1
adjacent_vowels	prathāam	1	1
adjacent_vowels	pratigrahaṇāniiti	1	1
adjacent_vowels	pratilabhyaaniho	1	1
adjacent_vowels	pratiopādyāḥ	1	1
adjacent_vowels	pratirūpaagram	1	1
adjacent_vowels	pratiṣedhārāaś	1	1
adjacent_vowels	pratiṣṭhiatam	1	1
adjacent_vowels	pratiṣṭhityaī	1	1
adjacent_vowels	pratoibandho	1	1
adjacent_vowels	pratyutpannaādayas	1	1
adjacent_vowels	pratyutthāyaabhivādanam	1	1
adjacent_vowels	pratyuācacakṣire	1	1
adjacent_vowels	pratyāgatyaabhivandyāḥ	1	1
adjacent_vowels	pratyāhaadya	1	1
adjacent_vowels	pravarastiṣyaṛkṣe	1	1
adjacent_vowels	pravartetaa	1	1
adjacent_vowels	pravaḷham	1	1
adjacent_vowels	pravaṇībhūutamidaṃ	1	1
adjacent_vowels	pravaṛte	1	1
adjacent_vowels	praviśāmiiti	1	1
adjacent_vowels	praviṣṭāyāaṃ	1	1
adjacent_vowels	pravrajyāupasampadābhikṣuṇibhāvo	1	1
adjacent_vowels	pravrajyāupasaṃpadāya	1	1
adjacent_vowels	pravrajyāupasaṃpadāye	1	1
adjacent_vowels	prayacchatāasyāpyapriyākhyāyino	1	1
adjacent_vowels	prayiogaścetanāśayaḥ	1	1
adjacent_vowels	prayiojayet	1	1
adjacent_vowels	prayogakartṛāṇāṃ	1	1
adjacent_vowels	prayātavādhikāḷmātrā	1	1
adjacent_vowels	praāṇam	1	1
adjacent_vowels	praītimanasā	1	1
adjacent_vowels	praṇamyaagha	1	1
adjacent_vowels	praṇamyaagniṃ	1	1
adjacent_vowels	praṇatontee	1	1
adjacent_vowels	praṇavenaātmānaṃ	1	1
adjacent_vowels	praṛtirbhikṣuṇī	1	1
adjacent_vowels	prekṣetaūrdhva	1	1
adjacent_vowels	premadattavadanāniaḥ	1	1
adjacent_vowels	preteṣuudaka	1	1
adjacent_vowels	preṣaṇāniiti	1	1
adjacent_vowels	priayasavidhe	1	1
adjacent_vowels	priayaḥ	1	1
adjacent_vowels	priaṃ	1	1
adjacent_vowels	priyāitambocitasaṃniveśair	1	1
adjacent_vowels	proktao	1	1
adjacent_vowels	proktāṛkāre	1	1
adjacent_vowels	pruāṇānām	1	1
adjacent_vowels	prāajebhyo	1	1
adjacent_vowels	prāaptaḥ	1	1
adjacent_vowels	prāatar	1	1
adjacent_vowels	prāañcam	1	1
adjacent_vowels	prāaṇihi	1	1
adjacent_vowels	prādurbhāvayoigena	1	1
adjacent_vowels	prāhaahaṃ	1	1
adjacent_vowels	prāhaaho	1	1
adjacent_vowels	prāhaanvartho	1	1
adjacent_vowels	prāhaanyadā	1	1
adjacent_vowels	prāhaasya	1	1
adjacent_vowels	prāhaatha	1	1
adjacent_vowels	prāhaayaṃ	1	1
adjacent_vowels	prāhaeko	1	1
adjacent_vowels	prāhaetasminnantare	1	1
adjacent_vowels	prāinām	1	1
adjacent_vowels	prākpratipāditasyaivābhedhyeasya	1	1
adjacent_vowels	prānṛtyallayatālavaśānugaiaḥ	1	1
adjacent_vowels	prāptahaṛṣaprakarṣaḥ	1	1
adjacent_vowels	prāptirvisaṃyiogaprāpterāvāhakasanniśrayatvādyathākramam	1	1
adjacent_vowels	prāyaścittaiṛ	1	1
adjacent_vowels	prāṇaetamevaitayā	1	1
adjacent_vowels	prāṇaikaṛṣirattā	1	1
adjacent_vowels	prāṇāu	1	1
adjacent_vowels	prāṛnāviṣur	1	1
adjacent_vowels	prīiter	1	1
adjacent_vowels	prīitr	1	1
adjacent_vowels	puanr	1	1
adjacent_vowels	puar	1	1
adjacent_vowels	puatake	1	1
adjacent_vowels	puatiśrutya	1	1
adjacent_vowels	pulindoaraṇya	1	1
adjacent_vowels	punarhetūpalabdhituṣṭiumanasikārāt	1	1
adjacent_vowels	punarvāgakātmamādyāstisraeva	1	1
adjacent_vowels	punarāeṅkāra	1	1
adjacent_vowels	punastadeāyātaṃ	1	1
adjacent_vowels	punaāc	1	1
adjacent_vowels	punātuiti	1	1
adjacent_vowels	puraantaram	1	1
adjacent_vowels	puraetetyagnirhi	1	1
adjacent_vowels	puraetetyayaṃ	1	1
adjacent_vowels	puroaḥ	1	1
adjacent_vowels	puruhūtaīśaḥ	1	1
adjacent_vowels	puruṣasyaartha	1	1
adjacent_vowels	purāagnihotrasya	1	1
adjacent_vowels	purāṇaṛṣayo	1	1
adjacent_vowels	putroanyovā	1	1
adjacent_vowels	putrāa	1	1
adjacent_vowels	putrāaurasakṣetrajadattakṛtrimagūḍhotpannāpaviddhā	1	1
adjacent_vowels	puṇaruttapecchirīe	1	1
adjacent_vowels	puṇyasyaapy	1	1
adjacent_vowels	puṇyavipāakamaheśākhyo	1	1
adjacent_vowels	puṣaapitaiścaiva	1	1
adjacent_vowels	puṣpaparāgapadmarāgavajravaiḍūryamuasāragalvārkalohitakādakṣiṇāvartaśaṅkhaśilāpravālajātarūparajatavarṇā	1	1
adjacent_vowels	pāañca	1	1
adjacent_vowels	pādaakṣaramitagacche	1	1
adjacent_vowels	pādaūnagadyāṇakatulyaṭaṅkais	1	1
adjacent_vowels	pādonaviestīrṇā	1	1
adjacent_vowels	pārvatīṛṣisaṃvādastathairodvāhamaṅgalam	1	1
adjacent_vowels	pārāvataādīnām	1	1
adjacent_vowels	pātaāsannas	1	1
adjacent_vowels	pātreannaṃ	1	1
adjacent_vowels	pāṇaaḍurā	1	1
adjacent_vowels	pāṇināagnihotra	1	1
adjacent_vowels	pāṭīadhyāyas	1	1
adjacent_vowels	pītvāupavāsaṃ	1	1
adjacent_vowels	pītvāācamya	1	1
adjacent_vowels	pītvāḷmanasā	1	1
adjacent_vowels	pītāmbaayor	1	1
adjacent_vowels	pīvoannāṃ	1	1
adjacent_vowels	pīṭhavīthībahiarbhūmikaṇṭhakarṇakapolataḥ	1	1
adjacent_vowels	pūarvavaditi	1	1
adjacent_vowels	pūjayitvaiavaṃ	1	1
adjacent_vowels	pūjāity	1	1
adjacent_vowels	pūrvaaikyam	1	1
adjacent_vowels	pūrvaaparadiślagnam	1	1
adjacent_vowels	pūrvaaparadiśrekhā	1	1
adjacent_vowels	pūrvaaparam	1	1
adjacent_vowels	pūrvaaparayos	1	1
adjacent_vowels	pūrvaavyaktasya	1	1
adjacent_vowels	pūrvavadguruṛtvigbhya	1	1
adjacent_vowels	pūrvavattāḍanādiakaṃ	1	1
adjacent_vowels	pūrvaṛṣir	1	1
adjacent_vowels	pūrveahani	1	1
adjacent_vowels	pūrvādicaturdikṣaavarcayetkramāt	1	1
adjacent_vowels	pūutinā	1	1
adjacent_vowels	pūṛnam	1	1
adjacent_vowels	pūṛnamāsyo	1	1
adjacent_vowels	pūṛṇāndattvā	1	1
adjacent_vowels	pṛatihati	1	1
adjacent_vowels	pṛiyo'ham	1	1
adjacent_vowels	pṛthupīnoonnataśroṇī	1	1
adjacent_vowels	pṛādurabhūṣi	1	1
adjacent_vowels	pṛṣṭhavāhniaḥ	1	1
adjacent_vowels	pṛṣṭovācaare	1	1
adjacent_vowels	rajaādiniṣedhenaiva	1	1
adjacent_vowels	rajoarkaparighādayaḥ	1	1
adjacent_vowels	raktāntapretakeśaiśaaca	1	1
adjacent_vowels	ramantae	1	1
adjacent_vowels	rasatvamāpnuavanti	1	1
adjacent_vowels	ratnāvlaīkaraḥ	1	1
adjacent_vowels	raviabdās	1	1
adjacent_vowels	raviinduyogāt	1	1
adjacent_vowels	ravātmasthaāya	1	1
adjacent_vowels	really	1	1
adjacent_vowels	reign	1	1
adjacent_vowels	reloaded	1	1
adjacent_vowels	rephaādivyañjanaiḥ	1	1
adjacent_vowels	rephaādivyañjanollāsiṣaṭkoṇābhivṛtaṃ	1	1
adjacent_vowels	rephaānugrahabinduyuk	1	1
adjacent_vowels	resolution	1	1
adjacent_vowels	riḥphaāṣṭaṣaṭkaṃ	1	1
adjacent_vowels	riṣaaphaṣaḍaṣṭendugato	1	1
adjacent_vowels	rodanotkrośāani	1	1
adjacent_vowels	rogaantarakalpeṣu	1	1
adjacent_vowels	romarāitarugahaṇe	1	1
adjacent_vowels	rudhirādiajaḥ	1	1
adjacent_vowels	rudranāgaṛtavas	1	1
adjacent_vowels	rudraāhate	1	1
adjacent_vowels	rvataā	1	1
adjacent_vowels	rāajñaḥ	1	1
adjacent_vowels	rāajñāṃ	1	1
adjacent_vowels	rāajā	1	1
adjacent_vowels	rāakṣasā	1	1
adjacent_vowels	rāhoemukhe	1	1
adjacent_vowels	rāhurnaiṛtyāṃ	1	1
adjacent_vowels	rājaṛṣayo	1	1
adjacent_vowels	rājñoanna	1	1
adjacent_vowels	rājñīi	1	1
adjacent_vowels	rājāhaāgantukā	1	1
adjacent_vowels	rājāubhau	1	1
adjacent_vowels	rākṣasāaḥ	1	1
adjacent_vowels	rāmasugṛīvayor	1	1
adjacent_vowels	rāmāgniṛtubāṇāgnibhūvedāgniśareṣu	1	1
adjacent_vowels	rātṛīḥ	1	1
adjacent_vowels	rāśiantarakṛtes	1	1
adjacent_vowels	rāśiantaram	1	1
adjacent_vowels	rāśiardhamūlam	1	1
adjacent_vowels	rāśiaṃśakās	1	1
adjacent_vowels	rāśiaṃśavadhāt	1	1
adjacent_vowels	rāśiaṃśena	1	1
adjacent_vowels	rāśiaṃśān	1	1
adjacent_vowels	rāśighanaāḍhyas	1	1
adjacent_vowels	rāśimānaavabodhanāya	1	1
adjacent_vowels	rāśiādyais	1	1
adjacent_vowels	rāśiādīn	1	1
adjacent_vowels	rāśīśayonirvarṇākhyaṛtavaḥ	1	1
adjacent_vowels	rāṣṭrabhṛdasiiti	1	1
adjacent_vowels	rīitikaśrutayo	1	1
adjacent_vowels	rīḷhaḥ	1	1
adjacent_vowels	rūpaantaram	1	1
adjacent_vowels	rūpaardham	1	1
adjacent_vowels	rūpaaṣṭakam	1	1
adjacent_vowels	rūpadhātauityaṣṭavidhaṃ	1	1
adjacent_vowels	rūpakṣepaarthabhāvanā	1	1
adjacent_vowels	rūpavarṇaabhihatau	1	1
adjacent_vowels	rūpaādibhis	1	1
adjacent_vowels	rūpaūnam	1	1
adjacent_vowels	rūpaūnā	1	1
adjacent_vowels	rūpoāṇi	1	1
adjacent_vowels	rūpoīnyapi	1	1
adjacent_vowels	saapasarpān	1	1
adjacent_vowels	saapasāraś	1	1
adjacent_vowels	saapidhānac	1	1
adjacent_vowels	saardhavṛttam	1	1
adjacent_vowels	saardhaślokadvayam	1	1
adjacent_vowels	saardhaḥ	1	1
adjacent_vowels	saavyaktavadhā	1	1
adjacent_vowels	saaśīti	1	1
adjacent_vowels	saaṅge	1	1
adjacent_vowels	sabrahmacāriṇāmāraocaya	1	1
adjacent_vowels	sadoṣāṇīiti	1	1
adjacent_vowels	sadāadhyātma	1	1
adjacent_vowels	sadāāraṇyād	1	1
adjacent_vowels	sadṛśachedaaṃśayutis	1	1
adjacent_vowels	saekam	1	1
adjacent_vowels	saekarūpam	1	1
adjacent_vowels	saekaviṃśatis	1	1
adjacent_vowels	saervajñeyeṣvasaṃmūḍhaṃ	1	1
adjacent_vowels	saevākarṣati	1	1
adjacent_vowels	saeṣa	1	1
adjacent_vowels	sahaagnibhir	1	1
adjacent_vowels	sahaagnīn	1	1
adjacent_vowels	sahaapatye	1	1
adjacent_vowels	sahaapatyād	1	1
adjacent_vowels	sahaaṅguṣṭham	1	1
adjacent_vowels	sahamṛṭasyāpio	1	1
adjacent_vowels	sahaojobalānvitaḥ	1	1
adjacent_vowels	sahaojobalāya	1	1
adjacent_vowels	sahaojobalāśrayaḥ	1	1
adjacent_vowels	sahasraaṃśayutas	1	1
adjacent_vowels	sahasrakṛtvaāvartayet	1	1
adjacent_vowels	sahaṛṣibhiḥ	1	1
adjacent_vowels	sahāyoan	1	1
adjacent_vowels	sajātīyakaraṇaartham	1	1
adjacent_vowels	sakalaantaram	1	1
adjacent_vowels	sakalanīitiśāstratattvajño	1	1
adjacent_vowels	saklaīkaraṇaṃ	1	1
adjacent_vowels	samaaikyam	1	1
adjacent_vowels	samaardhena	1	1
adjacent_vowels	samaarkasamās	1	1
adjacent_vowels	samacaturbhujaāyatayos	1	1
adjacent_vowels	samadhiṛpya	1	1
adjacent_vowels	samagrāiśvaryasādhanam	1	1
adjacent_vowels	samakalāantaram	1	1
adjacent_vowels	samanvārabdheudake	1	1
adjacent_vowels	samatābhyāmayiatnavāhitvāt	1	1
adjacent_vowels	samayenāuṣmān	1	1
adjacent_vowels	samaādivṛttajñānāya	1	1
adjacent_vowels	sambandhio	1	1
adjacent_vowels	samkhyāaikyam	1	1
adjacent_vowels	samprāptāityuktā	1	1
adjacent_vowels	samucchinnakuāśalamūlaḥ	1	1
adjacent_vowels	samudiātāścaiva	1	1
adjacent_vowels	samudānītāaḥ	1	1
adjacent_vowels	samupoḷhe	1	1
adjacent_vowels	samāana	1	1
adjacent_vowels	samādānaprāvivekyaghoṣaābhogasaṃhṛtāḥ	1	1
adjacent_vowels	samāvaoya	1	1
adjacent_vowels	samūhyanirmanthyaetena	1	1
adjacent_vowels	samūḷhena	1	1
adjacent_vowels	samūḷheṣu	1	1
adjacent_vowels	samūḷhān	1	1
adjacent_vowels	sandhāryaā	1	1
adjacent_vowels	sanighaṇṭakeiṭabhānāṃ	1	1
adjacent_vowels	santarpitoanalaḥ	1	1
adjacent_vowels	saptaadhikam	1	1
adjacent_vowels	saptaadhikas	1	1
adjacent_vowels	saptaapavartite	1	1
adjacent_vowels	saptaapavartitābhyām	1	1
adjacent_vowels	saptaasre	1	1
adjacent_vowels	saptamaaṃśa	1	1
adjacent_vowels	saptamaaṃśais	1	1
adjacent_vowels	saptaāḍhakena	1	1
adjacent_vowels	saptaṛcaṃ	1	1
adjacent_vowels	saptaṛṣaye	1	1
adjacent_vowels	saptaṛṣayo	1	1
adjacent_vowels	saptaṛṣibhyaḥ	1	1
adjacent_vowels	saptaṛṣibhyo	1	1
adjacent_vowels	saptaṛṣir	1	1
adjacent_vowels	saptaṛṣīniti	1	1
adjacent_vowels	saptaṛṣīṃścāpi	1	1
adjacent_vowels	saptaṛṣīṇāṃ	1	1
adjacent_vowels	saptāahasyātyayāt	1	1
adjacent_vowels	saptāahaṃ	1	1
adjacent_vowels	sapārśvapaṛṣṭhāśca	1	1
adjacent_vowels	sapṛāṇakāni	1	1
adjacent_vowels	saralavaratuṅgatarusāhasaṃchaṇṇaaṃ	1	1
adjacent_vowels	sarasakhīramāliaphalabhāraṇājhipraṃ	1	1
adjacent_vowels	sarasavorabahutintaḍīchaṇṇaaṃ	1	1
adjacent_vowels	saritāā	1	1
adjacent_vowels	sarpiṣāukthya	1	1
adjacent_vowels	sarvaaṅgaśobhanā	1	1
adjacent_vowels	sarvaekadeśe	1	1
adjacent_vowels	sarvairdevaguṇaiaḥ	1	1
adjacent_vowels	sarvametanmunīśaavara	1	1
adjacent_vowels	sarvamūlaaikyāt	1	1
adjacent_vowels	sarvanavakiaḥ	1	1
adjacent_vowels	sarvasāaṅkaryaṃ	1	1
adjacent_vowels	sarvatraagnaye	1	1
adjacent_vowels	sarvatraanumati	1	1
adjacent_vowels	sarvaśarīravyāopina	1	1
adjacent_vowels	sarvaṛtur	1	1
adjacent_vowels	sarveanuloma	1	1
adjacent_vowels	sarvendriayasaṃmohājjaḍatāmevaṃ	1	1
adjacent_vowels	sarveām	1	1
adjacent_vowels	sarveṣua	1	1
adjacent_vowels	sarvālaṃkāravibhūṣitapramadāgaṇaparivṛtāa	1	1
adjacent_vowels	sarvāptirvāeṣā	1	1
adjacent_vowels	sarvāuṣadhaiḥ	1	1
adjacent_vowels	sarūpaaṣṭakam	1	1
adjacent_vowels	sattrāṇiiti	1	1
adjacent_vowels	sattvādiamayās	1	1
adjacent_vowels	sattānyaaryāyaṃ	1	1
adjacent_vowels	sattānāaśitvadoṣasya	1	1
adjacent_vowels	saumyaphaālgunavaiśākhamāghaśrāvaṇakārtikāḥ	1	1
adjacent_vowels	sauratadhārṣṭyaastenire	1	1
adjacent_vowels	saurāeṃtyajādhipaḥ	1	1
adjacent_vowels	sauvaṛṇāścakravāḍaḥ	1	1
adjacent_vowels	savarṇoanulomeṣu	1	1
adjacent_vowels	saviṣaaṇubheṣu	1	1
adjacent_vowels	saviṣṇuṛṣicāraṇāḥ	1	1
adjacent_vowels	savṛīḍavilokiteṣv	1	1
adjacent_vowels	saābādham	1	1
adjacent_vowels	saāced	1	1
adjacent_vowels	saṃcodayaām	1	1
adjacent_vowels	saṃdhiākhyam	1	1
adjacent_vowels	saṃdhiūnā	1	1
adjacent_vowels	saṃghaākrośikā	1	1
adjacent_vowels	saṃghāṭiuttarāsaṅgamantarvāsakaṃ	1	1
adjacent_vowels	saṃhanasyāsīnmahimnao	1	1
adjacent_vowels	saṃhṛiyate	1	1
adjacent_vowels	saṃhṛādīyo	1	1
adjacent_vowels	saṃjñayāekatvasaṃjñinaḥ	1	1
adjacent_vowels	saṃjāanīte	1	1
adjacent_vowels	saṃkalitaaikyam	1	1
adjacent_vowels	saṃkalitaaikye	1	1
adjacent_vowels	saṃkalitaaikyāni	1	1
adjacent_vowels	saṃkalitaākhyā	1	1
adjacent_vowels	saṃkhyāparimāṇapṛthaktvasaṃyogavibhāgaparatvaaparatvasattādayo	1	1
adjacent_vowels	saṃkramaṇaākhyam	1	1
adjacent_vowels	saṃkīrtyaabhivādayed	1	1
adjacent_vowels	saṃkṛṣyaadbhiḥ	1	1
adjacent_vowels	saṃkṣiptakao	1	1
adjacent_vowels	saṃnivieśayet	1	1
adjacent_vowels	saṃnyāsinoan	1	1
adjacent_vowels	saṃprahaṛśaṇaviśeṣo	1	1
adjacent_vowels	saṃsaatulaṇa	1	1
adjacent_vowels	saṃsiddhayāanapātra	1	1
adjacent_vowels	saṃskāraviopariṇāmatāṃ	1	1
adjacent_vowels	saṃskṛtadharmauaryāyāḥ	1	1
adjacent_vowels	saṃskṛtyaāhavanīyepūrṇa	1	1
adjacent_vowels	saṃsoṛṣṭe	1	1
adjacent_vowels	saṃsāreabhivṛddhiṃ	1	1
adjacent_vowels	saṃvartakaiṛ	1	1
adjacent_vowels	saṃvarṇitaaṃśamūlam	1	1
adjacent_vowels	saṃviddāsaṛṇādibhiḥ	1	1
adjacent_vowels	saṃviśeante	1	1
adjacent_vowels	saṃvāṛtijñānamevānāgataṃ	1	1
adjacent_vowels	saṃyathaīdaṃ	1	1
adjacent_vowels	saṃyogenaācāryaḥ	1	1
adjacent_vowels	saṃyoiga	1	1
adjacent_vowels	saṃśayajātāaḥ	1	1
adjacent_vowels	saṃśodhyaapaḥ	1	1
adjacent_vowels	saṅkalitaādiṣu	1	1
adjacent_vowels	saṅkalitaādyām	1	1
adjacent_vowels	saṛkṣagavi	1	1
adjacent_vowels	saṛtadhvajaḥ	1	1
adjacent_vowels	saṛtvijaḥ	1	1
adjacent_vowels	saṛva	1	1
adjacent_vowels	saṛṣi	1	1
adjacent_vowels	saṛṣidaivatam	1	1
adjacent_vowels	saṛṣikasya	1	1
adjacent_vowels	scaaṅgulas	1	1
adjacent_vowels	sea	1	1
adjacent_vowels	seeks	1	1
adjacent_vowels	seems	1	1
adjacent_vowels	sevattiā	1	1
adjacent_vowels	siaṃharkṣavānaravyāghraśvāpadāṃśca	1	1
adjacent_vowels	siddhāntavādaavāntaraprakaraṇam	1	1
adjacent_vowels	siddhāuṣadhamantratapaḥsamādhimahimasamāsāditātiśayānīndriyāṇi	1	1
adjacent_vowels	siddhāīti	1	1
adjacent_vowels	siktvāayonau	1	1
adjacent_vowels	sillāī	1	1
adjacent_vowels	sindūraaṃ	1	1
adjacent_vowels	sirisauttuṅgagandhohavaramāruaṃ	1	1
adjacent_vowels	siriātoraṇaṃ	1	1
adjacent_vowels	sirāḷyācitaphālakam	1	1
adjacent_vowels	sitiaraktasamāyoge	1	1
adjacent_vowels	siṃgariaṃ	1	1
adjacent_vowels	skandhadhātvāayataneṣu	1	1
adjacent_vowels	smaradhūmaketuruditeo	1	1
adjacent_vowels	smartṛāṇāṃ	1	1
adjacent_vowels	smitajyotsnārambhakṣapitavirahadhvāntanivahoaḥ	1	1
adjacent_vowels	smṛtyupasthānadoṣaāṇāṃ	1	1
adjacent_vowels	smṛtyācāraeṣvyapetena	1	1
adjacent_vowels	snāapayati	1	1
adjacent_vowels	snāośīraphalakurvatriśīrṣāṇāṃ	1	1
adjacent_vowels	snātiity	1	1
adjacent_vowels	snātvāaghamarṣaṇa	1	1
adjacent_vowels	snātvāagnihotraṃ	1	1
adjacent_vowels	soaśvamedha	1	1
adjacent_vowels	somārkaṛkṣair	1	1
adjacent_vowels	spandiataistathā	1	1
adjacent_vowels	special	1	1
adjacent_vowels	sphaāramukhaṃ	1	1
adjacent_vowels	sphaāṭikaṃ	1	1
adjacent_vowels	sphaāṭike	1	1
adjacent_vowels	sphaītā	1	1
adjacent_vowels	sphuṭaśaśimāsaante	1	1
adjacent_vowels	sphītāsṛkpānagoṣṭhīrasadaśivaśivātūṛyanṛtyatkabandhe	1	1
adjacent_vowels	sriotasi	1	1
adjacent_vowels	srotaāpannasyeti	1	1
adjacent_vowels	srotaāpannau	1	1
adjacent_vowels	srotaāpannaḥ	1	1
adjacent_vowels	srotaāpattiphalapratipannakasya	1	1
adjacent_vowels	srotaāpattiphalapratipannakaḥ	1	1
adjacent_vowels	srotaāpattiphalavyavasthānam	1	1
adjacent_vowels	srotaāpattiphalāni	1	1
adjacent_vowels	srotaāpattiphalāny	1	1
adjacent_vowels	srotāapattiphalam	1	1
adjacent_vowels	srotāapattiphale	1	1
adjacent_vowels	stambhapramāṇaantare	1	1
adjacent_vowels	startṛāṇāṃ	1	1
adjacent_vowels	sthaeva	1	1
adjacent_vowels	sthalajāudakaśākāni	1	1
adjacent_vowels	sthaviroaguptasakāśāddharmaṃ	1	1
adjacent_vowels	sthaāvarādayaḥ	1	1
adjacent_vowels	sthtiam	1	1
adjacent_vowels	sthāanametadvidyate	1	1
adjacent_vowels	sthānaantaratvena	1	1
adjacent_vowels	sthānaantare	1	1
adjacent_vowels	sthānaantareṣu	1	1
adjacent_vowels	sthānasahasreais	1	1
adjacent_vowels	sthāvarādyāśaaca	1	1
adjacent_vowels	sthūladhānyarāśimānaavabodhanāya	1	1
adjacent_vowels	sthūlagulphaāṃ	1	1
adjacent_vowels	sthūlajīvājñānaartham	1	1
adjacent_vowels	sthūlakocavaneamataciliminikabimbopadhānakamaṃcapīṭhavṛśipīṭhāntare	1	1
adjacent_vowels	sthūlatvanirūpaṇaartham	1	1
adjacent_vowels	sthūlaādidhānyānām	1	1
adjacent_vowels	sthūleṣūdvāhiotā	1	1
adjacent_vowels	strīaṇāṃ	1	1
adjacent_vowels	strībhiuritīdaṃ	1	1
adjacent_vowels	strīhiṃsāuṣadhajīvanam	1	1
adjacent_vowels	strīutsadadauṣṭhulyāni	1	1
adjacent_vowels	stṛṛ	1	1
adjacent_vowels	suacchatanutvāt	1	1
adjacent_vowels	sualparāśivadhabhājite	1	1
adjacent_vowels	sualpā	1	1
adjacent_vowels	suaujasiti	1	1
adjacent_vowels	suaṇo	1	1
adjacent_vowels	subdues	1	1
adjacent_vowels	subuddhirāhaevaṃ	1	1
adjacent_vowels	sudarbhaṛtusaṃstīrṇaṃ	1	1
adjacent_vowels	sugandhiśephaālīkusumādyaiḥ	1	1
adjacent_vowels	sugandhiśiphaālikayā	1	1
adjacent_vowels	suicide	1	1
adjacent_vowels	sujātiguṇavargavibhūṣitaaṅgī	1	1
adjacent_vowels	sukaasu	1	1
adjacent_vowels	sukhaartham	1	1
adjacent_vowels	sukhadenetareana	1	1
adjacent_vowels	sukṛtaāyuṣos	1	1
adjacent_vowels	sukṛtāntalayaīkaparāyaṇāḥ	1	1
adjacent_vowels	sunaphaāyāṃ	1	1
adjacent_vowels	suotaṃ	1	1
adjacent_vowels	supratyūḷhān	1	1
adjacent_vowels	suraaṃ	1	1
adjacent_vowels	surabhimatīmṛcamantato'nvāhurdadhikrāvṇoakāriṣamiti	1	1
adjacent_vowels	suraṛṣimānavārcitaṃ	1	1
adjacent_vowels	suraṛṣirviṣṇoḥ	1	1
adjacent_vowels	suraṛṣiviṣṇoḥ	1	1
adjacent_vowels	suraṛṣiṃ	1	1
adjacent_vowels	suraṛṣiṇā	1	1
adjacent_vowels	sureāśvaras	1	1
adjacent_vowels	surāmāṃsapradāneana	1	1
adjacent_vowels	suvarṇadhenuanaḍvāha	1	1
adjacent_vowels	suvarṇakāroayaskāraḥ	1	1
adjacent_vowels	suvarṇatadvarṇavadhaaikyahīnāt	1	1
adjacent_vowels	suvarṇavarṇaāhatiyogarāśau	1	1
adjacent_vowels	suveṣaścānaphaābhavaḥ	1	1
adjacent_vowels	suṛjuraktacaraṇā	1	1
adjacent_vowels	svaahorātra	1	1
adjacent_vowels	svaahorātraiṣṭajyā	1	1
adjacent_vowels	svaahorātre	1	1
adjacent_vowels	svaardhasahitas	1	1
adjacent_vowels	svabhāevna	1	1
adjacent_vowels	svabhṛtyaṛṣivākyamṛtaṃ	1	1
adjacent_vowels	svabāṇajāalāni	1	1
adjacent_vowels	svaiṣṭaṛṇachedaguṇau	1	1
adjacent_vowels	svajīivite'py	1	1
adjacent_vowels	svalpaanalpayos	1	1
adjacent_vowels	svalpavarṇaūnitas	1	1
adjacent_vowels	svaphaāgnayo	1	1
adjacent_vowels	svapnae	1	1
adjacent_vowels	svapnābhikaraena	1	1
adjacent_vowels	svaruūpābhedo	1	1
adjacent_vowels	svarṇaaikyabhakte	1	1
adjacent_vowels	svarṇaaikyanighnas	1	1
adjacent_vowels	svarṇaaikyanighnāt	1	1
adjacent_vowels	svarṇaghnavarṇaaikyaviyojitas	1	1
adjacent_vowels	svasaptabhāgaadhikā	1	1
adjacent_vowels	svasthaānamāvrajat	1	1
adjacent_vowels	svastiakau	1	1
adjacent_vowels	svastikavicyuitikaraṇād	1	1
adjacent_vowels	svasvapadaūnau	1	1
adjacent_vowels	svasvaṛṇagās	1	1
adjacent_vowels	svasṛṛṇām	1	1
adjacent_vowels	svatantraīḥ	1	1
adjacent_vowels	svatoudbhūtāni	1	1
adjacent_vowels	svavāgvirodheabhedaḥ	1	1
adjacent_vowels	svayaṃsiddhatādṛśātādṛśatattvāntarābhāvaāt	1	1
adjacent_vowels	svaābādhābhujakṛtyos	1	1
adjacent_vowels	svaārthe	1	1
adjacent_vowels	svaāvādhe	1	1
adjacent_vowels	svaṛttam	1	1
adjacent_vowels	svaṛṇaghāte	1	1
adjacent_vowels	svaṛṇayos	1	1
adjacent_vowels	svādhyāeśvarapraṇidhānāni	1	1
adjacent_vowels	svādhyāyaeva	1	1
adjacent_vowels	svāhāity	1	1
adjacent_vowels	svāhāputrao	1	1
adjacent_vowels	svāyambhuavam	1	1
adjacent_vowels	syiānna	1	1
adjacent_vowels	syāayugmake	1	1
adjacent_vowels	sāarasvatau	1	1
adjacent_vowels	sāarā	1	1
adjacent_vowels	sāasya	1	1
adjacent_vowels	sādhuasmā	1	1
adjacent_vowels	sādhāraṇaṛṇanyāsa	1	1
adjacent_vowels	sāditvaasyaiva	1	1
adjacent_vowels	sāhāyyaahetor	1	1
adjacent_vowels	sāiṃ	1	1
adjacent_vowels	sāmabhioś	1	1
adjacent_vowels	sāmayajuṛgvarṇāḥ	1	1
adjacent_vowels	sāmaṛgvyatiriktaṃ	1	1
adjacent_vowels	sāmaṛgyajurveda	1	1
adjacent_vowels	sāmaṛgyajurvedaviniṣpādanahaitukī	1	1
adjacent_vowels	sāmaṛgyajuḥ	1	1
adjacent_vowels	sāndramadhuparimalaī	1	1
adjacent_vowels	sānurūām	1	1
adjacent_vowels	sāritāām	1	1
adjacent_vowels	sāubhāgyaṃ	1	1
adjacent_vowels	sāumyaṃ	1	1
adjacent_vowels	sāumyāṃ	1	1
adjacent_vowels	sāḷhā	1	1
adjacent_vowels	sāḷvittir	1	1
adjacent_vowels	sūcīpādastathaiava	1	1
adjacent_vowels	sūktenaagha	1	1
adjacent_vowels	sūktenaaghamarṣaṇaṃ	1	1
adjacent_vowels	sūktenaagniṃmathitvā	1	1
adjacent_vowels	sūryaabdānām	1	1
adjacent_vowels	sūryaabhimukhāni	1	1
adjacent_vowels	sūryaśaṅkuagram	1	1
adjacent_vowels	sūryaṝkṣāṇāṃ	1	1
adjacent_vowels	sṛṣṭiṛddhismṛtimedhākāntilakṣmīdyutisthirāsthitisiddhayo	1	1
adjacent_vowels	taad	1	1
adjacent_vowels	taaṅgajyotiṣo'pi	1	1
adjacent_vowels	taccaitaccaturvidhamapoi	1	1
adjacent_vowels	tacchrūyatāam	1	1
adjacent_vowels	taccāyīuktaṃ	1	1
adjacent_vowels	tadanugāvubhaua	1	1
adjacent_vowels	tadanusandhānenaeti	1	1
adjacent_vowels	tadarthānugairjapyeairdruhiṇaḥ	1	1
adjacent_vowels	tadaīva	1	1
adjacent_vowels	tadbhaveardharecitam	1	1
adjacent_vowels	tadbhaveet	1	1
adjacent_vowels	taddānayāthārthyaasyāvaśyakatvāt	1	1
adjacent_vowels	tadeacasyeva	1	1
adjacent_vowels	tadkarṇarekhāavacchinnasya	1	1
adjacent_vowels	tadkhaṇḍavargaaikyayutā	1	1
adjacent_vowels	tadkhaṇḍavargaaikyena	1	1
adjacent_vowels	tadlambavargaaikyapadam	1	1
adjacent_vowels	tadphalaānayane	1	1
adjacent_vowels	tadsaṃkhyakaaikyāni	1	1
adjacent_vowels	tadsaṃkhyāaikyam	1	1
adjacent_vowels	tadsaṃyogaantara	1	1
adjacent_vowels	tadvargaantaram	1	1
adjacent_vowels	tadvargaghanaādayas	1	1
adjacent_vowels	tadyutaūnayā	1	1
adjacent_vowels	tadādhāraāḥ	1	1
adjacent_vowels	tadāhatavarṇaaikyam	1	1
adjacent_vowels	tadānīiṃ	1	1
adjacent_vowels	tadāḷgṛhṇāty	1	1
adjacent_vowels	tadśeṣaūnāt	1	1
adjacent_vowels	tahea	1	1
adjacent_vowels	takṣakoaspṛśyojhallarī	1	1
adjacent_vowels	tallekhyaniṛṇayaḥ	1	1
adjacent_vowels	tamadhikāṛtyāha	1	1
adjacent_vowels	tamasraviśaśaaṅkamānāni	1	1
adjacent_vowels	tamaādimayatvena	1	1
adjacent_vowels	tamaādivyañjakateti	1	1
adjacent_vowels	tamaādīnāṃ	1	1
adjacent_vowels	tamoudrekī	1	1
adjacent_vowels	tamoudriktā	1	1
adjacent_vowels	tandulaaṃśayugalam	1	1
adjacent_vowels	tanniphaālanam	1	1
adjacent_vowels	tantraī	1	1
adjacent_vowels	tantrībhāṇḍasamāyoagaiḥ	1	1
adjacent_vowels	tanvateaprajajñaye	1	1
adjacent_vowels	taopnuṣṭhitavān	1	1
adjacent_vowels	tapasaānītā	1	1
adjacent_vowels	tapaādi	1	1
adjacent_vowels	tapaādibhir	1	1
adjacent_vowels	tapaādibhiḥ	1	1
adjacent_vowels	tapaādikaṃ	1	1
adjacent_vowels	tapaādinirapekṣayā	1	1
adjacent_vowels	tapaādinā	1	1
adjacent_vowels	tapaādipradhānaiva	1	1
adjacent_vowels	tapaādisampatteḥ	1	1
adjacent_vowels	tapaādyantar	1	1
adjacent_vowels	tapaṛtau	1	1
adjacent_vowels	tapāadibhiḥ	1	1
adjacent_vowels	tarpayitvāādyābhiś	1	1
adjacent_vowels	taruaṇakāle	1	1
adjacent_vowels	tasmādapyavastukāucyante	1	1
adjacent_vowels	tasmādaābhiprāyikenānena	1	1
adjacent_vowels	tasmādgrahastasmiadyajuḥ	1	1
adjacent_vowels	tasmādvāāskauti	1	1
adjacent_vowels	tasyaapi	1	1
adjacent_vowels	tasyaaraṇyam	1	1
adjacent_vowels	tasyaetad	1	1
adjacent_vowels	tasyaete	1	1
adjacent_vowels	tasyaāsanam	1	1
adjacent_vowels	tasyiavopapāditatvāt	1	1
adjacent_vowels	tasyāas	1	1
adjacent_vowels	tasyāu	1	1
adjacent_vowels	tasyāvasthāantara	1	1
adjacent_vowels	tataūrdhvaṃ	1	1
adjacent_vowels	tathaiava	1	1
adjacent_vowels	tathaivaa	1	1
adjacent_vowels	tathaivācamaīyasya	1	1
adjacent_vowels	tathaivātharvaṛksāmnāṃ	1	1
adjacent_vowels	tathaīva	1	1
adjacent_vowels	tathiavāvihitenāpi	1	1
adjacent_vowels	tathoapavanasaṃcarāḥ	1	1
adjacent_vowels	tathāagatacaityeṣu	1	1
adjacent_vowels	tathāagnīn	1	1
adjacent_vowels	tathāaiva	1	1
adjacent_vowels	tathāanutthitāyāṃ	1	1
adjacent_vowels	tathāanyasyāṃ	1	1
adjacent_vowels	tathāapapātraiḥ	1	1
adjacent_vowels	tathāapara	1	1
adjacent_vowels	tathāaprayatāya	1	1
adjacent_vowels	tathāaruṇe	1	1
adjacent_vowels	tathāavarān	1	1
adjacent_vowels	tathāavaṭaṃ	1	1
adjacent_vowels	tathāelakaṃ	1	1
adjacent_vowels	tathāevauktvā	1	1
adjacent_vowels	tathāikāra	1	1
adjacent_vowels	tathāivordhvagato	1	1
adjacent_vowels	tathāivānucaritavyo	1	1
adjacent_vowels	tathāmṛdāadbhiḥ	1	1
adjacent_vowels	tathāoṣadhi	1	1
adjacent_vowels	tathātatraāsayitvā	1	1
adjacent_vowels	tathāvaatāritam	1	1
adjacent_vowels	tathāvidhavacaādīnām	1	1
adjacent_vowels	tathāḷdivā	1	1
adjacent_vowels	tathāḷkṣaṃ	1	1
adjacent_vowels	tatkāntikandaīlcchuritvena	1	1
adjacent_vowels	tatoūrdhvasrotasāṃ	1	1
adjacent_vowels	tatraanirdaśe	1	1
adjacent_vowels	tatraannaṃ	1	1
adjacent_vowels	tatraapi	1	1
adjacent_vowels	tatraenaṃ	1	1
adjacent_vowels	tatraeva	1	1
adjacent_vowels	tatraevauddhṛtya	1	1
adjacent_vowels	tatraācāryo	1	1
adjacent_vowels	tatraātma	1	1
adjacent_vowels	tatrāasya	1	1
adjacent_vowels	tatrāi	1	1
adjacent_vowels	tattadrūpeṇaāvagamyate	1	1
adjacent_vowels	tattvaiśaavaryamanuttamam	1	1
adjacent_vowels	tattṛtīyatvea	1	1
adjacent_vowels	taulyaādes	1	1
adjacent_vowels	tavaanugāḥ	1	1
adjacent_vowels	tavaopadeśāttu	1	1
adjacent_vowels	tayiorviṣyaḥ	1	1
adjacent_vowels	tayoirnāsti	1	1
adjacent_vowels	taāpyāyatāṃ	1	1
adjacent_vowels	taṃgacchantiiti	1	1
adjacent_vowels	taṇḍulaaṃśa	1	1
adjacent_vowels	teagne	1	1
adjacent_vowels	tejodhātāuḥ	1	1
adjacent_vowels	tenaenaṃ	1	1
adjacent_vowels	tenaeva	1	1
adjacent_vowels	tenoupasaṃkramema	1	1
adjacent_vowels	thamārkaṇḍaṛṣibhiḥ	1	1
adjacent_vowels	thaṇajualaṃ	1	1
adjacent_vowels	thoughts	1	1
adjacent_vowels	tigmabhāsaaḥ	1	1
adjacent_vowels	tilataṇḍuilādayaḥ	1	1
adjacent_vowels	tiryagvadhiūkatvasyākalpikatvaṃ	1	1
adjacent_vowels	tisroaṣṭakāsu	1	1
adjacent_vowels	tiṛbhir	1	1
adjacent_vowels	trailokyaṛddhisampannaḥ	1	1
adjacent_vowels	trairāśikaādiṣu	1	1
adjacent_vowels	traivarṇikānāmuditaṛ	1	1
adjacent_vowels	trayodaśāeti	1	1
adjacent_vowels	triadhika	1	1
adjacent_vowels	triarkamite	1	1
adjacent_vowels	triasrajātye	1	1
adjacent_vowels	triasrakṣetrasya	1	1
adjacent_vowels	triasrapūrvāṇām	1	1
adjacent_vowels	triasravat	1	1
adjacent_vowels	triasrayos	1	1
adjacent_vowels	triaṃśaguṇas	1	1
adjacent_vowels	triaṃśamāsena	1	1
adjacent_vowels	triaṃśau	1	1
adjacent_vowels	triaṃśayuktas	1	1
adjacent_vowels	triaṅgulā	1	1
adjacent_vowels	tribhāgoanair	1	1
adjacent_vowels	trighanaūnam	1	1
adjacent_vowels	tripathagāsañcārinaukāgaṇoaḥ	1	1
adjacent_vowels	tripraśnaadhyāye	1	1
adjacent_vowels	trirupāṃśuuccaiś	1	1
adjacent_vowels	trirāśisahitaayanāt	1	1
adjacent_vowels	trirāśiūnam	1	1
adjacent_vowels	triuddhṛtam	1	1
adjacent_vowels	triādibhedās	1	1
adjacent_vowels	triādimūṣāvahanamitim	1	1
adjacent_vowels	triādimūṣāvahanasaṃkhyās	1	1
adjacent_vowels	triādivadhas	1	1
adjacent_vowels	triādiyuktās	1	1
adjacent_vowels	triādīnām	1	1
adjacent_vowels	triāḍhyas	1	1
adjacent_vowels	triūnam	1	1
adjacent_vowels	triūnas	1	1
adjacent_vowels	triūnā	1	1
adjacent_vowels	triṛṇān	1	1
adjacent_vowels	true	1	1
adjacent_vowels	tua	1	1
adjacent_vowels	tuaṇḍulānāṃ	1	1
adjacent_vowels	tucchae	1	1
adjacent_vowels	tueva	1	1
adjacent_vowels	tulyaharaaṃśakānām	1	1
adjacent_vowels	tumuulaṃ	1	1
adjacent_vowels	tuṣaayati	1	1
adjacent_vowels	tvaaṅkaśayane	1	1
adjacent_vowels	tvaccaraṇakamalāikāntamanasām	1	1
adjacent_vowels	tvayaitadvoiṣṇunā	1	1
adjacent_vowels	tvaājñāpālanam	1	1
adjacent_vowels	tvaāvirbhāvasamaye	1	1
adjacent_vowels	tvāiti	1	1
adjacent_vowels	tvāūrje	1	1
adjacent_vowels	tyaktadoṣonuarāgī	1	1
adjacent_vowels	tyājanenaa	1	1
adjacent_vowels	tāapś	1	1
adjacent_vowels	tābhiṛ	1	1
adjacent_vowels	tādṛśaiśvaryaajñānarahitāḥ	1	1
adjacent_vowels	tāi	1	1
adjacent_vowels	tāu	1	1
adjacent_vowels	tāuttamā	1	1
adjacent_vowels	tāūbhau	1	1
adjacent_vowels	tīrthābhiogamane	1	1
adjacent_vowels	tīvṛī	1	1
adjacent_vowels	tīṛthaṃ	1	1
adjacent_vowels	tūpalakṣaānīty	1	1
adjacent_vowels	tūṣṇībhāvnea	1	1
adjacent_vowels	tūṣṇīmupatiṣṭhateatha	1	1
adjacent_vowels	tṛipta	1	1
adjacent_vowels	tṛtīiyajanmani	1	1
adjacent_vowels	uadadhiveleva	1	1
adjacent_vowels	uadaṅgaṃ	1	1
adjacent_vowels	uapahataṃ	1	1
adjacent_vowels	uapapattikāraṇābhyaniñjānādapratiṣedhaḥ	1	1
adjacent_vowels	uapapattisamaprakaraṇam	1	1
adjacent_vowels	uaphavyam	1	1
adjacent_vowels	uapjīvī	1	1
adjacent_vowels	uapsthāpitāni	1	1
adjacent_vowels	uapāsikāḥ	1	1
adjacent_vowels	uapāyaḥ	1	1
adjacent_vowels	uas	1	1
adjacent_vowels	ucchiṣṭoaśucir	1	1
adjacent_vowels	udadhiśuktieṣu	1	1
adjacent_vowels	udakasyaagner	1	1
adjacent_vowels	udayaantaraghaṭikābhis	1	1
adjacent_vowels	udayaantaranāḍikābhis	1	1
adjacent_vowels	udayaastamayanimittam	1	1
adjacent_vowels	udayaastamayau	1	1
adjacent_vowels	udayeastamaye	1	1
adjacent_vowels	udbudhaayasvāti	1	1
adjacent_vowels	uddhartavyāniīti	1	1
adjacent_vowels	uddhṛtayutaūnitas	1	1
adjacent_vowels	uddālakaṛṣes	1	1
adjacent_vowels	udyamyaapa	1	1
adjacent_vowels	udyāane	1	1
adjacent_vowels	udāardreṇa	1	1
adjacent_vowels	udāharaṇaantaram	1	1
adjacent_vowels	udāhṛato	1	1
adjacent_vowels	udāhṛiyate	1	1
adjacent_vowels	uictā	1	1
adjacent_vowels	uiparyetītyevamevaitadyājñavalkya	1	1
adjacent_vowels	uiti	1	1
adjacent_vowels	uiṣayabalena	1	1
adjacent_vowels	ukthāi	1	1
adjacent_vowels	ulmukāvakṣayaṇamakratāiti	1	1
adjacent_vowels	uotthāya	1	1
adjacent_vowels	upabhoagaviśeṣe	1	1
adjacent_vowels	upahārākhyamīdṛaśam	1	1
adjacent_vowels	upalakṣaṇaartham	1	1
adjacent_vowels	upapattibhavastadbhūmikaīreva	1	1
adjacent_vowels	upapādukapratiṣedhādaṇḍajajarāyujasaṃsvedajaīriti	1	1
adjacent_vowels	uparigaaṃśās	1	1
adjacent_vowels	upatiṣaaṭatāmakṣayyasthāne	1	1
adjacent_vowels	upavaḷhāmasi	1	1
adjacent_vowels	upavītaṃkṛtvāutkaṭikam	1	1
adjacent_vowels	upaāraṃ	1	1
adjacent_vowels	upaśrotāādityo	1	1
adjacent_vowels	upetasyaācārya	1	1
adjacent_vowels	upāayanam	1	1
adjacent_vowels	upādhyāyinīācāryāyo	1	1
adjacent_vowels	upākṛtyaanadhyayanaṃ	1	1
adjacent_vowels	upālambhakṛatairvākyairupālabhyastu	1	1
adjacent_vowels	upāntimaādīn	1	1
adjacent_vowels	urugāyapadābjearāgaśrīkuṅkumena	1	1
adjacent_vowels	utkampitāṃsakaśirastaccāpahasiataṃ	1	1
adjacent_vowels	utpannoabhiniṣakta	1	1
adjacent_vowels	utpannoaśuddhobhoja	1	1
adjacent_vowels	utsicyaapratīkṣā	1	1
adjacent_vowels	utsicyaetad	1	1
adjacent_vowels	utsṛjyaanyathā	1	1
adjacent_vowels	uttamasyaeka	1	1
adjacent_vowels	uttamaṛṇāḥ	1	1
adjacent_vowels	uttaptahemavrṇasadṛaśāvabhāsa	1	1
adjacent_vowels	uttarataāyatanā	1	1
adjacent_vowels	uttareapy	1	1
adjacent_vowels	uttareṇaapidhānyām	1	1
adjacent_vowels	uttareṇaaryamṇaḥ	1	1
adjacent_vowels	utthāyaanadhyāya	1	1
adjacent_vowels	utṣṛṣṛalīlāgatir	1	1
adjacent_vowels	uvaāca	1	1
adjacent_vowels	uvācaahaṃ	1	1
adjacent_vowels	uvācaare	1	1
adjacent_vowels	uvācaastv	1	1
adjacent_vowels	uāca	1	1
adjacent_vowels	uūgajaḍadabalāḥ	1	1
adjacent_vowels	vaanakisalāni	1	1
adjacent_vowels	vaaṃśe	1	1
adjacent_vowels	vacanajātasiddhanijanityāvasthitakaiśoraādi	1	1
adjacent_vowels	vadansarvabhūtasyaavirodhī	1	1
adjacent_vowels	vadantianena	1	1
adjacent_vowels	vadatiaho	1	1
adjacent_vowels	vadhaādau	1	1
adjacent_vowels	vahatuiti	1	1
adjacent_vowels	vahnīṣuṛṣimadhyācca	1	1
adjacent_vowels	vairāgyārthaa	1	1
adjacent_vowels	vaitānāupāsanāḥ	1	1
adjacent_vowels	vaiyaarthyaṃ	1	1
adjacent_vowels	vajraabhyāsau	1	1
adjacent_vowels	vajraabhyāsayos	1	1
adjacent_vowels	vajravadhaaikyam	1	1
adjacent_vowels	vakraā	1	1
adjacent_vowels	vaktṛvyāapāraviṣayo	1	1
adjacent_vowels	vakṣaayāmi	1	1
adjacent_vowels	valitāvidhdaua	1	1
adjacent_vowels	vanaantarāle	1	1
adjacent_vowels	vanae	1	1
adjacent_vowels	vaneadrau	1	1
adjacent_vowels	vargaakṣarāṇi	1	1
adjacent_vowels	vargaantareṇa	1	1
adjacent_vowels	vargaavyaktās	1	1
adjacent_vowels	vargaādau	1	1
adjacent_vowels	vargaādyam	1	1
adjacent_vowels	vargaāhatarūpāṇām	1	1
adjacent_vowels	varjayedvaiṣṇavaṛ	1	1
adjacent_vowels	vartitayiavāśrityatvāt	1	1
adjacent_vowels	varuoḍabhāṇḍadāsīdāsakarmakarapauruṣayagomahiṣyajaiḍakabhaiṣajyabuddhaśāstrapustakānāṃ	1	1
adjacent_vowels	varāhapretaśārdūlasiṃhamārjāravārāiḥ	1	1
adjacent_vowels	varṣādiṛtusaṃyuktaṃ	1	1
adjacent_vowels	vasanoarka	1	1
adjacent_vowels	vasasiiha	1	1
adjacent_vowels	vasaṃtaṛtunā	1	1
adjacent_vowels	vastreṇaāchādya	1	1
adjacent_vowels	vastrāir	1	1
adjacent_vowels	vastrālaṃkāraśayyāi	1	1
adjacent_vowels	vasyaīṣṭaya	1	1
adjacent_vowels	vatsenaanimitte	1	1
adjacent_vowels	vatsāaṃs	1	1
adjacent_vowels	vaḍavāibhir	1	1
adjacent_vowels	vaḍavāikābhiḥ	1	1
adjacent_vowels	vaḍavāikānisāhāyāṃ	1	1
adjacent_vowels	vaḍavāikānāṃ	1	1
adjacent_vowels	vaḷhām	1	1
adjacent_vowels	vaṃśaantarabhūs	1	1
adjacent_vowels	vaṛṇāśramācaravatā	1	1
adjacent_vowels	vaṛṣati	1	1
adjacent_vowels	vedamadhīyānoamāvāsyāyāṃ	1	1
adjacent_vowels	veedanā	1	1
adjacent_vowels	veśamupatiṣṭhantiityasakṛtatipraṇudya	1	1
adjacent_vowels	via	1	1
adjacent_vowels	viacakṣaṇaiḥ	1	1
adjacent_vowels	viaharati	1	1
adjacent_vowels	viahrati	1	1
adjacent_vowels	viakuṇṭhaparyāyaśabdāḥ	1	1
adjacent_vowels	viakuṇṭhāt	1	1
adjacent_vowels	vianayadhare	1	1
adjacent_vowels	viayarthyāpatteḥ	1	1
adjacent_vowels	viaṇaviḍambaṇā	1	1
adjacent_vowels	viaṣṇavalaukikadharmānuṣṭhānaṃ	1	1
adjacent_vowels	vibhāvodbhāsvarānubhāvavaiśiṣṭyenaaiva	1	1
adjacent_vowels	vicacāara	1	1
adjacent_vowels	vicchedapreakṣiteṣu	1	1
adjacent_vowels	vicintyāhaasti	1	1
adjacent_vowels	vicityaā	1	1
adjacent_vowels	vidhaavaṃsate	1	1
adjacent_vowels	vidhaayate	1	1
adjacent_vowels	vidhaānaṃ	1	1
adjacent_vowels	vidhināagni	1	1
adjacent_vowels	vidhināagnim	1	1
adjacent_vowels	vidhānenaātmayajñaṃ	1	1
adjacent_vowels	vidyamāneapi	1	1
adjacent_vowels	viekam	1	1
adjacent_vowels	viekarūpam	1	1
adjacent_vowels	viekasya	1	1
adjacent_vowels	vighnamuatpattau	1	1
adjacent_vowels	vighnenaātma	1	1
adjacent_vowels	vihivihiaṃ	1	1
adjacent_vowels	viijñānam	1	1
adjacent_vowels	viimohas	1	1
adjacent_vowels	vijñeayaṃ	1	1
adjacent_vowels	vijñeayo	1	1
adjacent_vowels	vijānīiyād	1	1
adjacent_vowels	vikalāantaram	1	1
adjacent_vowels	vikalāavaśeṣas	1	1
adjacent_vowels	vikalāavaśeṣāt	1	1
adjacent_vowels	vikalāścaiava	1	1
adjacent_vowels	vikaṛṣati	1	1
adjacent_vowels	vikeiyete	1	1
adjacent_vowels	vikriaymāṇāṃśakatvād	1	1
adjacent_vowels	vikṛtatvaniedhāt	1	1
adjacent_vowels	vikṣepaapakramaguṇam	1	1
adjacent_vowels	vikṣepaguṇaakṣajyā	1	1
adjacent_vowels	vilāḷ	1	1
adjacent_vowels	vinaradīpaśikhaauccyabhaktas	1	1
adjacent_vowels	vinaradīpaśikhaaucyena	1	1
adjacent_vowels	vinaśyatiiti	1	1
adjacent_vowels	vindateapracetā	1	1
adjacent_vowels	vinodaartham	1	1
adjacent_vowels	vināekaḥ	1	1
adjacent_vowels	viodhīnuvāca	1	1
adjacent_vowels	vioṣṇaverpayet	1	1
adjacent_vowels	vipluam	1	1
adjacent_vowels	viprapādāṃśaaca	1	1
adjacent_vowels	viprasyāuddhārikaṃ	1	1
adjacent_vowels	vipratiāra	1	1
adjacent_vowels	virāagayeyamiti	1	1
adjacent_vowels	virūpaaṣṭakam	1	1
adjacent_vowels	virūḷhe	1	1
adjacent_vowels	visṛjyaabhayaṃ	1	1
adjacent_vowels	visṛjyaarkaṃ	1	1
adjacent_vowels	viukalpadvayaṃ	1	1
adjacent_vowels	viutaṇāhi	1	1
adjacent_vowels	viutty	1	1
adjacent_vowels	vivartanaī	1	1
adjacent_vowels	vivarṇayeyeam	1	1
adjacent_vowels	vivaā	1	1
adjacent_vowels	vividhiar	1	1
adjacent_vowels	viviita	1	1
adjacent_vowels	vivāhae	1	1
adjacent_vowels	vivāhaprasavāvāhapramodābhyuadayādiṣu	1	1
adjacent_vowels	viyojanaartham	1	1
adjacent_vowels	viśeṣāataḥ	1	1
adjacent_vowels	viśleṣajātiudāharaṇam	1	1
adjacent_vowels	viśvaniṣṭhiatiḥ	1	1
adjacent_vowels	viśvaīśaṃ	1	1
adjacent_vowels	viśvāmitraṛṣistvevaṃ	1	1
adjacent_vowels	viśvāmitraṛṣiścaiva	1	1
adjacent_vowels	viśvānubhavāiśvaryaśālini	1	1
adjacent_vowels	viśākhāṛkṣasaṃyukta	1	1
adjacent_vowels	viṃśatitamaekaviṃśatitamaścādhikāraḥ	1	1
adjacent_vowels	viṃśatiāryāṇām	1	1
adjacent_vowels	viṣamabhujaantar	1	1
adjacent_vowels	viṣaṇṇagātrairniśceṣṭairindriayaiśca	1	1
adjacent_vowels	viṣkambhāpasṛtaścaiava	1	1
adjacent_vowels	viṣuvatjyāūnā	1	1
adjacent_vowels	viṣuvatjīvāakṣabhujā	1	1
adjacent_vowels	viṣṇavesvāhāiti	1	1
adjacent_vowels	viṣṇunārāyaādi	1	1
adjacent_vowels	viṣṇuśarmovācaetad	1	1
adjacent_vowels	vobhotei	1	1
adjacent_vowels	voivakṣāparāśrayāḥ	1	1
adjacent_vowels	voḷhāram	1	1
adjacent_vowels	vratenaadhyayanaṃ	1	1
adjacent_vowels	vratenaaṣṭācatvāriṃśat	1	1
adjacent_vowels	vratias	1	1
adjacent_vowels	vyaktivādaavāntaraprakaraṇam	1	1
adjacent_vowels	vyaktāabhedāt	1	1
adjacent_vowels	vyastaadhikau	1	1
adjacent_vowels	vyastadhanaṛṇagās	1	1
adjacent_vowels	vyavahāraartham	1	1
adjacent_vowels	vyavasthāām	1	1
adjacent_vowels	vyañjiatā	1	1
adjacent_vowels	vyudakāity	1	1
adjacent_vowels	vyāghraṛkṣatarakṣukān	1	1
adjacent_vowels	vyāktṛaḥ	1	1
adjacent_vowels	vyākulībhavāmiityabhidadhānā	1	1
adjacent_vowels	vyālabilaantarālāt	1	1
adjacent_vowels	vyāpyaākāśavat	1	1
adjacent_vowels	vyāsaānayanam	1	1
adjacent_vowels	vyāsaānayanāya	1	1
adjacent_vowels	vyūḷhaś	1	1
adjacent_vowels	vāab	1	1
adjacent_vowels	vāabhimanyate	1	1
adjacent_vowels	vāabhimātirindrāya	1	1
adjacent_vowels	vāabhivādayīta	1	1
adjacent_vowels	vāacam	1	1
adjacent_vowels	vāadhyayanam	1	1
adjacent_vowels	vāagni	1	1
adjacent_vowels	vāagnyādheya	1	1
adjacent_vowels	vāahametadutsākṣye	1	1
adjacent_vowels	vāam	1	1
adjacent_vowels	vāamedhya	1	1
adjacent_vowels	vāamedhyaiḥ	1	1
adjacent_vowels	vāamedhyam	1	1
adjacent_vowels	vāanyad	1	1
adjacent_vowels	vāanyair	1	1
adjacent_vowels	vāapapātreṇa	1	1
adjacent_vowels	vāapy	1	1
adjacent_vowels	vāasthāditi	1	1
adjacent_vowels	vāasyai	1	1
adjacent_vowels	vāasyaiṣāgre	1	1
adjacent_vowels	vāatti	1	1
adjacent_vowels	vāavabhṛtham	1	1
adjacent_vowels	vāavasīded	1	1
adjacent_vowels	vāaśnīyāt	1	1
adjacent_vowels	vāaṇa	1	1
adjacent_vowels	vāaṣṭamīṣv	1	1
adjacent_vowels	vācaiava	1	1
adjacent_vowels	vācayiṣyeoṃ	1	1
adjacent_vowels	vācyāasiddhiyojanā	1	1
adjacent_vowels	vādaaiṣṭika	1	1
adjacent_vowels	vādakaiaḥ	1	1
adjacent_vowels	vāditrāṇiiti	1	1
adjacent_vowels	vāe	1	1
adjacent_vowels	vāekāṃ	1	1
adjacent_vowels	vāetadagnau	1	1
adjacent_vowels	vāetadyadagnaye	1	1
adjacent_vowels	vāetat	1	1
adjacent_vowels	vāeteṣām	1	1
adjacent_vowels	vāgvilāsamātrarūpīaḥ	1	1
adjacent_vowels	vāhitaāpadharmā	1	1
adjacent_vowels	vālmīkiṛṣiṇā	1	1
adjacent_vowels	vāmājyeṣṭhāraudrīśāntiśraddhāsarasvatīkriyāśaktilakṣmīsṛṣṭimohinīpramathinīāśvāsinīvīcīvidyunmālinīsurānandānāgabuddhikāḥ	1	1
adjacent_vowels	vānaprasthaāśramastathā	1	1
adjacent_vowels	vāpīādipūraṇe	1	1
adjacent_vowels	vāruṇīmadaviśaṅaagamathāviścakṣuṣo	1	1
adjacent_vowels	vāsakae	1	1
adjacent_vowels	vāsasāeva	1	1
adjacent_vowels	vāsoapacāro	1	1
adjacent_vowels	vāstavoopādhimayatadubhayadṛṣṭāntadarśanayā	1	1
adjacent_vowels	vāubhayoḥ	1	1
adjacent_vowels	vāudevo	1	1
adjacent_vowels	vāupavītaṃkṛṣṇājinam	1	1
adjacent_vowels	vāyuarapi	1	1
adjacent_vowels	vāyuarityucyate	1	1
adjacent_vowels	vāñcāptayoaḥ	1	1
adjacent_vowels	vāābandho	1	1
adjacent_vowels	vāācārya	1	1
adjacent_vowels	vāāhitāgni	1	1
adjacent_vowels	vāāhitāgniḥ	1	1
adjacent_vowels	vāārkṣāṃ	1	1
adjacent_vowels	vāāstīryasu	1	1
adjacent_vowels	vāātmānaṃ	1	1
adjacent_vowels	vāśiatvakāle	1	1
adjacent_vowels	vāśvikumāraṛkṣe	1	1
adjacent_vowels	vāḷtat	1	1
adjacent_vowels	vāḷvakty	1	1
adjacent_vowels	vāḷyogabhogadam	1	1
adjacent_vowels	vāṛcam	1	1
adjacent_vowels	vīryabalenaotpāṭya	1	1
adjacent_vowels	vīsasiu	1	1
adjacent_vowels	vītarāgao	1	1
adjacent_vowels	vṛam	1	1
adjacent_vowels	vṛkajambūkaṛkṣāṇāṃ	1	1
adjacent_vowels	vṛkṣavāpīantaram	1	1
adjacent_vowels	vṛndāvaād	1	1
adjacent_vowels	vṛthāḷpariśramas	1	1
adjacent_vowels	vṛttaardham	1	1
adjacent_vowels	vṛttiaḥ	1	1
adjacent_vowels	vṛtvāagniṃ	1	1
adjacent_vowels	vṛīttimārabhaṭīṃ	1	1
adjacent_vowels	vṛīḍitā	1	1
adjacent_vowels	yaccittacaittairadhiṣṭhānabhāvenopiagṛhītamanugrahopaghātābhyāmanyonyānuvidhānāt	1	1
adjacent_vowels	yacśikhāiti	1	1
adjacent_vowels	yadghanaaikyam	1	1
adjacent_vowels	yadviṣayio	1	1
adjacent_vowels	yadāḷbhavet	1	1
adjacent_vowels	yadāḷdīkṣām	1	1
adjacent_vowels	yaetamevamupāste'tiṣṭhāḥ	1	1
adjacent_vowels	yajamānao	1	1
adjacent_vowels	yajñaevainametatsambharati	1	1
adjacent_vowels	yastavamātāmahaścaṇaaḍasihaḥ	1	1
adjacent_vowels	yastvetacchṛāṇuyādvāpi	1	1
adjacent_vowels	yasyaagnau	1	1
adjacent_vowels	yathaācāra	1	1
adjacent_vowels	yathāa	1	1
adjacent_vowels	yathāaho	1	1
adjacent_vowels	yathāakṣaṇvatām	1	1
adjacent_vowels	yathāamre	1	1
adjacent_vowels	yathāarthān	1	1
adjacent_vowels	yathāivordhvam	1	1
adjacent_vowels	yathāoṣadhi	1	1
adjacent_vowels	yathārucinānaājanapravartitatā	1	1
adjacent_vowels	yathāubhayaṃ	1	1
adjacent_vowels	yathāuktam	1	1
adjacent_vowels	yathāuktaprakāreṇa	1	1
adjacent_vowels	yathāuktyā	1	1
adjacent_vowels	yathāurasaḥ	1	1
adjacent_vowels	yathāuttaracaye	1	1
adjacent_vowels	yathāāca	1	1
adjacent_vowels	yathāāmiṣam	1	1
adjacent_vowels	yathāīpsitāni	1	1
adjacent_vowels	yatraannaṃ	1	1
adjacent_vowels	yatraanyo	1	1
adjacent_vowels	yatraaprāyaścittaṃ	1	1
adjacent_vowels	yatraatratrividhe	1	1
adjacent_vowels	yatraiava	1	1
adjacent_vowels	yatraātma	1	1
adjacent_vowels	yatraṛṇī	1	1
adjacent_vowels	yatrovācāuśanāḥ	1	1
adjacent_vowels	yatrāvatīṛṇo	1	1
adjacent_vowels	yavavrīhitilaādīnām	1	1
adjacent_vowels	yaścaiaṣāṃ	1	1
adjacent_vowels	yaśo'nugīyaa	1	1
adjacent_vowels	yeadūra	1	1
adjacent_vowels	yenomāguhanīlabrahmaṛbhukṣakṛtākṛtādibhuvaneṣu	1	1
adjacent_vowels	yiathā	1	1
adjacent_vowels	yiogasaṃbhārārthamuttamārthasya	1	1
adjacent_vowels	yiyāaurbhujagamapi	1	1
adjacent_vowels	yoamo	1	1
adjacent_vowels	yoasau	1	1
adjacent_vowels	yogaartham	1	1
adjacent_vowels	yogeśvaṛ	1	1
adjacent_vowels	yogīndrāṇīam	1	1
adjacent_vowels	yoi	1	1
adjacent_vowels	yoiḥ	1	1
adjacent_vowels	yojanamātroā	1	1
adjacent_vowels	youth	1	1
adjacent_vowels	yuavanam	1	1
adjacent_vowels	yugaādi	1	1
adjacent_vowels	yuiktam	1	1
adjacent_vowels	yuita	1	1
adjacent_vowels	yuktaūnam	1	1
adjacent_vowels	yuktaūnau	1	1
adjacent_vowels	yutadṛṣṭigṛhaauccyahṛtā	1	1
adjacent_vowels	yutaūnas	1	1
adjacent_vowels	yutaūnau	1	1
adjacent_vowels	yutaūnitāni	1	1
adjacent_vowels	yāavadanyatamo	1	1
adjacent_vowels	yādṛguai	1	1
adjacent_vowels	yājakāitaretara	1	1
adjacent_vowels	yātaūtīyaṃ	1	1
adjacent_vowels	yāthātmyaamadhyagamad	1	1
adjacent_vowels	yāvadakoopyadharmatāṃ	1	1
adjacent_vowels	yāvadandhaḥpariṇaāmastāvadasya	1	1
adjacent_vowels	yāvadayaśasvītyeanena	1	1
adjacent_vowels	yāyāddevaṛṣe	1	1
adjacent_vowels	yṛadi	1	1
adjacent_vowels	ñiindhīto	1	1
adjacent_vowels	āajīvo	1	1
adjacent_vowels	āakaraṃ	1	1
adjacent_vowels	āanna	1	1
adjacent_vowels	āasa	1	1
adjacent_vowels	āaucalihaṃ	1	1
adjacent_vowels	ābhayāa	1	1
adjacent_vowels	ācamyaprokṣyaāsīnas	1	1
adjacent_vowels	āchādiavatyaḥ	1	1
adjacent_vowels	ācāryapitṛupādhyāyān	1	1
adjacent_vowels	ācāryāyaṛtvije	1	1
adjacent_vowels	ādeiguṇān	1	1
adjacent_vowels	ādhāyaāghāraṃ	1	1
adjacent_vowels	ādhāyaāharet	1	1
adjacent_vowels	ādiantam	1	1
adjacent_vowels	ādibhyaḥsthānebhyaākarṣaṇaṃ	1	1
adjacent_vowels	ādibhūtaṛgyajuḥsāmādimayo	1	1
adjacent_vowels	ādidhanaaikyena	1	1
adjacent_vowels	ādinoarka	1	1
adjacent_vowels	ādiyutaantyadhana	1	1
adjacent_vowels	ādiśruitsiddhaṃ	1	1
adjacent_vowels	ādotuadvayotpādanaṃ	1	1
adjacent_vowels	ādua	1	1
adjacent_vowels	ādyaakṣarāṇi	1	1
adjacent_vowels	ādyaaṅkatas	1	1
adjacent_vowels	ādyapadaāhatā	1	1
adjacent_vowels	ādyaūnitena	1	1
adjacent_vowels	ādāvauāv	1	1
adjacent_vowels	ādīnnaeva	1	1
adjacent_vowels	ādīpyaabhidahed	1	1
adjacent_vowels	āgniidhraś	1	1
adjacent_vowels	āgulphaādavamajjantaḥ	1	1
adjacent_vowels	āhaaham	1	1
adjacent_vowels	āhaaho	1	1
adjacent_vowels	āhaalaṃ	1	1
adjacent_vowels	āhaare	1	1
adjacent_vowels	āhaatha	1	1
adjacent_vowels	āhaevaṃ	1	1
adjacent_vowels	āhaāstāṃ	1	1
adjacent_vowels	āhosvidavasāadanāvineyah	1	1
adjacent_vowels	āhrīkaanapatrāpiṇo	1	1
adjacent_vowels	āhrīkaanopatrāpiṇo	1	1
adjacent_vowels	āhṛtyaatithivatśūdram	1	1
adjacent_vowels	āhṛtāniiti	1	1
adjacent_vowels	āi	1	1
adjacent_vowels	āipallavitaiḥ	1	1
adjacent_vowels	ājamīḷha	1	1
adjacent_vowels	ājamīḷham	1	1
adjacent_vowels	ājānuūddhṛtanūpurā	1	1
adjacent_vowels	ākalayiṛrūpe	1	1
adjacent_vowels	ākruśyaanṛtaṃ	1	1
adjacent_vowels	ākāśae	1	1
adjacent_vowels	ākṛtivādaavāntaraprakaraṇam	1	1
adjacent_vowels	ākṛṣṛa	1	1
adjacent_vowels	ākṣiotaṃ	1	1
adjacent_vowels	ālayeagnau	1	1
adjacent_vowels	ānandāaya	1	1
adjacent_vowels	ānandāāgamya	1	1
adjacent_vowels	ānaḷ	1	1
adjacent_vowels	ānīiyatām	1	1
adjacent_vowels	āpṛītāṃ	1	1
adjacent_vowels	ārambhatae	1	1
adjacent_vowels	ārdrāan	1	1
adjacent_vowels	ārtoapy	1	1
adjacent_vowels	āryāorathamadaloktaṃ	1	1
adjacent_vowels	ārūpyoopapannānāmāryāṇāmatītānāgatānāsravasaṃvarasamanvāgamāt	1	1
adjacent_vowels	āsannamūlajñānaartham	1	1
adjacent_vowels	āsravebhyaścittāani	1	1
adjacent_vowels	āsua	1	1
adjacent_vowels	āsuaras	1	1
adjacent_vowels	ātmaānam	1	1
adjacent_vowels	ātmaṛṣṭes	1	1
adjacent_vowels	ātmānaṃpratipadyateasau	1	1
adjacent_vowels	āturoapsu	1	1
adjacent_vowels	āuda	1	1
adjacent_vowels	āupanayanād	1	1
adjacent_vowels	āupāṃśv	1	1
adjacent_vowels	āutsarjanād	1	1
adjacent_vowels	āvacchaaṃ	1	1
adjacent_vowels	āvāhyaājyaṃ	1	1
adjacent_vowels	āvāhyaāsana	1	1
adjacent_vowels	āyataṃvāapyavakraṃ	1	1
adjacent_vowels	āyuṣaeva	1	1
adjacent_vowels	āyuṣmāan	1	1
adjacent_vowels	āyācae	1	1
adjacent_vowels	āāvidhairupakṣepaiḥ	1	1
adjacent_vowels	āśvikoaśva	1	1
adjacent_vowels	īkṣetāthāikam	1	1
adjacent_vowels	īśiraṛṣayaḥ	1	1
adjacent_vowels	īṛṣāmānatvam	1	1
adjacent_vowels	īṣiraṛṣayaḥ	1	1
adjacent_vowels	īṣāadhārāt	1	1
adjacent_vowels	śabdayoorna	1	1
adjacent_vowels	śailaṛṣir	1	1
adjacent_vowels	śakraādīnāṃ	1	1
adjacent_vowels	śakraṛ	1	1
adjacent_vowels	śaktermādhyasthyatāratamyavaśakramāat	1	1
adjacent_vowels	śaktitomarasaṃkīṛnaṃ	1	1
adjacent_vowels	śaktiṛṣṭiparaśvadhān	1	1
adjacent_vowels	śambarāāyātha	1	1
adjacent_vowels	śanaiścarasuragurubhaumaarkaśukrabudhacandrās	1	1
adjacent_vowels	śanaiścaraādyās	1	1
adjacent_vowels	śaneirudvāhitā	1	1
adjacent_vowels	śarajīvaānayanāya	1	1
adjacent_vowels	śaraūnaguṇitāt	1	1
adjacent_vowels	śarāeṅgulaiḥ	1	1
adjacent_vowels	śastraantarakalpeṣu	1	1
adjacent_vowels	śastvāa	1	1
adjacent_vowels	śataardham	1	1
adjacent_vowels	śataaṃśamilitas	1	1
adjacent_vowels	śataaṅgulamitam	1	1
adjacent_vowels	śataūnam	1	1
adjacent_vowels	śataṛgbhiḥ	1	1
adjacent_vowels	śaunakaṛṣirvirāṭ	1	1
adjacent_vowels	śayānāu	1	1
adjacent_vowels	śayātāityu	1	1
adjacent_vowels	śaākhādhipatilagnaṃ	1	1
adjacent_vowels	śaṅkaraṛ	1	1
adjacent_vowels	śaṅkuantareṇa	1	1
adjacent_vowels	śaṅkuaṅgulāni	1	1
adjacent_vowels	śaṅkuchāyāādijñānam	1	1
adjacent_vowels	śaṅkupradīpaantarabhūs	1	1
adjacent_vowels	śaṅkutalaantarabhūmijñāne	1	1
adjacent_vowels	śaṅkuuddhṛtā	1	1
adjacent_vowels	śaṭhāstathāvidhānasaṃvṛtāṅgānniśitāiveṣavaḥ	1	1
adjacent_vowels	śeeṣa	1	1
adjacent_vowels	śeeṣam	1	1
adjacent_vowels	śeeṣāṇāmarthayogena	1	1
adjacent_vowels	śephaālīstabakamatho	1	1
adjacent_vowels	śeṣaantaravargasaṃyutāt	1	1
adjacent_vowels	śeṣaavyakte	1	1
adjacent_vowels	śeṣabhojīatithīnāṃ	1	1
adjacent_vowels	śeṣajātiudāharaṇam	1	1
adjacent_vowels	śeṣaūnam	1	1
adjacent_vowels	śeṣāiti	1	1
adjacent_vowels	śikṣāuddeśasamvāsasaṃbhogaśāstṛpadabhikṣuṇībhāvaśramaṇībhāvapratyākhyānaṃ	1	1
adjacent_vowels	śilāmayebhyoanyāni	1	1
adjacent_vowels	śiroabhiṣṭhānavarjanam	1	1
adjacent_vowels	śivabhṛguṛddhiyukphreṃ	1	1
adjacent_vowels	śivāikā	1	1
adjacent_vowels	śivāitisnāyād	1	1
adjacent_vowels	śliṣṭeārādhatta	1	1
adjacent_vowels	ślīpadaśothārśaānāhodaramārutān	1	1
adjacent_vowels	śobhantae	1	1
adjacent_vowels	śootasaṃsparśaṃ	1	1
adjacent_vowels	śoṣayaeti	1	1
adjacent_vowels	śramanāaśanaḥ	1	1
adjacent_vowels	śrautasmārtaṛṇebhyaś	1	1
adjacent_vowels	śriayaṃ	1	1
adjacent_vowels	śrortṛāṇāṃ	1	1
adjacent_vowels	śrotaāpannāḥ	1	1
adjacent_vowels	śrotraāpattiphalaṃ	1	1
adjacent_vowels	śrotrāmṛtasyandinoaḥ	1	1
adjacent_vowels	śruam	1	1
adjacent_vowels	śrutadharāa	1	1
adjacent_vowels	śrāavastīti	1	1
adjacent_vowels	śrīadaṣṭabhujapuruṣam	1	1
adjacent_vowels	śrīailopākhyānānte	1	1
adjacent_vowels	śrīakrūraḥ	1	1
adjacent_vowels	śrīaṅgirā	1	1
adjacent_vowels	śrībhāgavatapāṭhaādāv	1	1
adjacent_vowels	śrībhāskaraācāryaviracite	1	1
adjacent_vowels	śrībhāskaraācāryaviracitāyām	1	1
adjacent_vowels	śrīdharāacyuta	1	1
adjacent_vowels	śrīkaṇṭhāentaśca	1	1
adjacent_vowels	śrīkṛṣṇasaandarbhe	1	1
adjacent_vowels	śrīkṛṣṇaākhyena	1	1
adjacent_vowels	śrīoḍiyānapīṭhavinirgataṃ	1	1
adjacent_vowels	śrīuddhava	1	1
adjacent_vowels	śrīuddhavaḥ	1	1
adjacent_vowels	śrīuddhavena	1	1
adjacent_vowels	śrīumāmaheśvarasaṃvāde	1	1
adjacent_vowels	śrīvrajadevīādau	1	1
adjacent_vowels	śrīvrajeśvaīsabhāsthitāyāś	1	1
adjacent_vowels	śrīāvirhotro	1	1
adjacent_vowels	śrīśrīpatigirijāgirijāpatiratiratipatimahīmahīpatimahālakṣmīmahālakṣmīpatiṛddhyāmodasamṛddhipramodakāntisumukhamadanāvatīdurmukhamadadravāvighnadrāviṇīvighnakartṛvasudhārāśaṅkhanidhivasumatīpadmanidhitrayodaśamithuneṣv	1	1
adjacent_vowels	śrīṛṣabhadevacaritānte	1	1
adjacent_vowels	śrīṛṣabhadevakṛtasvaputraśikṣaṇe'pi	1	1
adjacent_vowels	śrīṛṣabhadevasya	1	1
adjacent_vowels	śrīṛṣabhadevasyāpi	1	1
adjacent_vowels	śrīṛṣabhadevavākye	1	1
adjacent_vowels	śrīṛṣabhadevena	1	1
adjacent_vowels	śrīṛṣabhaḥ	1	1
adjacent_vowels	śrīṛṣaya	1	1
adjacent_vowels	śrīṛṣayaḥ	1	1
adjacent_vowels	śrīṛṣir	1	1
adjacent_vowels	śrīṛṣr	1	1
adjacent_vowels	śubhiar	1	1
adjacent_vowels	śuddhakanakamātragṛāhitvāt	1	1
adjacent_vowels	śukapiñchanibhaiarvastraiḥ	1	1
adjacent_vowels	śukraā	1	1
adjacent_vowels	śuśrūṣaāṃ	1	1
adjacent_vowels	śvapacānapyathoddhareat	1	1
adjacent_vowels	śvaśiraeṭakaśiraḥkeśajaradupānaho	1	1
adjacent_vowels	śvetabhūmyāāṃ	1	1
adjacent_vowels	śyaītasya	1	1
adjacent_vowels	śyenacakraāhvamaṇḍitā	1	1
adjacent_vowels	śyāmāavatī	1	1
adjacent_vowels	śākāādiṣu	1	1
adjacent_vowels	śālagrāmodbhvao	1	1
adjacent_vowels	śālasaralaādiṣu	1	1
adjacent_vowels	śālinīab	1	1
adjacent_vowels	śālivādijātiprakārabhedenāṅkuroopapadanasya	1	1
adjacent_vowels	śāntavihārasaṃjñāpūarvakeṇa	1	1
adjacent_vowels	śāudamityuktvā	1	1
adjacent_vowels	śāyinoabhyavagāhina	1	1
adjacent_vowels	śīlavrataparāmaṛśo	1	1
adjacent_vowels	śīrṣoabhivādayaty	1	1
adjacent_vowels	śītaambhaś	1	1
adjacent_vowels	śūdrasyaāryaṃ	1	1
adjacent_vowels	śūkadhānyarāśimānaānayanāya	1	1
adjacent_vowels	śūkidhānyarāśimānaānayanāya	1	1
adjacent_vowels	śūnyaparikarmaaṣṭaka	1	1
adjacent_vowels	śūnyaṛṇayos	1	1
adjacent_vowels	śṛamaṇo	1	1
adjacent_vowels	śṛīmān	1	1
adjacent_vowels	śṛīr	1	1
adjacent_vowels	śṛīḥ	1	1
adjacent_vowels	śṛṅgaverapuaraṃ	1	1
adjacent_vowels	śṛṇuṣaava	1	1
adjacent_vowels	ūnaadhikauttarās	1	1
adjacent_vowels	ūnaagrabhāgahāreṇa	1	1
adjacent_vowels	ūnaagrachedabhājitāt	1	1
adjacent_vowels	ūnaāhatam	1	1
adjacent_vowels	ūrdhvaadhaskhaṇḍe	1	1
adjacent_vowels	ūrdhvaagraṃ	1	1
adjacent_vowels	ūrdhvaaṃśās	1	1
adjacent_vowels	ūrdhvaṃvṛddhoan	1	1
adjacent_vowels	ūḷhayoḥ	1	1
adjacent_vowels	ūṛjam	1	1
adjacent_vowels	ḍādiphaāntārṇapatrake	1	1
adjacent_vowels	ḍādiphaāntārṇapūrvakam	1	1
adjacent_vowels	ḷaṃ	1	1
adjacent_vowels	ḷolasāḥ	1	1
adjacent_vowels	ḷḷ	1	1
adjacent_vowels	ḷḷṃ	1	1
adjacent_vowels	ṅaāñaṇaname	1	1
adjacent_vowels	ṅiossuviti	1	1
adjacent_vowels	ṇiakulakkamo	1	1
adjacent_vowels	ṇiuṇaṃ	1	1
adjacent_vowels	ṛddhāī	1	1
adjacent_vowels	ṛiṣikumāraṃ	1	1
adjacent_vowels	ṛiṣiḥ	1	1
adjacent_vowels	ṛiṣiṣu	1	1
adjacent_vowels	ṛjukaṛjukajātīyo	1	1
adjacent_vowels	ṛājapatnī	1	1
adjacent_vowels	ṛāmacarita	1	1
adjacent_vowels	ṛṇaavyaktaṣaṭkam	1	1
adjacent_vowels	ṛṇaātmikā	1	1
adjacent_vowels	ṛṇaātnikāyās	1	1
adjacent_vowels	ṣaāḍardhaśuddhirvihitā	1	1
adjacent_vowels	ṣaāḍliṅgaṃ	1	1
adjacent_vowels	ṣaḍaṅgaoyaṃ	1	1
adjacent_vowels	ṣaṣaaṭyāṃ	1	1
adjacent_vowels	ṣaṣaṃśavargaāhatas	1	1
adjacent_vowels	ṣaṣgataādīnām	1	1
adjacent_vowels	ṣaṣṭhaaṃśas	1	1
adjacent_vowels	ṣaṣṭhāeṃśaḥ	1	1
adjacent_vowels	ṣaṣṭiabdānām	1	1
adjacent_vowels	ṣaṣṭiadhikam	1	1
adjacent_vowels	ṣaṣṭiaṃśaguṇas	1	1
adjacent_vowels	ṣaṣṭiūnam	1	1
adjacent_vowels	ṣaṭkaaṣṭakābhyām	1	1
adjacent_vowels	ṣoḍaśaaraṇyavāsinaḥ	1	1
adjacent_vowels	ṣoḍaśaaṃśa	1	1
adjacent_vowels	ṣoḍaśaaṃśas	1	1
adjacent_vowels	ṣoḍaśadvādaśaaṣṭau	1	1
adjacent_vowels	ṣoḍhāuktabījagaṇitam	1	1
adjacent_vowels	ṣāḷham	1	1
adjacent_vowels	ṣṭhādhānalītaiḥritāviḥrvavāīnārumivāyecchekharā	1	1
adjacent_vowels	ṣṭvāagnīn	1	1
adjacent_vowels	ṭhasahastomāiti	1	1
adjacent_vowels	ṭhio	1	1
adjacent_vowels	ṭhiu	1	1
isolated_consonant	p	1264	9
isolated_consonant	n	948	17
isolated_consonant	ś	477	9
isolated_consonant	k	189	11
isolated_consonant	m	126	21
isolated_consonant	b	109	11
isolated_consonant	v	75	20
isolated_consonant	c	46	19
isolated_consonant	r	44	17
isolated_consonant	d	32	15
isolated_consonant	t	26	17
isolated_consonant	s	18	15
isolated_consonant	h	13	6
isolated_consonant	l	8	6
isolated_consonant	y	8	6
isolated_consonant	g	6	3
isolated_consonant	j	2	2
isolated_consonant	ṅ	2	1
isolated_consonant	ṇ	1	1
isolated_consonant	ṣ	1	1
