file	original_line_no	category	rule	token	occurrence_count	after	before	record_status
1_veda/2_bra/satapath/sb_01_u.txt	453	standalone_consonant	delete_non_whitelisted_standalone_consonant	y	1	manurāvaṃ nveva vedāveti tau hāgatyocaturmano 	manurāvaṃ nveva vedāveti tau hāgatyocaturmano y	recorded
1_veda/2_bra/satapath/sb_01_u.txt	2809	standalone_consonant	delete_non_whitelisted_standalone_consonant	h	1	pañca mametīndro 'bravīt | tata itare mithunaṃ nāvindanno 	pañca mametīndro 'bravīt | tata itare mithunaṃ nāvindanno h	recorded
1_veda/2_bra/satapath/sb_02_u.txt	2153	standalone_consonant	delete_non_whitelisted_standalone_consonant	d	1	saṃnayatyeṣa vai somo rājā 	saṃnayatyeṣa vai somo rājā d	recorded
1_veda/2_bra/satapath/sb_04_u.txt	3901	standalone_consonant	delete_non_whitelisted_standalone_consonant	k	1	yasminnardhe yajante ye tathā 	yasminnardhe yajante ye tathā k	recorded
1_veda/2_bra/satapath/sb_06_u.txt	515	standalone_consonant	delete_non_whitelisted_standalone_consonant	p	1	ta ete sarve paśavo yadagniḥ | tasmādagnau paśavo ramante  | sminnagnirādhīyate	ta ete sarve paśavo yadagniḥ | tasmādagnau paśavo ramante p | sminnagnirādhīyate	recorded
1_veda/2_bra/satapath/sb_08_u.txt	1815	standalone_consonant	delete_non_whitelisted_standalone_consonant	p	1	ācaccanda ityannaṃ vā ācaccando manaścanda iti  rajāpatirvai manaścando	ācaccanda ityannaṃ vā ācaccando manaścanda iti p rajāpatirvai manaścando	recorded
1_veda/2_bra/satapath/sb_10_u.txt	21	standalone_consonant	delete_non_whitelisted_standalone_consonant	t	1	me'mutraikaṃ tadāhariṣyāmītyevaṃ 	me'mutraikaṃ tadāhariṣyāmītyevaṃ t	recorded
1_veda/4_upa/brup___u.txt	1337	english_editorial	english_marker	\b(?:add|adds|omits|reads)\b	1	sa yathā kumāro  | vā mahārājo vā mahābrāhmaṇo vātighnīm ānandasya gatvā śayīta |	sa yathā kumāro add | vā mahārājo vā mahābrāhmaṇo vātighnīm ānandasya gatvā śayīta |	recorded
1_veda/4_upa/brup___u.txt	2833	english_editorial	english_marker	\b(?:add|adds|omits|reads)\b	1	etāny aṣṭāv āyatanāny aṣṭau lokā  | aṣṭau devā aṣṭau puruṣāḥ |	etāny aṣṭāv āyatanāny aṣṭau lokā add | aṣṭau devā aṣṭau puruṣāḥ |	recorded
1_veda/4_upa/brup___u.txt	3283	english_editorial	english_marker	\b(?:add|adds|omits|reads)\b	1	sa hi svapno bhūtvemaṃ lokam atikrāmati  | mṛtyo rūpāṇi ||	sa hi svapno bhūtvemaṃ lokam atikrāmati add | mṛtyo rūpāṇi ||	recorded
1_veda/5_vedang/1_srauta/vaitss_u.txt	177	standalone_consonant	delete_non_whitelisted_standalone_consonant	g	1	yadaiva kadā cid ādadhyāc chraddhā tvevainaṃ nātīyāt ||  nvevainaṃ	yadaiva kadā cid ādadhyāc chraddhā tvevainaṃ nātīyāt || g nvevainaṃ	recorded
1_veda/5_vedang/1_srauta/vaitss_u.txt	221	standalone_consonant	delete_non_whitelisted_standalone_consonant	g	1	agniṃ tvāhur vaiśvānaraṃ sadanān pradahan nv agāḥ | sa no devatrādhi brūhi mā riṣāmā vayaṃ tava ity aśvaṃ śamayitvā yad akrandaḥ ity upākurute ||  pradahan nv agāḥ |  pradahanvagāḥ	agniṃ tvāhur vaiśvānaraṃ sadanān pradahan nv agāḥ | sa no devatrādhi brūhi mā riṣāmā vayaṃ tava ity aśvaṃ śamayitvā yad akrandaḥ ity upākurute || g pradahan nv agāḥ | v pradahanvagāḥ	recorded
1_veda/5_vedang/1_srauta/vaitss_u.txt	221	standalone_consonant	delete_non_whitelisted_standalone_consonant	v	1	agniṃ tvāhur vaiśvānaraṃ sadanān pradahan nv agāḥ | sa no devatrādhi brūhi mā riṣāmā vayaṃ tava ity aśvaṃ śamayitvā yad akrandaḥ ity upākurute ||  pradahan nv agāḥ |  pradahanvagāḥ	agniṃ tvāhur vaiśvānaraṃ sadanān pradahan nv agāḥ | sa no devatrādhi brūhi mā riṣāmā vayaṃ tava ity aśvaṃ śamayitvā yad akrandaḥ ity upākurute || g pradahan nv agāḥ | v pradahanvagāḥ	recorded
1_veda/5_vedang/1_srauta/vaitss_u.txt	279	standalone_consonant	delete_non_whitelisted_standalone_consonant	g	1	saptarṣīn iti sruvaṃ srucaṃ ca pratapati || pratitapati 	saptarṣīn iti sruvaṃ srucaṃ ca pratapati || pratitapati g	recorded
1_veda/5_vedang/2_grhya/jaimigsu.txt	19	standalone_consonant	delete_non_whitelisted_standalone_consonant	d	1	 daśe viśvāya sūryaṃ svāhā ||	d daśe viśvāya sūryaṃ svāhā ||	recorded
2_epic/mbh/mbh_02_u.txt	16273	english_editorial	english_marker	\b(?:add|adds|omits|reads)\b	1	śakune hanta divyāno glaga  ha mānau sahasraśaḥ	śakune hanta divyāno glaga reads ha mānau sahasraśaḥ	recorded
2_epic/mbh/ext/hv_apppu.txt	16895	standalone_consonant	delete_non_whitelisted_standalone_consonant	k	1	 | rtavarmā ca daṃṣṭre dve vicakṣur arimardanaḥ ||	k | rtavarmā ca daṃṣṭre dve vicakṣur arimardanaḥ ||	recorded
2_epic/mbh/ext/hv_apppu.txt	29879	english_editorial	harivamsa_printed_note	has printed	1		k | pāda b has printed nārāyaṇi namo 'stute	recorded
3_purana/agp_bi_u.txt	699	standalone_consonant	delete_non_whitelisted_standalone_consonant	ś	1	 atha prathamo 'dhyāyaḥ	ś atha prathamo 'dhyāyaḥ	recorded
3_purana/agp_bi_u.txt	737	standalone_consonant	delete_non_whitelisted_standalone_consonant	n	1		n	recorded
3_purana/agp_bi_u.txt	747	standalone_consonant	delete_non_whitelisted_standalone_consonant	p	1		p	recorded
3_purana/agp_bi_u.txt	787	standalone_consonant	delete_non_whitelisted_standalone_consonant	n	1		n	recorded
3_purana/agp_bi_u.txt	807	standalone_consonant	delete_non_whitelisted_standalone_consonant	p	1		p	recorded
3_purana/agp_bi_u.txt	825	standalone_consonant	delete_non_whitelisted_standalone_consonant	ś	1	 atha dvitīyo 'dhyāyaḥ	ś atha dvitīyo 'dhyāyaḥ	recorded
3_purana/agp_bi_u.txt	853	standalone_consonant	delete_non_whitelisted_standalone_consonant	n	1		n	recorded
3_purana/agp_bi_u.txt	862	standalone_consonant	delete_non_whitelisted_standalone_consonant	p	1		p	recorded
3_purana/agp_bi_u.txt	902	standalone_consonant	delete_non_whitelisted_standalone_consonant	n	1		n	recorded
3_purana/agp_bi_u.txt	917	standalone_consonant	delete_non_whitelisted_standalone_consonant	p	1		p	recorded
3_purana/agp_bi_u.txt	931	standalone_consonant	delete_non_whitelisted_standalone_consonant	ś	1	 atha tṛtīyo 'dhyāyaḥ	ś atha tṛtīyo 'dhyāyaḥ	recorded
3_purana/agp_bi_u.txt	953	standalone_consonant	delete_non_whitelisted_standalone_consonant	n	1		n	recorded
3_purana/agp_bi_u.txt	969	standalone_consonant	delete_non_whitelisted_standalone_consonant	p	1		p	recorded
3_purana/agp_bi_u.txt	1012	standalone_consonant	delete_non_whitelisted_standalone_consonant	n	1		n	recorded
3_purana/agp_bi_u.txt	1024	standalone_consonant	delete_non_whitelisted_standalone_consonant	p	1		p	recorded
3_purana/agp_bi_u.txt	1063	standalone_consonant	delete_non_whitelisted_standalone_consonant	n	1		n	recorded
3_purana/agp_bi_u.txt	1076	standalone_consonant	delete_non_whitelisted_standalone_consonant	p	1		p	recorded
3_purana/agp_bi_u.txt	1078	standalone_consonant	delete_non_whitelisted_standalone_consonant	ś	1	 atha caturtho 'dhyāyaḥ	ś atha caturtho 'dhyāyaḥ	recorded
3_purana/agp_bi_u.txt	1118	standalone_consonant	delete_non_whitelisted_standalone_consonant	n	1		n	recorded
3_purana/agp_bi_u.txt	1130	standalone_consonant	delete_non_whitelisted_standalone_consonant	p	1		p	recorded
3_purana/agp_bi_u.txt	1174	standalone_consonant	delete_non_whitelisted_standalone_consonant	n	1		n	recorded
3_purana/agp_bi_u.txt	1185	standalone_consonant	delete_non_whitelisted_standalone_consonant	p	1		p	recorded
3_purana/agp_bi_u.txt	1196	standalone_consonant	delete_non_whitelisted_standalone_consonant	ś	1	 atha pañcamo 'dhyāyaḥ	ś atha pañcamo 'dhyāyaḥ	recorded
3_purana/agp_bi_u.txt	1230	standalone_consonant	delete_non_whitelisted_standalone_consonant	p	1		p	recorded
3_purana/agp_bi_u.txt	1267	standalone_consonant	delete_non_whitelisted_standalone_consonant	n	1		n	recorded
3_purana/agp_bi_u.txt	1277	standalone_consonant	delete_non_whitelisted_standalone_consonant	p	1		p	recorded
3_purana/agp_bi_u.txt	1279	standalone_consonant	delete_non_whitelisted_standalone_consonant	ś	1	 atha ṣaṣṭho 'dhyāyaḥ	ś atha ṣaṣṭho 'dhyāyaḥ	recorded
3_purana/agp_bi_u.txt	1321	standalone_consonant	delete_non_whitelisted_standalone_consonant	n	1		n	recorded
3_purana/agp_bi_u.txt	1331	standalone_consonant	delete_non_whitelisted_standalone_consonant	p	1		p	recorded
3_purana/agp_bi_u.txt	1379	standalone_consonant	delete_non_whitelisted_standalone_consonant	n	1		n	recorded
3_purana/agp_bi_u.txt	1383	standalone_consonant	delete_non_whitelisted_standalone_consonant	p	1		p	recorded
3_purana/agp_bi_u.txt	1431	standalone_consonant	delete_non_whitelisted_standalone_consonant	n	1		n	recorded
3_purana/agp_bi_u.txt	1437	standalone_consonant	delete_non_whitelisted_standalone_consonant	p	1		p	recorded
3_purana/agp_bi_u.txt	1483	standalone_consonant	delete_non_whitelisted_standalone_consonant	n	1		n	recorded
3_purana/agp_bi_u.txt	1491	standalone_consonant	delete_non_whitelisted_standalone_consonant	p	1		p	recorded
3_purana/agp_bi_u.txt	1522	standalone_consonant	delete_non_whitelisted_standalone_consonant	ś	1	 atha saptamo 'dhyāyaḥ	ś atha saptamo 'dhyāyaḥ	recorded
3_purana/agp_bi_u.txt	1532	standalone_consonant	delete_non_whitelisted_standalone_consonant	n	1		n	recorded
3_purana/agp_bi_u.txt	1540	standalone_consonant	delete_non_whitelisted_standalone_consonant	p	1		p	recorded
3_purana/agp_bi_u.txt	1588	standalone_consonant	delete_non_whitelisted_standalone_consonant	n	1		n	recorded
3_purana/agp_bi_u.txt	1594	standalone_consonant	delete_non_whitelisted_standalone_consonant	p	1		p	recorded
3_purana/agp_bi_u.txt	1639	standalone_consonant	delete_non_whitelisted_standalone_consonant	n	1		n	recorded
3_purana/agp_bi_u.txt	1649	standalone_consonant	delete_non_whitelisted_standalone_consonant	p	1		p	recorded
3_purana/agp_bi_u.txt	1651	standalone_consonant	delete_non_whitelisted_standalone_consonant	ś	1	 atha aṣṭamo 'dhyāyaḥ	ś atha aṣṭamo 'dhyāyaḥ	recorded
3_purana/agp_bi_u.txt	1689	standalone_consonant	delete_non_whitelisted_standalone_consonant	n	1		n	recorded
3_purana/agp_bi_u.txt	1703	standalone_consonant	delete_non_whitelisted_standalone_consonant	p	1		p	recorded
3_purana/agp_bi_u.txt	1740	standalone_consonant	delete_non_whitelisted_standalone_consonant	ś	1	 atha navamo 'dhyāyaḥ	ś atha navamo 'dhyāyaḥ	recorded
3_purana/agp_bi_u.txt	1750	standalone_consonant	delete_non_whitelisted_standalone_consonant	p	1		p	recorded
3_purana/agp_bi_u.txt	1798	standalone_consonant	delete_non_whitelisted_standalone_consonant	n	1		n	recorded
3_purana/agp_bi_u.txt	1804	standalone_consonant	delete_non_whitelisted_standalone_consonant	p	1		p	recorded
3_purana/agp_bi_u.txt	1859	standalone_consonant	delete_non_whitelisted_standalone_consonant	p	1		p	recorded
3_purana/agp_bi_u.txt	1888	standalone_consonant	delete_non_whitelisted_standalone_consonant	ś	1	 atha daśamo 'dhyāyaḥ	ś atha daśamo 'dhyāyaḥ	recorded
3_purana/agp_bi_u.txt	1908	standalone_consonant	delete_non_whitelisted_standalone_consonant	p	1		p	recorded
3_purana/agp_bi_u.txt	1962	standalone_consonant	delete_non_whitelisted_standalone_consonant	p	1		p	recorded
3_purana/agp_bi_u.txt	2010	standalone_consonant	delete_non_whitelisted_standalone_consonant	n	1		n	recorded
3_purana/agp_bi_u.txt	2016	standalone_consonant	delete_non_whitelisted_standalone_consonant	p	1		p	recorded
3_purana/agp_bi_u.txt	2047	standalone_consonant	delete_non_whitelisted_standalone_consonant	ś	1	 atha ekādaśo 'dhyāyaḥ	ś atha ekādaśo 'dhyāyaḥ	recorded
3_purana/agp_bi_u.txt	2063	standalone_consonant	delete_non_whitelisted_standalone_consonant	n	1		n	recorded
3_purana/agp_bi_u.txt	2067	standalone_consonant	delete_non_whitelisted_standalone_consonant	p	1		p	recorded
3_purana/agp_bi_u.txt	2116	standalone_consonant	delete_non_whitelisted_standalone_consonant	p	1		p	recorded
3_purana/agp_bi_u.txt	2118	standalone_consonant	delete_non_whitelisted_standalone_consonant	ś	1	 atha dvādaśo 'dhyāyaḥ	ś atha dvādaśo 'dhyāyaḥ	recorded
3_purana/agp_bi_u.txt	2166	standalone_consonant	delete_non_whitelisted_standalone_consonant	n	1		n	recorded
3_purana/agp_bi_u.txt	2170	standalone_consonant	delete_non_whitelisted_standalone_consonant	p	1		p	recorded
3_purana/agp_bi_u.txt	2220	standalone_consonant	delete_non_whitelisted_standalone_consonant	p	1		p	recorded
3_purana/agp_bi_u.txt	2266	standalone_consonant	delete_non_whitelisted_standalone_consonant	n	1		n	recorded
3_purana/agp_bi_u.txt	2270	standalone_consonant	delete_non_whitelisted_standalone_consonant	p	1		p	recorded
3_purana/agp_bi_u.txt	2314	standalone_consonant	delete_non_whitelisted_standalone_consonant	n	1		n	recorded
3_purana/agp_bi_u.txt	2318	standalone_consonant	delete_non_whitelisted_standalone_consonant	p	1		p	recorded
3_purana/agp_bi_u.txt	2365	standalone_consonant	delete_non_whitelisted_standalone_consonant	n	1		n	recorded
3_purana/agp_bi_u.txt	2369	standalone_consonant	delete_non_whitelisted_standalone_consonant	p	1		p	recorded
3_purana/agp_bi_u.txt	2371	standalone_consonant	delete_non_whitelisted_standalone_consonant	ś	1	 atha trayodaśo 'dhyāyaḥ	ś atha trayodaśo 'dhyāyaḥ	recorded
3_purana/agp_bi_u.txt	2421	standalone_consonant	delete_non_whitelisted_standalone_consonant	p	1		p	recorded
3_purana/agp_bi_u.txt	2467	standalone_consonant	delete_non_whitelisted_standalone_consonant	n	1		n	recorded
3_purana/agp_bi_u.txt	2479	standalone_consonant	delete_non_whitelisted_standalone_consonant	p	1		p	recorded
3_purana/agp_bi_u.txt	2512	standalone_consonant	delete_non_whitelisted_standalone_consonant	ś	1	 atha caturdaśo 'dhyāyaḥ	ś atha caturdaśo 'dhyāyaḥ	recorded
3_purana/agp_bi_u.txt	2526	standalone_consonant	delete_non_whitelisted_standalone_consonant	n	1		n	recorded
3_purana/agp_bi_u.txt	2530	standalone_consonant	delete_non_whitelisted_standalone_consonant	p	1		p	recorded
3_purana/agp_bi_u.txt	2581	standalone_consonant	delete_non_whitelisted_standalone_consonant	n	1		n	recorded
3_purana/agp_bi_u.txt	2585	standalone_consonant	delete_non_whitelisted_standalone_consonant	p	1		p	recorded
3_purana/agp_bi_u.txt	2637	standalone_consonant	delete_non_whitelisted_standalone_consonant	p	1		p	recorded
3_purana/agp_bi_u.txt	2646	standalone_consonant	delete_non_whitelisted_standalone_consonant	ś	1	 atha pañcadaśo 'dhyāyaḥ	ś atha pañcadaśo 'dhyāyaḥ	recorded
3_purana/agp_bi_u.txt	2686	standalone_consonant	delete_non_whitelisted_standalone_consonant	n	1		n	recorded
3_purana/agp_bi_u.txt	2692	standalone_consonant	delete_non_whitelisted_standalone_consonant	p	1		p	recorded
3_purana/agp_bi_u.txt	2721	standalone_consonant	delete_non_whitelisted_standalone_consonant	ś	1	 atha ṣoḍaśo 'dhyāyaḥ	ś atha ṣoḍaśo 'dhyāyaḥ	recorded
3_purana/agp_bi_u.txt	2743	standalone_consonant	delete_non_whitelisted_standalone_consonant	p	1		p	recorded
3_purana/agp_bi_u.txt	2786	standalone_consonant	delete_non_whitelisted_standalone_consonant	ś	1	 atha saptadaśo 'dhyāyaḥ	ś atha saptadaśo 'dhyāyaḥ	recorded
3_purana/agp_bi_u.txt	2796	standalone_consonant	delete_non_whitelisted_standalone_consonant	p	1		p	recorded
3_purana/agp_bi_u.txt	2838	standalone_consonant	delete_non_whitelisted_standalone_consonant	n	1		n	recorded
3_purana/agp_bi_u.txt	2855	standalone_consonant	delete_non_whitelisted_standalone_consonant	p	1		p	recorded
3_purana/agp_bi_u.txt	2882	standalone_consonant	delete_non_whitelisted_standalone_consonant	ś	1	 atha aṣṭādaśo 'dhyāyaḥ	ś atha aṣṭādaśo 'dhyāyaḥ	recorded
3_purana/agp_bi_u.txt	2892	standalone_consonant	delete_non_whitelisted_standalone_consonant	n	1		n	recorded
3_purana/agp_bi_u.txt	2904	standalone_consonant	delete_non_whitelisted_standalone_consonant	p	1		p	recorded
3_purana/agp_bi_u.txt	2944	standalone_consonant	delete_non_whitelisted_standalone_consonant	n	1		n	recorded
3_purana/agp_bi_u.txt	2958	standalone_consonant	delete_non_whitelisted_standalone_consonant	p	1		p	recorded
3_purana/agp_bi_u.txt	3004	standalone_consonant	delete_non_whitelisted_standalone_consonant	n	1		n	recorded
3_purana/agp_bi_u.txt	3012	standalone_consonant	delete_non_whitelisted_standalone_consonant	p	1		p	recorded
3_purana/agp_bi_u.txt	3058	standalone_consonant	delete_non_whitelisted_standalone_consonant	n	1		n	recorded
3_purana/agp_bi_u.txt	3067	standalone_consonant	delete_non_whitelisted_standalone_consonant	p	1		p	recorded
3_purana/agp_bi_u.txt	3105	standalone_consonant	delete_non_whitelisted_standalone_consonant	n	1		n	recorded
3_purana/agp_bi_u.txt	3121	standalone_consonant	delete_non_whitelisted_standalone_consonant	p	1		p	recorded
3_purana/agp_bi_u.txt	3138	standalone_consonant	delete_non_whitelisted_standalone_consonant	ś	1	 athonaviṃśatitamo 'dhyāyaḥ	ś athonaviṃśatitamo 'dhyāyaḥ	recorded
3_purana/agp_bi_u.txt	3164	standalone_consonant	delete_non_whitelisted_standalone_consonant	n	1		n	recorded
3_purana/agp_bi_u.txt	3170	standalone_consonant	delete_non_whitelisted_standalone_consonant	p	1		p	recorded
3_purana/agp_bi_u.txt	3210	standalone_consonant	delete_non_whitelisted_standalone_consonant	n	1		n	recorded
3_purana/agp_bi_u.txt	3228	standalone_consonant	delete_non_whitelisted_standalone_consonant	p	1		p	recorded
3_purana/agp_bi_u.txt	3272	standalone_consonant	delete_non_whitelisted_standalone_consonant	n	1		n	recorded
3_purana/agp_bi_u.txt	3282	standalone_consonant	delete_non_whitelisted_standalone_consonant	p	1		p	recorded
3_purana/agp_bi_u.txt	3301	standalone_consonant	delete_non_whitelisted_standalone_consonant	ś	1	 atha viṃśatitamo 'dhyāyaḥ	ś atha viṃśatitamo 'dhyāyaḥ	recorded
3_purana/agp_bi_u.txt	3329	standalone_consonant	delete_non_whitelisted_standalone_consonant	p	1		p	recorded
3_purana/agp_bi_u.txt	3371	standalone_consonant	delete_non_whitelisted_standalone_consonant	n	1		n	recorded
3_purana/agp_bi_u.txt	3381	standalone_consonant	delete_non_whitelisted_standalone_consonant	p	1		p	recorded
3_purana/agp_bi_u.txt	3416	standalone_consonant	delete_non_whitelisted_standalone_consonant	ś	1	 atha ekaviṃśo 'dhyāyaḥ	ś atha ekaviṃśo 'dhyāyaḥ	recorded
3_purana/agp_bi_u.txt	3426	standalone_consonant	delete_non_whitelisted_standalone_consonant	n	1		n	recorded
3_purana/agp_bi_u.txt	3433	standalone_consonant	delete_non_whitelisted_standalone_consonant	p	1		p	recorded
3_purana/agp_bi_u.txt	3473	standalone_consonant	delete_non_whitelisted_standalone_consonant	n	1		n	recorded
3_purana/agp_bi_u.txt	3489	standalone_consonant	delete_non_whitelisted_standalone_consonant	p	1		p	recorded
3_purana/agp_bi_u.txt	3536	standalone_consonant	delete_non_whitelisted_standalone_consonant	n	1		n	recorded
3_purana/agp_bi_u.txt	3545	standalone_consonant	delete_non_whitelisted_standalone_consonant	p	1		p	recorded
3_purana/agp_bi_u.txt	3574	standalone_consonant	delete_non_whitelisted_standalone_consonant	ś	1	 atha dvāviṃśo 'dhyāyaḥ	ś atha dvāviṃśo 'dhyāyaḥ	recorded
3_purana/agp_bi_u.txt	3586	standalone_consonant	delete_non_whitelisted_standalone_consonant	n	1		n	recorded
3_purana/agp_bi_u.txt	3593	standalone_consonant	delete_non_whitelisted_standalone_consonant	p	1		p	recorded
3_purana/agp_bi_u.txt	3626	standalone_consonant	delete_non_whitelisted_standalone_consonant	ś	1	 atha trayoviṃśodhyāyaḥ	ś atha trayoviṃśodhyāyaḥ	recorded
3_purana/agp_bi_u.txt	3636	standalone_consonant	delete_non_whitelisted_standalone_consonant	n	1		n	recorded
3_purana/agp_bi_u.txt	3640	standalone_consonant	delete_non_whitelisted_standalone_consonant	p	1		p	recorded
3_purana/agp_bi_u.txt	3684	standalone_consonant	delete_non_whitelisted_standalone_consonant	n	1		n	recorded
3_purana/agp_bi_u.txt	3696	standalone_consonant	delete_non_whitelisted_standalone_consonant	p	1		p	recorded
3_purana/agp_bi_u.txt	3740	standalone_consonant	delete_non_whitelisted_standalone_consonant	n	1		n	recorded
3_purana/agp_bi_u.txt	3750	standalone_consonant	delete_non_whitelisted_standalone_consonant	p	1		p	recorded
3_purana/agp_bi_u.txt	3759	standalone_consonant	delete_non_whitelisted_standalone_consonant	ś	1	 atha caturviṃśo 'dhyāyaḥ	ś atha caturviṃśo 'dhyāyaḥ	recorded
3_purana/agp_bi_u.txt	3791	standalone_consonant	delete_non_whitelisted_standalone_consonant	n	1		n	recorded
3_purana/agp_bi_u.txt	3797	standalone_consonant	delete_non_whitelisted_standalone_consonant	p	1		p	recorded
3_purana/agp_bi_u.txt	3841	standalone_consonant	delete_non_whitelisted_standalone_consonant	n	1		n	recorded
3_purana/agp_bi_u.txt	3848	standalone_consonant	delete_non_whitelisted_standalone_consonant	p	1		p	recorded
3_purana/agp_bi_u.txt	3894	standalone_consonant	delete_non_whitelisted_standalone_consonant	n	1		n	recorded
3_purana/agp_bi_u.txt	3902	standalone_consonant	delete_non_whitelisted_standalone_consonant	p	1		p	recorded
3_purana/agp_bi_u.txt	3946	standalone_consonant	delete_non_whitelisted_standalone_consonant	n	1		n	recorded
3_purana/agp_bi_u.txt	3956	standalone_consonant	delete_non_whitelisted_standalone_consonant	p	1		p	recorded
3_purana/agp_bi_u.txt	3999	standalone_consonant	delete_non_whitelisted_standalone_consonant	n	1		n	recorded
3_purana/agp_bi_u.txt	4009	standalone_consonant	delete_non_whitelisted_standalone_consonant	p	1		p	recorded
3_purana/agp_bi_u.txt	4054	standalone_consonant	delete_non_whitelisted_standalone_consonant	n	1		n	recorded
3_purana/agp_bi_u.txt	4058	standalone_consonant	delete_non_whitelisted_standalone_consonant	p	1		p	recorded
3_purana/agp_bi_u.txt	4060	standalone_consonant	delete_non_whitelisted_standalone_consonant	ś	1	 atha pañcaviṃśo 'dhyāyaḥ	ś atha pañcaviṃśo 'dhyāyaḥ	recorded
3_purana/agp_bi_u.txt	4102	standalone_consonant	delete_non_whitelisted_standalone_consonant	n	1		n	recorded
3_purana/agp_bi_u.txt	4114	standalone_consonant	delete_non_whitelisted_standalone_consonant	p	1		p	recorded
3_purana/agp_bi_u.txt	4152	standalone_consonant	delete_non_whitelisted_standalone_consonant	n	1		n	recorded
3_purana/agp_bi_u.txt	4169	standalone_consonant	delete_non_whitelisted_standalone_consonant	p	1		p	recorded
3_purana/agp_bi_u.txt	4211	standalone_consonant	delete_non_whitelisted_standalone_consonant	n	1		n	recorded
3_purana/agp_bi_u.txt	4222	standalone_consonant	delete_non_whitelisted_standalone_consonant	p	1		p	recorded
3_purana/agp_bi_u.txt	4264	standalone_consonant	delete_non_whitelisted_standalone_consonant	n	1		n	recorded
3_purana/agp_bi_u.txt	4275	standalone_consonant	delete_non_whitelisted_standalone_consonant	p	1		p	recorded
3_purana/agp_bi_u.txt	4321	standalone_consonant	delete_non_whitelisted_standalone_consonant	n	1		n	recorded
3_purana/agp_bi_u.txt	4328	standalone_consonant	delete_non_whitelisted_standalone_consonant	p	1		p	recorded
3_purana/agp_bi_u.txt	4341	standalone_consonant	delete_non_whitelisted_standalone_consonant	ś	1	 atha ṣaḍviṃśo 'dhyāyaḥ	ś atha ṣaḍviṃśo 'dhyāyaḥ	recorded
3_purana/agp_bi_u.txt	4368	standalone_consonant	delete_non_whitelisted_standalone_consonant	n	1		n	recorded
3_purana/agp_bi_u.txt	4377	standalone_consonant	delete_non_whitelisted_standalone_consonant	p	1		p	recorded
3_purana/agp_bi_u.txt	4390	standalone_consonant	delete_non_whitelisted_standalone_consonant	ś	1	 atha saptaviṃśo 'dhyāyaḥ	ś atha saptaviṃśo 'dhyāyaḥ	recorded
3_purana/agp_bi_u.txt	4421	standalone_consonant	delete_non_whitelisted_standalone_consonant	n	1		n	recorded
3_purana/agp_bi_u.txt	4427	standalone_consonant	delete_non_whitelisted_standalone_consonant	p	1		p	recorded
3_purana/agp_bi_u.txt	4471	standalone_consonant	delete_non_whitelisted_standalone_consonant	n	1		n	recorded
3_purana/agp_bi_u.txt	4481	standalone_consonant	delete_non_whitelisted_standalone_consonant	p	1		p	recorded
3_purana/agp_bi_u.txt	4523	standalone_consonant	delete_non_whitelisted_standalone_consonant	n	1		n	recorded
3_purana/agp_bi_u.txt	4537	standalone_consonant	delete_non_whitelisted_standalone_consonant	p	1		p	recorded
3_purana/agp_bi_u.txt	4583	standalone_consonant	delete_non_whitelisted_standalone_consonant	n	1		n	recorded
3_purana/agp_bi_u.txt	4592	standalone_consonant	delete_non_whitelisted_standalone_consonant	p	1		p	recorded
3_purana/agp_bi_u.txt	4640	standalone_consonant	delete_non_whitelisted_standalone_consonant	n	1		n	recorded
3_purana/agp_bi_u.txt	4644	standalone_consonant	delete_non_whitelisted_standalone_consonant	p	1		p	recorded
3_purana/agp_bi_u.txt	4687	standalone_consonant	delete_non_whitelisted_standalone_consonant	n	1		n	recorded
3_purana/agp_bi_u.txt	4700	standalone_consonant	delete_non_whitelisted_standalone_consonant	p	1		p	recorded
3_purana/agp_bi_u.txt	4744	standalone_consonant	delete_non_whitelisted_standalone_consonant	n	1		n	recorded
3_purana/agp_bi_u.txt	4753	standalone_consonant	delete_non_whitelisted_standalone_consonant	p	1		p	recorded
3_purana/agp_bi_u.txt	4802	standalone_consonant	delete_non_whitelisted_standalone_consonant	n	1		n	recorded
3_purana/agp_bi_u.txt	4808	standalone_consonant	delete_non_whitelisted_standalone_consonant	p	1		p	recorded
3_purana/agp_bi_u.txt	4810	standalone_consonant	delete_non_whitelisted_standalone_consonant	ś	1	 atha aṣṭāviṃśodhyāyaḥ	ś atha aṣṭāviṃśodhyāyaḥ	recorded
3_purana/agp_bi_u.txt	4839	standalone_consonant	delete_non_whitelisted_standalone_consonant	ś	1	 atha ūnatriṃśo 'dhyāyaḥ	ś atha ūnatriṃśo 'dhyāyaḥ	recorded
3_purana/agp_bi_u.txt	4858	standalone_consonant	delete_non_whitelisted_standalone_consonant	p	1		p	recorded
3_purana/agp_bi_u.txt	4906	standalone_consonant	delete_non_whitelisted_standalone_consonant	n	1		n	recorded
3_purana/agp_bi_u.txt	4911	standalone_consonant	delete_non_whitelisted_standalone_consonant	p	1		p	recorded
3_purana/agp_bi_u.txt	4955	standalone_consonant	delete_non_whitelisted_standalone_consonant	n	1		n	recorded
3_purana/agp_bi_u.txt	4964	standalone_consonant	delete_non_whitelisted_standalone_consonant	p	1		p	recorded
3_purana/agp_bi_u.txt	5014	standalone_consonant	delete_non_whitelisted_standalone_consonant	n	1		n	recorded
3_purana/agp_bi_u.txt	5019	standalone_consonant	delete_non_whitelisted_standalone_consonant	p	1		p	recorded
3_purana/agp_bi_u.txt	5061	standalone_consonant	delete_non_whitelisted_standalone_consonant	n	1		n	recorded
3_purana/agp_bi_u.txt	5072	standalone_consonant	delete_non_whitelisted_standalone_consonant	p	1		p	recorded
3_purana/agp_bi_u.txt	5089	standalone_consonant	delete_non_whitelisted_standalone_consonant	ś	1	 atha triṃśo 'dhyāyaḥ	ś atha triṃśo 'dhyāyaḥ	recorded
3_purana/agp_bi_u.txt	5121	standalone_consonant	delete_non_whitelisted_standalone_consonant	n	1		n	recorded
3_purana/agp_bi_u.txt	5126	standalone_consonant	delete_non_whitelisted_standalone_consonant	p	1		p	recorded
3_purana/agp_bi_u.txt	5178	standalone_consonant	delete_non_whitelisted_standalone_consonant	p	1		p	recorded
3_purana/agp_bi_u.txt	5230	standalone_consonant	delete_non_whitelisted_standalone_consonant	p	1		p	recorded
3_purana/agp_bi_u.txt	5251	standalone_consonant	delete_non_whitelisted_standalone_consonant	ś	1	 atha ekatriṃśo 'dhyāyaḥ	ś atha ekatriṃśo 'dhyāyaḥ	recorded
3_purana/agp_bi_u.txt	5273	standalone_consonant	delete_non_whitelisted_standalone_consonant	n	1		n	recorded
3_purana/agp_bi_u.txt	5279	standalone_consonant	delete_non_whitelisted_standalone_consonant	p	1		p	recorded
3_purana/agp_bi_u.txt	5325	standalone_consonant	delete_non_whitelisted_standalone_consonant	n	1		n	recorded
3_purana/agp_bi_u.txt	5333	standalone_consonant	delete_non_whitelisted_standalone_consonant	p	1		p	recorded
3_purana/agp_bi_u.txt	5375	standalone_consonant	delete_non_whitelisted_standalone_consonant	n	1		n	recorded
3_purana/agp_bi_u.txt	5387	standalone_consonant	delete_non_whitelisted_standalone_consonant	p	1		p	recorded
3_purana/agp_bi_u.txt	5433	standalone_consonant	delete_non_whitelisted_standalone_consonant	n	1		n	recorded
3_purana/agp_bi_u.txt	5441	standalone_consonant	delete_non_whitelisted_standalone_consonant	p	1		p	recorded
3_purana/agp_bi_u.txt	5485	standalone_consonant	delete_non_whitelisted_standalone_consonant	n	1		n	recorded
3_purana/agp_bi_u.txt	5495	standalone_consonant	delete_non_whitelisted_standalone_consonant	p	1		p	recorded
3_purana/agp_bi_u.txt	5504	standalone_consonant	delete_non_whitelisted_standalone_consonant	ś	1	 atha dvātiṃśo 'dhyāyaḥ	ś atha dvātiṃśo 'dhyāyaḥ	recorded
3_purana/agp_bi_u.txt	5540	standalone_consonant	delete_non_whitelisted_standalone_consonant	n	1		n	recorded
3_purana/agp_bi_u.txt	5544	standalone_consonant	delete_non_whitelisted_standalone_consonant	p	1		p	recorded
3_purana/agp_bi_u.txt	5569	standalone_consonant	delete_non_whitelisted_standalone_consonant	ś	1	 atha trayastriṃśo 'dhyāyaḥ	ś atha trayastriṃśo 'dhyāyaḥ	recorded
3_purana/agp_bi_u.txt	5589	standalone_consonant	delete_non_whitelisted_standalone_consonant	n	1		n	recorded
3_purana/agp_bi_u.txt	5593	standalone_consonant	delete_non_whitelisted_standalone_consonant	p	1		p	recorded
3_purana/agp_bi_u.txt	5637	standalone_consonant	delete_non_whitelisted_standalone_consonant	n	1		n	recorded
3_purana/agp_bi_u.txt	5649	standalone_consonant	delete_non_whitelisted_standalone_consonant	p	1		p	recorded
3_purana/agp_bi_u.txt	5689	standalone_consonant	delete_non_whitelisted_standalone_consonant	n	1		n	recorded
3_purana/agp_bi_u.txt	5703	standalone_consonant	delete_non_whitelisted_standalone_consonant	p	1		p	recorded
3_purana/agp_bi_u.txt	5752	standalone_consonant	delete_non_whitelisted_standalone_consonant	n	1		n	recorded
3_purana/agp_bi_u.txt	5765	standalone_consonant	delete_non_whitelisted_standalone_consonant	p	1		p	recorded
3_purana/agp_bi_u.txt	5812	standalone_consonant	delete_non_whitelisted_standalone_consonant	n	1		n	recorded
3_purana/agp_bi_u.txt	5824	standalone_consonant	delete_non_whitelisted_standalone_consonant	p	1		p	recorded
3_purana/agp_bi_u.txt	5872	standalone_consonant	delete_non_whitelisted_standalone_consonant	n	1		n	recorded
3_purana/agp_bi_u.txt	5881	standalone_consonant	delete_non_whitelisted_standalone_consonant	p	1		p	recorded
3_purana/agp_bi_u.txt	5916	standalone_consonant	delete_non_whitelisted_standalone_consonant	ś	1	 atha catustriṃśo 'dhyāyaḥ	ś atha catustriṃśo 'dhyāyaḥ	recorded
3_purana/agp_bi_u.txt	5926	standalone_consonant	delete_non_whitelisted_standalone_consonant	n	1		n	recorded
3_purana/agp_bi_u.txt	5930	standalone_consonant	delete_non_whitelisted_standalone_consonant	p	1		p	recorded
3_purana/agp_bi_u.txt	5982	standalone_consonant	delete_non_whitelisted_standalone_consonant	p	1		p	recorded
3_purana/agp_bi_u.txt	6026	standalone_consonant	delete_non_whitelisted_standalone_consonant	n	1		n	recorded
3_purana/agp_bi_u.txt	6032	standalone_consonant	delete_non_whitelisted_standalone_consonant	p	1		p	recorded
3_purana/agp_bi_u.txt	6084	standalone_consonant	delete_non_whitelisted_standalone_consonant	p	1		p	recorded
3_purana/agp_bi_u.txt	6105	standalone_consonant	delete_non_whitelisted_standalone_consonant	ś	1	 atha pañcatriṃśo 'dhyāyaḥ	ś atha pañcatriṃśo 'dhyāyaḥ	recorded
3_purana/agp_bi_u.txt	6125	standalone_consonant	delete_non_whitelisted_standalone_consonant	n	1		n	recorded
3_purana/agp_bi_u.txt	6135	standalone_consonant	delete_non_whitelisted_standalone_consonant	p	1		p	recorded
3_purana/agp_bi_u.txt	6185	standalone_consonant	delete_non_whitelisted_standalone_consonant	n	1		n	recorded
3_purana/agp_bi_u.txt	6189	standalone_consonant	delete_non_whitelisted_standalone_consonant	p	1		p	recorded
3_purana/agp_bi_u.txt	6204	standalone_consonant	delete_non_whitelisted_standalone_consonant	ś	1	 atha ṣaṭtriṃśo 'dhyāyaḥ	ś atha ṣaṭtriṃśo 'dhyāyaḥ	recorded
3_purana/agp_bi_u.txt	6232	standalone_consonant	delete_non_whitelisted_standalone_consonant	n	1		n	recorded
3_purana/agp_bi_u.txt	6238	standalone_consonant	delete_non_whitelisted_standalone_consonant	p	1		p	recorded
3_purana/agp_bi_u.txt	6284	standalone_consonant	delete_non_whitelisted_standalone_consonant	n	1		n	recorded
3_purana/agp_bi_u.txt	6293	standalone_consonant	delete_non_whitelisted_standalone_consonant	p	1		p	recorded
3_purana/agp_bi_u.txt	6322	standalone_consonant	delete_non_whitelisted_standalone_consonant	ś	1	 atha saptatriṃśo 'dhyāyaḥ	ś atha saptatriṃśo 'dhyāyaḥ	recorded
3_purana/agp_bi_u.txt	6338	standalone_consonant	delete_non_whitelisted_standalone_consonant	n	1		n	recorded
3_purana/agp_bi_u.txt	6344	standalone_consonant	delete_non_whitelisted_standalone_consonant	p	1		p	recorded
3_purana/agp_bi_u.txt	6388	standalone_consonant	delete_non_whitelisted_standalone_consonant	n	1		n	recorded
3_purana/agp_bi_u.txt	6394	standalone_consonant	delete_non_whitelisted_standalone_consonant	p	1		p	recorded
3_purana/agp_bi_u.txt	6403	standalone_consonant	delete_non_whitelisted_standalone_consonant	ś	1	 atha aṣṭatriṃśo 'dhyāyaḥ	ś atha aṣṭatriṃśo 'dhyāyaḥ	recorded
3_purana/agp_bi_u.txt	6437	standalone_consonant	delete_non_whitelisted_standalone_consonant	n	1		n	recorded
3_purana/agp_bi_u.txt	6446	standalone_consonant	delete_non_whitelisted_standalone_consonant	p	1		p	recorded
3_purana/agp_bi_u.txt	6494	standalone_consonant	delete_non_whitelisted_standalone_consonant	n	1		n	recorded
3_purana/agp_bi_u.txt	6500	standalone_consonant	delete_non_whitelisted_standalone_consonant	p	1		p	recorded
3_purana/agp_bi_u.txt	6548	standalone_consonant	delete_non_whitelisted_standalone_consonant	n	1		n	recorded
3_purana/agp_bi_u.txt	6554	standalone_consonant	delete_non_whitelisted_standalone_consonant	p	1		p	recorded
3_purana/agp_bi_u.txt	6600	standalone_consonant	delete_non_whitelisted_standalone_consonant	n	1		n	recorded
3_purana/agp_bi_u.txt	6608	standalone_consonant	delete_non_whitelisted_standalone_consonant	p	1		p	recorded
3_purana/agp_bi_u.txt	6655	standalone_consonant	delete_non_whitelisted_standalone_consonant	n	1		n	recorded
3_purana/agp_bi_u.txt	6662	standalone_consonant	delete_non_whitelisted_standalone_consonant	p	1		p	recorded
3_purana/agp_bi_u.txt	6664	standalone_consonant	delete_non_whitelisted_standalone_consonant	ś	1	 athonacatvāriṃśo 'dhyāyaḥ	ś athonacatvāriṃśo 'dhyāyaḥ	recorded
3_purana/agp_bi_u.txt	6704	standalone_consonant	delete_non_whitelisted_standalone_consonant	n	1		n	recorded
3_purana/agp_bi_u.txt	6712	standalone_consonant	delete_non_whitelisted_standalone_consonant	p	1		p	recorded
3_purana/agp_bi_u.txt	6758	standalone_consonant	delete_non_whitelisted_standalone_consonant	n	1		n	recorded
3_purana/agp_bi_u.txt	6762	standalone_consonant	delete_non_whitelisted_standalone_consonant	p	1		p	recorded
3_purana/agp_bi_u.txt	6771	standalone_consonant	delete_non_whitelisted_standalone_consonant	ś	1	 atha catvāriṃśo 'dhyāyaḥ	ś atha catvāriṃśo 'dhyāyaḥ	recorded
3_purana/agp_bi_u.txt	6805	standalone_consonant	delete_non_whitelisted_standalone_consonant	n	1		n	recorded
3_purana/agp_bi_u.txt	6811	standalone_consonant	delete_non_whitelisted_standalone_consonant	p	1		p	recorded
3_purana/agp_bi_u.txt	6861	standalone_consonant	delete_non_whitelisted_standalone_consonant	n	1		n	recorded
3_purana/agp_bi_u.txt	6865	standalone_consonant	delete_non_whitelisted_standalone_consonant	p	1		p	recorded
3_purana/agp_bi_u.txt	6911	standalone_consonant	delete_non_whitelisted_standalone_consonant	n	1		n	recorded
3_purana/agp_bi_u.txt	6919	standalone_consonant	delete_non_whitelisted_standalone_consonant	p	1		p	recorded
3_purana/agp_bi_u.txt	6928	standalone_consonant	delete_non_whitelisted_standalone_consonant	ś	1	 athaikacatvāriṃśo 'dhyāyaḥ	ś athaikacatvāriṃśo 'dhyāyaḥ	recorded
3_purana/agp_bi_u.txt	6962	standalone_consonant	delete_non_whitelisted_standalone_consonant	n	1		n	recorded
3_purana/agp_bi_u.txt	6970	standalone_consonant	delete_non_whitelisted_standalone_consonant	p	1		p	recorded
3_purana/agp_bi_u.txt	7014	standalone_consonant	delete_non_whitelisted_standalone_consonant	n	1		n	recorded
3_purana/agp_bi_u.txt	7025	standalone_consonant	delete_non_whitelisted_standalone_consonant	p	1		p	recorded
3_purana/agp_bi_u.txt	7073	standalone_consonant	delete_non_whitelisted_standalone_consonant	n	1		n	recorded
3_purana/agp_bi_u.txt	7079	standalone_consonant	delete_non_whitelisted_standalone_consonant	p	1		p	recorded
3_purana/agp_bi_u.txt	7114	standalone_consonant	delete_non_whitelisted_standalone_consonant	ś	1	 atha dvācatvāriṃśo 'dhyāyaḥ	ś atha dvācatvāriṃśo 'dhyāyaḥ	recorded
3_purana/agp_bi_u.txt	7126	standalone_consonant	delete_non_whitelisted_standalone_consonant	n	1		n	recorded
3_purana/agp_bi_u.txt	7130	standalone_consonant	delete_non_whitelisted_standalone_consonant	p	1		p	recorded
3_purana/agp_bi_u.txt	7174	standalone_consonant	delete_non_whitelisted_standalone_consonant	n	1		n	recorded
3_purana/agp_bi_u.txt	7183	standalone_consonant	delete_non_whitelisted_standalone_consonant	p	1		p	recorded
3_purana/agp_bi_u.txt	7233	standalone_consonant	delete_non_whitelisted_standalone_consonant	n	1		n	recorded
3_purana/agp_bi_u.txt	7237	standalone_consonant	delete_non_whitelisted_standalone_consonant	p	1		p	recorded
3_purana/agp_bi_u.txt	7248	standalone_consonant	delete_non_whitelisted_standalone_consonant	ś	1	 atha tricatvāriṃśo 'dhyāyaḥ	ś atha tricatvāriṃśo 'dhyāyaḥ	recorded
3_purana/agp_bi_u.txt	7286	standalone_consonant	delete_non_whitelisted_standalone_consonant	p	1		p	recorded
3_purana/agp_bi_u.txt	7328	standalone_consonant	delete_non_whitelisted_standalone_consonant	n	1		n	recorded
3_purana/agp_bi_u.txt	7339	standalone_consonant	delete_non_whitelisted_standalone_consonant	p	1		p	recorded
3_purana/agp_bi_u.txt	7379	standalone_consonant	delete_non_whitelisted_standalone_consonant	n	1		n	recorded
3_purana/agp_bi_u.txt	7393	standalone_consonant	delete_non_whitelisted_standalone_consonant	p	1		p	recorded
3_purana/agp_bi_u.txt	7404	standalone_consonant	delete_non_whitelisted_standalone_consonant	ś	1	 atha catuś catvāriṃśo 'dhyāyaḥ	ś atha catuś catvāriṃśo 'dhyāyaḥ	recorded
3_purana/agp_bi_u.txt	7442	standalone_consonant	delete_non_whitelisted_standalone_consonant	p	1		p	recorded
3_purana/agp_bi_u.txt	7490	standalone_consonant	delete_non_whitelisted_standalone_consonant	n	1		n	recorded
3_purana/agp_bi_u.txt	7496	standalone_consonant	delete_non_whitelisted_standalone_consonant	p	1		p	recorded
3_purana/agp_bi_u.txt	7544	standalone_consonant	delete_non_whitelisted_standalone_consonant	n	1		n	recorded
3_purana/agp_bi_u.txt	7548	standalone_consonant	delete_non_whitelisted_standalone_consonant	p	1		p	recorded
3_purana/agp_bi_u.txt	7599	standalone_consonant	delete_non_whitelisted_standalone_consonant	n	1		n	recorded
3_purana/agp_bi_u.txt	7603	standalone_consonant	delete_non_whitelisted_standalone_consonant	p	1		p	recorded
3_purana/agp_bi_u.txt	7632	standalone_consonant	delete_non_whitelisted_standalone_consonant	ś	1	 atha pañcacatvāriṃśodhyāyaḥ	ś atha pañcacatvāriṃśodhyāyaḥ	recorded
3_purana/agp_bi_u.txt	7644	standalone_consonant	delete_non_whitelisted_standalone_consonant	n	1		n	recorded
3_purana/agp_bi_u.txt	7652	standalone_consonant	delete_non_whitelisted_standalone_consonant	p	1		p	recorded
3_purana/agp_bi_u.txt	7700	standalone_consonant	delete_non_whitelisted_standalone_consonant	n	1		n	recorded
3_purana/agp_bi_u.txt	7704	standalone_consonant	delete_non_whitelisted_standalone_consonant	p	1		p	recorded
3_purana/agp_bi_u.txt	7717	standalone_consonant	delete_non_whitelisted_standalone_consonant	ś	1	 atha ṣaṭcatvāriṃśo 'dhyāyaḥ	ś atha ṣaṭcatvāriṃśo 'dhyāyaḥ	recorded
3_purana/agp_bi_u.txt	7749	standalone_consonant	delete_non_whitelisted_standalone_consonant	n	1		n	recorded
3_purana/agp_bi_u.txt	7753	standalone_consonant	delete_non_whitelisted_standalone_consonant	p	1		p	recorded
3_purana/agp_bi_u.txt	7786	standalone_consonant	delete_non_whitelisted_standalone_consonant	ś	1	 atha saptacatvāriṃśo 'dhyāyaḥ	ś atha saptacatvāriṃśo 'dhyāyaḥ	recorded
3_purana/agp_bi_u.txt	7798	standalone_consonant	delete_non_whitelisted_standalone_consonant	n	1		n	recorded
3_purana/agp_bi_u.txt	7805	standalone_consonant	delete_non_whitelisted_standalone_consonant	p	1		p	recorded
3_purana/agp_bi_u.txt	7851	standalone_consonant	delete_non_whitelisted_standalone_consonant	n	1		n	recorded
3_purana/agp_bi_u.txt	7857	standalone_consonant	delete_non_whitelisted_standalone_consonant	p	1		p	recorded
3_purana/agp_bi_u.txt	7866	standalone_consonant	delete_non_whitelisted_standalone_consonant	ś	1	 athāṣṭācatvāriṃśo 'dhyāyaḥ	ś athāṣṭācatvāriṃśo 'dhyāyaḥ	recorded
3_purana/agp_bi_u.txt	7900	standalone_consonant	delete_non_whitelisted_standalone_consonant	n	1		n	recorded
3_purana/agp_bi_u.txt	7906	standalone_consonant	delete_non_whitelisted_standalone_consonant	p	1		p	recorded
3_purana/agp_bi_u.txt	7941	standalone_consonant	delete_non_whitelisted_standalone_consonant	ś	1	 athonapañcāśo 'dhyāyaḥ	ś athonapañcāśo 'dhyāyaḥ	recorded
3_purana/agp_bi_u.txt	7951	standalone_consonant	delete_non_whitelisted_standalone_consonant	n	1		n	recorded
3_purana/agp_bi_u.txt	7955	standalone_consonant	delete_non_whitelisted_standalone_consonant	p	1		p	recorded
3_purana/agp_bi_u.txt	7999	standalone_consonant	delete_non_whitelisted_standalone_consonant	n	1		n	recorded
3_purana/agp_bi_u.txt	8008	standalone_consonant	delete_non_whitelisted_standalone_consonant	p	1		p	recorded
3_purana/agp_bi_u.txt	8050	standalone_consonant	delete_non_whitelisted_standalone_consonant	n	1		n	recorded
3_purana/agp_bi_u.txt	8061	standalone_consonant	delete_non_whitelisted_standalone_consonant	p	1		p	recorded
3_purana/agp_bi_u.txt	8088	standalone_consonant	delete_non_whitelisted_standalone_consonant	ś	1	 atha pañcāśodhyāyaḥ	ś atha pañcāśodhyāyaḥ	recorded
3_purana/agp_bi_u.txt	8106	standalone_consonant	delete_non_whitelisted_standalone_consonant	n	1		n	recorded
3_purana/agp_bi_u.txt	8110	standalone_consonant	delete_non_whitelisted_standalone_consonant	p	1		p	recorded
3_purana/agp_bi_u.txt	8156	standalone_consonant	delete_non_whitelisted_standalone_consonant	n	1		n	recorded
3_purana/agp_bi_u.txt	8162	standalone_consonant	delete_non_whitelisted_standalone_consonant	p	1		p	recorded
3_purana/agp_bi_u.txt	8208	standalone_consonant	delete_non_whitelisted_standalone_consonant	n	1		n	recorded
3_purana/agp_bi_u.txt	8216	standalone_consonant	delete_non_whitelisted_standalone_consonant	p	1		p	recorded
3_purana/agp_bi_u.txt	8262	standalone_consonant	delete_non_whitelisted_standalone_consonant	n	1		n	recorded
3_purana/agp_bi_u.txt	8266	standalone_consonant	delete_non_whitelisted_standalone_consonant	p	1		p	recorded
3_purana/agp_bi_u.txt	8297	standalone_consonant	delete_non_whitelisted_standalone_consonant	ś	1	 atha ekapañcāśo 'dhyāyaḥ	ś atha ekapañcāśo 'dhyāyaḥ	recorded
3_purana/agp_bi_u.txt	8309	standalone_consonant	delete_non_whitelisted_standalone_consonant	n	1		n	recorded
3_purana/agp_bi_u.txt	8319	standalone_consonant	delete_non_whitelisted_standalone_consonant	p	1		p	recorded
3_purana/agp_bi_u.txt	8359	standalone_consonant	delete_non_whitelisted_standalone_consonant	n	1		n	recorded
3_purana/agp_bi_u.txt	8370	standalone_consonant	delete_non_whitelisted_standalone_consonant	p	1		p	recorded
3_purana/agp_bi_u.txt	8401	standalone_consonant	delete_non_whitelisted_standalone_consonant	ś	1	 atha dvipañcośo 'dhyāyaḥ	ś atha dvipañcośo 'dhyāyaḥ	recorded
3_purana/agp_bi_u.txt	8409	standalone_consonant	delete_non_whitelisted_standalone_consonant	n	1		n	recorded
3_purana/agp_bi_u.txt	8421	standalone_consonant	delete_non_whitelisted_standalone_consonant	p	1		p	recorded
3_purana/agp_bi_u.txt	8455	standalone_consonant	delete_non_whitelisted_standalone_consonant	n	1		n	recorded
3_purana/agp_bi_u.txt	8473	standalone_consonant	delete_non_whitelisted_standalone_consonant	p	1		p	recorded
3_purana/agp_bi_u.txt	8510	standalone_consonant	delete_non_whitelisted_standalone_consonant	n	1		n	recorded
3_purana/agp_bi_u.txt	8525	standalone_consonant	delete_non_whitelisted_standalone_consonant	p	1		p	recorded
3_purana/agp_bi_u.txt	8527	standalone_consonant	delete_non_whitelisted_standalone_consonant	ś	1	 atha tripañcāśattamodhyāyaḥ	ś atha tripañcāśattamodhyāyaḥ	recorded
3_purana/agp_bi_u.txt	8575	standalone_consonant	delete_non_whitelisted_standalone_consonant	n	1		n	recorded
3_purana/agp_bi_u.txt	8579	standalone_consonant	delete_non_whitelisted_standalone_consonant	p	1		p	recorded
3_purana/agp_bi_u.txt	8623	standalone_consonant	delete_non_whitelisted_standalone_consonant	n	1		n	recorded
3_purana/agp_bi_u.txt	8634	standalone_consonant	delete_non_whitelisted_standalone_consonant	p	1		p	recorded
3_purana/agp_bi_u.txt	8645	standalone_consonant	delete_non_whitelisted_standalone_consonant	ś	1	 atha catuḥpañcāśattamodhyāyaḥ	ś atha catuḥpañcāśattamodhyāyaḥ	recorded
3_purana/agp_bi_u.txt	8679	standalone_consonant	delete_non_whitelisted_standalone_consonant	n	1		n	recorded
3_purana/agp_bi_u.txt	8687	standalone_consonant	delete_non_whitelisted_standalone_consonant	p	1		p	recorded
3_purana/agp_bi_u.txt	8729	standalone_consonant	delete_non_whitelisted_standalone_consonant	n	1		n	recorded
3_purana/agp_bi_u.txt	8742	standalone_consonant	delete_non_whitelisted_standalone_consonant	p	1		p	recorded
3_purana/agp_bi_u.txt	8790	standalone_consonant	delete_non_whitelisted_standalone_consonant	n	1		n	recorded
3_purana/agp_bi_u.txt	8797	standalone_consonant	delete_non_whitelisted_standalone_consonant	p	1		p	recorded
3_purana/agp_bi_u.txt	8832	standalone_consonant	delete_non_whitelisted_standalone_consonant	n	1		n	recorded
3_purana/agp_bi_u.txt	8855	standalone_consonant	delete_non_whitelisted_standalone_consonant	p	1		p	recorded
3_purana/agp_bi_u.txt	8897	standalone_consonant	delete_non_whitelisted_standalone_consonant	n	1		n	recorded
3_purana/agp_bi_u.txt	8908	standalone_consonant	delete_non_whitelisted_standalone_consonant	p	1		p	recorded
3_purana/agp_bi_u.txt	8919	standalone_consonant	delete_non_whitelisted_standalone_consonant	ś	1	 atha pañcapañcāśattamo 'dhyāyaḥ	ś atha pañcapañcāśattamo 'dhyāyaḥ	recorded
3_purana/agp_bi_u.txt	8945	standalone_consonant	delete_non_whitelisted_standalone_consonant	n	1		n	recorded
3_purana/agp_bi_u.txt	8957	standalone_consonant	delete_non_whitelisted_standalone_consonant	p	1		p	recorded
3_purana/agp_bi_u.txt	8980	standalone_consonant	delete_non_whitelisted_standalone_consonant	ś	1	 atha ṣaṭpañcāśattamo 'dhyāyaḥ	ś atha ṣaṭpañcāśattamo 'dhyāyaḥ	recorded
3_purana/agp_bi_u.txt	9000	standalone_consonant	delete_non_whitelisted_standalone_consonant	n	1		n	recorded
3_purana/agp_bi_u.txt	9006	standalone_consonant	delete_non_whitelisted_standalone_consonant	p	1		p	recorded
3_purana/agp_bi_u.txt	9050	standalone_consonant	delete_non_whitelisted_standalone_consonant	n	1		n	recorded
3_purana/agp_bi_u.txt	9058	standalone_consonant	delete_non_whitelisted_standalone_consonant	p	1		p	recorded
3_purana/agp_bi_u.txt	9104	standalone_consonant	delete_non_whitelisted_standalone_consonant	n	1		n	recorded
3_purana/agp_bi_u.txt	9112	standalone_consonant	delete_non_whitelisted_standalone_consonant	p	1		p	recorded
3_purana/agp_bi_u.txt	9143	standalone_consonant	delete_non_whitelisted_standalone_consonant	ś	1	 atha saptapañcāśodhyāyaḥ	ś atha saptapañcāśodhyāyaḥ	recorded
3_purana/agp_bi_u.txt	9159	standalone_consonant	delete_non_whitelisted_standalone_consonant	n	1		n	recorded
3_purana/agp_bi_u.txt	9163	standalone_consonant	delete_non_whitelisted_standalone_consonant	p	1		p	recorded
3_purana/agp_bi_u.txt	9207	standalone_consonant	delete_non_whitelisted_standalone_consonant	n	1		n	recorded
3_purana/agp_bi_u.txt	9217	standalone_consonant	delete_non_whitelisted_standalone_consonant	p	1		p	recorded
3_purana/agp_bi_u.txt	9264	standalone_consonant	delete_non_whitelisted_standalone_consonant	n	1		n	recorded
3_purana/agp_bi_u.txt	9271	standalone_consonant	delete_non_whitelisted_standalone_consonant	p	1		p	recorded
3_purana/agp_bi_u.txt	9284	standalone_consonant	delete_non_whitelisted_standalone_consonant	ś	1	 atha aṣṭapañcāśattamo 'dhyāyaḥ	ś atha aṣṭapañcāśattamo 'dhyāyaḥ	recorded
3_purana/agp_bi_u.txt	9318	standalone_consonant	delete_non_whitelisted_standalone_consonant	n	1		n	recorded
3_purana/agp_bi_u.txt	9322	standalone_consonant	delete_non_whitelisted_standalone_consonant	p	1		p	recorded
3_purana/agp_bi_u.txt	9368	standalone_consonant	delete_non_whitelisted_standalone_consonant	n	1		n	recorded
3_purana/agp_bi_u.txt	9377	standalone_consonant	delete_non_whitelisted_standalone_consonant	p	1		p	recorded
3_purana/agp_bi_u.txt	9427	standalone_consonant	delete_non_whitelisted_standalone_consonant	n	1		n	recorded
3_purana/agp_bi_u.txt	9431	standalone_consonant	delete_non_whitelisted_standalone_consonant	p	1		p	recorded
3_purana/agp_bi_u.txt	9452	standalone_consonant	delete_non_whitelisted_standalone_consonant	ś	1	 athonaṣaṣṭitamo 'dhyāyaḥ	ś athonaṣaṣṭitamo 'dhyāyaḥ	recorded
3_purana/agp_bi_u.txt	9470	standalone_consonant	delete_non_whitelisted_standalone_consonant	n	1		n	recorded
3_purana/agp_bi_u.txt	9476	standalone_consonant	delete_non_whitelisted_standalone_consonant	p	1		p	recorded
3_purana/agp_bi_u.txt	9516	standalone_consonant	delete_non_whitelisted_standalone_consonant	n	1		n	recorded
3_purana/agp_bi_u.txt	9531	standalone_consonant	delete_non_whitelisted_standalone_consonant	p	1		p	recorded
3_purana/agp_bi_u.txt	9579	standalone_consonant	delete_non_whitelisted_standalone_consonant	n	1		n	recorded
3_purana/agp_bi_u.txt	9585	standalone_consonant	delete_non_whitelisted_standalone_consonant	p	1		p	recorded
3_purana/agp_bi_u.txt	9625	standalone_consonant	delete_non_whitelisted_standalone_consonant	n	1		n	recorded
3_purana/agp_bi_u.txt	9641	standalone_consonant	delete_non_whitelisted_standalone_consonant	p	1		p	recorded
3_purana/agp_bi_u.txt	9679	standalone_consonant	delete_non_whitelisted_standalone_consonant	n	1		n	recorded
3_purana/agp_bi_u.txt	9692	standalone_consonant	delete_non_whitelisted_standalone_consonant	p	1		p	recorded
3_purana/agp_bi_u.txt	9740	standalone_consonant	delete_non_whitelisted_standalone_consonant	n	1		n	recorded
3_purana/agp_bi_u.txt	9746	standalone_consonant	delete_non_whitelisted_standalone_consonant	p	1		p	recorded
3_purana/agp_bi_u.txt	9765	standalone_consonant	delete_non_whitelisted_standalone_consonant	ś	1	 atha ṣaṣṭitamodhyāyaḥ	ś atha ṣaṣṭitamodhyāyaḥ	recorded
3_purana/agp_bi_u.txt	9785	standalone_consonant	delete_non_whitelisted_standalone_consonant	n	1		n	recorded
3_purana/agp_bi_u.txt	9795	standalone_consonant	delete_non_whitelisted_standalone_consonant	p	1		p	recorded
3_purana/agp_bi_u.txt	9835	standalone_consonant	delete_non_whitelisted_standalone_consonant	n	1		n	recorded
3_purana/agp_bi_u.txt	9848	standalone_consonant	delete_non_whitelisted_standalone_consonant	p	1		p	recorded
3_purana/agp_bi_u.txt	9896	standalone_consonant	delete_non_whitelisted_standalone_consonant	n	1		n	recorded
3_purana/agp_bi_u.txt	9900	standalone_consonant	delete_non_whitelisted_standalone_consonant	p	1		p	recorded
3_purana/agp_bi_u.txt	9942	standalone_consonant	delete_non_whitelisted_standalone_consonant	n	1		n	recorded
3_purana/agp_bi_u.txt	9955	standalone_consonant	delete_non_whitelisted_standalone_consonant	p	1		p	recorded
3_purana/agp_bi_u.txt	9964	standalone_consonant	delete_non_whitelisted_standalone_consonant	ś	1	 atha ekaṣaṣṭitamo 'dhyāyaḥ	ś atha ekaṣaṣṭitamo 'dhyāyaḥ	recorded
3_purana/agp_bi_u.txt	9996	standalone_consonant	delete_non_whitelisted_standalone_consonant	n	1		n	recorded
3_purana/agp_bi_u.txt	10004	standalone_consonant	delete_non_whitelisted_standalone_consonant	p	1		p	recorded
3_purana/agp_bi_u.txt	10040	standalone_consonant	delete_non_whitelisted_standalone_consonant	n	1		n	recorded
3_purana/agp_bi_u.txt	10058	standalone_consonant	delete_non_whitelisted_standalone_consonant	p	1		p	recorded
3_purana/agp_bi_u.txt	10100	standalone_consonant	delete_non_whitelisted_standalone_consonant	n	1		n	recorded
3_purana/agp_bi_u.txt	10114	standalone_consonant	delete_non_whitelisted_standalone_consonant	p	1		p	recorded
3_purana/agp_bi_u.txt	10158	standalone_consonant	delete_non_whitelisted_standalone_consonant	n	1		n	recorded
3_purana/agp_bi_u.txt	10167	standalone_consonant	delete_non_whitelisted_standalone_consonant	p	1		p	recorded
3_purana/agp_bi_u.txt	10207	standalone_consonant	delete_non_whitelisted_standalone_consonant	n	1		n	recorded
3_purana/agp_bi_u.txt	10220	standalone_consonant	delete_non_whitelisted_standalone_consonant	p	1		p	recorded
3_purana/agp_bi_u.txt	10245	standalone_consonant	delete_non_whitelisted_standalone_consonant	ś	1	 atha dviṣaṣṭitamo 'dhyāyaḥ	ś atha dviṣaṣṭitamo 'dhyāyaḥ	recorded
3_purana/agp_bi_u.txt	10263	standalone_consonant	delete_non_whitelisted_standalone_consonant	n	1		n	recorded
3_purana/agp_bi_u.txt	10269	standalone_consonant	delete_non_whitelisted_standalone_consonant	p	1		p	recorded
3_purana/agp_bi_u.txt	10309	standalone_consonant	delete_non_whitelisted_standalone_consonant	n	1		n	recorded
3_purana/agp_bi_u.txt	10325	standalone_consonant	delete_non_whitelisted_standalone_consonant	p	1		p	recorded
3_purana/agp_bi_u.txt	10334	standalone_consonant	delete_non_whitelisted_standalone_consonant	ś	1	 atha triṣaṣṭitamo 'dhyāyaḥ	ś atha triṣaṣṭitamo 'dhyāyaḥ	recorded
3_purana/agp_bi_u.txt	10363	standalone_consonant	delete_non_whitelisted_standalone_consonant	n	1		n	recorded
3_purana/agp_bi_u.txt	10369	standalone_consonant	delete_non_whitelisted_standalone_consonant	p	1		p	recorded
3_purana/agp_bi_u.txt	10405	standalone_consonant	delete_non_whitelisted_standalone_consonant	n	1		n	recorded
3_purana/agp_bi_u.txt	10414	standalone_consonant	delete_non_whitelisted_standalone_consonant	p	1		p	recorded
3_purana/agp_bi_u.txt	10452	standalone_consonant	delete_non_whitelisted_standalone_consonant	n	1		n	recorded
3_purana/agp_bi_u.txt	10471	standalone_consonant	delete_non_whitelisted_standalone_consonant	p	1		p	recorded
3_purana/agp_bi_u.txt	10495	standalone_consonant	delete_non_whitelisted_standalone_consonant	ś	1	 atha catuḥṣaṣṭitamodhyāyaḥ	ś atha catuḥṣaṣṭitamodhyāyaḥ	recorded
3_purana/agp_bi_u.txt	10521	standalone_consonant	delete_non_whitelisted_standalone_consonant	p	1		p	recorded
3_purana/agp_bi_u.txt	10567	standalone_consonant	delete_non_whitelisted_standalone_consonant	n	1		n	recorded
3_purana/agp_bi_u.txt	10575	standalone_consonant	delete_non_whitelisted_standalone_consonant	p	1		p	recorded
3_purana/agp_bi_u.txt	10619	standalone_consonant	delete_non_whitelisted_standalone_consonant	n	1		n	recorded
3_purana/agp_bi_u.txt	10627	standalone_consonant	delete_non_whitelisted_standalone_consonant	p	1		p	recorded
3_purana/agp_bi_u.txt	10671	standalone_consonant	delete_non_whitelisted_standalone_consonant	n	1		n	recorded
3_purana/agp_bi_u.txt	10681	standalone_consonant	delete_non_whitelisted_standalone_consonant	p	1		p	recorded
3_purana/agp_bi_u.txt	10715	standalone_consonant	delete_non_whitelisted_standalone_consonant	ś	1	 atha pañcaṣaṣṭitamo 'dhyāyaḥ	ś atha pañcaṣaṣṭitamo 'dhyāyaḥ	recorded
3_purana/agp_bi_u.txt	10727	standalone_consonant	delete_non_whitelisted_standalone_consonant	n	1		n	recorded
3_purana/agp_bi_u.txt	10733	standalone_consonant	delete_non_whitelisted_standalone_consonant	p	1		p	recorded
3_purana/agp_bi_u.txt	10781	standalone_consonant	delete_non_whitelisted_standalone_consonant	n	1		n	recorded
3_purana/agp_bi_u.txt	10787	standalone_consonant	delete_non_whitelisted_standalone_consonant	p	1		p	recorded
3_purana/agp_bi_u.txt	10832	standalone_consonant	delete_non_whitelisted_standalone_consonant	n	1		n	recorded
3_purana/agp_bi_u.txt	10838	standalone_consonant	delete_non_whitelisted_standalone_consonant	p	1		p	recorded
3_purana/agp_bi_u.txt	10840	standalone_consonant	delete_non_whitelisted_standalone_consonant	ś	1	 atha ṣaṭṣaṣṭitamo 'dhyāyaḥ	ś atha ṣaṭṣaṣṭitamo 'dhyāyaḥ	recorded
3_purana/agp_bi_u.txt	10884	standalone_consonant	delete_non_whitelisted_standalone_consonant	n	1		n	recorded
3_purana/agp_bi_u.txt	10890	standalone_consonant	delete_non_whitelisted_standalone_consonant	p	1		p	recorded
3_purana/agp_bi_u.txt	10932	standalone_consonant	delete_non_whitelisted_standalone_consonant	n	1		n	recorded
3_purana/agp_bi_u.txt	10940	standalone_consonant	delete_non_whitelisted_standalone_consonant	p	1		p	recorded
3_purana/agp_bi_u.txt	10984	standalone_consonant	delete_non_whitelisted_standalone_consonant	n	1		n	recorded
3_purana/agp_bi_u.txt	10991	standalone_consonant	delete_non_whitelisted_standalone_consonant	p	1		p	recorded
3_purana/agp_bi_u.txt	10998	standalone_consonant	delete_non_whitelisted_standalone_consonant	ś	1	 atha saptaṣaṣṭitamo 'dhyāyaḥ	ś atha saptaṣaṣṭitamo 'dhyāyaḥ	recorded
3_purana/agp_bi_u.txt	11029	standalone_consonant	delete_non_whitelisted_standalone_consonant	n	1		n	recorded
3_purana/agp_bi_u.txt	11033	standalone_consonant	delete_non_whitelisted_standalone_consonant	p	1		p	recorded
3_purana/agp_bi_u.txt	11035	standalone_consonant	delete_non_whitelisted_standalone_consonant	ś	1	 atha aṣṭaṣaṣṭitamo 'dhyāyaḥ	ś atha aṣṭaṣaṣṭitamo 'dhyāyaḥ	recorded
3_purana/agp_bi_u.txt	11077	standalone_consonant	delete_non_whitelisted_standalone_consonant	n	1		n	recorded
3_purana/agp_bi_u.txt	11084	standalone_consonant	delete_non_whitelisted_standalone_consonant	p	1		p	recorded
3_purana/agp_bi_u.txt	11127	standalone_consonant	delete_non_whitelisted_standalone_consonant	n	1		n	recorded
3_purana/agp_bi_u.txt	11131	standalone_consonant	delete_non_whitelisted_standalone_consonant	p	1		p	recorded
3_purana/agp_bi_u.txt	11133	standalone_consonant	delete_non_whitelisted_standalone_consonant	ś	1	 athonasaptatitamo 'dhyāyaḥ	ś athonasaptatitamo 'dhyāyaḥ	recorded
3_purana/agp_bi_u.txt	11179	standalone_consonant	delete_non_whitelisted_standalone_consonant	n	1		n	recorded
3_purana/agp_bi_u.txt	11183	standalone_consonant	delete_non_whitelisted_standalone_consonant	p	1		p	recorded
3_purana/agp_bi_u.txt	11229	standalone_consonant	delete_non_whitelisted_standalone_consonant	n	1		n	recorded
3_purana/agp_bi_u.txt	11236	standalone_consonant	delete_non_whitelisted_standalone_consonant	p	1		p	recorded
3_purana/agp_bi_u.txt	11249	standalone_consonant	delete_non_whitelisted_standalone_consonant	ś	1	 atha saptatitamo 'dhyāyaḥ	ś atha saptatitamo 'dhyāyaḥ	recorded
3_purana/agp_bi_u.txt	11279	standalone_consonant	delete_non_whitelisted_standalone_consonant	n	1		n	recorded
3_purana/agp_bi_u.txt	11285	standalone_consonant	delete_non_whitelisted_standalone_consonant	p	1		p	recorded
3_purana/agp_bi_u.txt	11302	standalone_consonant	delete_non_whitelisted_standalone_consonant	ś	1	 atha ekasaptatitamo 'dhyāyaḥ	ś atha ekasaptatitamo 'dhyāyaḥ	recorded
3_purana/agp_bi_u.txt	11324	standalone_consonant	delete_non_whitelisted_standalone_consonant	n	1		n	recorded
3_purana/agp_bi_u.txt	11335	standalone_consonant	delete_non_whitelisted_standalone_consonant	p	1		p	recorded
3_purana/agp_bi_u.txt	11354	standalone_consonant	delete_non_whitelisted_standalone_consonant	ś	1	 atha dvisaptatitamo 'dhyāyaḥ	ś atha dvisaptatitamo 'dhyāyaḥ	recorded
3_purana/agp_bi_u.txt	11378	standalone_consonant	delete_non_whitelisted_standalone_consonant	n	1		n	recorded
3_purana/agp_bi_u.txt	11384	standalone_consonant	delete_non_whitelisted_standalone_consonant	p	1		p	recorded
3_purana/agp_bi_u.txt	11430	standalone_consonant	delete_non_whitelisted_standalone_consonant	n	1		n	recorded
3_purana/agp_bi_u.txt	11438	standalone_consonant	delete_non_whitelisted_standalone_consonant	p	1		p	recorded
3_purana/agp_bi_u.txt	11484	standalone_consonant	delete_non_whitelisted_standalone_consonant	n	1		n	recorded
3_purana/agp_bi_u.txt	11492	standalone_consonant	delete_non_whitelisted_standalone_consonant	p	1		p	recorded
3_purana/agp_bi_u.txt	11541	standalone_consonant	delete_non_whitelisted_standalone_consonant	n	1		n	recorded
3_purana/agp_bi_u.txt	11548	standalone_consonant	delete_non_whitelisted_standalone_consonant	p	1		p	recorded
3_purana/agp_bi_u.txt	11596	standalone_consonant	delete_non_whitelisted_standalone_consonant	n	1		n	recorded
3_purana/agp_bi_u.txt	11603	standalone_consonant	delete_non_whitelisted_standalone_consonant	p	1		p	recorded
3_purana/agp_bi_u.txt	11612	standalone_consonant	delete_non_whitelisted_standalone_consonant	ś	1	 atha trisaptatitamo 'dhyāyaḥ	ś atha trisaptatitamo 'dhyāyaḥ	recorded
3_purana/agp_bi_u.txt	11645	standalone_consonant	delete_non_whitelisted_standalone_consonant	n	1		n	recorded
3_purana/agp_bi_u.txt	11651	standalone_consonant	delete_non_whitelisted_standalone_consonant	p	1		p	recorded
3_purana/agp_bi_u.txt	11689	standalone_consonant	delete_non_whitelisted_standalone_consonant	n	1		n	recorded
3_purana/agp_bi_u.txt	11706	standalone_consonant	delete_non_whitelisted_standalone_consonant	p	1		p	recorded
3_purana/agp_bi_u.txt	11717	standalone_consonant	delete_non_whitelisted_standalone_consonant	ś	1	 atha catuḥsaptatitamo 'dhyāyaḥ	ś atha catuḥsaptatitamo 'dhyāyaḥ	recorded
3_purana/agp_bi_u.txt	11743	standalone_consonant	delete_non_whitelisted_standalone_consonant	n	1		n	recorded
3_purana/agp_bi_u.txt	11753	standalone_consonant	delete_non_whitelisted_standalone_consonant	p	1		p	recorded
3_purana/agp_bi_u.txt	11787	standalone_consonant	delete_non_whitelisted_standalone_consonant	n	1		n	recorded
3_purana/agp_bi_u.txt	11808	standalone_consonant	delete_non_whitelisted_standalone_consonant	p	1		p	recorded
3_purana/agp_bi_u.txt	11848	standalone_consonant	delete_non_whitelisted_standalone_consonant	n	1		n	recorded
3_purana/agp_bi_u.txt	11863	standalone_consonant	delete_non_whitelisted_standalone_consonant	p	1		p	recorded
3_purana/agp_bi_u.txt	11905	standalone_consonant	delete_non_whitelisted_standalone_consonant	n	1		n	recorded
3_purana/agp_bi_u.txt	11915	standalone_consonant	delete_non_whitelisted_standalone_consonant	p	1		p	recorded
3_purana/agp_bi_u.txt	11959	standalone_consonant	delete_non_whitelisted_standalone_consonant	n	1		n	recorded
3_purana/agp_bi_u.txt	11965	standalone_consonant	delete_non_whitelisted_standalone_consonant	p	1		p	recorded
3_purana/agp_bi_u.txt	12017	standalone_consonant	delete_non_whitelisted_standalone_consonant	p	1		p	recorded
3_purana/agp_bi_u.txt	12059	standalone_consonant	delete_non_whitelisted_standalone_consonant	n	1		n	recorded
3_purana/agp_bi_u.txt	12073	standalone_consonant	delete_non_whitelisted_standalone_consonant	p	1		p	recorded
3_purana/agp_bi_u.txt	12115	standalone_consonant	delete_non_whitelisted_standalone_consonant	n	1		n	recorded
3_purana/agp_bi_u.txt	12128	standalone_consonant	delete_non_whitelisted_standalone_consonant	p	1		p	recorded
3_purana/agp_bi_u.txt	12165	standalone_consonant	delete_non_whitelisted_standalone_consonant	n	1		n	recorded
3_purana/agp_bi_u.txt	12179	standalone_consonant	delete_non_whitelisted_standalone_consonant	p	1		p	recorded
3_purana/agp_bi_u.txt	12181	standalone_consonant	delete_non_whitelisted_standalone_consonant	ś	1	 atha pañcasaptatitamo 'dhyāyaḥ	ś atha pañcasaptatitamo 'dhyāyaḥ	recorded
3_purana/agp_bi_u.txt	12228	standalone_consonant	delete_non_whitelisted_standalone_consonant	n	1		n	recorded
3_purana/agp_bi_u.txt	12234	standalone_consonant	delete_non_whitelisted_standalone_consonant	p	1		p	recorded
3_purana/agp_bi_u.txt	12276	standalone_consonant	delete_non_whitelisted_standalone_consonant	n	1		n	recorded
3_purana/agp_bi_u.txt	12286	standalone_consonant	delete_non_whitelisted_standalone_consonant	p	1		p	recorded
3_purana/agp_bi_u.txt	12330	standalone_consonant	delete_non_whitelisted_standalone_consonant	n	1		n	recorded
3_purana/agp_bi_u.txt	12339	standalone_consonant	delete_non_whitelisted_standalone_consonant	p	1		p	recorded
3_purana/agp_bi_u.txt	12385	standalone_consonant	delete_non_whitelisted_standalone_consonant	n	1		n	recorded
3_purana/agp_bi_u.txt	12391	standalone_consonant	delete_non_whitelisted_standalone_consonant	p	1		p	recorded
3_purana/agp_bi_u.txt	12436	standalone_consonant	delete_non_whitelisted_standalone_consonant	n	1		n	recorded
3_purana/agp_bi_u.txt	12443	standalone_consonant	delete_non_whitelisted_standalone_consonant	p	1		p	recorded
3_purana/agp_bi_u.txt	12487	standalone_consonant	delete_non_whitelisted_standalone_consonant	n	1		n	recorded
3_purana/agp_bi_u.txt	12496	standalone_consonant	delete_non_whitelisted_standalone_consonant	p	1		p	recorded
3_purana/agp_bi_u.txt	12531	standalone_consonant	delete_non_whitelisted_standalone_consonant	n	1		n	recorded
3_purana/agp_bi_u.txt	12542	standalone_consonant	delete_non_whitelisted_standalone_consonant	p	1		p	recorded
3_purana/agp_bi_u.txt	12544	standalone_consonant	delete_non_whitelisted_standalone_consonant	ś	1	 atha ṣaṭsaptatitamo 'dhyāyaḥ	ś atha ṣaṭsaptatitamo 'dhyāyaḥ	recorded
3_purana/agp_bi_u.txt	12584	standalone_consonant	delete_non_whitelisted_standalone_consonant	n	1		n	recorded
3_purana/agp_bi_u.txt	12596	standalone_consonant	delete_non_whitelisted_standalone_consonant	p	1		p	recorded
3_purana/agp_bi_u.txt	12625	standalone_consonant	delete_non_whitelisted_standalone_consonant	ś	1	 atha saptasaptatitamo 'dhyāyaḥ	ś atha saptasaptatitamo 'dhyāyaḥ	recorded
3_purana/agp_bi_u.txt	12643	standalone_consonant	delete_non_whitelisted_standalone_consonant	p	1		p	recorded
3_purana/agp_bi_u.txt	12685	standalone_consonant	delete_non_whitelisted_standalone_consonant	n	1		n	recorded
3_purana/agp_bi_u.txt	12697	standalone_consonant	delete_non_whitelisted_standalone_consonant	p	1		p	recorded
3_purana/agp_bi_u.txt	12741	standalone_consonant	delete_non_whitelisted_standalone_consonant	n	1		n	recorded
3_purana/agp_bi_u.txt	12748	standalone_consonant	delete_non_whitelisted_standalone_consonant	p	1		p	recorded
3_purana/agp_bi_u.txt	12755	standalone_consonant	delete_non_whitelisted_standalone_consonant	ś	1	 athoṣṭasaptatitamo 'dhyāyaḥ	ś athoṣṭasaptatitamo 'dhyāyaḥ	recorded
3_purana/agp_bi_u.txt	12787	standalone_consonant	delete_non_whitelisted_standalone_consonant	n	1		n	recorded
3_purana/agp_bi_u.txt	12797	standalone_consonant	delete_non_whitelisted_standalone_consonant	p	1		p	recorded
3_purana/agp_bi_u.txt	12843	standalone_consonant	delete_non_whitelisted_standalone_consonant	n	1		n	recorded
3_purana/agp_bi_u.txt	12849	standalone_consonant	delete_non_whitelisted_standalone_consonant	p	1		p	recorded
3_purana/agp_bi_u.txt	12891	standalone_consonant	delete_non_whitelisted_standalone_consonant	n	1		n	recorded
3_purana/agp_bi_u.txt	12904	standalone_consonant	delete_non_whitelisted_standalone_consonant	p	1		p	recorded
3_purana/agp_bi_u.txt	12942	standalone_consonant	delete_non_whitelisted_standalone_consonant	n	1		n	recorded
3_purana/agp_bi_u.txt	12960	standalone_consonant	delete_non_whitelisted_standalone_consonant	p	1		p	recorded
3_purana/agp_bi_u.txt	13004	standalone_consonant	delete_non_whitelisted_standalone_consonant	n	1		n	recorded
3_purana/agp_bi_u.txt	13015	standalone_consonant	delete_non_whitelisted_standalone_consonant	p	1		p	recorded
3_purana/agp_bi_u.txt	13055	standalone_consonant	delete_non_whitelisted_standalone_consonant	n	1		n	recorded
3_purana/agp_bi_u.txt	13069	standalone_consonant	delete_non_whitelisted_standalone_consonant	p	1		p	recorded
3_purana/agp_bi_u.txt	13111	standalone_consonant	delete_non_whitelisted_standalone_consonant	n	1		n	recorded
3_purana/agp_bi_u.txt	13122	standalone_consonant	delete_non_whitelisted_standalone_consonant	p	1		p	recorded
3_purana/agp_bi_u.txt	13137	standalone_consonant	delete_non_whitelisted_standalone_consonant	ś	1	 athaikonāśītitamo 'dhyāyaḥ	ś athaikonāśītitamo 'dhyāyaḥ	recorded
3_purana/agp_bi_u.txt	13163	standalone_consonant	delete_non_whitelisted_standalone_consonant	n	1		n	recorded
3_purana/agp_bi_u.txt	13170	standalone_consonant	delete_non_whitelisted_standalone_consonant	p	1		p	recorded
3_purana/agp_bi_u.txt	13215	standalone_consonant	delete_non_whitelisted_standalone_consonant	n	1		n	recorded
3_purana/agp_bi_u.txt	13225	standalone_consonant	delete_non_whitelisted_standalone_consonant	p	1		p	recorded
3_purana/agp_bi_u.txt	13271	standalone_consonant	delete_non_whitelisted_standalone_consonant	n	1		n	recorded
3_purana/agp_bi_u.txt	13279	standalone_consonant	delete_non_whitelisted_standalone_consonant	p	1		p	recorded
3_purana/agp_bi_u.txt	13324	standalone_consonant	delete_non_whitelisted_standalone_consonant	n	1		n	recorded
3_purana/agp_bi_u.txt	13330	standalone_consonant	delete_non_whitelisted_standalone_consonant	p	1		p	recorded
3_purana/agp_bi_u.txt	13367	standalone_consonant	delete_non_whitelisted_standalone_consonant	ś	1	 atha aśītitamo 'dhyāyaḥ	ś atha aśītitamo 'dhyāyaḥ	recorded
3_purana/agp_bi_u.txt	13377	standalone_consonant	delete_non_whitelisted_standalone_consonant	p	1		p	recorded
3_purana/agp_bi_u.txt	13423	standalone_consonant	delete_non_whitelisted_standalone_consonant	n	1		n	recorded
3_purana/agp_bi_u.txt	13429	standalone_consonant	delete_non_whitelisted_standalone_consonant	p	1		p	recorded
3_purana/agp_bi_u.txt	13442	standalone_consonant	delete_non_whitelisted_standalone_consonant	ś	1	 athaikāśītitamo 'dhyāyaḥ	ś athaikāśītitamo 'dhyāyaḥ	recorded
3_purana/agp_bi_u.txt	13474	standalone_consonant	delete_non_whitelisted_standalone_consonant	n	1		n	recorded
3_purana/agp_bi_u.txt	13479	standalone_consonant	delete_non_whitelisted_standalone_consonant	p	1		p	recorded
3_purana/agp_bi_u.txt	13525	standalone_consonant	delete_non_whitelisted_standalone_consonant	n	1		n	recorded
3_purana/agp_bi_u.txt	13531	standalone_consonant	delete_non_whitelisted_standalone_consonant	p	1		p	recorded
3_purana/agp_bi_u.txt	13577	standalone_consonant	delete_non_whitelisted_standalone_consonant	n	1		n	recorded
3_purana/agp_bi_u.txt	13583	standalone_consonant	delete_non_whitelisted_standalone_consonant	p	1		p	recorded
3_purana/agp_bi_u.txt	13619	standalone_consonant	delete_non_whitelisted_standalone_consonant	n	1		n	recorded
3_purana/agp_bi_u.txt	13632	standalone_consonant	delete_non_whitelisted_standalone_consonant	p	1		p	recorded
3_purana/agp_bi_u.txt	13682	standalone_consonant	delete_non_whitelisted_standalone_consonant	n	1		n	recorded
3_purana/agp_bi_u.txt	13686	standalone_consonant	delete_non_whitelisted_standalone_consonant	p	1		p	recorded
3_purana/agp_bi_u.txt	13730	standalone_consonant	delete_non_whitelisted_standalone_consonant	n	1		n	recorded
3_purana/agp_bi_u.txt	13740	standalone_consonant	delete_non_whitelisted_standalone_consonant	p	1		p	recorded
3_purana/agp_bi_u.txt	13786	standalone_consonant	delete_non_whitelisted_standalone_consonant	n	1		n	recorded
3_purana/agp_bi_u.txt	13794	standalone_consonant	delete_non_whitelisted_standalone_consonant	p	1		p	recorded
3_purana/agp_bi_u.txt	13838	standalone_consonant	delete_non_whitelisted_standalone_consonant	n	1		n	recorded
3_purana/agp_bi_u.txt	13846	standalone_consonant	delete_non_whitelisted_standalone_consonant	p	1		p	recorded
3_purana/agp_bi_u.txt	13888	standalone_consonant	delete_non_whitelisted_standalone_consonant	n	1		n	recorded
3_purana/agp_bi_u.txt	13898	standalone_consonant	delete_non_whitelisted_standalone_consonant	p	1		p	recorded
3_purana/agp_bi_u.txt	13919	standalone_consonant	delete_non_whitelisted_standalone_consonant	ś	1	 atha dvyaśītitamo 'dhyāyaḥ	ś atha dvyaśītitamo 'dhyāyaḥ	recorded
3_purana/agp_bi_u.txt	13937	standalone_consonant	delete_non_whitelisted_standalone_consonant	n	1		n	recorded
3_purana/agp_bi_u.txt	13945	standalone_consonant	delete_non_whitelisted_standalone_consonant	p	1		p	recorded
3_purana/agp_bi_u.txt	13987	standalone_consonant	delete_non_whitelisted_standalone_consonant	n	1		n	recorded
3_purana/agp_bi_u.txt	13998	standalone_consonant	delete_non_whitelisted_standalone_consonant	p	1		p	recorded
3_purana/agp_bi_u.txt	14044	standalone_consonant	delete_non_whitelisted_standalone_consonant	n	1		n	recorded
3_purana/agp_bi_u.txt	14050	standalone_consonant	delete_non_whitelisted_standalone_consonant	p	1		p	recorded
3_purana/agp_bi_u.txt	14057	standalone_consonant	delete_non_whitelisted_standalone_consonant	ś	1	 atha tryaśītitamo 'dhyāyaḥ	ś atha tryaśītitamo 'dhyāyaḥ	recorded
3_purana/agp_bi_u.txt	14085	standalone_consonant	delete_non_whitelisted_standalone_consonant	n	1		n	recorded
3_purana/agp_bi_u.txt	14097	standalone_consonant	delete_non_whitelisted_standalone_consonant	p	1		p	recorded
3_purana/agp_bi_u.txt	14139	standalone_consonant	delete_non_whitelisted_standalone_consonant	n	1		n	recorded
3_purana/agp_bi_u.txt	14151	standalone_consonant	delete_non_whitelisted_standalone_consonant	p	1		p	recorded
3_purana/agp_bi_u.txt	14200	standalone_consonant	delete_non_whitelisted_standalone_consonant	n	1		n	recorded
3_purana/agp_bi_u.txt	14205	standalone_consonant	delete_non_whitelisted_standalone_consonant	p	1		p	recorded
3_purana/agp_bi_u.txt	14249	standalone_consonant	delete_non_whitelisted_standalone_consonant	n	1		n	recorded
3_purana/agp_bi_u.txt	14259	standalone_consonant	delete_non_whitelisted_standalone_consonant	p	1		p	recorded
3_purana/agp_bi_u.txt	14305	standalone_consonant	delete_non_whitelisted_standalone_consonant	n	1		n	recorded
3_purana/agp_bi_u.txt	14311	standalone_consonant	delete_non_whitelisted_standalone_consonant	p	1		p	recorded
3_purana/agp_bi_u.txt	14354	standalone_consonant	delete_non_whitelisted_standalone_consonant	n	1		n	recorded
3_purana/agp_bi_u.txt	14360	standalone_consonant	delete_non_whitelisted_standalone_consonant	p	1		p	recorded
3_purana/agp_bi_u.txt	14362	standalone_consonant	delete_non_whitelisted_standalone_consonant	ś	1	 caturaśītitamo 'dhyāyaḥ	ś caturaśītitamo 'dhyāyaḥ	recorded
3_purana/agp_bi_u.txt	14404	standalone_consonant	delete_non_whitelisted_standalone_consonant	n	1		n	recorded
3_purana/agp_bi_u.txt	14414	standalone_consonant	delete_non_whitelisted_standalone_consonant	p	1		p	recorded
3_purana/agp_bi_u.txt	14460	standalone_consonant	delete_non_whitelisted_standalone_consonant	n	1		n	recorded
3_purana/agp_bi_u.txt	14468	standalone_consonant	delete_non_whitelisted_standalone_consonant	p	1		p	recorded
3_purana/agp_bi_u.txt	14502	standalone_consonant	delete_non_whitelisted_standalone_consonant	n	1		n	recorded
3_purana/agp_bi_u.txt	14518	standalone_consonant	delete_non_whitelisted_standalone_consonant	p	1		p	recorded
3_purana/agp_bi_u.txt	14556	standalone_consonant	delete_non_whitelisted_standalone_consonant	n	1		n	recorded
3_purana/agp_bi_u.txt	14572	standalone_consonant	delete_non_whitelisted_standalone_consonant	p	1		p	recorded
3_purana/agp_bi_u.txt	14613	standalone_consonant	delete_non_whitelisted_standalone_consonant	n	1		n	recorded
3_purana/agp_bi_u.txt	14621	standalone_consonant	delete_non_whitelisted_standalone_consonant	p	1		p	recorded
3_purana/agp_bi_u.txt	14663	standalone_consonant	delete_non_whitelisted_standalone_consonant	n	1		n	recorded
3_purana/agp_bi_u.txt	14671	standalone_consonant	delete_non_whitelisted_standalone_consonant	p	1		p	recorded
3_purana/agp_bi_u.txt	14711	standalone_consonant	delete_non_whitelisted_standalone_consonant	n	1		n	recorded
3_purana/agp_bi_u.txt	14717	standalone_consonant	delete_non_whitelisted_standalone_consonant	p	1		p	recorded
3_purana/agp_bi_u.txt	14719	standalone_consonant	delete_non_whitelisted_standalone_consonant	ś	1	 atha pañcāśītitamo 'dhyāyaḥ	ś atha pañcāśītitamo 'dhyāyaḥ	recorded
3_purana/agp_bi_u.txt	14765	standalone_consonant	delete_non_whitelisted_standalone_consonant	n	1		n	recorded
3_purana/agp_bi_u.txt	14773	standalone_consonant	delete_non_whitelisted_standalone_consonant	p	1		p	recorded
3_purana/agp_bi_u.txt	14815	standalone_consonant	delete_non_whitelisted_standalone_consonant	n	1		n	recorded
3_purana/agp_bi_u.txt	14819	standalone_consonant	delete_non_whitelisted_standalone_consonant	p	1		p	recorded
3_purana/agp_bi_u.txt	14858	standalone_consonant	delete_non_whitelisted_standalone_consonant	n	1		n	recorded
3_purana/agp_bi_u.txt	14874	standalone_consonant	delete_non_whitelisted_standalone_consonant	p	1		p	recorded
3_purana/agp_bi_u.txt	14918	standalone_consonant	delete_non_whitelisted_standalone_consonant	n	1		n	recorded
3_purana/agp_bi_u.txt	14924	standalone_consonant	delete_non_whitelisted_standalone_consonant	p	1		p	recorded
3_purana/agp_bi_u.txt	14931	standalone_consonant	delete_non_whitelisted_standalone_consonant	ś	1	 atha ṣaḍaśītitamo 'dhyāyaḥ	ś atha ṣaḍaśītitamo 'dhyāyaḥ	recorded
3_purana/agp_bi_u.txt	14956	standalone_consonant	delete_non_whitelisted_standalone_consonant	n	1		n	recorded
3_purana/agp_bi_u.txt	14968	standalone_consonant	delete_non_whitelisted_standalone_consonant	p	1		p	recorded
3_purana/agp_bi_u.txt	15014	standalone_consonant	delete_non_whitelisted_standalone_consonant	n	1		n	recorded
3_purana/agp_bi_u.txt	15020	standalone_consonant	delete_non_whitelisted_standalone_consonant	p	1		p	recorded
3_purana/agp_bi_u.txt	15055	standalone_consonant	delete_non_whitelisted_standalone_consonant	ś	1	 atha saptāśītitamo 'dhyāyaḥ	ś atha saptāśītitamo 'dhyāyaḥ	recorded
3_purana/agp_bi_u.txt	15065	standalone_consonant	delete_non_whitelisted_standalone_consonant	n	1		n	recorded
3_purana/agp_bi_u.txt	15070	standalone_consonant	delete_non_whitelisted_standalone_consonant	p	1		p	recorded
3_purana/agp_bi_u.txt	15110	standalone_consonant	delete_non_whitelisted_standalone_consonant	n	1		n	recorded
3_purana/agp_bi_u.txt	15122	standalone_consonant	delete_non_whitelisted_standalone_consonant	p	1		p	recorded
3_purana/agp_bi_u.txt	15169	standalone_consonant	delete_non_whitelisted_standalone_consonant	n	1		n	recorded
3_purana/agp_bi_u.txt	15176	standalone_consonant	delete_non_whitelisted_standalone_consonant	p	1		p	recorded
3_purana/agp_bi_u.txt	15197	standalone_consonant	delete_non_whitelisted_standalone_consonant	ś	1	 athāṣṭāśītitamo 'dhyāyaḥ	ś athāṣṭāśītitamo 'dhyāyaḥ	recorded
3_purana/agp_bi_u.txt	15223	standalone_consonant	delete_non_whitelisted_standalone_consonant	p	1		p	recorded
3_purana/agp_bi_u.txt	15269	standalone_consonant	delete_non_whitelisted_standalone_consonant	n	1		n	recorded
3_purana/agp_bi_u.txt	15275	standalone_consonant	delete_non_whitelisted_standalone_consonant	p	1		p	recorded
3_purana/agp_bi_u.txt	15325	standalone_consonant	delete_non_whitelisted_standalone_consonant	n	1		n	recorded
3_purana/agp_bi_u.txt	15329	standalone_consonant	delete_non_whitelisted_standalone_consonant	p	1		p	recorded
3_purana/agp_bi_u.txt	15372	standalone_consonant	delete_non_whitelisted_standalone_consonant	n	1		n	recorded
3_purana/agp_bi_u.txt	15383	standalone_consonant	delete_non_whitelisted_standalone_consonant	p	1		p	recorded
3_purana/agp_bi_u.txt	15433	standalone_consonant	delete_non_whitelisted_standalone_consonant	n	1		n	recorded
3_purana/agp_bi_u.txt	15437	standalone_consonant	delete_non_whitelisted_standalone_consonant	p	1		p	recorded
3_purana/agp_bi_u.txt	15465	standalone_consonant	delete_non_whitelisted_standalone_consonant	n	1		n	recorded
3_purana/agp_bi_u.txt	15486	standalone_consonant	delete_non_whitelisted_standalone_consonant	p	1		p	recorded
3_purana/agp_bi_u.txt	15497	standalone_consonant	delete_non_whitelisted_standalone_consonant	ś	1	 athonanavatitamo 'dhyāyaḥ	ś athonanavatitamo 'dhyāyaḥ	recorded
3_purana/agp_bi_u.txt	15526	standalone_consonant	delete_non_whitelisted_standalone_consonant	p	1		p	recorded
3_purana/agp_bi_u.txt	15528	standalone_consonant	delete_non_whitelisted_standalone_consonant	ś	1	 atha navatitamo 'dhyāyaḥ	ś atha navatitamo 'dhyāyaḥ	recorded
3_purana/agp_bi_u.txt	15576	standalone_consonant	delete_non_whitelisted_standalone_consonant	n	1		n	recorded
3_purana/agp_bi_u.txt	15580	standalone_consonant	delete_non_whitelisted_standalone_consonant	p	1		p	recorded
3_purana/agp_bi_u.txt	15615	standalone_consonant	delete_non_whitelisted_standalone_consonant	ś	1	 athaikanavatitamo 'dhyāyaḥ	ś athaikanavatitamo 'dhyāyaḥ	recorded
3_purana/agp_bi_u.txt	15625	standalone_consonant	delete_non_whitelisted_standalone_consonant	n	1		n	recorded
3_purana/agp_bi_u.txt	15629	standalone_consonant	delete_non_whitelisted_standalone_consonant	p	1		p	recorded
3_purana/agp_bi_u.txt	15679	standalone_consonant	delete_non_whitelisted_standalone_consonant	n	1		n	recorded
3_purana/agp_bi_u.txt	15683	standalone_consonant	delete_non_whitelisted_standalone_consonant	p	1		p	recorded
3_purana/agp_bi_u.txt	15707	standalone_consonant	delete_non_whitelisted_standalone_consonant	ś	1	 atha dvinavatitamo 'dhyāyaḥ	ś atha dvinavatitamo 'dhyāyaḥ	recorded
3_purana/agp_bi_u.txt	15729	standalone_consonant	delete_non_whitelisted_standalone_consonant	n	1		n	recorded
3_purana/agp_bi_u.txt	15734	standalone_consonant	delete_non_whitelisted_standalone_consonant	p	1		p	recorded
3_purana/agp_bi_u.txt	15772	standalone_consonant	delete_non_whitelisted_standalone_consonant	n	1		n	recorded
3_purana/agp_bi_u.txt	15795	standalone_consonant	delete_non_whitelisted_standalone_consonant	p	1		p	recorded
3_purana/agp_bi_u.txt	15839	standalone_consonant	delete_non_whitelisted_standalone_consonant	n	1		n	recorded
3_purana/agp_bi_u.txt	15853	standalone_consonant	delete_non_whitelisted_standalone_consonant	p	1		p	recorded
3_purana/agp_bi_u.txt	15899	standalone_consonant	delete_non_whitelisted_standalone_consonant	n	1		n	recorded
3_purana/agp_bi_u.txt	15912	standalone_consonant	delete_non_whitelisted_standalone_consonant	p	1		p	recorded
3_purana/agp_bi_u.txt	15949	standalone_consonant	delete_non_whitelisted_standalone_consonant	n	1		n	recorded
3_purana/agp_bi_u.txt	15975	standalone_consonant	delete_non_whitelisted_standalone_consonant	p	1		p	recorded
3_purana/agp_bi_u.txt	16009	standalone_consonant	delete_non_whitelisted_standalone_consonant	n	1		n	recorded
3_purana/agp_bi_u.txt	16031	standalone_consonant	delete_non_whitelisted_standalone_consonant	p	1		p	recorded
3_purana/agp_bi_u.txt	16065	standalone_consonant	delete_non_whitelisted_standalone_consonant	n	1		n	recorded
3_purana/agp_bi_u.txt	16087	standalone_consonant	delete_non_whitelisted_standalone_consonant	p	1		p	recorded
3_purana/agp_bi_u.txt	16112	standalone_consonant	delete_non_whitelisted_standalone_consonant	ś	1	 atha trinavatitamo 'dhyāyaḥ	ś atha trinavatitamo 'dhyāyaḥ	recorded
3_purana/agp_bi_u.txt	16124	standalone_consonant	delete_non_whitelisted_standalone_consonant	n	1		n	recorded
3_purana/agp_bi_u.txt	16126	standalone_consonant	delete_non_whitelisted_standalone_consonant	ṅ	1	oṃ iṃ uṃ iti gha ||  | ca	oṃ iṃ uṃ iti gha || ṅ | ca	recorded
3_purana/agp_bi_u.txt	16139	standalone_consonant	delete_non_whitelisted_standalone_consonant	p	1		p	recorded
3_purana/agp_bi_u.txt	16181	standalone_consonant	delete_non_whitelisted_standalone_consonant	n	1		n	recorded
3_purana/agp_bi_u.txt	16198	standalone_consonant	delete_non_whitelisted_standalone_consonant	p	1		p	recorded
3_purana/agp_bi_u.txt	16236	standalone_consonant	delete_non_whitelisted_standalone_consonant	n	1		n	recorded
3_purana/agp_bi_u.txt	16259	standalone_consonant	delete_non_whitelisted_standalone_consonant	p	1		p	recorded
3_purana/agp_bi_u.txt	16299	standalone_consonant	delete_non_whitelisted_standalone_consonant	n	1		n	recorded
3_purana/agp_bi_u.txt	16317	standalone_consonant	delete_non_whitelisted_standalone_consonant	p	1		p	recorded
3_purana/agp_bi_u.txt	16357	standalone_consonant	delete_non_whitelisted_standalone_consonant	n	1		n	recorded
3_purana/agp_bi_u.txt	16375	standalone_consonant	delete_non_whitelisted_standalone_consonant	p	1		p	recorded
3_purana/agp_bi_u.txt	16390	standalone_consonant	delete_non_whitelisted_standalone_consonant	ś	1	 atha caturṇavatitamo 'dhyāyaḥ	ś atha caturṇavatitamo 'dhyāyaḥ	recorded
3_purana/agp_bi_u.txt	16410	standalone_consonant	delete_non_whitelisted_standalone_consonant	n	1		n	recorded
3_purana/agp_bi_u.txt	16433	standalone_consonant	delete_non_whitelisted_standalone_consonant	p	1		p	recorded
3_purana/agp_bi_u.txt	16469	standalone_consonant	delete_non_whitelisted_standalone_consonant	n	1		n	recorded
3_purana/agp_bi_u.txt	16496	standalone_consonant	delete_non_whitelisted_standalone_consonant	p	1		p	recorded
3_purana/agp_bi_u.txt	16521	standalone_consonant	delete_non_whitelisted_standalone_consonant	ś	1	 atha pañcanavatitamo 'dhyāyaḥ	ś atha pañcanavatitamo 'dhyāyaḥ	recorded
3_purana/agp_bi_u.txt	16533	standalone_consonant	delete_non_whitelisted_standalone_consonant	n	1		n	recorded
3_purana/agp_bi_u.txt	16554	standalone_consonant	delete_non_whitelisted_standalone_consonant	p	1		p	recorded
3_purana/agp_bi_u.txt	16594	standalone_consonant	delete_non_whitelisted_standalone_consonant	n	1		n	recorded
3_purana/agp_bi_u.txt	16616	standalone_consonant	delete_non_whitelisted_standalone_consonant	p	1		p	recorded
3_purana/agp_bi_u.txt	16649	standalone_consonant	delete_non_whitelisted_standalone_consonant	n	1		n	recorded
3_purana/agp_bi_u.txt	16679	standalone_consonant	delete_non_whitelisted_standalone_consonant	p	1		p	recorded
3_purana/agp_bi_u.txt	16713	standalone_consonant	delete_non_whitelisted_standalone_consonant	n	1		n	recorded
3_purana/agp_bi_u.txt	16738	standalone_consonant	delete_non_whitelisted_standalone_consonant	p	1		p	recorded
3_purana/agp_bi_u.txt	16778	standalone_consonant	delete_non_whitelisted_standalone_consonant	n	1		n	recorded
3_purana/agp_bi_u.txt	16797	standalone_consonant	delete_non_whitelisted_standalone_consonant	p	1		p	recorded
3_purana/agp_bi_u.txt	16829	standalone_consonant	delete_non_whitelisted_standalone_consonant	n	1		n	recorded
3_purana/agp_bi_u.txt	16854	standalone_consonant	delete_non_whitelisted_standalone_consonant	p	1		p	recorded
3_purana/agp_bi_u.txt	16896	standalone_consonant	delete_non_whitelisted_standalone_consonant	n	1		n	recorded
3_purana/agp_bi_u.txt	16913	standalone_consonant	delete_non_whitelisted_standalone_consonant	p	1		p	recorded
3_purana/agp_bi_u.txt	16945	standalone_consonant	delete_non_whitelisted_standalone_consonant	n	1		n	recorded
3_purana/agp_bi_u.txt	16970	standalone_consonant	delete_non_whitelisted_standalone_consonant	p	1		p	recorded
3_purana/agp_bi_u.txt	16972	standalone_consonant	delete_non_whitelisted_standalone_consonant	ś	1	 atha ṣaṇṇavatitamo 'dhyāyaḥ	ś atha ṣaṇṇavatitamo 'dhyāyaḥ	recorded
3_purana/agp_bi_u.txt	17000	standalone_consonant	delete_non_whitelisted_standalone_consonant	n	1		n	recorded
3_purana/agp_bi_u.txt	17002	standalone_consonant	delete_non_whitelisted_standalone_consonant	ṅ	1	nityakriyāṃ kṛtveti  |	nityakriyāṃ kṛtveti ṅ |	recorded
3_purana/agp_bi_u.txt	17023	standalone_consonant	delete_non_whitelisted_standalone_consonant	p	1		p	recorded
3_purana/agp_bi_u.txt	17053	standalone_consonant	delete_non_whitelisted_standalone_consonant	n	1		n	recorded
3_purana/agp_bi_u.txt	17080	standalone_consonant	delete_non_whitelisted_standalone_consonant	p	1		p	recorded
3_purana/agp_bi_u.txt	17112	standalone_consonant	delete_non_whitelisted_standalone_consonant	n	1		n	recorded
3_purana/agp_bi_u.txt	17135	standalone_consonant	delete_non_whitelisted_standalone_consonant	p	1		p	recorded
3_purana/agp_bi_u.txt	17171	standalone_consonant	delete_non_whitelisted_standalone_consonant	n	1		n	recorded
3_purana/agp_bi_u.txt	17194	standalone_consonant	delete_non_whitelisted_standalone_consonant	p	1		p	recorded
3_purana/agp_bi_u.txt	17232	standalone_consonant	delete_non_whitelisted_standalone_consonant	n	1		n	recorded
3_purana/agp_bi_u.txt	17252	standalone_consonant	delete_non_whitelisted_standalone_consonant	p	1		p	recorded
3_purana/agp_bi_u.txt	17284	standalone_consonant	delete_non_whitelisted_standalone_consonant	n	1		n	recorded
3_purana/agp_bi_u.txt	17312	standalone_consonant	delete_non_whitelisted_standalone_consonant	p	1		p	recorded
3_purana/agp_bi_u.txt	17348	standalone_consonant	delete_non_whitelisted_standalone_consonant	n	1		n	recorded
3_purana/agp_bi_u.txt	17374	standalone_consonant	delete_non_whitelisted_standalone_consonant	p	1		p	recorded
3_purana/agp_bi_u.txt	17402	standalone_consonant	delete_non_whitelisted_standalone_consonant	n	1		n	recorded
3_purana/agp_bi_u.txt	17435	standalone_consonant	delete_non_whitelisted_standalone_consonant	p	1		p	recorded
3_purana/agp_bi_u.txt	17471	standalone_consonant	delete_non_whitelisted_standalone_consonant	n	1		n	recorded
3_purana/agp_bi_u.txt	17494	standalone_consonant	delete_non_whitelisted_standalone_consonant	p	1		p	recorded
3_purana/agp_bi_u.txt	17524	standalone_consonant	delete_non_whitelisted_standalone_consonant	n	1		n	recorded
3_purana/agp_bi_u.txt	17552	standalone_consonant	delete_non_whitelisted_standalone_consonant	p	1		p	recorded
3_purana/agp_bi_u.txt	17586	standalone_consonant	delete_non_whitelisted_standalone_consonant	n	1		n	recorded
3_purana/agp_bi_u.txt	17612	standalone_consonant	delete_non_whitelisted_standalone_consonant	p	1		p	recorded
3_purana/agp_bi_u.txt	17648	standalone_consonant	delete_non_whitelisted_standalone_consonant	n	1		n	recorded
3_purana/agp_bi_u.txt	17679	standalone_consonant	delete_non_whitelisted_standalone_consonant	p	1		p	recorded
3_purana/agp_bi_u.txt	17713	standalone_consonant	delete_non_whitelisted_standalone_consonant	n	1		n	recorded
3_purana/agp_bi_u.txt	17739	standalone_consonant	delete_non_whitelisted_standalone_consonant	p	1		p	recorded
3_purana/agp_bi_u.txt	17766	standalone_consonant	delete_non_whitelisted_standalone_consonant	n	1		n	recorded
3_purana/agp_bi_u.txt	17794	standalone_consonant	delete_non_whitelisted_standalone_consonant	p	1		p	recorded
3_purana/agp_bi_u.txt	17826	standalone_consonant	delete_non_whitelisted_standalone_consonant	n	1		n	recorded
3_purana/agp_bi_u.txt	17858	standalone_consonant	delete_non_whitelisted_standalone_consonant	p	1		p	recorded
3_purana/agp_bi_u.txt	17885	standalone_consonant	delete_non_whitelisted_standalone_consonant	n	1		n	recorded
3_purana/agp_bi_u.txt	17909	standalone_consonant	delete_non_whitelisted_standalone_consonant	p	1		p	recorded
3_purana/agp_bi_u.txt	17942	standalone_consonant	delete_non_whitelisted_standalone_consonant	n	1		n	recorded
3_purana/agp_bi_u.txt	17975	standalone_consonant	delete_non_whitelisted_standalone_consonant	p	1		p	recorded
3_purana/agp_bi_u.txt	17992	standalone_consonant	delete_non_whitelisted_standalone_consonant	ś	1	 atha saptanavatitamo 'dhyāyaḥ	ś atha saptanavatitamo 'dhyāyaḥ	recorded
3_purana/agp_bi_u.txt	18004	standalone_consonant	delete_non_whitelisted_standalone_consonant	n	1		n	recorded
3_purana/agp_bi_u.txt	18013	standalone_consonant	delete_non_whitelisted_standalone_consonant	p	1		p	recorded
3_purana/agp_bi_u.txt	18053	standalone_consonant	delete_non_whitelisted_standalone_consonant	n	1		n	recorded
3_purana/agp_bi_u.txt	18083	standalone_consonant	delete_non_whitelisted_standalone_consonant	p	1		p	recorded
3_purana/agp_bi_u.txt	18113	standalone_consonant	delete_non_whitelisted_standalone_consonant	n	1		n	recorded
3_purana/agp_bi_u.txt	18139	standalone_consonant	delete_non_whitelisted_standalone_consonant	p	1		p	recorded
3_purana/agp_bi_u.txt	18173	standalone_consonant	delete_non_whitelisted_standalone_consonant	n	1		n	recorded
3_purana/agp_bi_u.txt	18194	standalone_consonant	delete_non_whitelisted_standalone_consonant	p	1		p	recorded
3_purana/agp_bi_u.txt	18220	standalone_consonant	delete_non_whitelisted_standalone_consonant	n	1		n	recorded
3_purana/agp_bi_u.txt	18253	standalone_consonant	delete_non_whitelisted_standalone_consonant	p	1		p	recorded
3_purana/agp_bi_u.txt	18287	standalone_consonant	delete_non_whitelisted_standalone_consonant	n	1		n	recorded
3_purana/agp_bi_u.txt	18313	standalone_consonant	delete_non_whitelisted_standalone_consonant	p	1		p	recorded
3_purana/agp_bi_u.txt	18351	standalone_consonant	delete_non_whitelisted_standalone_consonant	n	1		n	recorded
3_purana/agp_bi_u.txt	18374	standalone_consonant	delete_non_whitelisted_standalone_consonant	p	1		p	recorded
3_purana/agp_bi_u.txt	18410	standalone_consonant	delete_non_whitelisted_standalone_consonant	n	1		n	recorded
3_purana/agp_bi_u.txt	18432	standalone_consonant	delete_non_whitelisted_standalone_consonant	p	1		p	recorded
3_purana/agp_bi_u.txt	18460	standalone_consonant	delete_non_whitelisted_standalone_consonant	n	1		n	recorded
3_purana/agp_bi_u.txt	18486	standalone_consonant	delete_non_whitelisted_standalone_consonant	p	1		p	recorded
3_purana/agp_bi_u.txt	18520	standalone_consonant	delete_non_whitelisted_standalone_consonant	n	1		n	recorded
3_purana/agp_bi_u.txt	18544	standalone_consonant	delete_non_whitelisted_standalone_consonant	p	1		p	recorded
3_purana/agp_bi_u.txt	18582	standalone_consonant	delete_non_whitelisted_standalone_consonant	n	1		n	recorded
3_purana/agp_bi_u.txt	18597	standalone_consonant	delete_non_whitelisted_standalone_consonant	p	1		p	recorded
3_purana/agp_bi_u.txt	18630	standalone_consonant	delete_non_whitelisted_standalone_consonant	n	1		n	recorded
3_purana/agp_bi_u.txt	18650	standalone_consonant	delete_non_whitelisted_standalone_consonant	p	1		p	recorded
3_purana/agp_bi_u.txt	18652	standalone_consonant	delete_non_whitelisted_standalone_consonant	ś	1	 athāṣṭanavatitamo 'dhyāyaḥ ||	ś athāṣṭanavatitamo 'dhyāyaḥ ||	recorded
3_purana/agp_bi_u.txt	18686	standalone_consonant	delete_non_whitelisted_standalone_consonant	n	1		n	recorded
3_purana/agp_bi_u.txt	18702	standalone_consonant	delete_non_whitelisted_standalone_consonant	p	1		p	recorded
3_purana/agp_bi_u.txt	18727	standalone_consonant	delete_non_whitelisted_standalone_consonant	n	1		n	recorded
3_purana/agp_bi_u.txt	18745	standalone_consonant	delete_non_whitelisted_standalone_consonant	p	1		p	recorded
3_purana/agp_bi_u.txt	18747	standalone_consonant	delete_non_whitelisted_standalone_consonant	ś	1	 athonaśatatamo 'dhyāyaḥ	ś athonaśatatamo 'dhyāyaḥ	recorded
3_purana/agp_bi_u.txt	18776	standalone_consonant	delete_non_whitelisted_standalone_consonant	n	1		n	recorded
3_purana/agp_bi_u.txt	18790	standalone_consonant	delete_non_whitelisted_standalone_consonant	p	1		p	recorded
3_purana/agp_bi_u.txt	18792	standalone_consonant	delete_non_whitelisted_standalone_consonant	ś	1	 atha śatatamo 'dhyāyaḥ	ś atha śatatamo 'dhyāyaḥ	recorded
3_purana/agp_bi_u.txt	18826	standalone_consonant	delete_non_whitelisted_standalone_consonant	n	1		n	recorded
3_purana/agp_bi_u.txt	18834	standalone_consonant	delete_non_whitelisted_standalone_consonant	p	1		p	recorded
3_purana/agp_bi_u.txt	18847	standalone_consonant	delete_non_whitelisted_standalone_consonant	ś	1	 athaikādhikaśatatamo 'dhyāyaḥ ||	ś athaikādhikaśatatamo 'dhyāyaḥ ||	recorded
3_purana/agp_bi_u.txt	18867	standalone_consonant	delete_non_whitelisted_standalone_consonant	n	1		n	recorded
3_purana/agp_bi_u.txt	18893	standalone_consonant	delete_non_whitelisted_standalone_consonant	p	1		p	recorded
3_purana/agp_bi_u.txt	18925	standalone_consonant	delete_non_whitelisted_standalone_consonant	n	1		n	recorded
3_purana/agp_bi_u.txt	18949	standalone_consonant	delete_non_whitelisted_standalone_consonant	p	1		p	recorded
3_purana/agp_bi_u.txt	18962	standalone_consonant	delete_non_whitelisted_standalone_consonant	ś	1	 atha dvyadhikaśatatamo 'dhyāyaḥ	ś atha dvyadhikaśatatamo 'dhyāyaḥ	recorded
3_purana/agp_bi_u.txt	18980	standalone_consonant	delete_non_whitelisted_standalone_consonant	n	1		n	recorded
3_purana/agp_bi_u.txt	19001	standalone_consonant	delete_non_whitelisted_standalone_consonant	p	1		p	recorded
3_purana/agp_bi_u.txt	19037	standalone_consonant	delete_non_whitelisted_standalone_consonant	n	1		n	recorded
3_purana/agp_bi_u.txt	19061	standalone_consonant	delete_non_whitelisted_standalone_consonant	p	1		p	recorded
3_purana/agp_bi_u.txt	19097	standalone_consonant	delete_non_whitelisted_standalone_consonant	n	1		n	recorded
3_purana/agp_bi_u.txt	19124	standalone_consonant	delete_non_whitelisted_standalone_consonant	p	1		p	recorded
3_purana/agp_bi_u.txt	19158	standalone_consonant	delete_non_whitelisted_standalone_consonant	n	1		n	recorded
3_purana/agp_bi_u.txt	19186	standalone_consonant	delete_non_whitelisted_standalone_consonant	p	1		p	recorded
3_purana/agp_bi_u.txt	19199	standalone_consonant	delete_non_whitelisted_standalone_consonant	ś	1	 atha tryadhikaśatatamo 'dhyāyaḥ	ś atha tryadhikaśatatamo 'dhyāyaḥ	recorded
3_purana/agp_bi_u.txt	19223	standalone_consonant	delete_non_whitelisted_standalone_consonant	n	1		n	recorded
3_purana/agp_bi_u.txt	19236	standalone_consonant	delete_non_whitelisted_standalone_consonant	p	1		p	recorded
3_purana/agp_bi_u.txt	19266	standalone_consonant	delete_non_whitelisted_standalone_consonant	n	1		n	recorded
3_purana/agp_bi_u.txt	19291	standalone_consonant	delete_non_whitelisted_standalone_consonant	p	1		p	recorded
3_purana/agp_bi_u.txt	19326	standalone_consonant	delete_non_whitelisted_standalone_consonant	n	1		n	recorded
3_purana/agp_bi_u.txt	19351	standalone_consonant	delete_non_whitelisted_standalone_consonant	p	1		p	recorded
3_purana/agp_bi_u.txt	19367	standalone_consonant	delete_non_whitelisted_standalone_consonant	ś	1	 atha caturadhikaśatatamodhyāyaḥ	ś atha caturadhikaśatatamodhyāyaḥ	recorded
3_purana/agp_bi_u.txt	19385	standalone_consonant	delete_non_whitelisted_standalone_consonant	n	1		n	recorded
3_purana/agp_bi_u.txt	19398	standalone_consonant	delete_non_whitelisted_standalone_consonant	p	1		p	recorded
3_purana/agp_bi_u.txt	19436	standalone_consonant	delete_non_whitelisted_standalone_consonant	n	1		n	recorded
3_purana/agp_bi_u.txt	19456	standalone_consonant	delete_non_whitelisted_standalone_consonant	p	1		p	recorded
3_purana/agp_bi_u.txt	19490	standalone_consonant	delete_non_whitelisted_standalone_consonant	n	1		n	recorded
3_purana/agp_bi_u.txt	19517	standalone_consonant	delete_non_whitelisted_standalone_consonant	p	1		p	recorded
3_purana/agp_bi_u.txt	19553	standalone_consonant	delete_non_whitelisted_standalone_consonant	n	1		n	recorded
3_purana/agp_bi_u.txt	19578	standalone_consonant	delete_non_whitelisted_standalone_consonant	p	1		p	recorded
3_purana/agp_bi_u.txt	19605	standalone_consonant	delete_non_whitelisted_standalone_consonant	ś	1	 atha pañcādhikaśatatamo 'dhyāyaḥ	ś atha pañcādhikaśatatamo 'dhyāyaḥ	recorded
3_purana/agp_bi_u.txt	19613	standalone_consonant	delete_non_whitelisted_standalone_consonant	n	1		n	recorded
3_purana/agp_bi_u.txt	19628	standalone_consonant	delete_non_whitelisted_standalone_consonant	p	1		p	recorded
3_purana/agp_bi_u.txt	19664	standalone_consonant	delete_non_whitelisted_standalone_consonant	n	1		n	recorded
3_purana/agp_bi_u.txt	19684	standalone_consonant	delete_non_whitelisted_standalone_consonant	p	1		p	recorded
3_purana/agp_bi_u.txt	19716	standalone_consonant	delete_non_whitelisted_standalone_consonant	n	1		n	recorded
3_purana/agp_bi_u.txt	19742	standalone_consonant	delete_non_whitelisted_standalone_consonant	p	1		p	recorded
3_purana/agp_bi_u.txt	19777	standalone_consonant	delete_non_whitelisted_standalone_consonant	n	1		n	recorded
3_purana/agp_bi_u.txt	19799	standalone_consonant	delete_non_whitelisted_standalone_consonant	p	1		p	recorded
3_purana/agp_bi_u.txt	19811	standalone_consonant	delete_non_whitelisted_standalone_consonant	n	1		n	recorded
3_purana/agp_bi_u.txt	19848	standalone_consonant	delete_non_whitelisted_standalone_consonant	p	1		p	recorded
3_purana/agp_bi_u.txt	19882	standalone_consonant	delete_non_whitelisted_standalone_consonant	n	1		n	recorded
3_purana/agp_bi_u.txt	19908	standalone_consonant	delete_non_whitelisted_standalone_consonant	p	1		p	recorded
3_purana/agp_bi_u.txt	19927	standalone_consonant	delete_non_whitelisted_standalone_consonant	ś	1	 atha ṣaḍadhikaśatatamo 'dhyāyaḥ	ś atha ṣaḍadhikaśatatamo 'dhyāyaḥ	recorded
3_purana/agp_bi_u.txt	19937	standalone_consonant	delete_non_whitelisted_standalone_consonant	n	1		n	recorded
3_purana/agp_bi_u.txt	19950	standalone_consonant	delete_non_whitelisted_standalone_consonant	p	1		p	recorded
3_purana/agp_bi_u.txt	19990	standalone_consonant	delete_non_whitelisted_standalone_consonant	n	1		n	recorded
3_purana/agp_bi_u.txt	20009	standalone_consonant	delete_non_whitelisted_standalone_consonant	p	1		p	recorded
3_purana/agp_bi_u.txt	20049	standalone_consonant	delete_non_whitelisted_standalone_consonant	n	1		n	recorded
3_purana/agp_bi_u.txt	20069	standalone_consonant	delete_non_whitelisted_standalone_consonant	p	1		p	recorded
3_purana/agp_bi_u.txt	20088	standalone_consonant	delete_non_whitelisted_standalone_consonant	ś	1	 atha saptādhikaśatatamo 'dhyāyaḥ	ś atha saptādhikaśatatamo 'dhyāyaḥ	recorded
3_purana/agp_bi_u.txt	20100	standalone_consonant	delete_non_whitelisted_standalone_consonant	n	1		n	recorded
3_purana/agp_bi_u.txt	20112	standalone_consonant	delete_non_whitelisted_standalone_consonant	p	1		p	recorded
3_purana/agp_bi_u.txt	20156	standalone_consonant	delete_non_whitelisted_standalone_consonant	n	1		n	recorded
3_purana/agp_bi_u.txt	20167	standalone_consonant	delete_non_whitelisted_standalone_consonant	p	1		p	recorded
3_purana/agp_bi_u.txt	20198	standalone_consonant	delete_non_whitelisted_standalone_consonant	ś	1	 athāṣṭādhikaśatatamo 'dhyāyaḥ	ś athāṣṭādhikaśatatamo 'dhyāyaḥ	recorded
3_purana/agp_bi_u.txt	20208	standalone_consonant	delete_non_whitelisted_standalone_consonant	n	1		n	recorded
3_purana/agp_bi_u.txt	20219	standalone_consonant	delete_non_whitelisted_standalone_consonant	p	1		p	recorded
3_purana/agp_bi_u.txt	20255	standalone_consonant	delete_non_whitelisted_standalone_consonant	n	1		n	recorded
3_purana/agp_bi_u.txt	20274	standalone_consonant	delete_non_whitelisted_standalone_consonant	p	1		p	recorded
3_purana/agp_bi_u.txt	20316	standalone_consonant	delete_non_whitelisted_standalone_consonant	n	1		n	recorded
3_purana/agp_bi_u.txt	20332	standalone_consonant	delete_non_whitelisted_standalone_consonant	p	1		p	recorded
3_purana/agp_bi_u.txt	20370	standalone_consonant	delete_non_whitelisted_standalone_consonant	n	1		n	recorded
3_purana/agp_bi_u.txt	20385	standalone_consonant	delete_non_whitelisted_standalone_consonant	p	1		p	recorded
3_purana/agp_bi_u.txt	20405	standalone_consonant	delete_non_whitelisted_standalone_consonant	ś	1	 atha navādhikaśatatamo 'dhyāyaḥ	ś atha navādhikaśatatamo 'dhyāyaḥ	recorded
3_purana/agp_bi_u.txt	20417	standalone_consonant	delete_non_whitelisted_standalone_consonant	n	1		n	recorded
3_purana/agp_bi_u.txt	20421	standalone_consonant	delete_non_whitelisted_standalone_consonant	p	1		p	recorded
3_purana/agp_bi_u.txt	20459	standalone_consonant	delete_non_whitelisted_standalone_consonant	n	1		n	recorded
3_purana/agp_bi_u.txt	20478	standalone_consonant	delete_non_whitelisted_standalone_consonant	p	1		p	recorded
3_purana/agp_bi_u.txt	20516	standalone_consonant	delete_non_whitelisted_standalone_consonant	n	1		n	recorded
3_purana/agp_bi_u.txt	20532	standalone_consonant	delete_non_whitelisted_standalone_consonant	p	1		p	recorded
3_purana/agp_bi_u.txt	20555	standalone_consonant	delete_non_whitelisted_standalone_consonant	ś	1	 atha daśādhikaśatatamo 'dhyāyaḥ	ś atha daśādhikaśatatamo 'dhyāyaḥ	recorded
3_purana/agp_bi_u.txt	20565	standalone_consonant	delete_non_whitelisted_standalone_consonant	n	1		n	recorded
3_purana/agp_bi_u.txt	20578	standalone_consonant	delete_non_whitelisted_standalone_consonant	p	1		p	recorded
3_purana/agp_bi_u.txt	20605	standalone_consonant	delete_non_whitelisted_standalone_consonant	ś	1	 atha ekādaśādhikaśatatamo 'dhyāyaḥ	ś atha ekādaśādhikaśatatamo 'dhyāyaḥ	recorded
3_purana/agp_bi_u.txt	20615	standalone_consonant	delete_non_whitelisted_standalone_consonant	n	1		n	recorded
3_purana/agp_bi_u.txt	20633	standalone_consonant	delete_non_whitelisted_standalone_consonant	p	1		p	recorded
3_purana/agp_bi_u.txt	20673	standalone_consonant	delete_non_whitelisted_standalone_consonant	n	1		n	recorded
3_purana/agp_bi_u.txt	20686	standalone_consonant	delete_non_whitelisted_standalone_consonant	p	1		p	recorded
3_purana/agp_bi_u.txt	20705	standalone_consonant	delete_non_whitelisted_standalone_consonant	ś	1	 atha dvādaśādhikaśatatamo 'dhyāyaḥ	ś atha dvādaśādhikaśatatamo 'dhyāyaḥ	recorded
3_purana/agp_bi_u.txt	20719	standalone_consonant	delete_non_whitelisted_standalone_consonant	n	1		n	recorded
3_purana/agp_bi_u.txt	20729	standalone_consonant	delete_non_whitelisted_standalone_consonant	p	1		p	recorded
3_purana/agp_bi_u.txt	20756	standalone_consonant	delete_non_whitelisted_standalone_consonant	n	1		n	recorded
3_purana/agp_bi_u.txt	20774	standalone_consonant	delete_non_whitelisted_standalone_consonant	p	1		p	recorded
3_purana/agp_bi_u.txt	20776	standalone_consonant	delete_non_whitelisted_standalone_consonant	ś	1	 atha trayodaśādhikaśatatamo 'dhyāyaḥ	ś atha trayodaśādhikaśatatamo 'dhyāyaḥ	recorded
3_purana/agp_bi_u.txt	20802	standalone_consonant	delete_non_whitelisted_standalone_consonant	n	1		n	recorded
3_purana/agp_bi_u.txt	20814	standalone_consonant	delete_non_whitelisted_standalone_consonant	p	1		p	recorded
3_purana/agp_bi_u.txt	20825	standalone_consonant	delete_non_whitelisted_standalone_consonant	ś	1	 atha caturdaśādhikaśatatamo 'dhyāyaḥ	ś atha caturdaśādhikaśatatamo 'dhyāyaḥ	recorded
3_purana/agp_bi_u.txt	20845	standalone_consonant	delete_non_whitelisted_standalone_consonant	n	1		n	recorded
3_purana/agp_bi_u.txt	20853	standalone_consonant	delete_non_whitelisted_standalone_consonant	p	1		p	recorded
3_purana/agp_bi_u.txt	20897	standalone_consonant	delete_non_whitelisted_standalone_consonant	n	1		n	recorded
3_purana/agp_bi_u.txt	20916	standalone_consonant	delete_non_whitelisted_standalone_consonant	p	1		p	recorded
3_purana/agp_bi_u.txt	20966	standalone_consonant	delete_non_whitelisted_standalone_consonant	n	1		n	recorded
3_purana/agp_bi_u.txt	20983	standalone_consonant	delete_non_whitelisted_standalone_consonant	p	1		p	recorded
3_purana/agp_bi_u.txt	21025	standalone_consonant	delete_non_whitelisted_standalone_consonant	n	1		n	recorded
3_purana/agp_bi_u.txt	21048	standalone_consonant	delete_non_whitelisted_standalone_consonant	p	1		p	recorded
3_purana/agp_bi_u.txt	21081	standalone_consonant	delete_non_whitelisted_standalone_consonant	n	1		n	recorded
3_purana/agp_bi_u.txt	21095	standalone_consonant	delete_non_whitelisted_standalone_consonant	p	1		p	recorded
3_purana/agp_bi_u.txt	21109	standalone_consonant	delete_non_whitelisted_standalone_consonant	p	1		p	recorded
3_purana/agp_bi_u.txt	21115	standalone_consonant	delete_non_whitelisted_standalone_consonant	ś	1	 atha pañcadaśādhikaśatatamo 'dhyāyaḥ	ś atha pañcadaśādhikaśatatamo 'dhyāyaḥ	recorded
3_purana/agp_bi_u.txt	21153	standalone_consonant	delete_non_whitelisted_standalone_consonant	n	1		n	recorded
3_purana/agp_bi_u.txt	21159	standalone_consonant	delete_non_whitelisted_standalone_consonant	p	1		p	recorded
3_purana/agp_bi_u.txt	21195	standalone_consonant	delete_non_whitelisted_standalone_consonant	n	1		n	recorded
3_purana/agp_bi_u.txt	21219	standalone_consonant	delete_non_whitelisted_standalone_consonant	p	1		p	recorded
3_purana/agp_bi_u.txt	21259	standalone_consonant	delete_non_whitelisted_standalone_consonant	n	1		n	recorded
3_purana/agp_bi_u.txt	21271	standalone_consonant	delete_non_whitelisted_standalone_consonant	p	1		p	recorded
3_purana/agp_bi_u.txt	21313	standalone_consonant	delete_non_whitelisted_standalone_consonant	n	1		n	recorded
3_purana/agp_bi_u.txt	21325	standalone_consonant	delete_non_whitelisted_standalone_consonant	p	1		p	recorded
3_purana/agp_bi_u.txt	21359	standalone_consonant	delete_non_whitelisted_standalone_consonant	n	1		n	recorded
3_purana/agp_bi_u.txt	21372	standalone_consonant	delete_non_whitelisted_standalone_consonant	p	1		p	recorded
3_purana/agp_bi_u.txt	21408	standalone_consonant	delete_non_whitelisted_standalone_consonant	n	1		n	recorded
3_purana/agp_bi_u.txt	21426	standalone_consonant	delete_non_whitelisted_standalone_consonant	p	1		p	recorded
3_purana/agp_bi_u.txt	21469	standalone_consonant	delete_non_whitelisted_standalone_consonant	n	1		n	recorded
3_purana/agp_bi_u.txt	21475	standalone_consonant	delete_non_whitelisted_standalone_consonant	p	1		p	recorded
3_purana/agp_bi_u.txt	21517	standalone_consonant	delete_non_whitelisted_standalone_consonant	n	1		n	recorded
3_purana/agp_bi_u.txt	21528	standalone_consonant	delete_non_whitelisted_standalone_consonant	p	1		p	recorded
3_purana/agp_bi_u.txt	21541	standalone_consonant	delete_non_whitelisted_standalone_consonant	ś	1	 atha ṣoḍaśādhikaśatatamo 'dhyāyaḥ	ś atha ṣoḍaśādhikaśatatamo 'dhyāyaḥ	recorded
3_purana/agp_bi_u.txt	21559	standalone_consonant	delete_non_whitelisted_standalone_consonant	n	1		n	recorded
3_purana/agp_bi_u.txt	21567	standalone_consonant	delete_non_whitelisted_standalone_consonant	p	1		p	recorded
3_purana/agp_bi_u.txt	21603	standalone_consonant	delete_non_whitelisted_standalone_consonant	n	1		n	recorded
3_purana/agp_bi_u.txt	21619	standalone_consonant	delete_non_whitelisted_standalone_consonant	p	1		p	recorded
3_purana/agp_bi_u.txt	21659	standalone_consonant	delete_non_whitelisted_standalone_consonant	n	1		n	recorded
3_purana/agp_bi_u.txt	21671	standalone_consonant	delete_non_whitelisted_standalone_consonant	p	1		p	recorded
3_purana/agp_bi_u.txt	21715	standalone_consonant	delete_non_whitelisted_standalone_consonant	n	1		n	recorded
3_purana/agp_bi_u.txt	21722	standalone_consonant	delete_non_whitelisted_standalone_consonant	p	1		p	recorded
3_purana/agp_bi_u.txt	21760	standalone_consonant	delete_non_whitelisted_standalone_consonant	n	1		n	recorded
3_purana/agp_bi_u.txt	21772	standalone_consonant	delete_non_whitelisted_standalone_consonant	p	1		p	recorded
3_purana/agp_bi_u.txt	21785	standalone_consonant	delete_non_whitelisted_standalone_consonant	ś	1	 atha saptadaśādhikaśatatamo 'dhyāyaḥ	ś atha saptadaśādhikaśatatamo 'dhyāyaḥ	recorded
3_purana/agp_bi_u.txt	21803	standalone_consonant	delete_non_whitelisted_standalone_consonant	n	1		n	recorded
3_purana/agp_bi_u.txt	21809	standalone_consonant	delete_non_whitelisted_standalone_consonant	p	1		p	recorded
3_purana/agp_bi_u.txt	21852	standalone_consonant	delete_non_whitelisted_standalone_consonant	n	1		n	recorded
3_purana/agp_bi_u.txt	21858	standalone_consonant	delete_non_whitelisted_standalone_consonant	p	1		p	recorded
3_purana/agp_bi_u.txt	21897	standalone_consonant	delete_non_whitelisted_standalone_consonant	n	1		n	recorded
3_purana/agp_bi_u.txt	21905	standalone_consonant	delete_non_whitelisted_standalone_consonant	p	1		p	recorded
3_purana/agp_bi_u.txt	21947	standalone_consonant	delete_non_whitelisted_standalone_consonant	n	1		n	recorded
3_purana/agp_bi_u.txt	21956	standalone_consonant	delete_non_whitelisted_standalone_consonant	p	1		p	recorded
3_purana/agp_bi_u.txt	21998	standalone_consonant	delete_non_whitelisted_standalone_consonant	n	1		n	recorded
3_purana/agp_bi_u.txt	22005	standalone_consonant	delete_non_whitelisted_standalone_consonant	p	1		p	recorded
3_purana/agp_bi_u.txt	22047	standalone_consonant	delete_non_whitelisted_standalone_consonant	n	1		n	recorded
3_purana/agp_bi_u.txt	22063	standalone_consonant	delete_non_whitelisted_standalone_consonant	p	1		p	recorded
3_purana/agp_bi_u.txt	22097	standalone_consonant	delete_non_whitelisted_standalone_consonant	n	1		n	recorded
3_purana/agp_bi_u.txt	22118	standalone_consonant	delete_non_whitelisted_standalone_consonant	p	1		p	recorded
3_purana/agp_bi_u.txt	22149	standalone_consonant	delete_non_whitelisted_standalone_consonant	ś	1	 athāṣṭādaśādhikaśatatamo 'dhyāyaḥ	ś athāṣṭādaśādhikaśatatamo 'dhyāyaḥ	recorded
3_purana/agp_bi_u.txt	22161	standalone_consonant	delete_non_whitelisted_standalone_consonant	n	1		n	recorded
3_purana/agp_bi_u.txt	22167	standalone_consonant	delete_non_whitelisted_standalone_consonant	p	1		p	recorded
3_purana/agp_bi_u.txt	22200	standalone_consonant	delete_non_whitelisted_standalone_consonant	ś	1	 athaikonaviṃśatyadhikaśatatamo 'dhyāyaḥ	ś athaikonaviṃśatyadhikaśatatamo 'dhyāyaḥ	recorded
3_purana/agp_bi_u.txt	22208	standalone_consonant	delete_non_whitelisted_standalone_consonant	n	1		n	recorded
3_purana/agp_bi_u.txt	22217	standalone_consonant	delete_non_whitelisted_standalone_consonant	p	1		p	recorded
3_purana/agp_bi_u.txt	22260	standalone_consonant	delete_non_whitelisted_standalone_consonant	n	1		n	recorded
3_purana/agp_bi_u.txt	22272	standalone_consonant	delete_non_whitelisted_standalone_consonant	p	1		p	recorded
3_purana/agp_bi_u.txt	22312	standalone_consonant	delete_non_whitelisted_standalone_consonant	n	1		n	recorded
3_purana/agp_bi_u.txt	22322	standalone_consonant	delete_non_whitelisted_standalone_consonant	p	1		p	recorded
3_purana/agp_bi_u.txt	22359	standalone_consonant	delete_non_whitelisted_standalone_consonant	n	1		n	recorded
3_purana/agp_bi_u.txt	22378	standalone_consonant	delete_non_whitelisted_standalone_consonant	p	1		p	recorded
3_purana/agp_bi_u.txt	22380	standalone_consonant	delete_non_whitelisted_standalone_consonant	ś	1	 atha viṃśatyadhikaśatatamo 'dhyāyaḥ	ś atha viṃśatyadhikaśatatamo 'dhyāyaḥ	recorded
3_purana/agp_bi_u.txt	22420	standalone_consonant	delete_non_whitelisted_standalone_consonant	p	1		p	recorded
3_purana/agp_bi_u.txt	22460	standalone_consonant	delete_non_whitelisted_standalone_consonant	n	1		n	recorded
3_purana/agp_bi_u.txt	22477	standalone_consonant	delete_non_whitelisted_standalone_consonant	p	1		p	recorded
3_purana/agp_bi_u.txt	22523	standalone_consonant	delete_non_whitelisted_standalone_consonant	n	1		n	recorded
3_purana/agp_bi_u.txt	22527	standalone_consonant	delete_non_whitelisted_standalone_consonant	p	1		p	recorded
3_purana/agp_bi_u.txt	22565	standalone_consonant	delete_non_whitelisted_standalone_consonant	n	1		n	recorded
3_purana/agp_bi_u.txt	22578	standalone_consonant	delete_non_whitelisted_standalone_consonant	p	1		p	recorded
3_purana/agp_bi_u.txt	22597	standalone_consonant	delete_non_whitelisted_standalone_consonant	ś	1	 athaikaviṃśādhikaśatatamo 'dhyāyaḥ	ś athaikaviṃśādhikaśatatamo 'dhyāyaḥ	recorded
3_purana/agp_bi_u.txt	22611	standalone_consonant	delete_non_whitelisted_standalone_consonant	n	1		n	recorded
3_purana/agp_bi_u.txt	22621	standalone_consonant	delete_non_whitelisted_standalone_consonant	p	1		p	recorded
3_purana/agp_bi_u.txt	22663	standalone_consonant	delete_non_whitelisted_standalone_consonant	n	1		n	recorded
3_purana/agp_bi_u.txt	22669	standalone_consonant	delete_non_whitelisted_standalone_consonant	p	1		p	recorded
3_purana/agp_bi_u.txt	22711	standalone_consonant	delete_non_whitelisted_standalone_consonant	n	1		n	recorded
3_purana/agp_bi_u.txt	22723	standalone_consonant	delete_non_whitelisted_standalone_consonant	p	1		p	recorded
3_purana/agp_bi_u.txt	22767	standalone_consonant	delete_non_whitelisted_standalone_consonant	n	1		n	recorded
3_purana/agp_bi_u.txt	22771	standalone_consonant	delete_non_whitelisted_standalone_consonant	p	1		p	recorded
3_purana/agp_bi_u.txt	22815	standalone_consonant	delete_non_whitelisted_standalone_consonant	n	1		n	recorded
3_purana/agp_bi_u.txt	22821	standalone_consonant	delete_non_whitelisted_standalone_consonant	p	1		p	recorded
3_purana/agp_bi_u.txt	22857	standalone_consonant	delete_non_whitelisted_standalone_consonant	n	1		n	recorded
3_purana/agp_bi_u.txt	22877	standalone_consonant	delete_non_whitelisted_standalone_consonant	p	1		p	recorded
3_purana/agp_bi_u.txt	22914	standalone_consonant	delete_non_whitelisted_standalone_consonant	n	1		n	recorded
3_purana/agp_bi_u.txt	22927	standalone_consonant	delete_non_whitelisted_standalone_consonant	p	1		p	recorded
3_purana/agp_bi_u.txt	22968	standalone_consonant	delete_non_whitelisted_standalone_consonant	n	1		n	recorded
3_purana/agp_bi_u.txt	22981	standalone_consonant	delete_non_whitelisted_standalone_consonant	p	1		p	recorded
3_purana/agp_bi_u.txt	23021	standalone_consonant	delete_non_whitelisted_standalone_consonant	n	1		n	recorded
3_purana/agp_bi_u.txt	23031	standalone_consonant	delete_non_whitelisted_standalone_consonant	p	1		p	recorded
3_purana/agp_bi_u.txt	23040	standalone_consonant	delete_non_whitelisted_standalone_consonant	ś	1	 atha dvāviṃśatyadhikaśatatamo 'dhyāyaḥ	ś atha dvāviṃśatyadhikaśatatamo 'dhyāyaḥ	recorded
3_purana/agp_bi_u.txt	23067	standalone_consonant	delete_non_whitelisted_standalone_consonant	n	1		n	recorded
3_purana/agp_bi_u.txt	23077	standalone_consonant	delete_non_whitelisted_standalone_consonant	p	1		p	recorded
3_purana/agp_bi_u.txt	23117	standalone_consonant	delete_non_whitelisted_standalone_consonant	n	1		n	recorded
3_purana/agp_bi_u.txt	23126	standalone_consonant	delete_non_whitelisted_standalone_consonant	p	1		p	recorded
3_purana/agp_bi_u.txt	23164	standalone_consonant	delete_non_whitelisted_standalone_consonant	n	1		n	recorded
3_purana/agp_bi_u.txt	23173	standalone_consonant	delete_non_whitelisted_standalone_consonant	p	1		p	recorded
3_purana/agp_bi_u.txt	23182	standalone_consonant	delete_non_whitelisted_standalone_consonant	ś	1	 atha trayoviṃśatyadhikaśatatamo 'dhyāyaḥ	ś atha trayoviṃśatyadhikaśatatamo 'dhyāyaḥ	recorded
3_purana/agp_bi_u.txt	23206	standalone_consonant	delete_non_whitelisted_standalone_consonant	n	1		n	recorded
3_purana/agp_bi_u.txt	23210	standalone_consonant	delete_non_whitelisted_standalone_consonant	p	1		p	recorded
3_purana/agp_bi_u.txt	23254	standalone_consonant	delete_non_whitelisted_standalone_consonant	n	1		n	recorded
3_purana/agp_bi_u.txt	23262	standalone_consonant	delete_non_whitelisted_standalone_consonant	p	1		p	recorded
3_purana/agp_bi_u.txt	23306	standalone_consonant	delete_non_whitelisted_standalone_consonant	n	1		n	recorded
3_purana/agp_bi_u.txt	23315	standalone_consonant	delete_non_whitelisted_standalone_consonant	p	1		p	recorded
3_purana/agp_bi_u.txt	23357	standalone_consonant	delete_non_whitelisted_standalone_consonant	n	1		n	recorded
3_purana/agp_bi_u.txt	23368	standalone_consonant	delete_non_whitelisted_standalone_consonant	p	1		p	recorded
3_purana/agp_bi_u.txt	23370	standalone_consonant	delete_non_whitelisted_standalone_consonant	ś	1	 atha caturviṃśatyadhikaśatatamo 'dhyāyaḥ	ś atha caturviṃśatyadhikaśatatamo 'dhyāyaḥ	recorded
3_purana/agp_bi_u.txt	23412	standalone_consonant	delete_non_whitelisted_standalone_consonant	n	1		n	recorded
3_purana/agp_bi_u.txt	23420	standalone_consonant	delete_non_whitelisted_standalone_consonant	p	1		p	recorded
3_purana/agp_bi_u.txt	23462	standalone_consonant	delete_non_whitelisted_standalone_consonant	n	1		n	recorded
3_purana/agp_bi_u.txt	23470	standalone_consonant	delete_non_whitelisted_standalone_consonant	p	1		p	recorded
3_purana/agp_bi_u.txt	23497	standalone_consonant	delete_non_whitelisted_standalone_consonant	ś	1	 atha pañcaviṃśatyadhikaśatatamo 'dhyāyaḥ	ś atha pañcaviṃśatyadhikaśatatamo 'dhyāyaḥ	recorded
3_purana/agp_bi_u.txt	23505	standalone_consonant	delete_non_whitelisted_standalone_consonant	n	1		n	recorded
3_purana/agp_bi_u.txt	23514	standalone_consonant	delete_non_whitelisted_standalone_consonant	p	1		p	recorded
3_purana/agp_bi_u.txt	23557	standalone_consonant	delete_non_whitelisted_standalone_consonant	n	1		n	recorded
3_purana/agp_bi_u.txt	23563	standalone_consonant	delete_non_whitelisted_standalone_consonant	p	1		p	recorded
3_purana/agp_bi_u.txt	23605	standalone_consonant	delete_non_whitelisted_standalone_consonant	n	1		n	recorded
3_purana/agp_bi_u.txt	23611	standalone_consonant	delete_non_whitelisted_standalone_consonant	p	1		p	recorded
3_purana/agp_bi_u.txt	23652	standalone_consonant	delete_non_whitelisted_standalone_consonant	n	1		n	recorded
3_purana/agp_bi_u.txt	23663	standalone_consonant	delete_non_whitelisted_standalone_consonant	p	1		p	recorded
3_purana/agp_bi_u.txt	23707	standalone_consonant	delete_non_whitelisted_standalone_consonant	n	1		n	recorded
3_purana/agp_bi_u.txt	23711	standalone_consonant	delete_non_whitelisted_standalone_consonant	p	1		p	recorded
3_purana/agp_bi_u.txt	23752	standalone_consonant	delete_non_whitelisted_standalone_consonant	n	1		n	recorded
3_purana/agp_bi_u.txt	23763	standalone_consonant	delete_non_whitelisted_standalone_consonant	p	1		p	recorded
3_purana/agp_bi_u.txt	23794	standalone_consonant	delete_non_whitelisted_standalone_consonant	n	1		n	recorded
3_purana/agp_bi_u.txt	23802	standalone_consonant	delete_non_whitelisted_standalone_consonant	p	1		p	recorded
3_purana/agp_bi_u.txt	23804	standalone_consonant	delete_non_whitelisted_standalone_consonant	ś	1	 atha ṣaḍviṃśatyadhikaśatatamo 'dhyāyaḥ	ś atha ṣaḍviṃśatyadhikaśatatamo 'dhyāyaḥ	recorded
3_purana/agp_bi_u.txt	23840	standalone_consonant	delete_non_whitelisted_standalone_consonant	n	1		n	recorded
3_purana/agp_bi_u.txt	23852	standalone_consonant	delete_non_whitelisted_standalone_consonant	p	1		p	recorded
3_purana/agp_bi_u.txt	23892	standalone_consonant	delete_non_whitelisted_standalone_consonant	n	1		n	recorded
3_purana/agp_bi_u.txt	23901	standalone_consonant	delete_non_whitelisted_standalone_consonant	p	1		p	recorded
3_purana/agp_bi_u.txt	23939	standalone_consonant	delete_non_whitelisted_standalone_consonant	n	1		n	recorded
3_purana/agp_bi_u.txt	23955	standalone_consonant	delete_non_whitelisted_standalone_consonant	p	1		p	recorded
3_purana/agp_bi_u.txt	23993	standalone_consonant	delete_non_whitelisted_standalone_consonant	n	1		n	recorded
3_purana/agp_bi_u.txt	24001	standalone_consonant	delete_non_whitelisted_standalone_consonant	p	1		p	recorded
3_purana/agp_bi_u.txt	24010	standalone_consonant	delete_non_whitelisted_standalone_consonant	ś	1	 atha saptaviṃśatyadhikaśatatamo 'dhyāyaḥ	ś atha saptaviṃśatyadhikaśatatamo 'dhyāyaḥ	recorded
3_purana/agp_bi_u.txt	24028	standalone_consonant	delete_non_whitelisted_standalone_consonant	n	1		n	recorded
3_purana/agp_bi_u.txt	24041	standalone_consonant	delete_non_whitelisted_standalone_consonant	p	1		p	recorded
3_purana/agp_bi_u.txt	24086	standalone_consonant	delete_non_whitelisted_standalone_consonant	n	1		n	recorded
3_purana/agp_bi_u.txt	24092	standalone_consonant	delete_non_whitelisted_standalone_consonant	p	1		p	recorded
3_purana/agp_bi_u.txt	24121	standalone_consonant	delete_non_whitelisted_standalone_consonant	ś	1	 atha aṣṭāviṃśatyadhikaśatatamo 'dhyāyaḥ	ś atha aṣṭāviṃśatyadhikaśatatamo 'dhyāyaḥ	recorded
3_purana/agp_bi_u.txt	24131	standalone_consonant	delete_non_whitelisted_standalone_consonant	p	1		p	recorded
3_purana/agp_bi_u.txt	24179	standalone_consonant	delete_non_whitelisted_standalone_consonant	p	1		p	recorded
3_purana/agp_bi_u.txt	24188	standalone_consonant	delete_non_whitelisted_standalone_consonant	ś	1	 athonatriṃśadadhikaśatatamo 'dhyāyaḥ	ś athonatriṃśadadhikaśatatamo 'dhyāyaḥ	recorded
3_purana/agp_bi_u.txt	24217	standalone_consonant	delete_non_whitelisted_standalone_consonant	p	1		p	recorded
3_purana/agp_bi_u.txt	24219	standalone_consonant	delete_non_whitelisted_standalone_consonant	ś	1	 atha triṃśadadhikaśatatamo 'dhyāyaḥ	ś atha triṃśadadhikaśatatamo 'dhyāyaḥ	recorded
3_purana/agp_bi_u.txt	24259	standalone_consonant	delete_non_whitelisted_standalone_consonant	p	1		p	recorded
3_purana/agp_bi_u.txt	24299	standalone_consonant	delete_non_whitelisted_standalone_consonant	n	1		n	recorded
3_purana/agp_bi_u.txt	24307	standalone_consonant	delete_non_whitelisted_standalone_consonant	p	1		p	recorded
3_purana/agp_bi_u.txt	24316	standalone_consonant	delete_non_whitelisted_standalone_consonant	ś	1	 athaikatriṃśadadhikaśatatamo 'dhyāyaḥ	ś athaikatriṃśadadhikaśatatamo 'dhyāyaḥ	recorded
3_purana/agp_bi_u.txt	24338	standalone_consonant	delete_non_whitelisted_standalone_consonant	n	1		n	recorded
3_purana/agp_bi_u.txt	24342	standalone_consonant	delete_non_whitelisted_standalone_consonant	p	1		p	recorded
3_purana/agp_bi_u.txt	24384	standalone_consonant	delete_non_whitelisted_standalone_consonant	n	1		n	recorded
3_purana/agp_bi_u.txt	24392	standalone_consonant	delete_non_whitelisted_standalone_consonant	p	1		p	recorded
3_purana/agp_bi_u.txt	24421	standalone_consonant	delete_non_whitelisted_standalone_consonant	ś	1	 atha dvātriṃśadadhikaśatatamo 'dhyāyaḥ	ś atha dvātriṃśadadhikaśatatamo 'dhyāyaḥ	recorded
3_purana/agp_bi_u.txt	24431	standalone_consonant	delete_non_whitelisted_standalone_consonant	n	1		n	recorded
3_purana/agp_bi_u.txt	24437	standalone_consonant	delete_non_whitelisted_standalone_consonant	p	1		p	recorded
3_purana/agp_bi_u.txt	24475	standalone_consonant	delete_non_whitelisted_standalone_consonant	n	1		n	recorded
3_purana/agp_bi_u.txt	24484	standalone_consonant	delete_non_whitelisted_standalone_consonant	p	1		p	recorded
3_purana/agp_bi_u.txt	24528	standalone_consonant	delete_non_whitelisted_standalone_consonant	n	1		n	recorded
3_purana/agp_bi_u.txt	24537	standalone_consonant	delete_non_whitelisted_standalone_consonant	p	1		p	recorded
3_purana/agp_bi_u.txt	24564	standalone_consonant	delete_non_whitelisted_standalone_consonant	ś	1	 atha trayastriṃśadadhikaśatatamo 'dhyāyaḥ	ś atha trayastriṃśadadhikaśatatamo 'dhyāyaḥ	recorded
3_purana/agp_bi_u.txt	24574	standalone_consonant	delete_non_whitelisted_standalone_consonant	p	1		p	recorded
3_purana/agp_bi_u.txt	24619	standalone_consonant	delete_non_whitelisted_standalone_consonant	n	1		n	recorded
3_purana/agp_bi_u.txt	24623	standalone_consonant	delete_non_whitelisted_standalone_consonant	p	1		p	recorded
3_purana/agp_bi_u.txt	24663	standalone_consonant	delete_non_whitelisted_standalone_consonant	n	1		n	recorded
3_purana/agp_bi_u.txt	24674	standalone_consonant	delete_non_whitelisted_standalone_consonant	p	1		p	recorded
3_purana/agp_bi_u.txt	24713	standalone_consonant	delete_non_whitelisted_standalone_consonant	n	1		n	recorded
3_purana/agp_bi_u.txt	24723	standalone_consonant	delete_non_whitelisted_standalone_consonant	p	1		p	recorded
3_purana/agp_bi_u.txt	24759	standalone_consonant	delete_non_whitelisted_standalone_consonant	n	1		n	recorded
3_purana/agp_bi_u.txt	24769	standalone_consonant	delete_non_whitelisted_standalone_consonant	p	1		p	recorded
3_purana/agp_bi_u.txt	24804	standalone_consonant	delete_non_whitelisted_standalone_consonant	n	1		n	recorded
3_purana/agp_bi_u.txt	24812	standalone_consonant	delete_non_whitelisted_standalone_consonant	p	1		p	recorded
3_purana/agp_bi_u.txt	24814	standalone_consonant	delete_non_whitelisted_standalone_consonant	ś	1	 atha catustriṃśadadhikaśatatamo 'dhyāyaḥ	ś atha catustriṃśadadhikaśatatamo 'dhyāyaḥ	recorded
3_purana/agp_bi_u.txt	24835	standalone_consonant	delete_non_whitelisted_standalone_consonant	n	1		n	recorded
3_purana/agp_bi_u.txt	24841	standalone_consonant	delete_non_whitelisted_standalone_consonant	p	1		p	recorded
3_purana/agp_bi_u.txt	24859	standalone_consonant	delete_non_whitelisted_standalone_consonant	ś	1	 atha pañcatriṃśadadhikaśatatamo 'dhyāyaḥ	ś atha pañcatriṃśadadhikaśatatamo 'dhyāyaḥ	recorded
3_purana/agp_bi_u.txt	24870	standalone_consonant	delete_non_whitelisted_standalone_consonant	n	1		n	recorded
3_purana/agp_bi_u.txt	24874	standalone_consonant	delete_non_whitelisted_standalone_consonant	p	1		p	recorded
3_purana/agp_bi_u.txt	24899	standalone_consonant	delete_non_whitelisted_standalone_consonant	n	1		n	recorded
3_purana/agp_bi_u.txt	24908	standalone_consonant	delete_non_whitelisted_standalone_consonant	p	1		p	recorded
3_purana/agp_bi_u.txt	24936	standalone_consonant	delete_non_whitelisted_standalone_consonant	n	1		n	recorded
3_purana/agp_bi_u.txt	24942	standalone_consonant	delete_non_whitelisted_standalone_consonant	p	1		p	recorded
3_purana/agp_bi_u.txt	24961	standalone_consonant	delete_non_whitelisted_standalone_consonant	ś	1	 atha ṣaṭtriṃśadadhikaśatatamo 'dhyāyaḥ	ś atha ṣaṭtriṃśadadhikaśatatamo 'dhyāyaḥ	recorded
3_purana/agp_bi_u.txt	24975	standalone_consonant	delete_non_whitelisted_standalone_consonant	n	1		n	recorded
3_purana/agp_bi_u.txt	24982	standalone_consonant	delete_non_whitelisted_standalone_consonant	p	1		p	recorded
3_purana/agp_bi_u.txt	25006	standalone_consonant	delete_non_whitelisted_standalone_consonant	ś	1	 atha saptatriṃśadadhikaśatatamo 'dhyāyaḥ	ś atha saptatriṃśadadhikaśatatamo 'dhyāyaḥ	recorded
3_purana/agp_bi_u.txt	25014	standalone_consonant	delete_non_whitelisted_standalone_consonant	n	1		n	recorded
3_purana/agp_bi_u.txt	25018	standalone_consonant	delete_non_whitelisted_standalone_consonant	p	1		p	recorded
3_purana/agp_bi_u.txt	25053	standalone_consonant	delete_non_whitelisted_standalone_consonant	n	1		n	recorded
3_purana/agp_bi_u.txt	25057	standalone_consonant	delete_non_whitelisted_standalone_consonant	p	1		p	recorded
3_purana/agp_bi_u.txt	25105	standalone_consonant	delete_non_whitelisted_standalone_consonant	p	1		p	recorded
3_purana/agp_bi_u.txt	25114	standalone_consonant	delete_non_whitelisted_standalone_consonant	ś	1	 athāṣṭatriṃśadadhikaśatatamo 'dhyāyaḥ	ś athāṣṭatriṃśadadhikaśatatamo 'dhyāyaḥ	recorded
3_purana/agp_bi_u.txt	25134	standalone_consonant	delete_non_whitelisted_standalone_consonant	p	1		p	recorded
3_purana/agp_bi_u.txt	25176	standalone_consonant	delete_non_whitelisted_standalone_consonant	n	1		n	recorded
3_purana/agp_bi_u.txt	25182	standalone_consonant	delete_non_whitelisted_standalone_consonant	p	1		p	recorded
3_purana/agp_bi_u.txt	25191	standalone_consonant	delete_non_whitelisted_standalone_consonant	ś	1	 athonacatvāriṃśadadhikaśatatamo 'dhyāyaḥ	ś athonacatvāriṃśadadhikaśatatamo 'dhyāyaḥ	recorded
3_purana/agp_bi_u.txt	25215	standalone_consonant	delete_non_whitelisted_standalone_consonant	p	1		p	recorded
3_purana/agp_bi_u.txt	25254	standalone_consonant	delete_non_whitelisted_standalone_consonant	n	1		n	recorded
3_purana/agp_bi_u.txt	25260	standalone_consonant	delete_non_whitelisted_standalone_consonant	p	1		p	recorded
3_purana/agp_bi_u.txt	25262	standalone_consonant	delete_non_whitelisted_standalone_consonant	ś	1	 atha catvāriṃśadadhikaśatatamo 'dhyāyaḥ	ś atha catvāriṃśadadhikaśatatamo 'dhyāyaḥ	recorded
3_purana/agp_bi_u.txt	25300	standalone_consonant	delete_non_whitelisted_standalone_consonant	n	1		n	recorded
3_purana/agp_bi_u.txt	25310	standalone_consonant	delete_non_whitelisted_standalone_consonant	p	1		p	recorded
3_purana/agp_bi_u.txt	25351	standalone_consonant	delete_non_whitelisted_standalone_consonant	n	1		n	recorded
3_purana/agp_bi_u.txt	25355	standalone_consonant	delete_non_whitelisted_standalone_consonant	p	1		p	recorded
3_purana/agp_bi_u.txt	25357	standalone_consonant	delete_non_whitelisted_standalone_consonant	ś	1	 athaikacatvāriṃśadadhikaśatatamo 'dhyāyaḥ	ś athaikacatvāriṃśadadhikaśatatamo 'dhyāyaḥ	recorded
3_purana/agp_bi_u.txt	25393	standalone_consonant	delete_non_whitelisted_standalone_consonant	n	1		n	recorded
3_purana/agp_bi_u.txt	25399	standalone_consonant	delete_non_whitelisted_standalone_consonant	p	1		p	recorded
3_purana/agp_bi_u.txt	25439	standalone_consonant	delete_non_whitelisted_standalone_consonant	n	1		n	recorded
3_purana/agp_bi_u.txt	25443	standalone_consonant	delete_non_whitelisted_standalone_consonant	p	1		p	recorded
3_purana/agp_bi_u.txt	25445	standalone_consonant	delete_non_whitelisted_standalone_consonant	ś	1	 atha dvicatvāriṃśadadhikaśatatamo 'dhyāyaḥ	ś atha dvicatvāriṃśadadhikaśatatamo 'dhyāyaḥ	recorded
3_purana/agp_bi_u.txt	25479	standalone_consonant	delete_non_whitelisted_standalone_consonant	n	1		n	recorded
3_purana/agp_bi_u.txt	25487	standalone_consonant	delete_non_whitelisted_standalone_consonant	p	1		p	recorded
3_purana/agp_bi_u.txt	25535	standalone_consonant	delete_non_whitelisted_standalone_consonant	p	1		p	recorded
3_purana/agp_bi_u.txt	25556	standalone_consonant	delete_non_whitelisted_standalone_consonant	ś	1	 atha tricatvāriṃśadadhikaśatatamo 'dhyāyaḥ	ś atha tricatvāriṃśadadhikaśatatamo 'dhyāyaḥ	recorded
3_purana/agp_bi_u.txt	25566	standalone_consonant	delete_non_whitelisted_standalone_consonant	n	1		n	recorded
3_purana/agp_bi_u.txt	25570	standalone_consonant	delete_non_whitelisted_standalone_consonant	p	1		p	recorded
3_purana/agp_bi_u.txt	25617	standalone_consonant	delete_non_whitelisted_standalone_consonant	p	1		p	recorded
3_purana/agp_bi_u.txt	25642	standalone_consonant	delete_non_whitelisted_standalone_consonant	ś	1	 atha catuś catvāriṃśadadhikaśatatamo 'dhyāyaḥ	ś atha catuś catvāriṃśadadhikaśatatamo 'dhyāyaḥ	recorded
3_purana/agp_bi_u.txt	25656	standalone_consonant	delete_non_whitelisted_standalone_consonant	n	1		n	recorded
3_purana/agp_bi_u.txt	25660	standalone_consonant	delete_non_whitelisted_standalone_consonant	p	1		p	recorded
3_purana/agp_bi_u.txt	25699	standalone_consonant	delete_non_whitelisted_standalone_consonant	n	1		n	recorded
3_purana/agp_bi_u.txt	25703	standalone_consonant	delete_non_whitelisted_standalone_consonant	p	1		p	recorded
3_purana/agp_bi_u.txt	25746	standalone_consonant	delete_non_whitelisted_standalone_consonant	n	1		n	recorded
3_purana/agp_bi_u.txt	25754	standalone_consonant	delete_non_whitelisted_standalone_consonant	p	1		p	recorded
3_purana/agp_bi_u.txt	25790	standalone_consonant	delete_non_whitelisted_standalone_consonant	n	1		n	recorded
3_purana/agp_bi_u.txt	25805	standalone_consonant	delete_non_whitelisted_standalone_consonant	p	1		p	recorded
3_purana/agp_bi_u.txt	25847	standalone_consonant	delete_non_whitelisted_standalone_consonant	n	1		n	recorded
3_purana/agp_bi_u.txt	25855	standalone_consonant	delete_non_whitelisted_standalone_consonant	p	1		p	recorded
3_purana/agp_bi_u.txt	25868	standalone_consonant	delete_non_whitelisted_standalone_consonant	ś	1	 atha pañcacatvāriṃśadadhikaśatatamo 'dhyāyaḥ	ś atha pañcacatvāriṃśadadhikaśatatamo 'dhyāyaḥ	recorded
3_purana/agp_bi_u.txt	25888	standalone_consonant	delete_non_whitelisted_standalone_consonant	n	1		n	recorded
3_purana/agp_bi_u.txt	25892	standalone_consonant	delete_non_whitelisted_standalone_consonant	p	1		p	recorded
3_purana/agp_bi_u.txt	25933	standalone_consonant	delete_non_whitelisted_standalone_consonant	n	1		n	recorded
3_purana/agp_bi_u.txt	25944	standalone_consonant	delete_non_whitelisted_standalone_consonant	p	1		p	recorded
3_purana/agp_bi_u.txt	25992	standalone_consonant	delete_non_whitelisted_standalone_consonant	p	1		p	recorded
3_purana/agp_bi_u.txt	26021	standalone_consonant	delete_non_whitelisted_standalone_consonant	ś	1	 atha ṣaṭcatvāriṃśadadhikaśatatamo 'dhyāyaḥ	ś atha ṣaṭcatvāriṃśadadhikaśatatamo 'dhyāyaḥ	recorded
3_purana/agp_bi_u.txt	26029	standalone_consonant	delete_non_whitelisted_standalone_consonant	n	1		n	recorded
3_purana/agp_bi_u.txt	26033	standalone_consonant	delete_non_whitelisted_standalone_consonant	p	1		p	recorded
3_purana/agp_bi_u.txt	26062	standalone_consonant	delete_non_whitelisted_standalone_consonant	n	1		n	recorded
3_purana/agp_bi_u.txt	26069	standalone_consonant	delete_non_whitelisted_standalone_consonant	p	1		p	recorded
3_purana/agp_bi_u.txt	26115	standalone_consonant	delete_non_whitelisted_standalone_consonant	p	1		p	recorded
3_purana/agp_bi_u.txt	26157	standalone_consonant	delete_non_whitelisted_standalone_consonant	n	1		n	recorded
3_purana/agp_bi_u.txt	26165	standalone_consonant	delete_non_whitelisted_standalone_consonant	p	1		p	recorded
3_purana/agp_bi_u.txt	26174	standalone_consonant	delete_non_whitelisted_standalone_consonant	ś	1	 atha saptacatvāriṃśadadhikaśatatamo 'dhyāyaḥ	ś atha saptacatvāriṃśadadhikaśatatamo 'dhyāyaḥ	recorded
3_purana/agp_bi_u.txt	26191	standalone_consonant	delete_non_whitelisted_standalone_consonant	n	1		n	recorded
3_purana/agp_bi_u.txt	26199	standalone_consonant	delete_non_whitelisted_standalone_consonant	p	1		p	recorded
3_purana/agp_bi_u.txt	26234	standalone_consonant	delete_non_whitelisted_standalone_consonant	n	1		n	recorded
3_purana/agp_bi_u.txt	26248	standalone_consonant	delete_non_whitelisted_standalone_consonant	p	1		p	recorded
3_purana/agp_bi_u.txt	26262	standalone_consonant	delete_non_whitelisted_standalone_consonant	ś	1	 atha aṣṭacatvāriṃśadadhikaśatatamo 'dhyāyaḥ	ś atha aṣṭacatvāriṃśadadhikaśatatamo 'dhyāyaḥ	recorded
3_purana/agp_bi_u.txt	26280	standalone_consonant	delete_non_whitelisted_standalone_consonant	p	1		p	recorded
3_purana/agp_bi_u.txt	26305	standalone_consonant	delete_non_whitelisted_standalone_consonant	ś	1	 athonapañcāśadadhikaśatatamo 'dhyāyaḥ ||	ś athonapañcāśadadhikaśatatamo 'dhyāyaḥ ||	recorded
3_purana/agp_bi_u.txt	26315	standalone_consonant	delete_non_whitelisted_standalone_consonant	n	1		n	recorded
3_purana/agp_bi_u.txt	26321	standalone_consonant	delete_non_whitelisted_standalone_consonant	p	1		p	recorded
3_purana/agp_bi_u.txt	26369	standalone_consonant	delete_non_whitelisted_standalone_consonant	p	1		p	recorded
3_purana/agp_bi_u.txt	26384	standalone_consonant	delete_non_whitelisted_standalone_consonant	ś	1	 atha pañcāśadadhikaśatatamo 'dhyāyaḥ	ś atha pañcāśadadhikaśatatamo 'dhyāyaḥ	recorded
3_purana/agp_bi_u.txt	26406	standalone_consonant	delete_non_whitelisted_standalone_consonant	p	1		p	recorded
3_purana/agp_bi_u.txt	26450	standalone_consonant	delete_non_whitelisted_standalone_consonant	n	1		n	recorded
3_purana/agp_bi_u.txt	26456	standalone_consonant	delete_non_whitelisted_standalone_consonant	p	1		p	recorded
3_purana/agp_bi_u.txt	26504	standalone_consonant	delete_non_whitelisted_standalone_consonant	p	1		p	recorded
3_purana/agp_bi_u.txt	26527	standalone_consonant	delete_non_whitelisted_standalone_consonant	ś	1	 athaikapañcāśadadhikaśatatano 'dhyāyaḥ	ś athaikapañcāśadadhikaśatatano 'dhyāyaḥ	recorded
3_purana/agp_bi_u.txt	26543	standalone_consonant	delete_non_whitelisted_standalone_consonant	p	1		p	recorded
3_purana/agp_bi_u.txt	26587	standalone_consonant	delete_non_whitelisted_standalone_consonant	n	1		n	recorded
3_purana/agp_bi_u.txt	26591	standalone_consonant	delete_non_whitelisted_standalone_consonant	p	1		p	recorded
3_purana/agp_bi_u.txt	26618	standalone_consonant	delete_non_whitelisted_standalone_consonant	ś	1	 atha dvipañcāśadadhikaśatatamo 'dhyāyaḥ	ś atha dvipañcāśadadhikaśatatamo 'dhyāyaḥ	recorded
3_purana/agp_bi_u.txt	26632	standalone_consonant	delete_non_whitelisted_standalone_consonant	n	1		n	recorded
3_purana/agp_bi_u.txt	26636	standalone_consonant	delete_non_whitelisted_standalone_consonant	p	1		p	recorded
3_purana/agp_bi_u.txt	26653	standalone_consonant	delete_non_whitelisted_standalone_consonant	ś	1	 atha tripañcāśadadhikaśatatamo 'dhyāyaḥ	ś atha tripañcāśadadhikaśatatamo 'dhyāyaḥ	recorded
3_purana/agp_bi_u.txt	26677	standalone_consonant	delete_non_whitelisted_standalone_consonant	p	1		p	recorded
3_purana/agp_bi_u.txt	26721	standalone_consonant	delete_non_whitelisted_standalone_consonant	n	1		n	recorded
3_purana/agp_bi_u.txt	26727	standalone_consonant	delete_non_whitelisted_standalone_consonant	p	1		p	recorded
3_purana/agp_bi_u.txt	26740	standalone_consonant	delete_non_whitelisted_standalone_consonant	ś	1	 atha catuḥpañcāśadadhikaśatatamo 'dhyāyaḥ	ś atha catuḥpañcāśadadhikaśatatamo 'dhyāyaḥ	recorded
3_purana/agp_bi_u.txt	26762	standalone_consonant	delete_non_whitelisted_standalone_consonant	n	1		n	recorded
3_purana/agp_bi_u.txt	26766	standalone_consonant	delete_non_whitelisted_standalone_consonant	p	1		p	recorded
3_purana/agp_bi_u.txt	26810	standalone_consonant	delete_non_whitelisted_standalone_consonant	n	1		n	recorded
3_purana/agp_bi_u.txt	26816	standalone_consonant	delete_non_whitelisted_standalone_consonant	p	1		p	recorded
3_purana/agp_bi_u.txt	26839	standalone_consonant	delete_non_whitelisted_standalone_consonant	ś	1	 atha pañcapañcāśadadhikaśatatamo 'dhyāyaḥ	ś atha pañcapañcāśadadhikaśatatamo 'dhyāyaḥ	recorded
3_purana/agp_bi_u.txt	26853	standalone_consonant	delete_non_whitelisted_standalone_consonant	p	1		p	recorded
3_purana/agp_bi_u.txt	26895	standalone_consonant	delete_non_whitelisted_standalone_consonant	n	1		n	recorded
3_purana/agp_bi_u.txt	26904	standalone_consonant	delete_non_whitelisted_standalone_consonant	p	1		p	recorded
3_purana/agp_bi_u.txt	26946	standalone_consonant	delete_non_whitelisted_standalone_consonant	n	1		n	recorded
3_purana/agp_bi_u.txt	26957	standalone_consonant	delete_non_whitelisted_standalone_consonant	p	1		p	recorded
3_purana/agp_bi_u.txt	26992	standalone_consonant	delete_non_whitelisted_standalone_consonant	n	1		n	recorded
3_purana/agp_bi_u.txt	27007	standalone_consonant	delete_non_whitelisted_standalone_consonant	p	1		p	recorded
3_purana/agp_bi_u.txt	27016	standalone_consonant	delete_non_whitelisted_standalone_consonant	ś	1	 atha ṣaṭpañcāśadadhikaśatatamo 'dhyāyaḥ	ś atha ṣaṭpañcāśadadhikaśatatamo 'dhyāyaḥ	recorded
3_purana/agp_bi_u.txt	27038	standalone_consonant	delete_non_whitelisted_standalone_consonant	n	1		n	recorded
3_purana/agp_bi_u.txt	27042	standalone_consonant	delete_non_whitelisted_standalone_consonant	p	1		p	recorded
3_purana/agp_bi_u.txt	27086	standalone_consonant	delete_non_whitelisted_standalone_consonant	n	1		n	recorded
3_purana/agp_bi_u.txt	27090	standalone_consonant	delete_non_whitelisted_standalone_consonant	p	1		p	recorded
3_purana/agp_bi_u.txt	27099	standalone_consonant	delete_non_whitelisted_standalone_consonant	ś	1	 atha saptapañcāśadadhikaśatatamo 'dhyāyaḥ	ś atha saptapañcāśadadhikaśatatamo 'dhyāyaḥ	recorded
3_purana/agp_bi_u.txt	27123	standalone_consonant	delete_non_whitelisted_standalone_consonant	p	1		p	recorded
3_purana/agp_bi_u.txt	27167	standalone_consonant	delete_non_whitelisted_standalone_consonant	n	1		n	recorded
3_purana/agp_bi_u.txt	27171	standalone_consonant	delete_non_whitelisted_standalone_consonant	p	1		p	recorded
3_purana/agp_bi_u.txt	27215	standalone_consonant	delete_non_whitelisted_standalone_consonant	n	1		n	recorded
3_purana/agp_bi_u.txt	27219	standalone_consonant	delete_non_whitelisted_standalone_consonant	p	1		p	recorded
3_purana/agp_bi_u.txt	27259	standalone_consonant	delete_non_whitelisted_standalone_consonant	n	1		n	recorded
3_purana/agp_bi_u.txt	27270	standalone_consonant	delete_non_whitelisted_standalone_consonant	p	1		p	recorded
3_purana/agp_bi_u.txt	27301	standalone_consonant	delete_non_whitelisted_standalone_consonant	ś	1	 athāṣṭapañcāśadadhikaśatatamo 'dhyāyaḥ	ś athāṣṭapañcāśadadhikaśatatamo 'dhyāyaḥ	recorded
3_purana/agp_bi_u.txt	27309	standalone_consonant	delete_non_whitelisted_standalone_consonant	n	1		n	recorded
3_purana/agp_bi_u.txt	27314	standalone_consonant	delete_non_whitelisted_standalone_consonant	p	1		p	recorded
3_purana/agp_bi_u.txt	27358	standalone_consonant	delete_non_whitelisted_standalone_consonant	n	1		n	recorded
3_purana/agp_bi_u.txt	27364	standalone_consonant	delete_non_whitelisted_standalone_consonant	p	1		p	recorded
3_purana/agp_bi_u.txt	27412	standalone_consonant	delete_non_whitelisted_standalone_consonant	p	1		p	recorded
3_purana/agp_bi_u.txt	27454	standalone_consonant	delete_non_whitelisted_standalone_consonant	n	1		n	recorded
3_purana/agp_bi_u.txt	27461	standalone_consonant	delete_non_whitelisted_standalone_consonant	p	1		p	recorded
3_purana/agp_bi_u.txt	27503	standalone_consonant	delete_non_whitelisted_standalone_consonant	n	1		n	recorded
3_purana/agp_bi_u.txt	27513	standalone_consonant	delete_non_whitelisted_standalone_consonant	p	1		p	recorded
3_purana/agp_bi_u.txt	27557	standalone_consonant	delete_non_whitelisted_standalone_consonant	n	1		n	recorded
3_purana/agp_bi_u.txt	27561	standalone_consonant	delete_non_whitelisted_standalone_consonant	p	1		p	recorded
3_purana/agp_bi_u.txt	27609	standalone_consonant	delete_non_whitelisted_standalone_consonant	p	1		p	recorded
3_purana/agp_bi_u.txt	27632	standalone_consonant	delete_non_whitelisted_standalone_consonant	ś	1	 athaikonaṣaṣṭyadhikaśatatamo 'dhyāyaḥ	ś athaikonaṣaṣṭyadhikaśatatamo 'dhyāyaḥ	recorded
3_purana/agp_bi_u.txt	27642	standalone_consonant	delete_non_whitelisted_standalone_consonant	n	1		n	recorded
3_purana/agp_bi_u.txt	27649	standalone_consonant	delete_non_whitelisted_standalone_consonant	p	1		p	recorded
3_purana/agp_bi_u.txt	27693	standalone_consonant	delete_non_whitelisted_standalone_consonant	n	1		n	recorded
3_purana/agp_bi_u.txt	27699	standalone_consonant	delete_non_whitelisted_standalone_consonant	p	1		p	recorded
3_purana/agp_bi_u.txt	27716	standalone_consonant	delete_non_whitelisted_standalone_consonant	ś	1	 atha ṣaṣṭyadhikaśatatamo 'dhyāyaḥ	ś atha ṣaṣṭyadhikaśatatamo 'dhyāyaḥ	recorded
3_purana/agp_bi_u.txt	27732	standalone_consonant	delete_non_whitelisted_standalone_consonant	n	1		n	recorded
3_purana/agp_bi_u.txt	27738	standalone_consonant	delete_non_whitelisted_standalone_consonant	p	1		p	recorded
3_purana/agp_bi_u.txt	27753	standalone_consonant	delete_non_whitelisted_standalone_consonant	ś	1	 athaikaṣaṣṭyadhikaśatatamo 'dhyāyaḥ	ś athaikaṣaṣṭyadhikaśatatamo 'dhyāyaḥ	recorded
3_purana/agp_bi_u.txt	27769	standalone_consonant	delete_non_whitelisted_standalone_consonant	n	1		n	recorded
3_purana/agp_bi_u.txt	27781	standalone_consonant	delete_non_whitelisted_standalone_consonant	p	1		p	recorded
3_purana/agp_bi_u.txt	27821	standalone_consonant	delete_non_whitelisted_standalone_consonant	n	1		n	recorded
3_purana/agp_bi_u.txt	27830	standalone_consonant	delete_non_whitelisted_standalone_consonant	p	1		p	recorded
3_purana/agp_bi_u.txt	27872	standalone_consonant	delete_non_whitelisted_standalone_consonant	n	1		n	recorded
3_purana/agp_bi_u.txt	27882	standalone_consonant	delete_non_whitelisted_standalone_consonant	p	1		p	recorded
3_purana/agp_bi_u.txt	27923	standalone_consonant	delete_non_whitelisted_standalone_consonant	n	1		n	recorded
3_purana/agp_bi_u.txt	27930	standalone_consonant	delete_non_whitelisted_standalone_consonant	p	1		p	recorded
3_purana/agp_bi_u.txt	27932	standalone_consonant	delete_non_whitelisted_standalone_consonant	ś	1	 atha dviṣaṣṭyadhikaśatatamo 'dhyāyaḥ	ś atha dviṣaṣṭyadhikaśatatamo 'dhyāyaḥ	recorded
3_purana/agp_bi_u.txt	27968	standalone_consonant	delete_non_whitelisted_standalone_consonant	n	1		n	recorded
3_purana/agp_bi_u.txt	27973	standalone_consonant	delete_non_whitelisted_standalone_consonant	p	1		p	recorded
3_purana/agp_bi_u.txt	28015	standalone_consonant	delete_non_whitelisted_standalone_consonant	n	1		n	recorded
3_purana/agp_bi_u.txt	28023	standalone_consonant	delete_non_whitelisted_standalone_consonant	p	1		p	recorded
3_purana/agp_bi_u.txt	28032	standalone_consonant	delete_non_whitelisted_standalone_consonant	ś	1	 atha triṣaṣṭhyadhikaśatatamo 'dhyāyaḥ	ś atha triṣaṣṭhyadhikaśatatamo 'dhyāyaḥ	recorded
3_purana/agp_bi_u.txt	28062	standalone_consonant	delete_non_whitelisted_standalone_consonant	p	1		p	recorded
3_purana/agp_bi_u.txt	28108	standalone_consonant	delete_non_whitelisted_standalone_consonant	n	1		n	recorded
3_purana/agp_bi_u.txt	28113	standalone_consonant	delete_non_whitelisted_standalone_consonant	p	1		p	recorded
3_purana/agp_bi_u.txt	28157	standalone_consonant	delete_non_whitelisted_standalone_consonant	n	1		n	recorded
3_purana/agp_bi_u.txt	28163	standalone_consonant	delete_non_whitelisted_standalone_consonant	p	1		p	recorded
3_purana/agp_bi_u.txt	28203	standalone_consonant	delete_non_whitelisted_standalone_consonant	n	1		n	recorded
3_purana/agp_bi_u.txt	28215	standalone_consonant	delete_non_whitelisted_standalone_consonant	p	1		p	recorded
3_purana/agp_bi_u.txt	28238	standalone_consonant	delete_non_whitelisted_standalone_consonant	ś	1	 atha catuḥṣaṣṭyadhikaśatatamo 'dhyāyaḥ	ś atha catuḥṣaṣṭyadhikaśatatamo 'dhyāyaḥ	recorded
3_purana/agp_bi_u.txt	28248	standalone_consonant	delete_non_whitelisted_standalone_consonant	n	1		n	recorded
3_purana/agp_bi_u.txt	28256	standalone_consonant	delete_non_whitelisted_standalone_consonant	p	1		p	recorded
3_purana/agp_bi_u.txt	28300	standalone_consonant	delete_non_whitelisted_standalone_consonant	n	1		n	recorded
3_purana/agp_bi_u.txt	28304	standalone_consonant	delete_non_whitelisted_standalone_consonant	p	1		p	recorded
3_purana/agp_bi_u.txt	28319	standalone_consonant	delete_non_whitelisted_standalone_consonant	ś	1	 atha pañcaṣaṣtyadhikaśatatamo 'dhyāyaḥ	ś atha pañcaṣaṣtyadhikaśatatamo 'dhyāyaḥ	recorded
3_purana/agp_bi_u.txt	28337	standalone_consonant	delete_non_whitelisted_standalone_consonant	n	1		n	recorded
3_purana/agp_bi_u.txt	28345	standalone_consonant	delete_non_whitelisted_standalone_consonant	p	1		p	recorded
3_purana/agp_bi_u.txt	28387	standalone_consonant	delete_non_whitelisted_standalone_consonant	n	1		n	recorded
3_purana/agp_bi_u.txt	28397	standalone_consonant	delete_non_whitelisted_standalone_consonant	p	1		p	recorded
3_purana/agp_bi_u.txt	28439	standalone_consonant	delete_non_whitelisted_standalone_consonant	n	1		n	recorded
3_purana/agp_bi_u.txt	28444	standalone_consonant	delete_non_whitelisted_standalone_consonant	p	1		p	recorded
3_purana/agp_bi_u.txt	28471	standalone_consonant	delete_non_whitelisted_standalone_consonant	ś	1	 atha ṣaṭṣaṣṭyadhikaśatatamo 'dhyāyaḥ	ś atha ṣaṭṣaṣṭyadhikaśatatamo 'dhyāyaḥ	recorded
3_purana/agp_bi_u.txt	28481	standalone_consonant	delete_non_whitelisted_standalone_consonant	n	1		n	recorded
3_purana/agp_bi_u.txt	28485	standalone_consonant	delete_non_whitelisted_standalone_consonant	p	1		p	recorded
3_purana/agp_bi_u.txt	28527	standalone_consonant	delete_non_whitelisted_standalone_consonant	n	1		n	recorded
3_purana/agp_bi_u.txt	28535	standalone_consonant	delete_non_whitelisted_standalone_consonant	p	1		p	recorded
3_purana/agp_bi_u.txt	28575	standalone_consonant	delete_non_whitelisted_standalone_consonant	n	1		n	recorded
3_purana/agp_bi_u.txt	28581	standalone_consonant	delete_non_whitelisted_standalone_consonant	p	1		p	recorded
3_purana/agp_bi_u.txt	28590	standalone_consonant	delete_non_whitelisted_standalone_consonant	ś	1	 atha saptaṣaṣṭyadhikaśatatamo 'dhyāyaḥ ||	ś atha saptaṣaṣṭyadhikaśatatamo 'dhyāyaḥ ||	recorded
3_purana/agp_bi_u.txt	28618	standalone_consonant	delete_non_whitelisted_standalone_consonant	p	1		p	recorded
3_purana/agp_bi_u.txt	28666	standalone_consonant	delete_non_whitelisted_standalone_consonant	p	1		p	recorded
3_purana/agp_bi_u.txt	28712	standalone_consonant	delete_non_whitelisted_standalone_consonant	n	1		n	recorded
3_purana/agp_bi_u.txt	28716	standalone_consonant	delete_non_whitelisted_standalone_consonant	p	1		p	recorded
3_purana/agp_bi_u.txt	28758	standalone_consonant	delete_non_whitelisted_standalone_consonant	n	1		n	recorded
3_purana/agp_bi_u.txt	28767	standalone_consonant	delete_non_whitelisted_standalone_consonant	p	1		p	recorded
3_purana/agp_bi_u.txt	28796	standalone_consonant	delete_non_whitelisted_standalone_consonant	ś	1	 athāṣṭaṣaṣṭyadhikaśatatamo 'dhyāyaḥ	ś athāṣṭaṣaṣṭyadhikaśatatamo 'dhyāyaḥ	recorded
3_purana/agp_bi_u.txt	28806	standalone_consonant	delete_non_whitelisted_standalone_consonant	n	1		n	recorded
3_purana/agp_bi_u.txt	28812	standalone_consonant	delete_non_whitelisted_standalone_consonant	p	1		p	recorded
3_purana/agp_bi_u.txt	28856	standalone_consonant	delete_non_whitelisted_standalone_consonant	n	1		n	recorded
3_purana/agp_bi_u.txt	28862	standalone_consonant	delete_non_whitelisted_standalone_consonant	p	1		p	recorded
3_purana/agp_bi_u.txt	28906	standalone_consonant	delete_non_whitelisted_standalone_consonant	n	1		n	recorded
3_purana/agp_bi_u.txt	28914	standalone_consonant	delete_non_whitelisted_standalone_consonant	p	1		p	recorded
3_purana/agp_bi_u.txt	28956	standalone_consonant	delete_non_whitelisted_standalone_consonant	n	1		n	recorded
3_purana/agp_bi_u.txt	28964	standalone_consonant	delete_non_whitelisted_standalone_consonant	p	1		p	recorded
3_purana/agp_bi_u.txt	29003	standalone_consonant	delete_non_whitelisted_standalone_consonant	n	1		n	recorded
3_purana/agp_bi_u.txt	29007	standalone_consonant	delete_non_whitelisted_standalone_consonant	p	1		p	recorded
3_purana/agp_bi_u.txt	29009	standalone_consonant	delete_non_whitelisted_standalone_consonant	ś	1	 athaikonasaptatyadhikaśatatamo 'dhyāyaḥ	ś athaikonasaptatyadhikaśatatamo 'dhyāyaḥ	recorded
3_purana/agp_bi_u.txt	29047	standalone_consonant	delete_non_whitelisted_standalone_consonant	n	1		n	recorded
3_purana/agp_bi_u.txt	29051	standalone_consonant	delete_non_whitelisted_standalone_consonant	p	1		p	recorded
3_purana/agp_bi_u.txt	29093	standalone_consonant	delete_non_whitelisted_standalone_consonant	n	1		n	recorded
3_purana/agp_bi_u.txt	29097	standalone_consonant	delete_non_whitelisted_standalone_consonant	p	1		p	recorded
3_purana/agp_bi_u.txt	29143	standalone_consonant	delete_non_whitelisted_standalone_consonant	p	1		p	recorded
3_purana/agp_bi_u.txt	29189	standalone_consonant	delete_non_whitelisted_standalone_consonant	n	1		n	recorded
3_purana/agp_bi_u.txt	29193	standalone_consonant	delete_non_whitelisted_standalone_consonant	p	1		p	recorded
3_purana/agp_bi_u.txt	29202	standalone_consonant	delete_non_whitelisted_standalone_consonant	ś	1	 atha saptatyadhikaśatatamo 'dhyāyaḥ	ś atha saptatyadhikaśatatamo 'dhyāyaḥ	recorded
3_purana/agp_bi_u.txt	29230	standalone_consonant	delete_non_whitelisted_standalone_consonant	n	1		n	recorded
3_purana/agp_bi_u.txt	29238	standalone_consonant	delete_non_whitelisted_standalone_consonant	p	1		p	recorded
3_purana/agp_bi_u.txt	29280	standalone_consonant	delete_non_whitelisted_standalone_consonant	n	1		n	recorded
3_purana/agp_bi_u.txt	29291	standalone_consonant	delete_non_whitelisted_standalone_consonant	p	1		p	recorded
3_purana/agp_bi_u.txt	29335	standalone_consonant	delete_non_whitelisted_standalone_consonant	n	1		n	recorded
3_purana/agp_bi_u.txt	29343	standalone_consonant	delete_non_whitelisted_standalone_consonant	p	1		p	recorded
3_purana/agp_bi_u.txt	29388	standalone_consonant	delete_non_whitelisted_standalone_consonant	n	1		n	recorded
3_purana/agp_bi_u.txt	29394	standalone_consonant	delete_non_whitelisted_standalone_consonant	p	1		p	recorded
3_purana/agp_bi_u.txt	29435	standalone_consonant	delete_non_whitelisted_standalone_consonant	n	1		n	recorded
3_purana/agp_bi_u.txt	29448	standalone_consonant	delete_non_whitelisted_standalone_consonant	p	1		p	recorded
3_purana/agp_bi_u.txt	29450	standalone_consonant	delete_non_whitelisted_standalone_consonant	ś	1	 atha ekasaptatyadhikaśatatamo 'dhyāyaḥ	ś atha ekasaptatyadhikaśatatamo 'dhyāyaḥ	recorded
3_purana/agp_bi_u.txt	29488	standalone_consonant	delete_non_whitelisted_standalone_consonant	n	1		n	recorded
3_purana/agp_bi_u.txt	29492	standalone_consonant	delete_non_whitelisted_standalone_consonant	p	1		p	recorded
3_purana/agp_bi_u.txt	29533	standalone_consonant	delete_non_whitelisted_standalone_consonant	p	1		p	recorded
3_purana/agp_bi_u.txt	29535	standalone_consonant	delete_non_whitelisted_standalone_consonant	ś	1	 atha dvisaptatyadhikaśatatamo 'dhyāyaḥ	ś atha dvisaptatyadhikaśatatamo 'dhyāyaḥ	recorded
3_purana/agp_bi_u.txt	29575	standalone_consonant	delete_non_whitelisted_standalone_consonant	n	1		n	recorded
3_purana/agp_bi_u.txt	29579	standalone_consonant	delete_non_whitelisted_standalone_consonant	p	1		p	recorded
3_purana/agp_bi_u.txt	29621	standalone_consonant	delete_non_whitelisted_standalone_consonant	n	1		n	recorded
3_purana/agp_bi_u.txt	29632	standalone_consonant	delete_non_whitelisted_standalone_consonant	p	1		p	recorded
3_purana/agp_bi_u.txt	29649	standalone_consonant	delete_non_whitelisted_standalone_consonant	ś	1	 atha trisaptatyadhikaśatatamo 'dhyāyaḥ	ś atha trisaptatyadhikaśatatamo 'dhyāyaḥ	recorded
3_purana/agp_bi_u.txt	29669	standalone_consonant	delete_non_whitelisted_standalone_consonant	n	1		n	recorded
3_purana/agp_bi_u.txt	29673	standalone_consonant	delete_non_whitelisted_standalone_consonant	p	1		p	recorded
3_purana/agp_bi_u.txt	29719	standalone_consonant	delete_non_whitelisted_standalone_consonant	n	1		n	recorded
3_purana/agp_bi_u.txt	29725	standalone_consonant	delete_non_whitelisted_standalone_consonant	p	1		p	recorded
3_purana/agp_bi_u.txt	29773	standalone_consonant	delete_non_whitelisted_standalone_consonant	p	1		p	recorded
3_purana/agp_bi_u.txt	29819	standalone_consonant	delete_non_whitelisted_standalone_consonant	n	1		n	recorded
3_purana/agp_bi_u.txt	29825	standalone_consonant	delete_non_whitelisted_standalone_consonant	p	1		p	recorded
3_purana/agp_bi_u.txt	29873	standalone_consonant	delete_non_whitelisted_standalone_consonant	p	1		p	recorded
3_purana/agp_bi_u.txt	29900	standalone_consonant	delete_non_whitelisted_standalone_consonant	n	1		n	recorded
3_purana/agp_bi_u.txt	29906	standalone_consonant	delete_non_whitelisted_standalone_consonant	p	1		p	recorded
3_purana/agp_bi_u.txt	29908	standalone_consonant	delete_non_whitelisted_standalone_consonant	ś	1	 atha catuḥsaptatyadhikaśatatamo 'dhyāyaḥ	ś atha catuḥsaptatyadhikaśatatamo 'dhyāyaḥ	recorded
3_purana/agp_bi_u.txt	29942	standalone_consonant	delete_non_whitelisted_standalone_consonant	n	1		n	recorded
3_purana/agp_bi_u.txt	29948	standalone_consonant	delete_non_whitelisted_standalone_consonant	p	1		p	recorded
3_purana/agp_bi_u.txt	29992	standalone_consonant	delete_non_whitelisted_standalone_consonant	n	1		n	recorded
3_purana/agp_bi_u.txt	29999	standalone_consonant	delete_non_whitelisted_standalone_consonant	p	1		p	recorded
3_purana/agp_bi_u.txt	30030	standalone_consonant	delete_non_whitelisted_standalone_consonant	ś	1	 atha pañcasaptyadhikaśatatamo 'dhyāyaḥ	ś atha pañcasaptyadhikaśatatamo 'dhyāyaḥ	recorded
3_purana/agp_bi_u.txt	30040	standalone_consonant	delete_non_whitelisted_standalone_consonant	n	1		n	recorded
3_purana/agp_bi_u.txt	30047	standalone_consonant	delete_non_whitelisted_standalone_consonant	p	1		p	recorded
3_purana/agp_bi_u.txt	30089	standalone_consonant	delete_non_whitelisted_standalone_consonant	n	1		n	recorded
3_purana/agp_bi_u.txt	30141	standalone_consonant	delete_non_whitelisted_standalone_consonant	n	1		n	recorded
3_purana/agp_bi_u.txt	30147	standalone_consonant	delete_non_whitelisted_standalone_consonant	p	1		p	recorded
3_purana/agp_bi_u.txt	30189	standalone_consonant	delete_non_whitelisted_standalone_consonant	n	1		n	recorded
3_purana/agp_bi_u.txt	30198	standalone_consonant	delete_non_whitelisted_standalone_consonant	p	1		p	recorded
3_purana/agp_bi_u.txt	30242	standalone_consonant	delete_non_whitelisted_standalone_consonant	n	1		n	recorded
3_purana/agp_bi_u.txt	30250	standalone_consonant	delete_non_whitelisted_standalone_consonant	p	1		p	recorded
3_purana/agp_bi_u.txt	30296	standalone_consonant	delete_non_whitelisted_standalone_consonant	n	1		n	recorded
3_purana/agp_bi_u.txt	30300	standalone_consonant	delete_non_whitelisted_standalone_consonant	p	1		p	recorded
3_purana/agp_bi_u.txt	30341	standalone_consonant	delete_non_whitelisted_standalone_consonant	n	1		n	recorded
3_purana/agp_bi_u.txt	30349	standalone_consonant	delete_non_whitelisted_standalone_consonant	p	1		p	recorded
3_purana/agp_bi_u.txt	30351	standalone_consonant	delete_non_whitelisted_standalone_consonant	ś	1	 atha ṣaṭsaptatyadhikaśatatamo 'dhyāyaḥ	ś atha ṣaṭsaptatyadhikaśatatamo 'dhyāyaḥ	recorded
3_purana/agp_bi_u.txt	30386	standalone_consonant	delete_non_whitelisted_standalone_consonant	n	1		n	recorded
3_purana/agp_bi_u.txt	30395	standalone_consonant	delete_non_whitelisted_standalone_consonant	p	1		p	recorded
3_purana/agp_bi_u.txt	30397	standalone_consonant	delete_non_whitelisted_standalone_consonant	ś	1	 atha saptasaptatyadhikaśatatamo 'dhyāyaḥ	ś atha saptasaptatyadhikaśatatamo 'dhyāyaḥ	recorded
3_purana/agp_bi_u.txt	30437	standalone_consonant	delete_non_whitelisted_standalone_consonant	n	1		n	recorded
3_purana/agp_bi_u.txt	30441	standalone_consonant	delete_non_whitelisted_standalone_consonant	p	1		p	recorded
3_purana/agp_bi_u.txt	30486	standalone_consonant	delete_non_whitelisted_standalone_consonant	n	1		n	recorded
3_purana/agp_bi_u.txt	30498	standalone_consonant	delete_non_whitelisted_standalone_consonant	p	1		p	recorded
3_purana/agp_bi_u.txt	30507	standalone_consonant	delete_non_whitelisted_standalone_consonant	ś	1	 athāṣṭasaptatyadhikaśatatamo 'dhyāyaḥ	ś athāṣṭasaptatyadhikaśatatamo 'dhyāyaḥ	recorded
3_purana/agp_bi_u.txt	30531	standalone_consonant	delete_non_whitelisted_standalone_consonant	n	1		n	recorded
3_purana/agp_bi_u.txt	30539	standalone_consonant	delete_non_whitelisted_standalone_consonant	p	1		p	recorded
3_purana/agp_bi_u.txt	30577	standalone_consonant	delete_non_whitelisted_standalone_consonant	n	1		n	recorded
3_purana/agp_bi_u.txt	30594	standalone_consonant	delete_non_whitelisted_standalone_consonant	p	1		p	recorded
3_purana/agp_bi_u.txt	30628	standalone_consonant	delete_non_whitelisted_standalone_consonant	n	1		n	recorded
3_purana/agp_bi_u.txt	30650	standalone_consonant	delete_non_whitelisted_standalone_consonant	p	1		p	recorded
3_purana/agp_bi_u.txt	30683	standalone_consonant	delete_non_whitelisted_standalone_consonant	n	1		n	recorded
3_purana/agp_bi_u.txt	30692	standalone_consonant	delete_non_whitelisted_standalone_consonant	p	1		p	recorded
3_purana/agp_bi_u.txt	30694	standalone_consonant	delete_non_whitelisted_standalone_consonant	ś	1	 athaikonāśītyadhikaśatatamo 'dhyāyaḥ ||	ś athaikonāśītyadhikaśatatamo 'dhyāyaḥ ||	recorded
3_purana/agp_bi_u.txt	30726	standalone_consonant	delete_non_whitelisted_standalone_consonant	n	1		n	recorded
3_purana/agp_bi_u.txt	30737	standalone_consonant	delete_non_whitelisted_standalone_consonant	p	1		p	recorded
3_purana/agp_bi_u.txt	30739	standalone_consonant	delete_non_whitelisted_standalone_consonant	ś	1	 athāśītyadhikaśatatamo 'dhyāyaḥ	ś athāśītyadhikaśatatamo 'dhyāyaḥ	recorded
3_purana/agp_bi_u.txt	30758	standalone_consonant	delete_non_whitelisted_standalone_consonant	ś	1	 athaikāśītyadhikaśatatamo 'dhyāyaḥ ||	ś athaikāśītyadhikaśatatamo 'dhyāyaḥ ||	recorded
3_purana/agp_bi_u.txt	30768	standalone_consonant	delete_non_whitelisted_standalone_consonant	n	1		n	recorded
3_purana/agp_bi_u.txt	30777	standalone_consonant	delete_non_whitelisted_standalone_consonant	p	1		p	recorded
3_purana/agp_bi_u.txt	30789	standalone_consonant	delete_non_whitelisted_standalone_consonant	ś	1	 atha dvyaśītyadhikaśatatamo 'dhyāyaḥ ||	ś atha dvyaśītyadhikaśatatamo 'dhyāyaḥ ||	recorded
3_purana/agp_bi_u.txt	30814	standalone_consonant	delete_non_whitelisted_standalone_consonant	n	1		n	recorded
3_purana/agp_bi_u.txt	30820	standalone_consonant	delete_non_whitelisted_standalone_consonant	p	1		p	recorded
3_purana/agp_bi_u.txt	30822	standalone_consonant	delete_non_whitelisted_standalone_consonant	ś	1	 atha tryaśītyadhikaśatatamo 'dhyāyaḥ	ś atha tryaśītyadhikaśatatamo 'dhyāyaḥ	recorded
3_purana/agp_bi_u.txt	30862	standalone_consonant	delete_non_whitelisted_standalone_consonant	n	1		n	recorded
3_purana/agp_bi_u.txt	30868	standalone_consonant	delete_non_whitelisted_standalone_consonant	p	1		p	recorded
3_purana/agp_bi_u.txt	30909	standalone_consonant	delete_non_whitelisted_standalone_consonant	n	1		n	recorded
3_purana/agp_bi_u.txt	30922	standalone_consonant	delete_non_whitelisted_standalone_consonant	p	1		p	recorded
3_purana/agp_bi_u.txt	30924	standalone_consonant	delete_non_whitelisted_standalone_consonant	ś	1	 atha caturaśityadhikaśatatamo 'dhyāyaḥ	ś atha caturaśityadhikaśatatamo 'dhyāyaḥ	recorded
3_purana/agp_bi_u.txt	30962	standalone_consonant	delete_non_whitelisted_standalone_consonant	n	1		n	recorded
3_purana/agp_bi_u.txt	30972	standalone_consonant	delete_non_whitelisted_standalone_consonant	p	1		p	recorded
3_purana/agp_bi_u.txt	31010	standalone_consonant	delete_non_whitelisted_standalone_consonant	n	1		n	recorded
3_purana/agp_bi_u.txt	31025	standalone_consonant	delete_non_whitelisted_standalone_consonant	p	1		p	recorded
3_purana/agp_bi_u.txt	31056	standalone_consonant	delete_non_whitelisted_standalone_consonant	ś	1	 atha pañcāśītyadhikaśatatamo 'dhyāyaḥ	ś atha pañcāśītyadhikaśatatamo 'dhyāyaḥ	recorded
3_purana/agp_bi_u.txt	31066	standalone_consonant	delete_non_whitelisted_standalone_consonant	n	1		n	recorded
3_purana/agp_bi_u.txt	31074	standalone_consonant	delete_non_whitelisted_standalone_consonant	p	1		p	recorded
3_purana/agp_bi_u.txt	31116	standalone_consonant	delete_non_whitelisted_standalone_consonant	n	1		n	recorded
3_purana/agp_bi_u.txt	31127	standalone_consonant	delete_non_whitelisted_standalone_consonant	p	1		p	recorded
3_purana/agp_bi_u.txt	31150	standalone_consonant	delete_non_whitelisted_standalone_consonant	ś	1	 atha ṣaḍaśītyadhikaśatatamo 'dhyāyaḥ	ś atha ṣaḍaśītyadhikaśatatamo 'dhyāyaḥ	recorded
3_purana/agp_bi_u.txt	31165	standalone_consonant	delete_non_whitelisted_standalone_consonant	n	1		n	recorded
3_purana/agp_bi_u.txt	31171	standalone_consonant	delete_non_whitelisted_standalone_consonant	p	1		p	recorded
3_purana/agp_bi_u.txt	31173	standalone_consonant	delete_non_whitelisted_standalone_consonant	ś	1	 atha saptāśītyadhikaśatatamo 'dhyāyaḥ	ś atha saptāśītyadhikaśatatamo 'dhyāyaḥ	recorded
3_purana/agp_bi_u.txt	31209	standalone_consonant	delete_non_whitelisted_standalone_consonant	n	1		n	recorded
3_purana/agp_bi_u.txt	31217	standalone_consonant	delete_non_whitelisted_standalone_consonant	p	1		p	recorded
3_purana/agp_bi_u.txt	31228	standalone_consonant	delete_non_whitelisted_standalone_consonant	ś	1	 athāṣṭāśītyadhikaśatatamo 'dhyāyaḥ	ś athāṣṭāśītyadhikaśatatamo 'dhyāyaḥ	recorded
3_purana/agp_bi_u.txt	31256	standalone_consonant	delete_non_whitelisted_standalone_consonant	n	1		n	recorded
3_purana/agp_bi_u.txt	31267	standalone_consonant	delete_non_whitelisted_standalone_consonant	p	1		p	recorded
3_purana/agp_bi_u.txt	31308	standalone_consonant	delete_non_whitelisted_standalone_consonant	n	1		n	recorded
3_purana/agp_bi_u.txt	31317	standalone_consonant	delete_non_whitelisted_standalone_consonant	p	1		p	recorded
3_purana/agp_bi_u.txt	31319	standalone_consonant	delete_non_whitelisted_standalone_consonant	ś	1	 athaikonanavatyadhikaśatatamo 'dhyāyaḥ	ś athaikonanavatyadhikaśatatamo 'dhyāyaḥ	recorded
3_purana/agp_bi_u.txt	31353	standalone_consonant	delete_non_whitelisted_standalone_consonant	n	1		n	recorded
3_purana/agp_bi_u.txt	31363	standalone_consonant	delete_non_whitelisted_standalone_consonant	p	1		p	recorded
3_purana/agp_bi_u.txt	31400	standalone_consonant	delete_non_whitelisted_standalone_consonant	n	1		n	recorded
3_purana/agp_bi_u.txt	31404	standalone_consonant	delete_non_whitelisted_standalone_consonant	p	1		p	recorded
3_purana/agp_bi_u.txt	31406	standalone_consonant	delete_non_whitelisted_standalone_consonant	ś	1	 atha navatyadhikaśatatamo 'dhyāyaḥ	ś atha navatyadhikaśatatamo 'dhyāyaḥ	recorded
3_purana/agp_bi_u.txt	31441	standalone_consonant	delete_non_whitelisted_standalone_consonant	n	1		n	recorded
3_purana/agp_bi_u.txt	31448	standalone_consonant	delete_non_whitelisted_standalone_consonant	p	1		p	recorded
3_purana/agp_bi_u.txt	31450	standalone_consonant	delete_non_whitelisted_standalone_consonant	ś	1	 athaikanavatyadhikaśatatamo 'dhyāyaḥ	ś athaikanavatyadhikaśatatamo 'dhyāyaḥ	recorded
3_purana/agp_bi_u.txt	31484	standalone_consonant	delete_non_whitelisted_standalone_consonant	n	1		n	recorded
3_purana/agp_bi_u.txt	31492	standalone_consonant	delete_non_whitelisted_standalone_consonant	p	1		p	recorded
3_purana/agp_bi_u.txt	31511	standalone_consonant	delete_non_whitelisted_standalone_consonant	ś	1	 atha dvinavatyadhikaśatatamo 'dhyāyaḥ	ś atha dvinavatyadhikaśatatamo 'dhyāyaḥ	recorded
3_purana/agp_bi_u.txt	31525	standalone_consonant	delete_non_whitelisted_standalone_consonant	n	1		n	recorded
3_purana/agp_bi_u.txt	31532	standalone_consonant	delete_non_whitelisted_standalone_consonant	p	1		p	recorded
3_purana/agp_bi_u.txt	31572	standalone_consonant	delete_non_whitelisted_standalone_consonant	n	1		n	recorded
3_purana/agp_bi_u.txt	31583	standalone_consonant	delete_non_whitelisted_standalone_consonant	p	1		p	recorded
3_purana/agp_bi_u.txt	31585	standalone_consonant	delete_non_whitelisted_standalone_consonant	ś	1	 atha trinavatyadhikaśatatamo 'dhyāyaḥ	ś atha trinavatyadhikaśatatamo 'dhyāyaḥ	recorded
3_purana/agp_bi_u.txt	31618	standalone_consonant	delete_non_whitelisted_standalone_consonant	n	1		n	recorded
3_purana/agp_bi_u.txt	31624	standalone_consonant	delete_non_whitelisted_standalone_consonant	p	1		p	recorded
3_purana/agp_bi_u.txt	31626	standalone_consonant	delete_non_whitelisted_standalone_consonant	ś	1	 atha caturnavatyadhikaśatatamo 'dhyāyaḥ	ś atha caturnavatyadhikaśatatamo 'dhyāyaḥ	recorded
3_purana/agp_bi_u.txt	31665	standalone_consonant	delete_non_whitelisted_standalone_consonant	p	1		p	recorded
3_purana/agp_bi_u.txt	31667	standalone_consonant	delete_non_whitelisted_standalone_consonant	ś	1	 atha pañcanavatyadhikaśatatamo 'dhyāyaḥ	ś atha pañcanavatyadhikaśatatamo 'dhyāyaḥ	recorded
3_purana/agp_bi_u.txt	31698	standalone_consonant	delete_non_whitelisted_standalone_consonant	n	1		n	recorded
3_purana/agp_bi_u.txt	31703	standalone_consonant	delete_non_whitelisted_standalone_consonant	p	1		p	recorded
3_purana/agp_bi_u.txt	31705	standalone_consonant	delete_non_whitelisted_standalone_consonant	ś	1	 atha ṣaṇṇavatyadhikaśatatamo 'dhyāyaḥ	ś atha ṣaṇṇavatyadhikaśatatamo 'dhyāyaḥ	recorded
3_purana/agp_bi_u.txt	31741	standalone_consonant	delete_non_whitelisted_standalone_consonant	n	1		n	recorded
3_purana/agp_bi_u.txt	31748	standalone_consonant	delete_non_whitelisted_standalone_consonant	p	1		p	recorded
3_purana/agp_bi_u.txt	31782	standalone_consonant	delete_non_whitelisted_standalone_consonant	n	1		n	recorded
3_purana/agp_bi_u.txt	31794	standalone_consonant	delete_non_whitelisted_standalone_consonant	p	1		p	recorded
3_purana/agp_bi_u.txt	31827	standalone_consonant	delete_non_whitelisted_standalone_consonant	n	1		n	recorded
3_purana/agp_bi_u.txt	31832	standalone_consonant	delete_non_whitelisted_standalone_consonant	p	1		p	recorded
3_purana/agp_bi_u.txt	31834	standalone_consonant	delete_non_whitelisted_standalone_consonant	ś	1	 atha saptanavatyadhikaśatatamo 'dhyāyaḥ	ś atha saptanavatyadhikaśatatamo 'dhyāyaḥ	recorded
3_purana/agp_bi_u.txt	31868	standalone_consonant	delete_non_whitelisted_standalone_consonant	n	1		n	recorded
3_purana/agp_bi_u.txt	31878	standalone_consonant	delete_non_whitelisted_standalone_consonant	p	1		p	recorded
3_purana/agp_bi_u.txt	31919	standalone_consonant	delete_non_whitelisted_standalone_consonant	n	1		n	recorded
3_purana/agp_bi_u.txt	31928	standalone_consonant	delete_non_whitelisted_standalone_consonant	p	1		p	recorded
3_purana/agp_bi_u.txt	31930	standalone_consonant	delete_non_whitelisted_standalone_consonant	ś	1	 athāṣṭanavatyadhikaśatatamo 'dhyāyaḥ	ś athāṣṭanavatyadhikaśatatamo 'dhyāyaḥ	recorded
3_purana/agp_bi_u.txt	31966	standalone_consonant	delete_non_whitelisted_standalone_consonant	n	1		n	recorded
3_purana/agp_bi_u.txt	31976	standalone_consonant	delete_non_whitelisted_standalone_consonant	p	1		p	recorded
3_purana/agp_bi_u.txt	32013	standalone_consonant	delete_non_whitelisted_standalone_consonant	n	1		n	recorded
3_purana/agp_bi_u.txt	32019	standalone_consonant	delete_non_whitelisted_standalone_consonant	p	1		p	recorded
3_purana/agp_bi_u.txt	32021	standalone_consonant	delete_non_whitelisted_standalone_consonant	ś	1	 athaikonaśatādhikaśatatamo 'dhyāyaḥ	ś athaikonaśatādhikaśatatamo 'dhyāyaḥ	recorded
3_purana/agp_bi_u.txt	32055	standalone_consonant	delete_non_whitelisted_standalone_consonant	n	1		n	recorded
3_purana/agp_bi_u.txt	32061	standalone_consonant	delete_non_whitelisted_standalone_consonant	p	1		p	recorded
3_purana/agp_bi_u.txt	32080	standalone_consonant	delete_non_whitelisted_standalone_consonant	ś	1	 atha dviśatatamo 'dhyāyaḥ	ś atha dviśatatamo 'dhyāyaḥ	recorded
3_purana/agp_bi_u.txt	32100	standalone_consonant	delete_non_whitelisted_standalone_consonant	p	1		p	recorded
3_purana/agp_bi_u.txt	32146	standalone_consonant	delete_non_whitelisted_standalone_consonant	n	1		n	recorded
3_purana/agp_bi_u.txt	32150	standalone_consonant	delete_non_whitelisted_standalone_consonant	p	1		p	recorded
3_purana/agp_bi_u.txt	32177	standalone_consonant	delete_non_whitelisted_standalone_consonant	ś	1	 athaikādhikadviśatatamo 'dhyāyaḥ	ś athaikādhikadviśatatamo 'dhyāyaḥ	recorded
3_purana/agp_bi_u.txt	32189	standalone_consonant	delete_non_whitelisted_standalone_consonant	p	1		p	recorded
3_purana/agp_bi_u.txt	32235	standalone_consonant	delete_non_whitelisted_standalone_consonant	n	1		n	recorded
3_purana/agp_bi_u.txt	32243	standalone_consonant	delete_non_whitelisted_standalone_consonant	p	1		p	recorded
3_purana/agp_bi_u.txt	32264	standalone_consonant	delete_non_whitelisted_standalone_consonant	ś	1	 atha dvyadhikadviśatatamo 'dhyāyaḥ	ś atha dvyadhikadviśatatamo 'dhyāyaḥ	recorded
3_purana/agp_bi_u.txt	32280	standalone_consonant	delete_non_whitelisted_standalone_consonant	p	1		p	recorded
3_purana/agp_bi_u.txt	32322	standalone_consonant	delete_non_whitelisted_standalone_consonant	n	1		n	recorded
3_purana/agp_bi_u.txt	32330	standalone_consonant	delete_non_whitelisted_standalone_consonant	p	1		p	recorded
3_purana/agp_bi_u.txt	32369	standalone_consonant	delete_non_whitelisted_standalone_consonant	n	1		n	recorded
3_purana/agp_bi_u.txt	32385	standalone_consonant	delete_non_whitelisted_standalone_consonant	p	1		p	recorded
3_purana/agp_bi_u.txt	32396	standalone_consonant	delete_non_whitelisted_standalone_consonant	ś	1	 atha tryadhikadviśatatamo 'dhyāyaḥ	ś atha tryadhikadviśatatamo 'dhyāyaḥ	recorded
3_purana/agp_bi_u.txt	32420	standalone_consonant	delete_non_whitelisted_standalone_consonant	n	1		n	recorded
3_purana/agp_bi_u.txt	32427	standalone_consonant	delete_non_whitelisted_standalone_consonant	p	1		p	recorded
3_purana/agp_bi_u.txt	32471	standalone_consonant	delete_non_whitelisted_standalone_consonant	n	1		n	recorded
3_purana/agp_bi_u.txt	32477	standalone_consonant	delete_non_whitelisted_standalone_consonant	p	1		p	recorded
3_purana/agp_bi_u.txt	32514	standalone_consonant	delete_non_whitelisted_standalone_consonant	n	1		n	recorded
3_purana/agp_bi_u.txt	32520	standalone_consonant	delete_non_whitelisted_standalone_consonant	p	1		p	recorded
3_purana/agp_bi_u.txt	32522	standalone_consonant	delete_non_whitelisted_standalone_consonant	ś	1	 atha caturadhikadviśatatamo 'dhyāyaḥ	ś atha caturadhikadviśatatamo 'dhyāyaḥ	recorded
3_purana/agp_bi_u.txt	32556	standalone_consonant	delete_non_whitelisted_standalone_consonant	n	1		n	recorded
3_purana/agp_bi_u.txt	32562	standalone_consonant	delete_non_whitelisted_standalone_consonant	p	1		p	recorded
3_purana/agp_bi_u.txt	32604	standalone_consonant	delete_non_whitelisted_standalone_consonant	n	1		n	recorded
3_purana/agp_bi_u.txt	32612	standalone_consonant	delete_non_whitelisted_standalone_consonant	p	1		p	recorded
3_purana/agp_bi_u.txt	32621	standalone_consonant	delete_non_whitelisted_standalone_consonant	ś	1	 atha pañcādhikadviśatatamo 'dhyāyaḥ	ś atha pañcādhikadviśatatamo 'dhyāyaḥ	recorded
3_purana/agp_bi_u.txt	32643	standalone_consonant	delete_non_whitelisted_standalone_consonant	n	1		n	recorded
3_purana/agp_bi_u.txt	32647	standalone_consonant	delete_non_whitelisted_standalone_consonant	p	1		p	recorded
3_purana/agp_bi_u.txt	32672	standalone_consonant	delete_non_whitelisted_standalone_consonant	ś	1	 atha ṣaḍadhikadviśatatamo 'dhyāyaḥ	ś atha ṣaḍadhikadviśatatamo 'dhyāyaḥ	recorded
3_purana/agp_bi_u.txt	32682	standalone_consonant	delete_non_whitelisted_standalone_consonant	n	1		n	recorded
3_purana/agp_bi_u.txt	32690	standalone_consonant	delete_non_whitelisted_standalone_consonant	p	1		p	recorded
3_purana/agp_bi_u.txt	32732	standalone_consonant	delete_non_whitelisted_standalone_consonant	n	1		n	recorded
3_purana/agp_bi_u.txt	32741	standalone_consonant	delete_non_whitelisted_standalone_consonant	p	1		p	recorded
3_purana/agp_bi_u.txt	32779	standalone_consonant	delete_non_whitelisted_standalone_consonant	n	1		n	recorded
3_purana/agp_bi_u.txt	32791	standalone_consonant	delete_non_whitelisted_standalone_consonant	p	1		p	recorded
3_purana/agp_bi_u.txt	32800	standalone_consonant	delete_non_whitelisted_standalone_consonant	ś	1	 atha saptādhikadviśatatamo 'dhyāyaḥ	ś atha saptādhikadviśatatamo 'dhyāyaḥ	recorded
3_purana/agp_bi_u.txt	32824	standalone_consonant	delete_non_whitelisted_standalone_consonant	p	1		p	recorded
3_purana/agp_bi_u.txt	32833	standalone_consonant	delete_non_whitelisted_standalone_consonant	ś	1	 athāṣṭādhikadviśatatamo 'dhyāyaḥ	ś athāṣṭādhikadviśatatamo 'dhyāyaḥ	recorded
3_purana/agp_bi_u.txt	32857	standalone_consonant	delete_non_whitelisted_standalone_consonant	n	1		n	recorded
3_purana/agp_bi_u.txt	32863	standalone_consonant	delete_non_whitelisted_standalone_consonant	p	1		p	recorded
3_purana/agp_bi_u.txt	32900	standalone_consonant	delete_non_whitelisted_standalone_consonant	n	1		n	recorded
3_purana/agp_bi_u.txt	32905	standalone_consonant	delete_non_whitelisted_standalone_consonant	p	1		p	recorded
3_purana/agp_bi_u.txt	32907	standalone_consonant	delete_non_whitelisted_standalone_consonant	ś	1	 atha navādhikadviśatatamo 'dhyāyaḥ	ś atha navādhikadviśatatamo 'dhyāyaḥ	recorded
3_purana/agp_bi_u.txt	32947	standalone_consonant	delete_non_whitelisted_standalone_consonant	p	1		p	recorded
3_purana/agp_bi_u.txt	32991	standalone_consonant	delete_non_whitelisted_standalone_consonant	n	1		n	recorded
3_purana/agp_bi_u.txt	32995	standalone_consonant	delete_non_whitelisted_standalone_consonant	p	1		p	recorded
3_purana/agp_bi_u.txt	33040	standalone_consonant	delete_non_whitelisted_standalone_consonant	n	1		n	recorded
3_purana/agp_bi_u.txt	33045	standalone_consonant	delete_non_whitelisted_standalone_consonant	p	1		p	recorded
3_purana/agp_bi_u.txt	33085	standalone_consonant	delete_non_whitelisted_standalone_consonant	n	1		n	recorded
3_purana/agp_bi_u.txt	33093	standalone_consonant	delete_non_whitelisted_standalone_consonant	p	1		p	recorded
3_purana/agp_bi_u.txt	33137	standalone_consonant	delete_non_whitelisted_standalone_consonant	n	1		n	recorded
3_purana/agp_bi_u.txt	33141	standalone_consonant	delete_non_whitelisted_standalone_consonant	p	1		p	recorded
3_purana/agp_bi_u.txt	33185	standalone_consonant	delete_non_whitelisted_standalone_consonant	n	1		n	recorded
3_purana/agp_bi_u.txt	33190	standalone_consonant	delete_non_whitelisted_standalone_consonant	p	1		p	recorded
3_purana/agp_bi_u.txt	33207	standalone_consonant	delete_non_whitelisted_standalone_consonant	ś	1	 atha daśādhikadviśatatamo 'dhyāyaḥ	ś atha daśādhikadviśatatamo 'dhyāyaḥ	recorded
3_purana/agp_bi_u.txt	33225	standalone_consonant	delete_non_whitelisted_standalone_consonant	n	1		n	recorded
3_purana/agp_bi_u.txt	33229	standalone_consonant	delete_non_whitelisted_standalone_consonant	p	1		p	recorded
3_purana/agp_bi_u.txt	33273	standalone_consonant	delete_non_whitelisted_standalone_consonant	n	1		n	recorded
3_purana/agp_bi_u.txt	33280	standalone_consonant	delete_non_whitelisted_standalone_consonant	p	1		p	recorded
3_purana/agp_bi_u.txt	33328	standalone_consonant	delete_non_whitelisted_standalone_consonant	p	1		p	recorded
3_purana/agp_bi_u.txt	33371	standalone_consonant	delete_non_whitelisted_standalone_consonant	n	1		n	recorded
3_purana/agp_bi_u.txt	33377	standalone_consonant	delete_non_whitelisted_standalone_consonant	p	1		p	recorded
3_purana/agp_bi_u.txt	33379	standalone_consonant	delete_non_whitelisted_standalone_consonant	ś	1	 athaikādaśādhikadviśatatamo 'dhyāyaḥ	ś athaikādaśādhikadviśatatamo 'dhyāyaḥ	recorded
3_purana/agp_bi_u.txt	33415	standalone_consonant	delete_non_whitelisted_standalone_consonant	n	1		n	recorded
3_purana/agp_bi_u.txt	33422	standalone_consonant	delete_non_whitelisted_standalone_consonant	p	1		p	recorded
3_purana/agp_bi_u.txt	33462	standalone_consonant	delete_non_whitelisted_standalone_consonant	n	1		n	recorded
3_purana/agp_bi_u.txt	33477	standalone_consonant	delete_non_whitelisted_standalone_consonant	p	1		p	recorded
3_purana/agp_bi_u.txt	33521	standalone_consonant	delete_non_whitelisted_standalone_consonant	n	1		n	recorded
3_purana/agp_bi_u.txt	33527	standalone_consonant	delete_non_whitelisted_standalone_consonant	p	1		p	recorded
3_purana/agp_bi_u.txt	33571	standalone_consonant	delete_non_whitelisted_standalone_consonant	n	1		n	recorded
3_purana/agp_bi_u.txt	33575	standalone_consonant	delete_non_whitelisted_standalone_consonant	p	1		p	recorded
3_purana/agp_bi_u.txt	33615	standalone_consonant	delete_non_whitelisted_standalone_consonant	n	1		n	recorded
3_purana/agp_bi_u.txt	33623	standalone_consonant	delete_non_whitelisted_standalone_consonant	p	1		p	recorded
3_purana/agp_bi_u.txt	33667	standalone_consonant	delete_non_whitelisted_standalone_consonant	n	1		n	recorded
3_purana/agp_bi_u.txt	33671	standalone_consonant	delete_non_whitelisted_standalone_consonant	p	1		p	recorded
3_purana/agp_bi_u.txt	33715	standalone_consonant	delete_non_whitelisted_standalone_consonant	n	1		n	recorded
3_purana/agp_bi_u.txt	33720	standalone_consonant	delete_non_whitelisted_standalone_consonant	p	1		p	recorded
3_purana/agp_bi_u.txt	33739	standalone_consonant	delete_non_whitelisted_standalone_consonant	ś	1	 atha dvādaśādhikadviśatatamo 'dhyāyaḥ	ś atha dvādaśādhikadviśatatamo 'dhyāyaḥ	recorded
3_purana/agp_bi_u.txt	33755	standalone_consonant	delete_non_whitelisted_standalone_consonant	n	1		n	recorded
3_purana/agp_bi_u.txt	33760	standalone_consonant	delete_non_whitelisted_standalone_consonant	p	1		p	recorded
3_purana/agp_bi_u.txt	33808	standalone_consonant	delete_non_whitelisted_standalone_consonant	p	1		p	recorded
3_purana/agp_bi_u.txt	33850	standalone_consonant	delete_non_whitelisted_standalone_consonant	n	1		n	recorded
3_purana/agp_bi_u.txt	33858	standalone_consonant	delete_non_whitelisted_standalone_consonant	p	1		p	recorded
3_purana/agp_bi_u.txt	33902	standalone_consonant	delete_non_whitelisted_standalone_consonant	n	1		n	recorded
3_purana/agp_bi_u.txt	33906	standalone_consonant	delete_non_whitelisted_standalone_consonant	p	1		p	recorded
3_purana/agp_bi_u.txt	33915	standalone_consonant	delete_non_whitelisted_standalone_consonant	ś	1	 atha trayodaśādhikadviśatatamo 'dhyāyaḥ	ś atha trayodaśādhikadviśatatamo 'dhyāyaḥ	recorded
3_purana/agp_bi_u.txt	33939	standalone_consonant	delete_non_whitelisted_standalone_consonant	n	1		n	recorded
3_purana/agp_bi_u.txt	33943	standalone_consonant	delete_non_whitelisted_standalone_consonant	p	1		p	recorded
3_purana/agp_bi_u.txt	33968	standalone_consonant	delete_non_whitelisted_standalone_consonant	ś	1	 atha caturdaśādhikadviśatatamo 'dhyāyaḥ	ś atha caturdaśādhikadviśatatamo 'dhyāyaḥ	recorded
3_purana/agp_bi_u.txt	33978	standalone_consonant	delete_non_whitelisted_standalone_consonant	n	1		n	recorded
3_purana/agp_bi_u.txt	33988	standalone_consonant	delete_non_whitelisted_standalone_consonant	p	1		p	recorded
3_purana/agp_bi_u.txt	34036	standalone_consonant	delete_non_whitelisted_standalone_consonant	p	1		p	recorded
3_purana/agp_bi_u.txt	34080	standalone_consonant	delete_non_whitelisted_standalone_consonant	n	1		n	recorded
3_purana/agp_bi_u.txt	34086	standalone_consonant	delete_non_whitelisted_standalone_consonant	p	1		p	recorded
3_purana/agp_bi_u.txt	34130	standalone_consonant	delete_non_whitelisted_standalone_consonant	n	1		n	recorded
3_purana/agp_bi_u.txt	34136	standalone_consonant	delete_non_whitelisted_standalone_consonant	p	1		p	recorded
3_purana/agp_bi_u.txt	34171	standalone_consonant	delete_non_whitelisted_standalone_consonant	p	1		p	recorded
3_purana/agp_bi_u.txt	34173	standalone_consonant	delete_non_whitelisted_standalone_consonant	ś	1	 atha pañcadaśādhikadviśatatamo 'dhyāyaḥ	ś atha pañcadaśādhikadviśatatamo 'dhyāyaḥ	recorded
3_purana/agp_bi_u.txt	34215	standalone_consonant	delete_non_whitelisted_standalone_consonant	p	1		p	recorded
3_purana/agp_bi_u.txt	34259	standalone_consonant	delete_non_whitelisted_standalone_consonant	n	1		n	recorded
3_purana/agp_bi_u.txt	34263	standalone_consonant	delete_non_whitelisted_standalone_consonant	p	1		p	recorded
3_purana/agp_bi_u.txt	34305	standalone_consonant	delete_non_whitelisted_standalone_consonant	n	1		n	recorded
3_purana/agp_bi_u.txt	34311	standalone_consonant	delete_non_whitelisted_standalone_consonant	p	1		p	recorded
3_purana/agp_bi_u.txt	34354	standalone_consonant	delete_non_whitelisted_standalone_consonant	n	1		n	recorded
3_purana/agp_bi_u.txt	34358	standalone_consonant	delete_non_whitelisted_standalone_consonant	p	1		p	recorded
3_purana/agp_bi_u.txt	34403	standalone_consonant	delete_non_whitelisted_standalone_consonant	p	1		p	recorded
3_purana/agp_bi_u.txt	34405	standalone_consonant	delete_non_whitelisted_standalone_consonant	ś	1	 atha ṣoḍaśādhikadviśatatamo 'dhyāyaḥ	ś atha ṣoḍaśādhikadviśatatamo 'dhyāyaḥ	recorded
3_purana/agp_bi_u.txt	34443	standalone_consonant	delete_non_whitelisted_standalone_consonant	n	1		n	recorded
3_purana/agp_bi_u.txt	34447	standalone_consonant	delete_non_whitelisted_standalone_consonant	p	1		p	recorded
3_purana/agp_bi_u.txt	34494	standalone_consonant	delete_non_whitelisted_standalone_consonant	p	1		p	recorded
3_purana/agp_bi_u.txt	34496	standalone_consonant	delete_non_whitelisted_standalone_consonant	ś	1	 atha saptadaśādhikadviśatatamo 'dhyāyaḥ	ś atha saptadaśādhikadviśatatamo 'dhyāyaḥ	recorded
3_purana/agp_bi_u.txt	34528	standalone_consonant	delete_non_whitelisted_standalone_consonant	n	1		n	recorded
3_purana/agp_bi_u.txt	34538	standalone_consonant	delete_non_whitelisted_standalone_consonant	p	1		p	recorded
3_purana/agp_bi_u.txt	34569	standalone_consonant	delete_non_whitelisted_standalone_consonant	n	1		n	recorded
3_purana/agp_bi_u.txt	34585	standalone_consonant	delete_non_whitelisted_standalone_consonant	p	1		p	recorded
3_purana/agp_bi_u.txt	34587	standalone_consonant	delete_non_whitelisted_standalone_consonant	ś	1	 athāṣṭādaśādhikadviśatatamo 'dhyāyaḥ	ś athāṣṭādaśādhikadviśatatamo 'dhyāyaḥ	recorded
3_purana/agp_bi_u.txt	34623	standalone_consonant	delete_non_whitelisted_standalone_consonant	n	1		n	recorded
3_purana/agp_bi_u.txt	34631	standalone_consonant	delete_non_whitelisted_standalone_consonant	p	1		p	recorded
3_purana/agp_bi_u.txt	34675	standalone_consonant	delete_non_whitelisted_standalone_consonant	n	1		n	recorded
3_purana/agp_bi_u.txt	34682	standalone_consonant	delete_non_whitelisted_standalone_consonant	p	1		p	recorded
3_purana/agp_bi_u.txt	34726	standalone_consonant	delete_non_whitelisted_standalone_consonant	n	1		n	recorded
3_purana/agp_bi_u.txt	34736	standalone_consonant	delete_non_whitelisted_standalone_consonant	p	1		p	recorded
3_purana/agp_bi_u.txt	34767	standalone_consonant	delete_non_whitelisted_standalone_consonant	ś	1	 athonaviṃśādhikadviśatatamo 'dhyāyaḥ	ś athonaviṃśādhikadviśatatamo 'dhyāyaḥ	recorded
3_purana/agp_bi_u.txt	34777	standalone_consonant	delete_non_whitelisted_standalone_consonant	p	1		p	recorded
3_purana/agp_bi_u.txt	34821	standalone_consonant	delete_non_whitelisted_standalone_consonant	n	1		n	recorded
3_purana/agp_bi_u.txt	34829	standalone_consonant	delete_non_whitelisted_standalone_consonant	p	1		p	recorded
3_purana/agp_bi_u.txt	34875	standalone_consonant	delete_non_whitelisted_standalone_consonant	n	1		n	recorded
3_purana/agp_bi_u.txt	34879	standalone_consonant	delete_non_whitelisted_standalone_consonant	p	1		p	recorded
3_purana/agp_bi_u.txt	34919	standalone_consonant	delete_non_whitelisted_standalone_consonant	n	1		n	recorded
3_purana/agp_bi_u.txt	34927	standalone_consonant	delete_non_whitelisted_standalone_consonant	p	1		p	recorded
3_purana/agp_bi_u.txt	34969	standalone_consonant	delete_non_whitelisted_standalone_consonant	n	1		n	recorded
3_purana/agp_bi_u.txt	34977	standalone_consonant	delete_non_whitelisted_standalone_consonant	p	1		p	recorded
3_purana/agp_bi_u.txt	35019	standalone_consonant	delete_non_whitelisted_standalone_consonant	n	1		n	recorded
3_purana/agp_bi_u.txt	35026	standalone_consonant	delete_non_whitelisted_standalone_consonant	p	1		p	recorded
3_purana/agp_bi_u.txt	35070	standalone_consonant	delete_non_whitelisted_standalone_consonant	n	1		n	recorded
3_purana/agp_bi_u.txt	35074	standalone_consonant	delete_non_whitelisted_standalone_consonant	p	1		p	recorded
3_purana/agp_bi_u.txt	35117	standalone_consonant	delete_non_whitelisted_standalone_consonant	n	1		n	recorded
3_purana/agp_bi_u.txt	35122	standalone_consonant	delete_non_whitelisted_standalone_consonant	p	1		p	recorded
3_purana/agp_bi_u.txt	35124	standalone_consonant	delete_non_whitelisted_standalone_consonant	ś	1	 atha viṃśatyadhikadviśatatamo 'dhyāyaḥ	ś atha viṃśatyadhikadviśatatamo 'dhyāyaḥ	recorded
3_purana/agp_bi_u.txt	35165	standalone_consonant	delete_non_whitelisted_standalone_consonant	p	1		p	recorded
3_purana/agp_bi_u.txt	35209	standalone_consonant	delete_non_whitelisted_standalone_consonant	n	1		n	recorded
3_purana/agp_bi_u.txt	35215	standalone_consonant	delete_non_whitelisted_standalone_consonant	p	1		p	recorded
3_purana/agp_bi_u.txt	35240	standalone_consonant	delete_non_whitelisted_standalone_consonant	ś	1	 atha ekaviṃśādhikadviśatatamo 'dhyāyaḥ	ś atha ekaviṃśādhikadviśatatamo 'dhyāyaḥ	recorded
3_purana/agp_bi_u.txt	35256	standalone_consonant	delete_non_whitelisted_standalone_consonant	p	1		p	recorded
3_purana/agp_bi_u.txt	35294	standalone_consonant	delete_non_whitelisted_standalone_consonant	n	1		n	recorded
3_purana/agp_bi_u.txt	35306	standalone_consonant	delete_non_whitelisted_standalone_consonant	p	1		p	recorded
3_purana/agp_bi_u.txt	35319	standalone_consonant	delete_non_whitelisted_standalone_consonant	ś	1	 athaikaviṃśatyadhikadviśatatamo 'dhyāyaḥ	ś athaikaviṃśatyadhikadviśatatamo 'dhyāyaḥ	recorded
3_purana/agp_bi_u.txt	35345	standalone_consonant	delete_non_whitelisted_standalone_consonant	n	1		n	recorded
3_purana/agp_bi_u.txt	35349	standalone_consonant	delete_non_whitelisted_standalone_consonant	p	1		p	recorded
3_purana/agp_bi_u.txt	35397	standalone_consonant	delete_non_whitelisted_standalone_consonant	p	1		p	recorded
3_purana/agp_bi_u.txt	35438	standalone_consonant	delete_non_whitelisted_standalone_consonant	n	1		n	recorded
3_purana/agp_bi_u.txt	35444	standalone_consonant	delete_non_whitelisted_standalone_consonant	p	1		p	recorded
3_purana/agp_bi_u.txt	35446	standalone_consonant	delete_non_whitelisted_standalone_consonant	ś	1	 atha dvāviṃśatyadhikadviśatatamo 'dhyāyaḥ	ś atha dvāviṃśatyadhikadviśatatamo 'dhyāyaḥ	recorded
3_purana/agp_bi_u.txt	35484	standalone_consonant	delete_non_whitelisted_standalone_consonant	n	1		n	recorded
3_purana/agp_bi_u.txt	35493	standalone_consonant	delete_non_whitelisted_standalone_consonant	p	1		p	recorded
3_purana/agp_bi_u.txt	35533	standalone_consonant	delete_non_whitelisted_standalone_consonant	n	1		n	recorded
3_purana/agp_bi_u.txt	35544	standalone_consonant	delete_non_whitelisted_standalone_consonant	p	1		p	recorded
3_purana/agp_bi_u.txt	35586	standalone_consonant	delete_non_whitelisted_standalone_consonant	n	1		n	recorded
3_purana/agp_bi_u.txt	35592	standalone_consonant	delete_non_whitelisted_standalone_consonant	p	1		p	recorded
3_purana/agp_bi_u.txt	35621	standalone_consonant	delete_non_whitelisted_standalone_consonant	ś	1	 atha trayoviṃśatyadhikadviśatatamo 'dhyāyaḥ	ś atha trayoviṃśatyadhikadviśatatamo 'dhyāyaḥ	recorded
3_purana/agp_bi_u.txt	35631	standalone_consonant	delete_non_whitelisted_standalone_consonant	n	1		n	recorded
3_purana/agp_bi_u.txt	35635	standalone_consonant	delete_non_whitelisted_standalone_consonant	p	1		p	recorded
3_purana/agp_bi_u.txt	35673	standalone_consonant	delete_non_whitelisted_standalone_consonant	n	1		n	recorded
3_purana/agp_bi_u.txt	35688	standalone_consonant	delete_non_whitelisted_standalone_consonant	p	1		p	recorded
3_purana/agp_bi_u.txt	35736	standalone_consonant	delete_non_whitelisted_standalone_consonant	p	1		p	recorded
3_purana/agp_bi_u.txt	35776	standalone_consonant	delete_non_whitelisted_standalone_consonant	n	1		n	recorded
3_purana/agp_bi_u.txt	35787	standalone_consonant	delete_non_whitelisted_standalone_consonant	p	1		p	recorded
3_purana/agp_bi_u.txt	35829	standalone_consonant	delete_non_whitelisted_standalone_consonant	n	1		n	recorded
3_purana/agp_bi_u.txt	35838	standalone_consonant	delete_non_whitelisted_standalone_consonant	p	1		p	recorded
3_purana/agp_bi_u.txt	35849	standalone_consonant	delete_non_whitelisted_standalone_consonant	ś	1	 atha caturviṃśatyadhikadviśatatamo 'dhyāyaḥ	ś atha caturviṃśatyadhikadviśatatamo 'dhyāyaḥ	recorded
3_purana/agp_bi_u.txt	35877	standalone_consonant	delete_non_whitelisted_standalone_consonant	p	1		p	recorded
3_purana/agp_bi_u.txt	35921	standalone_consonant	delete_non_whitelisted_standalone_consonant	n	1		n	recorded
3_purana/agp_bi_u.txt	35925	standalone_consonant	delete_non_whitelisted_standalone_consonant	p	1		p	recorded
3_purana/agp_bi_u.txt	35969	standalone_consonant	delete_non_whitelisted_standalone_consonant	n	1		n	recorded
3_purana/agp_bi_u.txt	35975	standalone_consonant	delete_non_whitelisted_standalone_consonant	p	1		p	recorded
3_purana/agp_bi_u.txt	36008	standalone_consonant	delete_non_whitelisted_standalone_consonant	ś	1	 atha pañcaviṃśatyadhikadviśatatamo 'dhyāyaḥ	ś atha pañcaviṃśatyadhikadviśatatamo 'dhyāyaḥ	recorded
3_purana/agp_bi_u.txt	36018	standalone_consonant	delete_non_whitelisted_standalone_consonant	p	1		p	recorded
3_purana/agp_bi_u.txt	36064	standalone_consonant	delete_non_whitelisted_standalone_consonant	n	1		n	recorded
3_purana/agp_bi_u.txt	36070	standalone_consonant	delete_non_whitelisted_standalone_consonant	p	1		p	recorded
3_purana/agp_bi_u.txt	36109	standalone_consonant	delete_non_whitelisted_standalone_consonant	p	1		p	recorded
3_purana/agp_bi_u.txt	36111	standalone_consonant	delete_non_whitelisted_standalone_consonant	ś	1	 atha ṣaḍviṃśatyadhikadviśatatamo 'dhyāyaḥ	ś atha ṣaḍviṃśatyadhikadviśatatamo 'dhyāyaḥ	recorded
3_purana/agp_bi_u.txt	36150	standalone_consonant	delete_non_whitelisted_standalone_consonant	n	1		n	recorded
3_purana/agp_bi_u.txt	36160	standalone_consonant	delete_non_whitelisted_standalone_consonant	p	1		p	recorded
3_purana/agp_bi_u.txt	36204	standalone_consonant	delete_non_whitelisted_standalone_consonant	n	1		n	recorded
3_purana/agp_bi_u.txt	36210	standalone_consonant	delete_non_whitelisted_standalone_consonant	p	1		p	recorded
3_purana/agp_bi_u.txt	36258	standalone_consonant	delete_non_whitelisted_standalone_consonant	p	1		p	recorded
3_purana/agp_bi_u.txt	36306	standalone_consonant	delete_non_whitelisted_standalone_consonant	p	1		p	recorded
3_purana/agp_bi_u.txt	36354	standalone_consonant	delete_non_whitelisted_standalone_consonant	p	1		p	recorded
3_purana/agp_bi_u.txt	36402	standalone_consonant	delete_non_whitelisted_standalone_consonant	p	1		p	recorded
3_purana/agp_bi_u.txt	36415	standalone_consonant	delete_non_whitelisted_standalone_consonant	ś	1	 atha saptaviṃśatyadhikadviśatatamo 'dhyāyaḥ	ś atha saptaviṃśatyadhikadviśatatamo 'dhyāyaḥ	recorded
3_purana/agp_bi_u.txt	36439	standalone_consonant	delete_non_whitelisted_standalone_consonant	n	1		n	recorded
3_purana/agp_bi_u.txt	36447	standalone_consonant	delete_non_whitelisted_standalone_consonant	p	1		p	recorded
3_purana/agp_bi_u.txt	36468	standalone_consonant	delete_non_whitelisted_standalone_consonant	ś	1	 athāṣṭāviṃśatyadhikaśatatamo 'dhyāyaḥ	ś athāṣṭāviṃśatyadhikaśatatamo 'dhyāyaḥ	recorded
3_purana/agp_bi_u.txt	36488	standalone_consonant	delete_non_whitelisted_standalone_consonant	n	1		n	recorded
3_purana/agp_bi_u.txt	36492	standalone_consonant	delete_non_whitelisted_standalone_consonant	p	1		p	recorded
3_purana/agp_bi_u.txt	36532	standalone_consonant	delete_non_whitelisted_standalone_consonant	n	1		n	recorded
3_purana/agp_bi_u.txt	36544	standalone_consonant	delete_non_whitelisted_standalone_consonant	p	1		p	recorded
3_purana/agp_bi_u.txt	36590	standalone_consonant	delete_non_whitelisted_standalone_consonant	n	1		n	recorded
3_purana/agp_bi_u.txt	36596	standalone_consonant	delete_non_whitelisted_standalone_consonant	p	1		p	recorded
3_purana/agp_bi_u.txt	36631	standalone_consonant	delete_non_whitelisted_standalone_consonant	ś	1	 atha ekonatriṃśadadhikadviśatatamo 'dhyāyaḥ	ś atha ekonatriṃśadadhikadviśatatamo 'dhyāyaḥ	recorded
3_purana/agp_bi_u.txt	36641	standalone_consonant	delete_non_whitelisted_standalone_consonant	p	1		p	recorded
3_purana/agp_bi_u.txt	36687	standalone_consonant	delete_non_whitelisted_standalone_consonant	n	1		n	recorded
3_purana/agp_bi_u.txt	36691	standalone_consonant	delete_non_whitelisted_standalone_consonant	p	1		p	recorded
3_purana/agp_bi_u.txt	36700	standalone_consonant	delete_non_whitelisted_standalone_consonant	ś	1	 atha triṃśadadhikadviśatatamo 'dhyāyaḥ	ś atha triṃśadadhikadviśatatamo 'dhyāyaḥ	recorded
3_purana/agp_bi_u.txt	36730	standalone_consonant	delete_non_whitelisted_standalone_consonant	p	1		p	recorded
3_purana/agp_bi_u.txt	36776	standalone_consonant	delete_non_whitelisted_standalone_consonant	n	1		n	recorded
3_purana/agp_bi_u.txt	36780	standalone_consonant	delete_non_whitelisted_standalone_consonant	p	1		p	recorded
3_purana/agp_bi_u.txt	36824	standalone_consonant	delete_non_whitelisted_standalone_consonant	n	1		n	recorded
3_purana/agp_bi_u.txt	36829	standalone_consonant	delete_non_whitelisted_standalone_consonant	p	1		p	recorded
3_purana/agp_bi_u.txt	36868	standalone_consonant	delete_non_whitelisted_standalone_consonant	n	1		n	recorded
3_purana/agp_bi_u.txt	36875	standalone_consonant	delete_non_whitelisted_standalone_consonant	p	1		p	recorded
3_purana/agp_bi_u.txt	36877	standalone_consonant	delete_non_whitelisted_standalone_consonant	ś	1	 athaikatriṃśadadhikadviśatatamo 'dhyāyaḥ	ś athaikatriṃśadadhikadviśatatamo 'dhyāyaḥ	recorded
3_purana/agp_bi_u.txt	36919	standalone_consonant	delete_non_whitelisted_standalone_consonant	n	1		n	recorded
3_purana/agp_bi_u.txt	36925	standalone_consonant	delete_non_whitelisted_standalone_consonant	p	1		p	recorded
3_purana/agp_bi_u.txt	36967	standalone_consonant	delete_non_whitelisted_standalone_consonant	n	1		n	recorded
3_purana/agp_bi_u.txt	36975	standalone_consonant	delete_non_whitelisted_standalone_consonant	p	1		p	recorded
3_purana/agp_bi_u.txt	37019	standalone_consonant	delete_non_whitelisted_standalone_consonant	n	1		n	recorded
3_purana/agp_bi_u.txt	37025	standalone_consonant	delete_non_whitelisted_standalone_consonant	p	1		p	recorded
3_purana/agp_bi_u.txt	37062	standalone_consonant	delete_non_whitelisted_standalone_consonant	n	1		n	recorded
3_purana/agp_bi_u.txt	37067	standalone_consonant	delete_non_whitelisted_standalone_consonant	p	1		p	recorded
3_purana/agp_bi_u.txt	37069	standalone_consonant	delete_non_whitelisted_standalone_consonant	ś	1	 atha dvātriṃśadadhikadviśatatamo 'dhyāyaḥ	ś atha dvātriṃśadadhikadviśatatamo 'dhyāyaḥ	recorded
3_purana/agp_bi_u.txt	37109	standalone_consonant	delete_non_whitelisted_standalone_consonant	n	1		n	recorded
3_purana/agp_bi_u.txt	37115	standalone_consonant	delete_non_whitelisted_standalone_consonant	p	1		p	recorded
3_purana/agp_bi_u.txt	37159	standalone_consonant	delete_non_whitelisted_standalone_consonant	n	1		n	recorded
3_purana/agp_bi_u.txt	37164	standalone_consonant	delete_non_whitelisted_standalone_consonant	p	1		p	recorded
3_purana/agp_bi_u.txt	37195	standalone_consonant	delete_non_whitelisted_standalone_consonant	ś	1	 atha trayastriṃśadadhikadviśatatamo 'dhyāyaḥ	ś atha trayastriṃśadadhikadviśatatamo 'dhyāyaḥ	recorded
3_purana/agp_bi_u.txt	37205	standalone_consonant	delete_non_whitelisted_standalone_consonant	n	1		n	recorded
3_purana/agp_bi_u.txt	37209	standalone_consonant	delete_non_whitelisted_standalone_consonant	p	1		p	recorded
3_purana/agp_bi_u.txt	37257	standalone_consonant	delete_non_whitelisted_standalone_consonant	p	1		p	recorded
3_purana/agp_bi_u.txt	37303	standalone_consonant	delete_non_whitelisted_standalone_consonant	n	1		n	recorded
3_purana/agp_bi_u.txt	37309	standalone_consonant	delete_non_whitelisted_standalone_consonant	p	1		p	recorded
3_purana/agp_bi_u.txt	37320	standalone_consonant	delete_non_whitelisted_standalone_consonant	ś	1	 atha catustriṃśadadhikadviśatatamo 'dhyāyaḥ	ś atha catustriṃśadadhikadviśatatamo 'dhyāyaḥ	recorded
3_purana/agp_bi_u.txt	37344	standalone_consonant	delete_non_whitelisted_standalone_consonant	n	1		n	recorded
3_purana/agp_bi_u.txt	37351	standalone_consonant	delete_non_whitelisted_standalone_consonant	p	1		p	recorded
3_purana/agp_bi_u.txt	37391	standalone_consonant	delete_non_whitelisted_standalone_consonant	n	1		n	recorded
3_purana/agp_bi_u.txt	37401	standalone_consonant	delete_non_whitelisted_standalone_consonant	p	1		p	recorded
3_purana/agp_bi_u.txt	37418	standalone_consonant	delete_non_whitelisted_standalone_consonant	ś	1	 atha pañcatriṃśadadhikadviśatatamo 'dhyāyaḥ	ś atha pañcatriṃśadadhikadviśatatamo 'dhyāyaḥ	recorded
3_purana/agp_bi_u.txt	37438	standalone_consonant	delete_non_whitelisted_standalone_consonant	n	1		n	recorded
3_purana/agp_bi_u.txt	37442	standalone_consonant	delete_non_whitelisted_standalone_consonant	p	1		p	recorded
3_purana/agp_bi_u.txt	37482	standalone_consonant	delete_non_whitelisted_standalone_consonant	n	1		n	recorded
3_purana/agp_bi_u.txt	37492	standalone_consonant	delete_non_whitelisted_standalone_consonant	p	1		p	recorded
3_purana/agp_bi_u.txt	37532	standalone_consonant	delete_non_whitelisted_standalone_consonant	n	1		n	recorded
3_purana/agp_bi_u.txt	37545	standalone_consonant	delete_non_whitelisted_standalone_consonant	p	1		p	recorded
3_purana/agp_bi_u.txt	37593	standalone_consonant	delete_non_whitelisted_standalone_consonant	p	1		p	recorded
3_purana/agp_bi_u.txt	37636	standalone_consonant	delete_non_whitelisted_standalone_consonant	n	1		n	recorded
3_purana/agp_bi_u.txt	37644	standalone_consonant	delete_non_whitelisted_standalone_consonant	p	1		p	recorded
3_purana/agp_bi_u.txt	37692	standalone_consonant	delete_non_whitelisted_standalone_consonant	p	1		p	recorded
3_purana/agp_bi_u.txt	37737	standalone_consonant	delete_non_whitelisted_standalone_consonant	n	1		n	recorded
3_purana/agp_bi_u.txt	37743	standalone_consonant	delete_non_whitelisted_standalone_consonant	p	1		p	recorded
3_purana/agp_bi_u.txt	37745	standalone_consonant	delete_non_whitelisted_standalone_consonant	ś	1	 atha ṣaṭtriṃśadadhikadviśatatamo 'dhyāyaḥ	ś atha ṣaṭtriṃśadadhikadviśatatamo 'dhyāyaḥ	recorded
3_purana/agp_bi_u.txt	37785	standalone_consonant	delete_non_whitelisted_standalone_consonant	n	1		n	recorded
3_purana/agp_bi_u.txt	37791	standalone_consonant	delete_non_whitelisted_standalone_consonant	p	1		p	recorded
3_purana/agp_bi_u.txt	37835	standalone_consonant	delete_non_whitelisted_standalone_consonant	n	1		n	recorded
3_purana/agp_bi_u.txt	37844	standalone_consonant	delete_non_whitelisted_standalone_consonant	p	1		p	recorded
3_purana/agp_bi_u.txt	37853	standalone_consonant	delete_non_whitelisted_standalone_consonant	ś	1	 atha saptatriṃśadadhikadviśatatamo 'dhyāyaḥ	ś atha saptatriṃśadadhikadviśatatamo 'dhyāyaḥ	recorded
3_purana/agp_bi_u.txt	37883	standalone_consonant	delete_non_whitelisted_standalone_consonant	n	1		n	recorded
3_purana/agp_bi_u.txt	37887	standalone_consonant	delete_non_whitelisted_standalone_consonant	p	1		p	recorded
3_purana/agp_bi_u.txt	37931	standalone_consonant	delete_non_whitelisted_standalone_consonant	n	1		n	recorded
3_purana/agp_bi_u.txt	37937	standalone_consonant	delete_non_whitelisted_standalone_consonant	p	1		p	recorded
3_purana/agp_bi_u.txt	37968	standalone_consonant	delete_non_whitelisted_standalone_consonant	ś	1	 athāṣṭatriṃśadadhikaśatatamo 'dhyāyaḥ	ś athāṣṭatriṃśadadhikaśatatamo 'dhyāyaḥ	recorded
3_purana/agp_bi_u.txt	37978	standalone_consonant	delete_non_whitelisted_standalone_consonant	n	1		n	recorded
3_purana/agp_bi_u.txt	37983	standalone_consonant	delete_non_whitelisted_standalone_consonant	p	1		p	recorded
3_purana/agp_bi_u.txt	38025	standalone_consonant	delete_non_whitelisted_standalone_consonant	n	1		n	recorded
3_purana/agp_bi_u.txt	38040	standalone_consonant	delete_non_whitelisted_standalone_consonant	p	1		p	recorded
3_purana/agp_bi_u.txt	38082	standalone_consonant	delete_non_whitelisted_standalone_consonant	n	1		n	recorded
3_purana/agp_bi_u.txt	38095	standalone_consonant	delete_non_whitelisted_standalone_consonant	p	1		p	recorded
3_purana/agp_bi_u.txt	38139	standalone_consonant	delete_non_whitelisted_standalone_consonant	n	1		n	recorded
3_purana/agp_bi_u.txt	38147	standalone_consonant	delete_non_whitelisted_standalone_consonant	p	1		p	recorded
3_purana/agp_bi_u.txt	38191	standalone_consonant	delete_non_whitelisted_standalone_consonant	n	1		n	recorded
3_purana/agp_bi_u.txt	38197	standalone_consonant	delete_non_whitelisted_standalone_consonant	p	1		p	recorded
3_purana/agp_bi_u.txt	38226	standalone_consonant	delete_non_whitelisted_standalone_consonant	ś	1	 athonacatvāriṃśadadhikadviśatatamo 'dhyāyaḥ	ś athonacatvāriṃśadadhikadviśatatamo 'dhyāyaḥ	recorded
3_purana/agp_bi_u.txt	38236	standalone_consonant	delete_non_whitelisted_standalone_consonant	n	1		n	recorded
3_purana/agp_bi_u.txt	38242	standalone_consonant	delete_non_whitelisted_standalone_consonant	p	1		p	recorded
3_purana/agp_bi_u.txt	38288	standalone_consonant	delete_non_whitelisted_standalone_consonant	n	1		n	recorded
3_purana/agp_bi_u.txt	38294	standalone_consonant	delete_non_whitelisted_standalone_consonant	p	1		p	recorded
3_purana/agp_bi_u.txt	38336	standalone_consonant	delete_non_whitelisted_standalone_consonant	n	1		n	recorded
3_purana/agp_bi_u.txt	38344	standalone_consonant	delete_non_whitelisted_standalone_consonant	p	1		p	recorded
3_purana/agp_bi_u.txt	38389	standalone_consonant	delete_non_whitelisted_standalone_consonant	n	1		n	recorded
3_purana/agp_bi_u.txt	38396	standalone_consonant	delete_non_whitelisted_standalone_consonant	p	1		p	recorded
3_purana/agp_bi_u.txt	38398	standalone_consonant	delete_non_whitelisted_standalone_consonant	ś	1	 atha catvāriṃśadadhikadviśatatamo 'dhyāyaḥ	ś atha catvāriṃśadadhikadviśatatamo 'dhyāyaḥ	recorded
3_purana/agp_bi_u.txt	38438	standalone_consonant	delete_non_whitelisted_standalone_consonant	n	1		n	recorded
3_purana/agp_bi_u.txt	38444	standalone_consonant	delete_non_whitelisted_standalone_consonant	p	1		p	recorded
3_purana/agp_bi_u.txt	38488	standalone_consonant	delete_non_whitelisted_standalone_consonant	n	1		n	recorded
3_purana/agp_bi_u.txt	38496	standalone_consonant	delete_non_whitelisted_standalone_consonant	p	1		p	recorded
3_purana/agp_bi_u.txt	38540	standalone_consonant	delete_non_whitelisted_standalone_consonant	n	1		n	recorded
3_purana/agp_bi_u.txt	38545	standalone_consonant	delete_non_whitelisted_standalone_consonant	p	1		p	recorded
3_purana/agp_bi_u.txt	38593	standalone_consonant	delete_non_whitelisted_standalone_consonant	p	1		p	recorded
3_purana/agp_bi_u.txt	38639	standalone_consonant	delete_non_whitelisted_standalone_consonant	n	1		n	recorded
3_purana/agp_bi_u.txt	38645	standalone_consonant	delete_non_whitelisted_standalone_consonant	p	1		p	recorded
3_purana/agp_bi_u.txt	38691	standalone_consonant	delete_non_whitelisted_standalone_consonant	n	1		n	recorded
3_purana/agp_bi_u.txt	38695	standalone_consonant	delete_non_whitelisted_standalone_consonant	p	1		p	recorded
3_purana/agp_bi_u.txt	38720	standalone_consonant	delete_non_whitelisted_standalone_consonant	ś	1	 atha ekacatvāriṃśadadhikadviśatatamo 'dhyāyaḥ	ś atha ekacatvāriṃśadadhikadviśatatamo 'dhyāyaḥ	recorded
3_purana/agp_bi_u.txt	38736	standalone_consonant	delete_non_whitelisted_standalone_consonant	p	1		p	recorded
3_purana/agp_bi_u.txt	38780	standalone_consonant	delete_non_whitelisted_standalone_consonant	n	1		n	recorded
3_purana/agp_bi_u.txt	38784	standalone_consonant	delete_non_whitelisted_standalone_consonant	p	1		p	recorded
3_purana/agp_bi_u.txt	38832	standalone_consonant	delete_non_whitelisted_standalone_consonant	p	1		p	recorded
3_purana/agp_bi_u.txt	38876	standalone_consonant	delete_non_whitelisted_standalone_consonant	n	1		n	recorded
3_purana/agp_bi_u.txt	38882	standalone_consonant	delete_non_whitelisted_standalone_consonant	p	1		p	recorded
3_purana/agp_bi_u.txt	38930	standalone_consonant	delete_non_whitelisted_standalone_consonant	p	1		p	recorded
3_purana/agp_bi_u.txt	38978	standalone_consonant	delete_non_whitelisted_standalone_consonant	p	1		p	recorded
3_purana/agp_bi_u.txt	39022	standalone_consonant	delete_non_whitelisted_standalone_consonant	n	1		n	recorded
3_purana/agp_bi_u.txt	39026	standalone_consonant	delete_non_whitelisted_standalone_consonant	p	1		p	recorded
3_purana/agp_bi_u.txt	39051	standalone_consonant	delete_non_whitelisted_standalone_consonant	n	1		n	recorded
3_purana/agp_bi_u.txt	39061	standalone_consonant	delete_non_whitelisted_standalone_consonant	p	1		p	recorded
3_purana/agp_bi_u.txt	39063	standalone_consonant	delete_non_whitelisted_standalone_consonant	ś	1	 atha dvicatvāriṃśadadhikadviśatatamo 'dhyāyaḥ	ś atha dvicatvāriṃśadadhikadviśatatamo 'dhyāyaḥ	recorded
3_purana/agp_bi_u.txt	39107	standalone_consonant	delete_non_whitelisted_standalone_consonant	p	1		p	recorded
3_purana/agp_bi_u.txt	39155	standalone_consonant	delete_non_whitelisted_standalone_consonant	p	1		p	recorded
3_purana/agp_bi_u.txt	39182	standalone_consonant	delete_non_whitelisted_standalone_consonant	ś	1	 atha tricatvāriṃśadadhikadviśatatamo 'dhyāyaḥ	ś atha tricatvāriṃśadadhikadviśatatamo 'dhyāyaḥ	recorded
3_purana/agp_bi_u.txt	39194	standalone_consonant	delete_non_whitelisted_standalone_consonant	n	1		n	recorded
3_purana/agp_bi_u.txt	39198	standalone_consonant	delete_non_whitelisted_standalone_consonant	p	1		p	recorded
3_purana/agp_bi_u.txt	39223	standalone_consonant	delete_non_whitelisted_standalone_consonant	ś	1	 atha catuś catvāriṃśadadhikadviśatatamo 'dhyāyaḥ	ś atha catuś catvāriṃśadadhikadviśatatamo 'dhyāyaḥ	recorded
3_purana/agp_bi_u.txt	39235	standalone_consonant	delete_non_whitelisted_standalone_consonant	n	1		n	recorded
3_purana/agp_bi_u.txt	39242	standalone_consonant	delete_non_whitelisted_standalone_consonant	p	1		p	recorded
3_purana/agp_bi_u.txt	39287	standalone_consonant	delete_non_whitelisted_standalone_consonant	n	1		n	recorded
3_purana/agp_bi_u.txt	39296	standalone_consonant	delete_non_whitelisted_standalone_consonant	p	1		p	recorded
3_purana/agp_bi_u.txt	39341	standalone_consonant	delete_non_whitelisted_standalone_consonant	n	1		n	recorded
3_purana/agp_bi_u.txt	39350	standalone_consonant	delete_non_whitelisted_standalone_consonant	p	1		p	recorded
3_purana/agp_bi_u.txt	39373	standalone_consonant	delete_non_whitelisted_standalone_consonant	ś	1	 atha pañcacatvāriṃśadadhikadviśatatamo 'dhyāyaḥ	ś atha pañcacatvāriṃśadadhikadviśatatamo 'dhyāyaḥ	recorded
3_purana/agp_bi_u.txt	39387	standalone_consonant	delete_non_whitelisted_standalone_consonant	p	1		p	recorded
3_purana/agp_bi_u.txt	39435	standalone_consonant	delete_non_whitelisted_standalone_consonant	p	1		p	recorded
3_purana/agp_bi_u.txt	39446	standalone_consonant	delete_non_whitelisted_standalone_consonant	ś	1	 atha ṣaṭcatvāriṃśadadhikadviśatatamo 'dhyāyaḥ	ś atha ṣaṭcatvāriṃśadadhikadviśatatamo 'dhyāyaḥ	recorded
3_purana/agp_bi_u.txt	39474	standalone_consonant	delete_non_whitelisted_standalone_consonant	n	1		n	recorded
3_purana/agp_bi_u.txt	39480	standalone_consonant	delete_non_whitelisted_standalone_consonant	p	1		p	recorded
3_purana/agp_bi_u.txt	39524	standalone_consonant	delete_non_whitelisted_standalone_consonant	n	1		n	recorded
3_purana/agp_bi_u.txt	39530	standalone_consonant	delete_non_whitelisted_standalone_consonant	p	1		p	recorded
3_purana/agp_bi_u.txt	39574	standalone_consonant	delete_non_whitelisted_standalone_consonant	n	1		n	recorded
3_purana/agp_bi_u.txt	39580	standalone_consonant	delete_non_whitelisted_standalone_consonant	p	1		p	recorded
3_purana/agp_bi_u.txt	39603	standalone_consonant	delete_non_whitelisted_standalone_consonant	ś	1	 atha saptacatvāriṃśadadhikadviśatatamo 'dhyāyaḥ	ś atha saptacatvāriṃśadadhikadviśatatamo 'dhyāyaḥ	recorded
3_purana/agp_bi_u.txt	39615	standalone_consonant	delete_non_whitelisted_standalone_consonant	n	1		n	recorded
3_purana/agp_bi_u.txt	39621	standalone_consonant	delete_non_whitelisted_standalone_consonant	p	1		p	recorded
3_purana/agp_bi_u.txt	39644	standalone_consonant	delete_non_whitelisted_standalone_consonant	ś	1	 athāṣṭacatvāriṃśadadhikadviśatatamo 'dhyāyaḥ	ś athāṣṭacatvāriṃśadadhikadviśatatamo 'dhyāyaḥ	recorded
3_purana/agp_bi_u.txt	39660	standalone_consonant	delete_non_whitelisted_standalone_consonant	p	1		p	recorded
3_purana/agp_bi_u.txt	39706	standalone_consonant	delete_non_whitelisted_standalone_consonant	n	1		n	recorded
3_purana/agp_bi_u.txt	39710	standalone_consonant	delete_non_whitelisted_standalone_consonant	p	1		p	recorded
3_purana/agp_bi_u.txt	39758	standalone_consonant	delete_non_whitelisted_standalone_consonant	p	1		p	recorded
3_purana/agp_bi_u.txt	39803	standalone_consonant	delete_non_whitelisted_standalone_consonant	n	1		n	recorded
3_purana/agp_bi_u.txt	39807	standalone_consonant	delete_non_whitelisted_standalone_consonant	p	1		p	recorded
3_purana/agp_bi_u.txt	39820	standalone_consonant	delete_non_whitelisted_standalone_consonant	ś	1	 athonapañcāśadadhikadviśatatamo 'dhyāyaḥ	ś athonapañcāśadadhikadviśatatamo 'dhyāyaḥ	recorded
3_purana/agp_bi_u.txt	39846	standalone_consonant	delete_non_whitelisted_standalone_consonant	p	1		p	recorded
3_purana/agp_bi_u.txt	39892	standalone_consonant	delete_non_whitelisted_standalone_consonant	n	1		n	recorded
3_purana/agp_bi_u.txt	39898	standalone_consonant	delete_non_whitelisted_standalone_consonant	p	1		p	recorded
3_purana/agp_bi_u.txt	39915	standalone_consonant	delete_non_whitelisted_standalone_consonant	ś	1	 atha pañcāśadadhikadviśatatamo 'dhyāyaḥ	ś atha pañcāśadadhikadviśatatamo 'dhyāyaḥ	recorded
3_purana/agp_bi_u.txt	39939	standalone_consonant	delete_non_whitelisted_standalone_consonant	p	1		p	recorded
3_purana/agp_bi_u.txt	39976	standalone_consonant	delete_non_whitelisted_standalone_consonant	n	1		n	recorded
3_purana/agp_bi_u.txt	39982	standalone_consonant	delete_non_whitelisted_standalone_consonant	p	1		p	recorded
3_purana/agp_bi_u.txt	39984	standalone_consonant	delete_non_whitelisted_standalone_consonant	ś	1	 athaikapañcāśadadhikadviśatatamo 'dhyāyaḥ	ś athaikapañcāśadadhikadviśatatamo 'dhyāyaḥ	recorded
3_purana/agp_bi_u.txt	40024	standalone_consonant	delete_non_whitelisted_standalone_consonant	n	1		n	recorded
3_purana/agp_bi_u.txt	40030	standalone_consonant	delete_non_whitelisted_standalone_consonant	p	1		p	recorded
3_purana/agp_bi_u.txt	40076	standalone_consonant	delete_non_whitelisted_standalone_consonant	n	1		n	recorded
3_purana/agp_bi_u.txt	40081	standalone_consonant	delete_non_whitelisted_standalone_consonant	p	1		p	recorded
3_purana/agp_bi_u.txt	40127	standalone_consonant	delete_non_whitelisted_standalone_consonant	n	1		n	recorded
3_purana/agp_bi_u.txt	40133	standalone_consonant	delete_non_whitelisted_standalone_consonant	p	1		p	recorded
3_purana/agp_bi_u.txt	40150	standalone_consonant	delete_non_whitelisted_standalone_consonant	ś	1	 atha dvipañcāśadadhikadviśatatamo 'dhyāyaḥ	ś atha dvipañcāśadadhikadviśatatamo 'dhyāyaḥ	recorded
3_purana/agp_bi_u.txt	40172	standalone_consonant	delete_non_whitelisted_standalone_consonant	n	1		n	recorded
3_purana/agp_bi_u.txt	40176	standalone_consonant	delete_non_whitelisted_standalone_consonant	p	1		p	recorded
3_purana/agp_bi_u.txt	40224	standalone_consonant	delete_non_whitelisted_standalone_consonant	p	1		p	recorded
3_purana/agp_bi_u.txt	40272	standalone_consonant	delete_non_whitelisted_standalone_consonant	p	1		p	recorded
3_purana/agp_bi_u.txt	40316	standalone_consonant	delete_non_whitelisted_standalone_consonant	n	1		n	recorded
3_purana/agp_bi_u.txt	40320	standalone_consonant	delete_non_whitelisted_standalone_consonant	p	1		p	recorded
3_purana/agp_bi_u.txt	40368	standalone_consonant	delete_non_whitelisted_standalone_consonant	p	1		p	recorded
3_purana/agp_bi_u.txt	40414	standalone_consonant	delete_non_whitelisted_standalone_consonant	n	1		n	recorded
3_purana/agp_bi_u.txt	40418	standalone_consonant	delete_non_whitelisted_standalone_consonant	p	1		p	recorded
3_purana/agp_bi_u.txt	40447	standalone_consonant	delete_non_whitelisted_standalone_consonant	ś	1	 atha tripañcāśadadhikadviśatatamo 'dhyāyaḥ	ś atha tripañcāśadadhikadviśatatamo 'dhyāyaḥ	recorded
3_purana/agp_bi_u.txt	40457	standalone_consonant	delete_non_whitelisted_standalone_consonant	p	1		p	recorded
3_purana/agp_bi_u.txt	40501	standalone_consonant	delete_non_whitelisted_standalone_consonant	n	1		n	recorded
3_purana/agp_bi_u.txt	40505	standalone_consonant	delete_non_whitelisted_standalone_consonant	p	1		p	recorded
3_purana/agp_bi_u.txt	40551	standalone_consonant	delete_non_whitelisted_standalone_consonant	n	1		n	recorded
3_purana/agp_bi_u.txt	40556	standalone_consonant	delete_non_whitelisted_standalone_consonant	p	1		p	recorded
3_purana/agp_bi_u.txt	40579	standalone_consonant	delete_non_whitelisted_standalone_consonant	ś	1	 atha catuḥpañcāśadadhikadviśatatamo 'dhyāyaḥ	ś atha catuḥpañcāśadadhikadviśatatamo 'dhyāyaḥ	recorded
3_purana/agp_bi_u.txt	40595	standalone_consonant	delete_non_whitelisted_standalone_consonant	p	1		p	recorded
3_purana/agp_bi_u.txt	40644	standalone_consonant	delete_non_whitelisted_standalone_consonant	p	1		p	recorded
3_purana/agp_bi_u.txt	40692	standalone_consonant	delete_non_whitelisted_standalone_consonant	p	1		p	recorded
3_purana/agp_bi_u.txt	40736	standalone_consonant	delete_non_whitelisted_standalone_consonant	p	1		p	recorded
3_purana/agp_bi_u.txt	40784	standalone_consonant	delete_non_whitelisted_standalone_consonant	p	1		p	recorded
3_purana/agp_bi_u.txt	40799	standalone_consonant	delete_non_whitelisted_standalone_consonant	ś	1	 atha pañcapañcāśadadhikadviśatatamo 'dhyāyaḥ	ś atha pañcapañcāśadadhikadviśatatamo 'dhyāyaḥ	recorded
3_purana/agp_bi_u.txt	40827	standalone_consonant	delete_non_whitelisted_standalone_consonant	p	1		p	recorded
3_purana/agp_bi_u.txt	40875	standalone_consonant	delete_non_whitelisted_standalone_consonant	p	1		p	recorded
3_purana/agp_bi_u.txt	40923	standalone_consonant	delete_non_whitelisted_standalone_consonant	p	1		p	recorded
3_purana/agp_bi_u.txt	40958	standalone_consonant	delete_non_whitelisted_standalone_consonant	p	1		p	recorded
3_purana/agp_bi_u.txt	40960	standalone_consonant	delete_non_whitelisted_standalone_consonant	ś	1	 atha ṣaṭpañcāśadadhikadviśatatamo 'dhyāyaḥ	ś atha ṣaṭpañcāśadadhikadviśatatamo 'dhyāyaḥ	recorded
3_purana/agp_bi_u.txt	41000	standalone_consonant	delete_non_whitelisted_standalone_consonant	n	1		n	recorded
3_purana/agp_bi_u.txt	41004	standalone_consonant	delete_non_whitelisted_standalone_consonant	p	1		p	recorded
3_purana/agp_bi_u.txt	41052	standalone_consonant	delete_non_whitelisted_standalone_consonant	p	1		p	recorded
3_purana/agp_bi_u.txt	41100	standalone_consonant	delete_non_whitelisted_standalone_consonant	p	1		p	recorded
3_purana/agp_bi_u.txt	41148	standalone_consonant	delete_non_whitelisted_standalone_consonant	p	1		p	recorded
3_purana/agp_bi_u.txt	41193	standalone_consonant	delete_non_whitelisted_standalone_consonant	p	1		p	recorded
3_purana/agp_bi_u.txt	41195	standalone_consonant	delete_non_whitelisted_standalone_consonant	ś	1	 atha saptapañcāśadadhikadviśatatamo 'dhyāyaḥ	ś atha saptapañcāśadadhikadviśatatamo 'dhyāyaḥ	recorded
3_purana/agp_bi_u.txt	41231	standalone_consonant	delete_non_whitelisted_standalone_consonant	n	1		n	recorded
3_purana/agp_bi_u.txt	41235	standalone_consonant	delete_non_whitelisted_standalone_consonant	p	1		p	recorded
3_purana/agp_bi_u.txt	41281	standalone_consonant	delete_non_whitelisted_standalone_consonant	n	1		n	recorded
3_purana/agp_bi_u.txt	41285	standalone_consonant	delete_non_whitelisted_standalone_consonant	p	1		p	recorded
3_purana/agp_bi_u.txt	41331	standalone_consonant	delete_non_whitelisted_standalone_consonant	n	1		n	recorded
3_purana/agp_bi_u.txt	41336	standalone_consonant	delete_non_whitelisted_standalone_consonant	p	1		p	recorded
3_purana/agp_bi_u.txt	41384	standalone_consonant	delete_non_whitelisted_standalone_consonant	p	1		p	recorded
3_purana/agp_bi_u.txt	41432	standalone_consonant	delete_non_whitelisted_standalone_consonant	p	1		p	recorded
3_purana/agp_bi_u.txt	41480	standalone_consonant	delete_non_whitelisted_standalone_consonant	p	1		p	recorded
3_purana/agp_bi_u.txt	41528	standalone_consonant	delete_non_whitelisted_standalone_consonant	p	1		p	recorded
3_purana/agp_bi_u.txt	41565	standalone_consonant	delete_non_whitelisted_standalone_consonant	p	1		p	recorded
3_purana/agp_bi_u.txt	41567	standalone_consonant	delete_non_whitelisted_standalone_consonant	ś	1	 athāṣṭapañcāśadadhikadviśatatamo 'dhyāyaḥ	ś athāṣṭapañcāśadadhikadviśatatamo 'dhyāyaḥ	recorded
3_purana/agp_bi_u.txt	41609	standalone_consonant	delete_non_whitelisted_standalone_consonant	n	1		n	recorded
3_purana/agp_bi_u.txt	41613	standalone_consonant	delete_non_whitelisted_standalone_consonant	p	1		p	recorded
3_purana/agp_bi_u.txt	41657	standalone_consonant	delete_non_whitelisted_standalone_consonant	n	1		n	recorded
3_purana/agp_bi_u.txt	41661	standalone_consonant	delete_non_whitelisted_standalone_consonant	p	1		p	recorded
3_purana/agp_bi_u.txt	41709	standalone_consonant	delete_non_whitelisted_standalone_consonant	p	1		p	recorded
3_purana/agp_bi_u.txt	41753	standalone_consonant	delete_non_whitelisted_standalone_consonant	n	1		n	recorded
3_purana/agp_bi_u.txt	41759	standalone_consonant	delete_non_whitelisted_standalone_consonant	p	1		p	recorded
3_purana/agp_bi_u.txt	41805	standalone_consonant	delete_non_whitelisted_standalone_consonant	n	1		n	recorded
3_purana/agp_bi_u.txt	41809	standalone_consonant	delete_non_whitelisted_standalone_consonant	p	1		p	recorded
3_purana/agp_bi_u.txt	41855	standalone_consonant	delete_non_whitelisted_standalone_consonant	n	1		n	recorded
3_purana/agp_bi_u.txt	41859	standalone_consonant	delete_non_whitelisted_standalone_consonant	p	1		p	recorded
3_purana/agp_bi_u.txt	41903	standalone_consonant	delete_non_whitelisted_standalone_consonant	n	1		n	recorded
3_purana/agp_bi_u.txt	41909	standalone_consonant	delete_non_whitelisted_standalone_consonant	p	1		p	recorded
3_purana/agp_bi_u.txt	41957	standalone_consonant	delete_non_whitelisted_standalone_consonant	p	1		p	recorded
3_purana/agp_bi_u.txt	42005	standalone_consonant	delete_non_whitelisted_standalone_consonant	p	1		p	recorded
3_purana/agp_bi_u.txt	42020	standalone_consonant	delete_non_whitelisted_standalone_consonant	ś	1	 athonaṣaṣṭyadhikadviśatatamo 'dhyāyaḥ	ś athonaṣaṣṭyadhikadviśatatamo 'dhyāyaḥ	recorded
3_purana/agp_bi_u.txt	42046	standalone_consonant	delete_non_whitelisted_standalone_consonant	p	1		p	recorded
3_purana/agp_bi_u.txt	42090	standalone_consonant	delete_non_whitelisted_standalone_consonant	n	1		n	recorded
3_purana/agp_bi_u.txt	42096	standalone_consonant	delete_non_whitelisted_standalone_consonant	p	1		p	recorded
3_purana/agp_bi_u.txt	42142	standalone_consonant	delete_non_whitelisted_standalone_consonant	n	1		n	recorded
3_purana/agp_bi_u.txt	42147	standalone_consonant	delete_non_whitelisted_standalone_consonant	p	1		p	recorded
3_purana/agp_bi_u.txt	42195	standalone_consonant	delete_non_whitelisted_standalone_consonant	p	1		p	recorded
3_purana/agp_bi_u.txt	42235	standalone_consonant	delete_non_whitelisted_standalone_consonant	n	1		n	recorded
3_purana/agp_bi_u.txt	42245	standalone_consonant	delete_non_whitelisted_standalone_consonant	p	1		p	recorded
3_purana/agp_bi_u.txt	42291	standalone_consonant	delete_non_whitelisted_standalone_consonant	n	1		n	recorded
3_purana/agp_bi_u.txt	42295	standalone_consonant	delete_non_whitelisted_standalone_consonant	p	1		p	recorded
3_purana/agp_bi_u.txt	42339	standalone_consonant	delete_non_whitelisted_standalone_consonant	n	1		n	recorded
3_purana/agp_bi_u.txt	42345	standalone_consonant	delete_non_whitelisted_standalone_consonant	p	1		p	recorded
3_purana/agp_bi_u.txt	42389	standalone_consonant	delete_non_whitelisted_standalone_consonant	n	1		n	recorded
3_purana/agp_bi_u.txt	42395	standalone_consonant	delete_non_whitelisted_standalone_consonant	p	1		p	recorded
3_purana/agp_bi_u.txt	42418	standalone_consonant	delete_non_whitelisted_standalone_consonant	ś	1	 atha ṣaṣṭhyadhikadviśatatamo 'dhyāyaḥ	ś atha ṣaṣṭhyadhikadviśatatamo 'dhyāyaḥ	recorded
3_purana/agp_bi_u.txt	42432	standalone_consonant	delete_non_whitelisted_standalone_consonant	n	1		n	recorded
3_purana/agp_bi_u.txt	42440	standalone_consonant	delete_non_whitelisted_standalone_consonant	p	1		p	recorded
3_purana/agp_bi_u.txt	42484	standalone_consonant	delete_non_whitelisted_standalone_consonant	n	1		n	recorded
3_purana/agp_bi_u.txt	42490	standalone_consonant	delete_non_whitelisted_standalone_consonant	p	1		p	recorded
3_purana/agp_bi_u.txt	42534	standalone_consonant	delete_non_whitelisted_standalone_consonant	n	1		n	recorded
3_purana/agp_bi_u.txt	42540	standalone_consonant	delete_non_whitelisted_standalone_consonant	p	1		p	recorded
3_purana/agp_bi_u.txt	42551	standalone_consonant	delete_non_whitelisted_standalone_consonant	ś	1	 athaikaṣaṣṭhyadhikadviśatatamo 'dhyāyaḥ	ś athaikaṣaṣṭhyadhikadviśatatamo 'dhyāyaḥ	recorded
3_purana/agp_bi_u.txt	42581	standalone_consonant	delete_non_whitelisted_standalone_consonant	p	1		p	recorded
3_purana/agp_bi_u.txt	42625	standalone_consonant	delete_non_whitelisted_standalone_consonant	n	1		n	recorded
3_purana/agp_bi_u.txt	42631	standalone_consonant	delete_non_whitelisted_standalone_consonant	p	1		p	recorded
3_purana/agp_bi_u.txt	42670	standalone_consonant	delete_non_whitelisted_standalone_consonant	n	1		n	recorded
3_purana/agp_bi_u.txt	42674	standalone_consonant	delete_non_whitelisted_standalone_consonant	p	1		p	recorded
3_purana/agp_bi_u.txt	42676	standalone_consonant	delete_non_whitelisted_standalone_consonant	ś	1	 atha dviṣaṣṭhyadhikadviśatatamo 'dhyāyaḥ	ś atha dviṣaṣṭhyadhikadviśatatamo 'dhyāyaḥ	recorded
3_purana/agp_bi_u.txt	42716	standalone_consonant	delete_non_whitelisted_standalone_consonant	n	1		n	recorded
3_purana/agp_bi_u.txt	42720	standalone_consonant	delete_non_whitelisted_standalone_consonant	p	1		p	recorded
3_purana/agp_bi_u.txt	42762	standalone_consonant	delete_non_whitelisted_standalone_consonant	n	1		n	recorded
3_purana/agp_bi_u.txt	42770	standalone_consonant	delete_non_whitelisted_standalone_consonant	p	1		p	recorded
3_purana/agp_bi_u.txt	42818	standalone_consonant	delete_non_whitelisted_standalone_consonant	p	1		p	recorded
3_purana/agp_bi_u.txt	42833	standalone_consonant	delete_non_whitelisted_standalone_consonant	ś	1	 atha triṣaṣṭyadhikadviśatatamo 'dhyāyaḥ	ś atha triṣaṣṭyadhikadviśatatamo 'dhyāyaḥ	recorded
3_purana/agp_bi_u.txt	42859	standalone_consonant	delete_non_whitelisted_standalone_consonant	n	1		n	recorded
3_purana/agp_bi_u.txt	42863	standalone_consonant	delete_non_whitelisted_standalone_consonant	p	1		p	recorded
3_purana/agp_bi_u.txt	42905	standalone_consonant	delete_non_whitelisted_standalone_consonant	n	1		n	recorded
3_purana/agp_bi_u.txt	42913	standalone_consonant	delete_non_whitelisted_standalone_consonant	p	1		p	recorded
3_purana/agp_bi_u.txt	42959	standalone_consonant	delete_non_whitelisted_standalone_consonant	n	1		n	recorded
3_purana/agp_bi_u.txt	42963	standalone_consonant	delete_non_whitelisted_standalone_consonant	p	1		p	recorded
3_purana/agp_bi_u.txt	42987	standalone_consonant	delete_non_whitelisted_standalone_consonant	ś	1	 atha catuḥṣaṣṭhyadhiakadviśatatamo 'dhyāyaḥ	ś atha catuḥṣaṣṭhyadhiakadviśatatamo 'dhyāyaḥ	recorded
3_purana/agp_bi_u.txt	42997	standalone_consonant	delete_non_whitelisted_standalone_consonant	n	1		n	recorded
3_purana/agp_bi_u.txt	43003	standalone_consonant	delete_non_whitelisted_standalone_consonant	p	1		p	recorded
3_purana/agp_bi_u.txt	43049	standalone_consonant	delete_non_whitelisted_standalone_consonant	n	1		n	recorded
3_purana/agp_bi_u.txt	43053	standalone_consonant	delete_non_whitelisted_standalone_consonant	p	1		p	recorded
3_purana/agp_bi_u.txt	43082	standalone_consonant	delete_non_whitelisted_standalone_consonant	ś	1	 atha pañcaṣaṣṭyadhikadviśatatamo 'dhyāyaḥ	ś atha pañcaṣaṣṭyadhikadviśatatamo 'dhyāyaḥ	recorded
3_purana/agp_bi_u.txt	43096	standalone_consonant	delete_non_whitelisted_standalone_consonant	p	1		p	recorded
3_purana/agp_bi_u.txt	43138	standalone_consonant	delete_non_whitelisted_standalone_consonant	n	1		n	recorded
3_purana/agp_bi_u.txt	43147	standalone_consonant	delete_non_whitelisted_standalone_consonant	p	1		p	recorded
3_purana/agp_bi_u.txt	43184	standalone_consonant	delete_non_whitelisted_standalone_consonant	n	1		n	recorded
3_purana/agp_bi_u.txt	43188	standalone_consonant	delete_non_whitelisted_standalone_consonant	p	1		p	recorded
3_purana/agp_bi_u.txt	43190	standalone_consonant	delete_non_whitelisted_standalone_consonant	ś	1	 atha ṣaṭṣaṣṭhyadhikadviśatatamo 'dhyāyaḥ	ś atha ṣaṭṣaṣṭhyadhikadviśatatamo 'dhyāyaḥ	recorded
3_purana/agp_bi_u.txt	43226	standalone_consonant	delete_non_whitelisted_standalone_consonant	p	1		p	recorded
3_purana/agp_bi_u.txt	43272	standalone_consonant	delete_non_whitelisted_standalone_consonant	n	1		n	recorded
3_purana/agp_bi_u.txt	43276	standalone_consonant	delete_non_whitelisted_standalone_consonant	p	1		p	recorded
3_purana/agp_bi_u.txt	43309	standalone_consonant	delete_non_whitelisted_standalone_consonant	ś	1	 atha saptaṣaṣṭyadhikadviśatatamo 'dhyāyaḥ	ś atha saptaṣaṣṭyadhikadviśatatamo 'dhyāyaḥ	recorded
3_purana/agp_bi_u.txt	43319	standalone_consonant	delete_non_whitelisted_standalone_consonant	p	1		p	recorded
3_purana/agp_bi_u.txt	43365	standalone_consonant	delete_non_whitelisted_standalone_consonant	n	1		n	recorded
3_purana/agp_bi_u.txt	43369	standalone_consonant	delete_non_whitelisted_standalone_consonant	p	1		p	recorded
3_purana/agp_bi_u.txt	43413	standalone_consonant	delete_non_whitelisted_standalone_consonant	n	1		n	recorded
3_purana/agp_bi_u.txt	43417	standalone_consonant	delete_non_whitelisted_standalone_consonant	p	1		p	recorded
3_purana/agp_bi_u.txt	43454	standalone_consonant	delete_non_whitelisted_standalone_consonant	n	1		n	recorded
3_purana/agp_bi_u.txt	43458	standalone_consonant	delete_non_whitelisted_standalone_consonant	p	1		p	recorded
3_purana/agp_bi_u.txt	43460	standalone_consonant	delete_non_whitelisted_standalone_consonant	ś	1	 athāṣṭaṣaṣṭyadhikadviśatatamo 'dhyāyaḥ	ś athāṣṭaṣaṣṭyadhikadviśatatamo 'dhyāyaḥ	recorded
3_purana/agp_bi_u.txt	43504	standalone_consonant	delete_non_whitelisted_standalone_consonant	p	1		p	recorded
3_purana/agp_bi_u.txt	43552	standalone_consonant	delete_non_whitelisted_standalone_consonant	p	1		p	recorded
3_purana/agp_bi_u.txt	43600	standalone_consonant	delete_non_whitelisted_standalone_consonant	p	1		p	recorded
3_purana/agp_bi_u.txt	43629	standalone_consonant	delete_non_whitelisted_standalone_consonant	p	1		p	recorded
3_purana/agp_bi_u.txt	43645	standalone_consonant	delete_non_whitelisted_standalone_consonant	ś	1	 athonasaptatyadhikadviśatatamo 'dhyāyaḥ	ś athonasaptatyadhikadviśatatamo 'dhyāyaḥ	recorded
3_purana/agp_bi_u.txt	43679	standalone_consonant	delete_non_whitelisted_standalone_consonant	p	1		p	recorded
3_purana/agp_bi_u.txt	43718	standalone_consonant	delete_non_whitelisted_standalone_consonant	p	1		p	recorded
3_purana/agp_bi_u.txt	43720	standalone_consonant	delete_non_whitelisted_standalone_consonant	ś	1	 atha saptatyadhikadviśatatamo 'dhyāyaḥ	ś atha saptatyadhikadviśatatamo 'dhyāyaḥ	recorded
3_purana/agp_bi_u.txt	43764	standalone_consonant	delete_non_whitelisted_standalone_consonant	p	1		p	recorded
3_purana/agp_bi_u.txt	43808	standalone_consonant	delete_non_whitelisted_standalone_consonant	n	1		n	recorded
3_purana/agp_bi_u.txt	43816	standalone_consonant	delete_non_whitelisted_standalone_consonant	p	1		p	recorded
3_purana/agp_bi_u.txt	43829	standalone_consonant	delete_non_whitelisted_standalone_consonant	ś	1	 athaikasaptatyadhikadviśatatamo 'dhyāyaḥ	ś athaikasaptatyadhikadviśatatamo 'dhyāyaḥ	recorded
3_purana/agp_bi_u.txt	43857	standalone_consonant	delete_non_whitelisted_standalone_consonant	p	1		p	recorded
3_purana/agp_bi_u.txt	43903	standalone_consonant	delete_non_whitelisted_standalone_consonant	n	1		n	recorded
3_purana/agp_bi_u.txt	43907	standalone_consonant	delete_non_whitelisted_standalone_consonant	p	1		p	recorded
3_purana/agp_bi_u.txt	43955	standalone_consonant	delete_non_whitelisted_standalone_consonant	p	1		p	recorded
3_purana/agp_bi_u.txt	43964	standalone_consonant	delete_non_whitelisted_standalone_consonant	ś	1	 atha dvisaptatyadhikadviśatatamo 'dhyāyaḥ	ś atha dvisaptatyadhikadviśatatamo 'dhyāyaḥ	recorded
3_purana/agp_bi_u.txt	43998	standalone_consonant	delete_non_whitelisted_standalone_consonant	n	1		n	recorded
3_purana/agp_bi_u.txt	44002	standalone_consonant	delete_non_whitelisted_standalone_consonant	p	1		p	recorded
3_purana/agp_bi_u.txt	44050	standalone_consonant	delete_non_whitelisted_standalone_consonant	p	1		p	recorded
3_purana/agp_bi_u.txt	44096	standalone_consonant	delete_non_whitelisted_standalone_consonant	n	1		n	recorded
3_purana/agp_bi_u.txt	44100	standalone_consonant	delete_non_whitelisted_standalone_consonant	p	1		p	recorded
3_purana/agp_bi_u.txt	44145	standalone_consonant	delete_non_whitelisted_standalone_consonant	n	1		n	recorded
3_purana/agp_bi_u.txt	44149	standalone_consonant	delete_non_whitelisted_standalone_consonant	p	1		p	recorded
3_purana/agp_bi_u.txt	44151	standalone_consonant	delete_non_whitelisted_standalone_consonant	ś	1	 atha trisaptatyadhikadviśatatamo 'dhyāyaḥ	ś atha trisaptatyadhikadviśatatamo 'dhyāyaḥ	recorded
3_purana/agp_bi_u.txt	44193	standalone_consonant	delete_non_whitelisted_standalone_consonant	n	1		n	recorded
3_purana/agp_bi_u.txt	44197	standalone_consonant	delete_non_whitelisted_standalone_consonant	p	1		p	recorded
3_purana/agp_bi_u.txt	44243	standalone_consonant	delete_non_whitelisted_standalone_consonant	n	1		n	recorded
3_purana/agp_bi_u.txt	44247	standalone_consonant	delete_non_whitelisted_standalone_consonant	p	1		p	recorded
3_purana/agp_bi_u.txt	44290	standalone_consonant	delete_non_whitelisted_standalone_consonant	p	1		p	recorded
3_purana/agp_bi_u.txt	44336	standalone_consonant	delete_non_whitelisted_standalone_consonant	n	1		n	recorded
3_purana/agp_bi_u.txt	44340	standalone_consonant	delete_non_whitelisted_standalone_consonant	p	1		p	recorded
3_purana/agp_bi_u.txt	44385	standalone_consonant	delete_non_whitelisted_standalone_consonant	n	1		n	recorded
3_purana/agp_bi_u.txt	44393	standalone_consonant	delete_non_whitelisted_standalone_consonant	p	1		p	recorded
3_purana/agp_bi_u.txt	44435	standalone_consonant	delete_non_whitelisted_standalone_consonant	n	1		n	recorded
3_purana/agp_bi_u.txt	44443	standalone_consonant	delete_non_whitelisted_standalone_consonant	p	1		p	recorded
3_purana/agp_bi_u.txt	44487	standalone_consonant	delete_non_whitelisted_standalone_consonant	n	1		n	recorded
3_purana/agp_bi_u.txt	44493	standalone_consonant	delete_non_whitelisted_standalone_consonant	p	1		p	recorded
3_purana/agp_bi_u.txt	44514	standalone_consonant	delete_non_whitelisted_standalone_consonant	ś	1	 atha pañcasaptatyadhikadviśatatamo 'dhyāyaḥ	ś atha pañcasaptatyadhikadviśatatamo 'dhyāyaḥ	recorded
3_purana/agp_bi_u.txt	44536	standalone_consonant	delete_non_whitelisted_standalone_consonant	n	1		n	recorded
3_purana/agp_bi_u.txt	44540	standalone_consonant	delete_non_whitelisted_standalone_consonant	p	1		p	recorded
3_purana/agp_bi_u.txt	44588	standalone_consonant	delete_non_whitelisted_standalone_consonant	p	1		p	recorded
3_purana/agp_bi_u.txt	44631	standalone_consonant	delete_non_whitelisted_standalone_consonant	n	1		n	recorded
3_purana/agp_bi_u.txt	44637	standalone_consonant	delete_non_whitelisted_standalone_consonant	p	1		p	recorded
3_purana/agp_bi_u.txt	44639	standalone_consonant	delete_non_whitelisted_standalone_consonant	ś	1	 atha ṣaṭsaptatyadhikadviśatatamo 'dhyāyaḥ	ś atha ṣaṭsaptatyadhikadviśatatamo 'dhyāyaḥ	recorded
3_purana/agp_bi_u.txt	44675	standalone_consonant	delete_non_whitelisted_standalone_consonant	n	1		n	recorded
3_purana/agp_bi_u.txt	44683	standalone_consonant	delete_non_whitelisted_standalone_consonant	p	1		p	recorded
3_purana/agp_bi_u.txt	44724	standalone_consonant	delete_non_whitelisted_standalone_consonant	n	1		n	recorded
3_purana/agp_bi_u.txt	44728	standalone_consonant	delete_non_whitelisted_standalone_consonant	p	1		p	recorded
3_purana/agp_bi_u.txt	44730	standalone_consonant	delete_non_whitelisted_standalone_consonant	ś	1	 atha saptasapratyadhikadviśatatamo 'dhyāyaḥ	ś atha saptasapratyadhikadviśatatamo 'dhyāyaḥ	recorded
3_purana/agp_bi_u.txt	44770	standalone_consonant	delete_non_whitelisted_standalone_consonant	n	1		n	recorded
3_purana/agp_bi_u.txt	44774	standalone_consonant	delete_non_whitelisted_standalone_consonant	p	1		p	recorded
3_purana/agp_bi_u.txt	44817	standalone_consonant	delete_non_whitelisted_standalone_consonant	n	1		n	recorded
3_purana/agp_bi_u.txt	44825	standalone_consonant	delete_non_whitelisted_standalone_consonant	p	1		p	recorded
3_purana/agp_bi_u.txt	44871	standalone_consonant	delete_non_whitelisted_standalone_consonant	n	1		n	recorded
3_purana/agp_bi_u.txt	44875	standalone_consonant	delete_non_whitelisted_standalone_consonant	p	1		p	recorded
3_purana/agp_bi_u.txt	44921	standalone_consonant	delete_non_whitelisted_standalone_consonant	n	1		n	recorded
3_purana/agp_bi_u.txt	44926	standalone_consonant	delete_non_whitelisted_standalone_consonant	p	1		p	recorded
3_purana/agp_bi_u.txt	44935	standalone_consonant	delete_non_whitelisted_standalone_consonant	ś	1	 athāṣṭasaptatyadhikadviśatatamo 'dhyāyaḥ	ś athāṣṭasaptatyadhikadviśatatamo 'dhyāyaḥ	recorded
3_purana/agp_bi_u.txt	44969	standalone_consonant	delete_non_whitelisted_standalone_consonant	n	1		n	recorded
3_purana/agp_bi_u.txt	44973	standalone_consonant	delete_non_whitelisted_standalone_consonant	p	1		p	recorded
3_purana/agp_bi_u.txt	45021	standalone_consonant	delete_non_whitelisted_standalone_consonant	p	1		p	recorded
3_purana/agp_bi_u.txt	45065	standalone_consonant	delete_non_whitelisted_standalone_consonant	n	1		n	recorded
3_purana/agp_bi_u.txt	45071	standalone_consonant	delete_non_whitelisted_standalone_consonant	p	1		p	recorded
3_purana/agp_bi_u.txt	45115	standalone_consonant	delete_non_whitelisted_standalone_consonant	n	1		n	recorded
3_purana/agp_bi_u.txt	45122	standalone_consonant	delete_non_whitelisted_standalone_consonant	p	1		p	recorded
3_purana/agp_bi_u.txt	45168	standalone_consonant	delete_non_whitelisted_standalone_consonant	n	1		n	recorded
3_purana/agp_bi_u.txt	45172	standalone_consonant	delete_non_whitelisted_standalone_consonant	p	1		p	recorded
3_purana/agp_bi_u.txt	45216	standalone_consonant	delete_non_whitelisted_standalone_consonant	n	1		n	recorded
3_purana/agp_bi_u.txt	45224	standalone_consonant	delete_non_whitelisted_standalone_consonant	p	1		p	recorded
3_purana/agp_bi_u.txt	45243	standalone_consonant	delete_non_whitelisted_standalone_consonant	ś	1	 athaikonāśītyadhikadviśatatamo 'dhyāyaḥ	ś athaikonāśītyadhikadviśatatamo 'dhyāyaḥ	recorded
3_purana/agp_bi_u.txt	45265	standalone_consonant	delete_non_whitelisted_standalone_consonant	p	1		p	recorded
3_purana/agp_bi_u.txt	45313	standalone_consonant	delete_non_whitelisted_standalone_consonant	p	1		p	recorded
3_purana/agp_bi_u.txt	45361	standalone_consonant	delete_non_whitelisted_standalone_consonant	p	1		p	recorded
3_purana/agp_bi_u.txt	45409	standalone_consonant	delete_non_whitelisted_standalone_consonant	p	1		p	recorded
3_purana/agp_bi_u.txt	45452	standalone_consonant	delete_non_whitelisted_standalone_consonant	n	1		n	recorded
3_purana/agp_bi_u.txt	45456	standalone_consonant	delete_non_whitelisted_standalone_consonant	p	1		p	recorded
3_purana/agp_bi_u.txt	45458	standalone_consonant	delete_non_whitelisted_standalone_consonant	ś	1	 athāśītyadhikadviśatatamo 'dhyāyaḥ ||	ś athāśītyadhikadviśatatamo 'dhyāyaḥ ||	recorded
3_purana/agp_bi_u.txt	45499	standalone_consonant	delete_non_whitelisted_standalone_consonant	n	1		n	recorded
3_purana/agp_bi_u.txt	45503	standalone_consonant	delete_non_whitelisted_standalone_consonant	p	1		p	recorded
3_purana/agp_bi_u.txt	45547	standalone_consonant	delete_non_whitelisted_standalone_consonant	n	1		n	recorded
3_purana/agp_bi_u.txt	45553	standalone_consonant	delete_non_whitelisted_standalone_consonant	p	1		p	recorded
3_purana/agp_bi_u.txt	45601	standalone_consonant	delete_non_whitelisted_standalone_consonant	p	1		p	recorded
3_purana/agp_bi_u.txt	45616	standalone_consonant	delete_non_whitelisted_standalone_consonant	ś	1	 athaikāśītyadhikadviśatatamo 'dhyāyaḥ	ś athaikāśītyadhikadviśatatamo 'dhyāyaḥ	recorded
3_purana/agp_bi_u.txt	45638	standalone_consonant	delete_non_whitelisted_standalone_consonant	n	1		n	recorded
3_purana/agp_bi_u.txt	45644	standalone_consonant	delete_non_whitelisted_standalone_consonant	p	1		p	recorded
3_purana/agp_bi_u.txt	45687	standalone_consonant	delete_non_whitelisted_standalone_consonant	p	1		p	recorded
3_purana/agp_bi_u.txt	45689	standalone_consonant	delete_non_whitelisted_standalone_consonant	ś	1	 atha dvyaśītyadhikadviśatatamo 'dhyāyaḥ	ś atha dvyaśītyadhikadviśatatamo 'dhyāyaḥ	recorded
3_purana/agp_bi_u.txt	45727	standalone_consonant	delete_non_whitelisted_standalone_consonant	n	1		n	recorded
3_purana/agp_bi_u.txt	45735	standalone_consonant	delete_non_whitelisted_standalone_consonant	p	1		p	recorded
3_purana/agp_bi_u.txt	45783	standalone_consonant	delete_non_whitelisted_standalone_consonant	p	1		p	recorded
3_purana/agp_bi_u.txt	45829	standalone_consonant	delete_non_whitelisted_standalone_consonant	n	1		n	recorded
3_purana/agp_bi_u.txt	45833	standalone_consonant	delete_non_whitelisted_standalone_consonant	p	1		p	recorded
3_purana/agp_bi_u.txt	45879	standalone_consonant	delete_non_whitelisted_standalone_consonant	n	1		n	recorded
3_purana/agp_bi_u.txt	45883	standalone_consonant	delete_non_whitelisted_standalone_consonant	p	1		p	recorded
3_purana/agp_bi_u.txt	45926	standalone_consonant	delete_non_whitelisted_standalone_consonant	n	1		n	recorded
3_purana/agp_bi_u.txt	45932	standalone_consonant	delete_non_whitelisted_standalone_consonant	p	1		p	recorded
3_purana/agp_bi_u.txt	45934	standalone_consonant	delete_non_whitelisted_standalone_consonant	ś	1	 atha tryaśītyadhikadviśatatamo 'dhyāyaḥ	ś atha tryaśītyadhikadviśatatamo 'dhyāyaḥ	recorded
3_purana/agp_bi_u.txt	45977	standalone_consonant	delete_non_whitelisted_standalone_consonant	p	1		p	recorded
3_purana/agp_bi_u.txt	46000	standalone_consonant	delete_non_whitelisted_standalone_consonant	ś	1	 atha caturaśītyadhikadviśatatamo 'dhyāyaḥ	ś atha caturaśītyadhikadviśatatamo 'dhyāyaḥ	recorded
3_purana/agp_bi_u.txt	46016	standalone_consonant	delete_non_whitelisted_standalone_consonant	n	1		n	recorded
3_purana/agp_bi_u.txt	46024	standalone_consonant	delete_non_whitelisted_standalone_consonant	p	1		p	recorded
3_purana/agp_bi_u.txt	46070	standalone_consonant	delete_non_whitelisted_standalone_consonant	n	1		n	recorded
3_purana/agp_bi_u.txt	46074	standalone_consonant	delete_non_whitelisted_standalone_consonant	p	1		p	recorded
3_purana/agp_bi_u.txt	46119	standalone_consonant	delete_non_whitelisted_standalone_consonant	n	1		n	recorded
3_purana/agp_bi_u.txt	46129	standalone_consonant	delete_non_whitelisted_standalone_consonant	p	1		p	recorded
3_purana/agp_bi_u.txt	46173	standalone_consonant	delete_non_whitelisted_standalone_consonant	n	1		n	recorded
3_purana/agp_bi_u.txt	46177	standalone_consonant	delete_non_whitelisted_standalone_consonant	p	1		p	recorded
3_purana/agp_bi_u.txt	46221	standalone_consonant	delete_non_whitelisted_standalone_consonant	n	1		n	recorded
3_purana/agp_bi_u.txt	46229	standalone_consonant	delete_non_whitelisted_standalone_consonant	p	1		p	recorded
3_purana/agp_bi_u.txt	46275	standalone_consonant	delete_non_whitelisted_standalone_consonant	n	1		n	recorded
3_purana/agp_bi_u.txt	46279	standalone_consonant	delete_non_whitelisted_standalone_consonant	p	1		p	recorded
3_purana/agp_bi_u.txt	46325	standalone_consonant	delete_non_whitelisted_standalone_consonant	n	1		n	recorded
3_purana/agp_bi_u.txt	46329	standalone_consonant	delete_non_whitelisted_standalone_consonant	p	1		p	recorded
3_purana/agp_bi_u.txt	46371	standalone_consonant	delete_non_whitelisted_standalone_consonant	n	1		n	recorded
3_purana/agp_bi_u.txt	46379	standalone_consonant	delete_non_whitelisted_standalone_consonant	p	1		p	recorded
3_purana/agp_bi_u.txt	46388	standalone_consonant	delete_non_whitelisted_standalone_consonant	ś	1	 atha pañcāśītyadhikadviśatatamo 'dhyāyaḥ	ś atha pañcāśītyadhikadviśatatamo 'dhyāyaḥ	recorded
3_purana/agp_bi_u.txt	46418	standalone_consonant	delete_non_whitelisted_standalone_consonant	n	1		n	recorded
3_purana/agp_bi_u.txt	46422	standalone_consonant	delete_non_whitelisted_standalone_consonant	p	1		p	recorded
3_purana/agp_bi_u.txt	46464	standalone_consonant	delete_non_whitelisted_standalone_consonant	n	1		n	recorded
3_purana/agp_bi_u.txt	46474	standalone_consonant	delete_non_whitelisted_standalone_consonant	p	1		p	recorded
3_purana/agp_bi_u.txt	46513	standalone_consonant	delete_non_whitelisted_standalone_consonant	p	1		p	recorded
3_purana/agp_bi_u.txt	46515	standalone_consonant	delete_non_whitelisted_standalone_consonant	ś	1	 atha ṣaḍaśītyadhikadviśatatamo 'dhyāyaḥ	ś atha ṣaḍaśītyadhikadviśatatamo 'dhyāyaḥ	recorded
3_purana/agp_bi_u.txt	46555	standalone_consonant	delete_non_whitelisted_standalone_consonant	n	1		n	recorded
3_purana/agp_bi_u.txt	46561	standalone_consonant	delete_non_whitelisted_standalone_consonant	p	1		p	recorded
3_purana/agp_bi_u.txt	46609	standalone_consonant	delete_non_whitelisted_standalone_consonant	p	1		p	recorded
3_purana/agp_bi_u.txt	46651	standalone_consonant	delete_non_whitelisted_standalone_consonant	n	1		n	recorded
3_purana/agp_bi_u.txt	46659	standalone_consonant	delete_non_whitelisted_standalone_consonant	p	1		p	recorded
3_purana/agp_bi_u.txt	46676	standalone_consonant	delete_non_whitelisted_standalone_consonant	ś	1	 atha saptāśītyadhikadviśatatamo 'dhyāyaḥ	ś atha saptāśītyadhikadviśatatamo 'dhyāyaḥ	recorded
3_purana/agp_bi_u.txt	46698	standalone_consonant	delete_non_whitelisted_standalone_consonant	p	1		p	recorded
3_purana/agp_bi_u.txt	46745	standalone_consonant	delete_non_whitelisted_standalone_consonant	n	1		n	recorded
3_purana/agp_bi_u.txt	46749	standalone_consonant	delete_non_whitelisted_standalone_consonant	p	1		p	recorded
3_purana/agp_bi_u.txt	46795	standalone_consonant	delete_non_whitelisted_standalone_consonant	n	1		n	recorded
3_purana/agp_bi_u.txt	46801	standalone_consonant	delete_non_whitelisted_standalone_consonant	p	1		p	recorded
3_purana/agp_bi_u.txt	46849	standalone_consonant	delete_non_whitelisted_standalone_consonant	p	1		p	recorded
3_purana/agp_bi_u.txt	46893	standalone_consonant	delete_non_whitelisted_standalone_consonant	n	1		n	recorded
3_purana/agp_bi_u.txt	46903	standalone_consonant	delete_non_whitelisted_standalone_consonant	p	1		p	recorded
3_purana/agp_bi_u.txt	46951	standalone_consonant	delete_non_whitelisted_standalone_consonant	p	1		p	recorded
3_purana/agp_bi_u.txt	46982	standalone_consonant	delete_non_whitelisted_standalone_consonant	n	1		n	recorded
3_purana/agp_bi_u.txt	46990	standalone_consonant	delete_non_whitelisted_standalone_consonant	p	1		p	recorded
3_purana/agp_bi_u.txt	46992	standalone_consonant	delete_non_whitelisted_standalone_consonant	ś	1	 athāṣṭāśītyadhikadviśatatamo 'dhyāyaḥ	ś athāṣṭāśītyadhikadviśatatamo 'dhyāyaḥ	recorded
3_purana/agp_bi_u.txt	47033	standalone_consonant	delete_non_whitelisted_standalone_consonant	n	1		n	recorded
3_purana/agp_bi_u.txt	47037	standalone_consonant	delete_non_whitelisted_standalone_consonant	p	1		p	recorded
3_purana/agp_bi_u.txt	47083	standalone_consonant	delete_non_whitelisted_standalone_consonant	n	1		n	recorded
3_purana/agp_bi_u.txt	47089	standalone_consonant	delete_non_whitelisted_standalone_consonant	p	1		p	recorded
3_purana/agp_bi_u.txt	47135	standalone_consonant	delete_non_whitelisted_standalone_consonant	n	1		n	recorded
3_purana/agp_bi_u.txt	47139	standalone_consonant	delete_non_whitelisted_standalone_consonant	p	1		p	recorded
3_purana/agp_bi_u.txt	47183	standalone_consonant	delete_non_whitelisted_standalone_consonant	n	1		n	recorded
3_purana/agp_bi_u.txt	47187	standalone_consonant	delete_non_whitelisted_standalone_consonant	p	1		p	recorded
3_purana/agp_bi_u.txt	47235	standalone_consonant	delete_non_whitelisted_standalone_consonant	p	1		p	recorded
3_purana/agp_bi_u.txt	47250	standalone_consonant	delete_non_whitelisted_standalone_consonant	ś	1	 athonanavatyadhikadviśatatamo 'dhyāyaḥ	ś athonanavatyadhikadviśatatamo 'dhyāyaḥ	recorded
3_purana/agp_bi_u.txt	47276	standalone_consonant	delete_non_whitelisted_standalone_consonant	p	1		p	recorded
3_purana/agp_bi_u.txt	47295	standalone_consonant	delete_non_whitelisted_standalone_consonant	ś	1	 atha navatyadhikadviśatatamo 'dhyāyaḥ	ś atha navatyadhikadviśatatamo 'dhyāyaḥ	recorded
3_purana/agp_bi_u.txt	47318	standalone_consonant	delete_non_whitelisted_standalone_consonant	p	1		p	recorded
3_purana/agp_bi_u.txt	47362	standalone_consonant	delete_non_whitelisted_standalone_consonant	n	1		n	recorded
3_purana/agp_bi_u.txt	47370	standalone_consonant	delete_non_whitelisted_standalone_consonant	p	1		p	recorded
3_purana/agp_bi_u.txt	47415	standalone_consonant	delete_non_whitelisted_standalone_consonant	n	1		n	recorded
3_purana/agp_bi_u.txt	47419	standalone_consonant	delete_non_whitelisted_standalone_consonant	p	1		p	recorded
3_purana/agp_bi_u.txt	47421	standalone_consonant	delete_non_whitelisted_standalone_consonant	ś	1	 athaikanavatyadhikadviśatatamo 'dhyāyaḥ	ś athaikanavatyadhikadviśatatamo 'dhyāyaḥ	recorded
3_purana/agp_bi_u.txt	47463	standalone_consonant	delete_non_whitelisted_standalone_consonant	p	1		p	recorded
3_purana/agp_bi_u.txt	47509	standalone_consonant	delete_non_whitelisted_standalone_consonant	p	1		p	recorded
3_purana/agp_bi_u.txt	47557	standalone_consonant	delete_non_whitelisted_standalone_consonant	p	1		p	recorded
3_purana/agp_bi_u.txt	47605	standalone_consonant	delete_non_whitelisted_standalone_consonant	p	1		p	recorded
3_purana/agp_bi_u.txt	47616	standalone_consonant	delete_non_whitelisted_standalone_consonant	ś	1	 atha dvinavatyadhikadviśatatamo 'dhyāyaḥ	ś atha dvinavatyadhikadviśatatamo 'dhyāyaḥ	recorded
3_purana/agp_bi_u.txt	47646	standalone_consonant	delete_non_whitelisted_standalone_consonant	n	1		n	recorded
3_purana/agp_bi_u.txt	47652	standalone_consonant	delete_non_whitelisted_standalone_consonant	p	1		p	recorded
3_purana/agp_bi_u.txt	47696	standalone_consonant	delete_non_whitelisted_standalone_consonant	n	1		n	recorded
3_purana/agp_bi_u.txt	47702	standalone_consonant	delete_non_whitelisted_standalone_consonant	p	1		p	recorded
3_purana/agp_bi_u.txt	47750	standalone_consonant	delete_non_whitelisted_standalone_consonant	p	1		p	recorded
3_purana/agp_bi_u.txt	47794	standalone_consonant	delete_non_whitelisted_standalone_consonant	n	1		n	recorded
3_purana/agp_bi_u.txt	47800	standalone_consonant	delete_non_whitelisted_standalone_consonant	p	1		p	recorded
3_purana/agp_bi_u.txt	47848	standalone_consonant	delete_non_whitelisted_standalone_consonant	p	1		p	recorded
3_purana/agp_bi_u.txt	47859	standalone_consonant	delete_non_whitelisted_standalone_consonant	ś	1	 atha trinavatyadhikadviśatatamo 'dhyāyaḥ	ś atha trinavatyadhikadviśatatamo 'dhyāyaḥ	recorded
3_purana/agp_bi_u.txt	47887	standalone_consonant	delete_non_whitelisted_standalone_consonant	n	1		n	recorded
3_purana/agp_bi_u.txt	47893	standalone_consonant	delete_non_whitelisted_standalone_consonant	p	1		p	recorded
3_purana/agp_bi_u.txt	47939	standalone_consonant	delete_non_whitelisted_standalone_consonant	n	1		n	recorded
3_purana/agp_bi_u.txt	47945	standalone_consonant	delete_non_whitelisted_standalone_consonant	p	1		p	recorded
3_purana/agp_bi_u.txt	47991	standalone_consonant	delete_non_whitelisted_standalone_consonant	n	1		n	recorded
3_purana/agp_bi_u.txt	47997	standalone_consonant	delete_non_whitelisted_standalone_consonant	p	1		p	recorded
3_purana/agp_bi_u.txt	48045	standalone_consonant	delete_non_whitelisted_standalone_consonant	p	1		p	recorded
3_purana/agp_bi_u.txt	48060	standalone_consonant	delete_non_whitelisted_standalone_consonant	ś	1	 atha caturnavatyadhikadviśatatamo 'dhyāyaḥ	ś atha caturnavatyadhikadviśatatamo 'dhyāyaḥ	recorded
3_purana/agp_bi_u.txt	48084	standalone_consonant	delete_non_whitelisted_standalone_consonant	n	1		n	recorded
3_purana/agp_bi_u.txt	48090	standalone_consonant	delete_non_whitelisted_standalone_consonant	p	1		p	recorded
3_purana/agp_bi_u.txt	48133	standalone_consonant	delete_non_whitelisted_standalone_consonant	n	1		n	recorded
3_purana/agp_bi_u.txt	48139	standalone_consonant	delete_non_whitelisted_standalone_consonant	p	1		p	recorded
3_purana/agp_bi_u.txt	48185	standalone_consonant	delete_non_whitelisted_standalone_consonant	n	1		n	recorded
3_purana/agp_bi_u.txt	48189	standalone_consonant	delete_non_whitelisted_standalone_consonant	p	1		p	recorded
3_purana/agp_bi_u.txt	48235	standalone_consonant	delete_non_whitelisted_standalone_consonant	p	1		p	recorded
3_purana/agp_bi_u.txt	48244	standalone_consonant	delete_non_whitelisted_standalone_consonant	ś	1	 atha pañcanavatyadhikadviśatatamo 'dhyāyaḥ	ś atha pañcanavatyadhikadviśatatamo 'dhyāyaḥ	recorded
3_purana/agp_bi_u.txt	48272	standalone_consonant	delete_non_whitelisted_standalone_consonant	n	1		n	recorded
3_purana/agp_bi_u.txt	48276	standalone_consonant	delete_non_whitelisted_standalone_consonant	p	1		p	recorded
3_purana/agp_bi_u.txt	48318	standalone_consonant	delete_non_whitelisted_standalone_consonant	n	1		n	recorded
3_purana/agp_bi_u.txt	48326	standalone_consonant	delete_non_whitelisted_standalone_consonant	p	1		p	recorded
3_purana/agp_bi_u.txt	48351	standalone_consonant	delete_non_whitelisted_standalone_consonant	ś	1	 atha ṣannavatyadhikadviśatatamo 'dhyāyaḥ	ś atha ṣannavatyadhikadviśatatamo 'dhyāyaḥ	recorded
3_purana/agp_bi_u.txt	48361	standalone_consonant	delete_non_whitelisted_standalone_consonant	n	1		n	recorded
3_purana/agp_bi_u.txt	48369	standalone_consonant	delete_non_whitelisted_standalone_consonant	p	1		p	recorded
3_purana/agp_bi_u.txt	48407	standalone_consonant	delete_non_whitelisted_standalone_consonant	n	1		n	recorded
3_purana/agp_bi_u.txt	48413	standalone_consonant	delete_non_whitelisted_standalone_consonant	p	1		p	recorded
3_purana/agp_bi_u.txt	48428	standalone_consonant	delete_non_whitelisted_standalone_consonant	ś	1	 atha saptanavatyadhikadviśatatamo 'dhyāyaḥ	ś atha saptanavatyadhikadviśatatamo 'dhyāyaḥ	recorded
3_purana/agp_bi_u.txt	48454	standalone_consonant	delete_non_whitelisted_standalone_consonant	p	1		p	recorded
3_purana/agp_bi_u.txt	48495	standalone_consonant	delete_non_whitelisted_standalone_consonant	n	1		n	recorded
3_purana/agp_bi_u.txt	48501	standalone_consonant	delete_non_whitelisted_standalone_consonant	p	1		p	recorded
3_purana/agp_bi_u.txt	48539	standalone_consonant	delete_non_whitelisted_standalone_consonant	n	1		n	recorded
3_purana/agp_bi_u.txt	48543	standalone_consonant	delete_non_whitelisted_standalone_consonant	p	1		p	recorded
3_purana/agp_bi_u.txt	48545	standalone_consonant	delete_non_whitelisted_standalone_consonant	ś	1	 athāṣṭanavatyadhikadviśatatamo 'dhyāyaḥ	ś athāṣṭanavatyadhikadviśatatamo 'dhyāyaḥ	recorded
3_purana/agp_bi_u.txt	48589	standalone_consonant	delete_non_whitelisted_standalone_consonant	p	1		p	recorded
3_purana/agp_bi_u.txt	48633	standalone_consonant	delete_non_whitelisted_standalone_consonant	n	1		n	recorded
3_purana/agp_bi_u.txt	48639	standalone_consonant	delete_non_whitelisted_standalone_consonant	p	1		p	recorded
3_purana/agp_bi_u.txt	48687	standalone_consonant	delete_non_whitelisted_standalone_consonant	p	1		p	recorded
3_purana/agp_bi_u.txt	48731	standalone_consonant	delete_non_whitelisted_standalone_consonant	n	1		n	recorded
3_purana/agp_bi_u.txt	48737	standalone_consonant	delete_non_whitelisted_standalone_consonant	p	1		p	recorded
3_purana/agp_bi_u.txt	48783	standalone_consonant	delete_non_whitelisted_standalone_consonant	p	1		p	recorded
3_purana/agp_bi_u.txt	48797	standalone_consonant	delete_non_whitelisted_standalone_consonant	ś	1	 atha navanavatyadhikadviśatatamo 'dhyāyaḥ	ś atha navanavatyadhikadviśatatamo 'dhyāyaḥ	recorded
3_purana/agp_bi_u.txt	48825	standalone_consonant	delete_non_whitelisted_standalone_consonant	n	1		n	recorded
3_purana/agp_bi_u.txt	48829	standalone_consonant	delete_non_whitelisted_standalone_consonant	p	1		p	recorded
3_purana/agp_bi_u.txt	48875	standalone_consonant	delete_non_whitelisted_standalone_consonant	n	1		n	recorded
3_purana/agp_bi_u.txt	48879	standalone_consonant	delete_non_whitelisted_standalone_consonant	p	1		p	recorded
3_purana/agp_bi_u.txt	48928	standalone_consonant	delete_non_whitelisted_standalone_consonant	p	1		p	recorded
3_purana/agp_bi_u.txt	48958	standalone_consonant	delete_non_whitelisted_standalone_consonant	ś	1	 atha triśatatamo 'dhyāyaḥ	ś atha triśatatamo 'dhyāyaḥ	recorded
3_purana/agp_bi_u.txt	48972	standalone_consonant	delete_non_whitelisted_standalone_consonant	p	1		p	recorded
3_purana/agp_bi_u.txt	49019	standalone_consonant	delete_non_whitelisted_standalone_consonant	p	1		p	recorded
3_purana/agp_bi_u.txt	49051	standalone_consonant	delete_non_whitelisted_standalone_consonant	ś	1	 athaikādhikatriśatatamo 'dhyāyaḥ	ś athaikādhikatriśatatamo 'dhyāyaḥ	recorded
3_purana/agp_bi_u.txt	49061	standalone_consonant	delete_non_whitelisted_standalone_consonant	n	1		n	recorded
3_purana/agp_bi_u.txt	49067	standalone_consonant	delete_non_whitelisted_standalone_consonant	p	1		p	recorded
3_purana/agp_bi_u.txt	49114	standalone_consonant	delete_non_whitelisted_standalone_consonant	p	1		p	recorded
3_purana/agp_bi_u.txt	49162	standalone_consonant	delete_non_whitelisted_standalone_consonant	p	1		p	recorded
3_purana/agp_bi_u.txt	49186	standalone_consonant	delete_non_whitelisted_standalone_consonant	ś	1	 atha dvyadhikatriśatatamo 'dhyāyaḥ	ś atha dvyadhikatriśatatamo 'dhyāyaḥ	recorded
3_purana/agp_bi_u.txt	49204	standalone_consonant	delete_non_whitelisted_standalone_consonant	p	1		p	recorded
3_purana/agp_bi_u.txt	49250	standalone_consonant	delete_non_whitelisted_standalone_consonant	n	1		n	recorded
3_purana/agp_bi_u.txt	49254	standalone_consonant	delete_non_whitelisted_standalone_consonant	p	1		p	recorded
3_purana/agp_bi_u.txt	49269	standalone_consonant	delete_non_whitelisted_standalone_consonant	ś	1	 atha tryadhikatriśatatamo 'dhyāyaḥ	ś atha tryadhikatriśatatamo 'dhyāyaḥ	recorded
3_purana/agp_bi_u.txt	49295	standalone_consonant	delete_non_whitelisted_standalone_consonant	n	1		n	recorded
3_purana/agp_bi_u.txt	49299	standalone_consonant	delete_non_whitelisted_standalone_consonant	p	1		p	recorded
3_purana/agp_bi_u.txt	49345	standalone_consonant	delete_non_whitelisted_standalone_consonant	n	1		n	recorded
3_purana/agp_bi_u.txt	49349	standalone_consonant	delete_non_whitelisted_standalone_consonant	p	1		p	recorded
3_purana/agp_bi_u.txt	49397	standalone_consonant	delete_non_whitelisted_standalone_consonant	p	1		p	recorded
3_purana/agp_bi_u.txt	49441	standalone_consonant	delete_non_whitelisted_standalone_consonant	n	1		n	recorded
3_purana/agp_bi_u.txt	49447	standalone_consonant	delete_non_whitelisted_standalone_consonant	p	1		p	recorded
3_purana/agp_bi_u.txt	49464	standalone_consonant	delete_non_whitelisted_standalone_consonant	ś	1	 atha caturadhikatriśatatamo 'dhyāyaḥ	ś atha caturadhikatriśatatamo 'dhyāyaḥ	recorded
3_purana/agp_bi_u.txt	49488	standalone_consonant	delete_non_whitelisted_standalone_consonant	p	1		p	recorded
3_purana/agp_bi_u.txt	49536	standalone_consonant	delete_non_whitelisted_standalone_consonant	p	1		p	recorded
3_purana/agp_bi_u.txt	49545	standalone_consonant	delete_non_whitelisted_standalone_consonant	ś	1	 atha pañcādhikatriśatatamo 'dhyāyaḥ	ś atha pañcādhikatriśatatamo 'dhyāyaḥ	recorded
3_purana/agp_bi_u.txt	49577	standalone_consonant	delete_non_whitelisted_standalone_consonant	p	1		p	recorded
3_purana/agp_bi_u.txt	49624	standalone_consonant	delete_non_whitelisted_standalone_consonant	n	1		n	recorded
3_purana/agp_bi_u.txt	49628	standalone_consonant	delete_non_whitelisted_standalone_consonant	p	1		p	recorded
3_purana/agp_bi_u.txt	49650	standalone_consonant	delete_non_whitelisted_standalone_consonant	ś	1	 atha ṣaṣṭhādhikatriśatatamo 'dhyāyaḥ	ś atha ṣaṣṭhādhikatriśatatamo 'dhyāyaḥ	recorded
3_purana/agp_bi_u.txt	49665	standalone_consonant	delete_non_whitelisted_standalone_consonant	p	1		p	recorded
3_purana/agp_bi_u.txt	49711	standalone_consonant	delete_non_whitelisted_standalone_consonant	p	1		p	recorded
3_purana/agp_bi_u.txt	49759	standalone_consonant	delete_non_whitelisted_standalone_consonant	p	1		p	recorded
3_purana/agp_bi_u.txt	49800	standalone_consonant	delete_non_whitelisted_standalone_consonant	n	1		n	recorded
3_purana/agp_bi_u.txt	49804	standalone_consonant	delete_non_whitelisted_standalone_consonant	p	1		p	recorded
3_purana/agp_bi_u.txt	49814	standalone_consonant	delete_non_whitelisted_standalone_consonant	ś	1	 atha saptādhikatriśatatamo 'dhyāyaḥ	ś atha saptādhikatriśatatamo 'dhyāyaḥ	recorded
3_purana/agp_bi_u.txt	49845	standalone_consonant	delete_non_whitelisted_standalone_consonant	p	1		p	recorded
3_purana/agp_bi_u.txt	49893	standalone_consonant	delete_non_whitelisted_standalone_consonant	p	1		p	recorded
3_purana/agp_bi_u.txt	49937	standalone_consonant	delete_non_whitelisted_standalone_consonant	p	1		p	recorded
3_purana/agp_bi_u.txt	49939	standalone_consonant	delete_non_whitelisted_standalone_consonant	ś	1	 athāṣṭādhikatriśatatamo 'dhyāyaḥ	ś athāṣṭādhikatriśatatamo 'dhyāyaḥ	recorded
3_purana/agp_bi_u.txt	49975	standalone_consonant	delete_non_whitelisted_standalone_consonant	p	1		p	recorded
3_purana/agp_bi_u.txt	50023	standalone_consonant	delete_non_whitelisted_standalone_consonant	p	1		p	recorded
3_purana/agp_bi_u.txt	50032	standalone_consonant	delete_non_whitelisted_standalone_consonant	ś	1	 atha navādhikatriśatatamo 'dhyāyaḥ	ś atha navādhikatriśatatamo 'dhyāyaḥ	recorded
3_purana/agp_bi_u.txt	50063	standalone_consonant	delete_non_whitelisted_standalone_consonant	n	1		n	recorded
3_purana/agp_bi_u.txt	50067	standalone_consonant	delete_non_whitelisted_standalone_consonant	p	1		p	recorded
3_purana/agp_bi_u.txt	50113	standalone_consonant	delete_non_whitelisted_standalone_consonant	n	1		n	recorded
3_purana/agp_bi_u.txt	50117	standalone_consonant	delete_non_whitelisted_standalone_consonant	p	1		p	recorded
3_purana/agp_bi_u.txt	50162	standalone_consonant	delete_non_whitelisted_standalone_consonant	n	1		n	recorded
3_purana/agp_bi_u.txt	50166	standalone_consonant	delete_non_whitelisted_standalone_consonant	p	1		p	recorded
3_purana/agp_bi_u.txt	50213	standalone_consonant	delete_non_whitelisted_standalone_consonant	n	1		n	recorded
3_purana/agp_bi_u.txt	50217	standalone_consonant	delete_non_whitelisted_standalone_consonant	p	1		p	recorded
3_purana/agp_bi_u.txt	50236	standalone_consonant	delete_non_whitelisted_standalone_consonant	ś	1	 atha daśādhikatriśatatamo 'dhyāyaḥ	ś atha daśādhikatriśatatamo 'dhyāyaḥ	recorded
3_purana/agp_bi_u.txt	50260	standalone_consonant	delete_non_whitelisted_standalone_consonant	p	1		p	recorded
3_purana/agp_bi_u.txt	50300	standalone_consonant	delete_non_whitelisted_standalone_consonant	n	1		n	recorded
3_purana/agp_bi_u.txt	50312	standalone_consonant	delete_non_whitelisted_standalone_consonant	p	1		p	recorded
3_purana/agp_bi_u.txt	50360	standalone_consonant	delete_non_whitelisted_standalone_consonant	p	1		p	recorded
3_purana/agp_bi_u.txt	50402	standalone_consonant	delete_non_whitelisted_standalone_consonant	n	1		n	recorded
3_purana/agp_bi_u.txt	50408	standalone_consonant	delete_non_whitelisted_standalone_consonant	p	1		p	recorded
3_purana/agp_bi_u.txt	50417	standalone_consonant	delete_non_whitelisted_standalone_consonant	ś	1	 athaikādaśādhikatriśatatamo 'dhyāyaḥ	ś athaikādaśādhikatriśatatamo 'dhyāyaḥ	recorded
3_purana/agp_bi_u.txt	50451	standalone_consonant	delete_non_whitelisted_standalone_consonant	p	1		p	recorded
3_purana/agp_bi_u.txt	50497	standalone_consonant	delete_non_whitelisted_standalone_consonant	n	1		n	recorded
3_purana/agp_bi_u.txt	50503	standalone_consonant	delete_non_whitelisted_standalone_consonant	p	1		p	recorded
3_purana/agp_bi_u.txt	50536	standalone_consonant	delete_non_whitelisted_standalone_consonant	ś	1	 atha dvādaśādhikatriśatatamo 'dhyāyaḥ	ś atha dvādaśādhikatriśatatamo 'dhyāyaḥ	recorded
3_purana/agp_bi_u.txt	50546	standalone_consonant	delete_non_whitelisted_standalone_consonant	n	1		n	recorded
3_purana/agp_bi_u.txt	50550	standalone_consonant	delete_non_whitelisted_standalone_consonant	p	1		p	recorded
3_purana/agp_bi_u.txt	50594	standalone_consonant	delete_non_whitelisted_standalone_consonant	n	1		n	recorded
3_purana/agp_bi_u.txt	50600	standalone_consonant	delete_non_whitelisted_standalone_consonant	p	1		p	recorded
3_purana/agp_bi_u.txt	50648	standalone_consonant	delete_non_whitelisted_standalone_consonant	p	1		p	recorded
3_purana/agp_bi_u.txt	50693	standalone_consonant	delete_non_whitelisted_standalone_consonant	p	1		p	recorded
3_purana/agp_bi_u.txt	50695	standalone_consonant	delete_non_whitelisted_standalone_consonant	ś	1	 atha trayodaśādhikatriśatatamo 'dhyāyaḥ	ś atha trayodaśādhikatriśatatamo 'dhyāyaḥ	recorded
3_purana/agp_bi_u.txt	50740	standalone_consonant	delete_non_whitelisted_standalone_consonant	p	1		p	recorded
3_purana/agp_bi_u.txt	50784	standalone_consonant	delete_non_whitelisted_standalone_consonant	n	1		n	recorded
3_purana/agp_bi_u.txt	50788	standalone_consonant	delete_non_whitelisted_standalone_consonant	p	1		p	recorded
3_purana/agp_bi_u.txt	50811	standalone_consonant	delete_non_whitelisted_standalone_consonant	ś	1	 atha caturdaśādhikatriśatatamo 'dhyāyaḥ	ś atha caturdaśādhikatriśatatamo 'dhyāyaḥ	recorded
3_purana/agp_bi_u.txt	50829	standalone_consonant	delete_non_whitelisted_standalone_consonant	p	1		p	recorded
3_purana/agp_bi_u.txt	50873	standalone_consonant	delete_non_whitelisted_standalone_consonant	p	1		p	recorded
3_purana/agp_bi_u.txt	50900	standalone_consonant	delete_non_whitelisted_standalone_consonant	ś	1	 atha pañcadaśādhikatriśatatamo 'dhyāyaḥ	ś atha pañcadaśādhikatriśatatamo 'dhyāyaḥ	recorded
3_purana/agp_bi_u.txt	50912	standalone_consonant	delete_non_whitelisted_standalone_consonant	p	1		p	recorded
3_purana/agp_bi_u.txt	50936	standalone_consonant	delete_non_whitelisted_standalone_consonant	ś	1	 atha ṣoḍaśādhikatriśatatamo 'dhyāyaḥ	ś atha ṣoḍaśādhikatriśatatamo 'dhyāyaḥ	recorded
3_purana/agp_bi_u.txt	50949	standalone_consonant	delete_non_whitelisted_standalone_consonant	n	1		n	recorded
3_purana/agp_bi_u.txt	50957	standalone_consonant	delete_non_whitelisted_standalone_consonant	p	1		p	recorded
3_purana/agp_bi_u.txt	51003	standalone_consonant	delete_non_whitelisted_standalone_consonant	n	1		n	recorded
3_purana/agp_bi_u.txt	51007	standalone_consonant	delete_non_whitelisted_standalone_consonant	p	1		p	recorded
3_purana/agp_bi_u.txt	51053	standalone_consonant	delete_non_whitelisted_standalone_consonant	n	1		n	recorded
3_purana/agp_bi_u.txt	51059	standalone_consonant	delete_non_whitelisted_standalone_consonant	p	1		p	recorded
3_purana/agp_bi_u.txt	51107	standalone_consonant	delete_non_whitelisted_standalone_consonant	p	1		p	recorded
3_purana/agp_bi_u.txt	51109	standalone_consonant	delete_non_whitelisted_standalone_consonant	ś	1	 atha saptadaśādhikatriśatatamo 'dhyāyaḥ	ś atha saptadaśādhikatriśatatamo 'dhyāyaḥ	recorded
3_purana/agp_bi_u.txt	51149	standalone_consonant	delete_non_whitelisted_standalone_consonant	n	1		n	recorded
3_purana/agp_bi_u.txt	51155	standalone_consonant	delete_non_whitelisted_standalone_consonant	p	1		p	recorded
3_purana/agp_bi_u.txt	51203	standalone_consonant	delete_non_whitelisted_standalone_consonant	p	1		p	recorded
3_purana/agp_bi_u.txt	51216	standalone_consonant	delete_non_whitelisted_standalone_consonant	ś	1	 athāṣṭādaśādhikatriśatatamo 'dhyāyaḥ	ś athāṣṭādaśādhikatriśatatamo 'dhyāyaḥ	recorded
3_purana/agp_bi_u.txt	51242	standalone_consonant	delete_non_whitelisted_standalone_consonant	n	1		n	recorded
3_purana/agp_bi_u.txt	51248	standalone_consonant	delete_non_whitelisted_standalone_consonant	p	1		p	recorded
3_purana/agp_bi_u.txt	51275	standalone_consonant	delete_non_whitelisted_standalone_consonant	ś	1	 athonaviṃśatyadhikatriśatatamo 'dhyāyaḥ	ś athonaviṃśatyadhikatriśatatamo 'dhyāyaḥ	recorded
3_purana/agp_bi_u.txt	51289	standalone_consonant	delete_non_whitelisted_standalone_consonant	n	1		n	recorded
3_purana/agp_bi_u.txt	51293	standalone_consonant	delete_non_whitelisted_standalone_consonant	p	1		p	recorded
3_purana/agp_bi_u.txt	51341	standalone_consonant	delete_non_whitelisted_standalone_consonant	p	1		p	recorded
3_purana/agp_bi_u.txt	51387	standalone_consonant	delete_non_whitelisted_standalone_consonant	n	1		n	recorded
3_purana/agp_bi_u.txt	51391	standalone_consonant	delete_non_whitelisted_standalone_consonant	p	1		p	recorded
3_purana/agp_bi_u.txt	51437	standalone_consonant	delete_non_whitelisted_standalone_consonant	n	1		n	recorded
3_purana/agp_bi_u.txt	51441	standalone_consonant	delete_non_whitelisted_standalone_consonant	p	1		p	recorded
3_purana/agp_bi_u.txt	51487	standalone_consonant	delete_non_whitelisted_standalone_consonant	n	1		n	recorded
3_purana/agp_bi_u.txt	51491	standalone_consonant	delete_non_whitelisted_standalone_consonant	p	1		p	recorded
3_purana/agp_bi_u.txt	51502	standalone_consonant	delete_non_whitelisted_standalone_consonant	ś	1	 atha viṃśatyadhikatriśatatamo 'dhyāyaḥ	ś atha viṃśatyadhikatriśatatamo 'dhyāyaḥ	recorded
3_purana/agp_bi_u.txt	51532	standalone_consonant	delete_non_whitelisted_standalone_consonant	p	1		p	recorded
3_purana/agp_bi_u.txt	51575	standalone_consonant	delete_non_whitelisted_standalone_consonant	n	1		n	recorded
3_purana/agp_bi_u.txt	51579	standalone_consonant	delete_non_whitelisted_standalone_consonant	p	1		p	recorded
3_purana/agp_bi_u.txt	51581	standalone_consonant	delete_non_whitelisted_standalone_consonant	ś	1	 athaikaviṃśatyadhikatriśatatamo 'dhyāyaḥ	ś athaikaviṃśatyadhikatriśatatamo 'dhyāyaḥ	recorded
3_purana/agp_bi_u.txt	51612	standalone_consonant	delete_non_whitelisted_standalone_consonant	p	1		p	recorded
3_purana/agp_bi_u.txt	51643	standalone_consonant	delete_non_whitelisted_standalone_consonant	n	1		n	recorded
3_purana/agp_bi_u.txt	51647	standalone_consonant	delete_non_whitelisted_standalone_consonant	p	1		p	recorded
3_purana/agp_bi_u.txt	51649	standalone_consonant	delete_non_whitelisted_standalone_consonant	ś	1	 atha dvāviṃśatyadhikatriśatatamo 'dhyāyaḥ	ś atha dvāviṃśatyadhikatriśatatamo 'dhyāyaḥ	recorded
3_purana/agp_bi_u.txt	51691	standalone_consonant	delete_non_whitelisted_standalone_consonant	p	1		p	recorded
3_purana/agp_bi_u.txt	51732	standalone_consonant	delete_non_whitelisted_standalone_consonant	n	1		n	recorded
3_purana/agp_bi_u.txt	51736	standalone_consonant	delete_non_whitelisted_standalone_consonant	p	1		p	recorded
3_purana/agp_bi_u.txt	51778	standalone_consonant	delete_non_whitelisted_standalone_consonant	n	1		n	recorded
3_purana/agp_bi_u.txt	51782	standalone_consonant	delete_non_whitelisted_standalone_consonant	p	1		p	recorded
3_purana/agp_bi_u.txt	51801	standalone_consonant	delete_non_whitelisted_standalone_consonant	ś	1	 atha trayoviṃśatyadhikatriśatatamo 'dhyāyaḥ	ś atha trayoviṃśatyadhikatriśatatamo 'dhyāyaḥ	recorded
3_purana/agp_bi_u.txt	51821	standalone_consonant	delete_non_whitelisted_standalone_consonant	n	1		n	recorded
3_purana/agp_bi_u.txt	51825	standalone_consonant	delete_non_whitelisted_standalone_consonant	p	1		p	recorded
3_purana/agp_bi_u.txt	51867	standalone_consonant	delete_non_whitelisted_standalone_consonant	n	1		n	recorded
3_purana/agp_bi_u.txt	51873	standalone_consonant	delete_non_whitelisted_standalone_consonant	p	1		p	recorded
3_purana/agp_bi_u.txt	51899	standalone_consonant	delete_non_whitelisted_standalone_consonant	n	1		n	recorded
3_purana/agp_bi_u.txt	51903	standalone_consonant	delete_non_whitelisted_standalone_consonant	p	1		p	recorded
3_purana/agp_bi_u.txt	51920	standalone_consonant	delete_non_whitelisted_standalone_consonant	ś	1	 atha caturviṃśatyadhikatriśatatamo 'dhyāyaḥ	ś atha caturviṃśatyadhikatriśatatamo 'dhyāyaḥ	recorded
3_purana/agp_bi_u.txt	51938	standalone_consonant	delete_non_whitelisted_standalone_consonant	n	1		n	recorded
3_purana/agp_bi_u.txt	51942	standalone_consonant	delete_non_whitelisted_standalone_consonant	p	1		p	recorded
3_purana/agp_bi_u.txt	51989	standalone_consonant	delete_non_whitelisted_standalone_consonant	n	1		n	recorded
3_purana/agp_bi_u.txt	51993	standalone_consonant	delete_non_whitelisted_standalone_consonant	p	1		p	recorded
3_purana/agp_bi_u.txt	52037	standalone_consonant	delete_non_whitelisted_standalone_consonant	n	1		n	recorded
3_purana/agp_bi_u.txt	52041	standalone_consonant	delete_non_whitelisted_standalone_consonant	p	1		p	recorded
3_purana/agp_bi_u.txt	52043	standalone_consonant	delete_non_whitelisted_standalone_consonant	ś	1	 atha pañcaviṃśatyadhikatriśatatamo 'dhyāyaḥ	ś atha pañcaviṃśatyadhikatriśatatamo 'dhyāyaḥ	recorded
3_purana/agp_bi_u.txt	52085	standalone_consonant	delete_non_whitelisted_standalone_consonant	n	1		n	recorded
3_purana/agp_bi_u.txt	52089	standalone_consonant	delete_non_whitelisted_standalone_consonant	p	1		p	recorded
3_purana/agp_bi_u.txt	52133	standalone_consonant	delete_non_whitelisted_standalone_consonant	n	1		n	recorded
3_purana/agp_bi_u.txt	52139	standalone_consonant	delete_non_whitelisted_standalone_consonant	p	1		p	recorded
3_purana/agp_bi_u.txt	52172	standalone_consonant	delete_non_whitelisted_standalone_consonant	ś	1	 atha ṣaḍviṃśatyadhikatriśatatamo 'dhyāyaḥ	ś atha ṣaḍviṃśatyadhikatriśatatamo 'dhyāyaḥ	recorded
3_purana/agp_bi_u.txt	52182	standalone_consonant	delete_non_whitelisted_standalone_consonant	p	1		p	recorded
3_purana/agp_bi_u.txt	52228	standalone_consonant	delete_non_whitelisted_standalone_consonant	n	1		n	recorded
3_purana/agp_bi_u.txt	52232	standalone_consonant	delete_non_whitelisted_standalone_consonant	p	1		p	recorded
3_purana/agp_bi_u.txt	52265	standalone_consonant	delete_non_whitelisted_standalone_consonant	ś	1	 atha saptaviṃśatyadhikatriśatatamo 'dhyāyaḥ	ś atha saptaviṃśatyadhikatriśatatamo 'dhyāyaḥ	recorded
3_purana/agp_bi_u.txt	52275	standalone_consonant	delete_non_whitelisted_standalone_consonant	n	1		n	recorded
3_purana/agp_bi_u.txt	52279	standalone_consonant	delete_non_whitelisted_standalone_consonant	p	1		p	recorded
3_purana/agp_bi_u.txt	52292	standalone_consonant	delete_non_whitelisted_standalone_consonant	ś	1	 athāṣṭāviṃśatyadhikatriśatatamo 'dhyāyaḥ	ś athāṣṭāviṃśatyadhikatriśatatamo 'dhyāyaḥ	recorded
3_purana/agp_bi_u.txt	52321	standalone_consonant	delete_non_whitelisted_standalone_consonant	p	1		p	recorded
3_purana/agp_bi_u.txt	52323	standalone_consonant	delete_non_whitelisted_standalone_consonant	ś	1	 athonatriṃśadadhikatriśatatamo 'dhyāyaḥ	ś athonatriṃśadadhikatriśatatamo 'dhyāyaḥ	recorded
3_purana/agp_bi_u.txt	52365	standalone_consonant	delete_non_whitelisted_standalone_consonant	p	1		p	recorded
3_purana/agp_bi_u.txt	52413	standalone_consonant	delete_non_whitelisted_standalone_consonant	n	1		n	recorded
3_purana/agp_bi_u.txt	52417	standalone_consonant	delete_non_whitelisted_standalone_consonant	p	1		p	recorded
3_purana/agp_bi_u.txt	52430	standalone_consonant	delete_non_whitelisted_standalone_consonant	ś	1	 atha triṃśadadhikatriśatatamo 'dhyāyaḥ	ś atha triṃśadadhikatriśatatamo 'dhyāyaḥ	recorded
3_purana/agp_bi_u.txt	52456	standalone_consonant	delete_non_whitelisted_standalone_consonant	n	1		n	recorded
3_purana/agp_bi_u.txt	52460	standalone_consonant	delete_non_whitelisted_standalone_consonant	p	1		p	recorded
3_purana/agp_bi_u.txt	52506	standalone_consonant	delete_non_whitelisted_standalone_consonant	n	1		n	recorded
3_purana/agp_bi_u.txt	52510	standalone_consonant	delete_non_whitelisted_standalone_consonant	p	1		p	recorded
3_purana/agp_bi_u.txt	52525	standalone_consonant	delete_non_whitelisted_standalone_consonant	ś	1	 athaikatriṃśadadhikatriśatatamo 'dhyāyaḥ	ś athaikatriṃśadadhikatriśatatamo 'dhyāyaḥ	recorded
3_purana/agp_bi_u.txt	52547	standalone_consonant	delete_non_whitelisted_standalone_consonant	n	1		n	recorded
3_purana/agp_bi_u.txt	52553	standalone_consonant	delete_non_whitelisted_standalone_consonant	p	1		p	recorded
3_purana/agp_bi_u.txt	52582	standalone_consonant	delete_non_whitelisted_standalone_consonant	ś	1	 atha dvātriṃśadadhikatriśatatamo 'dhyāyaḥ	ś atha dvātriṃśadadhikatriśatatamo 'dhyāyaḥ	recorded
3_purana/agp_bi_u.txt	52594	standalone_consonant	delete_non_whitelisted_standalone_consonant	n	1		n	recorded
3_purana/agp_bi_u.txt	52598	standalone_consonant	delete_non_whitelisted_standalone_consonant	p	1		p	recorded
3_purana/agp_bi_u.txt	52623	standalone_consonant	delete_non_whitelisted_standalone_consonant	ś	1	 atha trayastriṃśadadhikatriśatatamo 'dhyāyaḥ	ś atha trayastriṃśadadhikatriśatatamo 'dhyāyaḥ	recorded
3_purana/agp_bi_u.txt	52641	standalone_consonant	delete_non_whitelisted_standalone_consonant	p	1		p	recorded
3_purana/agp_bi_u.txt	52681	standalone_consonant	delete_non_whitelisted_standalone_consonant	n	1		n	recorded
3_purana/agp_bi_u.txt	52691	standalone_consonant	delete_non_whitelisted_standalone_consonant	p	1		p	recorded
3_purana/agp_bi_u.txt	52735	standalone_consonant	delete_non_whitelisted_standalone_consonant	n	1		n	recorded
3_purana/agp_bi_u.txt	52741	standalone_consonant	delete_non_whitelisted_standalone_consonant	p	1		p	recorded
3_purana/agp_bi_u.txt	52774	standalone_consonant	delete_non_whitelisted_standalone_consonant	ś	1	 atha catustriṃśadadhikatriśatatamo 'dhyāyaḥ	ś atha catustriṃśadadhikatriśatatamo 'dhyāyaḥ	recorded
3_purana/agp_bi_u.txt	52784	standalone_consonant	delete_non_whitelisted_standalone_consonant	n	1		n	recorded
3_purana/agp_bi_u.txt	52790	standalone_consonant	delete_non_whitelisted_standalone_consonant	p	1		p	recorded
3_purana/agp_bi_u.txt	52809	standalone_consonant	delete_non_whitelisted_standalone_consonant	ś	1	 atha pañcatriṃśadadhikatriśatatamo 'dhyāyaḥ	ś atha pañcatriṃśadadhikatriśatatamo 'dhyāyaḥ	recorded
3_purana/agp_bi_u.txt	52833	standalone_consonant	delete_non_whitelisted_standalone_consonant	n	1		n	recorded
3_purana/agp_bi_u.txt	52837	standalone_consonant	delete_non_whitelisted_standalone_consonant	p	1		p	recorded
3_purana/agp_bi_u.txt	52879	standalone_consonant	delete_non_whitelisted_standalone_consonant	n	1		n	recorded
3_purana/agp_bi_u.txt	52887	standalone_consonant	delete_non_whitelisted_standalone_consonant	p	1		p	recorded
3_purana/agp_bi_u.txt	52921	standalone_consonant	delete_non_whitelisted_standalone_consonant	n	1		n	recorded
3_purana/agp_bi_u.txt	52925	standalone_consonant	delete_non_whitelisted_standalone_consonant	p	1		p	recorded
3_purana/agp_bi_u.txt	52927	standalone_consonant	delete_non_whitelisted_standalone_consonant	ś	1	 atha ṣaṭtriṃśadadhikatriśatatamo 'dhyāyaḥ	ś atha ṣaṭtriṃśadadhikatriśatatamo 'dhyāyaḥ	recorded
3_purana/agp_bi_u.txt	52971	standalone_consonant	delete_non_whitelisted_standalone_consonant	p	1		p	recorded
3_purana/agp_bi_u.txt	53019	standalone_consonant	delete_non_whitelisted_standalone_consonant	p	1		p	recorded
3_purana/agp_bi_u.txt	53059	standalone_consonant	delete_non_whitelisted_standalone_consonant	n	1		n	recorded
3_purana/agp_bi_u.txt	53069	standalone_consonant	delete_non_whitelisted_standalone_consonant	p	1		p	recorded
3_purana/agp_bi_u.txt	53106	standalone_consonant	delete_non_whitelisted_standalone_consonant	n	1		n	recorded
3_purana/agp_bi_u.txt	53110	standalone_consonant	delete_non_whitelisted_standalone_consonant	p	1		p	recorded
3_purana/agp_bi_u.txt	53112	standalone_consonant	delete_non_whitelisted_standalone_consonant	ś	1	 atha saptatriṃśadadhikatriśatatamo 'dhyāyaḥ	ś atha saptatriṃśadadhikatriśatatamo 'dhyāyaḥ	recorded
3_purana/agp_bi_u.txt	53158	standalone_consonant	delete_non_whitelisted_standalone_consonant	p	1		p	recorded
3_purana/agp_bi_u.txt	53206	standalone_consonant	delete_non_whitelisted_standalone_consonant	p	1		p	recorded
3_purana/agp_bi_u.txt	53235	standalone_consonant	delete_non_whitelisted_standalone_consonant	ś	1	 athāṣṭatriṃśadadhikatriśatatamo 'dhyāyaḥ	ś athāṣṭatriṃśadadhikatriśatatamo 'dhyāyaḥ	recorded
3_purana/agp_bi_u.txt	53249	standalone_consonant	delete_non_whitelisted_standalone_consonant	p	1		p	recorded
3_purana/agp_bi_u.txt	53297	standalone_consonant	delete_non_whitelisted_standalone_consonant	p	1		p	recorded
3_purana/agp_bi_u.txt	53341	standalone_consonant	delete_non_whitelisted_standalone_consonant	n	1		n	recorded
3_purana/agp_bi_u.txt	53345	standalone_consonant	delete_non_whitelisted_standalone_consonant	p	1		p	recorded
3_purana/agp_bi_u.txt	53393	standalone_consonant	delete_non_whitelisted_standalone_consonant	p	1		p	recorded
3_purana/agp_bi_u.txt	53441	standalone_consonant	delete_non_whitelisted_standalone_consonant	p	1		p	recorded
3_purana/agp_bi_u.txt	53476	standalone_consonant	delete_non_whitelisted_standalone_consonant	n	1		n	recorded
3_purana/agp_bi_u.txt	53480	standalone_consonant	delete_non_whitelisted_standalone_consonant	p	1		p	recorded
3_purana/agp_bi_u.txt	53482	standalone_consonant	delete_non_whitelisted_standalone_consonant	ś	1	 athonacatvāriṃśadadhikatriśatatamo 'dhyāyaḥ	ś athonacatvāriṃśadadhikatriśatatamo 'dhyāyaḥ	recorded
3_purana/agp_bi_u.txt	53522	standalone_consonant	delete_non_whitelisted_standalone_consonant	n	1		n	recorded
3_purana/agp_bi_u.txt	53528	standalone_consonant	delete_non_whitelisted_standalone_consonant	p	1		p	recorded
3_purana/agp_bi_u.txt	53541	standalone_consonant	delete_non_whitelisted_standalone_consonant	ś	1	 atha catvāriṃśadadhikatriśatatamo 'dhyāyaḥ	ś atha catvāriṃśadadhikatriśatatamo 'dhyāyaḥ	recorded
3_purana/agp_bi_u.txt	53569	standalone_consonant	delete_non_whitelisted_standalone_consonant	n	1		n	recorded
3_purana/agp_bi_u.txt	53573	standalone_consonant	delete_non_whitelisted_standalone_consonant	p	1		p	recorded
3_purana/agp_bi_u.txt	53615	standalone_consonant	delete_non_whitelisted_standalone_consonant	n	1		n	recorded
3_purana/agp_bi_u.txt	53624	standalone_consonant	delete_non_whitelisted_standalone_consonant	p	1		p	recorded
3_purana/agp_bi_u.txt	53650	standalone_consonant	delete_non_whitelisted_standalone_consonant	ś	1	 athaikacatvāriṃśadadhikatriśatatamo 'dhyāyaḥ	ś athaikacatvāriṃśadadhikatriśatatamo 'dhyāyaḥ	recorded
3_purana/agp_bi_u.txt	53670	standalone_consonant	delete_non_whitelisted_standalone_consonant	p	1		p	recorded
3_purana/agp_bi_u.txt	53716	standalone_consonant	delete_non_whitelisted_standalone_consonant	p	1		p	recorded
3_purana/agp_bi_u.txt	53762	standalone_consonant	delete_non_whitelisted_standalone_consonant	p	1		p	recorded
3_purana/agp_bi_u.txt	53797	standalone_consonant	delete_non_whitelisted_standalone_consonant	p	1		p	recorded
3_purana/agp_bi_u.txt	53799	standalone_consonant	delete_non_whitelisted_standalone_consonant	ś	1	 atha dvicatvāriṃśadadhikatriśatatamo 'dhyāyaḥ	ś atha dvicatvāriṃśadadhikatriśatatamo 'dhyāyaḥ	recorded
3_purana/agp_bi_u.txt	53835	standalone_consonant	delete_non_whitelisted_standalone_consonant	n	1		n	recorded
3_purana/agp_bi_u.txt	53843	standalone_consonant	delete_non_whitelisted_standalone_consonant	p	1		p	recorded
3_purana/agp_bi_u.txt	53885	standalone_consonant	delete_non_whitelisted_standalone_consonant	n	1		n	recorded
3_purana/agp_bi_u.txt	53893	standalone_consonant	delete_non_whitelisted_standalone_consonant	p	1		p	recorded
3_purana/agp_bi_u.txt	53935	standalone_consonant	delete_non_whitelisted_standalone_consonant	n	1		n	recorded
3_purana/agp_bi_u.txt	53942	standalone_consonant	delete_non_whitelisted_standalone_consonant	p	1		p	recorded
3_purana/agp_bi_u.txt	53988	standalone_consonant	delete_non_whitelisted_standalone_consonant	n	1		n	recorded
3_purana/agp_bi_u.txt	53992	standalone_consonant	delete_non_whitelisted_standalone_consonant	p	1		p	recorded
3_purana/agp_bi_u.txt	54040	standalone_consonant	delete_non_whitelisted_standalone_consonant	p	1		p	recorded
3_purana/agp_bi_u.txt	54088	standalone_consonant	delete_non_whitelisted_standalone_consonant	p	1		p	recorded
3_purana/agp_bi_u.txt	54107	standalone_consonant	delete_non_whitelisted_standalone_consonant	ś	1	 atha tricatvāriṃśadadhikatriśatatamo 'dhyāyaḥ	ś atha tricatvāriṃśadadhikatriśatatamo 'dhyāyaḥ	recorded
3_purana/agp_bi_u.txt	54129	standalone_consonant	delete_non_whitelisted_standalone_consonant	n	1		n	recorded
3_purana/agp_bi_u.txt	54133	standalone_consonant	delete_non_whitelisted_standalone_consonant	p	1		p	recorded
3_purana/agp_bi_u.txt	54181	standalone_consonant	delete_non_whitelisted_standalone_consonant	p	1		p	recorded
3_purana/agp_bi_u.txt	54227	standalone_consonant	delete_non_whitelisted_standalone_consonant	n	1		n	recorded
3_purana/agp_bi_u.txt	54231	standalone_consonant	delete_non_whitelisted_standalone_consonant	p	1		p	recorded
3_purana/agp_bi_u.txt	54258	standalone_consonant	delete_non_whitelisted_standalone_consonant	ś	1	 atha catuś catvāriṃśadadhikatriśatatamo 'dhyāyaḥ	ś atha catuś catvāriṃśadadhikatriśatatamo 'dhyāyaḥ	recorded
3_purana/agp_bi_u.txt	54276	standalone_consonant	delete_non_whitelisted_standalone_consonant	p	1		p	recorded
3_purana/agp_bi_u.txt	54324	standalone_consonant	delete_non_whitelisted_standalone_consonant	p	1		p	recorded
3_purana/agp_bi_u.txt	54345	standalone_consonant	delete_non_whitelisted_standalone_consonant	ś	1	 atha pañcacatvāriṃśadadhikatriśatatamo 'dhyāyaḥ	ś atha pañcacatvāriṃśadadhikatriśatatamo 'dhyāyaḥ	recorded
3_purana/agp_bi_u.txt	54370	standalone_consonant	delete_non_whitelisted_standalone_consonant	p	1		p	recorded
3_purana/agp_bi_u.txt	54418	standalone_consonant	delete_non_whitelisted_standalone_consonant	p	1		p	recorded
3_purana/agp_bi_u.txt	54459	standalone_consonant	delete_non_whitelisted_standalone_consonant	p	1		p	recorded
3_purana/agp_bi_u.txt	54461	standalone_consonant	delete_non_whitelisted_standalone_consonant	ś	1	 atha ṣaṭcatvāriṃśadadhikatriśatatamo 'dhyāyaḥ	ś atha ṣaṭcatvāriṃśadadhikatriśatatamo 'dhyāyaḥ	recorded
3_purana/agp_bi_u.txt	54501	standalone_consonant	delete_non_whitelisted_standalone_consonant	n	1		n	recorded
3_purana/agp_bi_u.txt	54505	standalone_consonant	delete_non_whitelisted_standalone_consonant	p	1		p	recorded
3_purana/agp_bi_u.txt	54549	standalone_consonant	delete_non_whitelisted_standalone_consonant	n	1		n	recorded
3_purana/agp_bi_u.txt	54557	standalone_consonant	delete_non_whitelisted_standalone_consonant	p	1		p	recorded
3_purana/agp_bi_u.txt	54603	standalone_consonant	delete_non_whitelisted_standalone_consonant	n	1		n	recorded
3_purana/agp_bi_u.txt	54607	standalone_consonant	delete_non_whitelisted_standalone_consonant	p	1		p	recorded
3_purana/agp_bi_u.txt	54654	standalone_consonant	delete_non_whitelisted_standalone_consonant	p	1		p	recorded
3_purana/agp_bi_u.txt	54656	standalone_consonant	delete_non_whitelisted_standalone_consonant	ś	1	 atha adhikatriśatatamo 'dhyāyaḥ	ś atha adhikatriśatatamo 'dhyāyaḥ	recorded
3_purana/agp_bi_u.txt	54694	standalone_consonant	delete_non_whitelisted_standalone_consonant	n	1		n	recorded
3_purana/agp_bi_u.txt	54702	standalone_consonant	delete_non_whitelisted_standalone_consonant	p	1		p	recorded
3_purana/agp_bi_u.txt	54752	standalone_consonant	delete_non_whitelisted_standalone_consonant	p	1		p	recorded
3_purana/agp_bi_u.txt	54786	standalone_consonant	delete_non_whitelisted_standalone_consonant	n	1		n	recorded
3_purana/agp_bi_u.txt	54795	standalone_consonant	delete_non_whitelisted_standalone_consonant	p	1		p	recorded
3_purana/agp_bi_u.txt	54797	standalone_consonant	delete_non_whitelisted_standalone_consonant	ś	1	 athāṣṭacatvāriṃśadadhikatriśatatamo 'dhyāyaḥ	ś athāṣṭacatvāriṃśadadhikatriśatatamo 'dhyāyaḥ	recorded
3_purana/agp_bi_u.txt	54826	standalone_consonant	delete_non_whitelisted_standalone_consonant	p	1		p	recorded
3_purana/agp_bi_u.txt	54828	standalone_consonant	delete_non_whitelisted_standalone_consonant	ś	1	 athonapañcāśadadhikatriśatatamo 'dhyāyaḥ	ś athonapañcāśadadhikatriśatatamo 'dhyāyaḥ	recorded
3_purana/agp_bi_u.txt	54871	standalone_consonant	delete_non_whitelisted_standalone_consonant	p	1		p	recorded
3_purana/agp_bi_u.txt	54892	standalone_consonant	delete_non_whitelisted_standalone_consonant	ś	1	 atha pañcāśadadhikatriśatatamo 'dhyāyaḥ	ś atha pañcāśadadhikatriśatatamo 'dhyāyaḥ	recorded
3_purana/agp_bi_u.txt	54912	standalone_consonant	delete_non_whitelisted_standalone_consonant	p	1		p	recorded
3_purana/agp_bi_u.txt	54960	standalone_consonant	delete_non_whitelisted_standalone_consonant	p	1		p	recorded
3_purana/agp_bi_u.txt	55006	standalone_consonant	delete_non_whitelisted_standalone_consonant	n	1		n	recorded
3_purana/agp_bi_u.txt	55010	standalone_consonant	delete_non_whitelisted_standalone_consonant	p	1		p	recorded
3_purana/agp_bi_u.txt	55058	standalone_consonant	delete_non_whitelisted_standalone_consonant	p	1		p	recorded
3_purana/agp_bi_u.txt	55107	standalone_consonant	delete_non_whitelisted_standalone_consonant	p	1		p	recorded
3_purana/agp_bi_u.txt	55155	standalone_consonant	delete_non_whitelisted_standalone_consonant	p	1		p	recorded
3_purana/agp_bi_u.txt	55204	standalone_consonant	delete_non_whitelisted_standalone_consonant	p	1		p	recorded
3_purana/agp_bi_u.txt	55213	standalone_consonant	delete_non_whitelisted_standalone_consonant	ś	1	 athaikapañcāśadadhikatriśatatamo | adhyāyaḥ	ś athaikapañcāśadadhikatriśatatamo | adhyāyaḥ	recorded
3_purana/agp_bi_u.txt	55243	standalone_consonant	delete_non_whitelisted_standalone_consonant	p	1		p	recorded
3_purana/agp_bi_u.txt	55278	standalone_consonant	delete_non_whitelisted_standalone_consonant	p	1		p	recorded
3_purana/agp_bi_u.txt	55280	standalone_consonant	delete_non_whitelisted_standalone_consonant	ś	1	 atha dvipañcāśadadhikatriśatatamo | adhyāyaḥ	ś atha dvipañcāśadadhikatriśatatamo | adhyāyaḥ	recorded
3_purana/agp_bi_u.txt	55325	standalone_consonant	delete_non_whitelisted_standalone_consonant	p	1		p	recorded
3_purana/agp_bi_u.txt	55327	standalone_consonant	delete_non_whitelisted_standalone_consonant	ś	1	 atha tripañcāśadadhikatriśatatamo 'dhyāyaḥ	ś atha tripañcāśadadhikatriśatatamo 'dhyāyaḥ	recorded
3_purana/agp_bi_u.txt	55369	standalone_consonant	delete_non_whitelisted_standalone_consonant	p	1		p	recorded
3_purana/agp_bi_u.txt	55417	standalone_consonant	delete_non_whitelisted_standalone_consonant	p	1		p	recorded
3_purana/agp_bi_u.txt	55443	standalone_consonant	delete_non_whitelisted_standalone_consonant	ś	1	 atha catuḥpañcaśadadhikatriśatatamo 'dhyāyaḥ	ś atha catuḥpañcaśadadhikatriśatatamo 'dhyāyaḥ	recorded
3_purana/agp_bi_u.txt	55457	standalone_consonant	delete_non_whitelisted_standalone_consonant	n	1		n	recorded
3_purana/agp_bi_u.txt	55461	standalone_consonant	delete_non_whitelisted_standalone_consonant	p	1		p	recorded
3_purana/agp_bi_u.txt	55509	standalone_consonant	delete_non_whitelisted_standalone_consonant	p	1		p	recorded
3_purana/agp_bi_u.txt	55534	standalone_consonant	delete_non_whitelisted_standalone_consonant	ś	1	 atha pañcapañcāśadadhikatriśatatamo 'dhyāyaḥ	ś atha pañcapañcāśadadhikatriśatatamo 'dhyāyaḥ	recorded
3_purana/agp_bi_u.txt	55550	standalone_consonant	delete_non_whitelisted_standalone_consonant	p	1		p	recorded
3_purana/agp_bi_u.txt	55598	standalone_consonant	delete_non_whitelisted_standalone_consonant	p	1		p	recorded
3_purana/agp_bi_u.txt	55646	standalone_consonant	delete_non_whitelisted_standalone_consonant	p	1		p	recorded
3_purana/agp_bi_u.txt	55671	standalone_consonant	delete_non_whitelisted_standalone_consonant	ś	1	 atha ṣaṭpañcāśadadhikatriśatatamo 'dhyāyaḥ	ś atha ṣaṭpañcāśadadhikatriśatatamo 'dhyāyaḥ	recorded
3_purana/agp_bi_u.txt	55683	standalone_consonant	delete_non_whitelisted_standalone_consonant	n	1		n	recorded
3_purana/agp_bi_u.txt	55692	standalone_consonant	delete_non_whitelisted_standalone_consonant	p	1		p	recorded
3_purana/agp_bi_u.txt	55737	standalone_consonant	delete_non_whitelisted_standalone_consonant	n	1		n	recorded
3_purana/agp_bi_u.txt	55741	standalone_consonant	delete_non_whitelisted_standalone_consonant	p	1		p	recorded
3_purana/agp_bi_u.txt	55743	standalone_consonant	delete_non_whitelisted_standalone_consonant	ś	1	 atha saptapañcāśadadhikatriśatatamo 'dhyāyaḥ	ś atha saptapañcāśadadhikatriśatatamo 'dhyāyaḥ	recorded
3_purana/agp_bi_u.txt	55785	standalone_consonant	delete_non_whitelisted_standalone_consonant	p	1		p	recorded
3_purana/agp_bi_u.txt	55833	standalone_consonant	delete_non_whitelisted_standalone_consonant	p	1		p	recorded
3_purana/agp_bi_u.txt	55876	standalone_consonant	delete_non_whitelisted_standalone_consonant	p	1		p	recorded
3_purana/agp_bi_u.txt	55878	standalone_consonant	delete_non_whitelisted_standalone_consonant	ś	1	 athāṣaṭapañcāśadadhikatriśatatamo 'dhyāyaḥ	ś athāṣaṭapañcāśadadhikatriśatatamo 'dhyāyaḥ	recorded
3_purana/agp_bi_u.txt	55919	standalone_consonant	delete_non_whitelisted_standalone_consonant	p	1		p	recorded
3_purana/agp_bi_u.txt	55921	standalone_consonant	delete_non_whitelisted_standalone_consonant	ś	1	 athonaṣaṣṭyadhikatriśatatamo 'dhyāyaḥ	ś athonaṣaṣṭyadhikatriśatatamo 'dhyāyaḥ	recorded
3_purana/agp_bi_u.txt	55963	standalone_consonant	delete_non_whitelisted_standalone_consonant	p	1		p	recorded
3_purana/agp_bi_u.txt	56011	standalone_consonant	delete_non_whitelisted_standalone_consonant	p	1		p	recorded
3_purana/agp_bi_u.txt	56059	standalone_consonant	delete_non_whitelisted_standalone_consonant	p	1		p	recorded
3_purana/agp_bi_u.txt	56107	standalone_consonant	delete_non_whitelisted_standalone_consonant	p	1		p	recorded
3_purana/agp_bi_u.txt	56155	standalone_consonant	delete_non_whitelisted_standalone_consonant	p	1		p	recorded
3_purana/agp_bi_u.txt	56204	standalone_consonant	delete_non_whitelisted_standalone_consonant	p	1		p	recorded
3_purana/agp_bi_u.txt	56262	standalone_consonant	delete_non_whitelisted_standalone_consonant	p	1		p	recorded
3_purana/agp_bi_u.txt	56311	standalone_consonant	delete_non_whitelisted_standalone_consonant	p	1		p	recorded
3_purana/agp_bi_u.txt	56338	standalone_consonant	delete_non_whitelisted_standalone_consonant	ś	1	 atha ṣaṣṭyadhikatriśatatamo 'dhyāyaḥ	ś atha ṣaṣṭyadhikatriśatatamo 'dhyāyaḥ	recorded
3_purana/agp_bi_u.txt	56352	standalone_consonant	delete_non_whitelisted_standalone_consonant	p	1		p	recorded
3_purana/agp_bi_u.txt	56398	standalone_consonant	delete_non_whitelisted_standalone_consonant	p	1		p	recorded
3_purana/agp_bi_u.txt	56442	standalone_consonant	delete_non_whitelisted_standalone_consonant	n	1		n	recorded
3_purana/agp_bi_u.txt	56446	standalone_consonant	delete_non_whitelisted_standalone_consonant	p	1		p	recorded
3_purana/agp_bi_u.txt	56494	standalone_consonant	delete_non_whitelisted_standalone_consonant	p	1		p	recorded
3_purana/agp_bi_u.txt	56511	standalone_consonant	delete_non_whitelisted_standalone_consonant	ś	1	 athaikaṣaṣṭyadhikatriśatatamo 'dhyāyaḥ	ś athaikaṣaṣṭyadhikatriśatatamo 'dhyāyaḥ	recorded
3_purana/agp_bi_u.txt	56535	standalone_consonant	delete_non_whitelisted_standalone_consonant	p	1		p	recorded
3_purana/agp_bi_u.txt	56583	standalone_consonant	delete_non_whitelisted_standalone_consonant	p	1		p	recorded
3_purana/agp_bi_u.txt	56631	standalone_consonant	delete_non_whitelisted_standalone_consonant	p	1		p	recorded
3_purana/agp_bi_u.txt	56679	standalone_consonant	delete_non_whitelisted_standalone_consonant	p	1		p	recorded
3_purana/agp_bi_u.txt	56690	standalone_consonant	delete_non_whitelisted_standalone_consonant	ś	1	 atha dviṣaṣṭyadhikatriśatatamo 'dhyāyaḥ	ś atha dviṣaṣṭyadhikatriśatatamo 'dhyāyaḥ	recorded
3_purana/agp_bi_u.txt	56720	standalone_consonant	delete_non_whitelisted_standalone_consonant	p	1		p	recorded
3_purana/agp_bi_u.txt	56768	standalone_consonant	delete_non_whitelisted_standalone_consonant	p	1		p	recorded
3_purana/agp_bi_u.txt	56816	standalone_consonant	delete_non_whitelisted_standalone_consonant	p	1		p	recorded
3_purana/agp_bi_u.txt	56864	standalone_consonant	delete_non_whitelisted_standalone_consonant	p	1		p	recorded
3_purana/agp_bi_u.txt	56912	standalone_consonant	delete_non_whitelisted_standalone_consonant	p	1		p	recorded
3_purana/agp_bi_u.txt	56960	standalone_consonant	delete_non_whitelisted_standalone_consonant	p	1		p	recorded
3_purana/agp_bi_u.txt	57006	standalone_consonant	delete_non_whitelisted_standalone_consonant	n	1		n	recorded
3_purana/agp_bi_u.txt	57010	standalone_consonant	delete_non_whitelisted_standalone_consonant	p	1		p	recorded
3_purana/agp_bi_u.txt	57031	standalone_consonant	delete_non_whitelisted_standalone_consonant	ś	1	 atha triṣaṣṭyadhikatriśatatamo 'dhyāyaḥ	ś atha triṣaṣṭyadhikatriśatatamo 'dhyāyaḥ	recorded
3_purana/agp_bi_u.txt	57053	standalone_consonant	delete_non_whitelisted_standalone_consonant	p	1		p	recorded
3_purana/agp_bi_u.txt	57101	standalone_consonant	delete_non_whitelisted_standalone_consonant	p	1		p	recorded
3_purana/agp_bi_u.txt	57149	standalone_consonant	delete_non_whitelisted_standalone_consonant	p	1		p	recorded
3_purana/agp_bi_u.txt	57162	standalone_consonant	delete_non_whitelisted_standalone_consonant	ś	1	 atha catuḥṣaṣṭyadhikatriśatatamo 'dhyāyaḥ	ś atha catuḥṣaṣṭyadhikatriśatatamo 'dhyāyaḥ	recorded
3_purana/agp_bi_u.txt	57190	standalone_consonant	delete_non_whitelisted_standalone_consonant	p	1		p	recorded
3_purana/agp_bi_u.txt	57219	standalone_consonant	delete_non_whitelisted_standalone_consonant	ś	1	 atha pañcaṣaṣṭyadhikatriśatatamo 'dhyāyaḥ	ś atha pañcaṣaṣṭyadhikatriśatatamo 'dhyāyaḥ	recorded
3_purana/agp_bi_u.txt	57233	standalone_consonant	delete_non_whitelisted_standalone_consonant	p	1		p	recorded
3_purana/agp_bi_u.txt	57281	standalone_consonant	delete_non_whitelisted_standalone_consonant	p	1		p	recorded
3_purana/agp_bi_u.txt	57330	standalone_consonant	delete_non_whitelisted_standalone_consonant	p	1		p	recorded
3_purana/agp_bi_u.txt	57378	standalone_consonant	delete_non_whitelisted_standalone_consonant	p	1		p	recorded
3_purana/agp_bi_u.txt	57427	standalone_consonant	delete_non_whitelisted_standalone_consonant	p	1		p	recorded
3_purana/agp_bi_u.txt	57434	standalone_consonant	delete_non_whitelisted_standalone_consonant	ś	1	 atha ṣaṭṣaṣṭyadhikatriśatatamo 'dhyāyaḥ	ś atha ṣaṭṣaṣṭyadhikatriśatatamo 'dhyāyaḥ	recorded
3_purana/agp_bi_u.txt	57471	standalone_consonant	delete_non_whitelisted_standalone_consonant	p	1		p	recorded
3_purana/agp_bi_u.txt	57518	standalone_consonant	delete_non_whitelisted_standalone_consonant	n	1		n	recorded
3_purana/agp_bi_u.txt	57522	standalone_consonant	delete_non_whitelisted_standalone_consonant	p	1		p	recorded
3_purana/agp_bi_u.txt	57563	standalone_consonant	delete_non_whitelisted_standalone_consonant	p	1		p	recorded
3_purana/agp_bi_u.txt	57565	standalone_consonant	delete_non_whitelisted_standalone_consonant	ś	1	 atha saptaṣaṣṭyadhikatriśatatamo 'dhyāyaḥ	ś atha saptaṣaṣṭyadhikatriśatatamo 'dhyāyaḥ	recorded
3_purana/agp_bi_u.txt	57607	standalone_consonant	delete_non_whitelisted_standalone_consonant	p	1		p	recorded
3_purana/agp_bi_u.txt	57655	standalone_consonant	delete_non_whitelisted_standalone_consonant	p	1		p	recorded
3_purana/agp_bi_u.txt	57686	standalone_consonant	delete_non_whitelisted_standalone_consonant	ś	1	 athāṣṭaṣaṣṭyadhikatriśatatamo 'dhyāyaḥ	ś athāṣṭaṣaṣṭyadhikatriśatatamo 'dhyāyaḥ	recorded
3_purana/agp_bi_u.txt	57696	standalone_consonant	delete_non_whitelisted_standalone_consonant	p	1		p	recorded
3_purana/agp_bi_u.txt	57742	standalone_consonant	delete_non_whitelisted_standalone_consonant	n	1		n	recorded
3_purana/agp_bi_u.txt	57746	standalone_consonant	delete_non_whitelisted_standalone_consonant	p	1		p	recorded
3_purana/agp_bi_u.txt	57790	standalone_consonant	delete_non_whitelisted_standalone_consonant	n	1		n	recorded
3_purana/agp_bi_u.txt	57794	standalone_consonant	delete_non_whitelisted_standalone_consonant	p	1		p	recorded
3_purana/agp_bi_u.txt	57838	standalone_consonant	delete_non_whitelisted_standalone_consonant	n	1		n	recorded
3_purana/agp_bi_u.txt	57844	standalone_consonant	delete_non_whitelisted_standalone_consonant	p	1		p	recorded
3_purana/agp_bi_u.txt	57892	standalone_consonant	delete_non_whitelisted_standalone_consonant	p	1		p	recorded
3_purana/agp_bi_u.txt	57901	standalone_consonant	delete_non_whitelisted_standalone_consonant	ś	1	 athonasaptatyadhikatriśatatamo 'dhyāyaḥ	ś athonasaptatyadhikatriśatatamo 'dhyāyaḥ	recorded
3_purana/agp_bi_u.txt	57934	standalone_consonant	delete_non_whitelisted_standalone_consonant	p	1		p	recorded
3_purana/agp_bi_u.txt	57982	standalone_consonant	delete_non_whitelisted_standalone_consonant	p	1		p	recorded
3_purana/agp_bi_u.txt	58030	standalone_consonant	delete_non_whitelisted_standalone_consonant	p	1		p	recorded
3_purana/agp_bi_u.txt	58076	standalone_consonant	delete_non_whitelisted_standalone_consonant	n	1		n	recorded
3_purana/agp_bi_u.txt	58080	standalone_consonant	delete_non_whitelisted_standalone_consonant	p	1		p	recorded
3_purana/agp_bi_u.txt	58095	standalone_consonant	delete_non_whitelisted_standalone_consonant	ś	1	 athasapratyadhikatriśatatamo 'dhyāyaḥ	ś athasapratyadhikatriśatatamo 'dhyāyaḥ	recorded
3_purana/agp_bi_u.txt	58119	standalone_consonant	delete_non_whitelisted_standalone_consonant	n	1		n	recorded
3_purana/agp_bi_u.txt	58123	standalone_consonant	delete_non_whitelisted_standalone_consonant	p	1		p	recorded
3_purana/agp_bi_u.txt	58171	standalone_consonant	delete_non_whitelisted_standalone_consonant	p	1		p	recorded
3_purana/agp_bi_u.txt	58219	standalone_consonant	delete_non_whitelisted_standalone_consonant	p	1		p	recorded
3_purana/agp_bi_u.txt	58265	standalone_consonant	delete_non_whitelisted_standalone_consonant	n	1		n	recorded
3_purana/agp_bi_u.txt	58269	standalone_consonant	delete_non_whitelisted_standalone_consonant	p	1		p	recorded
3_purana/agp_bi_u.txt	58278	standalone_consonant	delete_non_whitelisted_standalone_consonant	ś	1	 athaikasaptatyadhikatriśatatamo 'dhyāyaḥ	ś athaikasaptatyadhikatriśatatamo 'dhyāyaḥ	recorded
3_purana/agp_bi_u.txt	58306	standalone_consonant	delete_non_whitelisted_standalone_consonant	n	1		n	recorded
3_purana/agp_bi_u.txt	58314	standalone_consonant	delete_non_whitelisted_standalone_consonant	p	1		p	recorded
3_purana/agp_bi_u.txt	58362	standalone_consonant	delete_non_whitelisted_standalone_consonant	p	1		p	recorded
3_purana/agp_bi_u.txt	58410	standalone_consonant	delete_non_whitelisted_standalone_consonant	p	1		p	recorded
3_purana/agp_bi_u.txt	58445	standalone_consonant	delete_non_whitelisted_standalone_consonant	p	1		p	recorded
3_purana/agp_bi_u.txt	58447	standalone_consonant	delete_non_whitelisted_standalone_consonant	ś	1	 atha dvisaptyadhikatriśatatamo 'dhyāyaḥ	ś atha dvisaptyadhikatriśatatamo 'dhyāyaḥ	recorded
3_purana/agp_bi_u.txt	58489	standalone_consonant	delete_non_whitelisted_standalone_consonant	p	1		p	recorded
3_purana/agp_bi_u.txt	58534	standalone_consonant	delete_non_whitelisted_standalone_consonant	n	1		n	recorded
3_purana/agp_bi_u.txt	58540	standalone_consonant	delete_non_whitelisted_standalone_consonant	p	1		p	recorded
3_purana/agp_bi_u.txt	58551	standalone_consonant	delete_non_whitelisted_standalone_consonant	ś	1	 atha trisaptatyadhikatriśatatamo 'dhyāyaḥ	ś atha trisaptatyadhikatriśatatamo 'dhyāyaḥ	recorded
3_purana/agp_bi_u.txt	58581	standalone_consonant	delete_non_whitelisted_standalone_consonant	n	1		n	recorded
3_purana/agp_bi_u.txt	58585	standalone_consonant	delete_non_whitelisted_standalone_consonant	p	1		p	recorded
3_purana/agp_bi_u.txt	58631	standalone_consonant	delete_non_whitelisted_standalone_consonant	n	1		n	recorded
3_purana/agp_bi_u.txt	58635	standalone_consonant	delete_non_whitelisted_standalone_consonant	p	1		p	recorded
3_purana/agp_bi_u.txt	58679	standalone_consonant	delete_non_whitelisted_standalone_consonant	n	1		n	recorded
3_purana/agp_bi_u.txt	58685	standalone_consonant	delete_non_whitelisted_standalone_consonant	p	1		p	recorded
3_purana/agp_bi_u.txt	58718	standalone_consonant	delete_non_whitelisted_standalone_consonant	n	1		n	recorded
3_purana/agp_bi_u.txt	58722	standalone_consonant	delete_non_whitelisted_standalone_consonant	p	1		p	recorded
3_purana/agp_bi_u.txt	58724	standalone_consonant	delete_non_whitelisted_standalone_consonant	ś	1	 atha catuḥsaptatyadhikatriśatatamo 'dhyāyaḥ	ś atha catuḥsaptatyadhikatriśatatamo 'dhyāyaḥ	recorded
3_purana/agp_bi_u.txt	58762	standalone_consonant	delete_non_whitelisted_standalone_consonant	n	1		n	recorded
3_purana/agp_bi_u.txt	58766	standalone_consonant	delete_non_whitelisted_standalone_consonant	p	1		p	recorded
3_purana/agp_bi_u.txt	58810	standalone_consonant	delete_non_whitelisted_standalone_consonant	n	1		n	recorded
3_purana/agp_bi_u.txt	58816	standalone_consonant	delete_non_whitelisted_standalone_consonant	p	1		p	recorded
3_purana/agp_bi_u.txt	58837	standalone_consonant	delete_non_whitelisted_standalone_consonant	ś	1	 atha pañcasaptatyadhikatriśatatamo 'dhyāyaḥ	ś atha pañcasaptatyadhikatriśatatamo 'dhyāyaḥ	recorded
3_purana/agp_bi_u.txt	58859	standalone_consonant	delete_non_whitelisted_standalone_consonant	p	1		p	recorded
3_purana/agp_bi_u.txt	58905	standalone_consonant	delete_non_whitelisted_standalone_consonant	p	1		p	recorded
3_purana/agp_bi_u.txt	58951	standalone_consonant	delete_non_whitelisted_standalone_consonant	p	1		p	recorded
3_purana/agp_bi_u.txt	58999	standalone_consonant	delete_non_whitelisted_standalone_consonant	p	1		p	recorded
3_purana/agp_bi_u.txt	59030	standalone_consonant	delete_non_whitelisted_standalone_consonant	p	1		p	recorded
3_purana/agp_bi_u.txt	59032	standalone_consonant	delete_non_whitelisted_standalone_consonant	ś	1	 atha ṣaṭsaptatyadhikatriśatatamo 'dhyāyaḥ	ś atha ṣaṭsaptatyadhikatriśatatamo 'dhyāyaḥ	recorded
3_purana/agp_bi_u.txt	59074	standalone_consonant	delete_non_whitelisted_standalone_consonant	p	1		p	recorded
3_purana/agp_bi_u.txt	59122	standalone_consonant	delete_non_whitelisted_standalone_consonant	p	1		p	recorded
3_purana/agp_bi_u.txt	59141	standalone_consonant	delete_non_whitelisted_standalone_consonant	ś	1	 atha saptasaptatyadhikatriśatatamo 'dhyāyaḥ	ś atha saptasaptatyadhikatriśatatamo 'dhyāyaḥ	recorded
3_purana/agp_bi_u.txt	59163	standalone_consonant	delete_non_whitelisted_standalone_consonant	p	1		p	recorded
3_purana/agp_bi_u.txt	59211	standalone_consonant	delete_non_whitelisted_standalone_consonant	p	1		p	recorded
3_purana/agp_bi_u.txt	59244	standalone_consonant	delete_non_whitelisted_standalone_consonant	p	1		p	recorded
3_purana/agp_bi_u.txt	59246	standalone_consonant	delete_non_whitelisted_standalone_consonant	ś	1	 athāṣṭasaptatyadhikatriśatatamo 'dhyāyaḥ	ś athāṣṭasaptatyadhikatriśatatamo 'dhyāyaḥ	recorded
3_purana/agp_bi_u.txt	59292	standalone_consonant	delete_non_whitelisted_standalone_consonant	p	1		p	recorded
3_purana/agp_bi_u.txt	59340	standalone_consonant	delete_non_whitelisted_standalone_consonant	p	1		p	recorded
3_purana/agp_bi_u.txt	59387	standalone_consonant	delete_non_whitelisted_standalone_consonant	p	1		p	recorded
3_purana/agp_bi_u.txt	59389	standalone_consonant	delete_non_whitelisted_standalone_consonant	ś	1	 athonāśītyadhikatriśatatamo 'dhyāyaḥ	ś athonāśītyadhikatriśatatamo 'dhyāyaḥ	recorded
3_purana/agp_bi_u.txt	59436	standalone_consonant	delete_non_whitelisted_standalone_consonant	p	1		p	recorded
3_purana/agp_bi_u.txt	59484	standalone_consonant	delete_non_whitelisted_standalone_consonant	n	1		n	recorded
3_purana/agp_bi_u.txt	59488	standalone_consonant	delete_non_whitelisted_standalone_consonant	p	1		p	recorded
3_purana/agp_bi_u.txt	59540	standalone_consonant	delete_non_whitelisted_standalone_consonant	p	1		p	recorded
3_purana/agp_bi_u.txt	59592	standalone_consonant	delete_non_whitelisted_standalone_consonant	p	1		p	recorded
3_purana/agp_bi_u.txt	59636	standalone_consonant	delete_non_whitelisted_standalone_consonant	n	1		n	recorded
3_purana/agp_bi_u.txt	59646	standalone_consonant	delete_non_whitelisted_standalone_consonant	p	1		p	recorded
3_purana/agp_bi_u.txt	59694	standalone_consonant	delete_non_whitelisted_standalone_consonant	n	1		n	recorded
3_purana/agp_bi_u.txt	59700	standalone_consonant	delete_non_whitelisted_standalone_consonant	p	1		p	recorded
3_purana/agp_bi_u.txt	59731	standalone_consonant	delete_non_whitelisted_standalone_consonant	ś	1	 athāśītyadhikatriśatatamo 'dhyāyaḥ	ś athāśītyadhikatriśatatamo 'dhyāyaḥ	recorded
3_purana/agp_bi_u.txt	59747	standalone_consonant	delete_non_whitelisted_standalone_consonant	n	1		n	recorded
3_purana/agp_bi_u.txt	59753	standalone_consonant	delete_non_whitelisted_standalone_consonant	p	1		p	recorded
3_purana/agp_bi_u.txt	59801	standalone_consonant	delete_non_whitelisted_standalone_consonant	p	1		p	recorded
3_purana/agp_bi_u.txt	59848	standalone_consonant	delete_non_whitelisted_standalone_consonant	n	1		n	recorded
3_purana/agp_bi_u.txt	59852	standalone_consonant	delete_non_whitelisted_standalone_consonant	p	1		p	recorded
3_purana/agp_bi_u.txt	59900	standalone_consonant	delete_non_whitelisted_standalone_consonant	p	1		p	recorded
3_purana/agp_bi_u.txt	59946	standalone_consonant	delete_non_whitelisted_standalone_consonant	p	1		p	recorded
3_purana/agp_bi_u.txt	59988	standalone_consonant	delete_non_whitelisted_standalone_consonant	n	1		n	recorded
3_purana/agp_bi_u.txt	59992	standalone_consonant	delete_non_whitelisted_standalone_consonant	p	1		p	recorded
3_purana/agp_bi_u.txt	60001	standalone_consonant	delete_non_whitelisted_standalone_consonant	ś	1	 athaikāśītyadhikatriśatatamo 'dhyāyaḥ	ś athaikāśītyadhikatriśatatamo 'dhyāyaḥ	recorded
3_purana/agp_bi_u.txt	60037	standalone_consonant	delete_non_whitelisted_standalone_consonant	p	1		p	recorded
3_purana/agp_bi_u.txt	60085	standalone_consonant	delete_non_whitelisted_standalone_consonant	p	1		p	recorded
3_purana/agp_bi_u.txt	60133	standalone_consonant	delete_non_whitelisted_standalone_consonant	p	1		p	recorded
3_purana/agp_bi_u.txt	60168	standalone_consonant	delete_non_whitelisted_standalone_consonant	p	1		p	recorded
3_purana/agp_bi_u.txt	60170	standalone_consonant	delete_non_whitelisted_standalone_consonant	ś	1	 atha dvyaśītyadhikatriśatatamo 'dhyāyaḥ	ś atha dvyaśītyadhikatriśatatamo 'dhyāyaḥ	recorded
3_purana/agp_bi_u.txt	60214	standalone_consonant	delete_non_whitelisted_standalone_consonant	p	1		p	recorded
3_purana/agp_bi_u.txt	60262	standalone_consonant	delete_non_whitelisted_standalone_consonant	p	1		p	recorded
3_purana/agp_bi_u.txt	60312	standalone_consonant	delete_non_whitelisted_standalone_consonant	p	1		p	recorded
3_purana/agp_bi_u.txt	60362	standalone_consonant	delete_non_whitelisted_standalone_consonant	p	1		p	recorded
3_purana/agp_bi_u.txt	60412	standalone_consonant	delete_non_whitelisted_standalone_consonant	p	1		p	recorded
3_purana/agp_bi_u.txt	60460	standalone_consonant	delete_non_whitelisted_standalone_consonant	p	1		p	recorded
3_purana/agp_bi_u.txt	60487	standalone_consonant	delete_non_whitelisted_standalone_consonant	p	1		p	recorded
3_purana/agp_bi_u.txt	60506	standalone_consonant	delete_non_whitelisted_standalone_consonant	ś	1	 prathamo 'dhyāyaḥ	ś prathamo 'dhyāyaḥ	recorded
3_purana/agp_bi_u.txt	60519	standalone_consonant	delete_non_whitelisted_standalone_consonant	n	1		n	recorded
3_purana/agp_bi_u.txt	60523	standalone_consonant	delete_non_whitelisted_standalone_consonant	p	1		p	recorded
3_purana/agp_bi_u.txt	60580	standalone_consonant	delete_non_whitelisted_standalone_consonant	p	1		p	recorded
3_purana/agp_bi_u.txt	60634	standalone_consonant	delete_non_whitelisted_standalone_consonant	n	1		n	recorded
3_purana/agp_bi_u.txt	60638	standalone_consonant	delete_non_whitelisted_standalone_consonant	p	1		p	recorded
3_purana/agp_bi_u.txt	60649	standalone_consonant	delete_non_whitelisted_standalone_consonant	ś	1	 atha dvitīyo 'dhyāyaḥ	ś atha dvitīyo 'dhyāyaḥ	recorded
3_purana/agp_bi_u.txt	60679	standalone_consonant	delete_non_whitelisted_standalone_consonant	p	1		p	recorded
3_purana/agp_bi_u.txt	60734	standalone_consonant	delete_non_whitelisted_standalone_consonant	n	1		n	recorded
3_purana/agp_bi_u.txt	60740	standalone_consonant	delete_non_whitelisted_standalone_consonant	p	1		p	recorded
3_purana/agp_bi_u.txt	60797	standalone_consonant	delete_non_whitelisted_standalone_consonant	p	1		p	recorded
3_purana/agp_bi_u.txt	60816	standalone_consonant	delete_non_whitelisted_standalone_consonant	ś	1	 atha tṛtīyo 'dhyāyaḥ	ś atha tṛtīyo 'dhyāyaḥ	recorded
3_purana/agp_bi_u.txt	60841	standalone_consonant	delete_non_whitelisted_standalone_consonant	p	1		p	recorded
3_purana/agp_bi_u.txt	60871	standalone_consonant	delete_non_whitelisted_standalone_consonant	ś	1	 atha caturtho 'dhyāyaḥ	ś atha caturtho 'dhyāyaḥ	recorded
3_purana/agp_bi_u.txt	60882	standalone_consonant	delete_non_whitelisted_standalone_consonant	p	1		p	recorded
3_purana/agp_bi_u.txt	60935	standalone_consonant	delete_non_whitelisted_standalone_consonant	p	1		p	recorded
3_purana/agp_bi_u.txt	60989	standalone_consonant	delete_non_whitelisted_standalone_consonant	n	1		n	recorded
3_purana/agp_bi_u.txt	60993	standalone_consonant	delete_non_whitelisted_standalone_consonant	p	1		p	recorded
3_purana/agp_bi_u.txt	61049	standalone_consonant	delete_non_whitelisted_standalone_consonant	p	1		p	recorded
3_purana/agp_bi_u.txt	61099	standalone_consonant	delete_non_whitelisted_standalone_consonant	n	1		n	recorded
3_purana/agp_bi_u.txt	61103	standalone_consonant	delete_non_whitelisted_standalone_consonant	p	1		p	recorded
3_purana/agp_bi_u.txt	61156	standalone_consonant	delete_non_whitelisted_standalone_consonant	p	1		p	recorded
3_purana/agp_bi_u.txt	61209	standalone_consonant	delete_non_whitelisted_standalone_consonant	p	1		p	recorded
3_purana/agp_bi_u.txt	61265	standalone_consonant	delete_non_whitelisted_standalone_consonant	p	1		p	recorded
3_purana/agp_bi_u.txt	61273	standalone_consonant	delete_non_whitelisted_standalone_consonant	ś	1	 atha pañcamo 'dhyāyaḥ	ś atha pañcamo 'dhyāyaḥ	recorded
3_purana/agp_bi_u.txt	61311	standalone_consonant	delete_non_whitelisted_standalone_consonant	p	1		p	recorded
3_purana/agp_bi_u.txt	61362	standalone_consonant	delete_non_whitelisted_standalone_consonant	p	1		p	recorded
3_purana/agp_bi_u.txt	61414	standalone_consonant	delete_non_whitelisted_standalone_consonant	p	1		p	recorded
3_purana/agp_bi_u.txt	61453	standalone_consonant	delete_non_whitelisted_standalone_consonant	n	1		n	recorded
3_purana/agp_bi_u.txt	61461	standalone_consonant	delete_non_whitelisted_standalone_consonant	p	1		p	recorded
3_purana/agp_bi_u.txt	61506	standalone_consonant	delete_non_whitelisted_standalone_consonant	p	1		p	recorded
3_purana/agp_bi_u.txt	61508	standalone_consonant	delete_non_whitelisted_standalone_consonant	ś	1	 atha ṣaṣṭho 'dhyāyaḥ	ś atha ṣaṣṭho 'dhyāyaḥ	recorded
3_purana/agp_bi_u.txt	61561	standalone_consonant	delete_non_whitelisted_standalone_consonant	p	1		p	recorded
3_purana/agp_bi_u.txt	61612	standalone_consonant	delete_non_whitelisted_standalone_consonant	n	1		n	recorded
3_purana/agp_bi_u.txt	61618	standalone_consonant	delete_non_whitelisted_standalone_consonant	p	1		p	recorded
3_purana/agp_bi_u.txt	61672	standalone_consonant	delete_non_whitelisted_standalone_consonant	n	1		n	recorded
3_purana/agp_bi_u.txt	61676	standalone_consonant	delete_non_whitelisted_standalone_consonant	p	1		p	recorded
3_purana/agp_bi_u.txt	61735	standalone_consonant	delete_non_whitelisted_standalone_consonant	p	1		p	recorded
3_purana/garup1_u.txt	1385	standalone_consonant	delete_non_whitelisted_standalone_consonant	r	1	 śyādipūjāṃ pravarśyāmi sthaṇḍilādiṣu siddhaye |	r śyādipūjāṃ pravarśyāmi sthaṇḍilādiṣu siddhaye |	recorded
3_purana/kurmp1_u.txt	5673	standalone_consonant	delete_non_whitelisted_standalone_consonant	r	1	 gaṇairaśeṣairamapapradhānaiḥ ||	r gaṇairaśeṣairamapapradhānaiḥ ||	recorded
3_purana/kurmp1_u.txt	8443	standalone_consonant	delete_non_whitelisted_standalone_consonant	r	1	 jagāma kailāsagiriṃ girīśaḥ ||	r jagāma kailāsagiriṃ girīśaḥ ||	recorded
3_purana/kurmp1_u.txt	10217	standalone_consonant	delete_non_whitelisted_standalone_consonant	r	1	 na saṃdṛśe tiṣṭhati yatsvarūpam |	r na saṃdṛśe tiṣṭhati yatsvarūpam |	recorded
3_purana/mkp1-93u.txt	6387	standalone_consonant	delete_non_whitelisted_standalone_consonant	d	1	madālasā tu  dṛṣṭvā tadīyaṃ kaṇṭhabhūṣaṇam |	madālasā tu d dṛṣṭvā tadīyaṃ kaṇṭhabhūṣaṇam |	recorded
3_purana/vamp__u.txt	17679	standalone_consonant	delete_non_whitelisted_standalone_consonant	r	1		r	recorded
3_purana/vd3343pu.txt	1895	standalone_consonant	delete_non_whitelisted_standalone_consonant	t	1	trailokyaṃ ca  kāye sakalaṃ munisattamaḥ |	trailokyaṃ ca t kāye sakalaṃ munisattamaḥ |	recorded
3_purana/vipce_pu.txt	14273	standalone_consonant	delete_non_whitelisted_standalone_consonant	v	1	yajñasamāptau bhāgagrahaṇāyāgatān devān  devān āgatān ṛtvija ūcuḥ |	yajñasamāptau bhāgagrahaṇāyāgatān devān v devān āgatān ṛtvija ūcuḥ |	recorded
3_purana/vipce_pu.txt	14419	standalone_consonant	delete_non_whitelisted_standalone_consonant	v	1	āha ca mamānāthāyāḥ putraḥ kenāpypahriyate kaṃ śaraṇam upayāmīty  iti ākarṇya rājā nagnaṃ māṃ devī drakṣyatīti na yayau |	āha ca mamānāthāyāḥ putraḥ kenāpypahriyate kaṃ śaraṇam upayāmīty v iti ākarṇya rājā nagnaṃ māṃ devī drakṣyatīti na yayau |	recorded
3_purana/vipce_pu.txt	15087	standalone_consonant	delete_non_whitelisted_standalone_consonant	v	1	nirjitaś ca bhagavatā jāmbavān praṇipatyāha  vyājahāra |	nirjitaś ca bhagavatā jāmbavān praṇipatyāha v vyājahāra |	recorded
3_purana/vipce_pu.txt	15687	standalone_consonant	delete_non_whitelisted_standalone_consonant	v	1	ṛteyuḥ kakṣeyuḥ sthaṇḍileyur dhṛteyur jaleyuḥ sthaleyur dharmeyuḥ saṃnateyur dhaneyur vaneyur nāmāno raudrāśvasya daśātmajā  putrā babhūvuḥ |	ṛteyuḥ kakṣeyuḥ sthaṇḍileyur dhṛteyur jaleyuḥ sthaleyur dharmeyuḥ saṃnateyur dhaneyur vaneyur nāmāno raudrāśvasya daśātmajā v putrā babhūvuḥ |	recorded
3_purana/vipce_pu.txt	15987	standalone_consonant	delete_non_whitelisted_standalone_consonant	n	1	tato  | paṃjayas tato mṛdus tasmāt tigmas tigmād bṛhadrathaḥ |	tato n | paṃjayas tato mṛdus tasmāt tigmas tigmād bṛhadrathaḥ |	recorded
3_purana/vipce_pu.txt	16451	standalone_consonant	delete_non_whitelisted_standalone_consonant	v	1	 ins |	v ins |	recorded
3_purana/vipce_pu.txt	19411	english_editorial	vipce_only_ins_apparatus	^l \| only ins \|\|$	1		l | only ins ||	recorded
3_purana/vipce_pu.txt	20253	standalone_consonant	delete_non_whitelisted_standalone_consonant	l	1	 | ins ||	l | ins ||	recorded
4_rellit/buddh/avsata_u.txt	5	standalone_consonant	delete_non_whitelisted_standalone_consonant	p	1	|| vaidya |  || prathamo vargaḥ |	|| vaidya | p || prathamo vargaḥ |	recorded
4_rellit/buddh/avsata_u.txt	291	standalone_consonant	delete_non_whitelisted_standalone_consonant	l	1	somaḥ |  o  	somaḥ | l o s t	recorded
4_rellit/buddh/avsata_u.txt	291	standalone_consonant	delete_non_whitelisted_standalone_consonant	s	1	somaḥ |  o  	somaḥ | l o s t	recorded
4_rellit/buddh/avsata_u.txt	291	standalone_consonant	delete_non_whitelisted_standalone_consonant	t	1	somaḥ |  o  	somaḥ | l o s t	recorded
4_rellit/buddh/divyav_u.txt	17649	standalone_consonant	delete_non_whitelisted_standalone_consonant	s	1	evaṃ deveti  puruṣo rājño 'śokasya pratiśrutya tadardhāmalakaṃ kurukuṭārāmaṃ gatvā vṛddhānte sthitvā kṛtāñjalistadardhāmalakaṃ saṃghe niryātayannuvāca ||	evaṃ deveti s puruṣo rājño 'śokasya pratiśrutya tadardhāmalakaṃ kurukuṭārāmaṃ gatvā vṛddhānte sthitvā kṛtāñjalistadardhāmalakaṃ saṃghe niryātayannuvāca ||	recorded
4_rellit/buddh/srabhu_u.txt	221	standalone_consonant	delete_non_whitelisted_standalone_consonant	v	1	iii | iv |  | vi	iii | iv | v | vi	recorded
4_rellit/buddh/srabhu_u.txt	237	standalone_consonant	delete_non_whitelisted_standalone_consonant	v	1	iii | iv |  | vi	iii | iv | v | vi	recorded
4_rellit/buddh/srabhu_u.txt	1170	standalone_consonant	delete_non_whitelisted_standalone_consonant	t	1	api caitad ālambanam śamathapakṣyaṃ vipaśyanāpakṣyaṃ sarvavastukam bhūtavastukaṃ | hetuphalavastukaṃ ca | tena tad vyāpīty ucyate | yat tāvad  āha savikalpaṃ pratibimbam itīdam atra vipaśyanapakṣyasya | yat punar āha nirvikalpaṃ pratibimbam itīdam atra śamathapakṣyasya | yat punar āha vastuparyantate tīdam atra sarvavastukatāyā bhūtavastukatāyāś ca | yad āha kāryapariniṣpattir itīdam atra hetuphalasaṃbandhasya ||	api caitad ālambanam śamathapakṣyaṃ vipaśyanāpakṣyaṃ sarvavastukam bhūtavastukaṃ | hetuphalavastukaṃ ca | tena tad vyāpīty ucyate | yat tāvad t āha savikalpaṃ pratibimbam itīdam atra vipaśyanapakṣyasya | yat punar āha nirvikalpaṃ pratibimbam itīdam atra śamathapakṣyasya | yat punar āha vastuparyantate tīdam atra sarvavastukatāyā bhūtavastukatāyāś ca | yad āha kāryapariniṣpattir itīdam atra hetuphalasaṃbandhasya ||	recorded
4_rellit/buddh/srabhu_u.txt	1242	standalone_consonant	delete_non_whitelisted_standalone_consonant	b	1	 |  || ii |	l | b || ii |	recorded
4_rellit/buddh/srabhu_u.txt	1242	standalone_consonant	delete_non_whitelisted_standalone_consonant	l	1	 |  || ii |	l | b || ii |	recorded
4_rellit/buddh/vinsutru.txt	11014	standalone_consonant	delete_non_whitelisted_standalone_consonant	r	1	 om || naivoddeśaḥ	r om || naivoddeśaḥ	recorded
4_rellit/buddh/vinv01_u.txt	423	standalone_consonant	delete_non_whitelisted_standalone_consonant	r	1	||  lokadharmair anupaliptānām āryāṣṭāṅgamārgadaiśikānāṃ navāghātavastukuśalānāṃ	|| r lokadharmair anupaliptānām āryāṣṭāṅgamārgadaiśikānāṃ navāghātavastukuśalānāṃ	recorded
4_rellit/buddh/vinv02_u.txt	1285	english_editorial	vinv02_lost_folios_note	^are lost \|$	1		are lost |	recorded
4_rellit/buddh/vinv04_u.txt	83	standalone_consonant	delete_non_whitelisted_standalone_consonant	c	1	 te trayāṇāṃ vārṣikāṇāṃ māsānām atyayāt kṛtacīvarā niṣṭhitacīvarāḥ samādāya pātracīvaraṃ yena śrāvastī tena cārikāṃ prakrāntāḥ | anupūrveṇa cārikāṃ carantaḥ śrāvastīm anuprāptāḥ | te bhikṣubhir dūrata eva dṛṣṭvābhihitāḥ | svāgataṃsvāgatam āyuṣmantaḥ | viśrāmitāḥ uktāḥ | kuto yūyam āyuṣmantaḥ etarhy āgacchata | kutra vā stha varṣā upagatā | hastibālagrāmakād vayam āyuṣmanta etarhy āgacchāma | hastibālagrāmake vā sma varṣā upagatāḥ | kaccid yūyam āyuṣmantaḥ hastibālagrāmake sukhaṃ sparśaṃ varṣā uṣitāḥ | na vā stha klāntāḥ piṇḍakena | tathyaṃ vayam āyuṣmantaḥ hastibālagrāmake sukhaṃ sparśaṃ varṣā upagatā | na vā sma klāntāḥ piṇḍakena |	c te trayāṇāṃ vārṣikāṇāṃ māsānām atyayāt kṛtacīvarā niṣṭhitacīvarāḥ samādāya pātracīvaraṃ yena śrāvastī tena cārikāṃ prakrāntāḥ | anupūrveṇa cārikāṃ carantaḥ śrāvastīm anuprāptāḥ | te bhikṣubhir dūrata eva dṛṣṭvābhihitāḥ | svāgataṃsvāgatam āyuṣmantaḥ | viśrāmitāḥ uktāḥ | kuto yūyam āyuṣmantaḥ etarhy āgacchata | kutra vā stha varṣā upagatā | hastibālagrāmakād vayam āyuṣmanta etarhy āgacchāma | hastibālagrāmake vā sma varṣā upagatāḥ | kaccid yūyam āyuṣmantaḥ hastibālagrāmake sukhaṃ sparśaṃ varṣā uṣitāḥ | na vā stha klāntāḥ piṇḍakena | tathyaṃ vayam āyuṣmantaḥ hastibālagrāmake sukhaṃ sparśaṃ varṣā upagatā | na vā sma klāntāḥ piṇḍakena |	recorded
4_rellit/buddh/vinv04_u.txt	89	standalone_consonant	delete_non_whitelisted_standalone_consonant	d	1	 bhagavān saṃlakṣayaty | ākāṃkṣanti bata me śrāvakāḥ vastralābham āmiṣalābhañ ca | yanv ahaṃ bhikṣūṇāṃ sukhasparśavihārārthaṃ datṝṇāṃ ca deyadharmaparibhogārthaṃ saptāham anujānīyāṃ | tasmād anujānāmi saptāham adhiṣṭhāya gantavyaṃ karaṇīyena |	d bhagavān saṃlakṣayaty | ākāṃkṣanti bata me śrāvakāḥ vastralābham āmiṣalābhañ ca | yanv ahaṃ bhikṣūṇāṃ sukhasparśavihārārthaṃ datṝṇāṃ ca deyadharmaparibhogārthaṃ saptāham anujānīyāṃ | tasmād anujānāmi saptāham adhiṣṭhāya gantavyaṃ karaṇīyena |	recorded
4_rellit/buddh/vinv_06u.txt	17	english_editorial	english_marker	\b(?:add|adds|omits|reads)\b	1	jānakāḥ pṛcchakā buddhā bhagavantaḥ |  jānantaḥ pṛcchanti ajānanto na pṛcchanti | yāvat pṛcchati buddho bhagavān āyuṣmantam ānandam | kasmād ānanda etarhi bhikṣavaḥ utpāṇḍūtpāṇḍukāḥ kṛṣālukā durbalakā mlānā aprāptakāyā iti | āyuṣmān ānandaḥ kathayati | etarhi bhadanta bhikṣavaḥ śāradakena rogeṇa bādhyante | etarhi śāradakena rogeṇa bādhyamānā utpāṇḍūtpāṇḍukā bhavanti kṛṣālukā durbalakā mlānā aprāptakāyāḥ | bhagavān āha | tasmād ānanda anujānāmi bhikṣubhir bhaiṣajyaṃ sevitavyam iti |	jānakāḥ pṛcchakā buddhā bhagavantaḥ | adds jānantaḥ pṛcchanti ajānanto na pṛcchanti | yāvat pṛcchati buddho bhagavān āyuṣmantam ānandam | kasmād ānanda etarhi bhikṣavaḥ utpāṇḍūtpāṇḍukāḥ kṛṣālukā durbalakā mlānā aprāptakāyā iti | āyuṣmān ānandaḥ kathayati | etarhi bhadanta bhikṣavaḥ śāradakena rogeṇa bādhyante | etarhi śāradakena rogeṇa bādhyamānā utpāṇḍūtpāṇḍukā bhavanti kṛṣālukā durbalakā mlānā aprāptakāyāḥ | bhagavān āha | tasmād ānanda anujānāmi bhikṣubhir bhaiṣajyaṃ sevitavyam iti |	recorded
4_rellit/buddh/vinv_06u.txt	348	english_editorial	english_marker	\b(?:add|adds|omits|reads)\b	1	yāvad āyuṣmān ānandaḥ strīratnaṃ vibhajati tāvat tayā dārikayā te yāvaḥ parikarmitāḥ | sā pādayor nipatya praṇidhānaṃ kartum ārabdhā | ārya anenāhaṃ kuśalamūlena rājñaś cakravartinaḥ strīratnaṃ syām iti | athāyuṣmān ānando yavān parikarmitān ādāya yena bhagavāṃs tenopasaṃkrāntaḥ | upasaṃkramya bhagavato yavān upanāmayati | jānakāḥ pṛcchakā buddhā bhagavantaḥ | pṛcchati buddho bhagavān āyuṣmantam ānandam | kenaite ānanda yavāḥ parikarmitāḥ | amukayā bhadanta brāhmaṇadārikayā | kim abhūt te ānanda tayā brāhmaṇadārikayā sārdham antarākathāsamudāhāraḥ | tena hy ānanda yāvāṃs te 'bhūt tayā brāhmaṇadārikayā sārdham antarākathāsamudāhāras tat sarvam asmākaṃ vistareṇārocaya | athāyuṣmān ānando yat tasyābhūt tayā brāhmaṇadārikayā sārdham antarākathāsamudāhāras tat sarvaṃ bhagavato vistareṇārocayati | evam ukte bhagavān āyuṣmantam ānandam idam avocat | kasmāt tvayānanda tayā dārikayā buddhavarṇodāharaṇaṃ na kṛtam | mama bhadanta evaṃ bhavati | gambhīrā buddhadharmāḥ sthānam etad vidyate yad asau dārikā na vijñāsyatīti | mayā tasyāś cakravartivarṇodāharaṇaṃ kṛtam | kṣīṇas tvam ānanda | sacet tvayā tasyā buddhavarṇodāharaṇaṃ kṛtam abhaviṣyat sthānam etad vidyate yat tu yām anuttarāyāṃ samyaksaṃbodhau avaivartikaṃ cittam utpāditam abhaviṣyat | api tv ānanda bhaviṣyaty asau dārikā rājñaś cakravartinaḥ strīratnam |  bhagavān saṃlakṣayati | yaḥ kaścid ādīnavo bhikṣavaḥ paṭaplotikaṃ prāvṛtyāntargṛhaṃ gacchati | tasmān na bhikṣuṇā paṭaplotiṃ prāvṛtyāntargṛhaṃ gantavyam | gacchati sātisāro bhavati |	yāvad āyuṣmān ānandaḥ strīratnaṃ vibhajati tāvat tayā dārikayā te yāvaḥ parikarmitāḥ | sā pādayor nipatya praṇidhānaṃ kartum ārabdhā | ārya anenāhaṃ kuśalamūlena rājñaś cakravartinaḥ strīratnaṃ syām iti | athāyuṣmān ānando yavān parikarmitān ādāya yena bhagavāṃs tenopasaṃkrāntaḥ | upasaṃkramya bhagavato yavān upanāmayati | jānakāḥ pṛcchakā buddhā bhagavantaḥ | pṛcchati buddho bhagavān āyuṣmantam ānandam | kenaite ānanda yavāḥ parikarmitāḥ | amukayā bhadanta brāhmaṇadārikayā | kim abhūt te ānanda tayā brāhmaṇadārikayā sārdham antarākathāsamudāhāraḥ | tena hy ānanda yāvāṃs te 'bhūt tayā brāhmaṇadārikayā sārdham antarākathāsamudāhāras tat sarvam asmākaṃ vistareṇārocaya | athāyuṣmān ānando yat tasyābhūt tayā brāhmaṇadārikayā sārdham antarākathāsamudāhāras tat sarvaṃ bhagavato vistareṇārocayati | evam ukte bhagavān āyuṣmantam ānandam idam avocat | kasmāt tvayānanda tayā dārikayā buddhavarṇodāharaṇaṃ na kṛtam | mama bhadanta evaṃ bhavati | gambhīrā buddhadharmāḥ sthānam etad vidyate yad asau dārikā na vijñāsyatīti | mayā tasyāś cakravartivarṇodāharaṇaṃ kṛtam | kṣīṇas tvam ānanda | sacet tvayā tasyā buddhavarṇodāharaṇaṃ kṛtam abhaviṣyat sthānam etad vidyate yat tu yām anuttarāyāṃ samyaksaṃbodhau avaivartikaṃ cittam utpāditam abhaviṣyat | api tv ānanda bhaviṣyaty asau dārikā rājñaś cakravartinaḥ strīratnam | adds bhagavān saṃlakṣayati | yaḥ kaścid ādīnavo bhikṣavaḥ paṭaplotikaṃ prāvṛtyāntargṛhaṃ gacchati | tasmān na bhikṣuṇā paṭaplotiṃ prāvṛtyāntargṛhaṃ gantavyam | gacchati sātisāro bhavati |	recorded
4_rellit/buddh/vinv_06u.txt	1303	standalone_consonant	delete_non_whitelisted_standalone_consonant	ś	1	||  ca samāga ||	|| ś ca samāga ||	recorded
4_rellit/buddh/vinv_06u.txt	1449	standalone_consonant	delete_non_whitelisted_standalone_consonant	t	1	dṛṣṭvā  || vadhyāyante ca lajjitāḥ	dṛṣṭvā t || vadhyāyante ca lajjitāḥ	recorded
4_rellit/buddh/vinv_06u.txt	2441	standalone_consonant	delete_non_whitelisted_standalone_consonant	k	1	 |	k |	recorded
4_rellit/buddh/vinv_06u.txt	2631	standalone_consonant	delete_non_whitelisted_standalone_consonant	t	1	|| pr | gṛ |  ||  || u  | dh | tt ||	|| pr | gṛ | y || y || u t | dh | tt ||	recorded
4_rellit/buddh/vinv_06u.txt	2631	standalone_consonant	delete_non_whitelisted_standalone_consonant	y	2	|| pr | gṛ |  ||  || u  | dh | tt ||	|| pr | gṛ | y || y || u t | dh | tt ||	recorded
4_rellit/buddh/vinv_06u.txt	2696	standalone_consonant	delete_non_whitelisted_standalone_consonant	m	1	 ādiśed anukaṃpām anupādāyeti | bhagavān āha | samayenāhaṃ yuṣmāka nāmnā dakṣiṇām ādiśāmi | yadi yūyam anenaiva varṣeṇa dakṣiṇādeśanākāla upasaṃkrāmateti | te kathayanti | jihrīmaḥ katham āgacchāma iti | atha bhagavāṃs tasyāṃ velāyāṃ gāthāṃ bhāṣate |	m ādiśed anukaṃpām anupādāyeti | bhagavān āha | samayenāhaṃ yuṣmāka nāmnā dakṣiṇām ādiśāmi | yadi yūyam anenaiva varṣeṇa dakṣiṇādeśanākāla upasaṃkrāmateti | te kathayanti | jihrīmaḥ katham āgacchāma iti | atha bhagavāṃs tasyāṃ velāyāṃ gāthāṃ bhāṣate |	recorded
4_rellit/buddh/vinv16_u.txt	296	standalone_consonant	delete_non_whitelisted_standalone_consonant	ś	1	||  ca duṣkaraśatasahasraḥ ṣaṭpāramitvāḥ paripūryānuttaraṃ jñānam ājñā dattā | gacchata viṣapānīyāni śoṣayateti | varṣabala ||	|| ś ca duṣkaraśatasahasraḥ ṣaṭpāramitvāḥ paripūryānuttaraṃ jñānam ājñā dattā | gacchata viṣapānīyāni śoṣayateti | varṣabala ||	recorded
4_rellit/buddh/vinv171u.txt	2062	standalone_consonant	delete_non_whitelisted_standalone_consonant	h	1	 śakra visits the buddha	h śakra visits the buddha	recorded
4_rellit/buddh/vinv171u.txt	2066	standalone_consonant	delete_non_whitelisted_standalone_consonant	h	1	 brahma visits the buddha	h brahma visits the buddha	recorded
4_rellit/buddh/vinv171u.txt	2070	english_editorial	vinv171_english_summary	^j the buddha reads	1		j the buddha reads kāśyapas thoughts	recorded
4_rellit/buddh/vinv171u.txt	2078	standalone_consonant	delete_non_whitelisted_standalone_consonant	p	1	 an arjunatree inclines the branch	p an arjunatree inclines the branch	recorded
4_rellit/buddh/vinv171u.txt	2094	standalone_consonant	delete_non_whitelisted_standalone_consonant	m	2	atha bhagavān gayāyāṃ gayāśīrṣe caitya eva viharati sārdhaṃ bhikṣusahasreṇa sarvaiḥ purāṇajaṭilaiḥ sarvaiś cārhadbhiḥ kṣīṇāsravaiḥ kṛtakṛtyaiḥ kṛtakaraṇīyair avahṛtabhārair anuprāptasvakārthaiḥ parikṣīṇabhavasaṃyojanaiḥ samyagājñayā suvimuktacittaiḥ | aśrauṣū rājño māgadhasya śraiṇyasya biṃbisārasya pauruṣeyā janapadān anvāhiṇḍantaḥ | śākyānāṃ kumāra utpanno 'nuhimavatpārśve nadyā bhāgirathyās tīre kapilasyarṣer āśramapadasya nātidūre | sa brāhmaṇair nimittikair vipaṃcanakair vyākṛtaḥ | saced agāram adhyāvatsyati rājā bhaviṣyati cakravartī caturantyāṃ vijetā dhārmiko dharmarājā saptaratnasamanvāgataḥ | tasyaivaṃrūpāṇi sapta ratnāni bhaviṣyanti tadyathā cakraratnaṃ hastiratnaṃ aśvaratnaṃ maṇiratnaṃ strīratnaṃ gṛhahapatiratnaṃ pariṇāyakaratnam eva saptamam | pūrṇaṃ cāsya bhaviṣyati sahasraṃ putrāṇāṃ śūrāṇāṃ vīrāṇāṃ varāṅgarūpiṇāṃ parasainyapramardakānām | sa imāṃ samudraparyantāṃ mahāpṛthivīm akhilām akaṇṭakām anutpātām adaṇḍenāśastreṇa dharmeṇa samenābhinirjityādhyavatsyati | sacet keśaśmaśrūṇy avatārya kāṣāyāṇi vastrāṇy ācchādya samyag eva śraddhayāgārād anagārikāṃ pravrajiṣyati tathāgato bhaviṣyaty arhan samyaksaṃbuddho vighuṣṭaśabdo loke | śrutvā ca punar yena rājā māgadhaḥ śraiṇyo biṃbisāras tenopajagmuḥ | upetya rājānaṃ māgadhaṃ śraiṇyaṃ biṃbisāram idam avocan | yat khalu deva jānīyāḥ | iha vayam aśrauṣma devasya janapadān anvāhiṇḍantaḥ | śākyānāṃ kumāra utpanno 'nuhimavatpārśve nadyā bhāgirathyās tīre kapilasyarṣer āśramapadasya nātidūre | sa brāhmaṇair nimittikair vipaṃcanakair vyākṛtaḥ | saced agāram adhyāvatsyati rājā bhaviṣyati cakravartī caturantyāṃ vijetā pūrvavad yāvad pariṇāyakaratnam eva saptamam | pūrṇaṃ cāsya bhaviṣyati sahasraṃ putrāṇāṃ pūrvavad yāvad dharmeṇa samenābhinirjityādhyavatsyati | sacet keśaśmaśrūṇy avatārya kāṣāyāṇi vastrāṇy ācchādya pūrvavad yācad arhan samyaksaṃbuddho vighuṣṭaśabdo loke | taṃ devo ghātayatu |  || grāmaṇya śākyānāṃ kumāra utpanno 'nuhimavatpārśve nadyā bhāgirathyās tīre kapilasyarṣer āśramapadasya nātidūre pūrvavad yāvat saced agāram adhyāvatsyati rājā bhaviṣyati cakravartī pūrvavad yāvad dharmeṇa samenābhinirjityādhyavatsyati | purvavad yāvat sacet keśaśmaśrūṇy avatārya kāṣāyāṇi vastrāṇy ācchādya samyag eva śraddhayāgārād anagārikāṃ pravrajiṣyati tathāgato bhaviṣyaty arhan samyaksaṃbuddho vighuṣṭaśabdo loke | taṃ devo ghaṭayitu |  || mā grāmanya evaṃ vocata | tat kasya hetoḥ | mā grāmanya śākyānāṃ kumāra utpanno iti pūrvavad yāvat sacet rājā bhaviṣyati cakravartī anuyātrakā asya bhaviṣyāmaḥ | atha rājā māgadhaḥ śraiṇyo biṃbisāra upari prāsādatalagataḥ paṃcāyācanavastūny āyācate | aho batāyaṃ mama vijite tathāgata utpadyetārhan samyaksaṃbuddho vidyācaraṇasaṃpannaḥ sugato lokavid anuttaraḥ puruṣadamyasārathiḥ śāstā devamanuṣyāṇāṃ buddho bhagavān | taṃ cāhaṃ darśanāyopasaṃkramayeyam | upasaṃkrāntasya ca me dharmaṃ deśayet | taṃ cāhaṃ dharmaṃ ājānīyāṃ | ājñātadharmasya ca me śikṣāṃ prajñāpayet | yac cāhaṃ tāṃ śikṣāṃ samādāya vaseyam | tatra bhagavān bhikṣūn āmantrayate | eṣa bhikṣavo rājā māgadhaḥ śrainyo biṃbisāra upari prāsādatalagataḥ paṃcāyācanavastūny āyācate | aho batāyaṃ me vijite tathāgata utpadyetārhan samyaksaṃbuddho vidyācaraṇasaṃpannaḥ sugato lokavid anuttaraḥ puruṣadamyasārathiḥ śāstā devamanuṣyāṇāṃ buddho bhagavān | taṃ cāhaṃ darśanāyopasaṃkramayeyam | upasaṃkrāntasya ca me dharmaṃ deśayet | taṃ cāhaṃ dharmaṃ ājānīyāṃ | ājñātadharmasya ca me śikṣāṃ prajñāpayet | yac cāhaṃ tāṃ śikṣāṃ samādāya vaseyam	atha bhagavān gayāyāṃ gayāśīrṣe caitya eva viharati sārdhaṃ bhikṣusahasreṇa sarvaiḥ purāṇajaṭilaiḥ sarvaiś cārhadbhiḥ kṣīṇāsravaiḥ kṛtakṛtyaiḥ kṛtakaraṇīyair avahṛtabhārair anuprāptasvakārthaiḥ parikṣīṇabhavasaṃyojanaiḥ samyagājñayā suvimuktacittaiḥ | aśrauṣū rājño māgadhasya śraiṇyasya biṃbisārasya pauruṣeyā janapadān anvāhiṇḍantaḥ | śākyānāṃ kumāra utpanno 'nuhimavatpārśve nadyā bhāgirathyās tīre kapilasyarṣer āśramapadasya nātidūre | sa brāhmaṇair nimittikair vipaṃcanakair vyākṛtaḥ | saced agāram adhyāvatsyati rājā bhaviṣyati cakravartī caturantyāṃ vijetā dhārmiko dharmarājā saptaratnasamanvāgataḥ | tasyaivaṃrūpāṇi sapta ratnāni bhaviṣyanti tadyathā cakraratnaṃ hastiratnaṃ aśvaratnaṃ maṇiratnaṃ strīratnaṃ gṛhahapatiratnaṃ pariṇāyakaratnam eva saptamam | pūrṇaṃ cāsya bhaviṣyati sahasraṃ putrāṇāṃ śūrāṇāṃ vīrāṇāṃ varāṅgarūpiṇāṃ parasainyapramardakānām | sa imāṃ samudraparyantāṃ mahāpṛthivīm akhilām akaṇṭakām anutpātām adaṇḍenāśastreṇa dharmeṇa samenābhinirjityādhyavatsyati | sacet keśaśmaśrūṇy avatārya kāṣāyāṇi vastrāṇy ācchādya samyag eva śraddhayāgārād anagārikāṃ pravrajiṣyati tathāgato bhaviṣyaty arhan samyaksaṃbuddho vighuṣṭaśabdo loke | śrutvā ca punar yena rājā māgadhaḥ śraiṇyo biṃbisāras tenopajagmuḥ | upetya rājānaṃ māgadhaṃ śraiṇyaṃ biṃbisāram idam avocan | yat khalu deva jānīyāḥ | iha vayam aśrauṣma devasya janapadān anvāhiṇḍantaḥ | śākyānāṃ kumāra utpanno 'nuhimavatpārśve nadyā bhāgirathyās tīre kapilasyarṣer āśramapadasya nātidūre | sa brāhmaṇair nimittikair vipaṃcanakair vyākṛtaḥ | saced agāram adhyāvatsyati rājā bhaviṣyati cakravartī caturantyāṃ vijetā pūrvavad yāvad pariṇāyakaratnam eva saptamam | pūrṇaṃ cāsya bhaviṣyati sahasraṃ putrāṇāṃ pūrvavad yāvad dharmeṇa samenābhinirjityādhyavatsyati | sacet keśaśmaśrūṇy avatārya kāṣāyāṇi vastrāṇy ācchādya pūrvavad yācad arhan samyaksaṃbuddho vighuṣṭaśabdo loke | taṃ devo ghātayatu | m || grāmaṇya śākyānāṃ kumāra utpanno 'nuhimavatpārśve nadyā bhāgirathyās tīre kapilasyarṣer āśramapadasya nātidūre pūrvavad yāvat saced agāram adhyāvatsyati rājā bhaviṣyati cakravartī pūrvavad yāvad dharmeṇa samenābhinirjityādhyavatsyati | purvavad yāvat sacet keśaśmaśrūṇy avatārya kāṣāyāṇi vastrāṇy ācchādya samyag eva śraddhayāgārād anagārikāṃ pravrajiṣyati tathāgato bhaviṣyaty arhan samyaksaṃbuddho vighuṣṭaśabdo loke | taṃ devo ghaṭayitu | m || mā grāmanya evaṃ vocata | tat kasya hetoḥ | mā grāmanya śākyānāṃ kumāra utpanno iti pūrvavad yāvat sacet rājā bhaviṣyati cakravartī anuyātrakā asya bhaviṣyāmaḥ | atha rājā māgadhaḥ śraiṇyo biṃbisāra upari prāsādatalagataḥ paṃcāyācanavastūny āyācate | aho batāyaṃ mama vijite tathāgata utpadyetārhan samyaksaṃbuddho vidyācaraṇasaṃpannaḥ sugato lokavid anuttaraḥ puruṣadamyasārathiḥ śāstā devamanuṣyāṇāṃ buddho bhagavān | taṃ cāhaṃ darśanāyopasaṃkramayeyam | upasaṃkrāntasya ca me dharmaṃ deśayet | taṃ cāhaṃ dharmaṃ ājānīyāṃ | ājñātadharmasya ca me śikṣāṃ prajñāpayet | yac cāhaṃ tāṃ śikṣāṃ samādāya vaseyam | tatra bhagavān bhikṣūn āmantrayate | eṣa bhikṣavo rājā māgadhaḥ śrainyo biṃbisāra upari prāsādatalagataḥ paṃcāyācanavastūny āyācate | aho batāyaṃ me vijite tathāgata utpadyetārhan samyaksaṃbuddho vidyācaraṇasaṃpannaḥ sugato lokavid anuttaraḥ puruṣadamyasārathiḥ śāstā devamanuṣyāṇāṃ buddho bhagavān | taṃ cāhaṃ darśanāyopasaṃkramayeyam | upasaṃkrāntasya ca me dharmaṃ deśayet | taṃ cāhaṃ dharmaṃ ājānīyāṃ | ājñātadharmasya ca me śikṣāṃ prajñāpayet | yac cāhaṃ tāṃ śikṣāṃ samādāya vaseyam	recorded
6_sastra/3_phil/buddh/nagvigvu.txt	425	standalone_consonant	delete_non_whitelisted_standalone_consonant	y	1	atha manyase pramāṇasiddhyā prameyasiddhir bhavati pramāṇāpekṣatvāt | prameyasiddhyā ca pramāṇasiddhir bhavati prameyāpekṣatvād iti || evaṃ saty ubhayasyāpi siddhir na |  | ṇaṃ	atha manyase pramāṇasiddhyā prameyasiddhir bhavati pramāṇāpekṣatvāt | prameyasiddhyā ca pramāṇasiddhir bhavati prameyāpekṣatvād iti || evaṃ saty ubhayasyāpi siddhir na | y | ṇaṃ	recorded
6_sastra/3_phil/buddh/nagvigvu.txt	477	standalone_consonant	delete_non_whitelisted_standalone_consonant	y	1	yadi ca kuśalānāṃ dharmāṇāṃ svabhāvo hetupratyayasāmagrīṃ pratītyotpadyate | parabhāvād utpannaḥ kuśalānāṃ dharmāṇāṃ kathaṃ svabhāvo bhavati | evam evākuśalaprabhṛtīnāṃ | tatra yad uktaṃ | kuśalāvyākṛtānāṃ nā |  | dharmāṇāṃ kuśalaḥ svabhāvopadiṣṭaḥ | evam akuśalānām akuśalādir iti | tan na ||	yadi ca kuśalānāṃ dharmāṇāṃ svabhāvo hetupratyayasāmagrīṃ pratītyotpadyate | parabhāvād utpannaḥ kuśalānāṃ dharmāṇāṃ kathaṃ svabhāvo bhavati | evam evākuśalaprabhṛtīnāṃ | tatra yad uktaṃ | kuśalāvyākṛtānāṃ nā | y | dharmāṇāṃ kuśalaḥ svabhāvopadiṣṭaḥ | evam akuśalānām akuśalādir iti | tan na ||	recorded
6_sastra/3_phil/buddh/vakobhau.txt	2231	standalone_consonant	delete_non_whitelisted_standalone_consonant	ś	1		ś	recorded
6_sastra/3_phil/buddh/vakobhau.txt	8595	standalone_consonant	delete_non_whitelisted_standalone_consonant	p	1		p	recorded
6_sastra/3_phil/buddh/vakobhau.txt	19561	standalone_consonant	delete_non_whitelisted_standalone_consonant	p	1	 |	p |	recorded
6_sastra/3_phil/buddh/vakobhau.txt	30263	standalone_consonant	delete_non_whitelisted_standalone_consonant	p	1	 |	p |	recorded
4_rellit/saiva/kubjt_pu.txt	5051	standalone_consonant	delete_non_whitelisted_standalone_consonant	l	1	strīpuṃnapuṃsake dve tu pīṭhavyāptau pare viduḥ  |	strīpuṃnapuṃsake dve tu pīṭhavyāptau pare viduḥ l |	recorded
4_rellit/saiva/kubjt_pu.txt	11499	english_editorial	kubjt_only_in_note	^only in$	1		only in	recorded
4_rellit/saiva/svact_pu.txt	13455	english_editorial	svact_reading_note	^kṣemarāja records	1		kṣemarāja records that bhullaka reads |	recorded
4_rellit/saiva/svact_pu.txt	13571	english_editorial	svact_reading_note	^kṣemarāja records	1		kṣemarāja records here another reading | kvacittu ||	recorded
4_rellit/vaisn/ss2_bhgu.txt	9327	standalone_consonant	delete_non_whitelisted_standalone_consonant	k	1		k	recorded
4_rellit/vaisn/ss2_bhgu.txt	9497	standalone_consonant	delete_non_whitelisted_standalone_consonant	k	1	tathaiveyaṃ dvijottama || iti | 	tathaiveyaṃ dvijottama || iti | k	recorded
4_rellit/vaisn/ss5_bhku.txt	119	standalone_consonant	delete_non_whitelisted_standalone_consonant	y	1	dvitīyābhiniveśata |  syāt | sa ca dehādyahaṅkārataḥ | sa ca	dvitīyābhiniveśata | y syāt | sa ca dehādyahaṅkārataḥ | sa ca	recorded
4_rellit/vaisn/ss5_bhku.txt	10133	standalone_consonant	delete_non_whitelisted_standalone_consonant	r	1	ambarīṣasya sacchiromaṇe |  ācāradarśanāya tad eva niścīyata iti |	ambarīṣasya sacchiromaṇe | r ācāradarśanāya tad eva niścīyata iti |	recorded
4_rellit/vaisn/ss6_priu.txt	5707	english_editorial	here_adds_or_omits	\bhere (?:adds|omits)\b	1	nanu | śrīpater eva padaṃ śrīkuṅkumagandhāḍhyaṃ vṛ |  | tat |	nanu | śrīpater eva padaṃ śrīkuṅkumagandhāḍhyaṃ vṛ | here adds | tat |	recorded
4_rellit/vaisn/ss6_priu.txt	6501	english_editorial	vṛ_here_adds	\bvṛ here adds\b	1	agamane vṛṣṇīnām ity ubhayato vyākulacittā satī  | teṣu sneha |	agamane vṛṣṇīnām ity ubhayato vyākulacittā satī vṛ here adds | teṣu sneha |	recorded
4_rellit/vaisn/vaimp__u.txt	1119	english_editorial	vaimp_remaining_apparatus_line	\b(?:denotes|check|replaces|omits|adds|read as|reads|missing in|corrected to)\b|^only$|^in book$	1		l denotes ā in the	recorded
4_rellit/vaisn/vaimp__u.txt	2873	standalone_consonant	delete_non_whitelisted_standalone_consonant	v	1		v	recorded
4_rellit/vaisn/vaimp__u.txt	2915	english_editorial	vaimp_remaining_apparatus_line	\b(?:denotes|check|replaces|omits|adds|read as|reads|missing in|corrected to)\b|^only$|^in book$	1		viniścitārthās replaces | suniścitārthās	recorded
4_rellit/vaisn/vaimp__u.txt	2917	english_editorial	vaimp_remaining_apparatus_line	\b(?:denotes|check|replaces|omits|adds|read as|reads|missing in|corrected to)\b|^only$|^in book$	1		lokeṣu replaces | loke tu	recorded
4_rellit/vaisn/vaimp__u.txt	2925	english_editorial	vaimp_remaining_apparatus_line	\b(?:denotes|check|replaces|omits|adds|read as|reads|missing in|corrected to)\b|^only$|^in book$	1		varaṃ veśma bhūtaṃ replaces para veśma bhūtaṃ	recorded
4_rellit/vaisn/vaimp__u.txt	2935	english_editorial	vaimp_remaining_apparatus_line	\b(?:denotes|check|replaces|omits|adds|read as|reads|missing in|corrected to)\b|^only$|^in book$	1		ajo 'nyas suvibhā nābhiḥ sarvam asyaiva | omits	recorded
4_rellit/vaisn/vaimp__u.txt	2965	english_editorial	vaimp_remaining_apparatus_line	\b(?:denotes|check|replaces|omits|adds|read as|reads|missing in|corrected to)\b|^only$|^in book$	1		here omits nārāyaṇaḥ paro dhyātā dhyānaṃ nārāyaṇaḥ paraḥ | padād api paraś cāsu tasmād yas tu parāt paraḥ ||	recorded
4_rellit/vaisn/vaimp__u.txt	3007	english_editorial	vaimp_remaining_apparatus_line	\b(?:denotes|check|replaces|omits|adds|read as|reads|missing in|corrected to)\b|^only$|^in book$	1		vitastyānte replaces vitastyān tu	recorded
4_rellit/vaisn/vaimp__u.txt	3019	english_editorial	vaimp_remaining_apparatus_line	\b(?:denotes|check|replaces|omits|adds|read as|reads|missing in|corrected to)\b|^only$|^in book$	1		pītā bhāsvaty anupamā replaces pītābhā syāt tanūpamā	recorded
4_rellit/vaisn/vaimp__u.txt	3021	english_editorial	vaimp_remaining_apparatus_line	\b(?:denotes|check|replaces|omits|adds|read as|reads|missing in|corrected to)\b|^only$|^in book$	1		here omits	recorded
4_rellit/vaisn/vaimp__u.txt	4425	english_editorial	vaimp_remaining_apparatus_line	\b(?:denotes|check|replaces|omits|adds|read as|reads|missing in|corrected to)\b|^only$|^in book$	1		check p |	recorded
4_rellit/vaisn/vaimp__u.txt	4437	english_editorial	vaimp_remaining_apparatus_line	\b(?:denotes|check|replaces|omits|adds|read as|reads|missing in|corrected to)\b|^only$|^in book$	1		in book	recorded
4_rellit/vaisn/vaimp__u.txt	6515	english_editorial	vaimp_remaining_apparatus_line	\b(?:denotes|check|replaces|omits|adds|read as|reads|missing in|corrected to)\b|^only$|^in book$	1		mamā vaha replaces ma ā vaha	recorded
4_rellit/vaisn/vaimp__u.txt	6539	english_editorial	vaimp_remaining_apparatus_line	\b(?:denotes|check|replaces|omits|adds|read as|reads|missing in|corrected to)\b|^only$|^in book$	1		prayant suvaḥ replaces prayan sthuvas	recorded
4_rellit/vaisn/vaimp__u.txt	7357	english_editorial	vaimp_remaining_apparatus_line	\b(?:denotes|check|replaces|omits|adds|read as|reads|missing in|corrected to)\b|^only$|^in book$	1		in book	recorded
4_rellit/vaisn/vaimp__u.txt	7401	english_editorial	vaimp_remaining_apparatus_line	\b(?:denotes|check|replaces|omits|adds|read as|reads|missing in|corrected to)\b|^only$|^in book$	1		omits second kam	recorded
4_rellit/vaisn/vaimp__u.txt	7431	english_editorial	vaimp_remaining_apparatus_line	\b(?:denotes|check|replaces|omits|adds|read as|reads|missing in|corrected to)\b|^only$|^in book$	1		omits tris tris tri dhātmā	recorded
4_rellit/vaisn/vaimp__u.txt	7513	english_editorial	vaimp_remaining_apparatus_line	\b(?:denotes|check|replaces|omits|adds|read as|reads|missing in|corrected to)\b|^only$|^in book$	1		omits	recorded
4_rellit/vaisn/vaimp__u.txt	7607	english_editorial	vaimp_remaining_apparatus_line	\b(?:denotes|check|replaces|omits|adds|read as|reads|missing in|corrected to)\b|^only$|^in book$	1		omits yo vā tejas	recorded
4_rellit/vaisn/vaimp__u.txt	7637	english_editorial	vaimp_remaining_apparatus_line	\b(?:denotes|check|replaces|omits|adds|read as|reads|missing in|corrected to)\b|^only$|^in book$	1		omits	recorded
4_rellit/vaisn/vaimp__u.txt	7645	english_editorial	vaimp_remaining_apparatus_line	\b(?:denotes|check|replaces|omits|adds|read as|reads|missing in|corrected to)\b|^only$|^in book$	1		adds	recorded
4_rellit/vaisn/vaimp__u.txt	7703	english_editorial	vaimp_remaining_apparatus_line	\b(?:denotes|check|replaces|omits|adds|read as|reads|missing in|corrected to)\b|^only$|^in book$	1		omits	recorded
4_rellit/vaisn/vaimp__u.txt	7707	english_editorial	vaimp_remaining_apparatus_line	\b(?:denotes|check|replaces|omits|adds|read as|reads|missing in|corrected to)\b|^only$|^in book$	1		omits satyam īśiṣam	recorded
4_rellit/vaisn/vaimp__u.txt	7713	english_editorial	vaimp_remaining_apparatus_line	\b(?:denotes|check|replaces|omits|adds|read as|reads|missing in|corrected to)\b|^only$|^in book$	1		omits	recorded
4_rellit/vaisn/vaimp__u.txt	7745	english_editorial	vaimp_remaining_apparatus_line	\b(?:denotes|check|replaces|omits|adds|read as|reads|missing in|corrected to)\b|^only$|^in book$	1		bhūr āsīd replaces bhūr bhuvas suvar asi	recorded
4_rellit/vaisn/vaimp__u.txt	7747	english_editorial	vaimp_remaining_apparatus_line	\b(?:denotes|check|replaces|omits|adds|read as|reads|missing in|corrected to)\b|^only$|^in book$	1		apo replaces āpa āpo	recorded
4_rellit/vaisn/vaimp__u.txt	7793	english_editorial	vaimp_remaining_apparatus_line	\b(?:denotes|check|replaces|omits|adds|read as|reads|missing in|corrected to)\b|^only$|^in book$	1		anusaṃditānam replaces anutaṃ vitānam	recorded
4_rellit/vaisn/vaimp__u.txt	7803	english_editorial	vaimp_remaining_apparatus_line	\b(?:denotes|check|replaces|omits|adds|read as|reads|missing in|corrected to)\b|^only$|^in book$	1		omits	recorded
4_rellit/vaisn/vaimp__u.txt	7835	english_editorial	vaimp_remaining_apparatus_line	\b(?:denotes|check|replaces|omits|adds|read as|reads|missing in|corrected to)\b|^only$|^in book$	1		omits yo vā	recorded
4_rellit/vaisn/vaimp__u.txt	7855	english_editorial	vaimp_remaining_apparatus_line	\b(?:denotes|check|replaces|omits|adds|read as|reads|missing in|corrected to)\b|^only$|^in book$	1		omits	recorded
4_rellit/vaisn/vaimp__u.txt	7857	english_editorial	vaimp_remaining_apparatus_line	\b(?:denotes|check|replaces|omits|adds|read as|reads|missing in|corrected to)\b|^only$|^in book$	1		vāpy ahiṃsīj replaces vā vyahiṃsīj	recorded
4_rellit/vaisn/vaimp__u.txt	7889	english_editorial	vaimp_remaining_apparatus_line	\b(?:denotes|check|replaces|omits|adds|read as|reads|missing in|corrected to)\b|^only$|^in book$	1		omits	recorded
4_rellit/vaisn/vaimp__u.txt	7917	english_editorial	vaimp_remaining_apparatus_line	\b(?:denotes|check|replaces|omits|adds|read as|reads|missing in|corrected to)\b|^only$|^in book$	1		sāsi vā sma yā replaces śāsti sma vā yas	recorded
4_rellit/vaisn/vaimp__u.txt	7981	english_editorial	vaimp_remaining_apparatus_line	\b(?:denotes|check|replaces|omits|adds|read as|reads|missing in|corrected to)\b|^only$|^in book$	1		abhūd antaṃ replaces rudantaṃ	recorded
4_rellit/vaisn/vaimp__u.txt	7985	english_editorial	vaimp_remaining_apparatus_line	\b(?:denotes|check|replaces|omits|adds|read as|reads|missing in|corrected to)\b|^only$|^in book$	1		vidhudaṃ tudan yo replaces vidhunan tu dhanyo	recorded
4_rellit/vaisn/vaimp__u.txt	8013	english_editorial	vaimp_remaining_apparatus_line	\b(?:denotes|check|replaces|omits|adds|read as|reads|missing in|corrected to)\b|^only$|^in book$	1		pratarann anu tam antas replaces prataran nuvantas	recorded
4_rellit/vaisn/vaimp__u.txt	8015	english_editorial	vaimp_remaining_apparatus_line	\b(?:denotes|check|replaces|omits|adds|read as|reads|missing in|corrected to)\b|^only$|^in book$	1		tā vased dyauḥ replaces tās vāva nadyām	recorded
4_rellit/vaisn/vaimp__u.txt	8021	english_editorial	vaimp_remaining_apparatus_line	\b(?:denotes|check|replaces|omits|adds|read as|reads|missing in|corrected to)\b|^only$|^in book$	1		omits	recorded
4_rellit/vaisn/vaimp__u.txt	8029	english_editorial	vaimp_remaining_apparatus_line	\b(?:denotes|check|replaces|omits|adds|read as|reads|missing in|corrected to)\b|^only$|^in book$	1		vāntike replaces vāva puṣṇan	recorded
4_rellit/vaisn/vaimp__u.txt	8031	english_editorial	vaimp_remaining_apparatus_line	\b(?:denotes|check|replaces|omits|adds|read as|reads|missing in|corrected to)\b|^only$|^in book$	1		omits	recorded
4_rellit/vaisn/vaimp__u.txt	8065	english_editorial	vaimp_remaining_apparatus_line	\b(?:denotes|check|replaces|omits|adds|read as|reads|missing in|corrected to)\b|^only$|^in book$	1		varā variṣṭhaṃ replaces varāṃ variṣṭhāṃ	recorded
4_rellit/vaisn/vaimp__u.txt	8069	english_editorial	vaimp_remaining_apparatus_line	\b(?:denotes|check|replaces|omits|adds|read as|reads|missing in|corrected to)\b|^only$|^in book$	1		omits vyadadhat tam antrat tad	recorded
4_rellit/vaisn/vaimp__u.txt	8077	english_editorial	vaimp_remaining_apparatus_line	\b(?:denotes|check|replaces|omits|adds|read as|reads|missing in|corrected to)\b|^only$|^in book$	1		prapatat patantaḥ replaces prapatan padataḥ	recorded
4_rellit/vaisn/vaimp__u.txt	8079	english_editorial	vaimp_remaining_apparatus_line	\b(?:denotes|check|replaces|omits|adds|read as|reads|missing in|corrected to)\b|^only$|^in book$	1		punayaḥ replaces punar yaḥ	recorded
4_rellit/vaisn/vaimp__u.txt	8103	english_editorial	vaimp_remaining_apparatus_line	\b(?:denotes|check|replaces|omits|adds|read as|reads|missing in|corrected to)\b|^only$|^in book$	1		vahase sva bhūtyai replaces vahasi sma bhūtyai	recorded
4_rellit/vaisn/vaimp__u.txt	8117	english_editorial	vaimp_remaining_apparatus_line	\b(?:denotes|check|replaces|omits|adds|read as|reads|missing in|corrected to)\b|^only$|^in book$	1		phuruṣe read as puruṣe | puruṣe	recorded
4_rellit/vaisn/vaimp__u.txt	8133	english_editorial	vaimp_remaining_apparatus_line	\b(?:denotes|check|replaces|omits|adds|read as|reads|missing in|corrected to)\b|^only$|^in book$	1		asmat pitaraṃ replaces asmad vitaran	recorded
4_rellit/vaisn/vaimp__u.txt	8139	english_editorial	vaimp_remaining_apparatus_line	\b(?:denotes|check|replaces|omits|adds|read as|reads|missing in|corrected to)\b|^only$|^in book$	1		kamalaṃ parāya replaces kamalā varāya	recorded
4_rellit/vaisn/vaimp__u.txt	8141	english_editorial	vaimp_remaining_apparatus_line	\b(?:denotes|check|replaces|omits|adds|read as|reads|missing in|corrected to)\b|^only$|^in book$	1		omits	recorded
4_rellit/vaisn/vaimp__u.txt	8145	english_editorial	vaimp_remaining_apparatus_line	\b(?:denotes|check|replaces|omits|adds|read as|reads|missing in|corrected to)\b|^only$|^in book$	1		viyati kṣayāṇāṃ replaces vipad akṣayāṇām	recorded
4_rellit/vaisn/vaimp__u.txt	8173	english_editorial	vaimp_remaining_apparatus_line	\b(?:denotes|check|replaces|omits|adds|read as|reads|missing in|corrected to)\b|^only$|^in book$	1		sahasor dharitrī replaces sahasūr dharitre	recorded
4_rellit/vaisn/vaimp__u.txt	8175	english_editorial	vaimp_remaining_apparatus_line	\b(?:denotes|check|replaces|omits|adds|read as|reads|missing in|corrected to)\b|^only$|^in book$	1		vasuṃ vasuṃ replaces vasan vasan	recorded
4_rellit/vaisn/vaimp__u.txt	8201	english_editorial	vaimp_remaining_apparatus_line	\b(?:denotes|check|replaces|omits|adds|read as|reads|missing in|corrected to)\b|^only$|^in book$	1		virajaṃ nityam replaces nīrajantaṃ	recorded
4_rellit/vaisn/vaimp__u.txt	8203	english_editorial	vaimp_remaining_apparatus_line	\b(?:denotes|check|replaces|omits|adds|read as|reads|missing in|corrected to)\b|^only$|^in book$	1		omits sutanu vrajantam	recorded
4_rellit/vaisn/vaimp__u.txt	8205	english_editorial	vaimp_remaining_apparatus_line	\b(?:denotes|check|replaces|omits|adds|read as|reads|missing in|corrected to)\b|^only$|^in book$	1		adhunādhvareṇa replaces adhunod vareṇyas	recorded
4_rellit/vaisn/vaimp__u.txt	8211	english_editorial	vaimp_remaining_apparatus_line	\b(?:denotes|check|replaces|omits|adds|read as|reads|missing in|corrected to)\b|^only$|^in book$	1		omits	recorded
4_rellit/vaisn/vaimp__u.txt	8217	english_editorial	vaimp_remaining_apparatus_line	\b(?:denotes|check|replaces|omits|adds|read as|reads|missing in|corrected to)\b|^only$|^in book$	1		omits	recorded
4_rellit/vaisn/vaimp__u.txt	8219	english_editorial	vaimp_remaining_apparatus_line	\b(?:denotes|check|replaces|omits|adds|read as|reads|missing in|corrected to)\b|^only$|^in book$	1		jenātir jenātiṣāṃ jenātir replaces jyotir jyotir jyotiṣāṃ jyotir	recorded
4_rellit/vaisn/vaimp__u.txt	8221	english_editorial	vaimp_remaining_apparatus_line	\b(?:denotes|check|replaces|omits|adds|read as|reads|missing in|corrected to)\b|^only$|^in book$	1		omits	recorded
4_rellit/vaisn/vaimp__u.txt	8225	english_editorial	vaimp_remaining_apparatus_line	\b(?:denotes|check|replaces|omits|adds|read as|reads|missing in|corrected to)\b|^only$|^in book$	1		omits	recorded
4_rellit/vaisn/vaimp__u.txt	8227	english_editorial	vaimp_remaining_apparatus_line	\b(?:denotes|check|replaces|omits|adds|read as|reads|missing in|corrected to)\b|^only$|^in book$	1		saṃ jenātir replaces sa jyotir	recorded
4_rellit/vaisn/vaimp__u.txt	8251	english_editorial	vaimp_remaining_apparatus_line	\b(?:denotes|check|replaces|omits|adds|read as|reads|missing in|corrected to)\b|^only$|^in book$	1		sattvaṃ sattvātmakaṃ vā replaces satvaṃ satvātmako	recorded
4_rellit/vaisn/vaimp__u.txt	8253	english_editorial	vaimp_remaining_apparatus_line	\b(?:denotes|check|replaces|omits|adds|read as|reads|missing in|corrected to)\b|^only$|^in book$	1		nirīśvaram replaces tam īśvaram	recorded
4_rellit/vaisn/vaimp__u.txt	8255	english_editorial	vaimp_remaining_apparatus_line	\b(?:denotes|check|replaces|omits|adds|read as|reads|missing in|corrected to)\b|^only$|^in book$	1		omits second āsīd	recorded
4_rellit/vaisn/vaimp__u.txt	8257	english_editorial	vaimp_remaining_apparatus_line	\b(?:denotes|check|replaces|omits|adds|read as|reads|missing in|corrected to)\b|^only$|^in book$	1		udakātmakam replaces udakam ātmākam	recorded
4_rellit/vaisn/vaimp__u.txt	8259	english_editorial	vaimp_remaining_apparatus_line	\b(?:denotes|check|replaces|omits|adds|read as|reads|missing in|corrected to)\b|^only$|^in book$	1		this verse reads | yasyecchā loke vā prajāyatir loke yasmai vāsi tasmai | vāsīt yad vās saṃjātaṃ | yat sarvam īśam āśiṣe svāhā	recorded
4_rellit/vaisn/vaimp__u.txt	8261	english_editorial	vaimp_remaining_apparatus_line	\b(?:denotes|check|replaces|omits|adds|read as|reads|missing in|corrected to)\b|^only$|^in book$	1		missing in	recorded
4_rellit/vaisn/vaimp__u.txt	8263	english_editorial	vaimp_remaining_apparatus_line	\b(?:denotes|check|replaces|omits|adds|read as|reads|missing in|corrected to)\b|^only$|^in book$	1		missing in	recorded
4_rellit/vaisn/vaimp__u.txt	8441	english_editorial	vaimp_remaining_apparatus_line	\b(?:denotes|check|replaces|omits|adds|read as|reads|missing in|corrected to)\b|^only$|^in book$	1		paramātmānaṃ read as paramātmāyaṃ	recorded
4_rellit/vaisn/vaimp__u.txt	8715	english_editorial	vaimp_remaining_apparatus_line	\b(?:denotes|check|replaces|omits|adds|read as|reads|missing in|corrected to)\b|^only$|^in book$	1		in book	recorded
4_rellit/vaisn/vaimp__u.txt	8717	english_editorial	vaimp_remaining_apparatus_line	\b(?:denotes|check|replaces|omits|adds|read as|reads|missing in|corrected to)\b|^only$|^in book$	1		missing in	recorded
4_rellit/vaisn/vaimp__u.txt	8719	english_editorial	vaimp_remaining_apparatus_line	\b(?:denotes|check|replaces|omits|adds|read as|reads|missing in|corrected to)\b|^only$|^in book$	1		missing in	recorded
4_rellit/vaisn/vaimp__u.txt	10461	english_editorial	vaimp_remaining_apparatus_line	\b(?:denotes|check|replaces|omits|adds|read as|reads|missing in|corrected to)\b|^only$|^in book$	1		taṃ juṣasva replaces tvaṃ juṣaja	recorded
4_rellit/vaisn/vaimp__u.txt	10463	english_editorial	vaimp_remaining_apparatus_line	\b(?:denotes|check|replaces|omits|adds|read as|reads|missing in|corrected to)\b|^only$|^in book$	1		gave 'śvāya puruṣāya replaces vaiśvānarāya	recorded
4_rellit/vaisn/vaimp__u.txt	10465	english_editorial	vaimp_remaining_apparatus_line	\b(?:denotes|check|replaces|omits|adds|read as|reads|missing in|corrected to)\b|^only$|^in book$	1		asya mahimānam iti replaces tadābhīmānam eti	recorded
4_rellit/vaisn/vaimp__u.txt	11647	english_editorial	vaimp_remaining_apparatus_line	\b(?:denotes|check|replaces|omits|adds|read as|reads|missing in|corrected to)\b|^only$|^in book$	1		udito vibhāti replaces uditau vyeti	recorded
4_rellit/vaisn/vaimp__u.txt	11651	english_editorial	vaimp_remaining_apparatus_line	\b(?:denotes|check|replaces|omits|adds|read as|reads|missing in|corrected to)\b|^only$|^in book$	1		yad bṛhatīr replaces yan mahatīr	recorded
4_rellit/vaisn/vaimp__u.txt	11999	english_editorial	vaimp_remaining_apparatus_line	\b(?:denotes|check|replaces|omits|adds|read as|reads|missing in|corrected to)\b|^only$|^in book$	1		yuvasva ni vīram replaces yuveha ni vīravad	recorded
4_rellit/vaisn/vaimp__u.txt	12071	english_editorial	vaimp_remaining_apparatus_line	\b(?:denotes|check|replaces|omits|adds|read as|reads|missing in|corrected to)\b|^only$|^in book$	1		tirodhā | corrected to tirodhās | the version in	recorded
4_rellit/vaisn/vaimp__u.txt	12103	english_editorial	vaimp_remaining_apparatus_line	\b(?:denotes|check|replaces|omits|adds|read as|reads|missing in|corrected to)\b|^only$|^in book$	1		only	recorded
4_rellit/vaisn/vaimp__u.txt	12105	english_editorial	vaimp_remaining_apparatus_line	\b(?:denotes|check|replaces|omits|adds|read as|reads|missing in|corrected to)\b|^only$|^in book$	1		only	recorded
4_rellit/vaisn/vaimp__u.txt	12107	english_editorial	vaimp_remaining_apparatus_line	\b(?:denotes|check|replaces|omits|adds|read as|reads|missing in|corrected to)\b|^only$|^in book$	1		only	recorded
4_rellit/vaisn/vaimp__u.txt	12109	english_editorial	vaimp_remaining_apparatus_line	\b(?:denotes|check|replaces|omits|adds|read as|reads|missing in|corrected to)\b|^only$|^in book$	1		only	recorded
4_rellit/vaisn/vaimp__u.txt	12111	english_editorial	vaimp_remaining_apparatus_line	\b(?:denotes|check|replaces|omits|adds|read as|reads|missing in|corrected to)\b|^only$|^in book$	1		only	recorded
4_rellit/vaisn/vaimp__u.txt	13749	english_editorial	vaimp_remaining_apparatus_line	\b(?:denotes|check|replaces|omits|adds|read as|reads|missing in|corrected to)\b|^only$|^in book$	1		omits	recorded
4_rellit/vaisn/vaimp__u.txt	13773	english_editorial	vaimp_remaining_apparatus_line	\b(?:denotes|check|replaces|omits|adds|read as|reads|missing in|corrected to)\b|^only$|^in book$	1		omits	recorded
4_rellit/vaisn/vaimp__u.txt	13857	english_editorial	vaimp_remaining_apparatus_line	\b(?:denotes|check|replaces|omits|adds|read as|reads|missing in|corrected to)\b|^only$|^in book$	1		omits	recorded
4_rellit/vaisn/vaimp__u.txt	13865	english_editorial	vaimp_remaining_apparatus_line	\b(?:denotes|check|replaces|omits|adds|read as|reads|missing in|corrected to)\b|^only$|^in book$	1		in book	recorded
4_rellit/vaisn/vaimp__u.txt	13877	english_editorial	vaimp_remaining_apparatus_line	\b(?:denotes|check|replaces|omits|adds|read as|reads|missing in|corrected to)\b|^only$|^in book$	1		in book	recorded
5_poetry/2_kavya/kragh_pu.txt	417	standalone_consonant	delete_non_whitelisted_standalone_consonant	c	1	 |	c |	recorded
5_poetry/2_kavya/kragh_pu.txt	4465	standalone_consonant	delete_non_whitelisted_standalone_consonant	t	1	karṇārpiten  ākaravaṃ kapolam apārthyakālāgurupattralekham vt ||	karṇārpiten t ākaravaṃ kapolam apārthyakālāgurupattralekham vt ||	recorded
5_poetry/2_kavya/kragh_pu.txt	4509	standalone_consonant	delete_non_whitelisted_standalone_consonant	t	1	patatriṇāṃ manasagocarāṇāṃ  śreṇīva kādambavihaṃgapaṅktyā ||	patatriṇāṃ manasagocarāṇāṃ t śreṇīva kādambavihaṃgapaṅktyā ||	recorded
5_poetry/2_kavya/padnscpu.txt	359	standalone_consonant	delete_non_whitelisted_standalone_consonant	c	1	 | kalikuñjarasya | lem | ed | hyaghakuñjarasya | 	c | kalikuñjarasya | lem | ed | hyaghakuñjarasya | k	recorded
5_poetry/2_kavya/padnscpu.txt	359	standalone_consonant	delete_non_whitelisted_standalone_consonant	k	1	 | kalikuñjarasya | lem | ed | hyaghakuñjarasya | 	c | kalikuñjarasya | lem | ed | hyaghakuñjarasya | k	recorded
5_poetry/2_kavya/padnscpu.txt	385	standalone_consonant	delete_non_whitelisted_standalone_consonant	b	1	 | tasya | lem |  |  | yasya | ed	d | tasya | lem | k | b | yasya | ed	recorded
5_poetry/2_kavya/padnscpu.txt	385	standalone_consonant	delete_non_whitelisted_standalone_consonant	d	1	 | tasya | lem |  |  | yasya | ed	d | tasya | lem | k | b | yasya | ed	recorded
5_poetry/2_kavya/padnscpu.txt	385	standalone_consonant	delete_non_whitelisted_standalone_consonant	k	1	 | tasya | lem |  |  | yasya | ed	d | tasya | lem | k | b | yasya | ed	recorded
5_poetry/2_kavya/padnscpu.txt	391	standalone_consonant	delete_non_whitelisted_standalone_consonant	d	1	 || sulabha || lem |  || lalilta || ed	d || sulabha || lem | k || lalilta || ed	recorded
5_poetry/2_kavya/padnscpu.txt	391	standalone_consonant	delete_non_whitelisted_standalone_consonant	k	1	 || sulabha || lem |  || lalilta || ed	d || sulabha || lem | k || lalilta || ed	recorded
5_poetry/2_kavya/padnscpu.txt	401	standalone_consonant	delete_non_whitelisted_standalone_consonant	k	1	bhṛśam | lem |  | hṛdi | ed	bhṛśam | lem | k | hṛdi | ed	recorded
5_poetry/2_kavya/padnscpu.txt	423	standalone_consonant	delete_non_whitelisted_standalone_consonant	c	1	a | vyādhūti || lem | ed |  || gṛhāt | lem | ed || grahāt | em |	a | vyādhūti || lem | ed | c || gṛhāt | lem | ed || grahāt | em |	recorded
5_poetry/2_kavya/padnscpu.txt	621	standalone_consonant	delete_non_whitelisted_standalone_consonant	s	1	tvayaiṣa citrasāraṅgo deva dūram anudruta ||  ||	tvayaiṣa citrasāraṅgo deva dūram anudruta || s ||	recorded
5_poetry/2_kavya/padnscpu.txt	667	standalone_consonant	delete_non_whitelisted_standalone_consonant	c	1	 || paṅka || lem | em | paṅkta || ed	c || paṅka || lem | em | paṅkta || ed	recorded
5_poetry/2_kavya/padnscpu.txt	723	english_editorial	padnsc_only_in_edition_apparatus	^only in k \| ed \| reads \|	1		only in k | ed | reads | svedabhinnāṅgarāgaḥ sa sarasīṃ tām agāhata | madasiktataṭāghātadhūlir vanya iva dvipaḥ	recorded
5_poetry/2_kavya/padnscpu.txt	741	standalone_consonant	delete_non_whitelisted_standalone_consonant	d	1	 || kautukam | lem |  || maṅgalam | ed	d || kautukam | lem | k || maṅgalam | ed	recorded
5_poetry/2_kavya/padnscpu.txt	741	standalone_consonant	delete_non_whitelisted_standalone_consonant	k	1	 || kautukam | lem |  || maṅgalam | ed	d || kautukam | lem | k || maṅgalam | ed	recorded
5_poetry/2_kavya/padnscpu.txt	823	standalone_consonant	delete_non_whitelisted_standalone_consonant	c	1	 | niśānte | lem |  | vanānte | ed	c | niśānte | lem | k | vanānte | ed	recorded
5_poetry/2_kavya/padnscpu.txt	823	standalone_consonant	delete_non_whitelisted_standalone_consonant	k	1	 | niśānte | lem |  | vanānte | ed	c | niśānte | lem | k | vanānte | ed	recorded
5_poetry/2_kavya/padnscpu.txt	841	standalone_consonant	delete_non_whitelisted_standalone_consonant	b	1	 || kalaṅkitena | lem |  |  || lavāṅkitena | ed	c || kalaṅkitena | lem | k | b || lavāṅkitena | ed	recorded
5_poetry/2_kavya/padnscpu.txt	841	standalone_consonant	delete_non_whitelisted_standalone_consonant	c	1	 || kalaṅkitena | lem |  |  || lavāṅkitena | ed	c || kalaṅkitena | lem | k | b || lavāṅkitena | ed	recorded
5_poetry/2_kavya/padnscpu.txt	841	standalone_consonant	delete_non_whitelisted_standalone_consonant	k	1	 || kalaṅkitena | lem |  |  || lavāṅkitena | ed	c || kalaṅkitena | lem | k | b || lavāṅkitena | ed	recorded
5_poetry/2_kavya/padnscpu.txt	859	standalone_consonant	delete_non_whitelisted_standalone_consonant	c	1	 | manyu || lem | conj | mañju || ed | varguñjad | lem |  | mukta | ed	c | manyu || lem | conj | mañju || ed | varguñjad | lem | k | mukta | ed	recorded
5_poetry/2_kavya/padnscpu.txt	859	standalone_consonant	delete_non_whitelisted_standalone_consonant	k	1	 | manyu || lem | conj | mañju || ed | varguñjad | lem |  | mukta | ed	c | manyu || lem | conj | mañju || ed | varguñjad | lem | k | mukta | ed	recorded
5_poetry/2_kavya/padnscpu.txt	1193	standalone_consonant	delete_non_whitelisted_standalone_consonant	d	1	 | sasmitam | lem  | tr | i | saspṛham | ed	d | sasmitam | lem k | tr | i | saspṛham | ed	recorded
5_poetry/2_kavya/padnscpu.txt	1193	standalone_consonant	delete_non_whitelisted_standalone_consonant	k	1	 | sasmitam | lem  | tr | i | saspṛham | ed	d | sasmitam | lem k | tr | i | saspṛham | ed	recorded
5_poetry/2_kavya/padnscpu.txt	1511	standalone_consonant	delete_non_whitelisted_standalone_consonant	c	1	 | smaram ūrdhva || lem |  | smaramūrdha || ed	c | smaram ūrdhva || lem | k | smaramūrdha || ed	recorded
5_poetry/2_kavya/padnscpu.txt	1511	standalone_consonant	delete_non_whitelisted_standalone_consonant	k	1	 | smaram ūrdhva || lem |  | smaramūrdha || ed	c | smaram ūrdhva || lem | k | smaramūrdha || ed	recorded
5_poetry/2_kavya/padnscpu.txt	1667	standalone_consonant	delete_non_whitelisted_standalone_consonant	c	1		c	recorded
5_poetry/2_kavya/padnscpu.txt	1895	standalone_consonant	delete_non_whitelisted_standalone_consonant	b	1	 | amareṣv atha | lem |  | amareṣu ca | ed	b | amareṣv atha | lem | k | amareṣu ca | ed	recorded
5_poetry/2_kavya/padnscpu.txt	1895	standalone_consonant	delete_non_whitelisted_standalone_consonant	k	1	 | amareṣv atha | lem |  | amareṣu ca | ed	b | amareṣv atha | lem | k | amareṣu ca | ed	recorded
5_poetry/2_kavya/padnscpu.txt	2553	standalone_consonant	delete_non_whitelisted_standalone_consonant	d	1	 | tvayaitayā | lem | em | tvayetayā | ed	d | tvayaitayā | lem | em | tvayetayā | ed	recorded
5_poetry/2_kavya/padnscpu.txt	3133	standalone_consonant	delete_non_whitelisted_standalone_consonant	k	1	 |	k |	recorded
5_poetry/2_kavya/padnscpu.txt	3617	standalone_consonant	delete_non_whitelisted_standalone_consonant	n	1	puṃḥkokilakulollāpa | janitasmarasañjvarā ||  ||	puṃḥkokilakulollāpa | janitasmarasañjvarā || n ||	recorded
5_poetry/2_kavya/padnscpu.txt	3839	standalone_consonant	delete_non_whitelisted_standalone_consonant	d	1	a | hṛtā | lem | ed | hṛtvā | buh |  | sarga | buh || lem sūrga | ed |	a | hṛtā | lem | ed | hṛtvā | buh | d | sarga | buh || lem sūrga | ed |	recorded
5_poetry/2_kavya/padnscpu.txt	3849	standalone_consonant	delete_non_whitelisted_standalone_consonant	c	1	 | vikaṭa | lem | ed | vikala | buh	c | vikaṭa | lem | ed | vikala | buh	recorded
5_poetry/2_kavya/padnscpu.txt	3863	standalone_consonant	delete_non_whitelisted_standalone_consonant	d	1	 | sāśrulekhāt | lem | ed | sādhupūjyāt | buh	d | sāśrulekhāt | lem | ed | sādhupūjyāt | buh	recorded
5_poetry/2_kavya/padnscpu.txt	3871	standalone_consonant	delete_non_whitelisted_standalone_consonant	d	1	 | ātapatraṃ | lem | ed | adhipatyaṃ | buh	d | ātapatraṃ | lem | ed | adhipatyaṃ | buh	recorded
5_poetry/2_kavya/padnscpu.txt	4725	standalone_consonant	delete_non_whitelisted_standalone_consonant	c	1	 || vidher | lem |  || mahā || ed	c || vidher | lem | k || mahā || ed	recorded
5_poetry/2_kavya/padnscpu.txt	4725	standalone_consonant	delete_non_whitelisted_standalone_consonant	k	1	 || vidher | lem |  || mahā || ed	c || vidher | lem | k || mahā || ed	recorded
5_poetry/2_kavya/padnscpu.txt	4843	standalone_consonant	delete_non_whitelisted_standalone_consonant	b	1	 || vallyaḥ | em || vallayaḥ | ed | unmetrical	b || vallyaḥ | em || vallayaḥ | ed | unmetrical	recorded
5_poetry/2_kavya/padnscpu.txt	4967	standalone_consonant	delete_non_whitelisted_standalone_consonant	c	1	 | asyāḥ | lem | em | asyā || ed	c | asyāḥ | lem | em | asyā || ed	recorded
5_poetry/2_kavya/padnscpu.txt	5045	standalone_consonant	delete_non_whitelisted_standalone_consonant	b	1	 | sauṣṭhavāni | lem | em | sauṣṭavāni | ed	b | sauṣṭhavāni | lem | em | sauṣṭavāni | ed	recorded
5_poetry/2_kavya/padnscpu.txt	5157	standalone_consonant	delete_non_whitelisted_standalone_consonant	b	1	 | pṛṣṭhataḥ | lem | em | pṛṣṭataḥ | ed	b | pṛṣṭhataḥ | lem | em | pṛṣṭataḥ | ed	recorded
5_poetry/2_kavya/padnscpu.txt	5319	standalone_consonant	delete_non_whitelisted_standalone_consonant	b	1	 | kamala || lem | em | kamaka || ed	b | kamala || lem | em | kamaka || ed	recorded
5_poetry/5_subhas/vidsrgpu.txt	8259	standalone_consonant	delete_non_whitelisted_standalone_consonant	r	1	murāreḥ |  etau ||	murāreḥ | r etau ||	recorded
5_poetry/6_hist/jonart_pu.txt	1477	standalone_consonant	delete_non_whitelisted_standalone_consonant	b	1	kramāgatam ivāśeṣaṃ kṣaṇāt tena vaśīkṛtam ||  ah ||	kramāgatam ivāśeṣaṃ kṣaṇāt tena vaśīkṛtam || b ah ||	recorded
6_sastra/3_phil/vedanta/gaukarpu.txt	633	standalone_consonant	delete_non_whitelisted_standalone_consonant	b	1	na ca bhūtād abhūtasya saṃbhavo 'sti kathaṃcana ||  ||	na ca bhūtād abhūtasya saṃbhavo 'sti kathaṃcana || b ||	recorded
6_sastra/3_phil/vedanta/gaukarpu.txt	637	standalone_consonant	delete_non_whitelisted_standalone_consonant	b	1	asat svapne 'pi dṛṣṭvā ca pratibuddho na paśyati ||  ||	asat svapne 'pi dṛṣṭvā ca pratibuddho na paśyati || b ||	recorded
6_sastra/3_phil/vedanta/gaukarpu.txt	641	standalone_consonant	delete_non_whitelisted_standalone_consonant	b	1	sac ca saddhetukaṃ nāsti saddhetukam asat kutaḥ ||  ||	sac ca saddhetukaṃ nāsti saddhetukam asat kutaḥ || b ||	recorded
6_sastra/3_phil/vedanta/gaukarpu.txt	645	standalone_consonant	delete_non_whitelisted_standalone_consonant	b	1	tathā svapne viparyāsād dharmāṃs tatraiva paśyati ||  ||	tathā svapne viparyāsād dharmāṃs tatraiva paśyati || b ||	recorded
6_sastra/3_phil/vedanta/yamss_pu.txt	837	standalone_consonant	delete_non_whitelisted_standalone_consonant	r	1	 naikyaṃ yānti ghaṭādibhiḥ ||	r naikyaṃ yānti ghaṭādibhiḥ ||	recorded
6_sastra/3_phil/saiva/tantralu.txt	22987	standalone_consonant	delete_non_whitelisted_standalone_consonant	b	1	āyātiratha śāstrasya kathyatevasarāgatā | 	āyātiratha śāstrasya kathyatevasarāgatā | b	recorded
6_sastra/4_dharma/sutra/baudhd_u.txt	329	standalone_consonant	delete_non_whitelisted_standalone_consonant	k	1	ṛg | vidhena iti vāg vadati | ṛg | vidhena iti vāg vadati ||  | ṛgvidham ṛgvidhānaṃ vāg vadati ṛgvidham ṛgvidhānaṃ vāg vadati ||	ṛg | vidhena iti vāg vadati | ṛg | vidhena iti vāg vadati || k | ṛgvidham ṛgvidhānaṃ vāg vadati ṛgvidham ṛgvidhānaṃ vāg vadati ||	recorded
6_sastra/4_dharma/sutra/baudhd_u.txt	913	standalone_consonant	delete_non_whitelisted_standalone_consonant	k	1	atha yady enam abhivarṣati | undatīr balaṃ dhattaujo dhattabalaṃ dhatta mā me dīkṣāṃ mā tapo nirvadhiṣṭa iti ||  om |	atha yady enam abhivarṣati | undatīr balaṃ dhattaujo dhattabalaṃ dhatta mā me dīkṣāṃ mā tapo nirvadhiṣṭa iti || k om |	recorded
6_sastra/4_dharma/sutra/baudhd_u.txt	945	standalone_consonant	delete_non_whitelisted_standalone_consonant	k	1	triṣu varṇeṣu sādṛśyād avrato janayet tu yān |  om |	triṣu varṇeṣu sādṛśyād avrato janayet tu yān | k om |	recorded
6_sastra/4_dharma/sutra/baudhd_u.txt	947	standalone_consonant	delete_non_whitelisted_standalone_consonant	k	1	tān sāvitrī | paribhraṣṭān vrātyān āhur manīṣiṇaḥ |  om |	tān sāvitrī | paribhraṣṭān vrātyān āhur manīṣiṇaḥ | k om |	recorded
6_sastra/4_dharma/sutra/baudhd_u.txt	949	standalone_consonant	delete_non_whitelisted_standalone_consonant	k	1	vrātyān āhur manīṣiṇa iti ||  om |	vrātyān āhur manīṣiṇa iti || k om |	recorded
6_sastra/4_dharma/sutra/baudhd_u.txt	951	standalone_consonant	delete_non_whitelisted_standalone_consonant	k	1	rathakāra | ambaṣṭha | sūta | ugra | māgadha | āyogava | vaiṇa | kṣattṛ | pulkasa | kukkuṭa | vaidehaka | caṇḍāla | śvapāka | prabhṛtayaḥ ||  om |	rathakāra | ambaṣṭha | sūta | ugra | māgadha | āyogava | vaiṇa | kṣattṛ | pulkasa | kukkuṭa | vaidehaka | caṇḍāla | śvapāka | prabhṛtayaḥ || k om |	recorded
6_sastra/4_dharma/sutra/baudhd_u.txt	1107	english_editorial	siglum_adds_or_omits	\b(?:k|ch) (?:adds|omits)\b	1	atha apy udāharanti |  | sādhavas tripuruṣam ārṣāddaśa daivād daśa prājāpatyād daśa pūrvān daśa aparān ātmānaṃ cabrāhmīputra iti vijñāyate || veda | svīkaraṇa | śaktir apy evaṃvidhānāmeva putrāṇām bhavati iti ||	atha apy udāharanti | k adds | sādhavas tripuruṣam ārṣāddaśa daivād daśa prājāpatyād daśa pūrvān daśa aparān ātmānaṃ cabrāhmīputra iti vijñāyate || veda | svīkaraṇa | śaktir apy evaṃvidhānāmeva putrāṇām bhavati iti ||	recorded
6_sastra/4_dharma/sutra/baudhd_u.txt	1295	standalone_consonant	delete_non_whitelisted_standalone_consonant	k	1	caturtha | kālā mita | bhojinaḥ syur apo abhyaveyuḥ  omitsapo 'bhyaveyuḥ savana | anukalpam |	caturtha | kālā mita | bhojinaḥ syur apo abhyaveyuḥ k omitsapo 'bhyaveyuḥ savana | anukalpam |	recorded
6_sastra/4_dharma/sutra/baudhd_u.txt	1331	standalone_consonant	delete_non_whitelisted_standalone_consonant	k	1	atha apy udāharanti |  om |	atha apy udāharanti | k om |	recorded
6_sastra/4_dharma/sutra/baudhd_u.txt	1409	standalone_consonant	delete_non_whitelisted_standalone_consonant	k	1	atha apy udāharanti |  om |	atha apy udāharanti | k om |	recorded
6_sastra/4_dharma/sutra/baudhd_u.txt	1411	standalone_consonant	delete_non_whitelisted_standalone_consonant	k	1	aṅgād aṅgāt saṃbhavasi hṛdayād adhi jāyase |  om |	aṅgād aṅgāt saṃbhavasi hṛdayād adhi jāyase | k om |	recorded
6_sastra/4_dharma/sutra/baudhd_u.txt	1413	standalone_consonant	delete_non_whitelisted_standalone_consonant	k	1	ātmā vai putra | nāma asi sa jīva śaradaḥ śatam || iti ||  om |	ātmā vai putra | nāma asi sa jīva śaradaḥ śatam || iti || k om |	recorded
6_sastra/4_dharma/sutra/baudhd_u.txt	1771	standalone_consonant	delete_non_whitelisted_standalone_consonant	k	1	upayāti iti naḥ śrutir iti ||  om |	upayāti iti naḥ śrutir iti || k om |	recorded
6_sastra/4_dharma/sutra/baudhd_u.txt	1877	english_editorial	siglum_adds_or_omits	\b(?:k|ch) (?:adds|omits)\b	1	om  om agniḥ prajāpatiḥ somo rudro aditir bṛhaspatiḥsarpā ity etāni prāg | dvārāṇi daivatāni sa | nakṣatrāṇi sa | grahāṇisa | aho | rātrāṇi sa | muhūrtāni tarpayāmi | oṃ vasūṃś ca tarpayāmi ||	om k omits om agniḥ prajāpatiḥ somo rudro aditir bṛhaspatiḥsarpā ity etāni prāg | dvārāṇi daivatāni sa | nakṣatrāṇi sa | grahāṇisa | aho | rātrāṇi sa | muhūrtāni tarpayāmi | oṃ vasūṃś ca tarpayāmi ||	recorded
6_sastra/4_dharma/sutra/baudhd_u.txt	1879	english_editorial	siglum_adds_or_omits	\b(?:k|ch) (?:adds|omits)\b	1	oṃ  oṃ pitaro aryamā bhagaḥ savitā tvaṣṭā vāyurindrāgnī ity etāni dakṣiṇa | dvārāṇi daivatāni sa | nakṣatrāṇisa | grahāṇi sa | aho | rātrāṇi sa | muhūrtāni tarpayāmi | oṃ rudrāṃś catarpayāmi ||	oṃ k omits oṃ pitaro aryamā bhagaḥ savitā tvaṣṭā vāyurindrāgnī ity etāni dakṣiṇa | dvārāṇi daivatāni sa | nakṣatrāṇisa | grahāṇi sa | aho | rātrāṇi sa | muhūrtāni tarpayāmi | oṃ rudrāṃś catarpayāmi ||	recorded
6_sastra/4_dharma/sutra/baudhd_u.txt	1881	english_editorial	siglum_adds_or_omits	\b(?:k|ch) (?:adds|omits)\b	1	oṃ  oṃ mitra indro mahāpitara āpo viśve devā brahmāviṣṇur ity etāni pratyag | dvārāṇi daivatāni sa | nakṣatrāṇi sa | grahāṇisa | aho | rātrāṇi sa | muhūrtāni tarpayāmi | om ādityāṃś ca tarpayāmi ||	oṃ k omits oṃ mitra indro mahāpitara āpo viśve devā brahmāviṣṇur ity etāni pratyag | dvārāṇi daivatāni sa | nakṣatrāṇi sa | grahāṇisa | aho | rātrāṇi sa | muhūrtāni tarpayāmi | om ādityāṃś ca tarpayāmi ||	recorded
6_sastra/4_dharma/sutra/baudhd_u.txt	1883	english_editorial	siglum_adds_or_omits	\b(?:k|ch) (?:adds|omits)\b	1	oṃ  oṃ vasavo varuṇo aja ekapād ahirbudhnyaḥpūṣā aśvinau yama ity etāny udag | dvārāṇi daivatāni sa | nakṣatrāṇisa | grahāṇi sa | aho | rātrāṇi sa | muhūrtāni tarpayāmi | oṃ viśvāndevāṃs tarpayāmi | oṃ sādhyāṃś ca tarpayāmi ||	oṃ k omits oṃ vasavo varuṇo aja ekapād ahirbudhnyaḥpūṣā aśvinau yama ity etāny udag | dvārāṇi daivatāni sa | nakṣatrāṇisa | grahāṇi sa | aho | rātrāṇi sa | muhūrtāni tarpayāmi | oṃ viśvāndevāṃs tarpayāmi | oṃ sādhyāṃś ca tarpayāmi ||	recorded
6_sastra/4_dharma/sutra/baudhd_u.txt	1885	english_editorial	siglum_adds_or_omits	\b(?:k|ch) (?:adds|omits)\b	7	oṃ  oṃ brahmāṇaṃ tarpayāmi | oṃ  oṃ prajāpatiṃ tarpayāmi | oṃ  oṃ catur | mukhaṃ tarpayāmi | oṃ komits oṃ parameṣṭhinaṃ tarpayāmi | oṃ  oṃ hiraṇyagarbhaṃtarpayāmi | oṃ  oṃ svayaṃbhuvaṃ tarpayāmi | oṃ  oṃ brahma | pārṣadāṃs tarpayāmi | oṃ  oṃ brahma | pārṣadīś catarpayāmi | om	oṃ k omits oṃ brahmāṇaṃ tarpayāmi | oṃ k omits oṃ prajāpatiṃ tarpayāmi | oṃ k omits oṃ catur | mukhaṃ tarpayāmi | oṃ komits oṃ parameṣṭhinaṃ tarpayāmi | oṃ k omits oṃ hiraṇyagarbhaṃtarpayāmi | oṃ k omits oṃ svayaṃbhuvaṃ tarpayāmi | oṃ k omits oṃ brahma | pārṣadāṃs tarpayāmi | oṃ k omits oṃ brahma | pārṣadīś catarpayāmi | om	recorded
6_sastra/4_dharma/sutra/baudhd_u.txt	1885	english_editorial	compact_komits	\bkomits\b	1	oṃ  oṃ brahmāṇaṃ tarpayāmi | oṃ  oṃ prajāpatiṃ tarpayāmi | oṃ  oṃ catur | mukhaṃ tarpayāmi | oṃ  oṃ parameṣṭhinaṃ tarpayāmi | oṃ  oṃ hiraṇyagarbhaṃtarpayāmi | oṃ  oṃ svayaṃbhuvaṃ tarpayāmi | oṃ  oṃ brahma | pārṣadāṃs tarpayāmi | oṃ  oṃ brahma | pārṣadīś catarpayāmi | om	oṃ  oṃ brahmāṇaṃ tarpayāmi | oṃ  oṃ prajāpatiṃ tarpayāmi | oṃ  oṃ catur | mukhaṃ tarpayāmi | oṃ komits oṃ parameṣṭhinaṃ tarpayāmi | oṃ  oṃ hiraṇyagarbhaṃtarpayāmi | oṃ  oṃ svayaṃbhuvaṃ tarpayāmi | oṃ  oṃ brahma | pārṣadāṃs tarpayāmi | oṃ  oṃ brahma | pārṣadīś catarpayāmi | om	recorded
6_sastra/4_dharma/sutra/baudhd_u.txt	1887	english_editorial	siglum_adds_or_omits	\b(?:k|ch) (?:adds|omits)\b	7	 om agniṃ tarpayāmi | oṃ  oṃ vāyuṃtarpayāmi | oṃ  oṃ varuṇaṃ tarpayāmi | oṃ  oṃ sūryaṃtarpayāmi | oṃ  oṃ candramasaṃ tarpayāmi | oṃ  oṃ nakṣatrāṇi tarpayāmi | k | jyotīṃṣi tarpayāmi | oṃ  oṃ sadyojātaṃ tarpayāmi | oṃ bhūḥ puruṣaṃ tarpayāmi | oṃ bhuvaḥ puruṣaṃtarpayāmi | oṃ suvaḥ puruṣaṃ	k omits om agniṃ tarpayāmi | oṃ k omits oṃ vāyuṃtarpayāmi | oṃ k omits oṃ varuṇaṃ tarpayāmi | oṃ k omits oṃ sūryaṃtarpayāmi | oṃ k omits oṃ candramasaṃ tarpayāmi | oṃ k omits oṃ nakṣatrāṇi tarpayāmi | k | jyotīṃṣi tarpayāmi | oṃ k omits oṃ sadyojātaṃ tarpayāmi | oṃ bhūḥ puruṣaṃ tarpayāmi | oṃ bhuvaḥ puruṣaṃtarpayāmi | oṃ suvaḥ puruṣaṃ	recorded
6_sastra/4_dharma/sutra/baudhd_u.txt	1887	standalone_consonant	delete_non_whitelisted_standalone_consonant	k	1	 om agniṃ tarpayāmi | oṃ  oṃ vāyuṃtarpayāmi | oṃ  oṃ varuṇaṃ tarpayāmi | oṃ  oṃ sūryaṃtarpayāmi | oṃ  oṃ candramasaṃ tarpayāmi | oṃ  oṃ nakṣatrāṇi tarpayāmi |  | jyotīṃṣi tarpayāmi | oṃ  oṃ sadyojātaṃ tarpayāmi | oṃ bhūḥ puruṣaṃ tarpayāmi | oṃ bhuvaḥ puruṣaṃtarpayāmi | oṃ suvaḥ puruṣaṃ	 om agniṃ tarpayāmi | oṃ  oṃ vāyuṃtarpayāmi | oṃ  oṃ varuṇaṃ tarpayāmi | oṃ  oṃ sūryaṃtarpayāmi | oṃ  oṃ candramasaṃ tarpayāmi | oṃ  oṃ nakṣatrāṇi tarpayāmi | k | jyotīṃṣi tarpayāmi | oṃ  oṃ sadyojātaṃ tarpayāmi | oṃ bhūḥ puruṣaṃ tarpayāmi | oṃ bhuvaḥ puruṣaṃtarpayāmi | oṃ suvaḥ puruṣaṃ	recorded
6_sastra/4_dharma/sutra/baudhd_u.txt	1895	english_editorial	compact_komits	\bkomits\b	1	oṃ bhavasya devasya sutaṃ tarpayāmi | oṃ śarvasya devasyasutaṃ tarpayāmi | om īśānasya devasya sutaṃ tarpayāmi | oṃ paśupaterdevasya sutaṃ tarpayāmi | oṃ rudrasya devasya sutaṃ tarpayāmi | omugrasya devasya sutaṃ tarpayāmi | oṃ bhīmasya devasya sutaṃ tarpayāmi | oṃ mahato devasya sutaṃ tarpayāmi | oṃ rudrāṃs tarpayāmi | oṃ 	oṃ bhavasya devasya sutaṃ tarpayāmi | oṃ śarvasya devasyasutaṃ tarpayāmi | om īśānasya devasya sutaṃ tarpayāmi | oṃ paśupaterdevasya sutaṃ tarpayāmi | oṃ rudrasya devasya sutaṃ tarpayāmi | omugrasya devasya sutaṃ tarpayāmi | oṃ bhīmasya devasya sutaṃ tarpayāmi | oṃ mahato devasya sutaṃ tarpayāmi | oṃ rudrāṃs tarpayāmi | oṃ komits	recorded
6_sastra/4_dharma/sutra/baudhd_u.txt	1897	english_editorial	siglum_adds_or_omits	\b(?:k|ch) (?:adds|omits)\b	1	oṃ rudra | pārṣadāṃs tarpayāmi | oṃ  oṃ rudra | pārṣadīśca tarpayāmi ||	oṃ rudra | pārṣadāṃs tarpayāmi | oṃ k omits oṃ rudra | pārṣadīśca tarpayāmi ||	recorded
6_sastra/4_dharma/sutra/baudhd_u.txt	1899	english_editorial	siglum_adds_or_omits	\b(?:k|ch) (?:adds|omits)\b	7	oṃ vighnaṃ tarpayāmi | oṃ vināyakaṃ  oṃ tarpayāmi | oṃ  oṃ vīraṃ tarpayāmi | oṃ  oṃ sthūlaṃ tarpayāmi | oṃ  oṃ varadaṃ tarpayāmi | oṃ  oṃ hastimukhaṃ tarpayāmi | oṃ  oṃ vakratuṇḍaṃ tarpayāmi | om komits om ekadantaṃ tarpayāmi | oṃ  oṃ lambodaraṃ tarpayāmi | k |	oṃ vighnaṃ tarpayāmi | oṃ vināyakaṃ k omits oṃ tarpayāmi | oṃ k omits oṃ vīraṃ tarpayāmi | oṃ k omits oṃ sthūlaṃ tarpayāmi | oṃ k omits oṃ varadaṃ tarpayāmi | oṃ k omits oṃ hastimukhaṃ tarpayāmi | oṃ k omits oṃ vakratuṇḍaṃ tarpayāmi | om komits om ekadantaṃ tarpayāmi | oṃ k omits oṃ lambodaraṃ tarpayāmi | k |	recorded
6_sastra/4_dharma/sutra/baudhd_u.txt	1899	english_editorial	compact_komits	\bkomits\b	1	oṃ vighnaṃ tarpayāmi | oṃ vināyakaṃ  oṃ tarpayāmi | oṃ  oṃ vīraṃ tarpayāmi | oṃ  oṃ sthūlaṃ tarpayāmi | oṃ  oṃ varadaṃ tarpayāmi | oṃ  oṃ hastimukhaṃ tarpayāmi | oṃ  oṃ vakratuṇḍaṃ tarpayāmi | om  om ekadantaṃ tarpayāmi | oṃ  oṃ lambodaraṃ tarpayāmi | k |	oṃ vighnaṃ tarpayāmi | oṃ vināyakaṃ  oṃ tarpayāmi | oṃ  oṃ vīraṃ tarpayāmi | oṃ  oṃ sthūlaṃ tarpayāmi | oṃ  oṃ varadaṃ tarpayāmi | oṃ  oṃ hastimukhaṃ tarpayāmi | oṃ  oṃ vakratuṇḍaṃ tarpayāmi | om komits om ekadantaṃ tarpayāmi | oṃ  oṃ lambodaraṃ tarpayāmi | k |	recorded
6_sastra/4_dharma/sutra/baudhd_u.txt	1899	standalone_consonant	delete_non_whitelisted_standalone_consonant	k	1	oṃ vighnaṃ tarpayāmi | oṃ vināyakaṃ  oṃ tarpayāmi | oṃ  oṃ vīraṃ tarpayāmi | oṃ  oṃ sthūlaṃ tarpayāmi | oṃ  oṃ varadaṃ tarpayāmi | oṃ  oṃ hastimukhaṃ tarpayāmi | oṃ  oṃ vakratuṇḍaṃ tarpayāmi | om  om ekadantaṃ tarpayāmi | oṃ  oṃ lambodaraṃ tarpayāmi |  |	oṃ vighnaṃ tarpayāmi | oṃ vināyakaṃ  oṃ tarpayāmi | oṃ  oṃ vīraṃ tarpayāmi | oṃ  oṃ sthūlaṃ tarpayāmi | oṃ  oṃ varadaṃ tarpayāmi | oṃ  oṃ hastimukhaṃ tarpayāmi | oṃ  oṃ vakratuṇḍaṃ tarpayāmi | om  om ekadantaṃ tarpayāmi | oṃ  oṃ lambodaraṃ tarpayāmi | k |	recorded
6_sastra/4_dharma/sutra/baudhd_u.txt	1901	english_editorial	siglum_adds_or_omits	\b(?:k|ch) (?:adds|omits)\b	2	gaṇapatiṃ tarpayāmi | oṃ  oṃ vighna | pārṣadāṃs tarpayāmi | oṃ  oṃ vighna | pārṣadīś ca tarpayāmi ||	gaṇapatiṃ tarpayāmi | oṃ k omits oṃ vighna | pārṣadāṃs tarpayāmi | oṃ k omits oṃ vighna | pārṣadīś ca tarpayāmi ||	recorded
6_sastra/4_dharma/sutra/baudhd_u.txt	1903	english_editorial	siglum_adds_or_omits	\b(?:k|ch) (?:adds|omits)\b	7	oṃ sanatkumāraṃ tarpayāmi | oṃ  oṃ skandaṃtarpayāmi | om  om indraṃ tarpayāmi | oṃ  oṃ ṣaṣṭhīṃtarpayāmi | oṃ  oṃ ṣaṇmukhaṃ tarpayāmi | oṃ  oṃ jayantaṃ tarpayāmi | oṃ  oṃ viśākhaṃ tarpayāmi | oṃ  oṃ mahāsenaṃ tarpayāmi | oṃsubrahmaṇyaṃ tarpayāmi	oṃ sanatkumāraṃ tarpayāmi | oṃ k omits oṃ skandaṃtarpayāmi | om k omits om indraṃ tarpayāmi | oṃ k omits oṃ ṣaṣṭhīṃtarpayāmi | oṃ k omits oṃ ṣaṇmukhaṃ tarpayāmi | oṃ k omits oṃ jayantaṃ tarpayāmi | oṃ k omits oṃ viśākhaṃ tarpayāmi | oṃ k omits oṃ mahāsenaṃ tarpayāmi | oṃsubrahmaṇyaṃ tarpayāmi	recorded
6_sastra/4_dharma/sutra/baudhd_u.txt	1905	english_editorial	siglum_adds_or_omits	\b(?:k|ch) (?:adds|omits)\b	1	oṃ komits oṃ skanda | pārṣadāṃs tarpayāmi | oṃ  oṃ skanda | pārṣadīś ca tarpayāmi ||	oṃ komits oṃ skanda | pārṣadāṃs tarpayāmi | oṃ k omits oṃ skanda | pārṣadīś ca tarpayāmi ||	recorded
6_sastra/4_dharma/sutra/baudhd_u.txt	1905	english_editorial	compact_komits	\bkomits\b	1	oṃ  oṃ skanda | pārṣadāṃs tarpayāmi | oṃ  oṃ skanda | pārṣadīś ca tarpayāmi ||	oṃ komits oṃ skanda | pārṣadāṃs tarpayāmi | oṃ  oṃ skanda | pārṣadīś ca tarpayāmi ||	recorded
6_sastra/4_dharma/sutra/baudhd_u.txt	1907	english_editorial	siglum_adds_or_omits	\b(?:k|ch) (?:adds|omits)\b	8	om ādityaṃ tarpayāmi | oṃ  oṃ somaṃ tarpayāmi | om  om aṅgārakaṃ tarpayāmi | oṃ  oṃ budhaṃ tarpayāmi | oṃ  oṃ bṛhaspatiṃ tarpayāmi | oṃ  oṃ śukraṃ tarpayāmi | oṃ  oṃ śanaiścaraṃ tarpayāmi | oṃ  oṃ rāhuṃtarpayāmi | oṃ  oṃ ketuṃ tarpayāmi ||	om ādityaṃ tarpayāmi | oṃ k omits oṃ somaṃ tarpayāmi | om k omits om aṅgārakaṃ tarpayāmi | oṃ k omits oṃ budhaṃ tarpayāmi | oṃ k omits oṃ bṛhaspatiṃ tarpayāmi | oṃ k omits oṃ śukraṃ tarpayāmi | oṃ k omits oṃ śanaiścaraṃ tarpayāmi | oṃ k omits oṃ rāhuṃtarpayāmi | oṃ k omits oṃ ketuṃ tarpayāmi ||	recorded
6_sastra/4_dharma/sutra/baudhd_u.txt	1909	english_editorial	siglum_adds_or_omits	\b(?:k|ch) (?:adds|omits)\b	8	oṃ keśavaṃ tarpayāmi | oṃ  oṃ nārāyaṇaṃ tarpayāmi | oṃ  oṃ mādhavaṃ tarpayāmi | oṃ  oṃ govindaṃtarpayāmi | oṃ  oṃ viṣṇuṃ tarpayāmi | oṃ  oṃ madhusūdanaṃ tarpayāmi | oṃ  oṃ trivikramaṃ tarpayāmi | oṃ komits oṃ vāmanaṃ tarpayāmi | oṃ  oṃ śrīdharaṃ tarpayāmi | oṃ 	oṃ keśavaṃ tarpayāmi | oṃ k omits oṃ nārāyaṇaṃ tarpayāmi | oṃ k omits oṃ mādhavaṃ tarpayāmi | oṃ k omits oṃ govindaṃtarpayāmi | oṃ k omits oṃ viṣṇuṃ tarpayāmi | oṃ k omits oṃ madhusūdanaṃ tarpayāmi | oṃ k omits oṃ trivikramaṃ tarpayāmi | oṃ komits oṃ vāmanaṃ tarpayāmi | oṃ k omits oṃ śrīdharaṃ tarpayāmi | oṃ k omits	recorded
6_sastra/4_dharma/sutra/baudhd_u.txt	1909	english_editorial	compact_komits	\bkomits\b	1	oṃ keśavaṃ tarpayāmi | oṃ  oṃ nārāyaṇaṃ tarpayāmi | oṃ  oṃ mādhavaṃ tarpayāmi | oṃ  oṃ govindaṃtarpayāmi | oṃ  oṃ viṣṇuṃ tarpayāmi | oṃ  oṃ madhusūdanaṃ tarpayāmi | oṃ  oṃ trivikramaṃ tarpayāmi | oṃ  oṃ vāmanaṃ tarpayāmi | oṃ  oṃ śrīdharaṃ tarpayāmi | oṃ 	oṃ keśavaṃ tarpayāmi | oṃ  oṃ nārāyaṇaṃ tarpayāmi | oṃ  oṃ mādhavaṃ tarpayāmi | oṃ  oṃ govindaṃtarpayāmi | oṃ  oṃ viṣṇuṃ tarpayāmi | oṃ  oṃ madhusūdanaṃ tarpayāmi | oṃ  oṃ trivikramaṃ tarpayāmi | oṃ komits oṃ vāmanaṃ tarpayāmi | oṃ  oṃ śrīdharaṃ tarpayāmi | oṃ 	recorded
6_sastra/4_dharma/sutra/baudhd_u.txt	1911	english_editorial	siglum_adds_or_omits	\b(?:k|ch) (?:adds|omits)\b	7	oṃ hṛṣīkeśaṃ tarpayāmi | oṃ  oṃ padmanābhaṃtarpayāmi | oṃ  oṃ dāmodaraṃ tarpayāmi | oṃ  oṃ śriyaṃ devīṃ tarpayāmi | oṃ  oṃ sarasvatīṃ devīṃ tarpayāmi | oṃ  oṃ puṣṭiṃ tarpayāmi | oṃ  oṃ tuṣṭiṃ tarpayāmi | oṃ  oṃ garutmantaṃ tarpayāmi |	oṃ hṛṣīkeśaṃ tarpayāmi | oṃ k omits oṃ padmanābhaṃtarpayāmi | oṃ k omits oṃ dāmodaraṃ tarpayāmi | oṃ k omits oṃ śriyaṃ devīṃ tarpayāmi | oṃ k omits oṃ sarasvatīṃ devīṃ tarpayāmi | oṃ k omits oṃ puṣṭiṃ tarpayāmi | oṃ k omits oṃ tuṣṭiṃ tarpayāmi | oṃ k omits oṃ garutmantaṃ tarpayāmi |	recorded
6_sastra/4_dharma/sutra/baudhd_u.txt	1913	english_editorial	siglum_adds_or_omits	\b(?:k|ch) (?:adds|omits)\b	2	oṃ  oṃ viṣṇu | pārṣadāṃs tarpayāmi | oṃ  oṃ viṣṇu | pārṣadīś ca tarpayāmi ||	oṃ k omits oṃ viṣṇu | pārṣadāṃs tarpayāmi | oṃ k omits oṃ viṣṇu | pārṣadīś ca tarpayāmi ||	recorded
6_sastra/4_dharma/sutra/baudhd_u.txt	1915	english_editorial	siglum_adds_or_omits	\b(?:k|ch) (?:adds|omits)\b	9	oṃ yamaṃ tarpayāmi | oṃ  oṃ yamarājaṃ tarpayāmi | oṃ  oṃ dharmaṃ tarpayāmi | oṃ  oṃ dharmarājaṃtarpayāmi | oṃ  oṃ kālaṃ tarpayāmi | oṃ  oṃ nīlaṃtarpayāmi | oṃ  oṃ mṛtyuṃ tarpayāmi | oṃ  oṃ vaivasvataṃ tarpayāmi | oṃ  oṃ citraṃ tarpayāmi | oṃ 	oṃ yamaṃ tarpayāmi | oṃ k omits oṃ yamarājaṃ tarpayāmi | oṃ k omits oṃ dharmaṃ tarpayāmi | oṃ k omits oṃ dharmarājaṃtarpayāmi | oṃ k omits oṃ kālaṃ tarpayāmi | oṃ k omits oṃ nīlaṃtarpayāmi | oṃ k omits oṃ mṛtyuṃ tarpayāmi | oṃ k omits oṃ vaivasvataṃ tarpayāmi | oṃ k omits oṃ citraṃ tarpayāmi | oṃ k omits	recorded
6_sastra/4_dharma/sutra/baudhd_u.txt	1917	english_editorial	siglum_adds_or_omits	\b(?:k|ch) (?:adds|omits)\b	3	oṃ citraguptaṃ tarpayāmi | om  om audumbaraṃtarpayāmi | k | vaivasvataṃ tarpayāmi | oṃ  oṃ vaivasvata | pārṣadāṃs tarpayāmi | oṃ  oṃ vaivasvata | pārṣadīśca tarpayāmi ||	oṃ citraguptaṃ tarpayāmi | om k omits om audumbaraṃtarpayāmi | k | vaivasvataṃ tarpayāmi | oṃ k omits oṃ vaivasvata | pārṣadāṃs tarpayāmi | oṃ k omits oṃ vaivasvata | pārṣadīśca tarpayāmi ||	recorded
6_sastra/4_dharma/sutra/baudhd_u.txt	1917	standalone_consonant	delete_non_whitelisted_standalone_consonant	k	1	oṃ citraguptaṃ tarpayāmi | om  om audumbaraṃtarpayāmi |  | vaivasvataṃ tarpayāmi | oṃ  oṃ vaivasvata | pārṣadāṃs tarpayāmi | oṃ  oṃ vaivasvata | pārṣadīśca tarpayāmi ||	oṃ citraguptaṃ tarpayāmi | om  om audumbaraṃtarpayāmi | k | vaivasvataṃ tarpayāmi | oṃ  oṃ vaivasvata | pārṣadāṃs tarpayāmi | oṃ  oṃ vaivasvata | pārṣadīśca tarpayāmi ||	recorded
6_sastra/4_dharma/sutra/baudhd_u.txt	1919	english_editorial	siglum_adds_or_omits	\b(?:k|ch) (?:adds|omits)\b	5	oṃ  oṃ bhūmi | devāṃs tarpayāmi | oṃ  oṃ kāśyapam tarpayāmi | om  om antarikṣaṃ tarpayāmi | k | āṅgirasaṃ tarpayāmi | oṃ komits oṃ vidyāṃ tarpayāmi | k | durgāṃ tarpayāmi | jyeṣṭhāṃtarpayāmi | oṃ  oṃ dhanvantariṃ tarpayāmi | oṃ  oṃ dhanvantari | pārṣadāṃs	oṃ k omits oṃ bhūmi | devāṃs tarpayāmi | oṃ k omits oṃ kāśyapam tarpayāmi | om k omits om antarikṣaṃ tarpayāmi | k | āṅgirasaṃ tarpayāmi | oṃ komits oṃ vidyāṃ tarpayāmi | k | durgāṃ tarpayāmi | jyeṣṭhāṃtarpayāmi | oṃ k omits oṃ dhanvantariṃ tarpayāmi | oṃ k omits oṃ dhanvantari | pārṣadāṃs	recorded
6_sastra/4_dharma/sutra/baudhd_u.txt	1919	english_editorial	compact_komits	\bkomits\b	1	oṃ  oṃ bhūmi | devāṃs tarpayāmi | oṃ  oṃ kāśyapam tarpayāmi | om  om antarikṣaṃ tarpayāmi | k | āṅgirasaṃ tarpayāmi | oṃ  oṃ vidyāṃ tarpayāmi | k | durgāṃ tarpayāmi | jyeṣṭhāṃtarpayāmi | oṃ  oṃ dhanvantariṃ tarpayāmi | oṃ  oṃ dhanvantari | pārṣadāṃs	oṃ  oṃ bhūmi | devāṃs tarpayāmi | oṃ  oṃ kāśyapam tarpayāmi | om  om antarikṣaṃ tarpayāmi | k | āṅgirasaṃ tarpayāmi | oṃ komits oṃ vidyāṃ tarpayāmi | k | durgāṃ tarpayāmi | jyeṣṭhāṃtarpayāmi | oṃ  oṃ dhanvantariṃ tarpayāmi | oṃ  oṃ dhanvantari | pārṣadāṃs	recorded
6_sastra/4_dharma/sutra/baudhd_u.txt	1919	standalone_consonant	delete_non_whitelisted_standalone_consonant	k	2	oṃ  oṃ bhūmi | devāṃs tarpayāmi | oṃ  oṃ kāśyapam tarpayāmi | om  om antarikṣaṃ tarpayāmi |  | āṅgirasaṃ tarpayāmi | oṃ  oṃ vidyāṃ tarpayāmi |  | durgāṃ tarpayāmi | jyeṣṭhāṃtarpayāmi | oṃ  oṃ dhanvantariṃ tarpayāmi | oṃ  oṃ dhanvantari | pārṣadāṃs	oṃ  oṃ bhūmi | devāṃs tarpayāmi | oṃ  oṃ kāśyapam tarpayāmi | om  om antarikṣaṃ tarpayāmi | k | āṅgirasaṃ tarpayāmi | oṃ  oṃ vidyāṃ tarpayāmi | k | durgāṃ tarpayāmi | jyeṣṭhāṃtarpayāmi | oṃ  oṃ dhanvantariṃ tarpayāmi | oṃ  oṃ dhanvantari | pārṣadāṃs	recorded
6_sastra/4_dharma/sutra/baudhd_u.txt	1921	english_editorial	siglum_adds_or_omits	\b(?:k|ch) (?:adds|omits)\b	1	tarpayāmi | oṃ  oṃ dhanvantari | pārṣadīś ca tarpayāmi iti ||	tarpayāmi | oṃ k omits oṃ dhanvantari | pārṣadīś ca tarpayāmi iti ||	recorded
6_sastra/4_dharma/sutra/baudhd_u.txt	1925	english_editorial	siglum_adds_or_omits	\b(?:k|ch) (?:adds|omits)\b	7	om ṛṣīṃs tarpayāmi | oṃ  oṃ maharṣīṃs tarpayāmi | oṃ  oṃ paramarṣīṃs tarpayāmi | oṃ  oṃ brahmarṣīṃs tarpayāmi | oṃ  oṃ devarṣīṃs tarpayāmi | oṃ  oṃ rājarṣīṃs tarpayāmi | oṃ komits oṃ śrutarṣīṃs tarpayāmi | oṃ  oṃ janarṛṣīṃs tarpayāmi | oṃ 	om ṛṣīṃs tarpayāmi | oṃ k omits oṃ maharṣīṃs tarpayāmi | oṃ k omits oṃ paramarṣīṃs tarpayāmi | oṃ k omits oṃ brahmarṣīṃs tarpayāmi | oṃ k omits oṃ devarṣīṃs tarpayāmi | oṃ k omits oṃ rājarṣīṃs tarpayāmi | oṃ komits oṃ śrutarṣīṃs tarpayāmi | oṃ k omits oṃ janarṛṣīṃs tarpayāmi | oṃ k omits	recorded
6_sastra/4_dharma/sutra/baudhd_u.txt	1925	english_editorial	compact_komits	\bkomits\b	1	om ṛṣīṃs tarpayāmi | oṃ  oṃ maharṣīṃs tarpayāmi | oṃ  oṃ paramarṣīṃs tarpayāmi | oṃ  oṃ brahmarṣīṃs tarpayāmi | oṃ  oṃ devarṣīṃs tarpayāmi | oṃ  oṃ rājarṣīṃs tarpayāmi | oṃ  oṃ śrutarṣīṃs tarpayāmi | oṃ  oṃ janarṛṣīṃs tarpayāmi | oṃ 	om ṛṣīṃs tarpayāmi | oṃ  oṃ maharṣīṃs tarpayāmi | oṃ  oṃ paramarṣīṃs tarpayāmi | oṃ  oṃ brahmarṣīṃs tarpayāmi | oṃ  oṃ devarṣīṃs tarpayāmi | oṃ  oṃ rājarṣīṃs tarpayāmi | oṃ komits oṃ śrutarṣīṃs tarpayāmi | oṃ  oṃ janarṛṣīṃs tarpayāmi | oṃ 	recorded
6_sastra/4_dharma/sutra/baudhd_u.txt	1927	english_editorial	siglum_adds_or_omits	\b(?:k|ch) (?:adds|omits)\b	6	oṃ taparṛṣīṃs tarpayāmi | oṃ  oṃ satyarṣīṃs tarpayāmi | oṃ  oṃ saptarṣīṃs tarpayāmi | oṃ komits oṃ kāṇḍarṣīṃs tarpayāmi | oṃ  oṃ ṛṣikāṃs tarpayāmi | om  om ṛṣi | patnīs tarpayāmi | om  om ṛṣi | putrāṃstarpayāmi | om  om ṛṣi | pautrāṃs tarpayāmi |	oṃ taparṛṣīṃs tarpayāmi | oṃ k omits oṃ satyarṣīṃs tarpayāmi | oṃ k omits oṃ saptarṣīṃs tarpayāmi | oṃ komits oṃ kāṇḍarṣīṃs tarpayāmi | oṃ k omits oṃ ṛṣikāṃs tarpayāmi | om k omits om ṛṣi | patnīs tarpayāmi | om k omits om ṛṣi | putrāṃstarpayāmi | om k omits om ṛṣi | pautrāṃs tarpayāmi |	recorded
6_sastra/4_dharma/sutra/baudhd_u.txt	1927	english_editorial	compact_komits	\bkomits\b	1	oṃ taparṛṣīṃs tarpayāmi | oṃ  oṃ satyarṣīṃs tarpayāmi | oṃ  oṃ saptarṣīṃs tarpayāmi | oṃ  oṃ kāṇḍarṣīṃs tarpayāmi | oṃ  oṃ ṛṣikāṃs tarpayāmi | om  om ṛṣi | patnīs tarpayāmi | om  om ṛṣi | putrāṃstarpayāmi | om  om ṛṣi | pautrāṃs tarpayāmi |	oṃ taparṛṣīṃs tarpayāmi | oṃ  oṃ satyarṣīṃs tarpayāmi | oṃ  oṃ saptarṣīṃs tarpayāmi | oṃ komits oṃ kāṇḍarṣīṃs tarpayāmi | oṃ  oṃ ṛṣikāṃs tarpayāmi | om  om ṛṣi | patnīs tarpayāmi | om  om ṛṣi | putrāṃstarpayāmi | om  om ṛṣi | pautrāṃs tarpayāmi |	recorded
6_sastra/4_dharma/sutra/baudhd_u.txt	1929	english_editorial	siglum_adds_or_omits	\b(?:k|ch) (?:adds|omits)\b	5	oṃ  oṃ kāṇvaṃ baudhāyanaṃ tarpayāmi | om k omitsom āpastambaṃ sūtrakāraṃ tarpayāmi | oṃ  oṃ satyāṣāḍhaṃhiraṇyakeśinaṃ tarpayāmi | oṃ  oṃ vājasaneyinaṃ yājñavalkyamtarpayāmi | om  om āśvalāyanaṃ śaunakaṃ tarpayāmi | oṃ komits oṃ vyāsaṃ tarpayāmi | oṃ  oṃ vasiṣṭhaṃ tarpayāmi |	oṃ k omits oṃ kāṇvaṃ baudhāyanaṃ tarpayāmi | om k omitsom āpastambaṃ sūtrakāraṃ tarpayāmi | oṃ k omits oṃ satyāṣāḍhaṃhiraṇyakeśinaṃ tarpayāmi | oṃ k omits oṃ vājasaneyinaṃ yājñavalkyamtarpayāmi | om k omits om āśvalāyanaṃ śaunakaṃ tarpayāmi | oṃ komits oṃ vyāsaṃ tarpayāmi | oṃ k omits oṃ vasiṣṭhaṃ tarpayāmi |	recorded
6_sastra/4_dharma/sutra/baudhd_u.txt	1929	english_editorial	compact_omitsom	\bomitsom\b	1	oṃ  oṃ kāṇvaṃ baudhāyanaṃ tarpayāmi | om k om āpastambaṃ sūtrakāraṃ tarpayāmi | oṃ  oṃ satyāṣāḍhaṃhiraṇyakeśinaṃ tarpayāmi | oṃ  oṃ vājasaneyinaṃ yājñavalkyamtarpayāmi | om  om āśvalāyanaṃ śaunakaṃ tarpayāmi | oṃ komits oṃ vyāsaṃ tarpayāmi | oṃ  oṃ vasiṣṭhaṃ tarpayāmi |	oṃ  oṃ kāṇvaṃ baudhāyanaṃ tarpayāmi | om k omitsom āpastambaṃ sūtrakāraṃ tarpayāmi | oṃ  oṃ satyāṣāḍhaṃhiraṇyakeśinaṃ tarpayāmi | oṃ  oṃ vājasaneyinaṃ yājñavalkyamtarpayāmi | om  om āśvalāyanaṃ śaunakaṃ tarpayāmi | oṃ komits oṃ vyāsaṃ tarpayāmi | oṃ  oṃ vasiṣṭhaṃ tarpayāmi |	recorded
6_sastra/4_dharma/sutra/baudhd_u.txt	1929	english_editorial	compact_komits	\bkomits\b	1	oṃ  oṃ kāṇvaṃ baudhāyanaṃ tarpayāmi | om k om āpastambaṃ sūtrakāraṃ tarpayāmi | oṃ  oṃ satyāṣāḍhaṃhiraṇyakeśinaṃ tarpayāmi | oṃ  oṃ vājasaneyinaṃ yājñavalkyamtarpayāmi | om  om āśvalāyanaṃ śaunakaṃ tarpayāmi | oṃ  oṃ vyāsaṃ tarpayāmi | oṃ  oṃ vasiṣṭhaṃ tarpayāmi |	oṃ  oṃ kāṇvaṃ baudhāyanaṃ tarpayāmi | om k om āpastambaṃ sūtrakāraṃ tarpayāmi | oṃ  oṃ satyāṣāḍhaṃhiraṇyakeśinaṃ tarpayāmi | oṃ  oṃ vājasaneyinaṃ yājñavalkyamtarpayāmi | om  om āśvalāyanaṃ śaunakaṃ tarpayāmi | oṃ komits oṃ vyāsaṃ tarpayāmi | oṃ  oṃ vasiṣṭhaṃ tarpayāmi |	recorded
6_sastra/4_dharma/sutra/baudhd_u.txt	1929	standalone_consonant	delete_non_whitelisted_standalone_consonant	k	1	oṃ  oṃ kāṇvaṃ baudhāyanaṃ tarpayāmi | om  om āpastambaṃ sūtrakāraṃ tarpayāmi | oṃ  oṃ satyāṣāḍhaṃhiraṇyakeśinaṃ tarpayāmi | oṃ  oṃ vājasaneyinaṃ yājñavalkyamtarpayāmi | om  om āśvalāyanaṃ śaunakaṃ tarpayāmi | oṃ  oṃ vyāsaṃ tarpayāmi | oṃ  oṃ vasiṣṭhaṃ tarpayāmi |	oṃ  oṃ kāṇvaṃ baudhāyanaṃ tarpayāmi | om k om āpastambaṃ sūtrakāraṃ tarpayāmi | oṃ  oṃ satyāṣāḍhaṃhiraṇyakeśinaṃ tarpayāmi | oṃ  oṃ vājasaneyinaṃ yājñavalkyamtarpayāmi | om  om āśvalāyanaṃ śaunakaṃ tarpayāmi | oṃ  oṃ vyāsaṃ tarpayāmi | oṃ  oṃ vasiṣṭhaṃ tarpayāmi |	recorded
6_sastra/4_dharma/sutra/baudhd_u.txt	1931	english_editorial	siglum_adds_or_omits	\b(?:k|ch) (?:adds|omits)\b	8	oṃ  oṃ praṇavaṃ tarpayāmi | oṃ  oṃ vyāhṛtīs tarpayāmi | oṃ  oṃ sāvitrīṃ tarpayāmi | oṃ komits oṃ gāyatrīṃ tarpayāmi | oṃ  oṃ chandāṃsi tarpayāmi | om  om ṛgvedaṃ tarpayāmi | oṃ  oṃ yajurvedaṃtarpayāmi | oṃ  oṃ sāmavedaṃ tarpayāmi | om  om atharvavedaṃ tarpayāmi	oṃ k omits oṃ praṇavaṃ tarpayāmi | oṃ k omits oṃ vyāhṛtīs tarpayāmi | oṃ k omits oṃ sāvitrīṃ tarpayāmi | oṃ komits oṃ gāyatrīṃ tarpayāmi | oṃ k omits oṃ chandāṃsi tarpayāmi | om k omits om ṛgvedaṃ tarpayāmi | oṃ k omits oṃ yajurvedaṃtarpayāmi | oṃ k omits oṃ sāmavedaṃ tarpayāmi | om k omits om atharvavedaṃ tarpayāmi	recorded
6_sastra/4_dharma/sutra/baudhd_u.txt	1931	english_editorial	compact_komits	\bkomits\b	1	oṃ  oṃ praṇavaṃ tarpayāmi | oṃ  oṃ vyāhṛtīs tarpayāmi | oṃ  oṃ sāvitrīṃ tarpayāmi | oṃ  oṃ gāyatrīṃ tarpayāmi | oṃ  oṃ chandāṃsi tarpayāmi | om  om ṛgvedaṃ tarpayāmi | oṃ  oṃ yajurvedaṃtarpayāmi | oṃ  oṃ sāmavedaṃ tarpayāmi | om  om atharvavedaṃ tarpayāmi	oṃ  oṃ praṇavaṃ tarpayāmi | oṃ  oṃ vyāhṛtīs tarpayāmi | oṃ  oṃ sāvitrīṃ tarpayāmi | oṃ komits oṃ gāyatrīṃ tarpayāmi | oṃ  oṃ chandāṃsi tarpayāmi | om  om ṛgvedaṃ tarpayāmi | oṃ  oṃ yajurvedaṃtarpayāmi | oṃ  oṃ sāmavedaṃ tarpayāmi | om  om atharvavedaṃ tarpayāmi	recorded
6_sastra/4_dharma/sutra/baudhd_u.txt	1933	english_editorial	siglum_adds_or_omits	\b(?:k|ch) (?:adds|omits)\b	5	om  om atharvāṅgirasas tarpayāmi | om  om itihāsa | purāṇānitarpayāmi | oṃ  oṃ sarva | vedāṃs tarpayāmi | oṃ  oṃ sarva | deva | janāṃs tarpayāmi | oṃ  oṃ sarva | bhūtānitarpayāmi iti ||	om k omits om atharvāṅgirasas tarpayāmi | om k omits om itihāsa | purāṇānitarpayāmi | oṃ k omits oṃ sarva | vedāṃs tarpayāmi | oṃ k omits oṃ sarva | deva | janāṃs tarpayāmi | oṃ k omits oṃ sarva | bhūtānitarpayāmi iti ||	recorded
6_sastra/4_dharma/sutra/baudhd_u.txt	1935	english_editorial	siglum_adds_or_omits	\b(?:k|ch) (?:adds|omits)\b	5	atha prācīnāvīti || oṃ  oṃ pitāmahān svadhā namas tarpayāmi | oṃ  oṃ prapitāmahān svadhā namas tarpayāmi || oṃ  oṃ pitāmahīḥ svadhā namas tarpayāmi | oṃ  oṃ prapitāmahīḥ svadhā namas tarpayāmi | oṃ  oṃ mātāmahān svadhā	atha prācīnāvīti || oṃ k omits oṃ pitāmahān svadhā namas tarpayāmi | oṃ k omits oṃ prapitāmahān svadhā namas tarpayāmi || oṃ k omits oṃ pitāmahīḥ svadhā namas tarpayāmi | oṃ k omits oṃ prapitāmahīḥ svadhā namas tarpayāmi | oṃ k omits oṃ mātāmahān svadhā	recorded
6_sastra/4_dharma/sutra/baudhd_u.txt	1937	english_editorial	siglum_adds_or_omits	\b(?:k|ch) (?:adds|omits)\b	4	namas tarpayāmi | oṃ  oṃ mātuḥ pitāmahānsvadhā namas tarpayāmi | oṃ  oṃ mātuḥ prapitāmahān svadhānamas tarpayāmi | oṃ  oṃ mātāmahīḥ svadhā namas tarpayāmi | oṃ  oṃ mātuḥ pitāmahīḥ svadhā namas tarpayāmi | oṃ komits oṃ mātuḥ prapitāmahīḥ svadhā namas tarpayāmi ||	namas tarpayāmi | oṃ k omits oṃ mātuḥ pitāmahānsvadhā namas tarpayāmi | oṃ k omits oṃ mātuḥ prapitāmahān svadhānamas tarpayāmi | oṃ k omits oṃ mātāmahīḥ svadhā namas tarpayāmi | oṃ k omits oṃ mātuḥ pitāmahīḥ svadhā namas tarpayāmi | oṃ komits oṃ mātuḥ prapitāmahīḥ svadhā namas tarpayāmi ||	recorded
6_sastra/4_dharma/sutra/baudhd_u.txt	1937	english_editorial	compact_komits	\bkomits\b	1	namas tarpayāmi | oṃ  oṃ mātuḥ pitāmahānsvadhā namas tarpayāmi | oṃ  oṃ mātuḥ prapitāmahān svadhānamas tarpayāmi | oṃ  oṃ mātāmahīḥ svadhā namas tarpayāmi | oṃ  oṃ mātuḥ pitāmahīḥ svadhā namas tarpayāmi | oṃ  oṃ mātuḥ prapitāmahīḥ svadhā namas tarpayāmi ||	namas tarpayāmi | oṃ  oṃ mātuḥ pitāmahānsvadhā namas tarpayāmi | oṃ  oṃ mātuḥ prapitāmahān svadhānamas tarpayāmi | oṃ  oṃ mātāmahīḥ svadhā namas tarpayāmi | oṃ  oṃ mātuḥ pitāmahīḥ svadhā namas tarpayāmi | oṃ komits oṃ mātuḥ prapitāmahīḥ svadhā namas tarpayāmi ||	recorded
6_sastra/4_dharma/sutra/baudhd_u.txt	1939	english_editorial	siglum_adds_or_omits	\b(?:k|ch) (?:adds|omits)\b	6	om ācāryān svadhā namas tarpayāmi | om  om ācārya | patnīḥ svadhā namas tarpayāmi | oṃ  oṃ gurūn svadhānamas tarpayāmi | oṃ  oṃ guru | patnīḥ svadhā namas tarpayāmi | oṃ  oṃ sakhīn svadhā namas tarpayāmi | oṃ  oṃ sakhi | patnīḥ svadhā namas tarpayāmi | oṃ  oṃ jñātīn svadhānamas tarpayāmi	om ācāryān svadhā namas tarpayāmi | om k omits om ācārya | patnīḥ svadhā namas tarpayāmi | oṃ k omits oṃ gurūn svadhānamas tarpayāmi | oṃ k omits oṃ guru | patnīḥ svadhā namas tarpayāmi | oṃ k omits oṃ sakhīn svadhā namas tarpayāmi | oṃ k omits oṃ sakhi | patnīḥ svadhā namas tarpayāmi | oṃ k omits oṃ jñātīn svadhānamas tarpayāmi	recorded
6_sastra/4_dharma/sutra/baudhd_u.txt	1941	english_editorial	siglum_adds_or_omits	\b(?:k|ch) (?:adds|omits)\b	4	oṃ  oṃ jñāti | patnīḥ svadhā namastarpayāmi | om  om amātyān svadhā namas tarpayāmi | om komits om amātya | patnīḥ svadhā namas tarpayāmi | oṃ  oṃ sarvān svadhā namas tarpayāmi | oṃ  oṃ sarvāḥ svadhā namastarpayāmi iti ||	oṃ k omits oṃ jñāti | patnīḥ svadhā namastarpayāmi | om k omits om amātyān svadhā namas tarpayāmi | om komits om amātya | patnīḥ svadhā namas tarpayāmi | oṃ k omits oṃ sarvān svadhā namas tarpayāmi | oṃ k omits oṃ sarvāḥ svadhā namastarpayāmi iti ||	recorded
6_sastra/4_dharma/sutra/baudhd_u.txt	1941	english_editorial	compact_komits	\bkomits\b	1	oṃ  oṃ jñāti | patnīḥ svadhā namastarpayāmi | om  om amātyān svadhā namas tarpayāmi | om  om amātya | patnīḥ svadhā namas tarpayāmi | oṃ  oṃ sarvān svadhā namas tarpayāmi | oṃ  oṃ sarvāḥ svadhā namastarpayāmi iti ||	oṃ  oṃ jñāti | patnīḥ svadhā namastarpayāmi | om  om amātyān svadhā namas tarpayāmi | om komits om amātya | patnīḥ svadhā namas tarpayāmi | oṃ  oṃ sarvān svadhā namas tarpayāmi | oṃ  oṃ sarvāḥ svadhā namastarpayāmi iti ||	recorded
6_sastra/4_dharma/sutra/baudhd_u.txt	1971	standalone_consonant	delete_non_whitelisted_standalone_consonant	k	1	aiṣṭika | pāśuka | saumika | dārvihomāṇām  | dārvīhomāṇām ||	aiṣṭika | pāśuka | saumika | dārvihomāṇām k | dārvīhomāṇām ||	recorded
6_sastra/4_dharma/sutra/baudhd_u.txt	2013	standalone_consonant	delete_non_whitelisted_standalone_consonant	k	1	adṛṣṭatvāt | ye catvāra iti | karma | vādaaiṣṭika | pāśuka | saumika | dārvihomāṇām  | dārvīhomāṇām ||	adṛṣṭatvāt | ye catvāra iti | karma | vādaaiṣṭika | pāśuka | saumika | dārvihomāṇām k | dārvīhomāṇām ||	recorded
6_sastra/4_dharma/sutra/baudhd_u.txt	2059	standalone_consonant	delete_non_whitelisted_standalone_consonant	k	1	sarva | bhakṣya | apūpa | kanda | mūla | phala | māṃsāni  | māṃsādīni dantair na avadyet ||	sarva | bhakṣya | apūpa | kanda | mūla | phala | māṃsāni k | māṃsādīni dantair na avadyet ||	recorded
6_sastra/4_dharma/sutra/baudhd_u.txt	2087	english_editorial	siglum_adds_or_omits	\b(?:k|ch) (?:adds|omits)\b	1	kevala | agho bhavati kevala | ādī | mogham annaṃ vindateapracetā  apracetā iti ||	kevala | agho bhavati kevala | ādī | mogham annaṃ vindateapracetā k omits apracetā iti ||	recorded
6_sastra/4_dharma/sutra/baudhd_u.txt	2147	standalone_consonant	delete_non_whitelisted_standalone_consonant	k	1	caraṇa | vato anūcānān yoni | gotra | mantra | asaṃbaddhān  | asambandhān śucīn mantravatas try | avarān ayujaḥ pūrvedyuḥ prātar evavā nimantrya sa | darbha | upakḷpteṣv āsaneṣu prāṅ | mukhān upaveśayatyudaṅ | mukhān vā ||	caraṇa | vato anūcānān yoni | gotra | mantra | asaṃbaddhān k | asambandhān śucīn mantravatas try | avarān ayujaḥ pūrvedyuḥ prātar evavā nimantrya sa | darbha | upakḷpteṣv āsaneṣu prāṅ | mukhān upaveśayatyudaṅ | mukhān vā ||	recorded
6_sastra/4_dharma/sutra/baudhd_u.txt	2323	english_editorial	siglum_adds_or_omits	\b(?:k|ch) (?:adds|omits)\b	1	devavat  devavat pitṛbhyo añjalim ādāya | oṃ bhūḥ svadhā | oṃ bhuvaḥ svadhā | oṃ suvaḥ svadhā | oṃbhūr bhuvaḥ suvar mahar nama iti ||	devavat k omits devavat pitṛbhyo añjalim ādāya | oṃ bhūḥ svadhā | oṃ bhuvaḥ svadhā | oṃ suvaḥ svadhā | oṃbhūr bhuvaḥ suvar mahar nama iti ||	recorded
6_sastra/4_dharma/sutra/baudhd_u.txt	2377	english_editorial	siglum_adds_or_omits	\b(?:k|ch) (?:adds|omits)\b	1	tatra maune yuktas traividya | vṛddhair ācāryair munibhiranyair vā āśramibhir bahu | śrutair dantair  dantair dantānsaṃdhāya antarmukha eva yāvad | artha | saṃbhāṣī na strībhir na yatra lopobhavati iti vijñāyate ||	tatra maune yuktas traividya | vṛddhair ācāryair munibhiranyair vā āśramibhir bahu | śrutair dantair k omits dantair dantānsaṃdhāya antarmukha eva yāvad | artha | saṃbhāṣī na strībhir na yatra lopobhavati iti vijñāyate ||	recorded
6_sastra/4_dharma/sutra/baudhd_u.txt	2427	english_editorial	siglum_adds_or_omits	\b(?:k|ch) (?:adds|omits)\b	1	atha  atha prātar udita āditye yathā | sūtram agnīnprajvālya gārhapatya ājyaṃ vilāpya utpūya sruk | sruvaṃ niṣṭapyasaṃmṛjya sruci catur | gṛhītaṃ gṛhītvā āhavanīye vāstoṣpatīyaṃjuhoti ||	atha k omits atha prātar udita āditye yathā | sūtram agnīnprajvālya gārhapatya ājyaṃ vilāpya utpūya sruk | sruvaṃ niṣṭapyasaṃmṛjya sruci catur | gṛhītaṃ gṛhītvā āhavanīye vāstoṣpatīyaṃjuhoti ||	recorded
6_sastra/4_dharma/sutra/baudhd_u.txt	2495	english_editorial	siglum_adds_or_omits	\b(?:k|ch) (?:adds|omits)\b	1	kāpotā iti | avārita | sthāneṣu pathiṣu vā  vā kṣetreṣu vā apratihata | avakāśeṣu vā yatra yatra oṣadhayo vidyante tatratatra aṅgulībhyām ekaikām oṣadhim uñchayitvā saṃdaṃśanāt kapotavad iti kāpotā ||	kāpotā iti | avārita | sthāneṣu pathiṣu vā k omits vā kṣetreṣu vā apratihata | avakāśeṣu vā yatra yatra oṣadhayo vidyante tatratatra aṅgulībhyām ekaikām oṣadhim uñchayitvā saṃdaṃśanāt kapotavad iti kāpotā ||	recorded
6_sastra/4_dharma/sutra/baudhd_u.txt	2539	english_editorial	siglum_adds_or_omits	\b(?:k|ch) (?:adds|omits)\b	1	iti  iti vaikhānasānāṃ vihitā daśa dīkṣāḥ ||	iti k omits iti vaikhānasānāṃ vihitā daśa dīkṣāḥ ||	recorded
6_sastra/4_dharma/sutra/baudhd_u.txt	2681	english_editorial	compact_komits	\bkomits\b	1	hutvā agnihotram ārapsyamāno daśahotrā | hutvādarśapūrṇamāsāv ārapsyamānaś caturhotrā | hutvā cāturmāsyānyārapsyamānaḥ pañcahotrā | hutvā paśubandhe ṣaḍḍhotrā | hutvā  hutvā some saptahotrā ||	hutvā agnihotram ārapsyamāno daśahotrā | hutvādarśapūrṇamāsāv ārapsyamānaś caturhotrā | hutvā cāturmāsyānyārapsyamānaḥ pañcahotrā | hutvā paśubandhe ṣaḍḍhotrā | hutvā komits hutvā some saptahotrā ||	recorded
6_sastra/4_dharma/sutra/baudhd_u.txt	2729	english_editorial	siglum_adds_or_omits	\b(?:k|ch) (?:adds|omits)\b	1	atha  atha prathamāyāṃ pūrva | pakṣasya ekaḥ | dvaudvitīyāyām ||	atha k omits atha prathamāyāṃ pūrva | pakṣasya ekaḥ | dvaudvitīyāyām ||	recorded
6_sastra/4_dharma/sutra/baudhd_u.txt	2747	english_editorial	siglum_adds_or_omits	\b(?:k|ch) (?:adds|omits)\b	1	nakṣatrāṇāṃ dyutiṃ sūryā | candramasor eva  eva sāyujyaṃ salokatām āpnoti ya u ca enad adhīte | ya u ca enad adhīte ||	nakṣatrāṇāṃ dyutiṃ sūryā | candramasor eva k omits eva sāyujyaṃ salokatām āpnoti ya u ca enad adhīte | ya u ca enad adhīte ||	recorded
6_sastra/4_dharma/sutra/baudhd_u.txt	2759	english_editorial	siglum_adds_or_omits	\b(?:k|ch) (?:adds|omits)\b	1	hutvā veda | ādim ārabheta saṃtatam adhīyīta || 	hutvā veda | ādim ārabheta saṃtatam adhīyīta || k omits	recorded
6_sastra/4_dharma/sutra/baudhd_u.txt	2761	english_editorial	siglum_adds_or_omits	\b(?:k|ch) (?:adds|omits)\b	1	na antarā vyāharen na ca antarā viramet || 	na antarā vyāharen na ca antarā viramet || k omits	recorded
6_sastra/4_dharma/sutra/baudhd_u.txt	2797	english_editorial	compact_komits	\bkomits\b	1	tatra prāyaścittaṃ kuryān na kuryād iti mīmāṃsante  mīmāṃsante ||	tatra prāyaścittaṃ kuryān na kuryād iti mīmāṃsante komits mīmāṃsante ||	recorded
6_sastra/4_dharma/sutra/gautdh_u.txt	135	standalone_consonant	delete_non_whitelisted_standalone_consonant	b	1	 | ahutāt |	b | ahutāt |	recorded
6_sastra/4_dharma/sutra/gautdh_u.txt	137	standalone_consonant	delete_non_whitelisted_standalone_consonant	c	1	 | brahmacārī |	c | brahmacārī |	recorded
6_sastra/4_dharma/sutra/gautdh_u.txt	139	standalone_consonant	delete_non_whitelisted_standalone_consonant	d	1	 | yathopapāditamūtrapurīṣo bhavati |	d | yathopapāditamūtrapurīṣo bhavati |	recorded
6_sastra/4_dharma/sutra/gautdh_u.txt	143	standalone_consonant	delete_non_whitelisted_standalone_consonant	b	1	 | anyatrāpamārjanapradhāvanāvokṣaṇebhyaḥ |	b | anyatrāpamārjanapradhāvanāvokṣaṇebhyaḥ |	recorded
6_sastra/4_dharma/sutra/gautdh_u.txt	157	standalone_consonant	delete_non_whitelisted_standalone_consonant	b	1	 | satyavacanam |	b | satyavacanam |	recorded
6_sastra/4_dharma/sutra/gautdh_u.txt	159	standalone_consonant	delete_non_whitelisted_standalone_consonant	c	1	 | apām upasparśanam |	c | apām upasparśanam |	recorded
6_sastra/4_dharma/sutra/gautdh_u.txt	201	standalone_consonant	delete_non_whitelisted_standalone_consonant	b	1	 | karma vijñāpyākhyāya |	b | karma vijñāpyākhyāya |	recorded
6_sastra/4_dharma/sutra/gautdh_u.txt	615	standalone_consonant	delete_non_whitelisted_standalone_consonant	b	1	 | pañcānāṃ yajñānām anuṣṭhānaṃdevapitṛmanuṣyabhūtabrāhmaṇām |	b | pañcānāṃ yajñānām anuṣṭhānaṃdevapitṛmanuṣyabhūtabrāhmaṇām |	recorded
6_sastra/4_dharma/sutra/gautdh_u.txt	881	standalone_consonant	delete_non_whitelisted_standalone_consonant	b	1	 | samāvṛtter vā |	b | samāvṛtter vā |	recorded
6_sastra/4_dharma/sutra/gautdh_u.txt	981	standalone_consonant	delete_non_whitelisted_standalone_consonant	b	1	 | janma pratipadyante |	b | janma pratipadyante |	recorded
6_sastra/4_dharma/sutra/gautdh_u.txt	1281	standalone_consonant	delete_non_whitelisted_standalone_consonant	b	1	 | yasya ca saḥ |	b | yasya ca saḥ |	recorded
6_sastra/4_dharma/sutra/gautdh_u.txt	1291	standalone_consonant	delete_non_whitelisted_standalone_consonant	b	1	 | guṇavantam |	b | guṇavantam |	recorded
6_sastra/4_dharma/sutra/gautdh_u.txt	1617	standalone_consonant	delete_non_whitelisted_standalone_consonant	b	1	 | gāṃ vā |	b | gāṃ vā |	recorded
6_sastra/4_dharma/smrti/brhasppu.txt	1963	standalone_consonant	delete_non_whitelisted_standalone_consonant	p	1		p	recorded
6_sastra/4_dharma/smrti/brhasppu.txt	2913	standalone_consonant	delete_non_whitelisted_standalone_consonant	p	1		p	recorded
6_sastra/4_dharma/smrti/brhasppu.txt	2919	standalone_consonant	delete_non_whitelisted_standalone_consonant	p	1		p	recorded
6_sastra/4_dharma/smrti/brhasppu.txt	2993	standalone_consonant	delete_non_whitelisted_standalone_consonant	p	1		p	recorded
6_sastra/4_dharma/smrti/brhasppu.txt	3057	standalone_consonant	delete_non_whitelisted_standalone_consonant	p	1		p	recorded
6_sastra/5_artha/kautil_u.txt	1001	standalone_consonant	delete_non_whitelisted_standalone_consonant	ś	1	sarvam ātyayikaṃ kāryaṃ śṛṇuyān na atipātayet 	sarvam ātyayikaṃ kāryaṃ śṛṇuyān na atipātayet ś	recorded
6_sastra/5_artha/kautil_u.txt	1003	standalone_consonant	delete_non_whitelisted_standalone_consonant	ś	1	kṛcchra | sādhyam atikrāntam asādhyaṃ vā api jāyate || 	kṛcchra | sādhyam atikrāntam asādhyaṃ vā api jāyate || ś	recorded
6_sastra/5_artha/kautil_u.txt	1005	standalone_consonant	delete_non_whitelisted_standalone_consonant	ś	1	agny | agāra | gataḥ kāryaṃ paśyed vaidya | tapasvinām 	agny | agāra | gataḥ kāryaṃ paśyed vaidya | tapasvinām ś	recorded
6_sastra/5_artha/kautil_u.txt	1007	standalone_consonant	delete_non_whitelisted_standalone_consonant	ś	1	purohita | ācārya | sakhaḥ pratyutthāya abhivādya ca || 	purohita | ācārya | sakhaḥ pratyutthāya abhivādya ca || ś	recorded
6_sastra/5_artha/kautil_u.txt	1009	standalone_consonant	delete_non_whitelisted_standalone_consonant	ś	1	tapasvināṃ tu kāryāṇi traividyaiḥ saha kārayet 	tapasvināṃ tu kāryāṇi traividyaiḥ saha kārayet ś	recorded
6_sastra/5_artha/kautil_u.txt	1011	standalone_consonant	delete_non_whitelisted_standalone_consonant	ś	1	māyā | yogavidāṃ caiva na svayaṃ kopa | kāraṇāt || 	māyā | yogavidāṃ caiva na svayaṃ kopa | kāraṇāt || ś	recorded
6_sastra/5_artha/kautil_u.txt	1013	standalone_consonant	delete_non_whitelisted_standalone_consonant	ś	1	rājño hi vratam utthānaṃ yajñaḥ kārya | anuśāsanam 	rājño hi vratam utthānaṃ yajñaḥ kārya | anuśāsanam ś	recorded
6_sastra/5_artha/kautil_u.txt	1015	standalone_consonant	delete_non_whitelisted_standalone_consonant	ś	1	dakṣiṇā vṛtti | sāmyaṃ tu dīkṣā tasya abhiṣecanam || 	dakṣiṇā vṛtti | sāmyaṃ tu dīkṣā tasya abhiṣecanam || ś	recorded
6_sastra/5_artha/kautil_u.txt	1017	standalone_consonant	delete_non_whitelisted_standalone_consonant	ś	1	prajā | sukhe sukhaṃ rājñaḥ prajānāṃ ca hite hitam 	prajā | sukhe sukhaṃ rājñaḥ prajānāṃ ca hite hitam ś	recorded
6_sastra/5_artha/kautil_u.txt	1019	standalone_consonant	delete_non_whitelisted_standalone_consonant	ś	1	na ātma | priyaṃ hitaṃ rājñaḥ prajānāṃ tu priyaṃ hitam || 	na ātma | priyaṃ hitaṃ rājñaḥ prajānāṃ tu priyaṃ hitam || ś	recorded
6_sastra/5_artha/kautil_u.txt	1023	standalone_consonant	delete_non_whitelisted_standalone_consonant	ś	1	arthasya mūlam utthānam anarthasya viparyayaḥ || 	arthasya mūlam utthānam anarthasya viparyayaḥ || ś	recorded
6_sastra/5_artha/kautil_u.txt	1025	standalone_consonant	delete_non_whitelisted_standalone_consonant	ś	1	anutthāne dhruvo nāśaḥ prāptasya anāgatasya ca 	anutthāne dhruvo nāśaḥ prāptasya anāgatasya ca ś	recorded
6_sastra/5_artha/kautil_u.txt	1027	standalone_consonant	delete_non_whitelisted_standalone_consonant	ś	1	prāpyate phalam utthānāl labhate ca arthasampadam || 	prāpyate phalam utthānāl labhate ca arthasampadam || ś	recorded
6_sastra/5_artha/kautil_u.txt	1071	standalone_consonant	delete_non_whitelisted_standalone_consonant	ś	1	sva | bhūmau ca vaset sarvaḥ para | bhūmau na saṃcaret 	sva | bhūmau ca vaset sarvaḥ para | bhūmau na saṃcaret ś	recorded
6_sastra/5_artha/kautil_u.txt	1073	standalone_consonant	delete_non_whitelisted_standalone_consonant	ś	1	na ca bāhyena saṃsargaṃ kaścid ābhyantaro vrajet || 	na ca bāhyena saṃsargaṃ kaścid ābhyantaro vrajet || ś	recorded
6_sastra/5_artha/kautil_u.txt	1075	standalone_consonant	delete_non_whitelisted_standalone_consonant	ś	1	sarvaṃ ca avekṣitaṃ dravyaṃ nibaddha | āgama | nirgamam 	sarvaṃ ca avekṣitaṃ dravyaṃ nibaddha | āgama | nirgamam ś	recorded
6_sastra/5_artha/kautil_u.txt	1077	standalone_consonant	delete_non_whitelisted_standalone_consonant	ś	1	nirgacched abhigacched vā mudrā | saṃkrānta | bhūmikam ||  e	nirgacched abhigacched vā mudrā | saṃkrānta | bhūmikam || ś e	recorded
6_sastra/5_artha/kautil_u.txt	1149	standalone_consonant	delete_non_whitelisted_standalone_consonant	ś	1	yathā ca yoga | puruṣair anyān rājā adhitiṣṭhati 	yathā ca yoga | puruṣair anyān rājā adhitiṣṭhati ś	recorded
6_sastra/5_artha/kautil_u.txt	1151	standalone_consonant	delete_non_whitelisted_standalone_consonant	ś	1	tathā ayam anya | ābādhebhyo rakṣed ātmānam ātmavān ||  e	tathā ayam anya | ābādhebhyo rakṣed ātmānam ātmavān || ś e	recorded
6_sastra/5_artha/kautil_u.txt	1225	standalone_consonant	delete_non_whitelisted_standalone_consonant	ś	1	para | cakra | aṭavī | grastaṃ vyādhi | durbhikṣa | pīḍitam 	para | cakra | aṭavī | grastaṃ vyādhi | durbhikṣa | pīḍitam ś	recorded
6_sastra/5_artha/kautil_u.txt	1227	standalone_consonant	delete_non_whitelisted_standalone_consonant	ś	1	deśaṃ parihared rājā vyaya | krīḍāś ca vārayet || 	deśaṃ parihared rājā vyaya | krīḍāś ca vārayet || ś	recorded
6_sastra/5_artha/kautil_u.txt	1229	standalone_consonant	delete_non_whitelisted_standalone_consonant	ś	1	daṇḍa | viṣṭi | kara | ābādhai rakṣed upahatāṃ kṛṣim 	daṇḍa | viṣṭi | kara | ābādhai rakṣed upahatāṃ kṛṣim ś	recorded
6_sastra/5_artha/kautil_u.txt	1231	standalone_consonant	delete_non_whitelisted_standalone_consonant	ś	1	stena | vyāla | viṣa | grāhair vyādhibhiś ca paśu | vrajān || 	stena | vyāla | viṣa | grāhair vyādhibhiś ca paśu | vrajān || ś	recorded
6_sastra/5_artha/kautil_u.txt	1233	standalone_consonant	delete_non_whitelisted_standalone_consonant	ś	1	vallabhaiḥ kārmikaiḥ stenair anta | pālaiś ca pīḍitam 	vallabhaiḥ kārmikaiḥ stenair anta | pālaiś ca pīḍitam ś	recorded
6_sastra/5_artha/kautil_u.txt	1235	standalone_consonant	delete_non_whitelisted_standalone_consonant	ś	1	śodhayet paśu | saṃghaiś ca kṣīyamāṇaṃ vaṇik | patham || 	śodhayet paśu | saṃghaiś ca kṣīyamāṇaṃ vaṇik | patham || ś	recorded
6_sastra/5_artha/kautil_u.txt	1237	standalone_consonant	delete_non_whitelisted_standalone_consonant	ś	1	evaṃ dravya | dvi | pavanaṃ setu | bandham atha ākarān 	evaṃ dravya | dvi | pavanaṃ setu | bandham atha ākarān ś	recorded
6_sastra/5_artha/kautil_u.txt	1239	standalone_consonant	delete_non_whitelisted_standalone_consonant	ś	1	rakṣet pūrva | kṛtān rājā navāṃś ca abhipravartayet ||  e	rakṣet pūrva | kṛtān rājā navāṃś ca abhipravartayet || ś e	recorded
6_sastra/5_artha/kautil_u.txt	1269	standalone_consonant	delete_non_whitelisted_standalone_consonant	ś	1	kāliṅga | aṅgarajāḥ śreṣṭhāḥ prācyāś cedi | karūṣajāḥ 	kāliṅga | aṅgarajāḥ śreṣṭhāḥ prācyāś cedi | karūṣajāḥ ś	recorded
6_sastra/5_artha/kautil_u.txt	1271	standalone_consonant	delete_non_whitelisted_standalone_consonant	ś	1	dāśārṇāś ca apara | antāś ca dvipānāṃ madhyamā matāḥ || 	dāśārṇāś ca apara | antāś ca dvipānāṃ madhyamā matāḥ || ś	recorded
6_sastra/5_artha/kautil_u.txt	1273	standalone_consonant	delete_non_whitelisted_standalone_consonant	ś	1	saurāṣṭrikāḥ pāñcanadās teṣāṃ pratyavarāḥ smṛtāḥ 	saurāṣṭrikāḥ pāñcanadās teṣāṃ pratyavarāḥ smṛtāḥ ś	recorded
6_sastra/5_artha/kautil_u.txt	1275	standalone_consonant	delete_non_whitelisted_standalone_consonant	ś	1	sarveṣāṃ karmaṇā vīryaṃ javas tejaś ca vardhate ||  e	sarveṣāṃ karmaṇā vīryaṃ javas tejaś ca vardhate || ś e	recorded
6_sastra/5_artha/kautil_u.txt	1345	standalone_consonant	delete_non_whitelisted_standalone_consonant	ś	1	tāsu pāṣāṇa | kuddālāḥ kuṭhārī | kāṇḍa | kalpanāḥ 	tāsu pāṣāṇa | kuddālāḥ kuṭhārī | kāṇḍa | kalpanāḥ ś	recorded
6_sastra/5_artha/kautil_u.txt	1347	standalone_consonant	delete_non_whitelisted_standalone_consonant	ś	1	muṣuṇḍhī | mudgarā daṇḍāś cakra | yantra | śataghnayaḥ || 	muṣuṇḍhī | mudgarā daṇḍāś cakra | yantra | śataghnayaḥ || ś	recorded
6_sastra/5_artha/kautil_u.txt	1349	standalone_consonant	delete_non_whitelisted_standalone_consonant	ś	1	kāryāḥ kārmārikāḥ śūlā vedhana | agrāś ca veṇavaḥ 	kāryāḥ kārmārikāḥ śūlā vedhana | agrāś ca veṇavaḥ ś	recorded
6_sastra/5_artha/kautil_u.txt	1351	standalone_consonant	delete_non_whitelisted_standalone_consonant	ś	1	uṣṭra | grīvyo agni | samyogāḥ kupya | kalpe ca yo vidhiḥ ||  e	uṣṭra | grīvyo agni | samyogāḥ kupya | kalpe ca yo vidhiḥ || ś e	recorded
6_sastra/5_artha/kautil_u.txt	1415	standalone_consonant	delete_non_whitelisted_standalone_consonant	ś	1	na ca bāhirikān kuryāt pure rāṣṭra | upaghātakān 	na ca bāhirikān kuryāt pure rāṣṭra | upaghātakān ś	recorded
6_sastra/5_artha/kautil_u.txt	1417	standalone_consonant	delete_non_whitelisted_standalone_consonant	ś	1	kṣipej jana | pade ca etān sarvān vā dāpayet karān ||  e	kṣipej jana | pade ca etān sarvān vā dāpayet karān || ś e	recorded
6_sastra/5_artha/kautil_u.txt	1463	standalone_consonant	delete_non_whitelisted_standalone_consonant	ś	1	|| bāhyam abhyantaraṃ cāyaṃ vidyād varṣa | śatād api 	|| bāhyam abhyantaraṃ cāyaṃ vidyād varṣa | śatād api ś	recorded
6_sastra/5_artha/kautil_u.txt	1465	standalone_consonant	delete_non_whitelisted_standalone_consonant	ś	1	yathā pṛṣṭo na sajjeta vyaye śeṣe ca saṃcaye ||  e	yathā pṛṣṭo na sajjeta vyaye śeṣe ca saṃcaye || ś e	recorded
6_sastra/5_artha/kautil_u.txt	1521	standalone_consonant	delete_non_whitelisted_standalone_consonant	ś	1	evaṃ kuryāt samudayaṃ vṛddhiṃ ca āyasya darśayet 	evaṃ kuryāt samudayaṃ vṛddhiṃ ca āyasya darśayet ś	recorded
6_sastra/5_artha/kautil_u.txt	1523	standalone_consonant	delete_non_whitelisted_standalone_consonant	ś	1	hrāsaṃ vyayasya ca prājñaḥ sādhayec ca viparyayam ||  e	hrāsaṃ vyayasya ca prājñaḥ sādhayec ca viparyayam || ś e	recorded
6_sastra/5_artha/kautil_u.txt	1609	standalone_consonant	delete_non_whitelisted_standalone_consonant	ś	1	aparādhaṃ saheta alpaṃ tuṣyed alpe api ca udaye 	aparādhaṃ saheta alpaṃ tuṣyed alpe api ca udaye ś	recorded
6_sastra/5_artha/kautil_u.txt	1611	standalone_consonant	delete_non_whitelisted_standalone_consonant	ś	1	mahā | upakāraṃ ca adhyakṣaṃ pragraheṇa abhipūjayet ||  e	mahā | upakāraṃ ca adhyakṣaṃ pragraheṇa abhipūjayet || ś e	recorded
6_sastra/5_artha/kautil_u.txt	1685	standalone_consonant	delete_non_whitelisted_standalone_consonant	ś	1	niṣpattau nikṣiped vādam ātmānaṃ vā apavāhayet 	niṣpattau nikṣiped vādam ātmānaṃ vā apavāhayet ś	recorded
6_sastra/5_artha/kautil_u.txt	1687	standalone_consonant	delete_non_whitelisted_standalone_consonant	ś	1	abhiyukta | upajāpāt tu sūcako vadham āpnuyāt ||  e	abhiyukta | upajāpāt tu sūcako vadham āpnuyāt || ś e	recorded
6_sastra/5_artha/kautil_u.txt	1751	standalone_consonant	delete_non_whitelisted_standalone_consonant	ś	1	yathā hy anāsvādayituṃ na śakyaṃ jihvā | talasthaṃ madhu vā viṣaṃ vā 	yathā hy anāsvādayituṃ na śakyaṃ jihvā | talasthaṃ madhu vā viṣaṃ vā ś	recorded
6_sastra/5_artha/kautil_u.txt	1753	standalone_consonant	delete_non_whitelisted_standalone_consonant	ś	1	arthas tathā hy artha | careṇa rājñaḥ svalpo apy anāsvādayituṃ na śakyaḥ || 	arthas tathā hy artha | careṇa rājñaḥ svalpo apy anāsvādayituṃ na śakyaḥ || ś	recorded
6_sastra/5_artha/kautil_u.txt	1755	standalone_consonant	delete_non_whitelisted_standalone_consonant	ś	1	matsyā yathā antaḥ salile caranto jñātuṃ na śakyāḥ salilaṃ pibantaḥ 	matsyā yathā antaḥ salile caranto jñātuṃ na śakyāḥ salilaṃ pibantaḥ ś	recorded
6_sastra/5_artha/kautil_u.txt	1757	standalone_consonant	delete_non_whitelisted_standalone_consonant	ś	1	yuktās tathā kārya | vidhau niyuktā jñātuṃ na śakyā dhanam ādadānāḥ || 	yuktās tathā kārya | vidhau niyuktā jñātuṃ na śakyā dhanam ādadānāḥ || ś	recorded
6_sastra/5_artha/kautil_u.txt	1759	standalone_consonant	delete_non_whitelisted_standalone_consonant	ś	1	api śakyā gatir jñātuṃ patatāṃ khe patatriṇām 	api śakyā gatir jñātuṃ patatāṃ khe patatriṇām ś	recorded
6_sastra/5_artha/kautil_u.txt	1761	standalone_consonant	delete_non_whitelisted_standalone_consonant	ś	1	na tu pracchanna | bhāvānāṃ yuktānāṃ caratāṃ gatiḥ || 	na tu pracchanna | bhāvānāṃ yuktānāṃ caratāṃ gatiḥ || ś	recorded
6_sastra/5_artha/kautil_u.txt	1763	standalone_consonant	delete_non_whitelisted_standalone_consonant	ś	1	āsrāvayec ca upacitān viparyasyec ca karmasu 	āsrāvayec ca upacitān viparyasyec ca karmasu ś	recorded
6_sastra/5_artha/kautil_u.txt	1765	standalone_consonant	delete_non_whitelisted_standalone_consonant	ś	1	yathā na bhakṣayanty arthaṃ bhakṣitaṃ nirvamanti vā || 	yathā na bhakṣayanty arthaṃ bhakṣitaṃ nirvamanti vā || ś	recorded
6_sastra/5_artha/kautil_u.txt	1767	standalone_consonant	delete_non_whitelisted_standalone_consonant	ś	1	na bhakṣayanti ye tv arthān nyāyato vardhayanti ca 	na bhakṣayanti ye tv arthān nyāyato vardhayanti ca ś	recorded
6_sastra/5_artha/kautil_u.txt	1769	standalone_consonant	delete_non_whitelisted_standalone_consonant	ś	1	nitya | adhikārāḥ kāryās te rājñaḥ priya | hite ratāḥ ||  e	nitya | adhikārāḥ kāryās te rājñaḥ priya | hite ratāḥ || ś e	recorded
6_sastra/5_artha/kautil_u.txt	1779	standalone_consonant	delete_non_whitelisted_standalone_consonant	ś	1	jātiṃ kulaṃ sthāna | vayaḥ | śrutāni karma | ṛddhi | śīlāny atha deśa | kālau 	jātiṃ kulaṃ sthāna | vayaḥ | śrutāni karma | ṛddhi | śīlāny atha deśa | kālau ś	recorded
6_sastra/5_artha/kautil_u.txt	1781	standalone_consonant	delete_non_whitelisted_standalone_consonant	ś	1	yauna | anubandhaṃ ca samīkṣya kārye lekhaṃ vidadhyāt puruṣa | anurūpam || 	yauna | anubandhaṃ ca samīkṣya kārye lekhaṃ vidadhyāt puruṣa | anurūpam || ś	recorded
6_sastra/5_artha/kautil_u.txt	1817	standalone_consonant	delete_non_whitelisted_standalone_consonant	ś	1	nindā praśaṃsā pṛcchā ca tathā ākhyānam atha arthanā 	nindā praśaṃsā pṛcchā ca tathā ākhyānam atha arthanā ś	recorded
6_sastra/5_artha/kautil_u.txt	1819	standalone_consonant	delete_non_whitelisted_standalone_consonant	ś	1	pratyākhyānam upālambhaḥ pratiṣedho atha codanā || 	pratyākhyānam upālambhaḥ pratiṣedho atha codanā || ś	recorded
6_sastra/5_artha/kautil_u.txt	1821	standalone_consonant	delete_non_whitelisted_standalone_consonant	ś	1	sāntvam abhyupapattiś ca bhartsana | anunayau tathā 	sāntvam abhyupapattiś ca bhartsana | anunayau tathā ś	recorded
6_sastra/5_artha/kautil_u.txt	1823	standalone_consonant	delete_non_whitelisted_standalone_consonant	ś	1	eteṣv arthāḥ pravartante trayodaśasu lekhajāḥ || 	eteṣv arthāḥ pravartante trayodaśasu lekhajāḥ || ś	recorded
6_sastra/5_artha/kautil_u.txt	1851	standalone_consonant	delete_non_whitelisted_standalone_consonant	ś	1	prajñāpana | ājñā | paridāna | lekhās tathā parīhāra | nisṛṣṭi | lekhau 	prajñāpana | ājñā | paridāna | lekhās tathā parīhāra | nisṛṣṭi | lekhau ś	recorded
6_sastra/5_artha/kautil_u.txt	1853	standalone_consonant	delete_non_whitelisted_standalone_consonant	ś	1	prāvṛttikaś ca pratilekha eva sarvatragaś ca iti hi śāsanāni || 	prāvṛttikaś ca pratilekha eva sarvatragaś ca iti hi śāsanāni || ś	recorded
6_sastra/5_artha/kautil_u.txt	1855	standalone_consonant	delete_non_whitelisted_standalone_consonant	ś	1	anena vijñāpitam evam āha tad dīyatāṃ ced yadi tattvam asti 	anena vijñāpitam evam āha tad dīyatāṃ ced yadi tattvam asti ś	recorded
6_sastra/5_artha/kautil_u.txt	1857	standalone_consonant	delete_non_whitelisted_standalone_consonant	ś	1	rājñaḥ samīpe vara | kāram āha prajñāpanā eṣā vividhā upadiṣṭā || 	rājñaḥ samīpe vara | kāram āha prajñāpanā eṣā vividhā upadiṣṭā || ś	recorded
6_sastra/5_artha/kautil_u.txt	1859	standalone_consonant	delete_non_whitelisted_standalone_consonant	ś	1	bhartur ājñā bhaved yatra nigraha | anugrahau prati 	bhartur ājñā bhaved yatra nigraha | anugrahau prati ś	recorded
6_sastra/5_artha/kautil_u.txt	1861	standalone_consonant	delete_non_whitelisted_standalone_consonant	ś	1	viśeṣeṇa tu bhṛtyeṣu tad | ājñā | lekha | lakṣaṇam || 	viśeṣeṇa tu bhṛtyeṣu tad | ājñā | lekha | lakṣaṇam || ś	recorded
6_sastra/5_artha/kautil_u.txt	1863	standalone_consonant	delete_non_whitelisted_standalone_consonant	ś	1	yathā | arha | guṇa | samyuktā pūjā yatra upalakṣyate 	yathā | arha | guṇa | samyuktā pūjā yatra upalakṣyate ś	recorded
6_sastra/5_artha/kautil_u.txt	1865	standalone_consonant	delete_non_whitelisted_standalone_consonant	ś	1	apy ādhau paridāne vā bhavatas tāv upagrahau || 	apy ādhau paridāne vā bhavatas tāv upagrahau || ś	recorded
6_sastra/5_artha/kautil_u.txt	1867	standalone_consonant	delete_non_whitelisted_standalone_consonant	ś	1	jāter viśeṣeṣu pareṣu caiva grāmeṣu deśeṣu ca teṣu teṣu 	jāter viśeṣeṣu pareṣu caiva grāmeṣu deśeṣu ca teṣu teṣu ś	recorded
6_sastra/5_artha/kautil_u.txt	1869	standalone_consonant	delete_non_whitelisted_standalone_consonant	ś	1	anugraho yo nṛpter nideśāt taj | jñaḥ parīhāra iti vyavasyet || 	anugraho yo nṛpter nideśāt taj | jñaḥ parīhāra iti vyavasyet || ś	recorded
6_sastra/5_artha/kautil_u.txt	1871	standalone_consonant	delete_non_whitelisted_standalone_consonant	ś	1	nisṛṣṭisthā āpanā kārya | karaṇe vacane tathā 	nisṛṣṭisthā āpanā kārya | karaṇe vacane tathā ś	recorded
6_sastra/5_artha/kautil_u.txt	1873	standalone_consonant	delete_non_whitelisted_standalone_consonant	ś	1	eṣa vācika | lekhaḥ syād bhaven naisṛṣṭiko api vā || 	eṣa vācika | lekhaḥ syād bhaven naisṛṣṭiko api vā || ś	recorded
6_sastra/5_artha/kautil_u.txt	1875	standalone_consonant	delete_non_whitelisted_standalone_consonant	ś	1	vividhāṃ daiva | samyuktāṃ tattvajāṃ caiva mānuṣīm 	vividhāṃ daiva | samyuktāṃ tattvajāṃ caiva mānuṣīm ś	recorded
6_sastra/5_artha/kautil_u.txt	1877	standalone_consonant	delete_non_whitelisted_standalone_consonant	ś	1	dvi | vidhāṃ tāṃ vyavasyanti pravṛttiṃ śāsanaṃ prati || 	dvi | vidhāṃ tāṃ vyavasyanti pravṛttiṃ śāsanaṃ prati || ś	recorded
6_sastra/5_artha/kautil_u.txt	1879	standalone_consonant	delete_non_whitelisted_standalone_consonant	ś	1	dṛṣṭvā lekhaṃ yathā | tattvaṃ tataḥ pratyanubhāṣya ca 	dṛṣṭvā lekhaṃ yathā | tattvaṃ tataḥ pratyanubhāṣya ca ś	recorded
6_sastra/5_artha/kautil_u.txt	1881	standalone_consonant	delete_non_whitelisted_standalone_consonant	ś	1	pratilekho bhavet kāryo yathā rāja | vacas tathā || 	pratilekho bhavet kāryo yathā rāja | vacas tathā || ś	recorded
6_sastra/5_artha/kautil_u.txt	1883	standalone_consonant	delete_non_whitelisted_standalone_consonant	ś	1	yatra īśvarāṃś ca adhikṛtāṃś ca rājā rakṣā | upakārau pathika | artham āha 	yatra īśvarāṃś ca adhikṛtāṃś ca rājā rakṣā | upakārau pathika | artham āha ś	recorded
6_sastra/5_artha/kautil_u.txt	1919	standalone_consonant	delete_non_whitelisted_standalone_consonant	ś	1	sarva | śāstrāṇy anukramya prayogam upalabhya ca 	sarva | śāstrāṇy anukramya prayogam upalabhya ca ś	recorded
6_sastra/5_artha/kautil_u.txt	1921	standalone_consonant	delete_non_whitelisted_standalone_consonant	ś	1	kauṭilyena nara | indra | arthe śāsanasya vidhiḥ kṛtaḥ ||  e	kauṭilyena nara | indra | arthe śāsanasya vidhiḥ kṛtaḥ || ś e	recorded
6_sastra/6_kama/kamasutu.txt	139	standalone_consonant	delete_non_whitelisted_standalone_consonant	b	1	 || iṣṭaṃ hi viduṣāṃ loke samāsa vyāsa bhāṣaṇam ||	b || iṣṭaṃ hi viduṣāṃ loke samāsa vyāsa bhāṣaṇam ||	recorded
6_sastra/6_kama/kamasutu.txt	265	english_editorial	english_marker	\b(?:add|adds|omits|reads)\b	1	 parīkṣā | dhātu vādaḥ | maṇi rāga ākara jñānaṃ | vṛkṣāyurveda yogāḥ | meṣa kukkuṭa lāvaka yuddha vidhiḥ | śuka sārikā pralāpanam | utsādane saṃvāhane keśa mardane ca kauśalyaṃ | akṣara muṣṭikā kathanaṃ | mlecchita vikalpāḥ | deśa bhāṣā vijñānaṃ | puṣpa śakaṭikā | nimitta jñānaṃ | yantra mātṛkā | dhāraṇa mātṛkā | saṃpāthyaṃ | mānasī | kāvya kriyā |	omits parīkṣā | dhātu vādaḥ | maṇi rāga ākara jñānaṃ | vṛkṣāyurveda yogāḥ | meṣa kukkuṭa lāvaka yuddha vidhiḥ | śuka sārikā pralāpanam | utsādane saṃvāhane keśa mardane ca kauśalyaṃ | akṣara muṣṭikā kathanaṃ | mlecchita vikalpāḥ | deśa bhāṣā vijñānaṃ | puṣpa śakaṭikā | nimitta jñānaṃ | yantra mātṛkā | dhāraṇa mātṛkā | saṃpāthyaṃ | mānasī | kāvya kriyā |	recorded
6_sastra/6_kama/kamasutu.txt	273	standalone_consonant	delete_non_whitelisted_standalone_consonant	b	1	 || labhate gaṇikā śabdaṃ sthānaṃ ca janasaṃsadi ||	b || labhate gaṇikā śabdaṃ sthānaṃ ca janasaṃsadi ||	recorded
6_sastra/6_kama/kamasutu.txt	277	standalone_consonant	delete_non_whitelisted_standalone_consonant	b	1	 || prārthanīyā abhigamyā ca lakṣya bhūtā ca jāyate ||	b || prārthanīyā abhigamyā ca lakṣya bhūtā ca jāyate ||	recorded
6_sastra/6_kama/kamasutu.txt	281	standalone_consonant	delete_non_whitelisted_standalone_consonant	b	1	 || sahasra antaḥpunar api svavaśe kurute patim ||	b || sahasra antaḥpunar api svavaśe kurute patim ||	recorded
6_sastra/6_kama/kamasutu.txt	285	standalone_consonant	delete_non_whitelisted_standalone_consonant	b	1	 || deśa antare api vidyābhiḥ sā sukhena eva jīvati ||	b || deśa antare api vidyābhiḥ sā sukhena eva jīvati ||	recorded
6_sastra/6_kama/kamasutu.txt	289	standalone_consonant	delete_non_whitelisted_standalone_consonant	b	1	 || asaṃstuto api nārīṇāṃ cittam āśv eva vindati ||	b || asaṃstuto api nārīṇāṃ cittam āśv eva vindati ||	recorded
6_sastra/6_kama/kamasutu.txt	293	standalone_consonant	delete_non_whitelisted_standalone_consonant	b	1	 || deśa kālau tv apekṣya āsāṃ prayogaḥ saṃbhaven na vā ||	b || deśa kālau tv apekṣya āsāṃ prayogaḥ saṃbhaven na vā ||	recorded
6_sastra/6_kama/kamasutu.txt	373	standalone_consonant	delete_non_whitelisted_standalone_consonant	b	1	 || kathāṃ goṣṭhīṣu kathayaṃl loke bahumato bhavet ||	b || kathāṃ goṣṭhīṣu kathayaṃl loke bahumato bhavet ||	recorded
6_sastra/6_kama/kamasutu.txt	377	standalone_consonant	delete_non_whitelisted_standalone_consonant	b	1	 || parahiṃsā ātmikā yā ca na tām avatared budhaḥ ||	b || parahiṃsā ātmikā yā ca na tām avatared budhaḥ ||	recorded
6_sastra/6_kama/kamasutu.txt	381	standalone_consonant	delete_non_whitelisted_standalone_consonant	b	1	 || goṣṭhyā sahacaran vidvāṃl loke siddhiṃ niyacchati ||	b || goṣṭhyā sahacaran vidvāṃl loke siddhiṃ niyacchati ||	recorded
6_sastra/6_kama/kamasutu.txt	499	standalone_consonant	delete_non_whitelisted_standalone_consonant	b	1	 || tac ca abhimāna saṃsṛṣṭaṃ sukham ity abhidhīyate ||	b || tac ca abhimāna saṃsṛṣṭaṃ sukham ity abhidhīyate ||	recorded
6_sastra/6_kama/kamasutu.txt	511	standalone_consonant	delete_non_whitelisted_standalone_consonant	b	1	 || dhātu kṣaya nimittā ca virāma icchā upajāyate ||	b || dhātu kṣaya nimittā ca virāma icchā upajāyate ||	recorded
6_sastra/6_kama/kamasutu.txt	529	standalone_consonant	delete_non_whitelisted_standalone_consonant	b	1	 || tasmāt tathā upacaryā strī yathā agre prāpnuyād ratim ||	b || tasmāt tathā upacaryā strī yathā agre prāpnuyād ratim ||	recorded
6_sastra/6_kama/kamasutu.txt	545	standalone_consonant	delete_non_whitelisted_standalone_consonant	b	1	 || prāpnuvanty āśu tāḥ prītim ity ācāryā vyavasthitāḥ ||	b || prāpnuvanty āśu tāḥ prītim ity ācāryā vyavasthitāḥ ||	recorded
6_sastra/6_kama/kamasutu.txt	549	standalone_consonant	delete_non_whitelisted_standalone_consonant	b	1	 || mandānām avabodha arthaṃ vistaro ataḥ pravakṣyate ||	b || mandānām avabodha arthaṃ vistaro ataḥ pravakṣyate ||	recorded
6_sastra/6_kama/kamasutu.txt	553	standalone_consonant	delete_non_whitelisted_standalone_consonant	b	1	 || viṣayebhyaś ca tantrajñāḥ prītim āhuś caturvidhām ||	b || viṣayebhyaś ca tantrajñāḥ prītim āhuś caturvidhām ||	recorded
6_sastra/6_kama/kamasutu.txt	557	standalone_consonant	delete_non_whitelisted_standalone_consonant	b	1	 || prītiḥ sābhyāsikī jñeyā mṛgayā ādiṣu karmasu ||	b || prītiḥ sābhyāsikī jñeyā mṛgayā ādiṣu karmasu ||	recorded
6_sastra/6_kama/kamasutu.txt	561	standalone_consonant	delete_non_whitelisted_standalone_consonant	b	1	 || saṃkalpāj jāyate prītir yā sā syād ābhimānikī ||	b || saṃkalpāj jāyate prītir yā sā syād ābhimānikī ||	recorded
6_sastra/6_kama/kamasutu.txt	565	standalone_consonant	delete_non_whitelisted_standalone_consonant	b	1	 || teṣu teṣu ca vijñeyā cumbana ādiṣu karmasu ||	b || teṣu teṣu ca vijñeyā cumbana ādiṣu karmasu ||	recorded
6_sastra/6_kama/kamasutu.txt	569	standalone_consonant	delete_non_whitelisted_standalone_consonant	b	1	 || tantrajñaiḥ kathyate sā api prītiḥ saṃpratyaya ātmikā ||	b || tantrajñaiḥ kathyate sā api prītiḥ saṃpratyaya ātmikā ||	recorded
6_sastra/6_kama/kamasutu.txt	573	standalone_consonant	delete_non_whitelisted_standalone_consonant	b	1	 || pradhāna phalavattvāt sā tad arthāś ca itarā api ||	b || pradhāna phalavattvāt sā tad arthāś ca itarā api ||	recorded
6_sastra/6_kama/kamasutu.txt	577	standalone_consonant	delete_non_whitelisted_standalone_consonant	b	1	 || yo yathā vartate bhāvas taṃ tathā eva prayojayet ||	b || yo yathā vartate bhāvas taṃ tathā eva prayojayet ||	recorded
6_sastra/6_kama/kamasutu.txt	639	standalone_consonant	delete_non_whitelisted_standalone_consonant	b	1	 || upagūha vidhiṃ kṛtsnaṃ riraṃsā jāyate nṛṇām ||	b || upagūha vidhiṃ kṛtsnaṃ riraṃsā jāyate nṛṇām ||	recorded
6_sastra/6_kama/kamasutu.txt	643	standalone_consonant	delete_non_whitelisted_standalone_consonant	b	1	 || ādareṇa eva te apy atra prayojyāḥ sāṃprayogikāḥ ||	b || ādareṇa eva te apy atra prayojyāḥ sāṃprayogikāḥ ||	recorded
6_sastra/6_kama/kamasutu.txt	647	standalone_consonant	delete_non_whitelisted_standalone_consonant	b	1	 || rati cakre pravṛtte tu na eva śāstraṃ na ca kramaḥ ||	b || rati cakre pravṛtte tu na eva śāstraṃ na ca kramaḥ ||	recorded
6_sastra/6_kama/kamasutu.txt	771	standalone_consonant	delete_non_whitelisted_standalone_consonant	b	1	 || cira utsṛṣṭa apy abhinavā pītir bhavati peśalā ||	b || cira utsṛṣṭa apy abhinavā pītir bhavati peśalā ||	recorded
6_sastra/6_kama/kamasutu.txt	775	standalone_consonant	delete_non_whitelisted_standalone_consonant	b	1	 || rāga āyatana saṃsmāri yadi na syān nakha kṣatam ||	b || rāga āyatana saṃsmāri yadi na syān nakha kṣatam ||	recorded
6_sastra/6_kama/kamasutu.txt	779	standalone_consonant	delete_non_whitelisted_standalone_consonant	b	1	 || bahu mānaḥ parasya api rāga yogaś ca jāyate ||	b || bahu mānaḥ parasya api rāga yogaś ca jāyate ||	recorded
6_sastra/6_kama/kamasutu.txt	783	standalone_consonant	delete_non_whitelisted_standalone_consonant	b	1	 || cittaṃ sthiram api prāyaś calayaty eva yoṣitaḥ ||	b || cittaṃ sthiram api prāyaś calayaty eva yoṣitaḥ ||	recorded
6_sastra/6_kama/kamasutu.txt	787	standalone_consonant	delete_non_whitelisted_standalone_consonant	b	1	 || nakha danta samutthānāṃ karmaṇāṃ gatayo yathā ||	b || nakha danta samutthānāṃ karmaṇāṃ gatayo yathā ||	recorded
6_sastra/6_kama/kamasutu.txt	865	standalone_consonant	delete_non_whitelisted_standalone_consonant	b	1	 || amṛṣyamāṇā dviguṇaṃ tad eva pratiyojayet ||	b || amṛṣyamāṇā dviguṇaṃ tad eva pratiyojayet ||	recorded
6_sastra/6_kama/kamasutu.txt	869	standalone_consonant	delete_non_whitelisted_standalone_consonant	b	1	 || iti krodha ādi vāviṣṭā kalahān pratiyojayet ||	b || iti krodha ādi vāviṣṭā kalahān pratiyojayet ||	recorded
6_sastra/6_kama/kamasutu.txt	873	standalone_consonant	delete_non_whitelisted_standalone_consonant	b	1	 || nilīyeta daśec ca eva tatra tatra maderitā ||	b || nilīyeta daśec ca eva tatra tatra maderitā ||	recorded
6_sastra/6_kama/kamasutu.txt	877	standalone_consonant	delete_non_whitelisted_standalone_consonant	b	1	 || maṇi mālāṃ prayuñjīta yac ca anyad api lakṣitam ||	b || maṇi mālāṃ prayuñjīta yac ca anyad api lakṣitam ||	recorded
6_sastra/6_kama/kamasutu.txt	881	standalone_consonant	delete_non_whitelisted_standalone_consonant	b	1	 || uddiśya svakṛtaṃ cihnaṃ hased anyair alakṣitā ||	b || uddiśya svakṛtaṃ cihnaṃ hased anyair alakṣitā ||	recorded
6_sastra/6_kama/kamasutu.txt	885	standalone_consonant	delete_non_whitelisted_standalone_consonant	b	1	 || sva gātra sthāni cihnāni sāsūya iva pradarśayet ||	b || sva gātra sthāni cihnāni sāsūya iva pradarśayet ||	recorded
6_sastra/6_kama/kamasutu.txt	889	standalone_consonant	delete_non_whitelisted_standalone_consonant	b	1	 || saṃvatsara śatena api prītir na parihīyate ||	b || saṃvatsara śatena api prītir na parihīyate ||	recorded
6_sastra/6_kama/kamasutu.txt	1047	standalone_consonant	delete_non_whitelisted_standalone_consonant	b	1	 || aśaktir ārtirvyāvṛttir abalatvaṃ ca yoṣitaḥ ||	b || aśaktir ārtirvyāvṛttir abalatvaṃ ca yoṣitaḥ ||	recorded
6_sastra/6_kama/kamasutu.txt	1051	standalone_consonant	delete_non_whitelisted_standalone_consonant	b	1	 || na ciraṃ tasya ca eva ante prakṛter eva yojanam ||	b || na ciraṃ tasya ca eva ante prakṛter eva yojanam ||	recorded
6_sastra/6_kama/kamasutu.txt	1079	standalone_consonant	delete_non_whitelisted_standalone_consonant	c	1	 || evaṃ surata saṃmarde rāga andhau kāmināv api |	c || evaṃ surata saṃmarde rāga andhau kāmināv api |	recorded
6_sastra/6_kama/kamasutu.txt	1081	standalone_consonant	delete_non_whitelisted_standalone_consonant	d	1	 || caṇḍa vegau pravartete samīkṣete na ca atyayam ||	d || caṇḍa vegau pravartete samīkṣete na ca atyayam ||	recorded
6_sastra/6_kama/kamasutu.txt	1303	standalone_consonant	delete_non_whitelisted_standalone_consonant	b	1	 || gūḍha aślīlānāṃ ca vastūnāṃ samasyayā paribhāṣaṇam |	b || gūḍha aślīlānāṃ ca vastūnāṃ samasyayā paribhāṣaṇam |	recorded
6_sastra/6_kama/kamasutu.txt	1319	standalone_consonant	delete_non_whitelisted_standalone_consonant	b	1	 || savisrambha kathā yogai ratiṃ janayate parām ||	b || savisrambha kathā yogai ratiṃ janayate parām ||	recorded
6_sastra/6_kama/kamasutu.txt	1323	standalone_consonant	delete_non_whitelisted_standalone_consonant	b	1	 || kṣaṇāt krodha parāvṛttaiḥ kṣaṇāt prīti vilokitaiḥ ||	b || kṣaṇāt krodha parāvṛttaiḥ kṣaṇāt prīti vilokitaiḥ ||	recorded
6_sastra/6_kama/kamasutu.txt	1327	standalone_consonant	delete_non_whitelisted_standalone_consonant	b	1	 || rāga lola ārdra nayanaiś candra maṇḍala vīkṣaṇaiḥ ||	b || rāga lola ārdra nayanaiś candra maṇḍala vīkṣaṇaiḥ ||	recorded
6_sastra/6_kama/kamasutu.txt	1331	standalone_consonant	delete_non_whitelisted_standalone_consonant	b	1	 || punar viyoge duḥkhaṃ ca tasya sarvasya kīrtanaiḥ ||	b || punar viyoge duḥkhaṃ ca tasya sarvasya kīrtanaiḥ ||	recorded
6_sastra/6_kama/kamasutu.txt	1333	standalone_consonant	delete_non_whitelisted_standalone_consonant	c	1	 || kīrtana ante ca rāgeṇa pariṣvaṅgaiḥ sacumbanaiḥ |	c || kīrtana ante ca rāgeṇa pariṣvaṅgaiḥ sacumbanaiḥ |	recorded
6_sastra/6_kama/kamasutu.txt	1335	standalone_consonant	delete_non_whitelisted_standalone_consonant	d	1	 || tais taiś ca bhāvaiḥ saṃyukto yūno rāgo vivardhate ||	d || tais taiś ca bhāvaiḥ saṃyukto yūno rāgo vivardhate ||	recorded
6_sastra/6_kama/kamasutu.txt	1429	standalone_consonant	delete_non_whitelisted_standalone_consonant	b	1	 || lakāra repha upāntāṃ ca varaṇe parivarjayet ||	b || lakāra repha upāntāṃ ca varaṇe parivarjayet ||	recorded
6_sastra/6_kama/kamasutu.txt	1723	standalone_consonant	delete_non_whitelisted_standalone_consonant	b	1	 || anukūlaṃ ca vaśyaṃ ca tasya kuryāt parigraham ||	b || anukūlaṃ ca vaśyaṃ ca tasya kuryāt parigraham ||	recorded
6_sastra/6_kama/kamasutu.txt	1727	standalone_consonant	delete_non_whitelisted_standalone_consonant	b	1	 || kurvīta dhana lobhena patiṃ sa apatnakeṣv api ||	b || kurvīta dhana lobhena patiṃ sa apatnakeṣv api ||	recorded
6_sastra/6_kama/kamasutu.txt	1731	standalone_consonant	delete_non_whitelisted_standalone_consonant	b	1	 || upāyair abhiyuñjānaṃ kanyā na pratilobhayet ||	b || upāyair abhiyuñjānaṃ kanyā na pratilobhayet ||	recorded
6_sastra/6_kama/kamasutu.txt	1735	standalone_consonant	delete_non_whitelisted_standalone_consonant	b	1	 || guṇair yukto api na tv evaṃ bahu sādhāraṇaḥ patiḥ ||	b || guṇair yukto api na tv evaṃ bahu sādhāraṇaḥ patiḥ ||	recorded
6_sastra/6_kama/kamasutu.txt	1739	standalone_consonant	delete_non_whitelisted_standalone_consonant	b	1	 || bāhye saty upabhoge api nirvisrambhā bahiḥ sukhāḥ ||	b || bāhye saty upabhoge api nirvisrambhā bahiḥ sukhāḥ ||	recorded
6_sastra/6_kama/kamasutu.txt	1743	standalone_consonant	delete_non_whitelisted_standalone_consonant	b	1	 || videśa gati śīlaś ca na sa saṃyogam arhati ||	b || videśa gati śīlaś ca na sa saṃyogam arhati ||	recorded
6_sastra/6_kama/kamasutu.txt	1747	standalone_consonant	delete_non_whitelisted_standalone_consonant	b	1	 || sapatnīkaś ca sa apatyo na sa saṃyogam arhati ||	b || sapatnīkaś ca sa apatyo na sa saṃyogam arhati ||	recorded
6_sastra/6_kama/kamasutu.txt	1751	standalone_consonant	delete_non_whitelisted_standalone_consonant	b	1	 || tatra abhiyoktari śreṣṭhyam anurāga ātmako hi saḥ ||	b || tatra abhiyoktari śreṣṭhyam anurāga ātmako hi saḥ ||	recorded
6_sastra/6_kama/kamasutu.txt	1809	standalone_consonant	delete_non_whitelisted_standalone_consonant	b	1	 || pūrva abhāve tataḥ kāryo yo ya uttara uttaraḥ ||	b || pūrva abhāve tataḥ kāryo yo ya uttara uttaraḥ ||	recorded
6_sastra/6_kama/kamasutu.txt	1813	standalone_consonant	delete_non_whitelisted_standalone_consonant	b	1	 || madhyamo api hi sadyogo gāndharvas tena pūjitaḥ ||	b || madhyamo api hi sadyogo gāndharvas tena pūjitaḥ ||	recorded
6_sastra/6_kama/kamasutu.txt	1817	standalone_consonant	delete_non_whitelisted_standalone_consonant	b	1	 || anurāga ātmakatvāc ca gāndharvaḥ pravaro mataḥ ||	b || anurāga ātmakatvāc ca gāndharvaḥ pravaro mataḥ ||	recorded
6_sastra/6_kama/kamasutu.txt	2617	standalone_consonant	delete_non_whitelisted_standalone_consonant	b	1	 || āpānaka utsava arthe api ceṭikānāṃ ca saṃbhrame ||	b || āpānaka utsava arthe api ceṭikānāṃ ca saṃbhrame ||	recorded
6_sastra/6_kama/kamasutu.txt	2619	standalone_consonant	delete_non_whitelisted_standalone_consonant	c	1	 || vyatyāse veśmanāṃ caiva rakṣiṇāṃ ca viparyaye |	c || vyatyāse veśmanāṃ caiva rakṣiṇāṃ ca viparyaye |	recorded
6_sastra/6_kama/kamasutu.txt	2621	standalone_consonant	delete_non_whitelisted_standalone_consonant	d	1	 || udyāna yātrā gamane yātrātaś ca praveśane ||	d || udyāna yātrā gamane yātrātaś ca praveśane ||	recorded
6_sastra/6_kama/kamasutu.txt	2629	standalone_consonant	delete_non_whitelisted_standalone_consonant	b	1	 || ekakāryās tataḥ kuryuḥ śeṣāṇām api bhedanam ||	b || ekakāryās tataḥ kuryuḥ śeṣāṇām api bhedanam ||	recorded
6_sastra/6_kama/kamasutu.txt	2631	standalone_consonant	delete_non_whitelisted_standalone_consonant	c	1	 || dūṣayitvā tato anyonyam ekakārya arpaṇe sthiraḥ |	c || dūṣayitvā tato anyonyam ekakārya arpaṇe sthiraḥ |	recorded
6_sastra/6_kama/kamasutu.txt	2633	standalone_consonant	delete_non_whitelisted_standalone_consonant	d	1	 || abhedyatāṃ gataḥ sadyo yatheṣṭaṃ phalam aśnute ||	d || abhedyatāṃ gataḥ sadyo yatheṣṭaṃ phalam aśnute ||	recorded
6_sastra/6_kama/kamasutu.txt	2671	standalone_consonant	delete_non_whitelisted_standalone_consonant	b	1	 || na yāti cchalanāṃ kaścit svadārān prati śāstravit ||	b || na yāti cchalanāṃ kaścit svadārān prati śāstravit ||	recorded
6_sastra/6_kama/kamasutu.txt	2675	standalone_consonant	delete_non_whitelisted_standalone_consonant	b	1	 || dharma arthayoś ca vailomyān na acaret pāradārikam |	b || dharma arthayoś ca vailomyān na acaret pāradārikam |	recorded
6_sastra/6_kama/kamasutu.txt	2679	standalone_consonant	delete_non_whitelisted_standalone_consonant	b	1	 || prajānāṃ dūṣaṇāya eva na vijñeyo asya saṃvidhiḥ ||	b || prajānāṃ dūṣaṇāya eva na vijñeyo asya saṃvidhiḥ ||	recorded
6_sastra/6_kama/kamasutu.txt	3395	english_editorial	siglum_adds_or_omits	\b(?:k|ch) (?:adds|omits)\b	1	|| tathā piyāla bījānāṃ moraṭā kṣīra  vidāryoś ca kṣīreṇa eva |	|| tathā piyāla bījānāṃ moraṭā kṣīra ch omits vidāryoś ca kṣīreṇa eva |	recorded
6_sastra/6_kama/kamasutu.txt	3413	english_editorial	siglum_adds_or_omits	\b(?:k|ch) (?:adds|omits)\b	1	|| śvadaṃṣṭrā cūrṇa samanvitaṃ tat samam eva yava cūrṇaṃ prātar utthāya dvi palikam anudinaṃ prāśnīyān medhyaṃ vṛṣyam āyuṣyaṃ  yukta rasam ity ācakṣate | iti vṛṣyā yogāḥ | ekaṣaṣṭitamaṃ prakaraṇam ||	|| śvadaṃṣṭrā cūrṇa samanvitaṃ tat samam eva yava cūrṇaṃ prātar utthāya dvi palikam anudinaṃ prāśnīyān medhyaṃ vṛṣyam āyuṣyaṃ ch omits yukta rasam ity ācakṣate | iti vṛṣyā yogāḥ | ekaṣaṣṭitamaṃ prakaraṇam ||	recorded
6_sastra/6_kama/kamasutu.txt	3417	standalone_consonant	delete_non_whitelisted_standalone_consonant	b	1	 || āptebhyaś ca avaboddhavyā yogā ye prīti kārakāḥ ||	b || āptebhyaś ca avaboddhavyā yogā ye prīti kārakāḥ ||	recorded
6_sastra/6_kama/kamasutu.txt	3421	standalone_consonant	delete_non_whitelisted_standalone_consonant	b	1	 || na jīva ghāta saṃbaddhān na aśuci dravya saṃyutān ||	b || na jīva ghāta saṃbaddhān na aśuci dravya saṃyutān ||	recorded
6_sastra/6_kama/kamasutu.txt	3425	standalone_consonant	delete_non_whitelisted_standalone_consonant	b	1	 || brāhmaṇaiś ca suhṛdbhiś ca maṅgalair abhinanditān ||	b || brāhmaṇaiś ca suhṛdbhiś ca maṅgalair abhinanditān ||	recorded
6_sastra/6_kama/kamasutu.txt	3499	english_editorial	siglum_adds_or_omits	\b(?:k|ch) (?:adds|omits)\b	1	|| kokilākṣa phala  pralepo hastinyāḥ saṃhatam eka rātraṃ karoti |	|| kokilākṣa phala ch omits pralepo hastinyāḥ saṃhatam eka rātraṃ karoti |	recorded
6_sastra/6_kama/kamasutu.txt	3533	standalone_consonant	delete_non_whitelisted_standalone_consonant	b	1	 || kāmasūtram idaṃ yatnāt saṃkṣepeṇa nirveśitam niveditam ||	b || kāmasūtram idaṃ yatnāt saṃkṣepeṇa nirveśitam niveditam ||	recorded
6_sastra/6_kama/kamasutu.txt	3537	standalone_consonant	delete_non_whitelisted_standalone_consonant	b	1	 || paśyaty etasya tattvajño na ca rāgāt pravartate ||	b || paśyaty etasya tattvajño na ca rāgāt pravartate ||	recorded
6_sastra/6_kama/kamasutu.txt	3541	standalone_consonant	delete_non_whitelisted_standalone_consonant	b	1	 || tadanantaram atra eva te yatnād vinivāritāḥ ||	b || tadanantaram atra eva te yatnād vinivāritāḥ ||	recorded
6_sastra/6_kama/kamasutu.txt	3545	standalone_consonant	delete_non_whitelisted_standalone_consonant	b	1	 || śāstra arthān vyāpino vidyāt prayogāṃs tv ekadeśikān ||	b || śāstra arthān vyāpino vidyāt prayogāṃs tv ekadeśikān ||	recorded
6_sastra/6_kama/kamasutu.txt	3549	standalone_consonant	delete_non_whitelisted_standalone_consonant	b	1	 || vātsyāyanaś cakāra idaṃ kāmasūtraṃ yathāvidhi ||	b || vātsyāyanaś cakāra idaṃ kāmasūtraṃ yathāvidhi ||	recorded
6_sastra/6_kama/kamasutu.txt	3553	standalone_consonant	delete_non_whitelisted_standalone_consonant	b	1	 || vihitaṃ lokayātrāyai na rāgārtho asya saṃvidhiḥ ||	b || vihitaṃ lokayātrāyai na rāgārtho asya saṃvidhiḥ ||	recorded
6_sastra/6_kama/kamasutu.txt	3557	standalone_consonant	delete_non_whitelisted_standalone_consonant	b	1	 || asya śāstrasya tattvajño bhavaty eva jitendriyaḥ ||	b || asya śāstrasya tattvajño bhavaty eva jitendriyaḥ ||	recorded
6_sastra/6_kama/kamasutu.txt	3561	standalone_consonant	delete_non_whitelisted_standalone_consonant	b	1	 || na atirāga ātmakaḥ kāmī prayuñjānaḥ prasidhyati ||	b || na atirāga ātmakaḥ kāmī prayuñjānaḥ prasidhyati ||	recorded
6_sastra/7_ayur/vagaah_u.txt	4973	standalone_consonant	delete_non_whitelisted_standalone_consonant	v	1	 bhaiṣajye bhaiṣajye mahā bhaiṣajye bhaiṣajya samudgate svāhā	v bhaiṣajye bhaiṣajye mahā bhaiṣajye bhaiṣajya samudgate svāhā	recorded
6_sastra/7_ayur/vagaah_u.txt	4975	standalone_consonant	delete_non_whitelisted_standalone_consonant	v	1	 bhaiṣajye mahā bhaiṣajye samudgate svāhā	v bhaiṣajye mahā bhaiṣajye samudgate svāhā	recorded
6_sastra/7_ayur/vagaah_u.txt	8375	standalone_consonant	delete_non_whitelisted_standalone_consonant	b	1	dhātā tvāṃ dadhātu vidhātā tvāṃ dadhātu ||  ||	dhātā tvāṃ dadhātu vidhātā tvāṃ dadhātu || b ||	recorded
6_sastra/7_ayur/vagaah_u.txt	8377	standalone_consonant	delete_non_whitelisted_standalone_consonant	c	1	brahma varcasā bhaveti ||  ||	brahma varcasā bhaveti || c ||	recorded
6_sastra/7_ayur/vagaah_u.txt	20715	standalone_consonant	delete_non_whitelisted_standalone_consonant	b	1	dārvy ardhena punarnavāṃ kuru tathā dārvyā samaḥ pragrahaḥ ||  ||	dārvy ardhena punarnavāṃ kuru tathā dārvyā samaḥ pragrahaḥ || b ||	recorded
6_sastra/7_ayur/vagaah_u.txt	20717	standalone_consonant	delete_non_whitelisted_standalone_consonant	c	1	sārdhaṃ duḥsparśataḥ palaṃ tu kaṭukā yojyā tad ardhena vā ||  ||	sārdhaṃ duḥsparśataḥ palaṃ tu kaṭukā yojyā tad ardhena vā || c ||	recorded
6_sastra/7_ayur/vagaah_u.txt	20719	standalone_consonant	delete_non_whitelisted_standalone_consonant	d	1	aśvāhvaṃ niśayā samānam amṛtā pādādhikaṃ syāt palam ||  ||	aśvāhvaṃ niśayā samānam amṛtā pādādhikaṃ syāt palam || d ||	recorded
6_sastra/7_ayur/vagaah_u.txt	20723	standalone_consonant	delete_non_whitelisted_standalone_consonant	b	1	vāsāyāḥ sva rasena pañca caturas trīn vā pibed vāsarān ||  ||	vāsāyāḥ sva rasena pañca caturas trīn vā pibed vāsarān || b ||	recorded
6_sastra/7_ayur/vagaah_u.txt	20725	standalone_consonant	delete_non_whitelisted_standalone_consonant	c	1	bhūyas tad guḍa vāriṇā prati dinaṃ peyaṃ puraḥ sthe ravau ||  ||	bhūyas tad guḍa vāriṇā prati dinaṃ peyaṃ puraḥ sthe ravau || c ||	recorded
6_sastra/7_ayur/vagaah_u.txt	20727	standalone_consonant	delete_non_whitelisted_standalone_consonant	d	1	etad vidradhi rogiṇāṃ ni ruja kṛc cūrṇaṃ tu guhyottamam ||  ||	etad vidradhi rogiṇāṃ ni ruja kṛc cūrṇaṃ tu guhyottamam || d ||	recorded
6_sastra/7_ayur/vagaah_u.txt	20839	standalone_consonant	delete_non_whitelisted_standalone_consonant	b	1	śyāmā pūti karañja śigruka taror viśvauṣadhāruṣkaram ||  ||	śyāmā pūti karañja śigruka taror viśvauṣadhāruṣkaram || b ||	recorded
6_sastra/7_ayur/vagaah_u.txt	20841	standalone_consonant	delete_non_whitelisted_standalone_consonant	c	1	kṛṣṇā granthika vella pañca lavaṇa kṣārājamodānvitaṃ ||  ||	kṛṣṇā granthika vella pañca lavaṇa kṣārājamodānvitaṃ || c ||	recorded
6_sastra/7_ayur/vagaah_u.txt	20843	standalone_consonant	delete_non_whitelisted_standalone_consonant	d	1	pītaṃ kāñjika toya || mathitaiś cūrṇī kṛtaṃ vardhma jit ||  ||	pītaṃ kāñjika toya || mathitaiś cūrṇī kṛtaṃ vardhma jit || d ||	recorded
6_sastra/7_ayur/vagaah_u.txt	22533	standalone_consonant	delete_non_whitelisted_standalone_consonant	b	1	khadiram asita vetraṃ nimba pattraṃ haridre ||  ||	khadiram asita vetraṃ nimba pattraṃ haridre || b ||	recorded
6_sastra/7_ayur/vagaah_u.txt	22535	standalone_consonant	delete_non_whitelisted_standalone_consonant	c	1	vividha viṣa visarpān kuṣṭha visphoṭa kaṇḍūr ||  ||	vividha viṣa visarpān kuṣṭha visphoṭa kaṇḍūr || c ||	recorded
6_sastra/7_ayur/vagaah_u.txt	22537	standalone_consonant	delete_non_whitelisted_standalone_consonant	d	1	apanayati masūrīṃ śīta pittaṃ jvaraṃ ca ||  ||	apanayati masūrīṃ śīta pittaṃ jvaraṃ ca || d ||	recorded
6_sastra/8_jyot/brhats_u.txt	9263	standalone_consonant	delete_non_whitelisted_standalone_consonant	b	1	 muni matāni nirīkṣya samāsataḥ |	b muni matāni nirīkṣya samāsataḥ |	recorded
6_sastra/8_jyot/brhats_u.txt	9265	standalone_consonant	delete_non_whitelisted_standalone_consonant	c	1	 idam adhītya naro nṛpa sammato	c idam adhītya naro nṛpa sammato	recorded
6_sastra/8_jyot/brhats_u.txt	9267	standalone_consonant	delete_non_whitelisted_standalone_consonant	d	1	 bhavati sarvajanasya ca vallabhaḥ ||	d bhavati sarvajanasya ca vallabhaḥ ||	recorded
6_sastra/8_jyot/brhats_u.txt	9483	standalone_consonant	delete_non_whitelisted_standalone_consonant	b	1	 tat parataś ca bhavet suta labdhiḥ |	b tat parataś ca bhavet suta labdhiḥ |	recorded
6_sastra/8_jyot/brhats_u.txt	9485	standalone_consonant	delete_non_whitelisted_standalone_consonant	c	1	 ratna yutiṃ kathayanti ca pauṣṇe	c ratna yutiṃ kathayanti ca pauṣṇe	recorded
6_sastra/8_jyot/brhats_u.txt	9487	standalone_consonant	delete_non_whitelisted_standalone_consonant	d	1	 yo abhinava ambaram icchati bhoktum ||	d yo abhinava ambaram icchati bhoktum ||	recorded
6_sastra/8_jyot/surysidu.txt	249	standalone_consonant	delete_non_whitelisted_standalone_consonant	c	1	atītyonmīlanād indoh paścāt tadgaṇitāgatāt |  atītyonmīlanād indor dṛkṣiddhir gaṇitāgatāt |	atītyonmīlanād indoh paścāt tadgaṇitāgatāt | c atītyonmīlanād indor dṛkṣiddhir gaṇitāgatāt |	recorded
