file	line_no	form_before	matched_sequence	raw_form	intermediate_form	status	action	form_after
1_veda/2_bra/gopbra_u.txt	1407	ramantae	ae	ramantae	ramantae	SOURCE_PRESENT	none	ramantae
1_veda/2_bra/gopbra_u.txt	3135	śrutaṛṣiḥ	aṛ	śrutaṛṣiḥ	śrutaṛṣiḥ	SOURCE_PRESENT	none	śrutaṛṣiḥ
1_veda/2_bra/gopbra_u.txt	7849	bharadvājāa	āa	bharadvājāa	bharadvājāa	SOURCE_PRESENT	none	bharadvājāa
1_veda/2_bra/gopbra_u.txt	8253	prajigāaya	āa	prajigāaya	prajigāaya	SOURCE_PRESENT	none	prajigāaya
1_veda/2_bra/kausibru.txt	557	vāacam	āa	vāacam	vāacam	SOURCE_PRESENT	none	vāacam
1_veda/2_bra/kausibru.txt	2123	antāi	āi	antāi	antāi	SOURCE_PRESENT	none	antāi
1_veda/2_bra/kausibru.txt	4029	prathāam	āa	prathāam	prathāam	SOURCE_PRESENT	none	prathāam
1_veda/2_bra/kausibru.txt	4243	anvāaha	āa	anvāaha	anvāaha	SOURCE_PRESENT	none	anvāaha
1_veda/2_bra/kausibru.txt	4299	keo	eo	keo	keo	SOURCE_PRESENT	none	keo
1_veda/2_bra/kausibru.txt	4983	ukthāi	āi	ukthāi	ukthāi	SOURCE_PRESENT	none	ukthāi
1_veda/2_bra/kausibru.txt	5215	āupāṃśv	āu	āupāṃśv	āupāṃśv	SOURCE_PRESENT	none	āupāṃśv
1_veda/2_bra/kausibru.txt	5279	tīvṛī	ṛī	tīvṛī	tīvṛī	SOURCE_PRESENT	none	tīvṛī
1_veda/2_bra/kausibru.txt	6323	agnīiṣomau	īi	agnīiṣomau	agnīiṣomau	SOURCE_PRESENT	none	agnīiṣomau
1_veda/2_bra/kausibru.txt	8537	jyotiu	iu	jyotiu	jyotiu	SOURCE_PRESENT	none	jyotiu
1_veda/2_bra/kausibru.txt	8931	gavuaṃta	ua	gavuaṃta	gavuaṃta	SOURCE_PRESENT	none	gavuaṃta
1_veda/2_bra/kausibru.txt	9073	devatyāi	āi	devatyāi	devatyāi	SOURCE_PRESENT	none	devatyāi
1_veda/2_bra/kausibru.txt	9371	devatātāa	āa	devatātāa	devatātāa	SOURCE_PRESENT	none	devatātāa
1_veda/2_bra/kausibru.txt	11125	tāi	āi	tāi	tāi	SOURCE_PRESENT	none	tāi
1_veda/2_bra/kausibru.txt	12387	rājñīi	īi	rājñīi	rājñīi	SOURCE_PRESENT	none	rājñīi
1_veda/2_bra/kausibru.txt	12519	saptaṛṣibhyo	aṛ	saptaṛṣibhyo	saptaṛṣibhyo	SOURCE_PRESENT	none	saptaṛṣibhyo
1_veda/2_bra/kausibru.txt	12529	pāañca	āa	pāañca	pāañca	SOURCE_PRESENT	none	pāañca
1_veda/2_bra/kausibru.txt	12551	sarveām	eā	sarveām	sarveām	SOURCE_PRESENT	none	sarveām
1_veda/2_bra/kausibru.txt	13455	maitrāvaruṇāaya	āa	maitrāvaruṇāaya	maitrāvaruṇāaya	SOURCE_PRESENT	none	maitrāvaruṇāaya
1_veda/2_bra/kausibru.txt	13559	pratyuācacakṣire	uā	pratyuācacakṣire	pratyuācacakṣire	SOURCE_PRESENT	none	pratyuācacakṣire
1_veda/2_bra/kausibru.txt	13631	iem	ie	iem	iem	SOURCE_PRESENT	none	iem
1_veda/2_bra/kausibru.txt	13679	dviparyāsua	ua	dviparyāsua	dviparyāsua	SOURCE_PRESENT	none	dviparyāsua
1_veda/2_bra/kausibru.txt	13809	pratiṣṭhityaī	aī	pratiṣṭhityaī	pratiṣṭhityaī	SOURCE_PRESENT	none	pratiṣṭhityaī
1_veda/2_bra/pncvbr1u.txt	143	enasaenasāvayajanam	ae			UNRESOLVED	none	enasaenasāvayajanam
1_veda/2_bra/pncvbr1u.txt	637	devaokam	ao	devaokam	devaokam	SOURCE_PRESENT	none	devaokam
1_veda/2_bra/pncvbr1u.txt	889	āotvā	āo	āotvā	āotvā	SOURCE_PRESENT	none	āotvā
1_veda/2_bra/pncvbr1u.txt	2373	tejaseindriyeṇa	ei	tejaseindriyeṇa	tejaseindriyeṇa	SOURCE_PRESENT	none	tejaseindriyeṇa
1_veda/2_bra/pncvbr1u.txt	2451	pūṛnamāsyo	ūṛ	pūṛnamāsyo	pūṛnamāsyo	SOURCE_PRESENT	none	pūṛnamāsyo
1_veda/2_bra/pncvbr1u.txt	5353	puraetāro	ae	puraetāro	puraetāro	SOURCE_PRESENT	none	puraetāro
1_veda/2_bra/pncvbr1u.txt	6833	goāyuṣī	oā		goāyuṣī	UNRESOLVED	none	goāyuṣī
1_veda/2_bra/pncvbr1u.txt	7053	goāyuṣī	oā		goāyuṣī	UNRESOLVED	none	goāyuṣī
1_veda/2_bra/pncvbr1u.txt	7059	goāyuṣī	oā		goāyuṣī	UNRESOLVED	none	goāyuṣī
1_veda/2_bra/pncvbr2u.txt	143	enasaenasāvayajanam	ae			UNRESOLVED	none	enasaenasāvayajanam
1_veda/2_bra/pncvbr2u.txt	637	devaokam	ao	devaokam	devaokam	SOURCE_PRESENT	none	devaokam
1_veda/2_bra/pncvbr2u.txt	889	āotvā	āo	āotvā	āotvā	SOURCE_PRESENT	none	āotvā
1_veda/2_bra/pncvbr2u.txt	2373	tejaseindriyeṇa	ei	tejaseindriyeṇa	tejaseindriyeṇa	SOURCE_PRESENT	none	tejaseindriyeṇa
1_veda/2_bra/pncvbr2u.txt	5353	puraetāro	ae	puraetāro	puraetāro	SOURCE_PRESENT	none	puraetāro
1_veda/2_bra/pncvbr2u.txt	6833	goāyuṣī	oā		goāyuṣī	UNRESOLVED	none	goāyuṣī
1_veda/2_bra/pncvbr2u.txt	7053	goāyuṣī	oā		goāyuṣī	UNRESOLVED	none	goāyuṣī
1_veda/2_bra/pncvbr2u.txt	7059	goāyuṣī	oā		goāyuṣī	UNRESOLVED	none	goāyuṣī
1_veda/2_bra/satapath/sb_01_u.txt	171	gṛāmu	ṛā	gṛāmu	gṛāmu	SOURCE_PRESENT	none	gṛāmu
1_veda/2_bra/satapath/sb_01_u.txt	183	havirgrahiṣyaṃstasmāevaitānnihnute	āe	havirgrahiṣyaṃstasmāevaitānnihnute	havirgrahiṣyaṃstasmāevaitānnihnute	SOURCE_PRESENT	none	havirgrahiṣyaṃstasmāevaitānnihnute
1_veda/2_bra/satapath/sb_01_u.txt	525	tasmādvāāskauti	āā	tasmādvāāskauti	tasmādvāāskauti	SOURCE_PRESENT	none	tasmādvāāskauti
1_veda/2_bra/satapath/sb_01_u.txt	733	śayātāityu	āi	śayātāityu	śayātāityu	SOURCE_PRESENT	none	śayātāityu
1_veda/2_bra/satapath/sb_01_u.txt	935	vāasyai	āa	vāasyai	vāasyai	SOURCE_PRESENT	none	vāasyai
1_veda/2_bra/satapath/sb_01_u.txt	1233	vāetadagnau	āe	vāetadagnau	vāetadagnau	SOURCE_PRESENT	none	vāetadagnau
1_veda/2_bra/satapath/sb_01_u.txt	1497	vāahametadutsākṣye	āa	vāahametadutsākṣye	vāahametadutsākṣye	SOURCE_PRESENT	none	vāahametadutsākṣye
1_veda/2_bra/satapath/sb_01_u.txt	1725	kuryādyadasaṃtatāanubrūyāttasmādvai	āa	kuryādyadasaṃtatāanubrūyāttasmādvai	kuryādyadasaṃtatāanubrūyāttasmādvai	SOURCE_PRESENT	none	kuryādyadasaṃtatāanubrūyāttasmādvai
1_veda/2_bra/satapath/sb_01_u.txt	2101	prāṇaetamevaitayā	ae	prāṇaetamevaitayā	prāṇaetamevaitayā	SOURCE_PRESENT	none	prāṇaetamevaitayā
1_veda/2_bra/satapath/sb_01_u.txt	2657	imāoṣadhayo	āo	imāoṣadhayo	imāoṣadhayo	SOURCE_PRESENT	none	imāoṣadhayo
1_veda/2_bra/satapath/sb_01_u.txt	2997	vāasthāditi	āa	vāasthāditi	vāasthāditi	SOURCE_PRESENT	none	vāasthāditi
1_veda/2_bra/satapath/sb_01_u.txt	5101	tūṣṇīmupatiṣṭhateatha	ea	tūṣṇīmupatiṣṭhateatha	tūṣṇīmupatiṣṭhateatha	SOURCE_PRESENT	none	tūṣṇīmupatiṣṭhateatha
1_veda/2_bra/satapath/sb_02_u.txt	575	vāetadyadagnaye	āe	vāetadyadagnaye	vāetadyadagnaye	SOURCE_PRESENT	none	vāetadyadagnaye
1_veda/2_bra/satapath/sb_02_u.txt	883	payāahutiṃ	āa	payāahutiṃ	payāahutiṃ	SOURCE_PRESENT	none	payāahutiṃ
1_veda/2_bra/satapath/sb_02_u.txt	889	payāahutiṃ	āa	payāahutiṃ	payāahutiṃ	SOURCE_PRESENT	none	payāahutiṃ
1_veda/2_bra/satapath/sb_02_u.txt	2081	yaevaṃ	ae		yaevaṃ	UNRESOLVED	none	yaevaṃ
1_veda/2_bra/satapath/sb_03_u.txt	187	vāasyaiṣāgre	āa	vāasyaiṣāgre	vāasyaiṣāgre	SOURCE_PRESENT	none	vāasyaiṣāgre
1_veda/2_bra/satapath/sb_03_u.txt	1453	rājāiti	āi		rājāiti	UNRESOLVED	none	rājāiti
1_veda/2_bra/satapath/sb_03_u.txt	2175	agnīnmadantyāpāiti	āi	agnīnmadantyāpāiti	agnīnmadantyāpāiti	SOURCE_PRESENT	none	agnīnmadantyāpāiti
1_veda/2_bra/satapath/sb_03_u.txt	3907	puraetetyagnirhi	ae	puraetetyagnirhi	puraetetyagnirhi	SOURCE_PRESENT	none	puraetetyagnirhi
1_veda/2_bra/satapath/sb_03_u.txt	3907	puraetetyayaṃ	ae	puraetetyayaṃ	puraetetyayaṃ	SOURCE_PRESENT	none	puraetetyayaṃ
1_veda/2_bra/satapath/sb_06_u.txt	601	tua	ua	tua	tua	SOURCE_PRESENT	none	tua
1_veda/2_bra/satapath/sb_06_u.txt	1065	yādṛguai	ua	yādṛguai	yādṛguai	SOURCE_PRESENT	none	yādṛguai
1_veda/2_bra/satapath/sb_06_u.txt	1635	yajñaevainametatsambharati	ae	yajñaevainametatsambharati	yajñaevainametatsambharati	SOURCE_PRESENT	none	yajñaevainametatsambharati
1_veda/2_bra/satapath/sb_06_u.txt	2257	eā	eā	eā	eā	SOURCE_PRESENT	none	eā
1_veda/2_bra/satapath/sb_06_u.txt	3533	pañaemenādadhāti	ae	pañaemenādadhāti	pañaemenādadhāti	SOURCE_PRESENT	none	pañaemenādadhāti
1_veda/2_bra/satapath/sb_07_u.txt	509	naiṛta	iṛ	naiṛta	naiṛta	SOURCE_PRESENT	none	naiṛta
1_veda/2_bra/satapath/sb_08_u.txt	1185	prāṇāu	āu		prāṇāu	UNRESOLVED	none	prāṇāu
1_veda/2_bra/satapath/sb_08_u.txt	1659	uttarataāyatanā	aā	uttarataāyatanā	uttarataāyatanā	SOURCE_PRESENT	none	uttarataāyatanā
1_veda/2_bra/satapath/sb_08_u.txt	2321	jarāyuatho	ua	jarāyuatho	jarāyuatho	SOURCE_PRESENT	none	jarāyuatho
1_veda/2_bra/satapath/sb_08_u.txt	2387	saṃsoṛṣṭe	oṛ	saṃsoṛṣṭe	saṃsoṛṣṭe	SOURCE_PRESENT	none	saṃsoṛṣṭe
1_veda/2_bra/satapath/sb_09_u.txt	591	tāuttamā	āu	tāuttamā	tāuttamā	SOURCE_PRESENT	none	tāuttamā
1_veda/2_bra/satapath/sb_09_u.txt	693	puraetāro	ae	puraetāro	puraetāro	SOURCE_PRESENT	none	puraetāro
1_veda/2_bra/satapath/sb_09_u.txt	693	puraetāro	ae	puraetāro	puraetāro	SOURCE_PRESENT	none	puraetāro
1_veda/2_bra/satapath/sb_09_u.txt	2569	juhuyāadbibharti	āa	juhuyāadbibharti	juhuyāadbibharti	SOURCE_PRESENT	none	juhuyāadbibharti
1_veda/2_bra/satapath/sb_10_u.txt	23	tasmādgrahastasmiadyajuḥ	ia	tasmādgrahastasmiadyajuḥ	tasmādgrahastasmiadyajuḥ	SOURCE_PRESENT	none	tasmādgrahastasmiadyajuḥ
1_veda/2_bra/satapath/sb_10_u.txt	1129	puraetā	ae	puraetā	puraetā	SOURCE_PRESENT	none	puraetā
1_veda/2_bra/satapath/sb_11_u.txt	1591	gantavāu	āu	gantavāu	gantavāu	SOURCE_PRESENT	none	gantavāu
1_veda/2_bra/satapath/sb_11_u.txt	1863	yaevaṃ	ae		yaevaṃ	UNRESOLVED	none	yaevaṃ
1_veda/2_bra/satapath/sb_11_u.txt	2067	payāahutayo	āa	payāahutayo	payāahutayo	SOURCE_PRESENT	none	payāahutayo
1_veda/2_bra/satapath/sb_11_u.txt	2069	payāahutibhireva	āa	payāahutibhireva	payāahutibhireva	SOURCE_PRESENT	none	payāahutibhireva
1_veda/2_bra/satapath/sb_11_u.txt	2087	medāahutayo	āa	medāahutayo	medāahutayo	SOURCE_PRESENT	none	medāahutayo
1_veda/2_bra/satapath/sb_11_u.txt	2089	medāahutibhireva	āa	medāahutibhireva	medāahutibhireva	SOURCE_PRESENT	none	medāahutibhireva
1_veda/2_bra/satapath/sb_11_u.txt	2115	prajñāṛddhiryaśo	āṛ	prajñāṛddhiryaśo	prajñāṛddhiryaśo	SOURCE_PRESENT	none	prajñāṛddhiryaśo
1_veda/2_bra/satapath/sb_11_u.txt	2487	ulmukāvakṣayaṇamakratāiti	āi		ulmukāvakṣayaṇamakratāiti	UNRESOLVED	none	ulmukāvakṣayaṇamakratāiti
1_veda/2_bra/satapath/sb_13_u.txt	1657	kāmānāmāptyāindro	āi	kāmānāmāptyāindro	kāmānāmāptyāindro	SOURCE_PRESENT	none	kāmānāmāptyāindro
1_veda/2_bra/satapath/sb_13_u.txt	1669	dyāvāpṛthivīiha	īi	dyāvāpṛthivīiha	dyāvāpṛthivīiha	SOURCE_PRESENT	none	dyāvāpṛthivīiha
1_veda/2_bra/satapath/sb_13_u.txt	1737	eteuktvā	eu	eteuktvā	eteuktvā	SOURCE_PRESENT	none	eteuktvā
1_veda/2_bra/satapath/sb_13_u.txt	1789	sarvāptirvāeṣā	āe		sarvāptirvāeṣā	UNRESOLVED	none	sarvāptirvāeṣā
1_veda/2_bra/satapath/sb_13_u.txt	1793	surabhimatīmṛcamantato'nvāhurdadhikrāvṇoakāriṣamiti	oa	surabhimatīmṛcamantato'nvāhurdadhikrāvṇoakāriṣamiti	surabhimatīmṛcamantato'nvāhurdadhikrāvṇoakāriṣamiti	SOURCE_PRESENT	none	surabhimatīmṛcamantato'nvāhurdadhikrāvṇoakāriṣamiti
1_veda/2_bra/satapath/sb_13_u.txt	1965	kraivyaīje	aī	kraivyaīje	kraivyaīje	SOURCE_PRESENT	none	kraivyaīje
1_veda/2_bra/satapath/sb_13_u.txt	1979	dvaitavanaīje	aī	dvaitavanaīje	dvaitavanaīje	SOURCE_PRESENT	none	dvaitavanaīje
1_veda/2_bra/satapath/sb_13_u.txt	2287	netsarvasmāiva	āi			UNRESOLVED	none	netsarvasmāiva
1_veda/2_bra/satapath/sb_13_u.txt	2401	devāasurāntsapatnānbhrātṛvyāndigbhyo'nudanta	āa	devāasurāntsapatnānbhrātṛvyāndigbhyo'nudanta	devāasurāntsapatnānbhrātṛvyāndigbhyo'nudanta	SOURCE_PRESENT	none	devāasurāntsapatnānbhrātṛvyāndigbhyo'nudanta
1_veda/2_bra/satapath/sb_13_u.txt	2433	vāāpo'nnādyamevāsmāetatpurastātpratyagdadhātyamṛtamu	āā			UNRESOLVED	none	vāāpo'nnādyamevāsmāetatpurastātpratyagdadhātyamṛtamu
1_veda/2_bra/satapath/sb_13_u.txt	2433	vāāpo'nnādyamevāsmāetatpurastātpratyagdadhātyamṛtamu	āe			UNRESOLVED	none	vāāpo'nnādyamevāsmāetatpurastātpratyagdadhātyamṛtamu
1_veda/2_bra/satapath/sb_13_u.txt	2655	hainamamuṣmiṃlokeṛkṣite	eṛ	hainamamuṣmiṃlokeṛkṣite	hainamamuṣmiṃlokeṛkṣite	SOURCE_PRESENT	none	hainamamuṣmiṃlokeṛkṣite
1_veda/2_bra/satapath/sb_14_u.txt	797	vāabhimātirindrāya	āa	vāabhimātirindrāya	vāabhimātirindrāya	SOURCE_PRESENT	none	vāabhimātirindrāya
1_veda/2_bra/satapath/sb_14_u.txt	925	paridhāupaśrayati	āu	paridhāupaśrayati	paridhāupaśrayati	SOURCE_PRESENT	none	paridhāupaśrayati
1_veda/2_bra/satapath/sb_14_u.txt	929	paridhāupaśrayati	āu	paridhāupaśrayati	paridhāupaśrayati	SOURCE_PRESENT	none	paridhāupaśrayati
1_veda/2_bra/satapath/sb_14_u.txt	933	paridhāupaśrayati	āu	paridhāupaśrayati	paridhāupaśrayati	SOURCE_PRESENT	none	paridhāupaśrayati
1_veda/2_bra/satapath/sb_14_u.txt	945	paridāupaśrayati	āu			UNRESOLVED	none	paridāupaśrayati
1_veda/2_bra/satapath/sb_14_u.txt	951	paridhāupaśrayati	āu	paridhāupaśrayati	paridhāupaśrayati	SOURCE_PRESENT	none	paridhāupaśrayati
1_veda/2_bra/satapath/sb_14_u.txt	1041	evaitasmāatiṣṭhata	āa	evaitasmāatiṣṭhata	evaitasmāatiṣṭhata	SOURCE_PRESENT	none	evaitasmāatiṣṭhata
1_veda/2_bra/satapath/sb_14_u.txt	1087	taāpyāyatāṃ	aā		taāpyāyatāṃ	UNRESOLVED	none	taāpyāyatāṃ
1_veda/2_bra/satapath/sb_14_u.txt	1345	vāasmai	āa		vāasmai	UNRESOLVED	none	vāasmai
1_veda/2_bra/satapath/sb_14_u.txt	1373	vāagnihotraṃ	āa	vāagnihotraṃ	vāagnihotraṃ	SOURCE_PRESENT	none	vāagnihotraṃ
1_veda/2_bra/satapath/sb_14_u.txt	1375	vāagnihotram	āa	vāagnihotram	vāagnihotram	SOURCE_PRESENT	none	vāagnihotram
1_veda/2_bra/satapath/sb_14_u.txt	1419	asurāstaeṣu	ae	asurāstaeṣu	asurāstaeṣu	SOURCE_PRESENT	none	asurāstaeṣu
1_veda/2_bra/satapath/sb_14_u.txt	1525	puraetā	ae	puraetā	puraetā	SOURCE_PRESENT	none	puraetā
1_veda/2_bra/satapath/sb_14_u.txt	1577	prastyuāttadetāni	uā	prastyuāttadetāni	prastyuāttadetāni	SOURCE_PRESENT	none	prastyuāttadetāni
1_veda/2_bra/satapath/sb_14_u.txt	2003	yaetamevamupāste'tiṣṭhāḥ	ae	yaetamevamupāste'tiṣṭhāḥ	yaetamevamupāste'tiṣṭhāḥ	SOURCE_PRESENT	none	yaetamevamupāste'tiṣṭhāḥ
1_veda/2_bra/satapath/sb_14_u.txt	2081	etāvannūityetāvaddhīti	ūi		etāvannūityetāvaddhīti	UNRESOLVED	none	etāvannūityetāvaddhīti
1_veda/2_bra/satapath/sb_14_u.txt	3311	uiparyetītyevamevaitadyājñavalkya	ui	uiparyetītyevamevaitadyājñavalkya	uiparyetītyevamevaitadyājñavalkya	SOURCE_PRESENT	none	uiparyetītyevamevaitadyājñavalkya
1_veda/2_bra/satapath/sb_14_u.txt	3379	bahūniuteva	iu	bahūniuteva	bahūniuteva	SOURCE_PRESENT	none	bahūniuteva
1_veda/2_bra/satapath/sb_14_u.txt	3625	caeṣa	ae	caeṣa	caeṣa	SOURCE_PRESENT	none	caeṣa
1_veda/2_bra/satapath/sb_14_u.txt	4805	vāasmai	āa		vāasmai	UNRESOLVED	none	vāasmai
1_veda/2_bra/satapath/sb_14_u.txt	4833	vāagnihotraṃ	āa	vāagnihotraṃ	vāagnihotraṃ	SOURCE_PRESENT	none	vāagnihotraṃ
1_veda/2_bra/satapath/sb_14_u.txt	4835	vāagnihotram	āa	vāagnihotram	vāagnihotram	SOURCE_PRESENT	none	vāagnihotram
1_veda/3_ara/sankharu.txt	58	yātaūtīyaṃ	aū	yātaūtīyaṃ	yātaūtīyaṃ	SOURCE_PRESENT	none	yātaūtīyaṃ
1_veda/3_ara/sankharu.txt	75	cūṛnahastāḥ	ūṛ	cūṛnahastāḥ	cūṛnahastāḥ	SOURCE_PRESENT	none	cūṛnahastāḥ
1_veda/3_ara/sankharu.txt	75	brahmaālaṅkāreṇālaṅkṛto	aā	brahmaālaṅkāreṇālaṅkṛto	brahmaālaṅkāreṇālaṅkṛto	SOURCE_PRESENT	none	brahmaālaṅkāreṇālaṅkṛto
1_veda/3_ara/sankharu.txt	155	pūṛnam	ūṛ	pūṛnam	pūṛnam	SOURCE_PRESENT	none	pūṛnam
1_veda/3_ara/sankharu.txt	228	aatha	aa	aatha	aatha	SOURCE_PRESENT	none	aatha
1_veda/4_upa/brup___u.txt	337	puraetā	ae	puraetā	puraetā	SOURCE_PRESENT	none	puraetā
1_veda/4_upa/brup___u.txt	777	ūṛjam	ūṛ	ūṛjam	ūṛjam	SOURCE_PRESENT	none	ūṛjam
1_veda/4_upa/brup___u.txt	4729	goaśvānāṃ	oa	goaśvānāṃ	goaśvānāṃ	SOURCE_PRESENT	none	goaśvānāṃ
1_veda/4_upa/brup___u.txt	5201	janayitavāi	āi	janayitavāi	janayitavāi	SOURCE_PRESENT	none	janayitavāi
1_veda/4_upa/chup___u.txt	745	hāukāraḥ	āu	hāukāraḥ	hāukāraḥ	SOURCE_PRESENT	none	hāukāraḥ
1_veda/4_upa/chup___u.txt	747	hāikāraḥ	āi	hāikāraḥ	hāikāraḥ	SOURCE_PRESENT	none	hāikāraḥ
1_veda/4_upa/chup___u.txt	4021	nāmnīyūati	ūa	nāmnīyūati	nāmnīyūati	SOURCE_PRESENT	none	nāmnīyūati
1_veda/4_upa/chup___u.txt	4073	nāmnīyūati	ūa	nāmnīyūati	nāmnīyūati	SOURCE_PRESENT	none	nāmnīyūati
1_veda/4_upa/chup___u.txt	4745	ātmaānam	aā	ātmaānam	ātmaānam	SOURCE_PRESENT	none	ātmaānam
1_veda/4_upa/prasup_u.txt	163	prāṇaikaṛṣirattā	aṛ	prāṇaikaṛṣirattā	prāṇaikaṛṣirattā	SOURCE_PRESENT	none	prāṇaikaṛṣirattā
1_veda/4_upa/prasup_u.txt	505	paramaṛṣibhyo	aṛ	paramaṛṣibhyo	paramaṛṣibhyo	SOURCE_PRESENT	none	paramaṛṣibhyo
1_veda/4_upa/prasup_u.txt	505	paramaṛṣibhyaḥ	aṛ	paramaṛṣibhyaḥ	paramaṛṣibhyaḥ	SOURCE_PRESENT	none	paramaṛṣibhyaḥ
1_veda/5_vedang/1_srauta/apsulb_u.txt	459	dakṣiṇāoarayoḥ	āo	dakṣiṇāoarayoḥ	dakṣiṇāoarayoḥ	SOURCE_PRESENT	none	dakṣiṇāoarayoḥ
1_veda/5_vedang/1_srauta/apsulb_u.txt	459	dakṣiṇāoarayoḥ	oa	dakṣiṇāoarayoḥ	dakṣiṇāoarayoḥ	SOURCE_PRESENT	none	dakṣiṇāoarayoḥ
1_veda/5_vedang/1_srauta/asvss_u.txt	237	vaoṣaḍ	ao	vaoṣaḍ	vaoṣaḍ	SOURCE_PRESENT	none	vaoṣaḍ
1_veda/5_vedang/1_srauta/asvss_u.txt	327	tasyāas	āa	tasyāas	tasyāas	SOURCE_PRESENT	none	tasyāas
1_veda/5_vedang/1_srauta/asvss_u.txt	393	asyāa	āa	asyāa	asyāa	SOURCE_PRESENT	none	asyāa
1_veda/5_vedang/1_srauta/asvss_u.txt	491	prāajebhyo	āa	prāajebhyo	prāajebhyo	SOURCE_PRESENT	none	prāajebhyo
1_veda/5_vedang/1_srauta/asvss_u.txt	601	juohmy	uo	juohmy	juohmy	SOURCE_PRESENT	none	juohmy
1_veda/5_vedang/1_srauta/asvss_u.txt	873	puar	ua	puar	puar	SOURCE_PRESENT	none	puar
1_veda/5_vedang/1_srauta/asvss_u.txt	1341	dakṣia	ia	dakṣia	dakṣia	SOURCE_PRESENT	none	dakṣia
1_veda/5_vedang/1_srauta/asvss_u.txt	1535	dveatān	ea	dveatān	dveatān	SOURCE_PRESENT	none	dveatān
1_veda/5_vedang/1_srauta/asvss_u.txt	1601	nāvoantaḥ	oa	nāvoantaḥ	nāvoantaḥ	SOURCE_PRESENT	none	nāvoantaḥ
1_veda/5_vedang/1_srauta/asvss_u.txt	1677	acchāa	āa	acchāa	acchāa	SOURCE_PRESENT	none	acchāa
1_veda/5_vedang/1_srauta/asvss_u.txt	1819	sāarasvatau	āa	sāarasvatau	sāarasvatau	SOURCE_PRESENT	none	sāarasvatau
1_veda/5_vedang/1_srauta/asvss_u.txt	1827	homāad	āa	homāad	homāad	SOURCE_PRESENT	none	homāad
1_veda/5_vedang/1_srauta/asvss_u.txt	1959	samāana	āa	samāana	samāana	SOURCE_PRESENT	none	samāana
1_veda/5_vedang/1_srauta/asvss_u.txt	2005	tāapś	āa	tāapś	tāapś	SOURCE_PRESENT	none	tāapś
1_veda/5_vedang/1_srauta/asvss_u.txt	2033	agreṇāano	āa	agreṇāano	agreṇāano	SOURCE_PRESENT	none	agreṇāano
1_veda/5_vedang/1_srauta/asvss_u.txt	2183	vyavasthāām	āā	vyavasthāām	vyavasthāām	SOURCE_PRESENT	none	vyavasthāām
1_veda/5_vedang/1_srauta/asvss_u.txt	2335	vāam	āa	vāam	vāam	SOURCE_PRESENT	none	vāam
1_veda/5_vedang/1_srauta/asvss_u.txt	2417	atiṛjataḥ	iṛ	atiṛjataḥ	atiṛjataḥ	SOURCE_PRESENT	none	atiṛjataḥ
1_veda/5_vedang/1_srauta/asvss_u.txt	2433	māarjanād	āa	māarjanād	māarjanād	SOURCE_PRESENT	none	māarjanād
1_veda/5_vedang/1_srauta/asvss_u.txt	2569	maitrāvaruam	ua	maitrāvaruam	maitrāvaruam	SOURCE_PRESENT	none	maitrāvaruam
1_veda/5_vedang/1_srauta/asvss_u.txt	2843	prāañcam	āa	prāañcam	prāañcam	SOURCE_PRESENT	none	prāañcam
1_veda/5_vedang/1_srauta/asvss_u.txt	3181	aśyāantam	āa	aśyāantam	aśyāantam	SOURCE_PRESENT	none	aśyāantam
1_veda/5_vedang/1_srauta/asvss_u.txt	3711	sānurūām	ūā	sānurūām	sānurūām	SOURCE_PRESENT	none	sānurūām
1_veda/5_vedang/1_srauta/asvss_u.txt	4083	othamao	ao	othamao	othamao	SOURCE_PRESENT	none	othamao
1_veda/5_vedang/1_srauta/asvss_u.txt	4213	śyaītasya	aī	śyaītasya	śyaītasya	SOURCE_PRESENT	none	śyaītasya
1_veda/5_vedang/1_srauta/asvss_u.txt	5433	atirātrao	ao	atirātrao	atirātrao	SOURCE_PRESENT	none	atirātrao
1_veda/5_vedang/1_srauta/asvss_u.txt	5469	navarātrao	ao	navarātrao	navarātrao	SOURCE_PRESENT	none	navarātrao
1_veda/5_vedang/1_srauta/sankhssu.txt	453	patnyāaḥ	āa	patnyāaḥ	patnyāaḥ	SOURCE_PRESENT	none	patnyāaḥ
1_veda/5_vedang/1_srauta/sankhssu.txt	2135	patayaot	ao	patayaot	patayaot	SOURCE_PRESENT	none	patayaot
1_veda/5_vedang/1_srauta/sankhssu.txt	2433	ghoarmo	oa	ghoarmo	ghoarmo	SOURCE_PRESENT	none	ghoarmo
1_veda/5_vedang/1_srauta/sankhssu.txt	2849	prāatar	āa	prāatar	prāatar	SOURCE_PRESENT	none	prāatar
1_veda/5_vedang/1_srauta/sankhssu.txt	2907	uotthāya	uo	uotthāya	uotthāya	SOURCE_PRESENT	none	uotthāya
1_veda/5_vedang/1_srauta/sankhssu.txt	2913	dakṣiṇaot	ao	dakṣiṇaot	dakṣiṇaot	SOURCE_PRESENT	none	dakṣiṇaot
1_veda/5_vedang/1_srauta/sankhssu.txt	3081	annāa	āa	annāa	annāa	SOURCE_PRESENT	none	annāa
1_veda/5_vedang/1_srauta/sankhssu.txt	3275	anvāananto	āa	anvāananto	anvāananto	SOURCE_PRESENT	none	anvāananto
1_veda/5_vedang/1_srauta/sankhssu.txt	3345	bhiandiṣṭho	ia	bhiandiṣṭho	bhiandiṣṭho	SOURCE_PRESENT	none	bhiandiṣṭho
1_veda/5_vedang/1_srauta/sankhssu.txt	4587	kāaya	āa	kāaya	kāaya	SOURCE_PRESENT	none	kāaya
1_veda/5_vedang/1_srauta/sankhssu.txt	4725	aojasvinn	ao	aojasvinn	aojasvinn	SOURCE_PRESENT	none	aojasvinn
1_veda/5_vedang/1_srauta/sankhssu.txt	5477	vasyaīṣṭaya	aī	vasyaīṣṭaya	vasyaīṣṭaya	SOURCE_PRESENT	none	vasyaīṣṭaya
1_veda/5_vedang/1_srauta/sankhssu.txt	7361	via	ia	via	via	SOURCE_PRESENT	none	via
1_veda/5_vedang/1_srauta/sankhssu.txt	7755	uaphavyam	ua	uaphavyam	uaphavyam	SOURCE_PRESENT	none	uaphavyam
1_veda/5_vedang/1_srauta/sankhssu.txt	8097	paryagniakraṇa	ia	paryagniakraṇa	paryagniakraṇa	SOURCE_PRESENT	none	paryagniakraṇa
1_veda/5_vedang/1_srauta/sankhssu.txt	8361	yoamo	oa	yoamo	yoamo	SOURCE_PRESENT	none	yoamo
1_veda/5_vedang/1_srauta/sankhssu.txt	8399	viutty	iu	viutty	viutty	SOURCE_PRESENT	none	viutty
1_veda/5_vedang/1_srauta/sankhssu.txt	8697	pañcāaśad	āa	pañcāaśad	pañcāaśad	SOURCE_PRESENT	none	pañcāaśad
1_veda/5_vedang/1_srauta/sankhssu.txt	8701	saṃjāanīte	āa	saṃjāanīte	saṃjāanīte	SOURCE_PRESENT	none	saṃjāanīte
1_veda/5_vedang/1_srauta/sankhssu.txt	8817	iam	ia	iam	iam	SOURCE_PRESENT	none	iam
1_veda/5_vedang/1_srauta/sankhssu.txt	8903	yajamānao	ao	yajamānao	yajamānao	SOURCE_PRESENT	none	yajamānao
1_veda/5_vedang/1_srauta/sankhssu.txt	10147	samadhiṛpya	iṛ	samadhiṛpya	samadhiṛpya	SOURCE_PRESENT	none	samadhiṛpya
1_veda/5_vedang/1_srauta/sankhssu.txt	10399	śastvāa	āa	śastvāa	śastvāa	SOURCE_PRESENT	none	śastvāa
1_veda/5_vedang/1_srauta/vaitss_u.txt	711	cātvālotkaraśāmitrovadhyagohāstāvāagnīdhrīyācchāvākavādaṃ	āa	cātvālotkaraśāmitrovadhyagohāstāvāagnīdhrīyācchāvākavādaṃ	cātvālotkaraśāmitrovadhyagohāstāvāagnīdhrīyācchāvākavādaṃ	SOURCE_PRESENT	none	cātvālotkaraśāmitrovadhyagohāstāvāagnīdhrīyācchāvākavādaṃ
1_veda/5_vedang/1_srauta/vaitss_u.txt	901	sāumyaṃ	āu	sāumyaṃ	sāumyaṃ	SOURCE_PRESENT	none	sāumyaṃ
1_veda/5_vedang/1_srauta/vaitss_u.txt	1257	dhāitāibhīḥ	āi		dhāitāibhīḥ	UNRESOLVED	none	dhāitāibhīḥ
1_veda/5_vedang/1_srauta/vaitss_u.txt	1257	dhāitāibhīḥ	āi		dhāitāibhīḥ	UNRESOLVED	none	dhāitāibhīḥ
1_veda/5_vedang/2_grhya/asvgs_u.txt	941	kūuleṣu	ūu	kūuleṣu	kūuleṣu	SOURCE_PRESENT	none	kūuleṣu
1_veda/5_vedang/2_grhya/asvgs_u.txt	1049	saṛṣikasya	aṛ	saṛṣikasya	saṛṣikasya	SOURCE_PRESENT	none	saṛṣikasya
1_veda/5_vedang/2_grhya/asvgs_u.txt	1049	saṛṣi	aṛ	saṛṣi	saṛṣi	SOURCE_PRESENT	none	saṛṣi
1_veda/5_vedang/2_grhya/jaimigsu.txt	313	saptaṛṣibhyaḥ	aṛ	saptaṛṣibhyaḥ	saptaṛṣibhyaḥ	SOURCE_PRESENT	none	saptaṛṣibhyaḥ
1_veda/5_vedang/2_grhya/jaimigsu.txt	313	saptaṛṣayo	aṛ	saptaṛṣayo	saptaṛṣayo	SOURCE_PRESENT	none	saptaṛṣayo
1_veda/5_vedang/2_grhya/kaussu_u.txt	2137	śvaśiraeṭakaśiraḥkeśajaradupānaho	ae			UNRESOLVED	none	śvaśiraeṭakaśiraḥkeśajaradupānaho
1_veda/5_vedang/2_grhya/kaussu_u.txt	2955	ghṛtapiṇḍāan	āa	ghṛtapiṇḍāan	ghṛtapiṇḍāan	SOURCE_PRESENT	none	ghṛtapiṇḍāan
1_veda/5_vedang/2_grhya/kaussu_u.txt	4003	yathaṛtvijau	aṛ	yathaṛtvijau	yathaṛtvijau	SOURCE_PRESENT	none	yathaṛtvijau
1_veda/5_vedang/2_grhya/kaussu_u.txt	4021	yathaṛtvijau	aṛ	yathaṛtvijau	yathaṛtvijau	SOURCE_PRESENT	none	yathaṛtvijau
1_veda/5_vedang/2_grhya/kaussu_u.txt	4023	division	io	division	division	SOURCE_PRESENT	none	division
1_veda/5_vedang/2_grhya/kauthgsu.txt	77	sarvaekadeśe	ae	sarvaekadeśe	sarvaekadeśe	SOURCE_PRESENT	none	sarvaekadeśe
1_veda/5_vedang/2_grhya/kauthgsu.txt	79	ityadaraahura	aa	ityadaraahura	ityadaraahura	SOURCE_PRESENT	none	ityadaraahura
1_veda/5_vedang/2_grhya/kauthgsu.txt	79	śāudamityuktvā	āu	śāudamityuktvā	śāudamityuktvā	SOURCE_PRESENT	none	śāudamityuktvā
1_veda/5_vedang/2_grhya/manavgsu.txt	723	saptaṛṣīniti	aṛ	saptaṛṣīniti	saptaṛṣīniti	SOURCE_PRESENT	none	saptaṛṣīniti
1_veda/5_vedang/2_grhya/manavgsu.txt	1537	grīṣmaṛtavaḥ	aṛ	grīṣmaṛtavaḥ	grīṣmaṛtavaḥ	SOURCE_PRESENT	none	grīṣmaṛtavaḥ
1_veda/5_vedang/2_grhya/sankhgsu.txt	317	anvāarabdhāyām	āa	anvāarabdhāyām	anvāarabdhāyām	SOURCE_PRESENT	none	anvāarabdhāyām
1_veda/5_vedang/2_grhya/sankhgsu.txt	585	agneu	eu	agneu	agneu	SOURCE_PRESENT	none	agneu
1_veda/5_vedang/2_grhya/sankhgsu.txt	637	prāaṇihi	āa	prāaṇihi	prāaṇihi	SOURCE_PRESENT	none	prāaṇihi
1_veda/5_vedang/2_grhya/sankhgsu.txt	841	ea	ea	ea	ea	SOURCE_PRESENT	none	ea
1_veda/5_vedang/2_grhya/sankhgsu.txt	849	aoṣadhike	ao	aoṣadhike	aoṣadhike	SOURCE_PRESENT	none	aoṣadhike
1_veda/5_vedang/2_grhya/sankhgsu.txt	979	kṣatriyāaya	āa	kṣatriyāaya	kṣatriyāaya	SOURCE_PRESENT	none	kṣatriyāaya
1_veda/5_vedang/2_grhya/sankhgsu.txt	1563	tṛipta	ṛi	tṛipta	tṛipta	SOURCE_PRESENT	none	tṛipta
1_veda/5_vedang/2_paris/avpari_u.txt	913	grahaṛkṣāṇi	aṛ	grahaṛkṣāṇi	grahaṛkṣāṇi	SOURCE_PRESENT	none	grahaṛkṣāṇi
1_veda/5_vedang/2_paris/avpari_u.txt	1565	cāruparvamanaoramaḥ	ao	cāruparvamanaoramaḥ	cāruparvamanaoramaḥ	SOURCE_PRESENT	none	cāruparvamanaoramaḥ
1_veda/5_vedang/2_paris/avpari_u.txt	1917	yavavrīhitilaādīnām	aā			UNRESOLVED	none	yavavrīhitilaādīnām
1_veda/5_vedang/2_paris/avpari_u.txt	2181	vijānīiyād	īi	vijānīiyād	vijānīiyād	SOURCE_PRESENT	none	vijānīiyād
1_veda/5_vedang/2_paris/avpari_u.txt	2699	amūhoāre	oā	amūhoāre	amūhoāre	SOURCE_PRESENT	none	amūhoāre
1_veda/5_vedang/2_paris/avpari_u.txt	2885	arkakṣīrāktayāṛkāgnāv	āṛ	arkakṣīrāktayāṛkāgnāv	arkakṣīrāktayāṛkāgnāv	SOURCE_PRESENT	none	arkakṣīrāktayāṛkāgnāv
1_veda/5_vedang/2_paris/avpari_u.txt	3123	saṃviśeante	ea	saṃviśeante	saṃviśeante	SOURCE_PRESENT	none	saṃviśeante
1_veda/5_vedang/2_paris/avpari_u.txt	3255	ardhamāseardhamāse	ea	ardhamāseardhamāse	ardhamāseardhamāse	SOURCE_PRESENT	none	ardhamāseardhamāse
1_veda/5_vedang/2_paris/avpari_u.txt	3473	caeṣāṃ	ae	caeṣāṃ	caeṣāṃ	SOURCE_PRESENT	none	caeṣāṃ
1_veda/5_vedang/2_paris/avpari_u.txt	4117	dyuaur	ua	dyuaur	dyuaur	SOURCE_PRESENT	none	dyuaur
1_veda/5_vedang/2_paris/avpari_u.txt	4297	svapnābhikaraena	ae	svapnābhikaraena	svapnābhikaraena	SOURCE_PRESENT	none	svapnābhikaraena
1_veda/5_vedang/2_paris/avpari_u.txt	4505	tathāikāra	āi	tathāikāra	tathāikāra	SOURCE_PRESENT	none	tathāikāra
1_veda/5_vedang/2_paris/avpari_u.txt	4781	dāeṣṭiviṣayikaṃ	āe	dāeṣṭiviṣayikaṃ	dāeṣṭiviṣayikaṃ	SOURCE_PRESENT	none	dāeṣṭiviṣayikaṃ
1_veda/5_vedang/2_paris/avpari_u.txt	5179	nabhoaṃśāḥ	oa	nabhoaṃśāḥ	nabhoaṃśāḥ	SOURCE_PRESENT	none	nabhoaṃśāḥ
1_veda/5_vedang/2_paris/avpari_u.txt	5199	uddālakaṛṣes	aṛ	uddālakaṛṣes	uddālakaṛṣes	SOURCE_PRESENT	none	uddālakaṛṣes
1_veda/5_vedang/2_paris/avpari_u.txt	5219	bhaṛśaṃ	aṛ	bhaṛśaṃ	bhaṛśaṃ	SOURCE_PRESENT	none	bhaṛśaṃ
1_veda/5_vedang/2_paris/avpari_u.txt	5509	varāhapretaśārdūlasiṃhamārjāravārāiḥ	āi	varāhapretaśārdūlasiṃhamārjāravārāiḥ	varāhapretaśārdūlasiṃhamārjāravārāiḥ	SOURCE_PRESENT	none	varāhapretaśārdūlasiṃhamārjāravārāiḥ
1_veda/5_vedang/2_paris/avpari_u.txt	5581	pradhānāiśyāṃ	āi	pradhānāiśyāṃ	pradhānāiśyāṃ	SOURCE_PRESENT	none	pradhānāiśyāṃ
1_veda/5_vedang/2_paris/avpari_u.txt	5843	yatrovācāuśanāḥ	āu	yatrovācāuśanāḥ	yatrovācāuśanāḥ	SOURCE_PRESENT	none	yatrovācāuśanāḥ
1_veda/5_vedang/2_paris/avpari_u.txt	5857	duḥkhāṛtā	āṛ	duḥkhāṛtā	duḥkhāṛtā	SOURCE_PRESENT	none	duḥkhāṛtā
1_veda/5_vedang/2_paris/avpari_u.txt	5929	śiroabhiṣṭhānavarjanam	oa	śiroabhiṣṭhānavarjanam	śiroabhiṣṭhānavarjanam	SOURCE_PRESENT	none	śiroabhiṣṭhānavarjanam
1_veda/5_vedang/2_paris/avpari_u.txt	5939	rodanotkrośāani	āa	rodanotkrośāani	rodanotkrośāani	SOURCE_PRESENT	none	rodanotkrośāani
1_veda/5_vedang/2_paris/avpari_u.txt	5941	arkaniśāakarau	āa	arkaniśāakarau	arkaniśāakarau	SOURCE_PRESENT	none	arkaniśāakarau
1_veda/5_vedang/2_paris/avpari_u.txt	5967	rajoarkaparighādayaḥ	oa	rajoarkaparighādayaḥ	rajoarkaparighādayaḥ	SOURCE_PRESENT	none	rajoarkaparighādayaḥ
1_veda/5_vedang/2_paris/avpari_u.txt	5991	goajāśvamṛgapakṣiṣu	oa	goajāśvamṛgapakṣiṣu	goajāśvamṛgapakṣiṣu	SOURCE_PRESENT	none	goajāśvamṛgapakṣiṣu
1_veda/5_vedang/2_paris/avpari_u.txt	6045	kāñcanamanahśiloupameṣu	ou	kāñcanamanahśiloupameṣu	kāñcanamanahśiloupameṣu	SOURCE_PRESENT	none	kāñcanamanahśiloupameṣu
1_veda/5_vedang/2_paris/avpari_u.txt	6143	samāvaoya	ao	samāvaoya	samāvaoya	SOURCE_PRESENT	none	samāvaoya
1_veda/5_vedang/2_paris/avpari_u.txt	6145	sureāśvaras	eā	sureāśvaras	sureāśvaras	SOURCE_PRESENT	none	sureāśvaras
1_veda/5_vedang/2_paris/avpari_u.txt	6243	kapilaromāṇāaḥ	āa	kapilaromāṇāaḥ	kapilaromāṇāaḥ	SOURCE_PRESENT	none	kapilaromāṇāaḥ
1_veda/5_vedang/2_paris/avpari_u.txt	6435	sriotasi	io	sriotasi	sriotasi	SOURCE_PRESENT	none	sriotasi
1_veda/5_vedang/2_paris/avpari_u.txt	6627	grahaṛkṣāṇi	aṛ	grahaṛkṣāṇi	grahaṛkṣāṇi	SOURCE_PRESENT	none	grahaṛkṣāṇi
1_veda/5_vedang/2_paris/avpari_u.txt	7049	kṣīraṛkṣāṇāṃ	aṛ	kṣīraṛkṣāṇāṃ	kṣīraṛkṣāṇāṃ	SOURCE_PRESENT	none	kṣīraṛkṣāṇāṃ
1_veda/5_vedang/2_paris/avpari_u.txt	7141	gardabhaṛśyabhāsānāṃ	aṛ	gardabhaṛśyabhāsānāṃ	gardabhaṛśyabhāsānāṃ	SOURCE_PRESENT	none	gardabhaṛśyabhāsānāṃ
1_veda/5_vedang/2_paris/avpray_u.txt	1267	does	oe	does	does	SOURCE_PRESENT	none	does
1_veda/5_vedang/2_paris/avpray_u.txt	1267	really	ea	really	really	SOURCE_PRESENT	none	really
1_veda/5_vedang/3_pratis/rgvidh_u.txt	291	brahmamaī	aī	brahmamaī	brahmamaī	SOURCE_PRESENT	none	brahmamaī
1_veda/5_vedang/3_pratis/rgvidh_u.txt	2015	hoam	oa	hoam	hoam	SOURCE_PRESENT	none	hoam
2_epic/mbh/ext/hv_apppu.txt	41	saptaṛṣīṃś	aṛ	saptaṛṣīṃś	saptaṛṣīṃś	SOURCE_PRESENT	none	saptaṛṣīṃś
2_epic/mbh/ext/hv_apppu.txt	2537	praāṇam	aā	praāṇam	praāṇam	SOURCE_PRESENT	none	praāṇam
2_epic/mbh/ext/hv_apppu.txt	18553	kṛīḍābhirāmā	ṛī	kṛīḍābhirāmā	kṛīḍābhirāmā	SOURCE_PRESENT	none	kṛīḍābhirāmā
2_epic/mbh/ext/hv_apppu.txt	21527	saṃcodayaām	aā	saṃcodayaām	saṃcodayaām	SOURCE_PRESENT	none	saṃcodayaām
2_epic/mbh/ext/hv_apppu.txt	21861	śambarāāyātha	āā	śambarāāyātha	śambarāāyātha	SOURCE_PRESENT	none	śambarāāyātha
2_epic/mbh/ext/hv_apppu.txt	23403	hariṛ	iṛ	hariṛ	hariṛ	SOURCE_PRESENT	none	hariṛ
2_epic/mbh/ext/hv_apppu.txt	23569	ghorakaṛmāṇo	aṛ	ghorakaṛmāṇo	ghorakaṛmāṇo	SOURCE_PRESENT	none	ghorakaṛmāṇo
2_epic/mbh/ext/hv_apppu.txt	23583	paspaṛśāṇgaṃ	aṛ	paspaṛśāṇgaṃ	paspaṛśāṇgaṃ	SOURCE_PRESENT	none	paspaṛśāṇgaṃ
2_epic/mbh/ext/hv_apppu.txt	24875	śaktitomarasaṃkīṛnaṃ	īṛ	śaktitomarasaṃkīṛnaṃ	śaktitomarasaṃkīṛnaṃ	SOURCE_PRESENT	none	śaktitomarasaṃkīṛnaṃ
2_epic/mbh/ext/hv_apppu.txt	25945	ākṛṣṛa	ṛa	ākṛṣṛa	ākṛṣṛa	SOURCE_PRESENT	none	ākṛṣṛa
2_epic/mbh/ext/hv_apppu.txt	29505	hṛṛṣīkeśas	ṛṛ	hṛṛṣīkeśas	hṛṛṣīkeśas	SOURCE_PRESENT	none	hṛṛṣīkeśas
2_epic/mbh/ext/hv_apppu.txt	35087	sūryaṝkṣāṇāṃ	aṝ	sūryaṝkṣāṇāṃ	sūryaṝkṣāṇāṃ	SOURCE_PRESENT	none	sūryaṝkṣāṇāṃ
2_epic/mbh/ext/hv_apppu.txt	38485	saṃhṛādīyo	ṛā	saṃhṛādīyo	saṃhṛādīyo	SOURCE_PRESENT	none	saṃhṛādīyo
2_epic/mbh/ext/hv_conpu.txt	5585	tābhiṛ	iṛ	tābhiṛ	tābhiṛ	SOURCE_PRESENT	none	tābhiṛ
2_epic/mbh/ext/hv_conpu.txt	10273	brahmaṝṣayo	aṝ	brahmaṝṣayo	brahmaṝṣayo	SOURCE_PRESENT	none	brahmaṝṣayo
2_epic/mbh/ext/hv_conpu.txt	12329	'bhigamyāṛṇavo	āṛ	'bhigamyāṛṇavo	'bhigamyāṛṇavo	SOURCE_PRESENT	none	'bhigamyāṛṇavo
2_epic/mbh/ext/hv_conpu.txt	13541	sthānasahasreais	ea	sthānasahasreais	sthānasahasreais	SOURCE_PRESENT	none	sthānasahasreais
2_epic/mbh/ext/hv_conpu.txt	16571	gandharvaṛṣayaś	aṛ	gandharvaṛṣayaś	gandharvaṛṣayaś	SOURCE_PRESENT	none	gandharvaṛṣayaś
2_epic/mbh/ext/hv_conpu.txt	17239	vasasiiha	ii			UNRESOLVED	none	vasasiiha
2_epic/mbh/ext/hv_conpu.txt	17241	tavaanugāḥ	aa			UNRESOLVED	none	tavaanugāḥ
2_epic/mbh/ext/hv_conpu.txt	21065	tāu	āu	tāu	tāu	SOURCE_PRESENT	none	tāu
2_epic/mbh/ext/hv_conpu.txt	31285	priaṃ	ia	priaṃ	priaṃ	SOURCE_PRESENT	none	priaṃ
2_epic/mbh/ext/hv_conpu.txt	33191	'vatīirṇo	īi	'vatīirṇo	'vatīirṇo	SOURCE_PRESENT	none	'vatīirṇo
2_epic/mbh/mbh_01_u.txt	27843	devaṛṣīṇāṃ	aṛ	devaṛṣīṇāṃ	devaṛṣīṇāṃ	SOURCE_PRESENT	none	devaṛṣīṇāṃ
2_epic/mbh/mbh_01_u.txt	46769	mṛduṛjur	uṛ	mṛduṛjur	mṛduṛjur	SOURCE_PRESENT	none	mṛduṛjur
2_epic/mbh/mbh_01_u.txt	47915	dvijarājaṛṣīṇāṃ	aṛ	dvijarājaṛṣīṇāṃ	dvijarājaṛṣīṇāṃ	SOURCE_PRESENT	none	dvijarājaṛṣīṇāṃ
2_epic/mbh/mbh_02_u.txt	2289	agniṣvuāttāś	uā	agniṣvuāttāś	agniṣvuāttāś	SOURCE_PRESENT	none	agniṣvuāttāś
2_epic/mbh/mbh_02_u.txt	8699	saptaṛṣīṃś	aṛ	saptaṛṣīṃś	saptaṛṣīṃś	SOURCE_PRESENT	none	saptaṛṣīṃś
2_epic/mbh/mbh_02_u.txt	16273	reads	ea	reads	reads	SOURCE_PRESENT	none	reads
2_epic/mbh/mbh_03_u.txt	4209	suraṛṣimānavārcitaṃ	aṛ	suraṛṣimānavārcitaṃ	suraṛṣimānavārcitaṃ	SOURCE_PRESENT	none	suraṛṣimānavārcitaṃ
2_epic/mbh/mbh_03_u.txt	7331	pūrvaṛṣir	aṛ	pūrvaṛṣir	pūrvaṛṣir	SOURCE_PRESENT	none	pūrvaṛṣir
2_epic/mbh/mbh_03_u.txt	26223	sāmayajuṛgvarṇāḥ	uṛ	sāmayajuṛgvarṇāḥ	sāmayajuṛgvarṇāḥ	SOURCE_PRESENT	none	sāmayajuṛgvarṇāḥ
2_epic/mbh/mbh_04_u.txt	17071	amarādhiapasainyasaprabhaṃ	ia	amarādhiapasainyasaprabhaṃ	amarādhiapasainyasaprabhaṃ	SOURCE_PRESENT	none	amarādhiapasainyasaprabhaṃ
2_epic/mbh/mbh_07_u.txt	10979	uvaāca	aā	uvaāca	uvaāca	SOURCE_PRESENT	none	uvaāca
2_epic/mbh/mbh_07_u.txt	30547	aīśvaram	aī	aīśvaram	aīśvaram	SOURCE_PRESENT	none	aīśvaram
2_epic/mbh/mbh_08_u.txt	3849	śaktiṛṣṭiparaśvadhān	iṛ	śaktiṛṣṭiparaśvadhān	śaktiṛṣṭiparaśvadhān	SOURCE_PRESENT	none	śaktiṛṣṭiparaśvadhān
2_epic/mbh/mbh_10_u.txt	31	aanusārabhayād	aa		aanusārabhayād	UNRESOLVED	none	aanusārabhayād
2_epic/mbh/mbh_10_u.txt	41	aaśraddheyam	aa		aaśraddheyam	UNRESOLVED	none	aaśraddheyam
2_epic/mbh/mbh_10_u.txt	45	aavadhyaḥ	aa		aavadhyaḥ	UNRESOLVED	none	aavadhyaḥ
2_epic/mbh/mbh_10_u.txt	53	aadrisāramayaṃ	aa		aadrisāramayaṃ	UNRESOLVED	none	aadrisāramayaṃ
2_epic/mbh/mbh_10_u.txt	65	aājñāpya	aā		aājñāpya	UNRESOLVED	none	aājñāpya
2_epic/mbh/mbh_10_u.txt	77	aadharmeṇa	aa		aadharmeṇa	UNRESOLVED	none	aadharmeṇa
2_epic/mbh/mbh_10_u.txt	119	aīṣac	aī		aīṣac	UNRESOLVED	none	aīṣac
2_epic/mbh/mbh_10_u.txt	225	aasminn	aa		aasminn	UNRESOLVED	none	aasminn
2_epic/mbh/mbh_10_u.txt	265	aekākī	ae		aekākī	UNRESOLVED	none	aekākī
2_epic/mbh/mbh_10_u.txt	281	aaśvānāṃ	aa		aaśvānāṃ	UNRESOLVED	none	aaśvānāṃ
2_epic/mbh/mbh_10_u.txt	297	aevam	ae		aevam	UNRESOLVED	none	aevam
2_epic/mbh/mbh_10_u.txt	311	aābaddhā	aā		aābaddhā	UNRESOLVED	none	aābaddhā
2_epic/mbh/mbh_10_u.txt	373	aakṛtvā	aa		aakṛtvā	UNRESOLVED	none	aakṛtvā
2_epic/mbh/mbh_10_u.txt	377	aevam	ae		aevam	UNRESOLVED	none	aevam
2_epic/mbh/mbh_10_u.txt	419	aanvāvartāmahi	aa		aanvāvartāmahi	UNRESOLVED	none	aanvāvartāmahi
2_epic/mbh/mbh_10_u.txt	423	aanena	aa		aanena	UNRESOLVED	none	aanena
2_epic/mbh/mbh_10_u.txt	443	aanārambhāt	aa		aanārambhāt	UNRESOLVED	none	aanārambhāt
2_epic/mbh/mbh_10_u.txt	479	aacintyatvād	aa		aacintyatvād	UNRESOLVED	none	aacintyatvād
2_epic/mbh/mbh_10_u.txt	487	aevaṃ	ae		aevaṃ	UNRESOLVED	none	aevaṃ
2_epic/mbh/mbh_10_u.txt	491	aanyayā	aa		aanyayā	UNRESOLVED	none	aanyayā
2_epic/mbh/mbh_10_u.txt	499	aekasminn	ae		aekasminn	UNRESOLVED	none	aekasminn
2_epic/mbh/mbh_10_u.txt	527	aadānto	aa		aadānto	UNRESOLVED	none	aadānto
2_epic/mbh/mbh_10_u.txt	547	aadya	aa		aadya	UNRESOLVED	none	aadya
2_epic/mbh/mbh_10_u.txt	563	aadya	aa		aadya	UNRESOLVED	none	aadya
2_epic/mbh/mbh_10_u.txt	573	aadyāhaṃ	aa		aadyāhaṃ	UNRESOLVED	none	aadyāhaṃ
2_epic/mbh/mbh_10_u.txt	581	aadyāhaṃ	aa		aadyāhaṃ	UNRESOLVED	none	aadyāhaṃ
2_epic/mbh/mbh_10_u.txt	589	aadya	aa		aadya	UNRESOLVED	none	aadya
2_epic/mbh/mbh_10_u.txt	593	aadya	aa		aadya	UNRESOLVED	none	aadya
2_epic/mbh/mbh_10_u.txt	599	aadya	aa		aadya	UNRESOLVED	none	aadya
2_epic/mbh/mbh_10_u.txt	613	aanuyāsyāvahe	aa		aanuyāsyāvahe	UNRESOLVED	none	aanuyāsyāvahe
2_epic/mbh/mbh_10_u.txt	617	aahaṃ	aa		aahaṃ	UNRESOLVED	none	aahaṃ
2_epic/mbh/mbh_10_u.txt	621	aāvābhyāṃ	aā		aāvābhyāṃ	UNRESOLVED	none	aāvābhyāṃ
2_epic/mbh/mbh_10_u.txt	655	aahaṃ	aa		aahaṃ	UNRESOLVED	none	aahaṃ
2_epic/mbh/mbh_10_u.txt	689	aevam	ae		aevam	UNRESOLVED	none	aevam
2_epic/mbh/mbh_10_u.txt	693	aāturasya	aā		aāturasya	UNRESOLVED	none	aāturasya
2_epic/mbh/mbh_10_u.txt	729	eekāgramanaso	ee		eekāgramanaso	UNRESOLVED	none	eekāgramanaso
2_epic/mbh/mbh_10_u.txt	739	eiti	ei		eiti	UNRESOLVED	none	eiti
2_epic/mbh/mbh_10_u.txt	745	aahaṃ	aa		aahaṃ	UNRESOLVED	none	aahaṃ
2_epic/mbh/mbh_10_u.txt	771	aaneyas	aa		aaneyas	UNRESOLVED	none	aaneyas
2_epic/mbh/mbh_10_u.txt	799	aadya	aa		aadya	UNRESOLVED	none	aadya
2_epic/mbh/mbh_10_u.txt	815	aasaṃbhāvitarūpaṃ	aa		aasaṃbhāvitarūpaṃ	UNRESOLVED	none	aasaṃbhāvitarūpaṃ
2_epic/mbh/mbh_10_u.txt	821	aevam	ae		aevam	UNRESOLVED	none	aevam
2_epic/mbh/mbh_10_u.txt	845	aekākī	ae		aekākī	UNRESOLVED	none	aekākī
2_epic/mbh/mbh_10_u.txt	853	aevam	ae		aevam	UNRESOLVED	none	aevam
2_epic/mbh/mbh_10_u.txt	873	aevam	ae		aevam	UNRESOLVED	none	aevam
2_epic/mbh/mbh_10_u.txt	881	aekasārthaṃ	ae		aekasārthaṃ	UNRESOLVED	none	aekasārthaṃ
2_epic/mbh/mbh_10_u.txt	885	aaśvatthāmā	aa		aaśvatthāmā	UNRESOLVED	none	aaśvatthāmā
2_epic/mbh/mbh_10_u.txt	981	aaśvatthāmā	aa		aaśvatthāmā	UNRESOLVED	none	aaśvatthāmā
2_epic/mbh/mbh_10_u.txt	989	aatha	aa		aatha	UNRESOLVED	none	aatha
2_epic/mbh/mbh_10_u.txt	1033	aaśakyaṃ	aa		aaśakyaṃ	UNRESOLVED	none	aaśakyaṃ
2_epic/mbh/mbh_10_u.txt	1233	aatihrasvātidīrghāś	aa		aatihrasvātidīrghāś	UNRESOLVED	none	aatihrasvātidīrghāś
2_epic/mbh/mbh_10_u.txt	1287	aatha	aa		aatha	UNRESOLVED	none	aatha
2_epic/mbh/mbh_10_u.txt	1343	aevam	ae		aevam	UNRESOLVED	none	aevam
2_epic/mbh/mbh_10_u.txt	1347	aathāviṣṭo	aa		aathāviṣṭo	UNRESOLVED	none	aathāviṣṭo
2_epic/mbh/mbh_10_u.txt	1397	aaśvatthāmā	aa		aaśvatthāmā	UNRESOLVED	none	aaśvatthāmā
2_epic/mbh/mbh_10_u.txt	1405	aahaṃ	aa		aahaṃ	UNRESOLVED	none	aahaṃ
2_epic/mbh/mbh_10_u.txt	1427	aatha	aa		aatha	UNRESOLVED	none	aatha
2_epic/mbh/mbh_10_u.txt	1485	aevaṃ	ae		aevaṃ	UNRESOLVED	none	aevaṃ
2_epic/mbh/mbh_10_u.txt	1505	aapakrānte	aa		aapakrānte	UNRESOLVED	none	aapakrānte
2_epic/mbh/mbh_10_u.txt	1591	eavākirañ	ea		eavākirañ	UNRESOLVED	none	eavākirañ
2_epic/mbh/mbh_10_u.txt	1629	aatāḍayac	aa		aatāḍayac	UNRESOLVED	none	aatāḍayac
2_epic/mbh/mbh_10_u.txt	1673	aanyān	aa		aanyān	UNRESOLVED	none	aanyān
2_epic/mbh/mbh_10_u.txt	1713	aatyugrapratipiṣṭaiś	aa		aatyugrapratipiṣṭaiś	UNRESOLVED	none	aatyugrapratipiṣṭaiś
2_epic/mbh/mbh_10_u.txt	1721	aapetaśastrasaṃnāhān	aa		aapetaśastrasaṃnāhān	UNRESOLVED	none	aapetaśastrasaṃnāhān
2_epic/mbh/mbh_10_u.txt	1729	aūrustambhagṛhītāś	aū		aūrustambhagṛhītāś	UNRESOLVED	none	aūrustambhagṛhītāś
2_epic/mbh/mbh_10_u.txt	1877	aevaṃ	ae		aevaṃ	UNRESOLVED	none	aevaṃ
2_epic/mbh/mbh_10_u.txt	1923	aanyonyaṃ	aa		aanyonyaṃ	UNRESOLVED	none	aanyonyaṃ
2_epic/mbh/mbh_10_u.txt	1967	aayutāni	aa		aayutāni	UNRESOLVED	none	aayutāni
2_epic/mbh/mbh_10_u.txt	2003	aevaṃvidhā	ae		aevaṃvidhā	UNRESOLVED	none	aevaṃvidhā
2_epic/mbh/mbh_10_u.txt	2007	aasaṃśayaṃ	aa		aasaṃśayaṃ	UNRESOLVED	none	aasaṃśayaṃ
2_epic/mbh/mbh_10_u.txt	2017	aatha	aa		aatha	UNRESOLVED	none	aatha
2_epic/mbh/mbh_10_u.txt	2031	aetad	ae		aetad	UNRESOLVED	none	aetad
2_epic/mbh/mbh_10_u.txt	2075	eaśvatthāmā	ea		eaśvatthāmā	UNRESOLVED	none	eaśvatthāmā
2_epic/mbh/mbh_10_u.txt	2137	aāhus	aā		aāhus	UNRESOLVED	none	aāhus
2_epic/mbh/mbh_10_u.txt	2157	aadharmeṇa	aa		aadharmeṇa	UNRESOLVED	none	aadharmeṇa
2_epic/mbh/mbh_10_u.txt	2241	aācāryaṃ	aā		aācāryaṃ	UNRESOLVED	none	aācāryaṃ
2_epic/mbh/mbh_10_u.txt	2351	aetair	ae		aetair	UNRESOLVED	none	aetair
2_epic/mbh/mbh_10_u.txt	2361	aaham	aa		aaham	UNRESOLVED	none	aaham
2_epic/mbh/mbh_10_u.txt	2385	aanartho	aa		aanartho	UNRESOLVED	none	aanartho
2_epic/mbh/mbh_10_u.txt	2433	eamarṣitair	ea		eamarṣitair	UNRESOLVED	none	eamarṣitair
2_epic/mbh/mbh_10_u.txt	2581	aātmajāṃs	aā		aātmajāṃs	UNRESOLVED	none	aātmajāṃs
2_epic/mbh/mbh_10_u.txt	2597	aevam	ae		aevam	UNRESOLVED	none	aevam
2_epic/mbh/mbh_10_u.txt	2679	aeṣa	ae		aeṣa	UNRESOLVED	none	aeṣa
2_epic/mbh/mbh_10_u.txt	2759	aastraṃ	aa		aastraṃ	UNRESOLVED	none	aastraṃ
2_epic/mbh/mbh_10_u.txt	2763	aasmattas	aa		aasmattas	UNRESOLVED	none	aasmattas
2_epic/mbh/mbh_10_u.txt	2793	aatha	aa		aatha	UNRESOLVED	none	aatha
2_epic/mbh/mbh_10_u.txt	2849	aevam	ae		aevam	UNRESOLVED	none	aevam
2_epic/mbh/mbh_10_u.txt	2861	aetat	ae		aetat	UNRESOLVED	none	aetat
2_epic/mbh/mbh_10_u.txt	2865	aetāvad	ae		aetāvad	UNRESOLVED	none	aetāvad
2_epic/mbh/mbh_10_u.txt	2875	aevam	ae		aevam	UNRESOLVED	none	aevam
2_epic/mbh/mbh_10_u.txt	2881	aādityodayavarṇasya	aā		aādityodayavarṇasya	UNRESOLVED	none	aādityodayavarṇasya
2_epic/mbh/mbh_10_u.txt	2895	aanvārohad	aa		aanvārohad	UNRESOLVED	none	aanvārohad
2_epic/mbh/mbh_10_u.txt	2899	aaśobhetāṃ	aa		aaśobhetāṃ	UNRESOLVED	none	aaśobhetāṃ
2_epic/mbh/mbh_10_u.txt	2955	aamṛṣyamāṇas	aa		aamṛṣyamāṇas	UNRESOLVED	none	aamṛṣyamāṇas
2_epic/mbh/mbh_10_u.txt	2973	aarjunārjuna	aa		aarjunārjuna	UNRESOLVED	none	aarjunārjuna
2_epic/mbh/mbh_10_u.txt	3055	aatra	aa		aatra	UNRESOLVED	none	aatra
2_epic/mbh/mbh_10_u.txt	3071	aacīrṇabrahmacaryo	aa		aacīrṇabrahmacaryo	UNRESOLVED	none	aacīrṇabrahmacaryo
2_epic/mbh/mbh_10_u.txt	3087	aaśaktaḥ	aa		aaśaktaḥ	UNRESOLVED	none	aaśaktaḥ
2_epic/mbh/mbh_10_u.txt	3095	aadharmaś	aa		aadharmaś	UNRESOLVED	none	aadharmaś
2_epic/mbh/mbh_10_u.txt	3099	aataḥ	aa		aataḥ	UNRESOLVED	none	aataḥ
2_epic/mbh/mbh_10_u.txt	3117	aastraṃ	aa		aastraṃ	UNRESOLVED	none	aastraṃ
2_epic/mbh/mbh_10_u.txt	3121	aastram	aa		aastram	UNRESOLVED	none	aastram
2_epic/mbh/mbh_10_u.txt	3129	aevaṃ	ae		aevaṃ	UNRESOLVED	none	aevaṃ
2_epic/mbh/mbh_10_u.txt	3133	aastraṃ	aa		aastraṃ	UNRESOLVED	none	aastraṃ
2_epic/mbh/mbh_10_u.txt	3137	aetadarthaṃ	ae		aetadarthaṃ	UNRESOLVED	none	aetadarthaṃ
2_epic/mbh/mbh_10_u.txt	3145	aaroṣas	aa		aaroṣas	UNRESOLVED	none	aaroṣas
2_epic/mbh/mbh_10_u.txt	3183	aevaṃ	ae		aevaṃ	UNRESOLVED	none	aevaṃ
2_epic/mbh/mbh_10_u.txt	3223	aevaṃ	ae		aevaṃ	UNRESOLVED	none	aevaṃ
2_epic/mbh/mbh_10_u.txt	3237	aamoghaḥ	aa		aamoghaḥ	UNRESOLVED	none	aamoghaḥ
2_epic/mbh/mbh_10_u.txt	3257	eaprāpnuvan	ea		eaprāpnuvan	UNRESOLVED	none	eaprāpnuvan
2_epic/mbh/mbh_10_u.txt	3319	aavatīrya	aa		aavatīrya	UNRESOLVED	none	aavatīrya
2_epic/mbh/mbh_10_u.txt	3331	aayaṃ	aa		aayaṃ	UNRESOLVED	none	aayaṃ
2_epic/mbh/mbh_10_u.txt	3415	aādir	aā		aādir	UNRESOLVED	none	aādir
2_epic/mbh/mbh_10_u.txt	3419	aevaṃ	ae		aevaṃ	UNRESOLVED	none	aevaṃ
2_epic/mbh/mbh_10_u.txt	3483	aevam	ae		aevam	UNRESOLVED	none	aevam
2_epic/mbh/mbh_10_u.txt	3533	aabhibhūtās	aa		aabhibhūtās	UNRESOLVED	none	aabhibhūtās
2_epic/mbh/mbh_10_u.txt	3545	aapakrānte	aa		aapakrānte	UNRESOLVED	none	aapakrānte
2_epic/mbh/mbh_11_u.txt	911	devaṛṣīṃs	aṛ	devaṛṣīṃs	devaṛṣīṃs	SOURCE_PRESENT	none	devaṛṣīṃs
2_epic/mbh/mbh_12_u.txt	53297	saṛkṣagavi	aṛ	saṛkṣagavi	saṛkṣagavi	SOURCE_PRESENT	none	saṛkṣagavi
2_epic/mbh/mbh_13_u.txt	7527	ardhahārārdhakeyūraardhakuṇḍalakarṇine	aa	ardhahārārdhakeyūraardhakuṇḍalakarṇine	ardhahārārdhakeyūraardhakuṇḍalakarṇine	SOURCE_PRESENT	none	ardhahārārdhakeyūraardhakuṇḍalakarṇine
2_epic/mbh/mbh_13_u.txt	20751	manaevopapannāḥ	ae	manaevopapannāḥ	manaevopapannāḥ	SOURCE_PRESENT	none	manaevopapannāḥ
2_epic/mbh/mbh_13_u.txt	27813	ataūrdhvaṃ	aū		ataūrdhvaṃ	UNRESOLVED	none	ataūrdhvaṃ
2_epic/mbh/mbh_13_u.txt	29665	ataūrdhvam	aū		ataūrdhvam	UNRESOLVED	none	ataūrdhvam
2_epic/mbh/mbh_13_u.txt	31591	mūlaācāryāt	aā	mūlaācāryāt	mūlaācāryāt	SOURCE_PRESENT	none	mūlaācāryāt
2_epic/ramayana/ram_01_u.txt	4391	yṛadi	ṛa	yṛadi	yṛadi	SOURCE_PRESENT	none	yṛadi
2_epic/ramayana/ram_01_u.txt	5757	tathāiva	āi	tathāiva	tathāiva	SOURCE_PRESENT	none	tathāiva
2_epic/ramayana/ram_02_u.txt	311	ānīiyatām	īi	ānīiyatām	ānīiyatām	SOURCE_PRESENT	none	ānīiyatām
2_epic/ramayana/ram_02_u.txt	6613	jihīrṣiur	iu	jihīrṣiur	jihīrṣiur	SOURCE_PRESENT	none	jihīrṣiur
2_epic/ramayana/ram_02_u.txt	8741	abravīit	īi	abravīit	abravīit	SOURCE_PRESENT	none	abravīit
2_epic/ramayana/ram_03_u.txt	2455	mahāsyānāaṃ	āa	mahāsyānāaṃ	mahāsyānāaṃ	SOURCE_PRESENT	none	mahāsyānāaṃ
2_epic/ramayana/ram_03_u.txt	2483	rāakṣasā	āa	rāakṣasā	rāakṣasā	SOURCE_PRESENT	none	rāakṣasā
2_epic/ramayana/ram_03_u.txt	3405	yathāa	āa	yathāa	yathāa	SOURCE_PRESENT	none	yathāa
2_epic/ramayana/ram_03_u.txt	4143	nānāratnavibhūuṣitām	ūu	nānāratnavibhūuṣitām	nānāratnavibhūuṣitām	SOURCE_PRESENT	none	nānāratnavibhūuṣitām
2_epic/ramayana/ram_03_u.txt	4167	iātmanaḥ	iā	iātmanaḥ	iātmanaḥ	SOURCE_PRESENT	none	iātmanaḥ
2_epic/ramayana/ram_04_u.txt	1309	prabhiṛtikās	iṛ	prabhiṛtikās	prabhiṛtikās	SOURCE_PRESENT	none	prabhiṛtikās
2_epic/ramayana/ram_04_u.txt	3135	vividhiar	ia	vividhiar	vividhiar	SOURCE_PRESENT	none	vividhiar
2_epic/ramayana/ram_04_u.txt	3651	saṃhṛiyate	ṛi	saṃhṛiyate	saṃhṛiyate	SOURCE_PRESENT	none	saṃhṛiyate
2_epic/ramayana/ram_04_u.txt	5547	tathāiva	āi	tathāiva	tathāiva	SOURCE_PRESENT	none	tathāiva
2_epic/ramayana/ram_04_u.txt	5649	anāadimat	āa	anāadimat	anāadimat	SOURCE_PRESENT	none	anāadimat
2_epic/ramayana/ram_05_u.txt	3759	dāracāuryaṃ	āu	dāracāuryaṃ	dāracāuryaṃ	SOURCE_PRESENT	none	dāracāuryaṃ
2_epic/ramayana/ram_05_u.txt	5581	akṣāuhiṇīṃ	āu	akṣāuhiṇīṃ	akṣāuhiṇīṃ	SOURCE_PRESENT	none	akṣāuhiṇīṃ
2_epic/ramayana/ram_06_u.txt	929	mahoaraḥ	oa	mahoaraḥ	mahoaraḥ	SOURCE_PRESENT	none	mahoaraḥ
2_epic/ramayana/ram_06_u.txt	5155	śayānāu	āu	śayānāu	śayānāu	SOURCE_PRESENT	none	śayānāu
2_epic/ramayana/ram_06_u.txt	5451	gajāu	āu	gajāu	gajāu	SOURCE_PRESENT	none	gajāu
2_epic/ramayana/ram_06_u.txt	10191	nedānīim	īi	nedānīim	nedānīim	SOURCE_PRESENT	none	nedānīim
2_epic/ramayana/ram_06_u.txt	12373	tadānīiṃ	īi	tadānīiṃ	tadānīiṃ	SOURCE_PRESENT	none	tadānīiṃ
2_epic/ramayana/ram_06_u.txt	17589	ivāmarādhīaph	īa	ivāmarādhīaph	ivāmarādhīaph	SOURCE_PRESENT	none	ivāmarādhīaph
2_epic/ramayana/ram_07_u.txt	421	āasa	āa	āasa	āasa	SOURCE_PRESENT	none	āasa
2_epic/ramayana/ram_07_u.txt	1043	laṅkāaṃ	āa	laṅkāaṃ	laṅkāaṃ	SOURCE_PRESENT	none	laṅkāaṃ
2_epic/ramayana/ram_07_u.txt	1061	svabāṇajāalāni	āa	svabāṇajāalāni	svabāṇajāalāni	SOURCE_PRESENT	none	svabāṇajāalāni
2_epic/ramayana/ram_07_u.txt	1187	vicacāara	āa	vicacāara	vicacāara	SOURCE_PRESENT	none	vicacāara
2_epic/ramayana/ram_07_u.txt	2429	praviṣṭāyāaṃ	āa	praviṣṭāyāaṃ	praviṣṭāyāaṃ	SOURCE_PRESENT	none	praviṣṭāyāaṃ
2_epic/ramayana/ram_07_u.txt	4573	śramanāaśanaḥ	āa	śramanāaśanaḥ	śramanāaśanaḥ	SOURCE_PRESENT	none	śramanāaśanaḥ
2_epic/ramayana/ram_07_u.txt	4603	rākṣasāaḥ	āa	rākṣasāaḥ	rākṣasāaḥ	SOURCE_PRESENT	none	rākṣasāaḥ
2_epic/ramayana/ram_07_u.txt	4819	mārīcaśukasāaraṇāḥ	āa	mārīcaśukasāaraṇāḥ	mārīcaśukasāaraṇāḥ	SOURCE_PRESENT	none	mārīcaśukasāaraṇāḥ
2_epic/ramayana/ram_07_u.txt	4877	niṣasāada	āa	niṣasāada	niṣasāada	SOURCE_PRESENT	none	niṣasāada
2_epic/ramayana/ram_07_u.txt	4947	tathāiva	āi	tathāiva	tathāiva	SOURCE_PRESENT	none	tathāiva
2_epic/ramayana/ram_07_u.txt	5521	dīrghāayuś	āa	dīrghāayuś	dīrghāayuś	SOURCE_PRESENT	none	dīrghāayuś
3_purana/agp_bi_u.txt	2990	śliṣṭeārādhatta	eā	śliṣṭeārādhatta	śliṣṭeārādhatta	SOURCE_PRESENT	none	śliṣṭeārādhatta
3_purana/agp_bi_u.txt	3316	dāityāḥ	āi	dāityāḥ	dāityāḥ	SOURCE_PRESENT	none	dāityāḥ
3_purana/agp_bi_u.txt	6102	caivaottarāgragāḥ	ao	caivaottarāgragāḥ	caivaottarāgragāḥ	SOURCE_PRESENT	none	caivaottarāgragāḥ
3_purana/agp_bi_u.txt	7469	cihnitapuatakapāṭhaḥ	ua	cihnitapuatakapāṭhaḥ	cihnitapuatakapāṭhaḥ	SOURCE_PRESENT	none	cihnitapuatakapāṭhaḥ
3_purana/agp_bi_u.txt	7475	cihnitapuatakapāṭhaḥ	ua	cihnitapuatakapāṭhaḥ	cihnitapuatakapāṭhaḥ	SOURCE_PRESENT	none	cihnitapuatakapāṭhaḥ
3_purana/agp_bi_u.txt	8564	cihniapustakatrayapāṭhaḥ	ia	cihniapustakatrayapāṭhaḥ	cihniapustakatrayapāṭhaḥ	SOURCE_PRESENT	none	cihniapustakatrayapāṭhaḥ
3_purana/agp_bi_u.txt	8946	evamaṣṭāṅgualavinyāsa	ua	evamaṣṭāṅgualavinyāsa	evamaṣṭāṅgualavinyāsa	SOURCE_PRESENT	none	evamaṣṭāṅgualavinyāsa
3_purana/agp_bi_u.txt	9745	cihnitaopustakapāṭhaḥ	ao	cihnitaopustakapāṭhaḥ	cihnitaopustakapāṭhaḥ	SOURCE_PRESENT	none	cihnitaopustakapāṭhaḥ
3_purana/agp_bi_u.txt	10234	cihnitapsuatakapāṭhaḥ	ua	cihnitapsuatakapāṭhaḥ	cihnitapsuatakapāṭhaḥ	SOURCE_PRESENT	none	cihnitapsuatakapāṭhaḥ
3_purana/agp_bi_u.txt	12341	praokṣaṇaṃ	ao	praokṣaṇaṃ	praokṣaṇaṃ	SOURCE_PRESENT	none	praokṣaṇaṃ
3_purana/agp_bi_u.txt	12865	caolūkhale	ao	caolūkhale	caolūkhale	SOURCE_PRESENT	none	caolūkhale
3_purana/agp_bi_u.txt	15364	pūrvavattāḍanādiakaṃ	ia	pūrvavattāḍanādiakaṃ	pūrvavattāḍanādiakaṃ	SOURCE_PRESENT	none	pūrvavattāḍanādiakaṃ
3_purana/agp_bi_u.txt	15853	āipallavitaiḥ	āi	āipallavitaiḥ	āipallavitaiḥ	SOURCE_PRESENT	none	āipallavitaiḥ
3_purana/agp_bi_u.txt	19053	īavara	īa	īavara	īavara	SOURCE_PRESENT	none	īavara
3_purana/agp_bi_u.txt	19155	praokṣaṇaṃ	ao	praokṣaṇaṃ	praokṣaṇaṃ	SOURCE_PRESENT	none	praokṣaṇaṃ
3_purana/agp_bi_u.txt	19620	pādonaviestīrṇā	ie	pādonaviestīrṇā	pādonaviestīrṇā	SOURCE_PRESENT	none	pādonaviestīrṇā
3_purana/agp_bi_u.txt	20649	tīrthābhiogamane	io	tīrthābhiogamane	tīrthābhiogamane	SOURCE_PRESENT	none	tīrthābhiogamane
3_purana/agp_bi_u.txt	20792	śṛṅgaverapuaraṃ	ua	śṛṅgaverapuaraṃ	śṛṅgaverapuaraṃ	SOURCE_PRESENT	none	śṛṅgaverapuaraṃ
3_purana/agp_bi_u.txt	23434	aiueo	iu			UNRESOLVED	none	aiueo
3_purana/agp_bi_u.txt	23434	aiueo	ue			UNRESOLVED	none	aiueo
3_purana/agp_bi_u.txt	23434	aiueo	eo			UNRESOLVED	none	aiueo
3_purana/agp_bi_u.txt	23492	rāhoemukhe	oe	rāhoemukhe	rāhoemukhe	SOURCE_PRESENT	none	rāhoemukhe
3_purana/agp_bi_u.txt	23650	aiueo	iu			UNRESOLVED	none	aiueo
3_purana/agp_bi_u.txt	23650	aiueo	ue			UNRESOLVED	none	aiueo
3_purana/agp_bi_u.txt	23650	aiueo	eo			UNRESOLVED	none	aiueo
3_purana/agp_bi_u.txt	23841	aākacaṭatapayāḥ	aā			UNRESOLVED	none	aākacaṭatapayāḥ
3_purana/agp_bi_u.txt	23843	iīkhachaṭhathapharāḥ	iī			UNRESOLVED	none	iīkhachaṭhathapharāḥ
3_purana/agp_bi_u.txt	23845	uūgajaḍadabalāḥ	uū			UNRESOLVED	none	uūgajaḍadabalāḥ
3_purana/agp_bi_u.txt	23847	eaighajhaḍhadhabhavāḥ	ea			UNRESOLVED	none	eaighajhaḍhadhabhavāḥ
3_purana/agp_bi_u.txt	23925	mṛtistriṛkṣe	iṛ	mṛtistriṛkṣe	mṛtistriṛkṣe	SOURCE_PRESENT	none	mṛtistriṛkṣe
3_purana/agp_bi_u.txt	24381	īavara	īa	īavara	īavara	SOURCE_PRESENT	none	īavara
3_purana/agp_bi_u.txt	24715	arirmṛtyuaś	ua	arirmṛtyuaś	arirmṛtyuaś	SOURCE_PRESENT	none	arirmṛtyuaś
3_purana/agp_bi_u.txt	24731	aiueo	iu			UNRESOLVED	none	aiueo
3_purana/agp_bi_u.txt	24731	aiueo	ue			UNRESOLVED	none	aiueo
3_purana/agp_bi_u.txt	24731	aiueo	eo			UNRESOLVED	none	aiueo
3_purana/agp_bi_u.txt	25148	ghaṇṭāḍamarukiṅkaṇīaṭṭāṭṭahāse	īa	ghaṇṭāḍamarukiṅkaṇīaṭṭāṭṭahāse	ghaṇṭāḍamarukiṅkaṇīaṭṭāṭṭahāse	SOURCE_PRESENT	none	ghaṇṭāḍamarukiṅkaṇīaṭṭāṭṭahāse
3_purana/agp_bi_u.txt	25385	mahāopurāṇe	āo	mahāopurāṇe	mahāopurāṇe	SOURCE_PRESENT	none	mahāopurāṇe
3_purana/agp_bi_u.txt	26074	naiṛtye	iṛ	naiṛtye	naiṛtye	SOURCE_PRESENT	none	naiṛtye
3_purana/agp_bi_u.txt	26796	sāmabhioś	io	sāmabhioś	sāmabhioś	SOURCE_PRESENT	none	sāmabhioś
3_purana/agp_bi_u.txt	30881	jaṅghayordvayaoḥ	ao	jaṅghayordvayaoḥ	jaṅghayordvayaoḥ	SOURCE_PRESENT	none	jaṅghayordvayaoḥ
3_purana/agp_bi_u.txt	31248	namao	ao	namao	namao	SOURCE_PRESENT	none	namao
3_purana/agp_bi_u.txt	31618	madanadvādaśaīvratī	aī	madanadvādaśaīvratī	madanadvādaśaīvratī	SOURCE_PRESENT	none	madanadvādaśaīvratī
3_purana/agp_bi_u.txt	32016	aśokapūeṇimādivrataṃ	ūe	aśokapūeṇimādivrataṃ	aśokapūeṇimādivrataṃ	SOURCE_PRESENT	none	aśokapūeṇimādivrataṃ
3_purana/agp_bi_u.txt	32593	naiṛte	iṛ	naiṛte	naiṛte	SOURCE_PRESENT	none	naiṛte
3_purana/agp_bi_u.txt	32661	pūṛṇāndattvā	ūṛ	pūṛṇāndattvā	pūṛṇāndattvā	SOURCE_PRESENT	none	pūṛṇāndattvā
3_purana/agp_bi_u.txt	33750	candrārkaṛkṣaśaktiryā	aṛ	candrārkaṛkṣaśaktiryā	candrārkaṛkṣaśaktiryā	SOURCE_PRESENT	none	candrārkaṛkṣaśaktiryā
3_purana/agp_bi_u.txt	36294	mahāopurāṇe	āo	mahāopurāṇe	mahāopurāṇe	SOURCE_PRESENT	none	mahāopurāṇe
3_purana/agp_bi_u.txt	37658	mahāopurāṇe	āo	mahāopurāṇe	mahāopurāṇe	SOURCE_PRESENT	none	mahāopurāṇe
3_purana/agp_bi_u.txt	38273	tvayaitadvoiṣṇunā	oi	tvayaitadvoiṣṇunā	tvayaitadvoiṣṇunā	SOURCE_PRESENT	none	tvayaitadvoiṣṇunā
3_purana/agp_bi_u.txt	39025	puatake	ua	puatake	puatake	SOURCE_PRESENT	none	puatake
3_purana/agp_bi_u.txt	40806	smṛtyācāraeṣvyapetena	ae	smṛtyācāraeṣvyapetena	smṛtyācāraeṣvyapetena	SOURCE_PRESENT	none	smṛtyācāraeṣvyapetena
3_purana/agp_bi_u.txt	41682	pradāpyastyājakoapi	oa	pradāpyastyājakoapi	pradāpyastyājakoapi	SOURCE_PRESENT	none	pradāpyastyājakoapi
3_purana/agp_bi_u.txt	42329	prayiojayet	io	prayiojayet	prayiojayet	SOURCE_PRESENT	none	prayiojayet
3_purana/agp_bi_u.txt	43369	vioṣṇaverpayet	io	vioṣṇaverpayet	vioṣṇaverpayet	SOURCE_PRESENT	none	vioṣṇaverpayet
3_purana/agp_bi_u.txt	43517	catuḥṣaṣṭhyadhiakadviśatatamo	ia	catuḥṣaṣṭhyadhiakadviśatatamo	catuḥṣaṣṭhyadhiakadviśatatamo	SOURCE_PRESENT	none	catuḥṣaṣṭhyadhiakadviśatatamo
3_purana/agp_bi_u.txt	44828	saṃhanasyāsīnmahimnao	ao	saṃhanasyāsīnmahimnao	saṃhanasyāsīnmahimnao	SOURCE_PRESENT	none	saṃhanasyāsīnmahimnao
3_purana/agp_bi_u.txt	44870	svāhāputrao	ao	svāhāputrao	svāhāputrao	SOURCE_PRESENT	none	svāhāputrao
3_purana/agp_bi_u.txt	45300	bhadrāśoa	oa	bhadrāśoa	bhadrāśoa	SOURCE_PRESENT	none	bhadrāśoa
3_purana/agp_bi_u.txt	47645	dāṛimaṃ	āṛ	dāṛimaṃ	dāṛimaṃ	SOURCE_PRESENT	none	dāṛimaṃ
3_purana/agp_bi_u.txt	47645	dāṛimaṃ	ṛi	dāṛimaṃ	dāṛimaṃ	SOURCE_PRESENT	none	dāṛimaṃ
3_purana/agp_bi_u.txt	49694	mantrao	ao	mantrao	mantrao	SOURCE_PRESENT	none	mantrao
3_purana/agp_bi_u.txt	51131	madhyādiuttarāntantu	iu	madhyādiuttarāntantu	madhyādiuttarāntantu	SOURCE_PRESENT	none	madhyādiuttarāntantu
3_purana/agp_bi_u.txt	51284	ṣaḍaṅgaoyaṃ	ao	ṣaḍaṅgaoyaṃ	ṣaḍaṅgaoyaṃ	SOURCE_PRESENT	none	ṣaḍaṅgaoyaṃ
3_purana/agp_bi_u.txt	53429	upahārākhyamīdṛaśam	ṛa	upahārākhyamīdṛaśam	upahārākhyamīdṛaśam	SOURCE_PRESENT	none	upahārākhyamīdṛaśam
3_purana/agp_bi_u.txt	55604	suaujasiti	ua			UNRESOLVED	none	suaujasiti
3_purana/agp_bi_u.txt	55610	ṅiossuviti	io			UNRESOLVED	none	ṅiossuviti
3_purana/agp_bi_u.txt	55750	nemaādayaḥ	aā			UNRESOLVED	none	nemaādayaḥ
3_purana/agp_bi_u.txt	56521	vobhotei	ei	vobhotei	vobhotei	SOURCE_PRESENT	none	vobhotei
3_purana/agp_bi_u.txt	56551	eidhiṣīdṛśaṃ	ei	eidhiṣīdṛśaṃ	eidhiṣīdṛśaṃ	SOURCE_PRESENT	none	eidhiṣīdṛśaṃ
3_purana/agp_bi_u.txt	59451	vāudevo	āu	vāudevo	vāudevo	SOURCE_PRESENT	none	vāudevo
3_purana/agp_bi_u.txt	60364	nidādhaṛtusaṃvādaṃ	aṛ	nidādhaṛtusaṃvādaṃ	nidādhaṛtusaṃvādaṃ	SOURCE_PRESENT	none	nidādhaṛtusaṃvādaṃ
3_purana/agp_bi_u.txt	60398	nidāghaṛtusaṃvādamadvaitabuddhaye	aṛ	nidāghaṛtusaṃvādamadvaitabuddhaye	nidāghaṛtusaṃvādamadvaitabuddhaye	SOURCE_PRESENT	none	nidāghaṛtusaṃvādamadvaitabuddhaye
3_purana/agp_bi_u.txt	62422	nānāṛṣisamākulaṃ	āṛ	nānāṛṣisamākulaṃ	nānāṛṣisamākulaṃ	SOURCE_PRESENT	none	nānāṛṣisamākulaṃ
3_purana/agp_bi_u.txt	62456	tavaopadeśāttu	ao	tavaopadeśāttu	tavaopadeśāttu	SOURCE_PRESENT	none	tavaopadeśāttu
3_purana/bhagp/bhp_01u.txt	3207	brahmaṛṣeraṃse	aṛ	brahmaṛṣeraṃse	brahmaṛṣeraṃse	SOURCE_PRESENT	none	brahmaṛṣeraṃse
3_purana/bhagp/bhp_02u.txt	1835	rāajñaḥ	āa	rāajñaḥ	rāajñaḥ	SOURCE_PRESENT	none	rāajñaḥ
3_purana/bhagp/bhp_05u.txt	3	bhāgavatāatmārāmaḥ	āa	bhāgavatāatmārāmaḥ	bhāgavatāatmārāmaḥ	SOURCE_PRESENT	none	bhāgavatāatmārāmaḥ
3_purana/bhagp/bhp_06u.txt	69	tapāadibhiḥ	āa	tapāadibhiḥ	tapāadibhiḥ	SOURCE_PRESENT	none	tapāadibhiḥ
3_purana/bhagp/bhp_06u.txt	1111	devaṛṣabha	aṛ	devaṛṣabha	devaṛṣabha	SOURCE_PRESENT	none	devaṛṣabha
3_purana/bhagp/bhp_06u.txt	1421	śrīṛṣiruvāca	īṛ	śrīṛṣiruvāca	śrīṛṣiruvāca	SOURCE_PRESENT	none	śrīṛṣiruvāca
3_purana/bhagp/bhp_06u.txt	1875	śrīṛṣiruvāca	īṛ	śrīṛṣiruvāca	śrīṛṣiruvāca	SOURCE_PRESENT	none	śrīṛṣiruvāca
3_purana/bhagp/bhp_06u.txt	2099	śrīṛṣiruvāca	īṛ	śrīṛṣiruvāca	śrīṛṣiruvāca	SOURCE_PRESENT	none	śrīṛṣiruvāca
3_purana/bhagp/bhp_06u.txt	2691	śrīaṅgirā	īa	śrīaṅgirā	śrīaṅgirā	SOURCE_PRESENT	none	śrīaṅgirā
3_purana/bhagp/bhp_06u.txt	2749	devaṛṣī	aṛ	devaṛṣī	devaṛṣī	SOURCE_PRESENT	none	devaṛṣī
3_purana/bhagp/bhp_06u.txt	2937	suraṛṣiṇā	aṛ	suraṛṣiṇā	suraṛṣiṇā	SOURCE_PRESENT	none	suraṛṣiṇā
3_purana/bhagp/bhp_07u.txt	15	śrīṛṣiruvāca	īṛ	śrīṛṣiruvāca	śrīṛṣiruvāca	SOURCE_PRESENT	none	śrīṛṣiruvāca
3_purana/bhagp/bhp_07u.txt	59	suraṛṣiṃ	aṛ	suraṛṣiṃ	suraṛṣiṃ	SOURCE_PRESENT	none	suraṛṣiṃ
3_purana/bhagp/bhp_07u.txt	567	sahaojobalānvitaḥ	ao	sahaojobalānvitaḥ	sahaojobalānvitaḥ	SOURCE_PRESENT	none	sahaojobalānvitaḥ
3_purana/bhagp/bhp_07u.txt	1255	śrīindra	īi	śrīindra	śrīindra	SOURCE_PRESENT	none	śrīindra
3_purana/bhagp/bhp_07u.txt	1627	śrīindra	īi	śrīindra	śrīindra	SOURCE_PRESENT	none	śrīindra
3_purana/bhagp/bhp_07u.txt	1637	śrīṛṣaya	īṛ	śrīṛṣaya	śrīṛṣaya	SOURCE_PRESENT	none	śrīṛṣaya
3_purana/bhagp/bhp_07u.txt	1935	svabhṛtyaṛṣivākyamṛtaṃ	aṛ	svabhṛtyaṛṣivākyamṛtaṃ	svabhṛtyaṛṣivākyamṛtaṃ	SOURCE_PRESENT	none	svabhṛtyaṛṣivākyamṛtaṃ
3_purana/bhagp/bhp_07u.txt	2921	yāyāddevaṛṣe	aṛ	yāyāddevaṛṣe	yāyāddevaṛṣe	SOURCE_PRESENT	none	yāyāddevaṛṣe
3_purana/bhagp/bhp_07u.txt	3025	dharmādiśreyāavahān	āa	dharmādiśreyāavahān	dharmādiśreyāavahān	SOURCE_PRESENT	none	dharmādiśreyāavahān
3_purana/bhagp/bhp_08u.txt	15	śrīṛṣiruvāca	īṛ	śrīṛṣiruvāca	śrīṛṣiruvāca	SOURCE_PRESENT	none	śrīṛṣiruvāca
3_purana/bhagp/bhp_08u.txt	55	puruhūtaīśaḥ	aī	puruhūtaīśaḥ	puruhūtaīśaḥ	SOURCE_PRESENT	none	puruhūtaīśaḥ
3_purana/bhagp/bhp_08u.txt	159	payaūrmibhiḥ	aū	payaūrmibhiḥ	payaūrmibhiḥ	SOURCE_PRESENT	none	payaūrmibhiḥ
3_purana/bhagp/bhp_08u.txt	533	brahmaṛṣīn	aṛ	brahmaṛṣīn	brahmaṛṣīn	SOURCE_PRESENT	none	brahmaṛṣīn
3_purana/bhagp/bhp_08u.txt	2287	śrīṛṣiruvāca	īṛ	śrīṛṣiruvāca	śrīṛṣiruvāca	SOURCE_PRESENT	none	śrīṛṣiruvāca
3_purana/bhagp/bhp_08u.txt	2529	śrīaditiruvāca	īa	śrīaditiruvāca	śrīaditiruvāca	SOURCE_PRESENT	none	śrīaditiruvāca
3_purana/bhagp/bhp_08u.txt	2577	śrīaditiruvāca	īa	śrīaditiruvāca	śrīaditiruvāca	SOURCE_PRESENT	none	śrīaditiruvāca
3_purana/bhagp/bhp_08u.txt	2777	śrīaditiruvāca	īa	śrīaditiruvāca	śrīaditiruvāca	SOURCE_PRESENT	none	śrīaditiruvāca
3_purana/bhagp/bhp_08u.txt	3849	rājaṛṣiḥ	aṛ	rājaṛṣiḥ	rājaṛṣiḥ	SOURCE_PRESENT	none	rājaṛṣiḥ
3_purana/bhagp/bhp_09u.txt	2485	bhārgavaṛṣeḥ	aṛ	bhārgavaṛṣeḥ	bhārgavaṛṣeḥ	SOURCE_PRESENT	none	bhārgavaṛṣeḥ
3_purana/bhagp/bhp_10u.txt	2801	hitāvatīṛnasya	īṛ	hitāvatīṛnasya	hitāvatīṛnasya	SOURCE_PRESENT	none	hitāvatīṛnasya
3_purana/bhagp/bhp_10u.txt	4247	kīṛtiṃ	īṛ	kīṛtiṃ	kīṛtiṃ	SOURCE_PRESENT	none	kīṛtiṃ
3_purana/bhagp/bhp_10u.txt	5237	śṛī	ṛī		śṛī	UNRESOLVED	none	śṛī
3_purana/bhagp/bhp_10u.txt	5345	rātṛīḥ	ṛī	rātṛīḥ	rātṛīḥ	SOURCE_PRESENT	none	rātṛīḥ
3_purana/bhagp/bhp_10u.txt	7793	kṛīdayā	ṛī	kṛīdayā	kṛīdayā	SOURCE_PRESENT	none	kṛīdayā
3_purana/bhagp/bhp_10u.txt	9129	cikīṛṣitam	īṛ	cikīṛṣitam	cikīṛṣitam	SOURCE_PRESENT	none	cikīṛṣitam
3_purana/bhagp/bhp_10u.txt	10777	saṛva	aṛ		saṛva	UNRESOLVED	none	saṛva
3_purana/bhagp/bhp_10u.txt	10793	viijñānam	ii		viijñānam	UNRESOLVED	none	viijñānam
3_purana/bhagp/bhp_10u.txt	11041	śṛīmān	ṛī	śṛīmān	śṛīmān	SOURCE_PRESENT	none	śṛīmān
3_purana/bhagp/bhp_10u.txt	11189	śṛīr	ṛī	śṛīr	śṛīr	SOURCE_PRESENT	none	śṛīr
3_purana/bhagp/bhp_10u.txt	11733	viviita	ii		viviita	UNRESOLVED	none	viviita
3_purana/bhagp/bhp_10u.txt	11841	daśābaāḥ	aā		daśābaāḥ	UNRESOLVED	none	daśābaāḥ
3_purana/bhagp/bhp_10u.txt	12145	āpṛītāṃ	ṛī	āpṛītāṃ	āpṛītāṃ	SOURCE_PRESENT	none	āpṛītāṃ
3_purana/bhagp/bhp_10u.txt	12179	śṛī	ṛī		śṛī	UNRESOLVED	none	śṛī
3_purana/bhagp/bhp_10u.txt	12761	avatīṛno	īṛ	avatīṛno	avatīṛno	SOURCE_PRESENT	none	avatīṛno
3_purana/bhagp/bhp_10u.txt	13217	giṛo	iṛ	giṛo	giṛo	SOURCE_PRESENT	none	giṛo
3_purana/bhagp/bhp_10u.txt	13217	giṛo	ṛo	giṛo	giṛo	SOURCE_PRESENT	none	giṛo
3_purana/bhagp/bhp_10u.txt	13735	devaṛṣer	aṛ	devaṛṣer	devaṛṣer	SOURCE_PRESENT	none	devaṛṣer
3_purana/bhagp/bhp_10u.txt	14473	paramaṛṣīn	aṛ	paramaṛṣīn	paramaṛṣīn	SOURCE_PRESENT	none	paramaṛṣīn
3_purana/bhagp/bhp_10u.txt	16115	kanakoijvala	oi		kanakoijvala	UNRESOLVED	none	kanakoijvala
3_purana/bhagp/bhp_10u.txt	16621	dvārakāukasaḥ	āu	dvārakāukasaḥ	dvārakāukasaḥ	SOURCE_PRESENT	none	dvārakāukasaḥ
3_purana/bhagp/bhp_10u.txt	17381	nīṛguṇe	īṛ	nīṛguṇe	nīṛguṇe	SOURCE_PRESENT	none	nīṛguṇe
3_purana/bhagp/bhp_11u.txt	59	kīṛtiḥ	īṛ		kīṛtiḥ	UNRESOLVED	none	kīṛtiḥ
3_purana/bhagp/bhp_11u.txt	599	nirjihīṛṣuḥ	īṛ	nirjihīṛṣuḥ	nirjihīṛṣuḥ	SOURCE_PRESENT	none	nirjihīṛṣuḥ
3_purana/bhagp/bhp_11u.txt	777	kīṛtiḥ	īṛ		kīṛtiḥ	UNRESOLVED	none	kīṛtiḥ
3_purana/bhagp/bhp_11u.txt	1839	vṛīḍitā	ṛī	vṛīḍitā	vṛīḍitā	SOURCE_PRESENT	none	vṛīḍitā
3_purana/bhagp/bhp_11u.txt	3663	īkṣetāthāikam	āi	īkṣetāthāikam	īkṣetāthāikam	SOURCE_PRESENT	none	īkṣetāthāikam
3_purana/bhagp/bhp_11u.txt	4213	yuita	ui	yuita	yuita	SOURCE_PRESENT	none	yuita
3_purana/bhagp/bhp_11u.txt	5023	jñāana	āa		jñāana	UNRESOLVED	none	jñāana
3_purana/bhagp/bhp_11u.txt	5569	muita	ui		muita	UNRESOLVED	none	muita
3_purana/bhagp/bhp_11u.txt	5807	hīyamāeṣu	āe	hīyamāeṣu	hīyamāeṣu	SOURCE_PRESENT	none	hīyamāeṣu
3_purana/bhagp/bhp_12u.txt	1339	kulākīṛnaṃ	īṛ		kulākīṛnaṃ	UNRESOLVED	none	kulākīṛnaṃ
3_purana/bhagp/bhp_12u.txt	1945	śṛīḥ	ṛī	śṛīḥ	śṛīḥ	SOURCE_PRESENT	none	śṛīḥ
3_purana/bhagp/bhp_12u.txt	2181	niḥkṣatṛī	ṛī		niḥkṣatṛī	UNRESOLVED	none	niḥkṣatṛī
3_purana/bhagp/bhp_12u.txt	2189	yatrāvatīṛṇo	īṛ	yatrāvatīṛṇo	yatrāvatīṛṇo	SOURCE_PRESENT	none	yatrāvatīṛṇo
3_purana/bhagp/bhp_12u.txt	2291	tīṛthaṃ	īṛ		tīṛthaṃ	UNRESOLVED	none	tīṛthaṃ
3_purana/brahmap/brahmppu.txt	1495	āgniidhraś	ii	āgniidhraś	āgniidhraś	SOURCE_PRESENT	none	āgniidhraś
3_purana/brahmap/brahmppu.txt	1973	vāai	āa	vāai	vāai	SOURCE_PRESENT	none	vāai
3_purana/brahmap/brahmppu.txt	2125	vāai	āa	vāai	vāai	SOURCE_PRESENT	none	vāai
3_purana/brahmap/brahmppu.txt	6615	saeṣa	ae		saeṣa	UNRESOLVED	none	saeṣa
3_purana/brahmap/brahmppu.txt	7975	suvarṇadhenuanaḍvāha	ua	suvarṇadhenuanaḍvāha	suvarṇadhenuanaḍvāha	SOURCE_PRESENT	none	suvarṇadhenuanaḍvāha
3_purana/brahmap/brahmppu.txt	11663	purāṇaṛṣayo	aṛ			UNRESOLVED	none	purāṇaṛṣayo
3_purana/brahmap/brahmppu.txt	17351	payouṣṇī	ou	payouṣṇī	payouṣṇī	SOURCE_PRESENT	none	payouṣṇī
3_purana/brahmap/brahmppu.txt	17543	māsaṛtavas	aṛ			UNRESOLVED	none	māsaṛtavas
3_purana/brahmap/brahmppu.txt	18835	payouṣṇī	ou	payouṣṇī	payouṣṇī	SOURCE_PRESENT	none	payouṣṇī
3_purana/brahmap/brahmppu.txt	18867	svatoudbhūtāni	ou	svatoudbhūtāni	svatoudbhūtāni	SOURCE_PRESENT	none	svatoudbhūtāni
3_purana/brahmap/brahmppu.txt	20207	payouṣṇī	ou	payouṣṇī	payouṣṇī	SOURCE_PRESENT	none	payouṣṇī
3_purana/brahmap/brahmppu.txt	21705	tasmāai	āa	tasmāai	tasmāai	SOURCE_PRESENT	none	tasmāai
3_purana/brahmap/brahmppu.txt	23463	śrautasmārtaṛṇebhyaś	aṛ			UNRESOLVED	none	śrautasmārtaṛṇebhyaś
3_purana/brahmap/brahmppu.txt	23821	triṛṇān	iṛ	triṛṇān	triṛṇān	SOURCE_PRESENT	none	triṛṇān
3_purana/brahmap/brahmppu.txt	26835	mithyāmithyāvacouktibhiḥ	ou	mithyāmithyāvacouktibhiḥ	mithyāmithyāvacouktibhiḥ	SOURCE_PRESENT	none	mithyāmithyāvacouktibhiḥ
3_purana/brahmap/brahmppu.txt	30395	keapi	ea	keapi	keapi	SOURCE_PRESENT	none	keapi
3_purana/brahmap/brahmppu.txt	33203	matprītyāai	āa	matprītyāai	matprītyāai	SOURCE_PRESENT	none	matprītyāai
3_purana/brahmap/brahmppu.txt	36659	tasmāai	āa	tasmāai	tasmāai	SOURCE_PRESENT	none	tasmāai
3_purana/brahmap/brahmppu.txt	49095	pitāmahāity	āi	pitāmahāity	pitāmahāity	SOURCE_PRESENT	none	pitāmahāity
3_purana/brahmap/brahmppu.txt	49097	prapitāmahāiti	āi	prapitāmahāiti	prapitāmahāiti	SOURCE_PRESENT	none	prapitāmahāiti
3_purana/brahmap/brahmppu.txt	49115	māmakāiti	āi	māmakāiti	māmakāiti	SOURCE_PRESENT	none	māmakāiti
3_purana/brahmap/brahmppu.txt	50105	vyāghraṛkṣatarakṣukān	aṛ			UNRESOLVED	none	vyāghraṛkṣatarakṣukān
3_purana/brahmap/brahmppu.txt	53547	sāmaṛgyajurveda	aṛ			UNRESOLVED	none	sāmaṛgyajurveda
3_purana/brahmap/brahmppu.txt	55041	koṣṭhāākāśaṃ	āā	koṣṭhāākāśaṃ	koṣṭhāākāśaṃ	SOURCE_PRESENT	none	koṣṭhāākāśaṃ
3_purana/brndp1_u.txt	3621	sāmaṛgyajuḥ	aṛ	sāmaṛgyajuḥ	sāmaṛgyajuḥ	SOURCE_PRESENT	none	sāmaṛgyajuḥ
3_purana/brndp1_u.txt	4883	madhvādiṛtusaṃjñakaḥ	iṛ	madhvādiṛtusaṃjñakaḥ	madhvādiṛtusaṃjñakaḥ	SOURCE_PRESENT	none	madhvādiṛtusaṃjñakaḥ
3_purana/brndp1_u.txt	7955	nabhonabhasyāviṣaūrjasaṃjñau	aū	nabhonabhasyāviṣaūrjasaṃjñau	nabhonabhasyāviṣaūrjasaṃjñau	SOURCE_PRESENT	none	nabhonabhasyāviṣaūrjasaṃjñau
3_purana/brndp1_u.txt	9027	candraṛkṣagrahāḥ	aṛ	candraṛkṣagrahāḥ	candraṛkṣagrahāḥ	SOURCE_PRESENT	none	candraṛkṣagrahāḥ
3_purana/brndp1_u.txt	9371	pravarastiṣyaṛkṣe	aṛ	pravarastiṣyaṛkṣe	pravarastiṣyaṛkṣe	SOURCE_PRESENT	none	pravarastiṣyaṛkṣe
3_purana/brndp1_u.txt	10225	devaṛṣisaṃghaniṣevite	aṛ			UNRESOLVED	none	devaṛṣisaṃghaniṣevite
3_purana/brndp1_u.txt	11793	tathaivātharvaṛksāmnāṃ	aṛ	tathaivātharvaṛksāmnāṃ	tathaivātharvaṛksāmnāṃ	SOURCE_PRESENT	none	tathaivātharvaṛksāmnāṃ
3_purana/brndp1_u.txt	13785	atharvaṛgyajuḥ	aṛ	atharvaṛgyajuḥ	atharvaṛgyajuḥ	SOURCE_PRESENT	none	atharvaṛgyajuḥ
3_purana/brndp2_u.txt	11731	nānāṛddhisamākule	āṛ	nānāṛddhisamākule	nānāṛddhisamākule	SOURCE_PRESENT	none	nānāṛddhisamākule
3_purana/brndp2_u.txt	16397	rājaṛṣiḥ	aṛ	rājaṛṣiḥ	rājaṛṣiḥ	SOURCE_PRESENT	none	rājaṛṣiḥ
3_purana/brndp2_u.txt	16971	naiṛtā	iṛ	naiṛtā	naiṛtā	SOURCE_PRESENT	none	naiṛtā
3_purana/brndp3_u.txt	315	saptaṛṣīṃścāpi	aṛ	saptaṛṣīṃścāpi	saptaṛṣīṃścāpi	SOURCE_PRESENT	none	saptaṛṣīṃścāpi
3_purana/brndp3_u.txt	11961	nānāṛtusamāviṣṭā	āṛ	nānāṛtusamāviṣṭā	nānāṛtusamāviṣṭā	SOURCE_PRESENT	none	nānāṛtusamāviṣṭā
3_purana/garup1_u.txt	629	saptaṛṣīṇāṃ	aṛ	saptaṛṣīṇāṃ	saptaṛṣīṇāṃ	SOURCE_PRESENT	none	saptaṛṣīṇāṃ
3_purana/garup1_u.txt	3497	ṅaāñaṇaname	aā	ṅaāñaṇaname	ṅaāñaṇaname	SOURCE_PRESENT	none	ṅaāñaṇaname
3_purana/garup1_u.txt	3573	yathāāca	āā			UNRESOLVED	none	yathāāca
3_purana/garup1_u.txt	4741	viśvāmitraṛṣiścaiva	aṛ	viśvāmitraṛṣiścaiva	viśvāmitraṛṣiścaiva	SOURCE_PRESENT	none	viśvāmitraṛṣiścaiva
3_purana/garup1_u.txt	7064	devānbrahmaṛṣīṃścaiva	aṛ	devānbrahmaṛṣīṃścaiva	devānbrahmaṛṣīṃścaiva	SOURCE_PRESENT	none	devānbrahmaṛṣīṃścaiva
3_purana/garup1_u.txt	7994	hastādipañcaṛkṣāṇi	aṛ	hastādipañcaṛkṣāṇi	hastādipañcaṛkṣāṇi	SOURCE_PRESENT	none	hastādipañcaṛkṣāṇi
3_purana/garup1_u.txt	28516	paryukṣyaoṃ	ao			UNRESOLVED	none	paryukṣyaoṃ
3_purana/garup1_u.txt	28984	vācayiṣyeoṃ	eo			UNRESOLVED	none	vācayiṣyeoṃ
3_purana/garup1_u.txt	30848	suraṛṣirviṣṇoḥ	aṛ	suraṛṣirviṣṇoḥ	suraṛṣirviṣṇoḥ	SOURCE_PRESENT	none	suraṛṣirviṣṇoḥ
3_purana/garup3_u.txt	2083	viśvāmitraṛṣistvevaṃ	aṛ	viśvāmitraṛṣistvevaṃ	viśvāmitraṛṣistvevaṃ	SOURCE_PRESENT	none	viśvāmitraṛṣistvevaṃ
3_purana/garup3_u.txt	7519	vālmīkiṛṣiṇā	iṛ	vālmīkiṛṣiṇā	vālmīkiṛṣiṇā	SOURCE_PRESENT	none	vālmīkiṛṣiṇā
3_purana/lip_1_pu.txt	5491	śataṛgbhiḥ	aṛ	śataṛgbhiḥ	śataṛgbhiḥ	SOURCE_PRESENT	none	śataṛgbhiḥ
3_purana/lip_1_pu.txt	9387	cities	ie	cities	cities	SOURCE_PRESENT	none	cities
3_purana/lip_1_pu.txt	11259	nīcoccaṛjusaṃsthitāḥ	aṛ	nīcoccaṛjusaṃsthitāḥ	nīcoccaṛjusaṃsthitāḥ	SOURCE_PRESENT	none	nīcoccaṛjusaṃsthitāḥ
3_purana/lip_1_pu.txt	11531	candraṛkṣagrahāḥ	aṛ	candraṛkṣagrahāḥ	candraṛkṣagrahāḥ	SOURCE_PRESENT	none	candraṛkṣagrahāḥ
3_purana/lip_1_pu.txt	11615	special	ia	special	special	SOURCE_PRESENT	none	special
3_purana/lip_1_pu.txt	11729	nakṣatraṛkṣanāminyo	aṛ	nakṣatraṛkṣanāminyo	nakṣatraṛkṣanāminyo	SOURCE_PRESENT	none	nakṣatraṛkṣanāminyo
3_purana/lip_1_pu.txt	12711	childhood	oo	childhood	childhood	SOURCE_PRESENT	none	childhood
3_purana/lip_1_pu.txt	12711	youth	ou	youth	youth	SOURCE_PRESENT	none	youth
3_purana/lip_1_pu.txt	14029	reloaded	oa	reloaded	reloaded	SOURCE_PRESENT	none	reloaded
3_purana/lip_1_pu.txt	15303	creates	ea	creates	creates	SOURCE_PRESENT	none	creates
3_purana/lip_1_pu.txt	15863	creates	ea	creates	creates	SOURCE_PRESENT	none	creates
3_purana/lip_1_pu.txt	15863	creatures	ea	creatures	creatures	SOURCE_PRESENT	none	creatures
3_purana/lip_1_pu.txt	15983	creates	ea	creates	creates	SOURCE_PRESENT	none	creates
3_purana/lip_1_pu.txt	16969	mounts	ou	mounts	mounts	SOURCE_PRESENT	none	mounts
3_purana/lip_1_pu.txt	16969	chariot	io		chariot	UNRESOLVED	none	chariot
3_purana/lip_1_pu.txt	17739	deity	ei		deity	UNRESOLVED	none	deity
3_purana/lip_1_pu.txt	22279	guarantees	ua	guarantees	guarantees	SOURCE_PRESENT	none	guarantees
3_purana/lip_1_pu.txt	22279	guarantees	ee	guarantees	guarantees	SOURCE_PRESENT	none	guarantees
3_purana/lip_1_pu.txt	22279	liberation	io	liberation	liberation	SOURCE_PRESENT	none	liberation
3_purana/lip_1_pu.txt	22901	menstruation	ua	menstruation	menstruation	SOURCE_PRESENT	none	menstruation
3_purana/lip_1_pu.txt	22901	menstruation	io	menstruation	menstruation	SOURCE_PRESENT	none	menstruation
3_purana/lip_2__u.txt	1029	cakraāṅkitatanūruham	aā	cakraāṅkitatanūruham	cakraāṅkitatanūruham	SOURCE_PRESENT	none	cakraāṅkitatanūruham
3_purana/lip_2__u.txt	4335	ṣaāḍardhaśuddhirvihitā	aā	ṣaāḍardhaśuddhirvihitā	ṣaāḍardhaśuddhirvihitā	SOURCE_PRESENT	none	ṣaāḍardhaśuddhirvihitā
3_purana/lip_2__u.txt	5499	avakraā	aā	avakraā	avakraā	SOURCE_PRESENT	none	avakraā
3_purana/lip_2__u.txt	5513	avakraānirvraṇāḥ	aā	avakraānirvraṇāḥ	avakraānirvraṇāḥ	SOURCE_PRESENT	none	avakraānirvraṇāḥ
3_purana/lip_2__u.txt	5547	eendrajihvāyai	ee	eendrajihvāyai	eendrajihvāyai	SOURCE_PRESENT	none	eendrajihvāyai
3_purana/lip_2__u.txt	5621	cakraābhighāraṇaṃ	aā	cakraābhighāraṇaṃ	cakraābhighāraṇaṃ	SOURCE_PRESENT	none	cakraābhighāraṇaṃ
3_purana/lip_2__u.txt	5863	śakraāya	aā	śakraāya	śakraāya	SOURCE_PRESENT	none	śakraāya
3_purana/lip_2__u.txt	5871	śakraāya	aā	śakraāya	śakraāya	SOURCE_PRESENT	none	śakraāya
3_purana/lip_2__u.txt	5941	dhyāyedāeṅkārakhyaṃ	āe	dhyāyedāeṅkārakhyaṃ	dhyāyedāeṅkārakhyaṃ	SOURCE_PRESENT	none	dhyāyedāeṅkārakhyaṃ
3_purana/lip_2__u.txt	6049	eendravyūhasya	ee	eendravyūhasya	eendravyūhasya	SOURCE_PRESENT	none	eendravyūhasya
3_purana/lip_2__u.txt	6061	eendrāgnividisormadhye	ee	eendrāgnividisormadhye	eendrāgnividisormadhye	SOURCE_PRESENT	none	eendrāgnividisormadhye
3_purana/lip_2__u.txt	6075	eendreśeśānayormadhye	ee	eendreśeśānayormadhye	eendreśeśānayormadhye	SOURCE_PRESENT	none	eendreśeśānayormadhye
3_purana/lip_2__u.txt	6119	eendrī	ee	eendrī	eendrī	SOURCE_PRESENT	none	eendrī
3_purana/lip_2__u.txt	6233	eendrā	ee	eendrā	eendrā	SOURCE_PRESENT	none	eendrā
3_purana/lip_2__u.txt	6249	śrīkaṇṭhāentaśca	āe	śrīkaṇṭhāentaśca	śrīkaṇṭhāentaśca	SOURCE_PRESENT	none	śrīkaṇṭhāentaśca
3_purana/lip_2__u.txt	6583	vakraā	aā	vakraā	vakraā	SOURCE_PRESENT	none	vakraā
3_purana/lip_2__u.txt	6715	śukraā	aā	śukraā	śukraā	SOURCE_PRESENT	none	śukraā
3_purana/lip_2__u.txt	7197	śakraāya	aā	śakraāya	śakraāya	SOURCE_PRESENT	none	śakraāya
3_purana/lip_2__u.txt	7213	ayantaidhmaātmājātavedastene	aā	ayantaidhmaātmājātavedastene	ayantaidhmaātmājātavedastene	SOURCE_PRESENT	none	ayantaidhmaātmājātavedastene
3_purana/lip_2__u.txt	7369	dadhikraāvṇoti	aā	dadhikraāvṇoti	dadhikraāvṇoti	SOURCE_PRESENT	none	dadhikraāvṇoti
3_purana/lip_2__u.txt	7459	daśatālapramāṇaena	ae	daśatālapramāṇaena	daśatālapramāṇaena	SOURCE_PRESENT	none	daśatālapramāṇaena
3_purana/lip_2__u.txt	7855	eendrānbhogāṃściraṃ	ee	eendrānbhogāṃściraṃ	eendrānbhogāṃściraṃ	SOURCE_PRESENT	none	eendrānbhogāṃściraṃ
3_purana/lip_2__u.txt	8155	svarāeṃ	āe	svarāeṃ	svarāeṃ	SOURCE_PRESENT	none	svarāeṃ
3_purana/lip_2__u.txt	8159	svarāeṃ	āe	svarāeṃ	svarāeṃ	SOURCE_PRESENT	none	svarāeṃ
3_purana/lip_2__u.txt	8167	maharāeṃ	āe	maharāeṃ	maharāeṃ	SOURCE_PRESENT	none	maharāeṃ
3_purana/lip_2__u.txt	8317	śakraādīnāṃ	aā	śakraādīnāṃ	śakraādīnāṃ	SOURCE_PRESENT	none	śakraādīnāṃ
3_purana/lip_2__u.txt	8995	eendre	ee	eendre	eendre	SOURCE_PRESENT	none	eendre
3_purana/mkp1-93u.txt	8227	dauhitraṛtvigjāmātṛsvastrīyāḥ	aṛ	dauhitraṛtvigjāmātṛsvastrīyāḥ	dauhitraṛtvigjāmātṛsvastrīyāḥ	SOURCE_PRESENT	none	dauhitraṛtvigjāmātṛsvastrīyāḥ
3_purana/mtp176pu.txt	737	aśvaṛkṣamukhāḥ	aṛ	aśvaṛkṣamukhāḥ	aśvaṛkṣamukhāḥ	SOURCE_PRESENT	none	aśvaṛkṣamukhāḥ
3_purana/mtp176pu.txt	10905	vāśvikumāraṛkṣe	aṛ	vāśvikumāraṛkṣe	vāśvikumāraṛkṣe	SOURCE_PRESENT	none	vāśvikumāraṛkṣe
3_purana/mtp176pu.txt	11045	grīvāgniṛkṣe	iṛ	grīvāgniṛkṣe	grīvāgniṛkṣe	SOURCE_PRESENT	none	grīvāgniṛkṣe
3_purana/mtp176pu.txt	11371	pañcaviṃśatiṛtvijaḥ	iṛ	pañcaviṃśatiṛtvijaḥ	pañcaviṃśatiṛtvijaḥ	SOURCE_PRESENT	none	pañcaviṃśatiṛtvijaḥ
3_purana/mtp176pu.txt	15023	pūrvavadguruṛtvigbhya	uṛ	pūrvavadguruṛtvigbhya	pūrvavadguruṛtvigbhya	SOURCE_PRESENT	none	pūrvavadguruṛtvigbhya
3_purana/mtp176pu.txt	17165	devabrahmaṛṣīn	aṛ	devabrahmaṛṣīn	devabrahmaṛṣīn	SOURCE_PRESENT	none	devabrahmaṛṣīn
3_purana/mtp176pu.txt	26731	atharvaṛgyajuḥsāmnāṃ	aṛ	atharvaṛgyajuḥsāmnāṃ	atharvaṛgyajuḥsāmnāṃ	SOURCE_PRESENT	none	atharvaṛgyajuḥsāmnāṃ
3_purana/mtp176pu.txt	29835	trailokyaṛddhisampannaḥ	aṛ	trailokyaṛddhisampannaḥ	trailokyaṛddhisampannaḥ	SOURCE_PRESENT	none	trailokyaṛddhisampannaḥ
3_purana/nardp1_u.txt	1013	vakṣaayāmi	aa	vakṣaayāmi	vakṣaayāmi	SOURCE_PRESENT	none	vakṣaayāmi
3_purana/nardp1_u.txt	1213	aamatsarā	aa	aamatsarā	aamatsarā	SOURCE_PRESENT	none	aamatsarā
3_purana/nardp1_u.txt	1233	paricaryāparāśaaca	aa	paricaryāparāśaaca	paricaryāparāśaaca	SOURCE_PRESENT	none	paricaryāparāśaaca
3_purana/nardp1_u.txt	1253	gobrāhmaṇaśuśrūṣaāṃ	aā	gobrāhmaṇaśuśrūṣaāṃ	gobrāhmaṇaśuśrūṣaāṃ	SOURCE_PRESENT	none	gobrāhmaṇaśuśrūṣaāṃ
3_purana/nardp1_u.txt	1855	hyadṛṣṭaṛtavastathā	aṛ	hyadṛṣṭaṛtavastathā	hyadṛṣṭaṛtavastathā	SOURCE_PRESENT	none	hyadṛṣṭaṛtavastathā
3_purana/nardp1_u.txt	1961	śuśrūṣaāṃ	aā	śuśrūṣaāṃ	śuśrūṣaāṃ	SOURCE_PRESENT	none	śuśrūṣaāṃ
3_purana/nardp1_u.txt	2173	madvacaṛ	aṛ	madvacaṛ	madvacaṛ	SOURCE_PRESENT	none	madvacaṛ
3_purana/nardp1_u.txt	2727	raktāntapretakeśaiśaaca	aa	raktāntapretakeśaiśaaca	raktāntapretakeśaiśaaca	SOURCE_PRESENT	none	raktāntapretakeśaiśaaca
3_purana/nardp1_u.txt	3639	svasthaānamāvrajat	aā	svasthaānamāvrajat	svasthaānamāvrajat	SOURCE_PRESENT	none	svasthaānamāvrajat
3_purana/nardp1_u.txt	3841	etacchṛātvā	ṛā	etacchṛātvā	etacchṛātvā	SOURCE_PRESENT	none	etacchṛātvā
3_purana/nardp1_u.txt	4069	tattvaiśaavaryamanuttamam	aa	tattvaiśaavaryamanuttamam	tattvaiśaavaryamanuttamam	SOURCE_PRESENT	none	tattvaiśaavaryamanuttamam
3_purana/nardp1_u.txt	4793	caturdaśaayāṃ	aa	caturdaśaayāṃ	caturdaśaayāṃ	SOURCE_PRESENT	none	caturdaśaayāṃ
3_purana/nardp1_u.txt	4895	paśaayanti	aa	paśaayanti	paśaayanti	SOURCE_PRESENT	none	paśaayanti
3_purana/nardp1_u.txt	5313	kopālikānnabhoktṛāṇāṃ	ṛā	kopālikānnabhoktṛāṇāṃ	kopālikānnabhoktṛāṇāṃ	SOURCE_PRESENT	none	kopālikānnabhoktṛāṇāṃ
3_purana/nardp1_u.txt	5547	gṛhṇantvetāājāñjalīn	āā	gṛhṇantvetāājāñjalīn	gṛhṇantvetāājāñjalīn	SOURCE_PRESENT	none	gṛhṇantvetāājāñjalīn
3_purana/nardp1_u.txt	6281	mālatīyūthikākundacampakāśaavatthabhūṣitam	aa	mālatīyūthikākundacampakāśaavatthabhūṣitam	mālatīyūthikākundacampakāśaavatthabhūṣitam	SOURCE_PRESENT	none	mālatīyūthikākundacampakāśaavatthabhūṣitam
3_purana/nardp1_u.txt	6661	candrārdhdakṛtaśaekharam	ae	candrārdhdakṛtaśaekharam	candrārdhdakṛtaśaekharam	SOURCE_PRESENT	none	candrārdhdakṛtaśaekharam
3_purana/nardp1_u.txt	6899	phaālgunasya	aā	phaālgunasya	phaālgunasya	SOURCE_PRESENT	none	phaālgunasya
3_purana/nardp1_u.txt	6933	madhaavājyatilamiśritam	aa	madhaavājyatilamiśritam	madhaavājyatilamiśritam	SOURCE_PRESENT	none	madhaavājyatilamiśritam
3_purana/nardp1_u.txt	7631	munīśaavaraḥ	aa	munīśaavaraḥ	munīśaavaraḥ	SOURCE_PRESENT	none	munīśaavaraḥ
3_purana/nardp1_u.txt	8215	gītairvādyaiśaaca	aa	gītairvādyaiśaaca	gītairvādyaiśaaca	SOURCE_PRESENT	none	gītairvādyaiśaaca
3_purana/nardp1_u.txt	8437	niṣaapāpatāṃ	aa	niṣaapāpatāṃ	niṣaapāpatāṃ	SOURCE_PRESENT	none	niṣaapāpatāṃ
3_purana/nardp1_u.txt	8479	devasvalobhaniratāñjananāśakartṛānatrānayadhvamaparādhaparāṃśca	ṛā	devasvalobhaniratāñjananāśakartṛānatrānayadhvamaparādhaparāṃśca	devasvalobhaniratāñjananāśakartṛānatrānayadhvamaparādhaparāṃśca	SOURCE_PRESENT	none	devasvalobhaniratāñjananāśakartṛānatrānayadhvamaparādhaparāṃśca
3_purana/nardp1_u.txt	8523	sarvametanmunīśaavara	aa	sarvametanmunīśaavara	sarvametanmunīśaavara	SOURCE_PRESENT	none	sarvametanmunīśaavara
3_purana/nardp1_u.txt	8621	vānaprasthaāśramastathā	aā	vānaprasthaāśramastathā	vānaprasthaāśramastathā	SOURCE_PRESENT	none	vānaprasthaāśramastathā
3_purana/nardp1_u.txt	8773	anyathaā	aā	anyathaā	anyathaā	SOURCE_PRESENT	none	anyathaā
3_purana/nardp1_u.txt	8927	phaālgunasya	aā	phaālgunasya	phaālgunasya	SOURCE_PRESENT	none	phaālgunasya
3_purana/nardp1_u.txt	8929	phaālgunī	aā	phaālgunī	phaālgunī	SOURCE_PRESENT	none	phaālgunī
3_purana/nardp1_u.txt	8999	sthūlagulphaāṃ	aā	sthūlagulphaāṃ	sthūlagulphaāṃ	SOURCE_PRESENT	none	sthūlagulphaāṃ
3_purana/nardp1_u.txt	9201	phaālotkṛṣṭāṃ	aā	phaālotkṛṣṭāṃ	phaālotkṛṣṭāṃ	SOURCE_PRESENT	none	phaālotkṛṣṭāṃ
3_purana/nardp1_u.txt	9587	gṛhasthaāvānaprasthayatidharmnirupaṇaṃ	aā	gṛhasthaāvānaprasthayatidharmnirupaṇaṃ	gṛhasthaāvānaprasthayatidharmnirupaṇaṃ	SOURCE_PRESENT	none	gṛhasthaāvānaprasthayatidharmnirupaṇaṃ
3_purana/nardp1_u.txt	9727	viprapādāṃśaaca	aa	viprapādāṃśaaca	viprapādāṃśaaca	SOURCE_PRESENT	none	viprapādāṃśaaca
3_purana/nardp1_u.txt	9767	dhūpairdīpaiśaaca	aa	dhūpairdīpaiśaaca	dhūpairdīpaiśaaca	SOURCE_PRESENT	none	dhūpairdīpaiśaaca
3_purana/nardp1_u.txt	9813	bhakṣyairbhojyaiśaaca	aa	bhakṣyairbhojyaiśaaca	bhakṣyairbhojyaiśaaca	SOURCE_PRESENT	none	bhakṣyairbhojyaiśaaca
3_purana/nardp1_u.txt	9837	yathaācāra	aā	yathaācāra	yathaācāra	SOURCE_PRESENT	none	yathaācāra
3_purana/nardp1_u.txt	10437	naiṛtīṃ	iṛ	naiṛtīṃ	naiṛtīṃ	SOURCE_PRESENT	none	naiṛtīṃ
3_purana/nardp1_u.txt	10699	gāḍhāndhakārāśaaca	aa	gāḍhāndhakārāśaaca	gāḍhāndhakārāśaaca	SOURCE_PRESENT	none	gāḍhāndhakārāśaaca
3_purana/nardp1_u.txt	10889	sthaāvarādayaḥ	aā	sthaāvarādayaḥ	sthaāvarādayaḥ	SOURCE_PRESENT	none	sthaāvarādayaḥ
3_purana/nardp1_u.txt	10943	sthāvarādyāśaaca	aa	sthāvarādyāśaaca	sthāvarādyāśaaca	SOURCE_PRESENT	none	sthāvarādyāśaaca
3_purana/nardp1_u.txt	11781	yastvetacchṛāṇuyādvāpi	ṛā	yastvetacchṛāṇuyādvāpi	yastvetacchṛāṇuyādvāpi	SOURCE_PRESENT	none	yastvetacchṛāṇuyādvāpi
3_purana/nardp1_u.txt	12239	puṣaapitaiścaiva	aa	puṣaapitaiścaiva	puṣaapitaiścaiva	SOURCE_PRESENT	none	puṣaapitaiścaiva
3_purana/nardp1_u.txt	12987	pasaayanti	aa	pasaayanti	pasaayanti	SOURCE_PRESENT	none	pasaayanti
3_purana/nardp1_u.txt	14063	gurubhartṛāṇāmājñāmullaṅghayanti	ṛā	gurubhartṛāṇāmājñāmullaṅghayanti	gurubhartṛāṇāmājñāmullaṅghayanti	SOURCE_PRESENT	none	gurubhartṛāṇāmājñāmullaṅghayanti
3_purana/nardp1_u.txt	15723	tuṣaayati	aa	tuṣaayati	tuṣaayati	SOURCE_PRESENT	none	tuṣaayati
3_purana/nardp1_u.txt	16025	vidhaavaṃsate	aa	vidhaavaṃsate	vidhaavaṃsate	SOURCE_PRESENT	none	vidhaavaṃsate
3_purana/nardp1_u.txt	17653	śrortṛāṇāṃ	ṛā	śrortṛāṇāṃ	śrortṛāṇāṃ	SOURCE_PRESENT	none	śrortṛāṇāṃ
3_purana/nardp1_u.txt	17925	niṣaādaṃ	aā	niṣaādaṃ	niṣaādaṃ	SOURCE_PRESENT	none	niṣaādaṃ
3_purana/nardp1_u.txt	18201	iuvarṇo	iu	iuvarṇo	iuvarṇo	SOURCE_PRESENT	none	iuvarṇo
3_purana/nardp1_u.txt	18205	eo	eo	eo	eo	SOURCE_PRESENT	none	eo
3_purana/nardp1_u.txt	18229	hīīgovarṇaḥ	īī	hīīgovarṇaḥ	hīīgovarṇaḥ	SOURCE_PRESENT	none	hīīgovarṇaḥ
3_purana/nardp1_u.txt	18455	iuvarṇābhyāṃ	iu	iuvarṇābhyāṃ	iuvarṇābhyāṃ	SOURCE_PRESENT	none	iuvarṇābhyāṃ
3_purana/nardp1_u.txt	18457	proktāṛkāre	āṛ	proktāṛkāre	proktāṛkāre	SOURCE_PRESENT	none	proktāṛkāre
3_purana/nardp1_u.txt	18531	bhakṣayecchiṣaayakaḥ	aa	bhakṣayecchiṣaayakaḥ	bhakṣayecchiṣaayakaḥ	SOURCE_PRESENT	none	bhakṣayecchiṣaayakaḥ
3_purana/nardp1_u.txt	18969	udbudhaayasvāti	aa	udbudhaayasvāti	udbudhaayasvāti	SOURCE_PRESENT	none	udbudhaayasvāti
3_purana/nardp1_u.txt	19169	upatiṣaaṭatāmakṣayyasthāne	aa	upatiṣaaṭatāmakṣayyasthāne	upatiṣaaṭatāmakṣayyasthāne	SOURCE_PRESENT	none	upatiṣaaṭatāmakṣayyasthāne
3_purana/nardp1_u.txt	19211	dviśaphaikaśaphaāṃstathā	aā	dviśaphaikaśaphaāṃstathā	dviśaphaikaśaphaāṃstathā	SOURCE_PRESENT	none	dviśaphaikaśaphaāṃstathā
3_purana/nardp1_u.txt	19441	goak	oa	goak	goak	SOURCE_PRESENT	none	goak
3_purana/nardp1_u.txt	19557	bhūyādabhūdabhaviṣaayallādāvetāni	aa	bhūyādabhūdabhaviṣaayallādāvetāni	bhūyādabhūdabhaviṣaayallādāvetāni	SOURCE_PRESENT	none	bhūyādabhūdabhaviṣaayallādāvetāni
3_purana/nardp1_u.txt	19913	ñiindhīto	ii	ñiindhīto	ñiindhīto	SOURCE_PRESENT	none	ñiindhīto
3_purana/nardp1_u.txt	20161	madhaayagaṃ	aa	madhaayagaṃ	madhaayagaṃ	SOURCE_PRESENT	none	madhaayagaṃ
3_purana/nardp1_u.txt	20181	bhajecchidāeṃśaistairmiśrai	āe	bhajecchidāeṃśaistairmiśrai	bhajecchidāeṃśaistairmiśrai	SOURCE_PRESENT	none	bhajecchidāeṃśaistairmiśrai
3_purana/nardp1_u.txt	20629	śarāeṅgulaiḥ	āe	śarāeṅgulaiḥ	śarāeṅgulaiḥ	SOURCE_PRESENT	none	śarāeṅgulaiḥ
3_purana/nardp1_u.txt	20811	riḥphaāṣṭaṣaṭkaṃ	aā	riḥphaāṣṭaṣaṭkaṃ	riḥphaāṣṭaṣaṭkaṃ	SOURCE_PRESENT	none	riḥphaāṣṭaṣaṭkaṃ
3_purana/nardp1_u.txt	20845	saurāeṃtyajādhipaḥ	āe			UNRESOLVED	none	saurāeṃtyajādhipaḥ
3_purana/nardp1_u.txt	21563	syātsunaphaānaphaā	aā	syātsunaphaānaphaā	syātsunaphaānaphaā	SOURCE_PRESENT	none	syātsunaphaānaphaā
3_purana/nardp1_u.txt	21563	syātsunaphaānaphaā	aā	syātsunaphaānaphaā	syātsunaphaānaphaā	SOURCE_PRESENT	none	syātsunaphaānaphaā
3_purana/nardp1_u.txt	21567	sunaphaāyāṃ	aā	sunaphaāyāṃ	sunaphaāyāṃ	SOURCE_PRESENT	none	sunaphaāyāṃ
3_purana/nardp1_u.txt	21569	suveṣaścānaphaābhavaḥ	aā	suveṣaścānaphaābhavaḥ	suveṣaścānaphaābhavaḥ	SOURCE_PRESENT	none	suveṣaścānaphaābhavaḥ
3_purana/nardp1_u.txt	21763	alpāgnikāmastīkṣṇorauīṣyustatrimadojñarave	uī	alpāgnikāmastīkṣṇorauīṣyustatrimadojñarave	alpāgnikāmastīkṣṇorauīṣyustatrimadojñarave	SOURCE_PRESENT	none	alpāgnikāmastīkṣṇorauīṣyustatrimadojñarave
3_purana/nardp1_u.txt	21769	kṣudrāeṃgahīno	āe			UNRESOLVED	none	kṣudrāeṃgahīno
3_purana/nardp1_u.txt	22053	himoṣaaṇakarayoḥ	aa	himoṣaaṇakarayoḥ	himoṣaaṇakarayoḥ	SOURCE_PRESENT	none	himoṣaaṇakarayoḥ
3_purana/nardp1_u.txt	22109	modāentenuditāṃśasya	āe	modāentenuditāṃśasya	modāentenuditāṃśasya	SOURCE_PRESENT	none	modāentenuditāṃśasya
3_purana/nardp1_u.txt	22221	nānāratnakarāeñcitaḥ	āe	nānāratnakarāeñcitaḥ	nānāratnakarāeñcitaḥ	SOURCE_PRESENT	none	nānāratnakarāeñcitaḥ
3_purana/nardp1_u.txt	22363	phaālgunyorudito	aā	phaālgunyorudito	phaālgunyorudito	SOURCE_PRESENT	none	phaālgunyorudito
3_purana/nardp1_u.txt	22381	avṛṣaaṭidaścaranbhaumo	aa	avṛṣaaṭidaścaranbhaumo	avṛṣaaṭidaścaranbhaumo	SOURCE_PRESENT	none	avṛṣaaṭidaścaranbhaumo
3_purana/nardp1_u.txt	22389	anāvṛṣṭāgnibhayakṛdanarthanṛpavigrahaṛ	aṛ	anāvṛṣṭāgnibhayakṛdanarthanṛpavigrahaṛ	anāvṛṣṭāgnibhayakṛdanarthanṛpavigrahaṛ	SOURCE_PRESENT	none	anāvṛṣṭāgnibhayakṛdanarthanṛpavigrahaṛ
3_purana/nardp1_u.txt	22451	phaālguno	aā	phaālguno	phaālguno	SOURCE_PRESENT	none	phaālguno
3_purana/nardp1_u.txt	22795	ṣaṣaaṭyāṃ	aa	ṣaṣaaṭyāṃ	ṣaṣaaṭyāṃ	SOURCE_PRESENT	none	ṣaṣaaṭyāṃ
3_purana/nardp1_u.txt	22837	phaālgune	aā	phaālgune	phaālgune	SOURCE_PRESENT	none	phaālgune
3_purana/nardp1_u.txt	23039	rāmāgniṛtubāṇāgnibhūvedāgniśareṣu	iṛ	rāmāgniṛtubāṇāgnibhūvedāgniśareṣu	rāmāgniṛtubāṇāgnibhūvedāgniśareṣu	SOURCE_PRESENT	none	rāmāgniṛtubāṇāgnibhūvedāgniśareṣu
3_purana/nardp1_u.txt	23091	gaṇḍātigaṇḍayāīḥ	āī	gaṇḍātigaṇḍayāīḥ	gaṇḍātigaṇḍayāīḥ	SOURCE_PRESENT	none	gaṇḍātigaṇḍayāīḥ
3_purana/nardp1_u.txt	23169	saviṣaaṇubheṣu	aa	saviṣaaṇubheṣu	saviṣaaṇubheṣu	SOURCE_PRESENT	none	saviṣaaṇubheṣu
3_purana/nardp1_u.txt	23259	iṣaavāsatomarau	aa	iṣaavāsatomarau	iṣaavāsatomarau	SOURCE_PRESENT	none	iṣaavāsatomarau
3_purana/nardp1_u.txt	23329	vidhaayate	aa	vidhaayate	vidhaayate	SOURCE_PRESENT	none	vidhaayate
3_purana/nardp1_u.txt	23707	śaākhādhipatilagnaṃ	aā	śaākhādhipatilagnaṃ	śaākhādhipatilagnaṃ	SOURCE_PRESENT	none	śaākhādhipatilagnaṃ
3_purana/nardp1_u.txt	23749	vasaṃtaṛtunā	aṛ	vasaṃtaṛtunā	vasaṃtaṛtunā	SOURCE_PRESENT	none	vasaṃtaṛtunā
3_purana/nardp1_u.txt	23901	māghaphaālgunavaiśākhajyeṣṭamāsāḥ	aā	māghaphaālgunavaiśākhajyeṣṭamāsāḥ	māghaphaālgunavaiśākhajyeṣṭamāsāḥ	SOURCE_PRESENT	none	māghaphaālgunavaiśākhajyeṣṭamāsāḥ
3_purana/nardp1_u.txt	23985	riṣaaphaṣaḍaṣṭendugato	aa	riṣaaphaṣaḍaṣṭendugato	riṣaaphaṣaḍaṣṭendugato	SOURCE_PRESENT	none	riṣaaphaṣaḍaṣṭendugato
3_purana/nardp1_u.txt	24223	rāśīśayonirvarṇākhyaṛtavaḥ	aṛ	rāśīśayonirvarṇākhyaṛtavaḥ	rāśīśayonirvarṇākhyaṛtavaḥ	SOURCE_PRESENT	none	rāśīśayonirvarṇākhyaṛtavaḥ
3_purana/nardp1_u.txt	24471	saumyaphaālgunavaiśākhamāghaśrāvaṇakārtikāḥ	aā	saumyaphaālgunavaiśākhamāghaśrāvaṇakārtikāḥ	saumyaphaālgunavaiśākhamāghaśrāvaṇakārtikāḥ	SOURCE_PRESENT	none	saumyaphaālgunavaiśākhamāghaśrāvaṇakārtikāḥ
3_purana/nardp1_u.txt	24757	rāhurnaiṛtyāṃ	iṛ	rāhurnaiṛtyāṃ	rāhurnaiṛtyāṃ	SOURCE_PRESENT	none	rāhurnaiṛtyāṃ
3_purana/nardp1_u.txt	25043	kapiṛkṣayoḥ	iṛ	kapiṛkṣayoḥ	kapiṛkṣayoḥ	SOURCE_PRESENT	none	kapiṛkṣayoḥ
3_purana/nardp1_u.txt	25065	gandhapuṣaapākṣatacchatracāmarāndolikaṃ	aa	gandhapuṣaapākṣatacchatracāmarāndolikaṃ	gandhapuṣaapākṣatacchatracāmarāndolikaṃ	SOURCE_PRESENT	none	gandhapuṣaapākṣatacchatracāmarāndolikaṃ
3_purana/nardp1_u.txt	25093	māghaphaālgunavaiśākhajyeṣṭamāseṣu	aā	māghaphaālgunavaiśākhajyeṣṭamāseṣu	māghaphaālgunavaiśākhajyeṣṭamāseṣu	SOURCE_PRESENT	none	māghaphaālgunavaiśākhajyeṣṭamāseṣu
3_purana/nardp1_u.txt	25287	bhaādigaḥ	aā	bhaādigaḥ	bhaādigaḥ	SOURCE_PRESENT	none	bhaādigaḥ
3_purana/nardp1_u.txt	25601	kakṣaāṃ	aā	kakṣaāṃ	kakṣaāṃ	SOURCE_PRESENT	none	kakṣaāṃ
3_purana/nardp1_u.txt	26823	sahaojobalāya	ao	sahaojobalāya	sahaojobalāya	SOURCE_PRESENT	none	sahaojobalāya
3_purana/nardp1_u.txt	27169	karaṇādiprayoktṛātvaṃ	ṛā	karaṇādiprayoktṛātvaṃ	karaṇādiprayoktṛātvaṃ	SOURCE_PRESENT	none	karaṇādiprayoktṛātvaṃ
3_purana/nardp1_u.txt	27639	pañcaṣaṣaaṭyarṇamārabhya	aa	pañcaṣaṣaaṭyarṇamārabhya	pañcaṣaṣaaṭyarṇamārabhya	SOURCE_PRESENT	none	pañcaṣaṣaaṭyarṇamārabhya
3_purana/nardp1_u.txt	27785	bhaktyābhīṣaaṭārthamādṛtaḥ	aa	bhaktyābhīṣaaṭārthamādṛtaḥ	bhaktyābhīṣaaṭārthamādṛtaḥ	SOURCE_PRESENT	none	bhaktyābhīṣaaṭārthamādṛtaḥ
3_purana/nardp1_u.txt	27861	'stvityakṣarāndadyāttataṛ	aṛ	'stvityakṣarāndadyāttataṛ	'stvityakṣarāndadyāttataṛ	SOURCE_PRESENT	none	'stvityakṣarāndadyāttataṛ
3_purana/nardp1_u.txt	28051	ḍādiphaāntārṇapatrake	aā	ḍādiphaāntārṇapatrake	ḍādiphaāntārṇapatrake	SOURCE_PRESENT	none	ḍādiphaāntārṇapatrake
3_purana/nardp1_u.txt	28859	ravātmasthaāya	aā	ravātmasthaāya	ravātmasthaāya	SOURCE_PRESENT	none	ravātmasthaāya
3_purana/nardp1_u.txt	29203	śṛṇuṣaava	aa	śṛṇuṣaava	śṛṇuṣaava	SOURCE_PRESENT	none	śṛṇuṣaava
3_purana/nardp1_u.txt	29363	pūrvādicaturdikṣaavarcayetkramāt	aa	pūrvādicaturdikṣaavarcayetkramāt	pūrvādicaturdikṣaavarcayetkramāt	SOURCE_PRESENT	none	pūrvādicaturdikṣaavarcayetkramāt
3_purana/nardp1_u.txt	30131	phaāntaḥ	aā	phaāntaḥ	phaāntaḥ	SOURCE_PRESENT	none	phaāntaḥ
3_purana/nardp1_u.txt	30561	kṛṣaaṇaścātra	aa	kṛṣaaṇaścātra	kṛṣaaṇaścātra	SOURCE_PRESENT	none	kṛṣaaṇaścātra
3_purana/nardp1_u.txt	31269	ghaṛtāktarjuhuyādvahnau	aṛ	ghaṛtāktarjuhuyādvahnau	ghaṛtāktarjuhuyādvahnau	SOURCE_PRESENT	none	ghaṛtāktarjuhuyādvahnau
3_purana/nardp1_u.txt	31883	hiraṇaayagarbharūpa	aa	hiraṇaayagarbharūpa	hiraṇaayagarbharūpa	SOURCE_PRESENT	none	hiraṇaayagarbharūpa
3_purana/nardp1_u.txt	32057	kumudāeṃjanaḥ	āe			UNRESOLVED	none	kumudāeṃjanaḥ
3_purana/nardp1_u.txt	32353	prayogakartṛāṇāṃ	ṛā	prayogakartṛāṇāṃ	prayogakartṛāṇāṃ	SOURCE_PRESENT	none	prayogakartṛāṇāṃ
3_purana/nardp1_u.txt	32793	śakraṛ	aṛ	śakraṛ	śakraṛ	SOURCE_PRESENT	none	śakraṛ
3_purana/nardp1_u.txt	32945	hasaphaāgniniśādhīśāḥdvitīyaṃ	aā	hasaphaāgniniśādhīśāḥdvitīyaṃ	hasaphaāgniniśādhīśāḥdvitīyaṃ	SOURCE_PRESENT	none	hasaphaāgniniśādhīśāḥdvitīyaṃ
3_purana/nardp1_u.txt	32947	svaphaāgnayo	aā	svaphaāgnayo	svaphaāgnayo	SOURCE_PRESENT	none	svaphaāgnayo
3_purana/nardp1_u.txt	33857	sphaāṭike	aā	sphaāṭike	sphaāṭike	SOURCE_PRESENT	none	sphaāṭike
3_purana/nardp1_u.txt	33961	manorathaāḥ	aā	manorathaāḥ	manorathaāḥ	SOURCE_PRESENT	none	manorathaāḥ
3_purana/nardp1_u.txt	33967	ghaṛtaṃ	aṛ	ghaṛtaṃ	ghaṛtaṃ	SOURCE_PRESENT	none	ghaṛtaṃ
3_purana/nardp1_u.txt	34661	mudrikodarabandhādyairmāaiñjīnūpurakādibhiḥ	āa	mudrikodarabandhādyairmāaiñjīnūpurakādibhiḥ	mudrikodarabandhādyairmāaiñjīnūpurakādibhiḥ	SOURCE_PRESENT	none	mudrikodarabandhādyairmāaiñjīnūpurakādibhiḥ
3_purana/nardp1_u.txt	35517	sphaāṭikaṃ	aā	sphaāṭikaṃ	sphaāṭikaṃ	SOURCE_PRESENT	none	sphaāṭikaṃ
3_purana/nardp1_u.txt	35809	śaṅkaraṛ	aṛ	śaṅkaraṛ	śaṅkaraṛ	SOURCE_PRESENT	none	śaṅkaraṛ
3_purana/nardp1_u.txt	36047	śephaālīstabakamatho	aā	śephaālīstabakamatho	śephaālīstabakamatho	SOURCE_PRESENT	none	śephaālīstabakamatho
3_purana/nardp1_u.txt	36105	anekaphalabhoktṛātvādvānarastu	ṛā	anekaphalabhoktṛātvādvānarastu	anekaphalabhoktṛātvādvānarastu	SOURCE_PRESENT	none	anekaphalabhoktṛātvādvānarastu
3_purana/nardp1_u.txt	36369	traivarṇikānāmuditaṛ	aṛ	traivarṇikānāmuditaṛ	traivarṇikānāmuditaṛ	SOURCE_PRESENT	none	traivarṇikānāmuditaṛ
3_purana/nardp1_u.txt	38135	dakṣorddhvasphaāṭikīṃ	aā	dakṣorddhvasphaāṭikīṃ	dakṣorddhvasphaāṭikīṃ	SOURCE_PRESENT	none	dakṣorddhvasphaāṭikīṃ
3_purana/nardp1_u.txt	38189	anayornāradaṛṣiśchandastūṣṇiganuṣṭubhau	aṛ	anayornāradaṛṣiśchandastūṣṇiganuṣṭubhau	anayornāradaṛṣiśchandastūṣṇiganuṣṭubhau	SOURCE_PRESENT	none	anayornāradaṛṣiśchandastūṣṇiganuṣṭubhau
3_purana/nardp1_u.txt	38503	śaunakaṛṣirvirāṭ	aṛ	śaunakaṛṣirvirāṭ	śaunakaṛṣirvirāṭ	SOURCE_PRESENT	none	śaunakaṛṣirvirāṭ
3_purana/nardp1_u.txt	38623	startṛāṇāṃ	ṛā	startṛāṇāṃ	startṛāṇāṃ	SOURCE_PRESENT	none	startṛāṇāṃ
3_purana/nardp1_u.txt	39765	aṣaaṭottarasahasraṃ	aa	aṣaaṭottarasahasraṃ	aṣaaṭottarasahasraṃ	SOURCE_PRESENT	none	aṣaaṭottarasahasraṃ
3_purana/nardp1_u.txt	40091	brahmaśirāeṅkitā	āe	brahmaśirāeṅkitā	brahmaśirāeṅkitā	SOURCE_PRESENT	none	brahmaśirāeṅkitā
3_purana/nardp1_u.txt	40211	mantraṛṣiḥ	aṛ	mantraṛṣiḥ	mantraṛṣiḥ	SOURCE_PRESENT	none	mantraṛṣiḥ
3_purana/nardp1_u.txt	40395	smartṛāṇāṃ	ṛā	smartṛāṇāṃ	smartṛāṇāṃ	SOURCE_PRESENT	none	smartṛāṇāṃ
3_purana/nardp1_u.txt	40841	ḍādiphaāntārṇapūrvakam	aā	ḍādiphaāntārṇapūrvakam	ḍādiphaāntārṇapūrvakam	SOURCE_PRESENT	none	ḍādiphaāntārṇapūrvakam
3_purana/nardp1_u.txt	41047	rephaānugrahabinduyuk	aā	rephaānugrahabinduyuk	rephaānugrahabinduyuk	SOURCE_PRESENT	none	rephaānugrahabinduyuk
3_purana/nardp1_u.txt	41095	mantraṛṣiṃ	aṛ	mantraṛṣiṃ	mantraṛṣiṃ	SOURCE_PRESENT	none	mantraṛṣiṃ
3_purana/nardp1_u.txt	41249	punarvāgakātmamādyāstisraeva	ae	punarvāgakātmamādyāstisraeva	punarvāgakātmamādyāstisraeva	SOURCE_PRESENT	none	punarvāgakātmamādyāstisraeva
3_purana/nardp1_u.txt	41705	sphaāramukhaṃ	aā	sphaāramukhaṃ	sphaāramukhaṃ	SOURCE_PRESENT	none	sphaāramukhaṃ
3_purana/nardp1_u.txt	44125	tanniphaālanam	aā	tanniphaālanam	tanniphaālanam	SOURCE_PRESENT	none	tanniphaālanam
3_purana/nardp1_u.txt	44249	phaālgunyāṃ	aā	phaālgunyāṃ	phaālgunyāṃ	SOURCE_PRESENT	none	phaālgunyāṃ
3_purana/nardp1_u.txt	44495	sugandhiśephaālīkusumādyaiḥ	aā	sugandhiśephaālīkusumādyaiḥ	sugandhiśephaālīkusumādyaiḥ	SOURCE_PRESENT	none	sugandhiśephaālīkusumādyaiḥ
3_purana/nardp1_u.txt	44667	hāeṃmātkauśikairmadhumiśritaiḥ	āe	hāeṃmātkauśikairmadhumiśritaiḥ	hāeṃmātkauśikairmadhumiśritaiḥ	SOURCE_PRESENT	none	hāeṃmātkauśikairmadhumiśritaiḥ
3_purana/nardp1_u.txt	44777	sugandhiśiphaālikayā	aā	sugandhiśiphaālikayā	sugandhiśiphaālikayā	SOURCE_PRESENT	none	sugandhiśiphaālikayā
3_purana/nardp1_u.txt	45709	rephaādivyañjanaiḥ	aā	rephaādivyañjanaiḥ	rephaādivyañjanaiḥ	SOURCE_PRESENT	none	rephaādivyañjanaiḥ
3_purana/nardp1_u.txt	45731	rephaādivyañjanollāsiṣaṭkoṇābhivṛtaṃ	aā	rephaādivyañjanollāsiṣaṭkoṇābhivṛtaṃ	rephaādivyañjanollāsiṣaṭkoṇābhivṛtaṃ	SOURCE_PRESENT	none	rephaādivyañjanollāsiṣaṭkoṇābhivṛtaṃ
3_purana/nardp1_u.txt	46087	marīcyādiṛṣibhyastu	iṛ	marīcyādiṛṣibhyastu	marīcyādiṛṣibhyastu	SOURCE_PRESENT	none	marīcyādiṛṣibhyastu
3_purana/nardp1_u.txt	46417	nidāghaṛbhusaṃvādo	aṛ	nidāghaṛbhusaṃvādo	nidāghaṛbhusaṃvādo	SOURCE_PRESENT	none	nidāghaṛbhusaṃvādo
3_purana/nardp1_u.txt	46455	ṣaṣṭhāeṃśaḥ	āe			UNRESOLVED	none	ṣaṣṭhāeṃśaḥ
3_purana/nardp1_u.txt	47193	phaālgunyāṃ	aā	phaālgunyāṃ	phaālgunyāṃ	SOURCE_PRESENT	none	phaālgunyāṃ
3_purana/nardp1_u.txt	47633	punarāeṅkāra	āe	punarāeṅkāra	punarāeṅkāra	SOURCE_PRESENT	none	punarāeṅkāra
3_purana/nardp1_u.txt	47871	ṣaāḍliṅgaṃ	aā	ṣaāḍliṅgaṃ	ṣaāḍliṅgaṃ	SOURCE_PRESENT	none	ṣaāḍliṅgaṃ
3_purana/nardp1_u.txt	48409	pārvatīṛṣisaṃvādastathairodvāhamaṅgalam	īṛ	pārvatīṛṣisaṃvādastathairodvāhamaṅgalam	pārvatīṛṣisaṃvādastathairodvāhamaṅgalam	SOURCE_PRESENT	none	pārvatīṛṣisaṃvādastathairodvāhamaṅgalam
3_purana/nardp1_u.txt	48499	grahayajñastathaā	aā	grahayajñastathaā	grahayajñastathaā	SOURCE_PRESENT	none	grahayajñastathaā
3_purana/nardp1_u.txt	48935	phaālgunaśuklādau	aā	phaālgunaśuklādau	phaālgunaśuklādau	SOURCE_PRESENT	none	phaālgunaśuklādau
3_purana/nardp1_u.txt	49077	phaālgunaśuklāyā	aā	phaālgunaśuklāyā	phaālgunaśuklāyā	SOURCE_PRESENT	none	phaālgunaśuklāyā
3_purana/nardp1_u.txt	49343	phaālgunasya	aā	phaālgunasya	phaālgunasya	SOURCE_PRESENT	none	phaālgunasya
3_purana/nardp1_u.txt	49703	phaālgune	aā	phaālgune	phaālgune	SOURCE_PRESENT	none	phaālgune
3_purana/nardp1_u.txt	49867	kuśānvipraṛṣīnsapta	aṛ	kuśānvipraṛṣīnsapta	kuśānvipraṛṣīnsapta	SOURCE_PRESENT	none	kuśānvipraṛṣīnsapta
3_purana/nardp1_u.txt	49897	ṭhasahastomāiti	āi			UNRESOLVED	none	ṭhasahastomāiti
3_purana/nardp1_u.txt	50167	phaālgune	aā	phaālgune	phaālgune	SOURCE_PRESENT	none	phaālgune
3_purana/nardp1_u.txt	50225	vidhaānaṃ	aā	vidhaānaṃ	vidhaānaṃ	SOURCE_PRESENT	none	vidhaānaṃ
3_purana/nardp1_u.txt	50269	caitatkartṛāṇāṃ	ṛā	caitatkartṛāṇāṃ	caitatkartṛāṇāṃ	SOURCE_PRESENT	none	caitatkartṛāṇāṃ
3_purana/nardp1_u.txt	50843	phaālgune	aā	phaālgune	phaālgune	SOURCE_PRESENT	none	phaālgune
3_purana/nardp1_u.txt	50847	phaālgunasya	aā	phaālgunasya	phaālgunasya	SOURCE_PRESENT	none	phaālgunasya
3_purana/nardp1_u.txt	50851	phaālgunāparapakṣe	aā	phaālgunāparapakṣe	phaālgunāparapakṣe	SOURCE_PRESENT	none	phaālgunāparapakṣe
3_purana/nardp1_u.txt	51001	phaālgunāmalapakṣasya	aā	phaālgunāmalapakṣasya	phaālgunāmalapakṣasya	SOURCE_PRESENT	none	phaālgunāmalapakṣasya
3_purana/nardp1_u.txt	51585	phaālgunasya	aā	phaālgunasya	phaālgunasya	SOURCE_PRESENT	none	phaālgunasya
3_purana/nardp1_u.txt	51627	varjayedvaiṣṇavaṛ	aṛ	varjayedvaiṣṇavaṛ	varjayedvaiṣṇavaṛ	SOURCE_PRESENT	none	varjayedvaiṣṇavaṛ
3_purana/nardp1_u.txt	51969	phaāṇitamuttamam	aā	phaāṇitamuttamam	phaāṇitamuttamam	SOURCE_PRESENT	none	phaāṇitamuttamam
3_purana/nardp1_u.txt	52131	athātaṛ	aṛ	athātaṛ	athātaṛ	SOURCE_PRESENT	none	athātaṛ
3_purana/nardp1_u.txt	52429	phaālgune	aā	phaālgune	phaālgune	SOURCE_PRESENT	none	phaālgune
3_purana/nardp1_u.txt	52719	kartṛāṇāmupadeṣṭṛāṇāṃ	ṛā	kartṛāṇāmupadeṣṭṛāṇāṃ	kartṛāṇāmupadeṣṭṛāṇāṃ	SOURCE_PRESENT	none	kartṛāṇāmupadeṣṭṛāṇāṃ
3_purana/nardp1_u.txt	52719	kartṛāṇāmupadeṣṭṛāṇāṃ	ṛā	kartṛāṇāmupadeṣṭṛāṇāṃ	kartṛāṇāmupadeṣṭṛāṇāṃ	SOURCE_PRESENT	none	kartṛāṇāmupadeṣṭṛāṇāṃ
3_purana/nardp1_u.txt	53085	phaālgune	aā	phaālgune	phaālgune	SOURCE_PRESENT	none	phaālgune
3_purana/nardp1_u.txt	53157	phaālgune	aā	phaālgune	phaālgune	SOURCE_PRESENT	none	phaālgune
3_purana/narsippu.txt	509	tatoūrdhvasrotasāṃ	oū	tatoūrdhvasrotasāṃ	tatoūrdhvasrotasāṃ	SOURCE_PRESENT	none	tatoūrdhvasrotasāṃ
3_purana/narsippu.txt	1143	nānāṛṣiniṣevitam	āṛ	nānāṛṣiniṣevitam	nānāṛṣiniṣevitam	SOURCE_PRESENT	none	nānāṛṣiniṣevitam
3_purana/narsippu.txt	1927	śrīdharāacyuta	āa	śrīdharāacyuta	śrīdharāacyuta	SOURCE_PRESENT	none	śrīdharāacyuta
3_purana/narsippu.txt	2855	suraṛṣiviṣṇoḥ	aṛ	suraṛṣiviṣṇoḥ	suraṛṣiviṣṇoḥ	SOURCE_PRESENT	none	suraṛṣiviṣṇoḥ
3_purana/narsippu.txt	8539	nānāṛṣiniṣevitam	āṛ	nānāṛṣiniṣevitam	nānāṛṣiniṣevitam	SOURCE_PRESENT	none	nānāṛṣiniṣevitam
3_purana/narsippu.txt	9209	tapasaānītā	aā	tapasaānītā	tapasaānītā	SOURCE_PRESENT	none	tapasaānītā
3_purana/narsippu.txt	10565	kaṛnanāsayoḥ	aṛ	kaṛnanāsayoḥ	kaṛnanāsayoḥ	SOURCE_PRESENT	none	kaṛnanāsayoḥ
3_purana/narsippu.txt	10913	kṛīḍāvanam	ṛī	kṛīḍāvanam	kṛīḍāvanam	SOURCE_PRESENT	none	kṛīḍāvanam
3_purana/narsippu.txt	10979	pavanaātmajena	aā	pavanaātmajena	pavanaātmajena	SOURCE_PRESENT	none	pavanaātmajena
3_purana/narsippu.txt	12291	sāumyāṃ	āu	sāumyāṃ	sāumyāṃ	SOURCE_PRESENT	none	sāumyāṃ
3_purana/narsippu.txt	12645	pakṣiahipreṣyanāmnīṃ	ia	pakṣiahipreṣyanāmnīṃ	pakṣiahipreṣyanāmnīṃ	SOURCE_PRESENT	none	pakṣiahipreṣyanāmnīṃ
3_purana/narsippu.txt	14097	padmarajoupamam	ou	padmarajoupamam	padmarajoupamam	SOURCE_PRESENT	none	padmarajoupamam
3_purana/narsippu.txt	14369	viśvaīśaṃ	aī	viśvaīśaṃ	viśvaīśaṃ	SOURCE_PRESENT	none	viśvaīśaṃ
3_purana/sivap7_u.txt	3217	rājaṛṣayo	aṛ	rājaṛṣayo	rājaṛṣayo	SOURCE_PRESENT	none	rājaṛṣayo
3_purana/sivap7_u.txt	3783	sudarbhaṛtusaṃstīrṇaṃ	aṛ	sudarbhaṛtusaṃstīrṇaṃ	sudarbhaṛtusaṃstīrṇaṃ	SOURCE_PRESENT	none	sudarbhaṛtusaṃstīrṇaṃ
3_purana/skp031pu.txt	1251	saviṣṇuṛṣicāraṇāḥ	uṛ	saviṣṇuṛṣicāraṇāḥ	saviṣṇuṛṣicāraṇāḥ	SOURCE_PRESENT	none	saviṣṇuṛṣicāraṇāḥ
3_purana/skp031pu.txt	3847	devaṛṣī	aṛ	devaṛṣī	devaṛṣī	SOURCE_PRESENT	none	devaṛṣī
3_purana/skp031pu.txt	4109	saptaṛṣaye	aṛ	saptaṛṣaye	saptaṛṣaye	SOURCE_PRESENT	none	saptaṛṣaye
3_purana/skp031pu.txt	6427	saptaṛcaṃ	aṛ	saptaṛcaṃ	saptaṛcaṃ	SOURCE_PRESENT	none	saptaṛcaṃ
3_purana/skprevku.txt	253	thamārkaṇḍaṛṣibhiḥ	aṛ			UNRESOLVED	none	thamārkaṇḍaṛṣibhiḥ
3_purana/skprevku.txt	1553	saptaṛṣir	aṛ	saptaṛṣir	saptaṛṣir	SOURCE_PRESENT	none	saptaṛṣir
3_purana/skprevku.txt	1977	maitreyaṛṣyaśṛṅgo	aṛ	maitreyaṛṣyaśṛṅgo	maitreyaṛṣyaśṛṅgo	SOURCE_PRESENT	none	maitreyaṛṣyaśṛṅgo
3_purana/skprevku.txt	3503	svaārthe	aā	svaārthe	svaārthe	SOURCE_PRESENT	none	svaārthe
3_purana/skprevku.txt	5289	nānāṛkṣāṇi	āṛ	nānāṛkṣāṇi	nānāṛkṣāṇi	SOURCE_PRESENT	none	nānāṛkṣāṇi
3_purana/skprevku.txt	18275	nyagrodhaṛkṣavarṇaḥ	aṛ	nyagrodhaṛkṣavarṇaḥ	nyagrodhaṛkṣavarṇaḥ	SOURCE_PRESENT	none	nyagrodhaṛkṣavarṇaḥ
3_purana/skprevku.txt	23255	parayaā	aā	parayaā	parayaā	SOURCE_PRESENT	none	parayaā
3_purana/vamp__u.txt	2297	śyenacakraāhvamaṇḍitā	aā	śyenacakraāhvamaṇḍitā	śyenacakraāhvamaṇḍitā	SOURCE_PRESENT	none	śyenacakraāhvamaṇḍitā
3_purana/vamp__u.txt	2305	āgulphaādavamajjantaḥ	aā	āgulphaādavamajjantaḥ	āgulphaādavamajjantaḥ	SOURCE_PRESENT	none	āgulphaādavamajjantaḥ
3_purana/vamp__u.txt	3897	cakraāśca	aā	cakraāśca	cakraāśca	SOURCE_PRESENT	none	cakraāśca
3_purana/vamp__u.txt	3909	cakraāhvo	aā	cakraāhvo	cakraāhvo	SOURCE_PRESENT	none	cakraāhvo
3_purana/vamp__u.txt	5705	mṛgaśiroṛkṣe	oṛ	mṛgaśiroṛkṣe	mṛgaśiroṛkṣe	SOURCE_PRESENT	none	mṛgaśiroṛkṣe
3_purana/vamp__u.txt	10589	saṛtadhvajaḥ	aṛ		saṛtadhvajaḥ	UNRESOLVED	none	saṛtadhvajaḥ
3_purana/vamp__u.txt	13929	naiṛtāṃś	iṛ	naiṛtāṃś	naiṛtāṃś	SOURCE_PRESENT	none	naiṛtāṃś
3_purana/vamp__u.txt	14847	saṛtvijaḥ	aṛ	saṛtvijaḥ	saṛtvijaḥ	SOURCE_PRESENT	none	saṛtvijaḥ
3_purana/vamp__u.txt	14859	somārkaṛkṣair	aṛ	somārkaṛkṣair	somārkaṛkṣair	SOURCE_PRESENT	none	somārkaṛkṣair
3_purana/vd2127_u.txt	9	nāapnoti	āa	nāapnoti	nāapnoti	SOURCE_PRESENT	none	nāapnoti
3_purana/vipce_pu.txt	501	tamoudrekī	ou	tamoudrekī	tamoudrekī	SOURCE_PRESENT	none	tamoudrekī
3_purana/vipce_pu.txt	963	tamoudriktā	ou	tamoudriktā	tamoudriktā	SOURCE_PRESENT	none	tamoudriktā
3_purana/vipce_pu.txt	6663	śītaambhaś	aa	śītaambhaś	śītaambhaś	SOURCE_PRESENT	none	śītaambhaś
3_purana/vipce_pu.txt	8829	aśeṣaṛtvik	aṛ			UNRESOLVED	none	aśeṣaṛtvik
3_purana/vipce_pu.txt	13395	ādibhūtaṛgyajuḥsāmādimayo	aṛ			UNRESOLVED	none	ādibhūtaṛgyajuḥsāmādimayo
3_purana/vipce_pu.txt	14223	evamādiatulabalaparākramair	ia	evamādiatulabalaparākramair	evamādiatulabalaparākramair	SOURCE_PRESENT	none	evamādiatulabalaparākramair
3_purana/vipce_pu.txt	15457	bhagavatāeva	āe	bhagavatāeva	bhagavatāeva	SOURCE_PRESENT	none	bhagavatāeva
3_purana/vipce_pu.txt	15899	asyātiṛjumater	iṛ	asyātiṛjumater	asyātiṛjumater	SOURCE_PRESENT	none	asyātiṛjumater
3_purana/vipce_pu.txt	16499	asyāudarodbhavān	āu	asyāudarodbhavān	asyāudarodbhavān	SOURCE_PRESENT	none	asyāudarodbhavān
3_purana/vipce_pu.txt	19357	eṣaeṣa	ae	eṣaeṣa	eṣaeṣa	SOURCE_PRESENT	none	eṣaeṣa
3_purana/vipce_pu.txt	23229	saevākarṣati	ae	saevākarṣati	saevākarṣati	SOURCE_PRESENT	none	saevākarṣati
3_purana/vipce_pu.txt	23739	sāmaṛgyajurvedaviniṣpādanahaitukī	aṛ			UNRESOLVED	none	sāmaṛgyajurvedaviniṣpādanahaitukī
4_rellit/buddh/asmahsuu.txt	137	tasmādaābhiprāyikenānena	aā		tasmādaābhiprāyikenānena	UNRESOLVED	none	tasmādaābhiprāyikenānena
4_rellit/buddh/asmahsuu.txt	149	buddhavacanamitie	ie	buddhavacanamitie	buddhavacanamitie	SOURCE_PRESENT	none	buddhavacanamitie
4_rellit/buddh/asmahsuu.txt	223	dharmatāaprātilambhikaṃ	āa	dharmatāaprātilambhikaṃ	dharmatāaprātilambhikaṃ	SOURCE_PRESENT	none	dharmatāaprātilambhikaṃ
4_rellit/buddh/asmahsuu.txt	627	duḥkhiuto	iu	duḥkhiuto	duḥkhiuto	SOURCE_PRESENT	none	duḥkhiuto
4_rellit/buddh/asmahsuu.txt	655	grāhyaābhāve	aā		grāhyaābhāve	UNRESOLVED	none	grāhyaābhāve
4_rellit/buddh/asmahsuu.txt	1089	paurvāparyaāviśiṣṭāpi	aā		paurvāparyaāviśiṣṭāpi	UNRESOLVED	none	paurvāparyaāviśiṣṭāpi
4_rellit/buddh/asmahsuu.txt	1093	paurvāparyeṇaāviśiṣṭatvānna	aā		paurvāparyeṇaāviśiṣṭatvānna	UNRESOLVED	none	paurvāparyeṇaāviśiṣṭatvānna
4_rellit/buddh/asmahsuu.txt	1411	saervajñeyeṣvasaṃmūḍhaṃ	ae	saervajñeyeṣvasaṃmūḍhaṃ	saervajñeyeṣvasaṃmūḍhaṃ	SOURCE_PRESENT	none	saervajñeyeṣvasaṃmūḍhaṃ
4_rellit/buddh/asmahsuu.txt	1785	kāeraṇābhāvāt	āe	kāeraṇābhāvāt	kāeraṇābhāvāt	SOURCE_PRESENT	none	kāeraṇābhāvāt
4_rellit/buddh/asmahsuu.txt	2043	punarhetūpalabdhituṣṭiumanasikārāt	iu	punarhetūpalabdhituṣṭiumanasikārāt	punarhetūpalabdhituṣṭiumanasikārāt	SOURCE_PRESENT	none	punarhetūpalabdhituṣṭiumanasikārāt
4_rellit/buddh/asmahsuu.txt	2195	rvataā	aā	rvataā	rvataā	SOURCE_PRESENT	none	rvataā
4_rellit/buddh/asmahsuu.txt	2297	anutpannāityevamādi	āi	anutpannāityevamādi	anutpannāityevamādi	SOURCE_PRESENT	none	anutpannāityevamādi
4_rellit/buddh/asmahsuu.txt	2529	dṛṣṭiṛjjujukaraṇāccāviparītārthagrahaṇataḥ	iṛ		dṛṣṭiṛjjujukaraṇāccāviparītārthagrahaṇataḥ	UNRESOLVED	none	dṛṣṭiṛjjujukaraṇāccāviparītārthagrahaṇataḥ
4_rellit/buddh/asmahsuu.txt	3246	dvayorakuśaladharmahānayeapi	ea	dvayorakuśaladharmahānayeapi	dvayorakuśaladharmahānayeapi	SOURCE_PRESENT	none	dvayorakuśaladharmahānayeapi
4_rellit/buddh/asmahsuu.txt	3484	yāvadayaśasvītyeanena	ea	yāvadayaśasvītyeanena	yāvadayaśasvītyeanena	SOURCE_PRESENT	none	yāvadayaśasvītyeanena
4_rellit/buddh/asmahsuu.txt	3720	upabhoagaviśeṣe	oa	upabhoagaviśeṣe	upabhoagaviśeṣe	SOURCE_PRESENT	none	upabhoagaviśeṣe
4_rellit/buddh/asmahsuu.txt	3976	jñānasyaāpratyātmavedanīyasya	aā		jñānasyaāpratyātmavedanīyasya	UNRESOLVED	none	jñānasyaāpratyātmavedanīyasya
4_rellit/buddh/asmahsuu.txt	4034	nimittaā	aā			UNRESOLVED	none	nimittaā
4_rellit/buddh/asmahsuu.txt	4058	smṛtyupasthānadoṣaāṇāṃ	aā		smṛtyupasthānadoṣaāṇāṃ	UNRESOLVED	none	smṛtyupasthānadoṣaāṇāṃ
4_rellit/buddh/asmahsuu.txt	4276	naierātmyayoḥ	ie	naierātmyayoḥ	naierātmyayoḥ	SOURCE_PRESENT	none	naierātmyayoḥ
4_rellit/buddh/asmahsuu.txt	4300	ivāevābhāvāt	āe		ivāevābhāvāt	UNRESOLVED	none	ivāevābhāvāt
4_rellit/buddh/asmahsuu.txt	4348	kṣaṇiakatvaṃ	ia	kṣaṇiakatvaṃ	kṣaṇiakatvaṃ	SOURCE_PRESENT	none	kṣaṇiakatvaṃ
4_rellit/buddh/asmahsuu.txt	4794	yatraatratrividhe	aa		yatraatratrividhe	UNRESOLVED	none	yatraatratrividhe
4_rellit/buddh/asmahsuu.txt	4990	viṃśatitamaekaviṃśatitamaścādhikāraḥ	ae	viṃśatitamaekaviṃśatitamaścādhikāraḥ	viṃśatitamaekaviṃśatitamaścādhikāraḥ	SOURCE_PRESENT	none	viṃśatitamaekaviṃśatitamaścādhikāraḥ
4_rellit/buddh/avsata_u.txt	153	mātāpitarāu	āu	mātāpitarāu	mātāpitarāu	SOURCE_PRESENT	none	mātāpitarāu
4_rellit/buddh/avsata_u.txt	651	srotaāpattiphalāni	aā	srotaāpattiphalāni	srotaāpattiphalāni	SOURCE_PRESENT	none	srotaāpattiphalāni
4_rellit/buddh/avsata_u.txt	669	srotaāpattiphalāny	aā	srotaāpattiphalāny	srotaāpattiphalāny	SOURCE_PRESENT	none	srotaāpattiphalāny
4_rellit/buddh/avsata_u.txt	697	srotaāpattiphalam	aā	srotaāpattiphalam	srotaāpattiphalam	SOURCE_PRESENT	none	srotaāpattiphalam
4_rellit/buddh/avsata_u.txt	725	srotaāpattiphalam	aā	srotaāpattiphalam	srotaāpattiphalam	SOURCE_PRESENT	none	srotaāpattiphalam
4_rellit/buddh/avsata_u.txt	753	srotaāpattiphalaṃ	aā	srotaāpattiphalaṃ	srotaāpattiphalaṃ	SOURCE_PRESENT	none	srotaāpattiphalaṃ
4_rellit/buddh/avsata_u.txt	777	dharmavegapṛaptā	ṛa	dharmavegapṛaptā	dharmavegapṛaptā	SOURCE_PRESENT	none	dharmavegapṛaptā
4_rellit/buddh/avsata_u.txt	911	vastrāir	āi	vastrāir	vastrāir	SOURCE_PRESENT	none	vastrāir
4_rellit/buddh/avsata_u.txt	937	tūṣṇībhāvnea	ea	tūṣṇībhāvnea	tūṣṇībhāvnea	SOURCE_PRESENT	none	tūṣṇībhāvnea
4_rellit/buddh/avsata_u.txt	1017	mātāpitarāu	āu	mātāpitarāu	mātāpitarāu	SOURCE_PRESENT	none	mātāpitarāu
4_rellit/buddh/avsata_u.txt	1294	srotaāpattiphalaṃ	aā	srotaāpattiphalaṃ	srotaāpattiphalaṃ	SOURCE_PRESENT	none	srotaāpattiphalaṃ
4_rellit/buddh/avsata_u.txt	1714	mātāpitarāu	āu	mātāpitarāu	mātāpitarāu	SOURCE_PRESENT	none	mātāpitarāu
4_rellit/buddh/avsata_u.txt	1801	ṛiṣiḥ	ṛi	ṛiṣiḥ	ṛiṣiḥ	SOURCE_PRESENT	none	ṛiṣiḥ
4_rellit/buddh/avsata_u.txt	1873	seem	ee	seem	seem	SOURCE_PRESENT	none	seem
4_rellit/buddh/avsata_u.txt	1881	vanditvāikānte	āi	vanditvāikānte	vanditvāikānte	SOURCE_PRESENT	none	vanditvāikānte
4_rellit/buddh/avsata_u.txt	2195	mātāpitarāu	āu	mātāpitarāu	mātāpitarāu	SOURCE_PRESENT	none	mātāpitarāu
4_rellit/buddh/avsata_u.txt	2221	srotaāpattiphalam	aā	srotaāpattiphalam	srotaāpattiphalam	SOURCE_PRESENT	none	srotaāpattiphalam
4_rellit/buddh/avsata_u.txt	2285	srotaāpattiphalaṃ	aā	srotaāpattiphalaṃ	srotaāpattiphalaṃ	SOURCE_PRESENT	none	srotaāpattiphalaṃ
4_rellit/buddh/avsata_u.txt	2331	srotaāpattiphalam	aā	srotaāpattiphalam	srotaāpattiphalam	SOURCE_PRESENT	none	srotaāpattiphalam
4_rellit/buddh/avsata_u.txt	2383	srotaāpattiphalam	aā	srotaāpattiphalam	srotaāpattiphalam	SOURCE_PRESENT	none	srotaāpattiphalam
4_rellit/buddh/avsata_u.txt	2431	srotaāpattiphalaṃ	aā	srotaāpattiphalaṃ	srotaāpattiphalaṃ	SOURCE_PRESENT	none	srotaāpattiphalaṃ
4_rellit/buddh/avsata_u.txt	2517	srotaāpattiphalaṃ	aā	srotaāpattiphalaṃ	srotaāpattiphalaṃ	SOURCE_PRESENT	none	srotaāpattiphalaṃ
4_rellit/buddh/avsata_u.txt	2565	srotaāpattiphalaṃ	aā	srotaāpattiphalaṃ	srotaāpattiphalaṃ	SOURCE_PRESENT	none	srotaāpattiphalaṃ
4_rellit/buddh/avsata_u.txt	2623	srotaāpattiphalaṃ	aā	srotaāpattiphalaṃ	srotaāpattiphalaṃ	SOURCE_PRESENT	none	srotaāpattiphalaṃ
4_rellit/buddh/avsata_u.txt	2685	srotaāpattiphalaṃ	aā	srotaāpattiphalaṃ	srotaāpattiphalaṃ	SOURCE_PRESENT	none	srotaāpattiphalaṃ
4_rellit/buddh/avsata_u.txt	2743	srotaāpattiphalaṃ	aā	srotaāpattiphalaṃ	srotaāpattiphalaṃ	SOURCE_PRESENT	none	srotaāpattiphalaṃ
4_rellit/buddh/avsata_u.txt	2797	srotaāpattiphalaṃ	aā	srotaāpattiphalaṃ	srotaāpattiphalaṃ	SOURCE_PRESENT	none	srotaāpattiphalaṃ
4_rellit/buddh/avsata_u.txt	2833	brāhmaṇāu	āu	brāhmaṇāu	brāhmaṇāu	SOURCE_PRESENT	none	brāhmaṇāu
4_rellit/buddh/avsata_u.txt	2833	rājaṛddhyā	aṛ	rājaṛddhyā	rājaṛddhyā	SOURCE_PRESENT	none	rājaṛddhyā
4_rellit/buddh/avsata_u.txt	2843	jetavanae	ae	jetavanae	jetavanae	SOURCE_PRESENT	none	jetavanae
4_rellit/buddh/avsata_u.txt	2847	srotaāpattiphalaṃ	aā	srotaāpattiphalaṃ	srotaāpattiphalaṃ	SOURCE_PRESENT	none	srotaāpattiphalaṃ
4_rellit/buddh/avsata_u.txt	2901	srotaāpattiphalaṃ	aā	srotaāpattiphalaṃ	srotaāpattiphalaṃ	SOURCE_PRESENT	none	srotaāpattiphalaṃ
4_rellit/buddh/avsata_u.txt	2923	srotaāpattiphalaṃ	aā	srotaāpattiphalaṃ	srotaāpattiphalaṃ	SOURCE_PRESENT	none	srotaāpattiphalaṃ
4_rellit/buddh/avsata_u.txt	2941	srotaāpattiphalaṃ	aā	srotaāpattiphalaṃ	srotaāpattiphalaṃ	SOURCE_PRESENT	none	srotaāpattiphalaṃ
4_rellit/buddh/avsata_u.txt	2961	srotaāpattiphalaṃ	aā	srotaāpattiphalaṃ	srotaāpattiphalaṃ	SOURCE_PRESENT	none	srotaāpattiphalaṃ
4_rellit/buddh/avsata_u.txt	2983	srotaāpattiphalaṃ	aā	srotaāpattiphalaṃ	srotaāpattiphalaṃ	SOURCE_PRESENT	none	srotaāpattiphalaṃ
4_rellit/buddh/avsata_u.txt	3005	srotaāpattiphalaṃ	aā	srotaāpattiphalaṃ	srotaāpattiphalaṃ	SOURCE_PRESENT	none	srotaāpattiphalaṃ
4_rellit/buddh/avsata_u.txt	3025	srotaāpattiphalaṃ	aā	srotaāpattiphalaṃ	srotaāpattiphalaṃ	SOURCE_PRESENT	none	srotaāpattiphalaṃ
4_rellit/buddh/avsata_u.txt	3154	mātāpitarāu	āu	mātāpitarāu	mātāpitarāu	SOURCE_PRESENT	none	mātāpitarāu
4_rellit/buddh/avsata_u.txt	3211	ṛiṣiṣu	ṛi	ṛiṣiṣu	ṛiṣiṣu	SOURCE_PRESENT	none	ṛiṣiṣu
4_rellit/buddh/avsata_u.txt	3211	ṛiṣikumāraṃ	ṛi	ṛiṣikumāraṃ	ṛiṣikumāraṃ	SOURCE_PRESENT	none	ṛiṣikumāraṃ
4_rellit/buddh/avsata_u.txt	3461	mātāpitarāu	āu	mātāpitarāu	mātāpitarāu	SOURCE_PRESENT	none	mātāpitarāu
4_rellit/buddh/avsata_u.txt	3583	srotaāpattiphalaṃ	aā	srotaāpattiphalaṃ	srotaāpattiphalaṃ	SOURCE_PRESENT	none	srotaāpattiphalaṃ
4_rellit/buddh/avsata_u.txt	3771	etacchīṛnapatro	īṛ	etacchīṛnapatro	etacchīṛnapatro	SOURCE_PRESENT	none	etacchīṛnapatro
4_rellit/buddh/avsata_u.txt	3948	mātāpitarāu	āu	mātāpitarāu	mātāpitarāu	SOURCE_PRESENT	none	mātāpitarāu
4_rellit/buddh/bhivin_u.txt	9	cāsvakiavanti	ia	cāsvakiavanti	cāsvakiavanti	SOURCE_PRESENT	none	cāsvakiavanti
4_rellit/buddh/bhivin_u.txt	15	pravrajyāupasaṃpadāya	āu	pravrajyāupasaṃpadāya	pravrajyāupasaṃpadāya	SOURCE_PRESENT	none	pravrajyāupasaṃpadāya
4_rellit/buddh/bhivin_u.txt	21	pravrajyāupasampadābhikṣuṇibhāvo	āu	pravrajyāupasampadābhikṣuṇibhāvo	pravrajyāupasampadābhikṣuṇibhāvo	SOURCE_PRESENT	none	pravrajyāupasampadābhikṣuṇibhāvo
4_rellit/buddh/bhivin_u.txt	29	pravrajyāupasaṃpadāye	āu	pravrajyāupasaṃpadāye	pravrajyāupasaṃpadāye	SOURCE_PRESENT	none	pravrajyāupasaṃpadāye
4_rellit/buddh/bhivin_u.txt	33	śrotaāpattiphalaṃ	aā	śrotaāpattiphalaṃ	śrotaāpattiphalaṃ	SOURCE_PRESENT	none	śrotaāpattiphalaṃ
4_rellit/buddh/bhivin_u.txt	33	śrotaāpattiphalaṃ	aā	śrotaāpattiphalaṃ	śrotaāpattiphalaṃ	SOURCE_PRESENT	none	śrotaāpattiphalaṃ
4_rellit/buddh/bhivin_u.txt	35	śrotaāpattiphalaṃ	aā	śrotaāpattiphalaṃ	śrotaāpattiphalaṃ	SOURCE_PRESENT	none	śrotaāpattiphalaṃ
4_rellit/buddh/bhivin_u.txt	35	ānandāāgamya	āā	ānandāāgamya	ānandāāgamya	SOURCE_PRESENT	none	ānandāāgamya
4_rellit/buddh/bhivin_u.txt	101	bhikṣūṇīupāśrayaṃ	īu	bhikṣūṇīupāśrayaṃ	bhikṣūṇīupāśrayaṃ	SOURCE_PRESENT	none	bhikṣūṇīupāśrayaṃ
4_rellit/buddh/bhivin_u.txt	301	upādhyāyinīācāryāyo	īā	upādhyāyinīācāryāyo	upādhyāyinīācāryāyo	SOURCE_PRESENT	none	upādhyāyinīācāryāyo
4_rellit/buddh/bhivin_u.txt	375	mahallaapratijñaakuśalo	aa	mahallaapratijñaakuśalo	mahallaapratijñaakuśalo	SOURCE_PRESENT	none	mahallaapratijñaakuśalo
4_rellit/buddh/bhivin_u.txt	375	mahallaapratijñaakuśalo	aa	mahallaapratijñaakuśalo	mahallaapratijñaakuśalo	SOURCE_PRESENT	none	mahallaapratijñaakuśalo
4_rellit/buddh/bhivin_u.txt	379	taruaṇakāle	ua	taruaṇakāle	taruaṇakāle	SOURCE_PRESENT	none	taruaṇakāle
4_rellit/buddh/bhivin_u.txt	379	akhallamahallaaprakṛtijñaakuśalo	aa	akhallamahallaaprakṛtijñaakuśalo	akhallamahallaaprakṛtijñaakuśalo	SOURCE_PRESENT	none	akhallamahallaaprakṛtijñaakuśalo
4_rellit/buddh/bhivin_u.txt	379	akhallamahallaaprakṛtijñaakuśalo	aa	akhallamahallaaprakṛtijñaakuśalo	akhallamahallaaprakṛtijñaakuśalo	SOURCE_PRESENT	none	akhallamahallaaprakṛtijñaakuśalo
4_rellit/buddh/bhivin_u.txt	421	bhikṣuṇīovādako	īo	bhikṣuṇīovādako	bhikṣuṇīovādako	SOURCE_PRESENT	none	bhikṣuṇīovādako
4_rellit/buddh/bhivin_u.txt	421	bhikṣuṇīupāśrayaṃ	īu	bhikṣuṇīupāśrayaṃ	bhikṣuṇīupāśrayaṃ	SOURCE_PRESENT	none	bhikṣuṇīupāśrayaṃ
4_rellit/buddh/bhivin_u.txt	431	bhikṣuṇīovādaka	īo	bhikṣuṇīovādaka	bhikṣuṇīovādaka	SOURCE_PRESENT	none	bhikṣuṇīovādaka
4_rellit/buddh/bhivin_u.txt	433	bhikṣuṇīovādakaṃ	īo	bhikṣuṇīovādakaṃ	bhikṣuṇīovādakaṃ	SOURCE_PRESENT	none	bhikṣuṇīovādakaṃ
4_rellit/buddh/bhivin_u.txt	433	bhikṣuṇīovādakaṃ	īo	bhikṣuṇīovādakaṃ	bhikṣuṇīovādakaṃ	SOURCE_PRESENT	none	bhikṣuṇīovādakaṃ
4_rellit/buddh/bhivin_u.txt	433	bhikṣuṇīovādaka	īo	bhikṣuṇīovādaka	bhikṣuṇīovādaka	SOURCE_PRESENT	none	bhikṣuṇīovādaka
4_rellit/buddh/bhivin_u.txt	459	bhikṣuṇīovādako	īo	bhikṣuṇīovādako	bhikṣuṇīovādako	SOURCE_PRESENT	none	bhikṣuṇīovādako
4_rellit/buddh/bhivin_u.txt	459	bhikṣuṇīovādakena	īo	bhikṣuṇīovādakena	bhikṣuṇīovādakena	SOURCE_PRESENT	none	bhikṣuṇīovādakena
4_rellit/buddh/bhivin_u.txt	459	bhikṣuṇīovādakehi	īo	bhikṣuṇīovādakehi	bhikṣuṇīovādakehi	SOURCE_PRESENT	none	bhikṣuṇīovādakehi
4_rellit/buddh/bhivin_u.txt	461	bhikṣuṇīovādakena	īo	bhikṣuṇīovādakena	bhikṣuṇīovādakena	SOURCE_PRESENT	none	bhikṣuṇīovādakena
4_rellit/buddh/bhivin_u.txt	463	akhallamahallaakuśalaaprakṛtijño	aa	akhallamahallaakuśalaaprakṛtijño	akhallamahallaakuśalaaprakṛtijño	SOURCE_PRESENT	none	akhallamahallaakuśalaaprakṛtijño
4_rellit/buddh/bhivin_u.txt	463	akhallamahallaakuśalaaprakṛtijño	aa	akhallamahallaakuśalaaprakṛtijño	akhallamahallaakuśalaaprakṛtijño	SOURCE_PRESENT	none	akhallamahallaakuśalaaprakṛtijño
4_rellit/buddh/bhivin_u.txt	479	khallamahallaakuśalaaprakṛtijño	aa	khallamahallaakuśalaaprakṛtijño	khallamahallaakuśalaaprakṛtijño	SOURCE_PRESENT	none	khallamahallaakuśalaaprakṛtijño
4_rellit/buddh/bhivin_u.txt	479	khallamahallaakuśalaaprakṛtijño	aa	khallamahallaakuśalaaprakṛtijño	khallamahallaakuśalaaprakṛtijño	SOURCE_PRESENT	none	khallamahallaakuśalaaprakṛtijño
4_rellit/buddh/bhivin_u.txt	507	akhallamahallaakuśalaaprakṛtijño	aa	akhallamahallaakuśalaaprakṛtijño	akhallamahallaakuśalaaprakṛtijño	SOURCE_PRESENT	none	akhallamahallaakuśalaaprakṛtijño
4_rellit/buddh/bhivin_u.txt	507	akhallamahallaakuśalaaprakṛtijño	aa	akhallamahallaakuśalaaprakṛtijño	akhallamahallaakuśalaaprakṛtijño	SOURCE_PRESENT	none	akhallamahallaakuśalaaprakṛtijño
4_rellit/buddh/bhivin_u.txt	689	āhrīkaanapatrāpiṇo	aa	āhrīkaanapatrāpiṇo	āhrīkaanapatrāpiṇo	SOURCE_PRESENT	none	āhrīkaanapatrāpiṇo
4_rellit/buddh/bhivin_u.txt	689	āhrīkaanopatrāpiṇo	aa	āhrīkaanopatrāpiṇo	āhrīkaanopatrāpiṇo	SOURCE_PRESENT	none	āhrīkaanopatrāpiṇo
4_rellit/buddh/bhivin_u.txt	907	dviarañ	ia	dviarañ	dviarañ	SOURCE_PRESENT	none	dviarañ
4_rellit/buddh/bhivin_u.txt	1041	ovṛṣṭaārdracivarā	aā	ovṛṣṭaārdracivarā	ovṛṣṭaārdracivarā	SOURCE_PRESENT	none	ovṛṣṭaārdracivarā
4_rellit/buddh/bhivin_u.txt	1093	śrotaāpannāḥ	aā	śrotaāpannāḥ	śrotaāpannāḥ	SOURCE_PRESENT	none	śrotaāpannāḥ
4_rellit/buddh/bhivin_u.txt	1241	pṛatihati	ṛa	pṛatihati	pṛatihati	SOURCE_PRESENT	none	pṛatihati
4_rellit/buddh/bhivin_u.txt	1257	saṃghāṭiuttarāsaṅgamantarvāsakaṃ	iu	saṃghāṭiuttarāsaṅgamantarvāsakaṃ	saṃghāṭiuttarāsaṅgamantarvāsakaṃ	SOURCE_PRESENT	none	saṃghāṭiuttarāsaṅgamantarvāsakaṃ
4_rellit/buddh/bhivin_u.txt	1299	saṃghaākrośikā	aā	saṃghaākrośikā	saṃghaākrośikā	SOURCE_PRESENT	none	saṃghaākrośikā
4_rellit/buddh/bhivin_u.txt	1347	śikṣāuddeśasamvāsasaṃbhogaśāstṛpadabhikṣuṇībhāvaśramaṇībhāvapratyākhyānaṃ	āu	śikṣāuddeśasamvāsasaṃbhogaśāstṛpadabhikṣuṇībhāvaśramaṇībhāvapratyākhyānaṃ	śikṣāuddeśasamvāsasaṃbhogaśāstṛpadabhikṣuṇībhāvaśramaṇībhāvapratyākhyānaṃ	SOURCE_PRESENT	none	śikṣāuddeśasamvāsasaṃbhogaśāstṛpadabhikṣuṇībhāvaśramaṇībhāvapratyākhyānaṃ
4_rellit/buddh/bhivin_u.txt	1475	bhikṣuṇīupāśraye	īu	bhikṣuṇīupāśraye	bhikṣuṇīupāśraye	SOURCE_PRESENT	none	bhikṣuṇīupāśraye
4_rellit/buddh/bhivin_u.txt	1755	sarvaaṅgaśobhanā	aa	sarvaaṅgaśobhanā	sarvaaṅgaśobhanā	SOURCE_PRESENT	none	sarvaaṅgaśobhanā
4_rellit/buddh/bhivin_u.txt	1799	rājaṛṣayaḥ	aṛ	rājaṛṣayaḥ	rājaṛṣayaḥ	SOURCE_PRESENT	none	rājaṛṣayaḥ
4_rellit/buddh/bhivin_u.txt	1805	rājaṛṣayaḥ	aṛ	rājaṛṣayaḥ	rājaṛṣayaḥ	SOURCE_PRESENT	none	rājaṛṣayaḥ
4_rellit/buddh/bhivin_u.txt	1807	naraṛṣabhaḥ	aṛ	naraṛṣabhaḥ	naraṛṣabhaḥ	SOURCE_PRESENT	none	naraṛṣabhaḥ
4_rellit/buddh/bhivin_u.txt	1947	amanaāpāni	aā	amanaāpāni	amanaāpāni	SOURCE_PRESENT	none	amanaāpāni
4_rellit/buddh/bhivin_u.txt	1947	akhallamahallaakuśalaaprakṛtijñaḥ	aa	akhallamahallaakuśalaaprakṛtijñaḥ	akhallamahallaakuśalaaprakṛtijñaḥ	SOURCE_PRESENT	none	akhallamahallaakuśalaaprakṛtijñaḥ
4_rellit/buddh/bhivin_u.txt	1947	akhallamahallaakuśalaaprakṛtijñaḥ	aa	akhallamahallaakuśalaaprakṛtijñaḥ	akhallamahallaakuśalaaprakṛtijñaḥ	SOURCE_PRESENT	none	akhallamahallaakuśalaaprakṛtijñaḥ
4_rellit/buddh/bhivin_u.txt	2115	strīutsadadauṣṭhulyāni	īu	strīutsadadauṣṭhulyāni	strīutsadadauṣṭhulyāni	SOURCE_PRESENT	none	strīutsadadauṣṭhulyāni
4_rellit/buddh/bhivin_u.txt	2115	amanaāpāni	aā	amanaāpāni	amanaāpāni	SOURCE_PRESENT	none	amanaāpāni
4_rellit/buddh/bhivin_u.txt	2115	avyaktaakuśalaaprakrtijña	aa	avyaktaakuśalaaprakrtijña	avyaktaakuśalaaprakrtijña	SOURCE_PRESENT	none	avyaktaakuśalaaprakrtijña
4_rellit/buddh/bhivin_u.txt	2115	avyaktaakuśalaaprakrtijña	aa	avyaktaakuśalaaprakrtijña	avyaktaakuśalaaprakrtijña	SOURCE_PRESENT	none	avyaktaakuśalaaprakrtijña
4_rellit/buddh/bhivin_u.txt	2117	akāraśakāraekāraiḥ	ae	akāraśakāraekāraiḥ	akāraśakāraekāraiḥ	SOURCE_PRESENT	none	akāraśakāraekāraiḥ
4_rellit/buddh/bhivin_u.txt	2117	akhallamahallaakuśalaaprakṛtijña	aa	akhallamahallaakuśalaaprakṛtijña	akhallamahallaakuśalaaprakṛtijña	SOURCE_PRESENT	none	akhallamahallaakuśalaaprakṛtijña
4_rellit/buddh/bhivin_u.txt	2117	akhallamahallaakuśalaaprakṛtijña	aa	akhallamahallaakuśalaaprakṛtijña	akhallamahallaakuśalaaprakṛtijña	SOURCE_PRESENT	none	akhallamahallaakuśalaaprakṛtijña
4_rellit/buddh/bhivin_u.txt	2163	saṃyathaīdaṃ	aī	saṃyathaīdaṃ	saṃyathaīdaṃ	SOURCE_PRESENT	none	saṃyathaīdaṃ
4_rellit/buddh/bhivin_u.txt	2497	bhikṣunīupāśrayaṃ	īu	bhikṣunīupāśrayaṃ	bhikṣunīupāśrayaṃ	SOURCE_PRESENT	none	bhikṣunīupāśrayaṃ
4_rellit/buddh/bhivin_u.txt	2593	guatamīye	ua	guatamīye	guatamīye	SOURCE_PRESENT	none	guatamīye
4_rellit/buddh/bhivin_u.txt	2699	bhikṣuṇīupāśrayaṃ	īu	bhikṣuṇīupāśrayaṃ		SOURCE_PRESENT	none	bhikṣuṇīupāśrayaṃ
4_rellit/buddh/bhivin_u.txt	2703	bhikṣuṇīovādako	īo	bhikṣuṇīovādako	bhikṣuṇīovādako	SOURCE_PRESENT	none	bhikṣuṇīovādako
4_rellit/buddh/bhivin_u.txt	2703	bhikṣuṇīovādako	īo	bhikṣuṇīovādako	bhikṣuṇīovādako	SOURCE_PRESENT	none	bhikṣuṇīovādako
4_rellit/buddh/bhivin_u.txt	2805	dveāsanaprajñaptī	eā	dveāsanaprajñaptī	dveāsanaprajñaptī	SOURCE_PRESENT	none	dveāsanaprajñaptī
4_rellit/buddh/bhivin_u.txt	2931	gṛhiṇīalaṅkārapratisaṃyuktaṃ	īa	gṛhiṇīalaṅkārapratisaṃyuktaṃ	gṛhiṇīalaṅkārapratisaṃyuktaṃ	SOURCE_PRESENT	none	gṛhiṇīalaṅkārapratisaṃyuktaṃ
4_rellit/buddh/bhivin_u.txt	2933	gṛhiṇīalaṅkāraṃ	īa	gṛhiṇīalaṅkāraṃ	gṛhiṇīalaṅkāraṃ	SOURCE_PRESENT	none	gṛhiṇīalaṅkāraṃ
4_rellit/buddh/bhivin_u.txt	2933	gṛhiṇīalaṅkārapratisaṃyuktaṃ	īa	gṛhiṇīalaṅkārapratisaṃyuktaṃ	gṛhiṇīalaṅkārapratisaṃyuktaṃ	SOURCE_PRESENT	none	gṛhiṇīalaṅkārapratisaṃyuktaṃ
4_rellit/buddh/bhivin_u.txt	3045	strīalaṅkārapratisaṃyuktaṃ	īa	strīalaṅkārapratisaṃyuktaṃ	strīalaṅkārapratisaṃyuktaṃ	SOURCE_PRESENT	none	strīalaṅkārapratisaṃyuktaṃ
4_rellit/buddh/bhivin_u.txt	3049	strīalaṅkārapratisaṃyuktaṃ	īa	strīalaṅkārapratisaṃyuktaṃ	strīalaṅkārapratisaṃyuktaṃ	SOURCE_PRESENT	none	strīalaṅkārapratisaṃyuktaṃ
4_rellit/buddh/bhivin_u.txt	3049	strīalaṅkārapratisaṃyuktaṃ	īa	strīalaṅkārapratisaṃyuktaṃ	strīalaṅkārapratisaṃyuktaṃ	SOURCE_PRESENT	none	strīalaṅkārapratisaṃyuktaṃ
4_rellit/buddh/divyav_u.txt	29	putrāa	āa	putrāa	putrāa	SOURCE_PRESENT	none	putrāa
4_rellit/buddh/divyav_u.txt	463	pitāa	āa	pitāa	pitāa	SOURCE_PRESENT	none	pitāa
4_rellit/buddh/divyav_u.txt	743	cāaha	āa		cāaha	UNRESOLVED	none	cāaha
4_rellit/buddh/divyav_u.txt	1241	samudānītāaḥ	āa	samudānītāaḥ	samudānītāaḥ	SOURCE_PRESENT	none	samudānītāaḥ
4_rellit/buddh/divyav_u.txt	1353	jyeṣṭhabhavikāyāa	āa	jyeṣṭhabhavikāyāa	jyeṣṭhabhavikāyāa	SOURCE_PRESENT	none	jyeṣṭhabhavikāyāa
4_rellit/buddh/divyav_u.txt	1709	uapsaṃkramya	ua	uapsaṃkramya	uapsaṃkramya	SOURCE_PRESENT	none	uapsaṃkramya
4_rellit/buddh/divyav_u.txt	1845	bhikṣurāarannirvāṇasyocyate	āa	bhikṣurāarannirvāṇasyocyate	bhikṣurāarannirvāṇasyocyate	SOURCE_PRESENT	none	bhikṣurāarannirvāṇasyocyate
4_rellit/buddh/divyav_u.txt	1999	bhrāatā	āa	bhrāatā	bhrāatā	SOURCE_PRESENT	none	bhrāatā
4_rellit/buddh/divyav_u.txt	2083	dūupo	ūu	dūupo	dūupo	SOURCE_PRESENT	none	dūupo
4_rellit/buddh/divyav_u.txt	2213	srotāapattiphalaṃ	āa	srotāapattiphalaṃ	srotāapattiphalaṃ	SOURCE_PRESENT	none	srotāapattiphalaṃ
4_rellit/buddh/divyav_u.txt	2371	ekasyeiva	ei	ekasyeiva	ekasyeiva	SOURCE_PRESENT	none	ekasyeiva
4_rellit/buddh/divyav_u.txt	2475	oghavatpratyupasthitāani	āa	oghavatpratyupasthitāani	oghavatpratyupasthitāani	SOURCE_PRESENT	none	oghavatpratyupasthitāani
4_rellit/buddh/divyav_u.txt	2673	rāajñāṃ	āa	rāajñāṃ	rāajñāṃ	SOURCE_PRESENT	none	rāajñāṃ
4_rellit/buddh/divyav_u.txt	2863	bhavantaścatruaṅgaṃ	ua	bhavantaścatruaṅgaṃ	bhavantaścatruaṅgaṃ	SOURCE_PRESENT	none	bhavantaścatruaṅgaṃ
4_rellit/buddh/divyav_u.txt	2869	catruaṅgaṃ	ua	catruaṅgaṃ	catruaṅgaṃ	SOURCE_PRESENT	none	catruaṅgaṃ
4_rellit/buddh/divyav_u.txt	3329	srotāapattiphalaṃ	āa	srotāapattiphalaṃ	srotāapattiphalaṃ	SOURCE_PRESENT	none	srotāapattiphalaṃ
4_rellit/buddh/divyav_u.txt	3485	kaiścitsrotāapattiphalaṃ	āa	kaiścitsrotāapattiphalaṃ	kaiścitsrotāapattiphalaṃ	SOURCE_PRESENT	none	kaiścitsrotāapattiphalaṃ
4_rellit/buddh/divyav_u.txt	3743	bhikṣuasaṃghaṃ	ua	bhikṣuasaṃghaṃ	bhikṣuasaṃghaṃ	SOURCE_PRESENT	none	bhikṣuasaṃghaṃ
4_rellit/buddh/divyav_u.txt	3881	bhikṣuasṃghastraimāsyaṃ	ua	bhikṣuasṃghastraimāsyaṃ	bhikṣuasṃghastraimāsyaṃ	SOURCE_PRESENT	none	bhikṣuasṃghastraimāsyaṃ
4_rellit/buddh/divyav_u.txt	4305	badaradvīipaḥ	īi	badaradvīipaḥ	badaradvīipaḥ	SOURCE_PRESENT	none	badaradvīipaḥ
4_rellit/buddh/divyav_u.txt	4519	vīryabalenaotpāṭya	ao	vīryabalenaotpāṭya	vīryabalenaotpāṭya	SOURCE_PRESENT	none	vīryabalenaotpāṭya
4_rellit/buddh/divyav_u.txt	4639	mahāsārthavāhastenaopasaṃkrāntaḥ	ao	mahāsārthavāhastenaopasaṃkrāntaḥ	mahāsārthavāhastenaopasaṃkrāntaḥ	SOURCE_PRESENT	none	mahāsārthavāhastenaopasaṃkrāntaḥ
4_rellit/buddh/divyav_u.txt	5263	catruāryasatyasamprativedhikī	uā	catruāryasatyasamprativedhikī	catruāryasatyasamprativedhikī	SOURCE_PRESENT	none	catruāryasatyasamprativedhikī
4_rellit/buddh/divyav_u.txt	5455	virāagayeyamiti	āa	virāagayeyamiti	virāagayeyamiti	SOURCE_PRESENT	none	virāagayeyamiti
4_rellit/buddh/divyav_u.txt	5537	aṣṭamyāaṃ	āa	aṣṭamyāaṃ	aṣṭamyāaṃ	SOURCE_PRESENT	none	aṣṭamyāaṃ
4_rellit/buddh/divyav_u.txt	5597	puṣpaparāgapadmarāgavajravaiḍūryamuasāragalvārkalohitakādakṣiṇāvartaśaṅkhaśilāpravālajātarūparajatavarṇā	ua	puṣpaparāgapadmarāgavajravaiḍūryamuasāragalvārkalohitakādakṣiṇāvartaśaṅkhaśilāpravālajātarūparajatavarṇā	puṣpaparāgapadmarāgavajravaiḍūryamuasāragalvārkalohitakādakṣiṇāvartaśaṅkhaśilāpravālajātarūparajatavarṇā	SOURCE_PRESENT	none	puṣpaparāgapadmarāgavajravaiḍūryamuasāragalvārkalohitakādakṣiṇāvartaśaṅkhaśilāpravālajātarūparajatavarṇā
4_rellit/buddh/divyav_u.txt	7577	āyuṣmāan	āa	āyuṣmāan	āyuṣmāan	SOURCE_PRESENT	none	āyuṣmāan
4_rellit/buddh/divyav_u.txt	7705	mahātmāa	āa	mahātmāa	mahātmāa	SOURCE_PRESENT	none	mahātmāa
4_rellit/buddh/divyav_u.txt	8027	uapsaṃkramya	ua	uapsaṃkramya	uapsaṃkramya	SOURCE_PRESENT	none	uapsaṃkramya
4_rellit/buddh/divyav_u.txt	8037	uapāsikāḥ	ua	uapāsikāḥ	uapāsikāḥ	SOURCE_PRESENT	none	uapāsikāḥ
4_rellit/buddh/divyav_u.txt	8151	ābhayāa	āa	ābhayāa	ābhayāa	SOURCE_PRESENT	none	ābhayāa
4_rellit/buddh/divyav_u.txt	8273	srotāapattiphale	āa	srotāapattiphale	srotāapattiphale	SOURCE_PRESENT	none	srotāapattiphale
4_rellit/buddh/divyav_u.txt	8631	īṣāadhārāt	āa	īṣāadhārāt	īṣāadhārāt	SOURCE_PRESENT	none	īṣāadhārāt
4_rellit/buddh/divyav_u.txt	8735	puṇyavipāakamaheśākhyo	āa		puṇyavipāakamaheśākhyo	UNRESOLVED	none	puṇyavipāakamaheśākhyo
4_rellit/buddh/divyav_u.txt	9031	sthāanametadvidyate	āa	sthāanametadvidyate	sthāanametadvidyate	SOURCE_PRESENT	none	sthāanametadvidyate
4_rellit/buddh/divyav_u.txt	9145	ādotuadvayotpādanaṃ	ua	ādotuadvayotpādanaṃ	ādotuadvayotpādanaṃ	SOURCE_PRESENT	none	ādotuadvayotpādanaṃ
4_rellit/buddh/divyav_u.txt	9827	devaśuśraūṣikā	aū	devaśuśraūṣikā	devaśuśraūṣikā	SOURCE_PRESENT	none	devaśuśraūṣikā
4_rellit/buddh/divyav_u.txt	10173	prabhāakāle	āa	prabhāakāle	prabhāakāle	SOURCE_PRESENT	none	prabhāakāle
4_rellit/buddh/divyav_u.txt	10927	uapsthāpitāni	ua	uapsthāpitāni	uapsthāpitāni	SOURCE_PRESENT	none	uapsthāpitāni
4_rellit/buddh/divyav_u.txt	11875	samayenāuṣmān	āu	samayenāuṣmān	samayenāuṣmān	SOURCE_PRESENT	none	samayenāuṣmān
4_rellit/buddh/divyav_u.txt	12001	deeveṣūpapattirbhaviṣyatīti	ee	deeveṣūpapattirbhaviṣyatīti	deeveṣūpapattirbhaviṣyatīti	SOURCE_PRESENT	none	deeveṣūpapattirbhaviṣyatīti
4_rellit/buddh/divyav_u.txt	12199	dattāani	āa	dattāani	dattāani	SOURCE_PRESENT	none	dattāani
4_rellit/buddh/divyav_u.txt	12231	kenāayaṃ	āa		kenāayaṃ	UNRESOLVED	none	kenāayaṃ
4_rellit/buddh/divyav_u.txt	12425	saṃśayajātāaḥ	āa	saṃśayajātāaḥ	saṃśayajātāaḥ	SOURCE_PRESENT	none	saṃśayajātāaḥ
4_rellit/buddh/divyav_u.txt	12673	manāapaśca	āa	manāapaśca	manāapaśca	SOURCE_PRESENT	none	manāapaśca
4_rellit/buddh/divyav_u.txt	12713	sarvālaṃkāravibhūṣitapramadāgaṇaparivṛtāa	āa	sarvālaṃkāravibhūṣitapramadāgaṇaparivṛtāa	sarvālaṃkāravibhūṣitapramadāgaṇaparivṛtāa	SOURCE_PRESENT	none	sarvālaṃkāravibhūṣitapramadāgaṇaparivṛtāa
4_rellit/buddh/divyav_u.txt	13413	sabrahmacāriṇāmāraocaya	ao		sabrahmacāriṇāmāraocaya	UNRESOLVED	none	sabrahmacāriṇāmāraocaya
4_rellit/buddh/divyav_u.txt	13621	bhagavāṃstenoasaṃkrāntaḥ	oa	bhagavāṃstenoasaṃkrāntaḥ	bhagavāṃstenoasaṃkrāntaḥ	SOURCE_PRESENT	none	bhagavāṃstenoasaṃkrāntaḥ
4_rellit/buddh/divyav_u.txt	13643	caoktā	ao	caoktā	caoktā	SOURCE_PRESENT	none	caoktā
4_rellit/buddh/divyav_u.txt	13653	phalākārāan	āa	phalākārāan	phalākārāan	SOURCE_PRESENT	none	phalākārāan
4_rellit/buddh/divyav_u.txt	13671	patrākārāaḥ	āa	patrākārāaḥ	patrākārāaḥ	SOURCE_PRESENT	none	patrākārāaḥ
4_rellit/buddh/divyav_u.txt	13847	pravaṇībhūutamidaṃ	ūu	pravaṇībhūutamidaṃ	pravaṇībhūutamidaṃ	SOURCE_PRESENT	none	pravaṇībhūutamidaṃ
4_rellit/buddh/divyav_u.txt	13955	pañcaṛṣiśatāni	aṛ		pañcaṛṣiśatāni	UNRESOLVED	none	pañcaṛṣiśatāni
4_rellit/buddh/divyav_u.txt	14357	praītimanasā	aī	praītimanasā	praītimanasā	SOURCE_PRESENT	none	praītimanasā
4_rellit/buddh/divyav_u.txt	14415	padmanālasūtraiebaddhvā	ie	padmanālasūtraiebaddhvā	padmanālasūtraiebaddhvā	SOURCE_PRESENT	none	padmanālasūtraiebaddhvā
4_rellit/buddh/divyav_u.txt	14603	sthaviroaguptasakāśāddharmaṃ	oa	sthaviroaguptasakāśāddharmaṃ	sthaviroaguptasakāśāddharmaṃ	SOURCE_PRESENT	none	sthaviroaguptasakāśāddharmaṃ
4_rellit/buddh/divyav_u.txt	14635	srotāapattiphalam	āa	srotāapattiphalam	srotāapattiphalam	SOURCE_PRESENT	none	srotāapattiphalam
4_rellit/buddh/divyav_u.txt	15209	bhūmyāmāadīptāyāṃ	āa	bhūmyāmāadīptāyāṃ	bhūmyāmāadīptāyāṃ	SOURCE_PRESENT	none	bhūmyāmāadīptāyāṃ
4_rellit/buddh/divyav_u.txt	15291	kṛtsnāam	āa	kṛtsnāam	kṛtsnāam	SOURCE_PRESENT	none	kṛtsnāam
4_rellit/buddh/divyav_u.txt	15527	māaṃ	āa	māaṃ	māaṃ	SOURCE_PRESENT	none	māaṃ
4_rellit/buddh/divyav_u.txt	16233	uāca	uā		uāca	UNRESOLVED	none	uāca
4_rellit/buddh/divyav_u.txt	16279	vītarāgao	ao	vītarāgao	vītarāgao	SOURCE_PRESENT	none	vītarāgao
4_rellit/buddh/divyav_u.txt	17511	neiva	ei		neiva	UNRESOLVED	none	neiva
4_rellit/buddh/divyav_u.txt	17707	uapāyaḥ	ua	uapāyaḥ	uapāyaḥ	SOURCE_PRESENT	none	uapāyaḥ
4_rellit/buddh/divyav_u.txt	18027	neivam	ei	neivam	neivam	SOURCE_PRESENT	none	neivam
4_rellit/buddh/divyav_u.txt	18973	śrāavastīti	āa	śrāavastīti	śrāavastīti	SOURCE_PRESENT	none	śrāavastīti
4_rellit/buddh/divyav_u.txt	19011	srotāapattiphalaṃ	āa	srotāapattiphalaṃ	srotāapattiphalaṃ	SOURCE_PRESENT	none	srotāapattiphalaṃ
4_rellit/buddh/divyav_u.txt	19077	srotāapattiphalaṃ	āa	srotāapattiphalaṃ	srotāapattiphalaṃ	SOURCE_PRESENT	none	srotāapattiphalaṃ
4_rellit/buddh/divyav_u.txt	19281	kaiścicchrotāapattiphalaṃ	āa	kaiścicchrotāapattiphalaṃ	kaiścicchrotāapattiphalaṃ	SOURCE_PRESENT	none	kaiścicchrotāapattiphalaṃ
4_rellit/buddh/divyav_u.txt	19319	sphaītā	aī	sphaītā	sphaītā	SOURCE_PRESENT	none	sphaītā
4_rellit/buddh/divyav_u.txt	19455	snāapayati	āa	snāapayati	snāapayati	SOURCE_PRESENT	none	snāapayati
4_rellit/buddh/divyav_u.txt	19711	ānandāaya	āa	ānandāaya	ānandāaya	SOURCE_PRESENT	none	ānandāaya
4_rellit/buddh/divyav_u.txt	19895	kalyāṇacittāa	āa	kalyāṇacittāa	kalyāṇacittāa	SOURCE_PRESENT	none	kalyāṇacittāa
4_rellit/buddh/divyav_u.txt	19903	praṛtirbhikṣuṇī	aṛ	praṛtirbhikṣuṇī	praṛtirbhikṣuṇī	SOURCE_PRESENT	none	praṛtirbhikṣuṇī
4_rellit/buddh/divyav_u.txt	19987	sanighaṇṭakeiṭabhānāṃ	ei	sanighaṇṭakeiṭabhānāṃ	sanighaṇṭakeiṭabhānāṃ	SOURCE_PRESENT	none	sanighaṇṭakeiṭabhānāṃ
4_rellit/buddh/divyav_u.txt	20031	tacchrūyatāam	āa	tacchrūyatāam	tacchrūyatāam	SOURCE_PRESENT	none	tacchrūyatāam
4_rellit/buddh/divyav_u.txt	20287	sapārśvapaṛṣṭhāśca	aṛ	sapārśvapaṛṣṭhāśca	sapārśvapaṛṣṭhāśca	SOURCE_PRESENT	none	sapārśvapaṛṣṭhāśca
4_rellit/buddh/divyav_u.txt	20757	khalvavāahanāste	āa	khalvavāahanāste	khalvavāahanāste	SOURCE_PRESENT	none	khalvavāahanāste
4_rellit/buddh/divyav_u.txt	20797	kṣatriyasvasāa	āa	kṣatriyasvasāa	kṣatriyasvasāa	SOURCE_PRESENT	none	kṣatriyasvasāa
4_rellit/buddh/divyav_u.txt	20827	devatāṛddhiṃ	āṛ	devatāṛddhiṃ	devatāṛddhiṃ	SOURCE_PRESENT	none	devatāṛddhiṃ
4_rellit/buddh/divyav_u.txt	21061	paścimāa	āa	paścimāa	paścimāa	SOURCE_PRESENT	none	paścimāa
4_rellit/buddh/divyav_u.txt	23215	vatsāaṃs	āa	vatsāaṃs	vatsāaṃs	SOURCE_PRESENT	none	vatsāaṃs
4_rellit/buddh/divyav_u.txt	23485	naiṛtirdevatā	iṛ	naiṛtirdevatā	naiṛtirdevatā	SOURCE_PRESENT	none	naiṛtirdevatā
4_rellit/buddh/divyav_u.txt	23783	aśvinyāamarkato	āa	aśvinyāamarkato	aśvinyāamarkato	SOURCE_PRESENT	none	aśvinyāamarkato
4_rellit/buddh/divyav_u.txt	24341	devatāṛṣisādhubhiḥ	āṛ			UNRESOLVED	none	devatāṛṣisādhubhiḥ
4_rellit/buddh/divyav_u.txt	25181	māase	āa	māase	māase	SOURCE_PRESENT	none	māase
4_rellit/buddh/divyav_u.txt	25493	nviedayati	ie	nviedayati	nviedayati	SOURCE_PRESENT	none	nviedayati
4_rellit/buddh/divyav_u.txt	26401	suṛjuraktacaraṇā	uṛ	suṛjuraktacaraṇā	suṛjuraktacaraṇā	SOURCE_PRESENT	none	suṛjuraktacaraṇā
4_rellit/buddh/divyav_u.txt	26405	ṛājapatnī	ṛā	ṛājapatnī	ṛājapatnī	SOURCE_PRESENT	none	ṛājapatnī
4_rellit/buddh/divyav_u.txt	27233	āsravebhyaścittāani	āa	āsravebhyaścittāani	āsravebhyaścittāani	SOURCE_PRESENT	none	āsravebhyaścittāani
4_rellit/buddh/divyav_u.txt	27249	viahrati	ia	viahrati	viahrati	SOURCE_PRESENT	none	viahrati
4_rellit/buddh/divyav_u.txt	27305	tathāagatacaityeṣu	āa	tathāagatacaityeṣu	tathāagatacaityeṣu	SOURCE_PRESENT	none	tathāagatacaityeṣu
4_rellit/buddh/divyav_u.txt	27589	paryupāāsyāmi	āā	paryupāāsyāmi	paryupāāsyāmi	SOURCE_PRESENT	none	paryupāāsyāmi
4_rellit/buddh/divyav_u.txt	27661	āhosvidavasāadanāvineyah	āa	āhosvidavasāadanāvineyah	āhosvidavasāadanāvineyah	SOURCE_PRESENT	none	āhosvidavasāadanāvineyah
4_rellit/buddh/divyav_u.txt	27663	grīvāayāṃ	āa	grīvāayāṃ	grīvāayāṃ	SOURCE_PRESENT	none	grīvāayāṃ
4_rellit/buddh/divyav_u.txt	27677	kalpāsaṃkhyeyairaneikairduṣkaraśatasahasraiḥ	ei	kalpāsaṃkhyeyairaneikairduṣkaraśatasahasraiḥ	kalpāsaṃkhyeyairaneikairduṣkaraśatasahasraiḥ	SOURCE_PRESENT	none	kalpāsaṃkhyeyairaneikairduṣkaraśatasahasraiḥ
4_rellit/buddh/divyav_u.txt	27743	pramattāaḥ	āa	pramattāaḥ	pramattāaḥ	SOURCE_PRESENT	none	pramattāaḥ
4_rellit/buddh/divyav_u.txt	27855	kāmeiḥ	ei	kāmeiḥ	kāmeiḥ	SOURCE_PRESENT	none	kāmeiḥ
4_rellit/buddh/divyav_u.txt	27879	bhagavāan	āa	bhagavāan	bhagavāan	SOURCE_PRESENT	none	bhagavāan
4_rellit/buddh/divyav_u.txt	27921	kumbhakāara	āa	kumbhakāara	kumbhakāara	SOURCE_PRESENT	none	kumbhakāara
4_rellit/buddh/divyav_u.txt	28097	kalāyānāmañjalipūroo	oo	kalāyānāmañjalipūroo	kalāyānāmañjalipūroo	SOURCE_PRESENT	none	kalāyānāmañjalipūroo
4_rellit/buddh/divyav_u.txt	28175	kuṛcchreṇa	uṛ	kuṛcchreṇa	kuṛcchreṇa	SOURCE_PRESENT	none	kuṛcchreṇa
4_rellit/buddh/divyav_u.txt	28201	bhaītaḥ	aī	bhaītaḥ	bhaītaḥ	SOURCE_PRESENT	none	bhaītaḥ
4_rellit/buddh/divyav_u.txt	28251	saptāahasyātyayāt	āa	saptāahasyātyayāt	saptāahasyātyayāt	SOURCE_PRESENT	none	saptāahasyātyayāt
4_rellit/buddh/divyav_u.txt	28257	jambudvīpamanuprāptāaḥ	āa	jambudvīpamanuprāptāaḥ	jambudvīpamanuprāptāaḥ	SOURCE_PRESENT	none	jambudvīpamanuprāptāaḥ
4_rellit/buddh/divyav_u.txt	28259	saṃsiddhayāanapātra	āa	saṃsiddhayāanapātra	saṃsiddhayāanapātra	SOURCE_PRESENT	none	saṃsiddhayāanapātra
4_rellit/buddh/divyav_u.txt	28531	apaṇyoobhaviṣyanti	oo	apaṇyoobhaviṣyanti	apaṇyoobhaviṣyanti	SOURCE_PRESENT	none	apaṇyoobhaviṣyanti
4_rellit/buddh/divyav_u.txt	28799	saptāahaṃ	āa	saptāahaṃ	saptāahaṃ	SOURCE_PRESENT	none	saptāahaṃ
4_rellit/buddh/divyav_u.txt	29085	yāavadanyatamo	āa	yāavadanyatamo	yāavadanyatamo	SOURCE_PRESENT	none	yāavadanyatamo
4_rellit/buddh/divyav_u.txt	29527	prayacchatāasyāpyapriyākhyāyino	āa	prayacchatāasyāpyapriyākhyāyino	prayacchatāasyāpyapriyākhyāyino	SOURCE_PRESENT	none	prayacchatāasyāpyapriyākhyāyino
4_rellit/buddh/divyav_u.txt	29545	śyāmāavatī	āa	śyāmāavatī	śyāmāavatī	SOURCE_PRESENT	none	śyāmāavatī
4_rellit/buddh/divyav_u.txt	29985	neiṣā	ei	neiṣā	neiṣā	SOURCE_PRESENT	none	neiṣā
4_rellit/buddh/divyav_u.txt	30015	etasyāaṃ	āa	etasyāaṃ	etasyāaṃ	SOURCE_PRESENT	none	etasyāaṃ
4_rellit/buddh/divyav_u.txt	30111	śrutadharāa	āa	śrutadharāa	śrutadharāa	SOURCE_PRESENT	none	śrutadharāa
4_rellit/buddh/divyav_u.txt	30363	śootasaṃsparśaṃ	oo	śootasaṃsparśaṃ	śootasaṃsparśaṃ	SOURCE_PRESENT	none	śootasaṃsparśaṃ
4_rellit/buddh/divyav_u.txt	30817	udyāane	āa	udyāane	udyāane	SOURCE_PRESENT	none	udyāane
4_rellit/buddh/divyav_u.txt	31427	ghaaḥ	aa			UNRESOLVED	none	ghaaḥ
4_rellit/buddh/divyav_u.txt	31629	patiam	ia	patiam	patiam	SOURCE_PRESENT	none	patiam
4_rellit/buddh/divyav_u.txt	31933	janapadacārikāaṃ	āa	janapadacārikāaṃ	janapadacārikāaṃ	SOURCE_PRESENT	none	janapadacārikāaṃ
4_rellit/buddh/divyav_u.txt	32021	skandhadhātvāayataneṣu	āa	skandhadhātvāayataneṣu	skandhadhātvāayataneṣu	SOURCE_PRESENT	none	skandhadhātvāayataneṣu
4_rellit/buddh/divyav_u.txt	32055	neivam	ei	neivam	neivam	SOURCE_PRESENT	none	neivam
4_rellit/buddh/divyav_u.txt	32139	sukṛtāntalayaīkaparāyaṇāḥ	aī	sukṛtāntalayaīkaparāyaṇāḥ	sukṛtāntalayaīkaparāyaṇāḥ	SOURCE_PRESENT	none	sukṛtāntalayaīkaparāyaṇāḥ
4_rellit/buddh/divyav_u.txt	32373	mahāanilotkṣiptataraṃgabhaṅgaiḥ	āa	mahāanilotkṣiptataraṃgabhaṅgaiḥ	mahāanilotkṣiptataraṃgabhaṅgaiḥ	SOURCE_PRESENT	none	mahāanilotkṣiptataraṃgabhaṅgaiḥ
4_rellit/buddh/divyav_u.txt	32521	kanakakalaśākārapṛthutarapaodharabharāvanamitatanumadhyā	ao	kanakakalaśākārapṛthutarapaodharabharāvanamitatanumadhyā	kanakakalaśākārapṛthutarapaodharabharāvanamitatanumadhyā	SOURCE_PRESENT	none	kanakakalaśākārapṛthutarapaodharabharāvanamitatanumadhyā
4_rellit/buddh/mhvastuu.txt	1777	naātra	aā	naātra	naātra	SOURCE_PRESENT	none	naātra
4_rellit/buddh/mhvastuu.txt	1847	cougraiḥ	ou	cougraiḥ	cougraiḥ	SOURCE_PRESENT	none	cougraiḥ
4_rellit/buddh/mhvastuu.txt	2521	tathāiva	āi	tathāiva	tathāiva	SOURCE_PRESENT	none	tathāiva
4_rellit/buddh/mhvastuu.txt	7395	tenoupasaṃkramema	ou	tenoupasaṃkramema	tenoupasaṃkramema	SOURCE_PRESENT	none	tenoupasaṃkramema
4_rellit/buddh/mhvastuu.txt	18059	imāe	āe	imāe	imāe	SOURCE_PRESENT	none	imāe
4_rellit/buddh/mhvastuu.txt	19329	durvaṛṇo	aṛ	durvaṛṇo	durvaṛṇo	SOURCE_PRESENT	none	durvaṛṇo
4_rellit/buddh/mhvastuu.txt	19401	bhikṣvao	ao	bhikṣvao	bhikṣvao	SOURCE_PRESENT	none	bhikṣvao
4_rellit/buddh/mhvastuu.txt	19447	rāajā	āa	rāajā	rāajā	SOURCE_PRESENT	none	rāajā
4_rellit/buddh/mhvastuu.txt	19607	puanr	ua	puanr	puanr	SOURCE_PRESENT	none	puanr
4_rellit/buddh/mhvastuu.txt	19765	kṛīḍanti	ṛī	kṛīḍanti	kṛīḍanti	SOURCE_PRESENT	none	kṛīḍanti
4_rellit/buddh/mhvastuu.txt	21807	vaanakisalāni	aa	vaanakisalāni	vaanakisalāni	SOURCE_PRESENT	none	vaanakisalāni
4_rellit/buddh/mhvastuu.txt	21877	antaḥourikā	ou	antaḥourikā	antaḥourikā	SOURCE_PRESENT	none	antaḥourikā
4_rellit/buddh/mhvastuu.txt	21965	ehibhikṣukāe	āe	ehibhikṣukāe	ehibhikṣukāe	SOURCE_PRESENT	none	ehibhikṣukāe
4_rellit/buddh/mhvastuu.txt	22689	paaraṃparāye	aa	paaraṃparāye	paaraṃparāye	SOURCE_PRESENT	none	paaraṃparāye
4_rellit/buddh/mhvastuu.txt	22863	prāaptaḥ	āa	prāaptaḥ	prāaptaḥ	SOURCE_PRESENT	none	prāaptaḥ
4_rellit/buddh/mhvastuu.txt	23811	bhaviṣyatio	io	bhaviṣyatio	bhaviṣyatio	SOURCE_PRESENT	none	bhaviṣyatio
4_rellit/buddh/mhvastuu.txt	24741	pṛādurabhūṣi	ṛā	pṛādurabhūṣi	pṛādurabhūṣi	SOURCE_PRESENT	none	pṛādurabhūṣi
4_rellit/buddh/mhvastuu.txt	25677	kṛīḍā	ṛī	kṛīḍā	kṛīḍā	SOURCE_PRESENT	none	kṛīḍā
4_rellit/buddh/mhvastuu.txt	25967	saritāā	āā	saritāā	saritāā	SOURCE_PRESENT	none	saritāā
4_rellit/buddh/mhvastuu.txt	26331	jāāto	āā	jāāto	jāāto	SOURCE_PRESENT	none	jāāto
4_rellit/buddh/mhvastuu.txt	26695	gautamasyānubhāo	āo	gautamasyānubhāo	gautamasyānubhāo	SOURCE_PRESENT	none	gautamasyānubhāo
4_rellit/buddh/mhvastuu.txt	26699	gauatama	ua	gauatama	gauatama	SOURCE_PRESENT	none	gauatama
4_rellit/buddh/mhvastuu.txt	26939	pauarāṇāni	ua	pauarāṇāni	pauarāṇāni	SOURCE_PRESENT	none	pauarāṇāni
4_rellit/buddh/srabhu_u.txt	51	viaharati	ia	viaharati	viaharati	SOURCE_PRESENT	none	viaharati
4_rellit/buddh/srabhu_u.txt	59	'nayānupūrvyāuttarottarān	āu			UNRESOLVED	none	'nayānupūrvyāuttarottarān
4_rellit/buddh/srabhu_u.txt	141	srotaāpattiphalaṃ	aā	srotaāpattiphalaṃ	srotaāpattiphalaṃ	SOURCE_PRESENT	none	srotaāpattiphalaṃ
4_rellit/buddh/srabhu_u.txt	175	abhisaṃkṣipyaavatārabhūmir	aa			UNRESOLVED	none	abhisaṃkṣipyaavatārabhūmir
4_rellit/buddh/srabhu_u.txt	221	iii	ii		iii	UNRESOLVED	none	iii
4_rellit/buddh/srabhu_u.txt	221	iii	ii		iii	UNRESOLVED	none	iii
4_rellit/buddh/srabhu_u.txt	237	iii	ii			UNRESOLVED	none	iii
4_rellit/buddh/srabhu_u.txt	237	iii	ii			UNRESOLVED	none	iii
4_rellit/buddh/srabhu_u.txt	259	manaāpadāyinaś	aā			UNRESOLVED	none	manaāpadāyinaś
4_rellit/buddh/srabhu_u.txt	259	amanāāpadāyī	āā			UNRESOLVED	none	amanāāpadāyī
4_rellit/buddh/srabhu_u.txt	292	mahaiiasyāśītikasya	ii	mahaiiasyāśītikasya	mahaiiasyāśītikasya	SOURCE_PRESENT	none	mahaiiasyāśītikasya
4_rellit/buddh/srabhu_u.txt	292	mahaiiasyāśītikasya	ia	mahaiiasyāśītikasya	mahaiiasyāśītikasya	SOURCE_PRESENT	none	mahaiiasyāśītikasya
4_rellit/buddh/srabhu_u.txt	296	manaāpo	aā			UNRESOLVED	none	manaāpo
4_rellit/buddh/srabhu_u.txt	752	srotaāpattiphalasya	aā	srotaāpattiphalasya	srotaāpattiphalasya	SOURCE_PRESENT	none	srotaāpattiphalasya
4_rellit/buddh/srabhu_u.txt	758	amanaāpānāṃ	aā	amanaāpānāṃ	amanaāpānāṃ	SOURCE_PRESENT	none	amanaāpānāṃ
4_rellit/buddh/srabhu_u.txt	774	daṃpratyayatāpratītyasamutpādānuiomāṃ	ui	daṃpratyayatāpratītyasamutpādānuiomāṃ	daṃpratyayatāpratītyasamutpādānuiomāṃ	SOURCE_PRESENT	none	daṃpratyayatāpratītyasamutpādānuiomāṃ
4_rellit/buddh/srabhu_u.txt	774	daṃpratyayatāpratītyasamutpādānuiomāṃ	io	daṃpratyayatāpratītyasamutpādānuiomāṃ	daṃpratyayatāpratītyasamutpādānuiomāṃ	SOURCE_PRESENT	none	daṃpratyayatāpratītyasamutpādānuiomāṃ
4_rellit/buddh/srabhu_u.txt	914	iaukikalokottaraviśeṣaprārthanayā	ia	iaukikalokottaraviśeṣaprārthanayā	iaukikalokottaraviśeṣaprārthanayā	SOURCE_PRESENT	none	iaukikalokottaraviśeṣaprārthanayā
4_rellit/buddh/srabhu_u.txt	990	amanaāpānāṃ	aā			UNRESOLVED	none	amanaāpānāṃ
4_rellit/buddh/srabhu_u.txt	996	iābhasatkārakīrtiślokakāmaḥ	iā	iābhasatkārakīrtiślokakāmaḥ	iābhasatkārakīrtiślokakāmaḥ	SOURCE_PRESENT	none	iābhasatkārakīrtiślokakāmaḥ
4_rellit/buddh/srabhu_u.txt	1054	srotaāpattiphalapratipannakaḥ	aā			UNRESOLVED	none	srotaāpattiphalapratipannakaḥ
4_rellit/buddh/srabhu_u.txt	1056	srotaāpannaḥ	aā			UNRESOLVED	none	srotaāpannaḥ
4_rellit/buddh/srabhu_u.txt	1068	srotaāpanno	aā			UNRESOLVED	none	srotaāpanno
4_rellit/buddh/srabhu_u.txt	1070	srotaāpannau	aā			UNRESOLVED	none	srotaāpannau
4_rellit/buddh/srabhu_u.txt	1132	srotaāpattiphalapratipannakasya	aā			UNRESOLVED	none	srotaāpattiphalapratipannakasya
4_rellit/buddh/srabhu_u.txt	1132	srotaāpannasya	aā			UNRESOLVED	none	srotaāpannasya
4_rellit/buddh/srabhu_u.txt	1220	gūthakaṭhiiiaṃ	ii	gūthakaṭhiiiaṃ	gūthakaṭhiiiaṃ	SOURCE_PRESENT	none	gūthakaṭhiiiaṃ
4_rellit/buddh/srabhu_u.txt	1220	gūthakaṭhiiiaṃ	ii	gūthakaṭhiiiaṃ	gūthakaṭhiiiaṃ	SOURCE_PRESENT	none	gūthakaṭhiiiaṃ
4_rellit/buddh/srabhu_u.txt	1220	gūthakaṭhiiiaṃ	ia	gūthakaṭhiiiaṃ	gūthakaṭhiiiaṃ	SOURCE_PRESENT	none	gūthakaṭhiiiaṃ
4_rellit/buddh/srabhu_u.txt	1242	ii	ii		ii	UNRESOLVED	none	ii
4_rellit/buddh/srabhu_u.txt	1470	manaāyatanam	aā			UNRESOLVED	none	manaāyatanam
4_rellit/buddh/srabhu_u.txt	1554	cittacaritaā	aā	cittacaritaā	cittacaritaā	SOURCE_PRESENT	none	cittacaritaā
4_rellit/buddh/srabhu_u.txt	1584	srotaāpanno	aā			UNRESOLVED	none	srotaāpanno
4_rellit/buddh/srabhu_u.txt	1752	yaiiakṣaṇapratisaṃvedino	ii	yaiiakṣaṇapratisaṃvedino	yaiiakṣaṇapratisaṃvedino	SOURCE_PRESENT	none	yaiiakṣaṇapratisaṃvedino
4_rellit/buddh/srabhu_u.txt	1752	yaiiakṣaṇapratisaṃvedino	ia	yaiiakṣaṇapratisaṃvedino	yaiiakṣaṇapratisaṃvedino	SOURCE_PRESENT	none	yaiiakṣaṇapratisaṃvedino
4_rellit/buddh/srabhu_u.txt	1830	mohaparyauasthitam	ua	mohaparyauasthitam	mohaparyauasthitam	SOURCE_PRESENT	none	mohaparyauasthitam
4_rellit/buddh/srabhu_u.txt	1910	anutpannānāiḥ	āi	anutpannānāiḥ	anutpannānāiḥ	SOURCE_PRESENT	none	anutpannānāiḥ
4_rellit/buddh/srabhu_u.txt	1932	uiṣayabalena	ui	uiṣayabalena	uiṣayabalena	SOURCE_PRESENT	none	uiṣayabalena
4_rellit/buddh/srabhu_u.txt	2052	manaāpaṃ	aā			UNRESOLVED	none	manaāpaṃ
4_rellit/buddh/srabhu_u.txt	2052	manaāpaṃ	aā			UNRESOLVED	none	manaāpaṃ
4_rellit/buddh/srabhu_u.txt	2064	srotaāpattiphalaṃ	aā			UNRESOLVED	none	srotaāpattiphalaṃ
4_rellit/buddh/srabhu_u.txt	2068	srotaāpattiphalaṃ	aā			UNRESOLVED	none	srotaāpattiphalaṃ
4_rellit/buddh/srabhu_u.txt	2076	srotaāpattiphalavyavasthānam	aā			UNRESOLVED	none	srotaāpattiphalavyavasthānam
4_rellit/buddh/srabhu_u.txt	2078	srotaāpannasya	aā			UNRESOLVED	none	srotaāpannasya
4_rellit/buddh/srabhu_u.txt	2278	euādikarmikāṇāṃ	eu	euādikarmikāṇāṃ	euādikarmikāṇāṃ	SOURCE_PRESENT	none	euādikarmikāṇāṃ
4_rellit/buddh/srabhu_u.txt	2278	euādikarmikāṇāṃ	uā	euādikarmikāṇāṃ	euādikarmikāṇāṃ	SOURCE_PRESENT	none	euādikarmikāṇāṃ
4_rellit/buddh/srabhu_u.txt	2612	gāihayā	āi	gāihayā	gāihayā	SOURCE_PRESENT	none	gāihayā
4_rellit/buddh/srabhu_u.txt	2660	samādānaprāvivekyaghoṣaābhogasaṃhṛtāḥ	aā			UNRESOLVED	none	samādānaprāvivekyaghoṣaābhogasaṃhṛtāḥ
4_rellit/buddh/sukhvylu.txt	295	candraābhā	aā			UNRESOLVED	none	candraābhā
4_rellit/buddh/sukhvylu.txt	1037	candrasūryaābhā	aā			UNRESOLVED	none	candrasūryaābhā
4_rellit/buddh/sukhvylu.txt	1041	narendraābha	aā			UNRESOLVED	none	narendraābha
4_rellit/buddh/sukhvylu.txt	2121	amitaāyu	aā			UNRESOLVED	none	amitaāyu
4_rellit/buddh/sukhvylu.txt	2137	amitaāyu	aā			UNRESOLVED	none	amitaāyu
4_rellit/buddh/sukhvylu.txt	2529	uttaptahemavrṇasadṛaśāvabhāsa	ṛa	uttaptahemavrṇasadṛaśāvabhāsa	uttaptahemavrṇasadṛaśāvabhāsa	SOURCE_PRESENT	none	uttaptahemavrṇasadṛaśāvabhāsa
4_rellit/buddh/sukhvylu.txt	2723	nānāratnamayotpalapadmakumudapuṇḍaṛīkākīrṇāni	aṛ	nānāratnamayotpalapadmakumudapuṇḍaṛīkākīrṇāni	nānāratnamayotpalapadmakumudapuṇḍaṛīkākīrṇāni	SOURCE_PRESENT	none	nānāratnamayotpalapadmakumudapuṇḍaṛīkākīrṇāni
4_rellit/buddh/sukhvylu.txt	2723	nānāratnamayotpalapadmakumudapuṇḍaṛīkākīrṇāni	ṛī	nānāratnamayotpalapadmakumudapuṇḍaṛīkākīrṇāni	nānāratnamayotpalapadmakumudapuṇḍaṛīkākīrṇāni	SOURCE_PRESENT	none	nānāratnamayotpalapadmakumudapuṇḍaṛīkākīrṇāni
4_rellit/buddh/sukhvylu.txt	3005	paripūṛṇakalpakoṭīnayutaṃ	ūṛ	paripūṛṇakalpakoṭīnayutaṃ	paripūṛṇakalpakoṭīnayutaṃ	SOURCE_PRESENT	none	paripūṛṇakalpakoṭīnayutaṃ
4_rellit/buddh/sukhvylu.txt	3029	agniparipūṛṇām	ūṛ	agniparipūṛṇām	agniparipūṛṇām	SOURCE_PRESENT	none	agniparipūṛṇām
4_rellit/buddh/udanav_u.txt	149	pūutinā	ūu	pūutinā	pūutinā	SOURCE_PRESENT	none	pūutinā
4_rellit/buddh/udanav_u.txt	825	bhuñjīita	īi	bhuñjīita	bhuñjīita	SOURCE_PRESENT	none	bhuñjīita
4_rellit/buddh/udanav_u.txt	1267	vipluam	ua	vipluam	vipluam	SOURCE_PRESENT	none	vipluam
4_rellit/buddh/vimkn_u.txt	285	iicchavir	ii	iicchavir	iicchavir	SOURCE_PRESENT	none	iicchavir
4_rellit/buddh/vimkn_u.txt	375	jātyāu	āu	jātyāu	jātyāu	SOURCE_PRESENT	none	jātyāu
4_rellit/buddh/vimkn_u.txt	594	srotaāpannasya	aā	srotaāpannasya	srotaāpannasya	SOURCE_PRESENT	none	srotaāpannasya
4_rellit/buddh/vimkn_u.txt	659	iabhante	ia	iabhante	iabhante	SOURCE_PRESENT	none	iabhante
4_rellit/buddh/vimkn_u.txt	856	rogaantarakalpeṣu	aa			UNRESOLVED	none	rogaantarakalpeṣu
4_rellit/buddh/vimkn_u.txt	864	śastraantarakalpeṣu	aa			UNRESOLVED	none	śastraantarakalpeṣu
4_rellit/buddh/vimkn_u.txt	1173	abhisaṃskārakṣanaiakṣaṇapadam	ia	abhisaṃskārakṣanaiakṣaṇapadam	abhisaṃskārakṣanaiakṣaṇapadam	SOURCE_PRESENT	none	abhisaṃskārakṣanaiakṣaṇapadam
4_rellit/buddh/vimkn_u.txt	1267	caainaṃ	aa	caainaṃ	caainaṃ	SOURCE_PRESENT	none	caainaṃ
4_rellit/buddh/vinsutru.txt	595	mātṛāpitṛglānāṃś	ṛā	mātṛāpitṛglānāṃś	mātṛāpitṛglānāṃś	SOURCE_PRESENT	none	mātṛāpitṛglānāṃś
4_rellit/buddh/vinsutru.txt	1655	paraasya	aa	paraasya	paraasya	SOURCE_PRESENT	none	paraasya
4_rellit/buddh/vinsutru.txt	2152	vāhitaāpadharmā	aā		vāhitaāpadharmā	UNRESOLVED	none	vāhitaāpadharmā
4_rellit/buddh/vinsutru.txt	2242	sthūlakocavaneamataciliminikabimbopadhānakamaṃcapīṭhavṛśipīṭhāntare	ea		sthūlakocavaneamataciliminikabimbopadhānakamaṃcapīṭhavṛśipīṭhāntare	UNRESOLVED	none	sthūlakocavaneamataciliminikabimbopadhānakamaṃcapīṭhavṛśipīṭhāntare
4_rellit/buddh/vinsutru.txt	2404	manaāpaṃ	aā			UNRESOLVED	none	manaāpaṃ
4_rellit/buddh/vinsutru.txt	4148	aṣkuñcakaparia	ia	aṣkuñcakaparia	aṣkuñcakaparia	SOURCE_PRESENT	none	aṣkuñcakaparia
4_rellit/buddh/vinsutru.txt	5503	nāa	āa	nāa	nāa	SOURCE_PRESENT	none	nāa
4_rellit/buddh/vinsutru.txt	5599	nimajjanonmajjanatīrāntarasaṃcārānupratisrotovyāyāmajalabherikāmāaṇḍukavādanaśikyikāvedhacakravāḍavajrakakūpakāvartakaraṇalekhā	āa	nimajjanonmajjanatīrāntarasaṃcārānupratisrotovyāyāmajalabherikāmāaṇḍukavādanaśikyikāvedhacakravāḍavajrakakūpakāvartakaraṇalekhā	nimajjanonmajjanatīrāntarasaṃcārānupratisrotovyāyāmajalabherikāmāaṇḍukavādanaśikyikāvedhacakravāḍavajrakakūpakāvartakaraṇalekhā	SOURCE_PRESENT	none	nimajjanonmajjanatīrāntarasaṃcārānupratisrotovyāyāmajalabherikāmāaṇḍukavādanaśikyikāvedhacakravāḍavajrakakūpakāvartakaraṇalekhā
4_rellit/buddh/vinsutru.txt	6347	bhiikṣuṇyām	ii	bhiikṣuṇyām	bhiikṣuṇyām	SOURCE_PRESENT	none	bhiikṣuṇyām
4_rellit/buddh/vinsutru.txt	8220	saāced	aā	saāced	saāced	SOURCE_PRESENT	none	saāced
4_rellit/buddh/vinsutru.txt	8350	uddhartavyāniīti	iī	uddhartavyāniīti	uddhartavyāniīti	SOURCE_PRESENT	none	uddhartavyāniīti
4_rellit/buddh/vinsutru.txt	8716	varuoḍabhāṇḍadāsīdāsakarmakarapauruṣayagomahiṣyajaiḍakabhaiṣajyabuddhaśāstrapustakānāṃ	uo	varuoḍabhāṇḍadāsīdāsakarmakarapauruṣayagomahiṣyajaiḍakabhaiṣajyabuddhaśāstrapustakānāṃ	varuoḍabhāṇḍadāsīdāsakarmakarapauruṣayagomahiṣyajaiḍakabhaiṣajyabuddhaśāstrapustakānāṃ	SOURCE_PRESENT	none	varuoḍabhāṇḍadāsīdāsakarmakarapauruṣayagomahiṣyajaiḍakabhaiṣajyabuddhaśāstrapustakānāṃ
4_rellit/buddh/vinsutru.txt	9412	tiryagvadhiūkatvasyākalpikatvaṃ	iū	tiryagvadhiūkatvasyākalpikatvaṃ	tiryagvadhiūkatvasyākalpikatvaṃ	SOURCE_PRESENT	none	tiryagvadhiūkatvasyākalpikatvaṃ
4_rellit/buddh/vinsutru.txt	9430	udāardreṇa	āa		udāardreṇa	UNRESOLVED	none	udāardreṇa
4_rellit/buddh/vinsutru.txt	10700	parivāena	āe	parivāena	parivāena	SOURCE_PRESENT	none	parivāena
4_rellit/buddh/vinsutru.txt	11186	sāritāām	āā	sāritāām	sāritāām	SOURCE_PRESENT	none	sāritāām
4_rellit/buddh/vinsutru.txt	11414	kāladeśeryāpathānuānāni	uā	kāladeśeryāpathānuānāni	kāladeśeryāpathānuānāni	SOURCE_PRESENT	none	kāladeśeryāpathānuānāni
4_rellit/buddh/vinsutru.txt	12658	snāośīraphalakurvatriśīrṣāṇāṃ	āo	snāośīraphalakurvatriśīrṣāṇāṃ	snāośīraphalakurvatriśīrṣāṇāṃ	SOURCE_PRESENT	none	snāośīraphalakurvatriśīrṣāṇāṃ
4_rellit/buddh/vinv01_u.txt	489	sarvae	ae	sarvae	sarvae	SOURCE_PRESENT	none	sarvae
4_rellit/buddh/vinv05_u.txt	54	srotaāpattiphalaṃ	aā	srotaāpattiphalaṃ	srotaāpattiphalaṃ	SOURCE_PRESENT	none	srotaāpattiphalaṃ
4_rellit/buddh/vinv05_u.txt	64	anupṛaptaḥ	ṛa	anupṛaptaḥ	anupṛaptaḥ	SOURCE_PRESENT	none	anupṛaptaḥ
4_rellit/buddh/vinv07_u.txt	181	srotaāpannasya	aā	srotaāpannasya	srotaāpannasya	SOURCE_PRESENT	none	srotaāpannasya
4_rellit/buddh/vinv07_u.txt	181	srotaāpannasyeti	aā	srotaāpannasyeti	srotaāpannasyeti	SOURCE_PRESENT	none	srotaāpannasyeti
4_rellit/buddh/vinv07_u.txt	221	srotaāpanno	aā	srotaāpanno	srotaāpanno	SOURCE_PRESENT	none	srotaāpanno
4_rellit/buddh/vinv07_u.txt	465	vipratiāra	iā	vipratiāra	vipratiāra	SOURCE_PRESENT	none	vipratiāra
4_rellit/buddh/vinv07_u.txt	467	mātāpitarāu	āu	mātāpitarāu	mātāpitarāu	SOURCE_PRESENT	none	mātāpitarāu
4_rellit/buddh/vinv08_u.txt	211	ii	ii	ii	ii	SOURCE_PRESENT	none	ii
4_rellit/buddh/vinv11_u.txt	21	kāraṇāis	āi	kāraṇāis	kāraṇāis	SOURCE_PRESENT	none	kāraṇāis
4_rellit/buddh/vinv11_u.txt	229	srotaāpattiphalasya	aā	srotaāpattiphalasya	srotaāpattiphalasya	SOURCE_PRESENT	none	srotaāpattiphalasya
4_rellit/buddh/vinv11_u.txt	237	srotaāpattiphalasya	aā	srotaāpattiphalasya	srotaāpattiphalasya	SOURCE_PRESENT	none	srotaāpattiphalasya
4_rellit/buddh/vinv15_u.txt	9	veneration	io		veneration	UNRESOLVED	none	veneration
4_rellit/buddh/vinv15_u.txt	17	householders	ou		householders	UNRESOLVED	none	householders
4_rellit/buddh/vinv15_u.txt	17	veneration	io		veneration	UNRESOLVED	none	veneration
4_rellit/buddh/vinv15_u.txt	37	sapṛāṇakāni	ṛā	sapṛāṇakāni	sapṛāṇakāni	SOURCE_PRESENT	none	sapṛāṇakāni
4_rellit/buddh/vinv15_u.txt	60	eulogises	eu	eulogises	eulogises	SOURCE_PRESENT	none	eulogises
4_rellit/buddh/vinv15_u.txt	68	ieam	ie	ieam	ieam	SOURCE_PRESENT	none	ieam
4_rellit/buddh/vinv15_u.txt	68	ieam	ea	ieam	ieam	SOURCE_PRESENT	none	ieam
4_rellit/buddh/vinv15_u.txt	81	meets	ee	meets	meets	SOURCE_PRESENT	none	meets
4_rellit/buddh/vinv15_u.txt	83	keāśaśmaśrū	eā	keāśaśmaśrū	keāśaśmaśrū	SOURCE_PRESENT	none	keāśaśmaśrū
4_rellit/buddh/vinv15_u.txt	118	catvaṛy	aṛ	catvaṛy	catvaṛy	SOURCE_PRESENT	none	catvaṛy
4_rellit/buddh/vinv15_u.txt	127	obstruction	io	obstruction	obstruction	SOURCE_PRESENT	none	obstruction
4_rellit/buddh/vinv15_u.txt	137	srotaāpattiphalaṃ	aā	srotaāpattiphalaṃ	srotaāpattiphalaṃ	SOURCE_PRESENT	none	srotaāpattiphalaṃ
4_rellit/buddh/vinv15_u.txt	137	kāiścid	āi	kāiścid	kāiścid	SOURCE_PRESENT	none	kāiścid
4_rellit/buddh/vinv15_u.txt	138	srotaāpattiphalaṃ	aā	srotaāpattiphalaṃ	srotaāpattiphalaṃ	SOURCE_PRESENT	none	srotaāpattiphalaṃ
4_rellit/buddh/vinv15_u.txt	160	dvāṣaṣṭibhikṣuasahasraparivṛtaḥ	ua	dvāṣaṣṭibhikṣuasahasraparivṛtaḥ	dvāṣaṣṭibhikṣuasahasraparivṛtaḥ	SOURCE_PRESENT	none	dvāṣaṣṭibhikṣuasahasraparivṛtaḥ
4_rellit/buddh/vinv15_u.txt	201	prescriptions	io	prescriptions	prescriptions	SOURCE_PRESENT	none	prescriptions
4_rellit/buddh/vinv15_u.txt	225	misdemeanours	ea	misdemeanours	misdemeanours	SOURCE_PRESENT	none	misdemeanours
4_rellit/buddh/vinv15_u.txt	225	misdemeanours	ou	misdemeanours	misdemeanours	SOURCE_PRESENT	none	misdemeanours
4_rellit/buddh/vinv15_u.txt	231	prakṛāntaḥ	ṛā	prakṛāntaḥ	prakṛāntaḥ	SOURCE_PRESENT	none	prakṛāntaḥ
4_rellit/buddh/vinv15_u.txt	247	sarvanavakiaḥ	ia	sarvanavakiaḥ	sarvanavakiaḥ	SOURCE_PRESENT	none	sarvanavakiaḥ
4_rellit/buddh/vinv15_u.txt	303	vianayadhare	ia	vianayadhare	vianayadhare	SOURCE_PRESENT	none	vianayadhare
4_rellit/buddh/vinv15_u.txt	310	prescriptions	io	prescriptions	prescriptions	SOURCE_PRESENT	none	prescriptions
4_rellit/buddh/vinv15_u.txt	344	veneration	io		veneration	UNRESOLVED	none	veneration
4_rellit/buddh/vinv15_u.txt	346	eulogises	eu	eulogises	eulogises	SOURCE_PRESENT	none	eulogises
4_rellit/buddh/vinv15_u.txt	352	obstruction	io	obstruction	obstruction	SOURCE_PRESENT	none	obstruction
4_rellit/buddh/vinv15_u.txt	362	presciptions	io	presciptions	presciptions	SOURCE_PRESENT	none	presciptions
4_rellit/buddh/vinv15_u.txt	364	misdemeanours	ea	misdemeanours	misdemeanours	SOURCE_PRESENT	none	misdemeanours
4_rellit/buddh/vinv15_u.txt	364	misdemeanours	ou	misdemeanours	misdemeanours	SOURCE_PRESENT	none	misdemeanours
4_rellit/buddh/vinv15_u.txt	366	presciptions	io	presciptions	presciptions	SOURCE_PRESENT	none	presciptions
4_rellit/buddh/vinv16_u.txt	21	rājaṛddhyā	aṛ	rājaṛddhyā	rājaṛddhyā	SOURCE_PRESENT	none	rājaṛddhyā
4_rellit/buddh/vinv16_u.txt	62	vanditvāikānte	āi	vanditvāikānte	vanditvāikānte	SOURCE_PRESENT	none	vanditvāikānte
4_rellit/buddh/vinv16_u.txt	73	srotaāpattiphalaṃ	aā	srotaāpattiphalaṃ	srotaāpattiphalaṃ	SOURCE_PRESENT	none	srotaāpattiphalaṃ
4_rellit/buddh/vinv16_u.txt	81	srotaāpattiphalaṃ	aā	srotaāpattiphalaṃ	srotaāpattiphalaṃ	SOURCE_PRESENT	none	srotaāpattiphalaṃ
4_rellit/buddh/vinv16_u.txt	83	tejodhātāuḥ	āu	tejodhātāuḥ	tejodhātāuḥ	SOURCE_PRESENT	none	tejodhātāuḥ
4_rellit/buddh/vinv16_u.txt	91	āyācae	ae	āyācae	āyācae	SOURCE_PRESENT	none	āyācae
4_rellit/buddh/vinv16_u.txt	94	srotaāpattiphalaṃ	aā	srotaāpattiphalaṃ	srotaāpattiphalaṃ	SOURCE_PRESENT	none	srotaāpattiphalaṃ
4_rellit/buddh/vinv16_u.txt	145	kuśalābhiiprāyasya	ii	kuśalābhiiprāyasya	kuśalābhiiprāyasya	SOURCE_PRESENT	none	kuśalābhiiprāyasya
4_rellit/buddh/vinv16_u.txt	147	cādhikaraṛam	aṛ	cādhikaraṛam	cādhikaraṛam	SOURCE_PRESENT	none	cādhikaraṛam
4_rellit/buddh/vinv16_u.txt	147	cādhikaraṛam	ṛa	cādhikaraṛam	cādhikaraṛam	SOURCE_PRESENT	none	cādhikaraṛam
4_rellit/buddh/vinv16_u.txt	178	three	ee		three	UNRESOLVED	none	three
4_rellit/buddh/vinv16_u.txt	186	pañcabhiṛ	iṛ	pañcabhiṛ	pañcabhiṛ	SOURCE_PRESENT	none	pañcabhiṛ
4_rellit/buddh/vinv16_u.txt	204	iahaikeṣām	ia	iahaikeṣām	iahaikeṣām	SOURCE_PRESENT	none	iahaikeṣām
4_rellit/buddh/vinv16_u.txt	298	śoṣayaeti	ae	śoṣayaeti	śoṣayaeti	SOURCE_PRESENT	none	śoṣayaeti
4_rellit/buddh/vinv171u.txt	115	veedanā	ee	veedanā	veedanā	SOURCE_PRESENT	none	veedanā
4_rellit/buddh/vinv171u.txt	131	reign	ei	reign	reign	SOURCE_PRESENT	none	reign
4_rellit/buddh/vinv171u.txt	149	kukṣāu	āu	kukṣāu	kukṣāu	SOURCE_PRESENT	none	kukṣāu
4_rellit/buddh/vinv171u.txt	159	conception	io	conception	conception	SOURCE_PRESENT	none	conception
4_rellit/buddh/vinv171u.txt	159	auspicious	io	auspicious	auspicious	SOURCE_PRESENT	none	auspicious
4_rellit/buddh/vinv171u.txt	159	auspicious	ou	auspicious	auspicious	SOURCE_PRESENT	none	auspicious
4_rellit/buddh/vinv171u.txt	159	dream	ea	dream	dream	SOURCE_PRESENT	none	dream
4_rellit/buddh/vinv171u.txt	229	mahāpuruṣalakṣaṇāiḥ	āi	mahāpuruṣalakṣaṇāiḥ	mahāpuruṣalakṣaṇāiḥ	SOURCE_PRESENT	none	mahāpuruṣalakṣaṇāiḥ
4_rellit/buddh/vinv171u.txt	231	dvāu	āu	dvāu	dvāu	SOURCE_PRESENT	none	dvāu
4_rellit/buddh/vinv171u.txt	379	niṛīkṣamāṇau	iṛ	niṛīkṣamāṇau	niṛīkṣamāṇau	SOURCE_PRESENT	none	niṛīkṣamāṇau
4_rellit/buddh/vinv171u.txt	379	niṛīkṣamāṇau	ṛī	niṛīkṣamāṇau	niṛīkṣamāṇau	SOURCE_PRESENT	none	niṛīkṣamāṇau
4_rellit/buddh/vinv171u.txt	447	puatiśrutya	ua	puatiśrutya	puatiśrutya	SOURCE_PRESENT	none	puatiśrutya
4_rellit/buddh/vinv171u.txt	457	bhaktakāiasamayo	āi	bhaktakāiasamayo	bhaktakāiasamayo	SOURCE_PRESENT	none	bhaktakāiasamayo
4_rellit/buddh/vinv171u.txt	457	bhaktakāiasamayo	ia	bhaktakāiasamayo	bhaktakāiasamayo	SOURCE_PRESENT	none	bhaktakāiasamayo
4_rellit/buddh/vinv171u.txt	577	renunciation	ia	renunciation	renunciation	SOURCE_PRESENT	none	renunciation
4_rellit/buddh/vinv171u.txt	577	renunciation	io	renunciation	renunciation	SOURCE_PRESENT	none	renunciation
4_rellit/buddh/vinv171u.txt	815	meeting	ee		meeting	UNRESOLVED	none	meeting
4_rellit/buddh/vinv171u.txt	963	three	ee	three	three	SOURCE_PRESENT	none	three
4_rellit/buddh/vinv171u.txt	979	vyāktṛaḥ	ṛa	vyāktṛaḥ	vyāktṛaḥ	SOURCE_PRESENT	none	vyāktṛaḥ
4_rellit/buddh/vinv171u.txt	1058	determination	io	determination	determination	SOURCE_PRESENT	none	determination
4_rellit/buddh/vinv171u.txt	1070	dṛāṭvā	ṛā	dṛāṭvā	dṛāṭvā	SOURCE_PRESENT	none	dṛāṭvā
4_rellit/buddh/vinv171u.txt	1072	imaū	aū	imaū	imaū	SOURCE_PRESENT	none	imaū
4_rellit/buddh/vinv171u.txt	1146	brought	ou	brought	brought	SOURCE_PRESENT	none	brought
4_rellit/buddh/vinv171u.txt	1354	goes	oe	goes	goes	SOURCE_PRESENT	none	goes
4_rellit/buddh/vinv171u.txt	1374	śrotraāpattiphalaṃ	aā	śrotraāpattiphalaṃ	śrotraāpattiphalaṃ	SOURCE_PRESENT	none	śrotraāpattiphalaṃ
4_rellit/buddh/vinv171u.txt	1466	rājaṛddhyā	aṛ	rājaṛddhyā	rājaṛddhyā	SOURCE_PRESENT	none	rājaṛddhyā
4_rellit/buddh/vinv171u.txt	1468	meets	ee	meets	meets	SOURCE_PRESENT	none	meets
4_rellit/buddh/vinv171u.txt	1512	obstruction	io	obstruction	obstruction	SOURCE_PRESENT	none	obstruction
4_rellit/buddh/vinv171u.txt	1520	srotaāpattiphalaṃ	aā	srotaāpattiphalaṃ	srotaāpattiphalaṃ	SOURCE_PRESENT	none	srotaāpattiphalaṃ
4_rellit/buddh/vinv171u.txt	1521	srotaāpattiphalaṃ	aā	srotaāpattiphalaṃ	srotaāpattiphalaṃ	SOURCE_PRESENT	none	srotaāpattiphalaṃ
4_rellit/buddh/vinv171u.txt	1541	meets	ee	meets	meets	SOURCE_PRESENT	none	meets
4_rellit/buddh/vinv171u.txt	1659	instructions	io	instructions	instructions	SOURCE_PRESENT	none	instructions
4_rellit/buddh/vinv171u.txt	1885	srotaāpattiphalaṃ	aā	srotaāpattiphalaṃ	srotaāpattiphalaṃ	SOURCE_PRESENT	none	srotaāpattiphalaṃ
4_rellit/buddh/vinv171u.txt	1885	srotaāpattiphalaṃ	aā	srotaāpattiphalaṃ	srotaāpattiphalaṃ	SOURCE_PRESENT	none	srotaāpattiphalaṃ
4_rellit/buddh/vinv171u.txt	1885	srotaāpattiphalaṃ	aā	srotaāpattiphalaṃ	srotaāpattiphalaṃ	SOURCE_PRESENT	none	srotaāpattiphalaṃ
4_rellit/buddh/vinv171u.txt	1885	srotaāpattiphalaṃ	aā	srotaāpattiphalaṃ	srotaāpattiphalaṃ	SOURCE_PRESENT	none	srotaāpattiphalaṃ
4_rellit/buddh/vinv171u.txt	1909	teaches	ea	teaches	teaches	SOURCE_PRESENT	none	teaches
4_rellit/buddh/vinv171u.txt	1911	devatāśatasahasraiṛ	iṛ	devatāśatasahasraiṛ	devatāśatasahasraiṛ	SOURCE_PRESENT	none	devatāśatasahasraiṛ
4_rellit/buddh/vinv171u.txt	1915	teaches	ea	teaches	teaches	SOURCE_PRESENT	none	teaches
4_rellit/buddh/vinv171u.txt	1917	srotaāpattiphalaṃ	aā	srotaāpattiphalaṃ	srotaāpattiphalaṃ	SOURCE_PRESENT	none	srotaāpattiphalaṃ
4_rellit/buddh/vinv171u.txt	2042	gaṅgapālaṛṣibhūtasya	aṛ	gaṅgapālaṛṣibhūtasya	gaṅgapālaṛṣibhūtasya	SOURCE_PRESENT	none	gaṅgapālaṛṣibhūtasya
4_rellit/buddh/vinv171u.txt	2046	subdues	ue	subdues	subdues	SOURCE_PRESENT	none	subdues
4_rellit/buddh/vinv171u.txt	2048	mahaśṛamaṇaḥ	ṛa	mahaśṛamaṇaḥ	mahaśṛamaṇaḥ	SOURCE_PRESENT	none	mahaśṛamaṇaḥ
4_rellit/buddh/vinv171u.txt	2060	rūpaātmabhāvas	aā	rūpaātmabhāvas	rūpaātmabhāvas	SOURCE_PRESENT	none	rūpaātmabhāvas
4_rellit/buddh/vinv171u.txt	2060	rūpaātmabhāvas	aā	rūpaātmabhāvas	rūpaātmabhāvas	SOURCE_PRESENT	none	rūpaātmabhāvas
4_rellit/buddh/vinv171u.txt	2064	rūpaātmabhāvas	aā	rūpaātmabhāvas	rūpaātmabhāvas	SOURCE_PRESENT	none	rūpaātmabhāvas
4_rellit/buddh/vinv171u.txt	2064	rūpaātmabhāvas	aā	rūpaātmabhāvas	rūpaātmabhāvas	SOURCE_PRESENT	none	rūpaātmabhāvas
4_rellit/buddh/vinv171u.txt	2068	rūpaātmabhāvas	aā	rūpaātmabhāvas	rūpaātmabhāvas	SOURCE_PRESENT	none	rūpaātmabhāvas
4_rellit/buddh/vinv171u.txt	2068	rūpaātmabhāvas	aā	rūpaātmabhāvas	rūpaātmabhāvas	SOURCE_PRESENT	none	rūpaātmabhāvas
4_rellit/buddh/vinv171u.txt	2070	reads	ea	reads	reads	SOURCE_PRESENT	none	reads
4_rellit/buddh/vinv171u.txt	2070	thoughts	ou	thoughts	thoughts	SOURCE_PRESENT	none	thoughts
4_rellit/buddh/vinv171u.txt	2078	arjunatree	ee	arjunatree	arjunatree	SOURCE_PRESENT	none	arjunatree
4_rellit/buddh/vinv172u.txt	137	suotaṃ	uo	suotaṃ	suotaṃ	SOURCE_PRESENT	none	suotaṃ
4_rellit/buddh/vinv172u.txt	155	avoat	oa	avoat	avoat	SOURCE_PRESENT	none	avoat
4_rellit/buddh/vinv172u.txt	193	seeks	ee	seeks	seeks	SOURCE_PRESENT	none	seeks
4_rellit/buddh/vinv172u.txt	195	tathāivānucaritavyo	āi	tathāivānucaritavyo	tathāivānucaritavyo	SOURCE_PRESENT	none	tathāivānucaritavyo
4_rellit/buddh/vinv172u.txt	195	srotaāpattiphalaṃ	aā	srotaāpattiphalaṃ	srotaāpattiphalaṃ	SOURCE_PRESENT	none	srotaāpattiphalaṃ
4_rellit/buddh/vinv172u.txt	215	suicide	ui	suicide	suicide	SOURCE_PRESENT	none	suicide
4_rellit/buddh/vinv172u.txt	221	bhāryāṛthāya	āṛ	bhāryāṛthāya	bhāryāṛthāya	SOURCE_PRESENT	none	bhāryāṛthāya
4_rellit/buddh/vinv172u.txt	229	srotaāpattiphalaṃ	aā	srotaāpattiphalaṃ	srotaāpattiphalaṃ	SOURCE_PRESENT	none	srotaāpattiphalaṃ
4_rellit/buddh/vinv172u.txt	286	conversion	io		conversion	UNRESOLVED	none	conversion
4_rellit/buddh/vinv172u.txt	322	chooses	oo	chooses	chooses	SOURCE_PRESENT	none	chooses
4_rellit/buddh/vinv172u.txt	368	ṛjukaṛjukajātīyo	aṛ	ṛjukaṛjukajātīyo	ṛjukaṛjukajātīyo	SOURCE_PRESENT	none	ṛjukaṛjukajātīyo
4_rellit/buddh/vinv172u.txt	374	devadattasyaitead	ea	devadattasyaitead	devadattasyaitead	SOURCE_PRESENT	none	devadattasyaitead
4_rellit/buddh/vinv172u.txt	394	devadattao	ao	devadattao	devadattao	SOURCE_PRESENT	none	devadattao
4_rellit/buddh/vinv172u.txt	416	about	ou	about	about	SOURCE_PRESENT	none	about
4_rellit/buddh/vinv172u.txt	416	congregation	io		congregation	UNRESOLVED	none	congregation
4_rellit/buddh/vinv172u.txt	450	resolution	io	resolution	resolution	SOURCE_PRESENT	none	resolution
4_rellit/buddh/vinv172u.txt	450	about	ou	about	about	SOURCE_PRESENT	none	about
4_rellit/buddh/vinv172u.txt	450	congregation	io		congregation	UNRESOLVED	none	congregation
4_rellit/buddh/vinv172u.txt	456	arthāu	āu	arthāu	arthāu	SOURCE_PRESENT	none	arthāu
4_rellit/buddh/vinv172u.txt	472	goes	oe	goes	goes	SOURCE_PRESENT	none	goes
4_rellit/buddh/vinv172u.txt	573	rājaṛddhyā	aṛ	rājaṛddhyā	rājaṛddhyā	SOURCE_PRESENT	none	rājaṛddhyā
4_rellit/buddh/vinv172u.txt	577	aāhūyatāṃ	aā	aāhūyatāṃ	aāhūyatāṃ	SOURCE_PRESENT	none	aāhūyatāṃ
4_rellit/buddh/vinv172u.txt	577	prāṇāir	āi	prāṇāir	prāṇāir	SOURCE_PRESENT	none	prāṇāir
4_rellit/buddh/vinv172u.txt	1203	nātikaṭukaī	aī	nātikaṭukaī	nātikaṭukaī	SOURCE_PRESENT	none	nātikaṭukaī
4_rellit/buddh/vinv172u.txt	1251	see	ee	see	see	SOURCE_PRESENT	none	see
4_rellit/buddh/vinv172u.txt	1255	goes	oe	goes	goes	SOURCE_PRESENT	none	goes
4_rellit/buddh/vinv172u.txt	1259	bamboo	oo	bamboo	bamboo	SOURCE_PRESENT	none	bamboo
4_rellit/buddh/vinv172u.txt	1259	see	ee	see	see	SOURCE_PRESENT	none	see
4_rellit/buddh/vinv172u.txt	1265	srotaāpattiphalaṃ	aā	srotaāpattiphalaṃ	srotaāpattiphalaṃ	SOURCE_PRESENT	none	srotaāpattiphalaṃ
4_rellit/buddh/vinv172u.txt	1323	people	eo	people	people	SOURCE_PRESENT	none	people
4_rellit/buddh/vinv172u.txt	1393	srotaāpattiphalaṃ	aā	srotaāpattiphalaṃ	srotaāpattiphalaṃ	SOURCE_PRESENT	none	srotaāpattiphalaṃ
4_rellit/buddh/vinv172u.txt	1481	srotaāpattiphalaṃ	aā	srotaāpattiphalaṃ	srotaāpattiphalaṃ	SOURCE_PRESENT	none	srotaāpattiphalaṃ
4_rellit/buddh/vinv172u.txt	1481	srotaāpattiphalaṃ	aā	srotaāpattiphalaṃ	srotaāpattiphalaṃ	SOURCE_PRESENT	none	srotaāpattiphalaṃ
4_rellit/buddh/vinv172u.txt	1497	srotaāpattiphalaṃ	aā	srotaāpattiphalaṃ	srotaāpattiphalaṃ	SOURCE_PRESENT	none	srotaāpattiphalaṃ
4_rellit/buddh/vinv172u.txt	1741	prāṇāir	āi	prāṇāir	prāṇāir	SOURCE_PRESENT	none	prāṇāir
4_rellit/buddh/vinv172u.txt	1814	srotaāpattiphalaṃ	aā	srotaāpattiphalaṃ	srotaāpattiphalaṃ	SOURCE_PRESENT	none	srotaāpattiphalaṃ
4_rellit/buddh/vinv172u.txt	1856	previous	io		previous	UNRESOLVED	none	previous
4_rellit/buddh/vinv172u.txt	1856	previous	ou		previous	UNRESOLVED	none	previous
4_rellit/buddh/vinv172u.txt	2010	congregation	io		congregation	UNRESOLVED	none	congregation
4_rellit/buddh/vinv172u.txt	2112	theory	eo		theory	UNRESOLVED	none	theory
4_rellit/buddh/vinv172u.txt	2120	theory	eo		theory	UNRESOLVED	none	theory
4_rellit/buddh/vinv172u.txt	2128	theory	eo		theory	UNRESOLVED	none	theory
4_rellit/buddh/vinv172u.txt	2136	theory	eo		theory	UNRESOLVED	none	theory
4_rellit/buddh/vinv172u.txt	2144	theory	eo		theory	UNRESOLVED	none	theory
4_rellit/buddh/vinv172u.txt	2148	kātyāyanao	ao	kātyāyanao	kātyāyanao	SOURCE_PRESENT	none	kātyāyanao
4_rellit/buddh/vinv_06u.txt	321	vivarṇayeyeam	ea	vivarṇayeyeam	vivarṇayeyeam	SOURCE_PRESENT	none	vivarṇayeyeam
4_rellit/buddh/vinv_06u.txt	782	vaṛṣati	aṛ	vaṛṣati	vaṛṣati	SOURCE_PRESENT	none	vaṛṣati
4_rellit/buddh/vinv_06u.txt	1237	kṛīḍate	ṛī	kṛīḍate	kṛīḍate	SOURCE_PRESENT	none	kṛīḍate
4_rellit/buddh/vinv_06u.txt	1423	mahāṛṣeḥ	āṛ	mahāṛṣeḥ	mahāṛṣeḥ	SOURCE_PRESENT	none	mahāṛṣeḥ
4_rellit/buddh/vinv_06u.txt	2755	srotaāpattiphalaṃ	aā	srotaāpattiphalaṃ	srotaāpattiphalaṃ	SOURCE_PRESENT	none	srotaāpattiphalaṃ
4_rellit/buddh/vinv_06u.txt	2799	srotaāpattiphalaṃ	aā	srotaāpattiphalaṃ	srotaāpattiphalaṃ	SOURCE_PRESENT	none	srotaāpattiphalaṃ
4_rellit/buddh/vinv_06u.txt	2805	srotaāpattiphalaṃ	aā	srotaāpattiphalaṃ	srotaāpattiphalaṃ	SOURCE_PRESENT	none	srotaāpattiphalaṃ
4_rellit/buddh/vinv_06u.txt	2872	śailaṛṣir	aṛ	śailaṛṣir	śailaṛṣir	SOURCE_PRESENT	none	śailaṛṣir
4_rellit/buddh/vinv_06u.txt	2876	srotaāpattiphalam	aā	srotaāpattiphalam	srotaāpattiphalam	SOURCE_PRESENT	none	srotaāpattiphalam
4_rellit/buddh/vinv_06u.txt	2878	srotaāpattiphalam	aā	srotaāpattiphalam	srotaāpattiphalam	SOURCE_PRESENT	none	srotaāpattiphalam
4_rellit/saiva/kubjt_pu.txt	3041	eaṃ	ea	eaṃ	eaṃ	SOURCE_PRESENT	none	eaṃ
4_rellit/saiva/kubjt_pu.txt	5039	dhvajāekuśadhanurdharam	āe	dhvajāekuśadhanurdharam	dhvajāekuśadhanurdharam	SOURCE_PRESENT	none	dhvajāekuśadhanurdharam
4_rellit/saiva/kubjt_pu.txt	7763	siddhāīti	āī	siddhāīti	siddhāīti	SOURCE_PRESENT	none	siddhāīti
4_rellit/saiva/kubjt_pu.txt	7763	ṛddhāī	āī	ṛddhāī	ṛddhāī	SOURCE_PRESENT	none	ṛddhāī
4_rellit/saiva/kubjt_pu.txt	7767	dīptāikā	āi	dīptāikā	dīptāikā	SOURCE_PRESENT	none	dīptāikā
4_rellit/saiva/kubjt_pu.txt	7767	nālāikā	āi	nālāikā	nālāikā	SOURCE_PRESENT	none	nālāikā
4_rellit/saiva/kubjt_pu.txt	7769	śivāikā	āi	śivāikā	śivāikā	SOURCE_PRESENT	none	śivāikā
4_rellit/saiva/kubjt_pu.txt	12551	śrīoḍiyānapīṭhavinirgataṃ	īo	śrīoḍiyānapīṭhavinirgataṃ	śrīoḍiyānapīṭhavinirgataṃ	SOURCE_PRESENT	none	śrīoḍiyānapīṭhavinirgataṃ
4_rellit/saiva/malinivu.txt	601	iā	iā	iā	iā	SOURCE_PRESENT	none	iā
4_rellit/saiva/malinivu.txt	613	eaikārau	ea	eaikārau	eaikārau	SOURCE_PRESENT	none	eaikārau
4_rellit/saiva/malinivu.txt	1421	oaukārau	oa			UNRESOLVED	none	oaukārau
4_rellit/saiva/malinivu.txt	1527	ādāvauāv	uā	ādāvauāv	ādāvauāv	SOURCE_PRESENT	none	ādāvauāv
4_rellit/saiva/malinivu.txt	4043	prāyaścittaiṛ	iṛ	prāyaścittaiṛ	prāyaścittaiṛ	SOURCE_PRESENT	none	prāyaścittaiṛ
4_rellit/saiva/malinivu.txt	4771	varṣādiṛtusaṃyuktaṃ	iṛ	varṣādiṛtusaṃyuktaṃ	varṣādiṛtusaṃyuktaṃ	SOURCE_PRESENT	none	varṣādiṛtusaṃyuktaṃ
4_rellit/saiva/mrgt4mpu.txt	205	tatrāasya	āa	tatrāasya	tatrāasya	SOURCE_PRESENT	none	tatrāasya
4_rellit/saiva/parakspu.txt	107	śrīśrīpatigirijāgirijāpatiratiratipatimahīmahīpatimahālakṣmīmahālakṣmīpatiṛddhyāmodasamṛddhipramodakāntisumukhamadanāvatīdurmukhamadadravāvighnadrāviṇīvighnakartṛvasudhārāśaṅkhanidhivasumatīpadmanidhitrayodaśamithuneṣv	iṛ	śrīśrīpatigirijāgirijāpatiratiratipatimahīmahīpatimahālakṣmīmahālakṣmīpatiṛddhyāmodasamṛddhipramodakāntisumukhamadanāvatīdurmukhamadadravāvighnadrāviṇīvighnakartṛvasudhārāśaṅkhanidhivasumatīpadmanidhitrayodaśamithuneṣv	śrīśrīpatigirijāgirijāpatiratiratipatimahīmahīpatimahālakṣmīmahālakṣmīpatiṛddhyāmodasamṛddhipramodakāntisumukhamadanāvatīdurmukhamadadravāvighnadrāviṇīvighnakartṛvasudhārāśaṅkhanidhivasumatīpadmanidhitrayodaśamithuneṣv	SOURCE_PRESENT	none	śrīśrīpatigirijāgirijāpatiratiratipatimahīmahīpatimahālakṣmīmahālakṣmīpatiṛddhyāmodasamṛddhipramodakāntisumukhamadanāvatīdurmukhamadadravāvighnadrāviṇīvighnakartṛvasudhārāśaṅkhanidhivasumatīpadmanidhitrayodaśamithuneṣv
4_rellit/saiva/parakspu.txt	181	sṛṣṭiṛddhismṛtimedhākāntilakṣmīdyutisthirāsthitisiddhayo	iṛ	sṛṣṭiṛddhismṛtimedhākāntilakṣmīdyutisthirāsthitisiddhayo	sṛṣṭiṛddhismṛtimedhākāntilakṣmīdyutisthirāsthitisiddhayo	SOURCE_PRESENT	none	sṛṣṭiṛddhismṛtimedhākāntilakṣmīdyutisthirāsthitisiddhayo
4_rellit/saiva/parakspu.txt	263	bhamarayaūm	aū	bhamarayaūm	bhamarayaūm	SOURCE_PRESENT	none	bhamarayaūm
4_rellit/saiva/parakspu.txt	275	buddhyākarṣiṇīahaṅkārākarṣiṇīśabdākarṣiṇīsparśākarṣiṇīrūpākarṣiṇīrasākarṣiṇīgandhākarṣiṇīcittākarṣiṇīdhairyākarṣiṇīsmṛtyākarṣiṇīnāmākarṣiṇībījākarṣiṇīātmākarṣiṇīamṛtākarṣiṇīśarīrākarṣiṇī	īa	buddhyākarṣiṇīahaṅkārākarṣiṇīśabdākarṣiṇīsparśākarṣiṇīrūpākarṣiṇīrasākarṣiṇīgandhākarṣiṇīcittākarṣiṇīdhairyākarṣiṇīsmṛtyākarṣiṇīnāmākarṣiṇībījākarṣiṇīātmākarṣiṇīamṛtākarṣiṇīśarīrākarṣiṇī	buddhyākarṣiṇīahaṅkārākarṣiṇīśabdākarṣiṇīsparśākarṣiṇīrūpākarṣiṇīrasākarṣiṇīgandhākarṣiṇīcittākarṣiṇīdhairyākarṣiṇīsmṛtyākarṣiṇīnāmākarṣiṇībījākarṣiṇīātmākarṣiṇīamṛtākarṣiṇīśarīrākarṣiṇī	SOURCE_PRESENT	none	buddhyākarṣiṇīahaṅkārākarṣiṇīśabdākarṣiṇīsparśākarṣiṇīrūpākarṣiṇīrasākarṣiṇīgandhākarṣiṇīcittākarṣiṇīdhairyākarṣiṇīsmṛtyākarṣiṇīnāmākarṣiṇībījākarṣiṇīātmākarṣiṇīamṛtākarṣiṇīśarīrākarṣiṇī
4_rellit/saiva/parakspu.txt	275	buddhyākarṣiṇīahaṅkārākarṣiṇīśabdākarṣiṇīsparśākarṣiṇīrūpākarṣiṇīrasākarṣiṇīgandhākarṣiṇīcittākarṣiṇīdhairyākarṣiṇīsmṛtyākarṣiṇīnāmākarṣiṇībījākarṣiṇīātmākarṣiṇīamṛtākarṣiṇīśarīrākarṣiṇī	īā	buddhyākarṣiṇīahaṅkārākarṣiṇīśabdākarṣiṇīsparśākarṣiṇīrūpākarṣiṇīrasākarṣiṇīgandhākarṣiṇīcittākarṣiṇīdhairyākarṣiṇīsmṛtyākarṣiṇīnāmākarṣiṇībījākarṣiṇīātmākarṣiṇīamṛtākarṣiṇīśarīrākarṣiṇī	buddhyākarṣiṇīahaṅkārākarṣiṇīśabdākarṣiṇīsparśākarṣiṇīrūpākarṣiṇīrasākarṣiṇīgandhākarṣiṇīcittākarṣiṇīdhairyākarṣiṇīsmṛtyākarṣiṇīnāmākarṣiṇībījākarṣiṇīātmākarṣiṇīamṛtākarṣiṇīśarīrākarṣiṇī	SOURCE_PRESENT	none	buddhyākarṣiṇīahaṅkārākarṣiṇīśabdākarṣiṇīsparśākarṣiṇīrūpākarṣiṇīrasākarṣiṇīgandhākarṣiṇīcittākarṣiṇīdhairyākarṣiṇīsmṛtyākarṣiṇīnāmākarṣiṇībījākarṣiṇīātmākarṣiṇīamṛtākarṣiṇīśarīrākarṣiṇī
4_rellit/saiva/parakspu.txt	275	buddhyākarṣiṇīahaṅkārākarṣiṇīśabdākarṣiṇīsparśākarṣiṇīrūpākarṣiṇīrasākarṣiṇīgandhākarṣiṇīcittākarṣiṇīdhairyākarṣiṇīsmṛtyākarṣiṇīnāmākarṣiṇībījākarṣiṇīātmākarṣiṇīamṛtākarṣiṇīśarīrākarṣiṇī	īa	buddhyākarṣiṇīahaṅkārākarṣiṇīśabdākarṣiṇīsparśākarṣiṇīrūpākarṣiṇīrasākarṣiṇīgandhākarṣiṇīcittākarṣiṇīdhairyākarṣiṇīsmṛtyākarṣiṇīnāmākarṣiṇībījākarṣiṇīātmākarṣiṇīamṛtākarṣiṇīśarīrākarṣiṇī	buddhyākarṣiṇīahaṅkārākarṣiṇīśabdākarṣiṇīsparśākarṣiṇīrūpākarṣiṇīrasākarṣiṇīgandhākarṣiṇīcittākarṣiṇīdhairyākarṣiṇīsmṛtyākarṣiṇīnāmākarṣiṇībījākarṣiṇīātmākarṣiṇīamṛtākarṣiṇīśarīrākarṣiṇī	SOURCE_PRESENT	none	buddhyākarṣiṇīahaṅkārākarṣiṇīśabdākarṣiṇīsparśākarṣiṇīrūpākarṣiṇīrasākarṣiṇīgandhākarṣiṇīcittākarṣiṇīdhairyākarṣiṇīsmṛtyākarṣiṇīnāmākarṣiṇībījākarṣiṇīātmākarṣiṇīamṛtākarṣiṇīśarīrākarṣiṇī
4_rellit/saiva/parakspu.txt	285	śivabhṛguṛddhiyukphreṃ	uṛ	śivabhṛguṛddhiyukphreṃ	śivabhṛguṛddhiyukphreṃ	SOURCE_PRESENT	none	śivabhṛguṛddhiyukphreṃ
4_rellit/saiva/parakspu.txt	373	vāmājyeṣṭhāraudrīśāntiśraddhāsarasvatīkriyāśaktilakṣmīsṛṣṭimohinīpramathinīāśvāsinīvīcīvidyunmālinīsurānandānāgabuddhikāḥ	īā	vāmājyeṣṭhāraudrīśāntiśraddhāsarasvatīkriyāśaktilakṣmīsṛṣṭimohinīpramathinīāśvāsinīvīcīvidyunmālinīsurānandānāgabuddhikāḥ	vāmājyeṣṭhāraudrīśāntiśraddhāsarasvatīkriyāśaktilakṣmīsṛṣṭimohinīpramathinīāśvāsinīvīcīvidyunmālinīsurānandānāgabuddhikāḥ	SOURCE_PRESENT	none	vāmājyeṣṭhāraudrīśāntiśraddhāsarasvatīkriyāśaktilakṣmīsṛṣṭimohinīpramathinīāśvāsinīvīcīvidyunmālinīsurānandānāgabuddhikāḥ
4_rellit/saiva/parakspu.txt	741	ṣṭhādhānalītaiḥritāviḥrvavāīnārumivāyecchekharā	āī	ṣṭhādhānalītaiḥritāviḥrvavāīnārumivāyecchekharā	ṣṭhādhānalītaiḥritāviḥrvavāīnārumivāyecchekharā	SOURCE_PRESENT	none	ṣṭhādhānalītaiḥritāviḥrvavāīnārumivāyecchekharā
4_rellit/saiva/parakspu.txt	747	nabhavaśrītaṃśvasajamahāsamuraṃnimāyāsarāvakasastrīruvakasadumṛvakasasavakasalovakaakaṃvamāyahāvarṇā	aa	nabhavaśrītaṃśvasajamahāsamuraṃnimāyāsarāvakasastrīruvakasadumṛvakasasavakasalovakaakaṃvamāyahāvarṇā	nabhavaśrītaṃśvasajamahāsamuraṃnimāyāsarāvakasastrīruvakasadumṛvakasasavakasalovakaakaṃvamāyahāvarṇā	SOURCE_PRESENT	none	nabhavaśrītaṃśvasajamahāsamuraṃnimāyāsarāvakasastrīruvakasadumṛvakasasavakasalovakaakaṃvamāyahāvarṇā
4_rellit/saiva/parakspu.txt	759	nabhavavālirtāvāhirāvahakhirāmuaṃaṃnimaḥdhedhinajaṃjaṃnimaḥhehinastaṃstaṃnimaḥrvaṣṭadunāṃrvesavākttakṣukhatihvābhakukuśīvaśabdā	ua	nabhavavālirtāvāhirāvahakhirāmuaṃaṃnimaḥdhedhinajaṃjaṃnimaḥhehinastaṃstaṃnimaḥrvaṣṭadunāṃrvesavākttakṣukhatihvābhakukuśīvaśabdā	nabhavavālirtāvāhirāvahakhirāmuaṃaṃnimaḥdhedhinajaṃjaṃnimaḥhehinastaṃstaṃnimaḥrvaṣṭadunāṃrvesavākttakṣukhatihvābhakukuśīvaśabdā	SOURCE_PRESENT	none	nabhavavālirtāvāhirāvahakhirāmuaṃaṃnimaḥdhedhinajaṃjaṃnimaḥhehinastaṃstaṃnimaḥrvaṣṭadunāṃrvesavākttakṣukhatihvābhakukuśīvaśabdā
4_rellit/saiva/svact_pu.txt	7821	naiṛtyāṃ	iṛ	naiṛtyāṃ	naiṛtyāṃ	SOURCE_PRESENT	none	naiṛtyāṃ
4_rellit/saiva/svact_pu.txt	10293	dvīpiṛkṣamukhaistathā	iṛ	dvīpiṛkṣamukhaistathā	dvīpiṛkṣamukhaistathā	SOURCE_PRESENT	none	dvīpiṛkṣamukhaistathā
4_rellit/saiva/svact_pu.txt	10949	kalpee	ee	kalpee	kalpee	SOURCE_PRESENT	none	kalpee
4_rellit/saiva/svact_pu.txt	13455	reads	ea	reads	reads	SOURCE_PRESENT	none	reads
4_rellit/saiva/svact_pu.txt	13571	reading	ea	reading	reading	SOURCE_PRESENT	none	reading
4_rellit/saiva/svact_pu.txt	14309	kaṛtṛtā	aṛ	kaṛtṛtā	kaṛtṛtā	SOURCE_PRESENT	none	kaṛtṛtā
4_rellit/vaisn/hbhvil_u.txt	423	nivedayeet	ee	nivedayeet	nivedayeet	SOURCE_PRESENT	none	nivedayeet
4_rellit/vaisn/hbhvil_u.txt	589	ataevoktaṃ	ae		ataevoktaṃ	UNRESOLVED	none	ataevoktaṃ
4_rellit/vaisn/hbhvil_u.txt	675	saṛṣidaivatam	aṛ			UNRESOLVED	none	saṛṣidaivatam
4_rellit/vaisn/hbhvil_u.txt	769	ataevoktaṃ	ae		ataevoktaṃ	UNRESOLVED	none	ataevoktaṃ
4_rellit/vaisn/hbhvil_u.txt	945	ataeva	ae		ataeva	UNRESOLVED	none	ataeva
4_rellit/vaisn/hbhvil_u.txt	1647	dhṛitḥ	ṛi	dhṛitḥ	dhṛitḥ	SOURCE_PRESENT	none	dhṛitḥ
4_rellit/vaisn/hbhvil_u.txt	2521	vaṛṇāśramācaravatā	aṛ	vaṛṇāśramācaravatā	vaṛṇāśramācaravatā	SOURCE_PRESENT	none	vaṛṇāśramācaravatā
4_rellit/vaisn/hbhvil_u.txt	2701	nārāyaṇaety	ae	nārāyaṇaety	nārāyaṇaety	SOURCE_PRESENT	none	nārāyaṇaety
4_rellit/vaisn/hbhvil_u.txt	2823	ataevoktaṃ	ae		ataevoktaṃ	UNRESOLVED	none	ataevoktaṃ
4_rellit/vaisn/hbhvil_u.txt	3041	ataeva	ae		ataeva	UNRESOLVED	none	ataeva
4_rellit/vaisn/hbhvil_u.txt	3173	ataeva	ae		ataeva	UNRESOLVED	none	ataeva
4_rellit/vaisn/hbhvil_u.txt	3323	ataevoktaṃ	ae		ataevoktaṃ	UNRESOLVED	none	ataevoktaṃ
4_rellit/vaisn/hbhvil_u.txt	3701	naikahastārpiuttajalair	iu	naikahastārpiuttajalair	naikahastārpiuttajalair	SOURCE_PRESENT	none	naikahastārpiuttajalair
4_rellit/vaisn/hbhvil_u.txt	3797	dinaeṣv	ae	dinaeṣv	dinaeṣv	SOURCE_PRESENT	none	dinaeṣv
4_rellit/vaisn/hbhvil_u.txt	4225	śālagrāmodbhvao	ao	śālagrāmodbhvao	śālagrāmodbhvao	SOURCE_PRESENT	none	śālagrāmodbhvao
4_rellit/vaisn/hbhvil_u.txt	4471	devabrahmaṛṣīn	aṛ			UNRESOLVED	none	devabrahmaṛṣīn
4_rellit/vaisn/hbhvil_u.txt	4553	ataeva	ae		ataeva	UNRESOLVED	none	ataeva
4_rellit/vaisn/hbhvil_u.txt	5021	tathāeva	āe			UNRESOLVED	none	tathāeva
4_rellit/vaisn/hbhvil_u.txt	5607	ataevottarakhaṇḍe	ae	ataevottarakhaṇḍe	ataevottarakhaṇḍe	SOURCE_PRESENT	none	ataevottarakhaṇḍe
4_rellit/vaisn/hbhvil_u.txt	5799	dadātii	ii	dadātii	dadātii	SOURCE_PRESENT	none	dadātii
4_rellit/vaisn/hbhvil_u.txt	5973	ataeva	ae		ataeva	UNRESOLVED	none	ataeva
4_rellit/vaisn/hbhvil_u.txt	6421	upāayanam	āa	upāayanam	upāayanam	SOURCE_PRESENT	none	upāayanam
4_rellit/vaisn/hbhvil_u.txt	6675	tathaivaa	aa	tathaivaa	tathaivaa	SOURCE_PRESENT	none	tathaivaa
4_rellit/vaisn/hbhvil_u.txt	7825	bhūbhāgaaprahāreṇa	aa	bhūbhāgaaprahāreṇa	bhūbhāgaaprahāreṇa	SOURCE_PRESENT	none	bhūbhāgaaprahāreṇa
4_rellit/vaisn/hbhvil_u.txt	8011	kavacenāvaguṇṭhaet	ae	kavacenāvaguṇṭhaet	kavacenāvaguṇṭhaet	SOURCE_PRESENT	none	kavacenāvaguṇṭhaet
4_rellit/vaisn/hbhvil_u.txt	8015	baddhvāstreṇāmṛtīkuṛyād	uṛ	baddhvāstreṇāmṛtīkuṛyād	baddhvāstreṇāmṛtīkuṛyād	SOURCE_PRESENT	none	baddhvāstreṇāmṛtīkuṛyād
4_rellit/vaisn/hbhvil_u.txt	9129	ataeva	ae	ataeva	ataeva	SOURCE_PRESENT	none	ataeva
4_rellit/vaisn/hbhvil_u.txt	9231	śrībhāgavatapāṭhaādāv	aā	śrībhāgavatapāṭhaādāv	śrībhāgavatapāṭhaādāv	SOURCE_PRESENT	none	śrībhāgavatapāṭhaādāv
4_rellit/vaisn/hbhvil_u.txt	9233	ataeva	ae	ataeva	ataeva	SOURCE_PRESENT	none	ataeva
4_rellit/vaisn/hbhvil_u.txt	9235	sandhāryaā	aā	sandhāryaā	sandhāryaā	SOURCE_PRESENT	none	sandhāryaā
4_rellit/vaisn/hbhvil_u.txt	9529	saklaīkaraṇaṃ	aī	saklaīkaraṇaṃ	saklaīkaraṇaṃ	SOURCE_PRESENT	none	saklaīkaraṇaṃ
4_rellit/vaisn/hbhvil_u.txt	9665	tathaivācamaīyasya	aī	tathaivācamaīyasya	tathaivācamaīyasya	SOURCE_PRESENT	none	tathaivācamaīyasya
4_rellit/vaisn/hbhvil_u.txt	10073	labheet	ee	labheet	labheet	SOURCE_PRESENT	none	labheet
4_rellit/vaisn/hbhvil_u.txt	10221	nīrājanae	ae	nīrājanae	nīrājanae	SOURCE_PRESENT	none	nīrājanae
4_rellit/vaisn/hbhvil_u.txt	10315	pañcastaavā	aa	pañcastaavā	pañcastaavā	SOURCE_PRESENT	none	pañcastaavā
4_rellit/vaisn/hbhvil_u.txt	10393	narīa	īa			UNRESOLVED	none	narīa
4_rellit/vaisn/hbhvil_u.txt	10577	śubhiar	ia	śubhiar	śubhiar	SOURCE_PRESENT	none	śubhiar
4_rellit/vaisn/hbhvil_u.txt	10727	kāena	āe	kāena	kāena	SOURCE_PRESENT	none	kāena
4_rellit/vaisn/hbhvil_u.txt	11229	yathāivordhvam	āi	yathāivordhvam	yathāivordhvam	SOURCE_PRESENT	none	yathāivordhvam
4_rellit/vaisn/hbhvil_u.txt	11231	tathāivordhvagato	āi	tathāivordhvagato	tathāivordhvagato	SOURCE_PRESENT	none	tathāivordhvagato
4_rellit/vaisn/hbhvil_u.txt	12935	madhusūudanaḥ	ūu	madhusūudanaḥ	madhusūudanaḥ	SOURCE_PRESENT	none	madhusūudanaḥ
4_rellit/vaisn/hbhvil_u.txt	14039	viśākhāṛkṣasaṃyukta	āṛ			UNRESOLVED	none	viśākhāṛkṣasaṃyukta
4_rellit/vaisn/hbhvil_u.txt	15453	you	ou	you	you	SOURCE_PRESENT	none	you
4_rellit/vaisn/hbhvil_u.txt	16315	ataeva	ae		ataeva	UNRESOLVED	none	ataeva
4_rellit/vaisn/hbhvil_u.txt	16335	śrīṛṣabhadevasya	īṛ			UNRESOLVED	none	śrīṛṣabhadevasya
4_rellit/vaisn/hbhvil_u.txt	16403	ataevoktaṃ	ae		ataevoktaṃ	UNRESOLVED	none	ataevoktaṃ
4_rellit/vaisn/hbhvil_u.txt	16803	ataevoktaṃ	ae		ataevoktaṃ	UNRESOLVED	none	ataevoktaṃ
4_rellit/vaisn/hbhvil_u.txt	17155	ataeva	ae		ataeva	UNRESOLVED	none	ataeva
4_rellit/vaisn/hbhvil_u.txt	17327	ataevoktaṃ	ae		ataevoktaṃ	UNRESOLVED	none	ataevoktaṃ
4_rellit/vaisn/hbhvil_u.txt	17337	ataeva	ae		ataeva	UNRESOLVED	none	ataeva
4_rellit/vaisn/hbhvil_u.txt	17353	ataevoktaṃ	ae		ataevoktaṃ	UNRESOLVED	none	ataevoktaṃ
4_rellit/vaisn/hbhvil_u.txt	17381	'narthanivartakatāarthaprāpakatā	āa	'narthanivartakatāarthaprāpakatā	'narthanivartakatāarthaprāpakatā	SOURCE_PRESENT	none	'narthanivartakatāarthaprāpakatā
4_rellit/vaisn/hbhvil_u.txt	17479	ataevoktaṃ	ae		ataevoktaṃ	UNRESOLVED	none	ataevoktaṃ
4_rellit/vaisn/hbhvil_u.txt	17545	śrīailopākhyānānte	īa			UNRESOLVED	none	śrīailopākhyānānte
4_rellit/vaisn/hbhvil_u.txt	17575	ataevoktaṃ	ae		ataevoktaṃ	UNRESOLVED	none	ataevoktaṃ
4_rellit/vaisn/hbhvil_u.txt	17599	ataeva	ae		ataeva	UNRESOLVED	none	ataeva
4_rellit/vaisn/hbhvil_u.txt	17609	ataeva	ae		ataeva	UNRESOLVED	none	ataeva
4_rellit/vaisn/hbhvil_u.txt	17621	ataeva	ae		ataeva	UNRESOLVED	none	ataeva
4_rellit/vaisn/hbhvil_u.txt	17661	śrīumāmaheśvarasaṃvāde	īu			UNRESOLVED	none	śrīumāmaheśvarasaṃvāde
4_rellit/vaisn/hbhvil_u.txt	17713	ataevoktaṃ	ae		ataevoktaṃ	UNRESOLVED	none	ataevoktaṃ
4_rellit/vaisn/hbhvil_u.txt	17725	ataeva	ae		ataeva	UNRESOLVED	none	ataeva
4_rellit/vaisn/hbhvil_u.txt	17731	ataeva	ae		ataeva	UNRESOLVED	none	ataeva
4_rellit/vaisn/hbhvil_u.txt	17785	ataevoktaṃ	ae		ataevoktaṃ	UNRESOLVED	none	ataevoktaṃ
4_rellit/vaisn/hbhvil_u.txt	17791	ataevoktaṃ	ae		ataevoktaṃ	UNRESOLVED	none	ataevoktaṃ
4_rellit/vaisn/hbhvil_u.txt	18247	ataevoktaṃ	ae		ataevoktaṃ	UNRESOLVED	none	ataevoktaṃ
4_rellit/vaisn/hbhvil_u.txt	18559	ataevoktaṃ	ae		ataevoktaṃ	UNRESOLVED	none	ataevoktaṃ
4_rellit/vaisn/hbhvil_u.txt	18601	ataeva	ae		ataeva	UNRESOLVED	none	ataeva
4_rellit/vaisn/hbhvil_u.txt	18721	ataevoktaṃ	ae		ataevoktaṃ	UNRESOLVED	none	ataevoktaṃ
4_rellit/vaisn/hbhvil_u.txt	18747	ataeva	ae		ataeva	UNRESOLVED	none	ataeva
4_rellit/vaisn/hbhvil_u.txt	19055	ataeva	ae		ataeva	UNRESOLVED	none	ataeva
4_rellit/vaisn/hbhvil_u.txt	19719	punaāc	aā			UNRESOLVED	none	punaāc
4_rellit/vaisn/hbhvil_u.txt	19831	pramṛjyaa	aa	pramṛjyaa	pramṛjyaa	SOURCE_PRESENT	none	pramṛjyaa
4_rellit/vaisn/hbhvil_u.txt	20329	naviopasarpataḥ	io	naviopasarpataḥ	naviopasarpataḥ	SOURCE_PRESENT	none	naviopasarpataḥ
4_rellit/vaisn/hbhvil_u.txt	20485	tathāiva	āi	tathāiva	tathāiva	SOURCE_PRESENT	none	tathāiva
4_rellit/vaisn/hbhvil_u.txt	22347	śrīṛṣabhadevacaritānte	īṛ			UNRESOLVED	none	śrīṛṣabhadevacaritānte
4_rellit/vaisn/hbhvil_u.txt	22873	aśubhaa	aa	aśubhaa	aśubhaa	SOURCE_PRESENT	none	aśubhaa
4_rellit/vaisn/hbhvil_u.txt	23035	śrīuddhavena	īu			UNRESOLVED	none	śrīuddhavena
4_rellit/vaisn/hbhvil_u.txt	23099	ciatyataruṃ	ia	ciatyataruṃ	ciatyataruṃ	SOURCE_PRESENT	none	ciatyataruṃ
4_rellit/vaisn/hbhvil_u.txt	23131	pravartetaa	aa	pravartetaa	pravartetaa	SOURCE_PRESENT	none	pravartetaa
4_rellit/vaisn/hbhvil_u.txt	23357	jñānāpavāo	āo	jñānāpavāo	jñānāpavāo	SOURCE_PRESENT	none	jñānāpavāo
4_rellit/vaisn/satvtanu.txt	307	tasyāu	āu	tasyāu	tasyāu	SOURCE_PRESENT	none	tasyāu
4_rellit/vaisn/satvtanu.txt	1471	sahaojobalāśrayaḥ	ao	sahaojobalāśrayaḥ	sahaojobalāśrayaḥ	SOURCE_PRESENT	none	sahaojobalāśrayaḥ
4_rellit/vaisn/satvtanu.txt	1481	devaṛṣiḥ	aṛ	devaṛṣiḥ	devaṛṣiḥ	SOURCE_PRESENT	none	devaṛṣiḥ
4_rellit/vaisn/satvtanu.txt	1521	naraṛṣir	aṛ	naraṛṣir	naraṛṣir	SOURCE_PRESENT	none	naraṛṣir
4_rellit/vaisn/ss1_tatu.txt	273	sadoṣāṇīiti	īi	sadoṣāṇīiti	sadoṣāṇīiti	SOURCE_PRESENT	none	sadoṣāṇīiti
4_rellit/vaisn/ss1_tatu.txt	327	muniā	iā	muniā	muniā	SOURCE_PRESENT	none	muniā
4_rellit/vaisn/ss1_tatu.txt	477	ataeva	ae	ataeva	ataeva	SOURCE_PRESENT	none	ataeva
4_rellit/vaisn/ss1_tatu.txt	517	ataeva	ae	ataeva	ataeva	SOURCE_PRESENT	none	ataeva
4_rellit/vaisn/ss1_tatu.txt	527	ataeveti	ae	ataeveti	ataeveti	SOURCE_PRESENT	none	ataeveti
4_rellit/vaisn/ss1_tatu.txt	663	brāhmyādikramea	ea	brāhmyādikramea	brāhmyādikramea	SOURCE_PRESENT	none	brāhmyādikramea
4_rellit/vaisn/ss1_tatu.txt	773	pruāṇānām	uā	pruāṇānām	pruāṇānām	SOURCE_PRESENT	none	pruāṇānām
4_rellit/vaisn/ss1_tatu.txt	1079	ataeva	ae	ataeva	ataeva	SOURCE_PRESENT	none	ataeva
4_rellit/vaisn/ss1_tatu.txt	1263	ataeva	ae	ataeva	ataeva	SOURCE_PRESENT	none	ataeva
4_rellit/vaisn/ss1_tatu.txt	1303	ataeveti	ae		ataeveti	UNRESOLVED	none	ataeveti
4_rellit/vaisn/ss1_tatu.txt	1355	ataeva	ae	ataeva	ataeva	SOURCE_PRESENT	none	ataeva
4_rellit/vaisn/ss1_tatu.txt	1507	ataeva	ae	ataeva	ataeva	SOURCE_PRESENT	none	ataeva
4_rellit/vaisn/ss1_tatu.txt	1519	ataeva	ae	ataeva	ataeva	SOURCE_PRESENT	none	ataeva
4_rellit/vaisn/ss1_tatu.txt	1535	ataeveti	ae		ataeveti	UNRESOLVED	none	ataeveti
4_rellit/vaisn/ss1_tatu.txt	1541	ataeveti	ae		ataeveti	UNRESOLVED	none	ataeveti
4_rellit/vaisn/ss1_tatu.txt	1849	ataeva	ae	ataeva	ataeva	SOURCE_PRESENT	none	ataeva
4_rellit/vaisn/ss1_tatu.txt	1859	ataeva	ae	ataeva	ataeva	SOURCE_PRESENT	none	ataeva
4_rellit/vaisn/ss1_tatu.txt	1891	ataevety	ae	ataevety	ataevety	SOURCE_PRESENT	none	ataevety
4_rellit/vaisn/ss1_tatu.txt	1893	ataevety	ae	ataevety	ataevety	SOURCE_PRESENT	none	ataevety
4_rellit/vaisn/ss1_tatu.txt	1907	prākpratipāditasyaivābhedhyeasya	ea	prākpratipāditasyaivābhedhyeasya	prākpratipāditasyaivābhedhyeasya	SOURCE_PRESENT	none	prākpratipāditasyaivābhedhyeasya
4_rellit/vaisn/ss1_tatu.txt	2277	vāstavoopādhimayatadubhayadṛṣṭāntadarśanayā	oo	vāstavoopādhimayatadubhayadṛṣṭāntadarśanayā	vāstavoopādhimayatadubhayadṛṣṭāntadarśanayā	SOURCE_PRESENT	none	vāstavoopādhimayatadubhayadṛṣṭāntadarśanayā
4_rellit/vaisn/ss1_tatu.txt	2329	tasyiavopapāditatvāt	ia	tasyiavopapāditatvāt	tasyiavopapāditatvāt	SOURCE_PRESENT	none	tasyiavopapāditatvāt
4_rellit/vaisn/ss1_tatu.txt	2489	svaruūpābhedo	uū	svaruūpābhedo	svaruūpābhedo	SOURCE_PRESENT	none	svaruūpābhedo
4_rellit/vaisn/ss1_tatu.txt	2573	śrīṛṣabhadevavākyāt	īṛ			UNRESOLVED	none	śrīṛṣabhadevavākyāt
4_rellit/vaisn/ss1_tatu.txt	2611	ataeva	ae	ataeva	ataeva	SOURCE_PRESENT	none	ataeva
4_rellit/vaisn/ss1_tatu.txt	2709	svayaṃsiddhatādṛśātādṛśatattvāntarābhāvaāt	aā	svayaṃsiddhatādṛśātādṛśatattvāntarābhāvaāt	svayaṃsiddhatādṛśātādṛśatattvāntarābhāvaāt	SOURCE_PRESENT	none	svayaṃsiddhatādṛśātādṛśatattvāntarābhāvaāt
4_rellit/vaisn/ss1_tatu.txt	2713	ataeva	ae	ataeva	ataeva	SOURCE_PRESENT	none	ataeva
4_rellit/vaisn/ss1_tatu.txt	2739	ataeveti	ae	ataeveti	ataeveti	SOURCE_PRESENT	none	ataeveti
4_rellit/vaisn/ss1_tatu.txt	3137	karaṇānāām	āā	karaṇānāām	karaṇānāām	SOURCE_PRESENT	none	karaṇānāām
4_rellit/vaisn/ss1_tatu.txt	3459	reading	ea	reading	reading	SOURCE_PRESENT	none	reading
4_rellit/vaisn/ss2_bhgu.txt	11	pnuar	ua	pnuar	pnuar	SOURCE_PRESENT	none	pnuar
4_rellit/vaisn/ss2_bhgu.txt	125	ataeva	ae	ataeva	ataeva	SOURCE_PRESENT	none	ataeva
4_rellit/vaisn/ss2_bhgu.txt	167	tūpalakṣaānīty	aā	tūpalakṣaānīty	tūpalakṣaānīty	SOURCE_PRESENT	none	tūpalakṣaānīty
4_rellit/vaisn/ss2_bhgu.txt	175	etae	ae	etae	etae	SOURCE_PRESENT	none	etae
4_rellit/vaisn/ss2_bhgu.txt	227	paraamātmarūpaṃ	aa	paraamātmarūpaṃ	paraamātmarūpaṃ	SOURCE_PRESENT	none	paraamātmarūpaṃ
4_rellit/vaisn/ss2_bhgu.txt	259	ataeva	ae	ataeva	ataeva	SOURCE_PRESENT	none	ataeva
4_rellit/vaisn/ss2_bhgu.txt	261	ākalayiṛrūpe	iṛ	ākalayiṛrūpe	ākalayiṛrūpe	SOURCE_PRESENT	none	ākalayiṛrūpe
4_rellit/vaisn/ss2_bhgu.txt	513	viakuṇṭhāt	ia	viakuṇṭhāt	viakuṇṭhāt	SOURCE_PRESENT	none	viakuṇṭhāt
4_rellit/vaisn/ss2_bhgu.txt	523	viimohas	ii	viimohas	viimohas	SOURCE_PRESENT	none	viimohas
4_rellit/vaisn/ss2_bhgu.txt	603	rajaādiniṣedhenaiva	aā			UNRESOLVED	none	rajaādiniṣedhenaiva
4_rellit/vaisn/ss2_bhgu.txt	691	ataeva	ae		ataeva	UNRESOLVED	none	ataeva
4_rellit/vaisn/ss2_bhgu.txt	765	ataeva	ae		ataeva	UNRESOLVED	none	ataeva
4_rellit/vaisn/ss2_bhgu.txt	803	ataeva	ae		ataeva	UNRESOLVED	none	ataeva
4_rellit/vaisn/ss2_bhgu.txt	1027	ataeveśvaram	ae	ataeveśvaram	ataeveśvaram	SOURCE_PRESENT	none	ataeveśvaram
4_rellit/vaisn/ss2_bhgu.txt	1281	ataeva	ae	ataeva	ataeva	SOURCE_PRESENT	none	ataeva
4_rellit/vaisn/ss2_bhgu.txt	1311	ataeva	ae	ataeva	ataeva	SOURCE_PRESENT	none	ataeva
4_rellit/vaisn/ss2_bhgu.txt	1347	ataeva	ae	ataeva	ataeva	SOURCE_PRESENT	none	ataeva
4_rellit/vaisn/ss2_bhgu.txt	1539	manaādīni	aā			UNRESOLVED	none	manaādīni
4_rellit/vaisn/ss2_bhgu.txt	1613	ataeva	ae	ataeva	ataeva	SOURCE_PRESENT	none	ataeva
4_rellit/vaisn/ss2_bhgu.txt	1637	anāditaeva	ae	anāditaeva	anāditaeva	SOURCE_PRESENT	none	anāditaeva
4_rellit/vaisn/ss2_bhgu.txt	1727	ataevam	ae	ataevam	ataevam	SOURCE_PRESENT	none	ataevam
4_rellit/vaisn/ss2_bhgu.txt	1855	viakuṇṭhaparyāyaśabdāḥ	ia	viakuṇṭhaparyāyaśabdāḥ	viakuṇṭhaparyāyaśabdāḥ	SOURCE_PRESENT	none	viakuṇṭhaparyāyaśabdāḥ
4_rellit/vaisn/ss2_bhgu.txt	1921	ataeva	ae		ataeva	UNRESOLVED	none	ataeva
4_rellit/vaisn/ss2_bhgu.txt	2027	ataeva	ae		ataeva	UNRESOLVED	none	ataeva
4_rellit/vaisn/ss2_bhgu.txt	2047	tamaādimayatvena	aā			UNRESOLVED	none	tamaādimayatvena
4_rellit/vaisn/ss2_bhgu.txt	2109	ataevāmṛtavapur	ae	ataevāmṛtavapur	ataevāmṛtavapur	SOURCE_PRESENT	none	ataevāmṛtavapur
4_rellit/vaisn/ss2_bhgu.txt	2113	sāditvaasyaiva	aa	sāditvaasyaiva	sāditvaasyaiva	SOURCE_PRESENT	none	sāditvaasyaiva
4_rellit/vaisn/ss2_bhgu.txt	2125	ataeva	ae		ataeva	UNRESOLVED	none	ataeva
4_rellit/vaisn/ss2_bhgu.txt	2159	kāntimahaojobalānām	ao			UNRESOLVED	none	kāntimahaojobalānām
4_rellit/vaisn/ss2_bhgu.txt	2309	anubhvaenoktanyāyena	ae	anubhvaenoktanyāyena	anubhvaenoktanyāyena	SOURCE_PRESENT	none	anubhvaenoktanyāyena
4_rellit/vaisn/ss2_bhgu.txt	2371	ataeva	ae	ataeva	ataeva	SOURCE_PRESENT	none	ataeva
4_rellit/vaisn/ss2_bhgu.txt	2521	ataeva	ae	ataeva	ataeva	SOURCE_PRESENT	none	ataeva
4_rellit/vaisn/ss2_bhgu.txt	2751	māyikatveam	ea	māyikatveam	māyikatveam	SOURCE_PRESENT	none	māyikatveam
4_rellit/vaisn/ss2_bhgu.txt	2933	ataeva	ae		ataeva	UNRESOLVED	none	ataeva
4_rellit/vaisn/ss2_bhgu.txt	2957	ataeva	ae	ataeva	ataeva	SOURCE_PRESENT	none	ataeva
4_rellit/vaisn/ss2_bhgu.txt	3067	apīaramokṣasukharūpāyety	īa			UNRESOLVED	none	apīaramokṣasukharūpāyety
4_rellit/vaisn/ss2_bhgu.txt	3127	ataeva	ae	ataeva	ataeva	SOURCE_PRESENT	none	ataeva
4_rellit/vaisn/ss2_bhgu.txt	3145	ataeva	ae	ataeva	ataeva	SOURCE_PRESENT	none	ataeva
4_rellit/vaisn/ss2_bhgu.txt	3177	ataeva	ae	ataeva	ataeva	SOURCE_PRESENT	none	ataeva
4_rellit/vaisn/ss2_bhgu.txt	3249	ataeva	ae		ataeva	UNRESOLVED	none	ataeva
4_rellit/vaisn/ss2_bhgu.txt	3275	ataeva	ae	ataeva	ataeva	SOURCE_PRESENT	none	ataeva
4_rellit/vaisn/ss2_bhgu.txt	3297	ataeva	ae	ataeva	ataeva	SOURCE_PRESENT	none	ataeva
4_rellit/vaisn/ss2_bhgu.txt	3309	ataeva	ae	ataeva	ataeva	SOURCE_PRESENT	none	ataeva
4_rellit/vaisn/ss2_bhgu.txt	3321	ataeva	ae		ataeva	UNRESOLVED	none	ataeva
4_rellit/vaisn/ss2_bhgu.txt	3397	ataevāgamādāv	ae	ataevāgamādāv	ataevāgamādāv	SOURCE_PRESENT	none	ataevāgamādāv
4_rellit/vaisn/ss2_bhgu.txt	3465	ataeva	ae		ataeva	UNRESOLVED	none	ataeva
4_rellit/vaisn/ss2_bhgu.txt	3489	ataeva	ae	ataeva	ataeva	SOURCE_PRESENT	none	ataeva
4_rellit/vaisn/ss2_bhgu.txt	3491	ataeva	ae	ataeva	ataeva	SOURCE_PRESENT	none	ataeva
4_rellit/vaisn/ss2_bhgu.txt	3617	ataeva	ae	ataeva	ataeva	SOURCE_PRESENT	none	ataeva
4_rellit/vaisn/ss2_bhgu.txt	3627	ataeva	ae		ataeva	UNRESOLVED	none	ataeva
4_rellit/vaisn/ss2_bhgu.txt	3659	ataevānandarūpatvam	ae	ataevānandarūpatvam	ataevānandarūpatvam	SOURCE_PRESENT	none	ataevānandarūpatvam
4_rellit/vaisn/ss2_bhgu.txt	3661	ataevānandarūpatvam	ae	ataevānandarūpatvam	ataevānandarūpatvam	SOURCE_PRESENT	none	ataevānandarūpatvam
4_rellit/vaisn/ss2_bhgu.txt	3673	ataeva	ae		ataeva	UNRESOLVED	none	ataeva
4_rellit/vaisn/ss2_bhgu.txt	3761	ataeva	ae	ataeva	ataeva	SOURCE_PRESENT	none	ataeva
4_rellit/vaisn/ss2_bhgu.txt	3785	ataeva	ae		ataeva	UNRESOLVED	none	ataeva
4_rellit/vaisn/ss2_bhgu.txt	3811	ataeva	ae	ataeva	ataeva	SOURCE_PRESENT	none	ataeva
4_rellit/vaisn/ss2_bhgu.txt	3853	janātyayaārthaṃ	aā	janātyayaārthaṃ	janātyayaārthaṃ	SOURCE_PRESENT	none	janātyayaārthaṃ
4_rellit/vaisn/ss2_bhgu.txt	3889	ataevoktaṃ	ae	ataevoktaṃ	ataevoktaṃ	SOURCE_PRESENT	none	ataevoktaṃ
4_rellit/vaisn/ss2_bhgu.txt	4043	ataeva	ae		ataeva	UNRESOLVED	none	ataeva
4_rellit/vaisn/ss2_bhgu.txt	4067	tvaājñāpālanam	aā			UNRESOLVED	none	tvaājñāpālanam
4_rellit/vaisn/ss2_bhgu.txt	4089	bhogadvāreeṣv	ee	bhogadvāreeṣv	bhogadvāreeṣv	SOURCE_PRESENT	none	bhogadvāreeṣv
4_rellit/vaisn/ss2_bhgu.txt	4109	ataeva	ae	ataeva	ataeva	SOURCE_PRESENT	none	ataeva
4_rellit/vaisn/ss2_bhgu.txt	4125	ataeva	ae	ataeva	ataeva	SOURCE_PRESENT	none	ataeva
4_rellit/vaisn/ss2_bhgu.txt	4137	ataeva	ae	ataeva	ataeva	SOURCE_PRESENT	none	ataeva
4_rellit/vaisn/ss2_bhgu.txt	4249	ataeva	ae	ataeva	ataeva	SOURCE_PRESENT	none	ataeva
4_rellit/vaisn/ss2_bhgu.txt	4313	ataevānandamātram	ae	ataevānandamātram	ataevānandamātram	SOURCE_PRESENT	none	ataevānandamātram
4_rellit/vaisn/ss2_bhgu.txt	4319	ataeva	ae		ataeva	UNRESOLVED	none	ataeva
4_rellit/vaisn/ss2_bhgu.txt	4343	ataeva	ae	ataeva	ataeva	SOURCE_PRESENT	none	ataeva
4_rellit/vaisn/ss2_bhgu.txt	4365	śrīṛṣabhadevasyāpi	īṛ			UNRESOLVED	none	śrīṛṣabhadevasyāpi
4_rellit/vaisn/ss2_bhgu.txt	4381	ataeva	ae	ataeva	ataeva	SOURCE_PRESENT	none	ataeva
4_rellit/vaisn/ss2_bhgu.txt	4387	kaevara	ae	kaevara	kaevara	SOURCE_PRESENT	none	kaevara
4_rellit/vaisn/ss2_bhgu.txt	4409	ataeva	ae		ataeva	UNRESOLVED	none	ataeva
4_rellit/vaisn/ss2_bhgu.txt	4411	śrīṛṣabhadevaḥ	īṛ			UNRESOLVED	none	śrīṛṣabhadevaḥ
4_rellit/vaisn/ss2_bhgu.txt	4473	ataeva	ae		ataeva	UNRESOLVED	none	ataeva
4_rellit/vaisn/ss2_bhgu.txt	4495	ataeva	ae		ataeva	UNRESOLVED	none	ataeva
4_rellit/vaisn/ss2_bhgu.txt	4533	ataeva	ae	ataeva	ataeva	SOURCE_PRESENT	none	ataeva
4_rellit/vaisn/ss2_bhgu.txt	4611	ataeva	ae		ataeva	UNRESOLVED	none	ataeva
4_rellit/vaisn/ss2_bhgu.txt	4621	ataeva	ae	ataeva	ataeva	SOURCE_PRESENT	none	ataeva
4_rellit/vaisn/ss2_bhgu.txt	4779	ataeva	ae	ataeva	ataeva	SOURCE_PRESENT	none	ataeva
4_rellit/vaisn/ss2_bhgu.txt	5151	ataeva	ae	ataeva	ataeva	SOURCE_PRESENT	none	ataeva
4_rellit/vaisn/ss2_bhgu.txt	5155	ataevoktaṃ	ae	ataevoktaṃ	ataevoktaṃ	SOURCE_PRESENT	none	ataevoktaṃ
4_rellit/vaisn/ss2_bhgu.txt	5391	rīitikaśrutayo	īi	rīitikaśrutayo	rīitikaśrutayo	SOURCE_PRESENT	none	rīitikaśrutayo
4_rellit/vaisn/ss2_bhgu.txt	5569	ataeva	ae		ataeva	UNRESOLVED	none	ataeva
4_rellit/vaisn/ss2_bhgu.txt	5613	ataeva	ae		ataeva	UNRESOLVED	none	ataeva
4_rellit/vaisn/ss2_bhgu.txt	5623	tattṛtīyatvea	ea	tattṛtīyatvea	tattṛtīyatvea	SOURCE_PRESENT	none	tattṛtīyatvea
4_rellit/vaisn/ss2_bhgu.txt	5633	ataeva	ae		ataeva	UNRESOLVED	none	ataeva
4_rellit/vaisn/ss2_bhgu.txt	5635	ataeva	ae	ataeva	ataeva	SOURCE_PRESENT	none	ataeva
4_rellit/vaisn/ss2_bhgu.txt	5713	ataeva	ae		ataeva	UNRESOLVED	none	ataeva
4_rellit/vaisn/ss2_bhgu.txt	5715	ataevobhayathāpi	ae	ataevobhayathāpi	ataevobhayathāpi	SOURCE_PRESENT	none	ataevobhayathāpi
4_rellit/vaisn/ss2_bhgu.txt	6033	ataevotpattikaiḥ	ae	ataevotpattikaiḥ	ataevotpattikaiḥ	SOURCE_PRESENT	none	ataevotpattikaiḥ
4_rellit/vaisn/ss2_bhgu.txt	6099	ataeva	ae		ataeva	UNRESOLVED	none	ataeva
4_rellit/vaisn/ss2_bhgu.txt	6149	ataeva	ae	ataeva	ataeva	SOURCE_PRESENT	none	ataeva
4_rellit/vaisn/ss2_bhgu.txt	6243	ataeva	ae	ataeva	ataeva	SOURCE_PRESENT	none	ataeva
4_rellit/vaisn/ss2_bhgu.txt	6245	ataeva	ae	ataeva	ataeva	SOURCE_PRESENT	none	ataeva
4_rellit/vaisn/ss2_bhgu.txt	6289	ataeva	ae		ataeva	UNRESOLVED	none	ataeva
4_rellit/vaisn/ss2_bhgu.txt	6297	ataeva	ae	ataeva	ataeva	SOURCE_PRESENT	none	ataeva
4_rellit/vaisn/ss2_bhgu.txt	6315	ataeva	ae	ataeva	ataeva	SOURCE_PRESENT	none	ataeva
4_rellit/vaisn/ss2_bhgu.txt	6379	ataeva	ae		ataeva	UNRESOLVED	none	ataeva
4_rellit/vaisn/ss2_bhgu.txt	6409	vikriaymāṇāṃśakatvād	ia	vikriaymāṇāṃśakatvād	vikriaymāṇāṃśakatvād	SOURCE_PRESENT	none	vikriaymāṇāṃśakatvād
4_rellit/vaisn/ss2_bhgu.txt	6409	vikṛtatvaniedhāt	ie	vikṛtatvaniedhāt	vikṛtatvaniedhāt	SOURCE_PRESENT	none	vikṛtatvaniedhāt
4_rellit/vaisn/ss2_bhgu.txt	6629	manaādīnām	aā			UNRESOLVED	none	manaādīnām
4_rellit/vaisn/ss2_bhgu.txt	6815	indriayr	ia	indriayr	indriayr	SOURCE_PRESENT	none	indriayr
4_rellit/vaisn/ss2_bhgu.txt	6819	tattadrūpeṇaāvagamyate	aā	tattadrūpeṇaāvagamyate	tattadrūpeṇaāvagamyate	SOURCE_PRESENT	none	tattadrūpeṇaāvagamyate
4_rellit/vaisn/ss2_bhgu.txt	6827	ataeva	ae		ataeva	UNRESOLVED	none	ataeva
4_rellit/vaisn/ss2_bhgu.txt	6875	ataeva	ae		ataeva	UNRESOLVED	none	ataeva
4_rellit/vaisn/ss2_bhgu.txt	6899	jagaaṇḍakoṭi	aa			UNRESOLVED	none	jagaaṇḍakoṭi
4_rellit/vaisn/ss2_bhgu.txt	7121	ataeva	ae		ataeva	UNRESOLVED	none	ataeva
4_rellit/vaisn/ss2_bhgu.txt	7191	taaṅgajyotiṣo'pi	aa			UNRESOLVED	none	taaṅgajyotiṣo'pi
4_rellit/vaisn/ss2_bhgu.txt	7255	ataeva	ae	ataeva	ataeva	SOURCE_PRESENT	none	ataeva
4_rellit/vaisn/ss2_bhgu.txt	7407	ataeva	ae	ataeva	ataeva	SOURCE_PRESENT	none	ataeva
4_rellit/vaisn/ss2_bhgu.txt	7411	ataeva	ae	ataeva	ataeva	SOURCE_PRESENT	none	ataeva
4_rellit/vaisn/ss2_bhgu.txt	7439	ataeva	ae		ataeva	UNRESOLVED	none	ataeva
4_rellit/vaisn/ss2_bhgu.txt	7509	ataeva	ae	ataeva	ataeva	SOURCE_PRESENT	none	ataeva
4_rellit/vaisn/ss2_bhgu.txt	7561	ataevātra	ae	ataevātra	ataevātra	SOURCE_PRESENT	none	ataevātra
4_rellit/vaisn/ss2_bhgu.txt	7697	ataeva	ae	ataeva	ataeva	SOURCE_PRESENT	none	ataeva
4_rellit/vaisn/ss2_bhgu.txt	7731	ataevāsya	ae	ataevāsya	ataevāsya	SOURCE_PRESENT	none	ataevāsya
4_rellit/vaisn/ss2_bhgu.txt	7877	ataeva	ae		ataeva	UNRESOLVED	none	ataeva
4_rellit/vaisn/ss2_bhgu.txt	7955	ataevāsya	ae	ataevāsya	ataevāsya	SOURCE_PRESENT	none	ataevāsya
4_rellit/vaisn/ss2_bhgu.txt	8139	tathāvidhavacaādīnām	aā			UNRESOLVED	none	tathāvidhavacaādīnām
4_rellit/vaisn/ss2_bhgu.txt	8157	ataeva	ae	ataeva	ataeva	SOURCE_PRESENT	none	ataeva
4_rellit/vaisn/ss2_bhgu.txt	8315	ataeva	ae	ataeva	ataeva	SOURCE_PRESENT	none	ataeva
4_rellit/vaisn/ss2_bhgu.txt	8531	ataeva	ae	ataeva	ataeva	SOURCE_PRESENT	none	ataeva
4_rellit/vaisn/ss2_bhgu.txt	8757	ataevaupaniṣadaḥ	ae	ataevaupaniṣadaḥ	ataevaupaniṣadaḥ	SOURCE_PRESENT	none	ataevaupaniṣadaḥ
4_rellit/vaisn/ss2_bhgu.txt	8769	ataevoktaṃ	ae	ataevoktaṃ	ataevoktaṃ	SOURCE_PRESENT	none	ataevoktaṃ
4_rellit/vaisn/ss2_bhgu.txt	8815	ataeva	ae	ataeva	ataeva	SOURCE_PRESENT	none	ataeva
4_rellit/vaisn/ss2_bhgu.txt	8877	ataeva	ae	ataeva	ataeva	SOURCE_PRESENT	none	ataeva
4_rellit/vaisn/ss2_bhgu.txt	8897	vartitayiavāśrityatvāt	ia	vartitayiavāśrityatvāt	vartitayiavāśrityatvāt	SOURCE_PRESENT	none	vartitayiavāśrityatvāt
4_rellit/vaisn/ss2_bhgu.txt	8921	ataeva	ae		ataeva	UNRESOLVED	none	ataeva
4_rellit/vaisn/ss2_bhgu.txt	8941	tvaāvirbhāvasamaye	aā			UNRESOLVED	none	tvaāvirbhāvasamaye
4_rellit/vaisn/ss2_bhgu.txt	9111	ataeva	ae		ataeva	UNRESOLVED	none	ataeva
4_rellit/vaisn/ss2_bhgu.txt	9185	ataeva	ae		ataeva	UNRESOLVED	none	ataeva
4_rellit/vaisn/ss2_bhgu.txt	9223	ataeva	ae		ataeva	UNRESOLVED	none	ataeva
4_rellit/vaisn/ss2_bhgu.txt	9229	tādṛśae	ae	tādṛśae	tādṛśae	SOURCE_PRESENT	none	tādṛśae
4_rellit/vaisn/ss2_bhgu.txt	9231	tādṛśae	ae	tādṛśae	tādṛśae	SOURCE_PRESENT	none	tādṛśae
4_rellit/vaisn/ss2_bhgu.txt	9389	evaanyathā	aa	evaanyathā	evaanyathā	SOURCE_PRESENT	none	evaanyathā
4_rellit/vaisn/ss2_bhgu.txt	9551	ataeva	ae		ataeva	UNRESOLVED	none	ataeva
4_rellit/vaisn/ss2_bhgu.txt	9721	ataeva	ae		ataeva	UNRESOLVED	none	ataeva
4_rellit/vaisn/ss2_bhgu.txt	9735	anubhavaīyaṃ	aī	anubhavaīyaṃ	anubhavaīyaṃ	SOURCE_PRESENT	none	anubhavaīyaṃ
4_rellit/vaisn/ss2_bhgu.txt	9779	sections	io		sections	UNRESOLVED	none	sections
4_rellit/vaisn/ss2_bhgu.txt	9781	edition	io	edition	edition	SOURCE_PRESENT	none	edition
4_rellit/vaisn/ss2_bhgu.txt	9781	doesnt	oe			UNRESOLVED	none	doesnt
4_rellit/vaisn/ss2_bhgu.txt	9781	seem	ee	seem	seem	SOURCE_PRESENT	none	seem
4_rellit/vaisn/ss2_bhgu.txt	9809	section	io		section	UNRESOLVED	none	section
4_rellit/vaisn/ss2_bhgu.txt	9831	variant	ia	variant	variant	SOURCE_PRESENT	none	variant
4_rellit/vaisn/ss2_bhgu.txt	9841	edition	io	edition	edition	SOURCE_PRESENT	none	edition
4_rellit/vaisn/ss2_bhgu.txt	9847	section	io		section	UNRESOLVED	none	section
4_rellit/vaisn/ss2_bhgu.txt	9849	reading	ea		reading	UNRESOLVED	none	reading
4_rellit/vaisn/ss2_bhgu.txt	9849	seems	ee	seems	seems	SOURCE_PRESENT	none	seems
4_rellit/vaisn/ss2_bhgu.txt	9855	sections	io		sections	UNRESOLVED	none	sections
4_rellit/vaisn/ss2_bhgu.txt	9863	section	io	section	section	SOURCE_PRESENT	none	section
4_rellit/vaisn/ss2_bhgu.txt	9865	version	io		version	UNRESOLVED	none	version
4_rellit/vaisn/ss2_bhgu.txt	9867	section	io		section	UNRESOLVED	none	section
4_rellit/vaisn/ss3_paru.txt	9	pnuar	ua	pnuar	pnuar	SOURCE_PRESENT	none	pnuar
4_rellit/vaisn/ss3_paru.txt	13	ii	ii	ii	ii	SOURCE_PRESENT	none	ii
4_rellit/vaisn/ss3_paru.txt	107	viayarthyāpatteḥ	ia	viayarthyāpatteḥ	viayarthyāpatteḥ	SOURCE_PRESENT	none	viayarthyāpatteḥ
4_rellit/vaisn/ss3_paru.txt	159	ataevātra	ae	ataevātra	ataevātra	SOURCE_PRESENT	none	ataevātra
4_rellit/vaisn/ss3_paru.txt	325	ataeva	ae	ataeva	ataeva	SOURCE_PRESENT	none	ataeva
4_rellit/vaisn/ss3_paru.txt	329	ataeva	ae	ataeva	ataeva	SOURCE_PRESENT	none	ataeva
4_rellit/vaisn/ss3_paru.txt	633	ataeva	ae	ataeva	ataeva	SOURCE_PRESENT	none	ataeva
4_rellit/vaisn/ss3_paru.txt	859	ataeva	ae	ataeva	ataeva	SOURCE_PRESENT	none	ataeva
4_rellit/vaisn/ss3_paru.txt	867	ataeva	ae	ataeva	ataeva	SOURCE_PRESENT	none	ataeva
4_rellit/vaisn/ss3_paru.txt	875	ataeva	ae	ataeva	ataeva	SOURCE_PRESENT	none	ataeva
4_rellit/vaisn/ss3_paru.txt	957	ataeva	ae	ataeva	ataeva	SOURCE_PRESENT	none	ataeva
4_rellit/vaisn/ss3_paru.txt	971	kevaol	ao	kevaol	kevaol	SOURCE_PRESENT	none	kevaol
4_rellit/vaisn/ss3_paru.txt	1313	ataeva	ae	ataeva	ataeva	SOURCE_PRESENT	none	ataeva
4_rellit/vaisn/ss3_paru.txt	1491	evaa	aa	evaa	evaa	SOURCE_PRESENT	none	evaa
4_rellit/vaisn/ss3_paru.txt	1521	ataeva	ae	ataeva	ataeva	SOURCE_PRESENT	none	ataeva
4_rellit/vaisn/ss3_paru.txt	1621	ataeva	ae	ataeva	ataeva	SOURCE_PRESENT	none	ataeva
4_rellit/vaisn/ss3_paru.txt	1633	ādua	ua	ādua	ādua	SOURCE_PRESENT	none	ādua
4_rellit/vaisn/ss3_paru.txt	1729	ataeva	ae	ataeva	ataeva	SOURCE_PRESENT	none	ataeva
4_rellit/vaisn/ss3_paru.txt	1813	ataevāpareyam	ae	ataevāpareyam	ataevāpareyam	SOURCE_PRESENT	none	ataevāpareyam
4_rellit/vaisn/ss3_paru.txt	1841	ataevoktaṃ	ae	ataevoktaṃ	ataevoktaṃ	SOURCE_PRESENT	none	ataevoktaṃ
4_rellit/vaisn/ss3_paru.txt	1855	ataevāvidyāvimokṣa	ae	ataevāvidyāvimokṣa	ataevāvidyāvimokṣa	SOURCE_PRESENT	none	ataevāvidyāvimokṣa
4_rellit/vaisn/ss3_paru.txt	1863	ataeva	ae	ataeva	ataeva	SOURCE_PRESENT	none	ataeva
4_rellit/vaisn/ss3_paru.txt	2035	aḍviṃśatitattvapoakṣābhiprāyaḥ	oa	aḍviṃśatitattvapoakṣābhiprāyaḥ	aḍviṃśatitattvapoakṣābhiprāyaḥ	SOURCE_PRESENT	none	aḍviṃśatitattvapoakṣābhiprāyaḥ
4_rellit/vaisn/ss3_paru.txt	2067	ataeva	ae	ataeva	ataeva	SOURCE_PRESENT	none	ataeva
4_rellit/vaisn/ss3_paru.txt	2075	jīvalakṣaṇasyaviopajīvyatvena	io	jīvalakṣaṇasyaviopajīvyatvena	jīvalakṣaṇasyaviopajīvyatvena	SOURCE_PRESENT	none	jīvalakṣaṇasyaviopajīvyatvena
4_rellit/vaisn/ss3_paru.txt	2153	taad	aa	taad	taad	SOURCE_PRESENT	none	taad
4_rellit/vaisn/ss3_paru.txt	2489	asamyaaktvam	aa	asamyaaktvam	asamyaaktvam	SOURCE_PRESENT	none	asamyaaktvam
4_rellit/vaisn/ss3_paru.txt	2517	dṛaṣṭṛdṛśyānusandhānarūpā	ṛa	dṛaṣṭṛdṛśyānusandhānarūpā	dṛaṣṭṛdṛśyānusandhānarūpā	SOURCE_PRESENT	none	dṛaṣṭṛdṛśyānusandhānarūpā
4_rellit/vaisn/ss3_paru.txt	2557	ataevāvyākṛtasaṃjñaṃ	ae	ataevāvyākṛtasaṃjñaṃ	ataevāvyākṛtasaṃjñaṃ	SOURCE_PRESENT	none	ataevāvyākṛtasaṃjñaṃ
4_rellit/vaisn/ss3_paru.txt	2693	ataeva	ae	ataeva	ataeva	SOURCE_PRESENT	none	ataeva
4_rellit/vaisn/ss3_paru.txt	2699	sattvādiamayās	ia	sattvādiamayās	sattvādiamayās	SOURCE_PRESENT	none	sattvādiamayās
4_rellit/vaisn/ss3_paru.txt	2775	ataeva	ae	ataeva	ataeva	SOURCE_PRESENT	none	ataeva
4_rellit/vaisn/ss3_paru.txt	2781	ataeva	ae	ataeva	ataeva	SOURCE_PRESENT	none	ataeva
4_rellit/vaisn/ss3_paru.txt	2975	prakṛitiṃ	ṛi	prakṛitiṃ	prakṛitiṃ	SOURCE_PRESENT	none	prakṛitiṃ
4_rellit/vaisn/ss3_paru.txt	2985	ādiśruitsiddhaṃ	ui	ādiśruitsiddhaṃ	ādiśruitsiddhaṃ	SOURCE_PRESENT	none	ādiśruitsiddhaṃ
4_rellit/vaisn/ss3_paru.txt	3003	ataeva	ae	ataeva	ataeva	SOURCE_PRESENT	none	ataeva
4_rellit/vaisn/ss3_paru.txt	3147	ataeva	ae	ataeva	ataeva	SOURCE_PRESENT	none	ataeva
4_rellit/vaisn/ss3_paru.txt	3283	ataevāsadaṃśasya	ae	ataevāsadaṃśasya	ataevāsadaṃśasya	SOURCE_PRESENT	none	ataevāsadaṃśasya
4_rellit/vaisn/ss3_paru.txt	3295	aaste	aa	aaste	aaste	SOURCE_PRESENT	none	aaste
4_rellit/vaisn/ss3_paru.txt	3305	śuddhakanakamātragṛāhitvāt	ṛā	śuddhakanakamātragṛāhitvāt	śuddhakanakamātragṛāhitvāt	SOURCE_PRESENT	none	śuddhakanakamātragṛāhitvāt
4_rellit/vaisn/ss3_paru.txt	3383	dahanādyudbhavae	ae	dahanādyudbhavae	dahanādyudbhavae	SOURCE_PRESENT	none	dahanādyudbhavae
4_rellit/vaisn/ss3_paru.txt	3557	ataeva	ae	ataeva	ataeva	SOURCE_PRESENT	none	ataeva
4_rellit/vaisn/ss3_paru.txt	3695	ataevoktaṃ	ae	ataevoktaṃ	ataevoktaṃ	SOURCE_PRESENT	none	ataevoktaṃ
4_rellit/vaisn/ss3_paru.txt	3771	ataeva	ae	ataeva	ataeva	SOURCE_PRESENT	none	ataeva
4_rellit/vaisn/ss3_paru.txt	3851	bahiraṅgaaśaktimayebhyo'ntaraṅgaśaktitaṭasthaśakti	aa	bahiraṅgaaśaktimayebhyo'ntaraṅgaśaktitaṭasthaśakti	bahiraṅgaaśaktimayebhyo'ntaraṅgaśaktitaṭasthaśakti	SOURCE_PRESENT	none	bahiraṅgaaśaktimayebhyo'ntaraṅgaśaktitaṭasthaśakti
4_rellit/vaisn/ss3_paru.txt	4007	laukiakvaidikaiḥ	ia	laukiakvaidikaiḥ	laukiakvaidikaiḥ	SOURCE_PRESENT	none	laukiakvaidikaiḥ
4_rellit/vaisn/ss3_paru.txt	4051	dṛṣṭāntapaaripāṭīm	aa	dṛṣṭāntapaaripāṭīm	dṛṣṭāntapaaripāṭīm	SOURCE_PRESENT	none	dṛṣṭāntapaaripāṭīm
4_rellit/vaisn/ss3_paru.txt	4157	ataeva	ae	ataeva	ataeva	SOURCE_PRESENT	none	ataeva
4_rellit/vaisn/ss3_paru.txt	4163	tasyāvasthāantara	āa	tasyāvasthāantara	tasyāvasthāantara	SOURCE_PRESENT	none	tasyāvasthāantara
4_rellit/vaisn/ss3_paru.txt	4315	ataeva	ae	ataeva	ataeva	SOURCE_PRESENT	none	ataeva
4_rellit/vaisn/ss3_paru.txt	4331	ataeva	ae	ataeva	ataeva	SOURCE_PRESENT	none	ataeva
4_rellit/vaisn/ss3_paru.txt	4373	ataeva	ae	ataeva	ataeva	SOURCE_PRESENT	none	ataeva
4_rellit/vaisn/ss3_paru.txt	4529	paramasāraabhūtāyā	aa	paramasāraabhūtāyā	paramasāraabhūtāyā	SOURCE_PRESENT	none	paramasāraabhūtāyā
4_rellit/vaisn/ss3_paru.txt	4535	ataevoktaṃ	ae	ataevoktaṃ	ataevoktaṃ	SOURCE_PRESENT	none	ataevoktaṃ
4_rellit/vaisn/ss3_paru.txt	4667	kalpanānaucityaāt	aā	kalpanānaucityaāt	kalpanānaucityaāt	SOURCE_PRESENT	none	kalpanānaucityaāt
4_rellit/vaisn/ss3_paru.txt	4861	ataevoktaṃ	ae	ataevoktaṃ	ataevoktaṃ	SOURCE_PRESENT	none	ataevoktaṃ
4_rellit/vaisn/ss3_paru.txt	4929	śrīṛṣr	īṛ			UNRESOLVED	none	śrīṛṣr
4_rellit/vaisn/ss3_paru.txt	5017	ataeva	ae	ataeva	ataeva	SOURCE_PRESENT	none	ataeva
4_rellit/vaisn/ss3_paru.txt	5177	evāsua	ua	evāsua	evāsua	SOURCE_PRESENT	none	evāsua
4_rellit/vaisn/ss3_paru.txt	5273	sāhāyyaahetor	aa	sāhāyyaahetor	sāhāyyaahetor	SOURCE_PRESENT	none	sāhāyyaahetor
4_rellit/vaisn/ss3_paru.txt	5275	ataeva	ae	ataeva	ataeva	SOURCE_PRESENT	none	ataeva
4_rellit/vaisn/ss3_paru.txt	5407	ataeva	ae	ataeva	ataeva	SOURCE_PRESENT	none	ataeva
4_rellit/vaisn/ss3_paru.txt	5455	avyaktāsaktaetasām	ae			UNRESOLVED	none	avyaktāsaktaetasām
4_rellit/vaisn/ss3_paru.txt	5469	ataevāsya	ae	ataevāsya	ataevāsya	SOURCE_PRESENT	none	ataevāsya
4_rellit/vaisn/ss3_paru.txt	5561	vaiyaarthyaṃ	aa	vaiyaarthyaṃ	vaiyaarthyaṃ	SOURCE_PRESENT	none	vaiyaarthyaṃ
4_rellit/vaisn/ss3_paru.txt	5591	tejaādīnāṃ	aā			UNRESOLVED	none	tejaādīnāṃ
4_rellit/vaisn/ss3_paru.txt	5603	tejaādīnāṃ	aā			UNRESOLVED	none	tejaādīnāṃ
4_rellit/vaisn/ss3_paru.txt	5757	viṣṇunārāyaādi	aā	viṣṇunārāyaādi	viṣṇunārāyaādi	SOURCE_PRESENT	none	viṣṇunārāyaādi
4_rellit/vaisn/ss3_paru.txt	5831	ataeva	ae	ataeva	ataeva	SOURCE_PRESENT	none	ataeva
4_rellit/vaisn/ss3_paru.txt	5853	ajo'jāāyata	āā			UNRESOLVED	none	ajo'jāāyata
4_rellit/vaisn/ss3_paru.txt	5875	ataeva	ae	ataeva	ataeva	SOURCE_PRESENT	none	ataeva
4_rellit/vaisn/ss3_paru.txt	5897	chabdavācyasambandhivyāpāraviśeṣābhidhāyia	ia	chabdavācyasambandhivyāpāraviśeṣābhidhāyia	chabdavācyasambandhivyāpāraviśeṣābhidhāyia	SOURCE_PRESENT	none	chabdavācyasambandhivyāpāraviśeṣābhidhāyia
4_rellit/vaisn/ss3_paru.txt	5989	abhiijña	ii	abhiijña	abhiijña	SOURCE_PRESENT	none	abhiijña
4_rellit/vaisn/ss3_paru.txt	6207	ataeva	ae	ataeva	ataeva	SOURCE_PRESENT	none	ataeva
4_rellit/vaisn/ss3_paru.txt	6265	draṣṭṛalakṣakaiḥ	ṛa	draṣṭṛalakṣakaiḥ	draṣṭṛalakṣakaiḥ	SOURCE_PRESENT	none	draṣṭṛalakṣakaiḥ
4_rellit/vaisn/ss3_paru.txt	6287	ataeva	ae	ataeva	ataeva	SOURCE_PRESENT	none	ataeva
4_rellit/vaisn/ss3_paru.txt	6335	section	io		section	UNRESOLVED	none	section
4_rellit/vaisn/ss4_krsu.txt	219	ataevāvyayam	ae	ataevāvyayam	ataevāvyayam	SOURCE_PRESENT	none	ataevāvyayam
4_rellit/vaisn/ss4_krsu.txt	561	ataeva	ae	ataeva	ataeva	SOURCE_PRESENT	none	ataeva
4_rellit/vaisn/ss4_krsu.txt	619	ataeva	ae		ataeva	UNRESOLVED	none	ataeva
4_rellit/vaisn/ss4_krsu.txt	851	ataevātra	ae	ataevātra	ataevātra	SOURCE_PRESENT	none	ataevātra
4_rellit/vaisn/ss4_krsu.txt	879	ataeva	ae		ataeva	UNRESOLVED	none	ataeva
4_rellit/vaisn/ss4_krsu.txt	1013	ataeva	ae		ataeva	UNRESOLVED	none	ataeva
4_rellit/vaisn/ss4_krsu.txt	1073	ataevottaratrapadye	ae	ataevottaratrapadye	ataevottaratrapadye	SOURCE_PRESENT	none	ataevottaratrapadye
4_rellit/vaisn/ss4_krsu.txt	1191	ataeva	ae		ataeva	UNRESOLVED	none	ataeva
4_rellit/vaisn/ss4_krsu.txt	1291	ataeva	ae	ataeva	ataeva	SOURCE_PRESENT	none	ataeva
4_rellit/vaisn/ss4_krsu.txt	1305	ataeva	ae	ataeva	ataeva	SOURCE_PRESENT	none	ataeva
4_rellit/vaisn/ss4_krsu.txt	1405	ataeva	ae		ataeva	UNRESOLVED	none	ataeva
4_rellit/vaisn/ss4_krsu.txt	1509	ataeva	ae		ataeva	UNRESOLVED	none	ataeva
4_rellit/vaisn/ss4_krsu.txt	1523	ataeva	ae	ataeva	ataeva	SOURCE_PRESENT	none	ataeva
4_rellit/vaisn/ss4_krsu.txt	1621	ataeva	ae	ataeva	ataeva	SOURCE_PRESENT	none	ataeva
4_rellit/vaisn/ss4_krsu.txt	1637	ataeva	ae	ataeva	ataeva	SOURCE_PRESENT	none	ataeva
4_rellit/vaisn/ss4_krsu.txt	1667	ataeva	ae		ataeva	UNRESOLVED	none	ataeva
4_rellit/vaisn/ss4_krsu.txt	1671	ataeva	ae	ataeva	ataeva	SOURCE_PRESENT	none	ataeva
4_rellit/vaisn/ss4_krsu.txt	1767	ataeva	ae	ataeva	ataeva	SOURCE_PRESENT	none	ataeva
4_rellit/vaisn/ss4_krsu.txt	1793	ataeva	ae		ataeva	UNRESOLVED	none	ataeva
4_rellit/vaisn/ss4_krsu.txt	1891	ataeva	ae	ataeva	ataeva	SOURCE_PRESENT	none	ataeva
4_rellit/vaisn/ss4_krsu.txt	2047	ataeva	ae	ataeva	ataeva	SOURCE_PRESENT	none	ataeva
4_rellit/vaisn/ss4_krsu.txt	2061	ataeva	ae	ataeva	ataeva	SOURCE_PRESENT	none	ataeva
4_rellit/vaisn/ss4_krsu.txt	2085	apekṣayāiva	āi	apekṣayāiva	apekṣayāiva	SOURCE_PRESENT	none	apekṣayāiva
4_rellit/vaisn/ss4_krsu.txt	2245	ataeva	ae	ataeva	ataeva	SOURCE_PRESENT	none	ataeva
4_rellit/vaisn/ss4_krsu.txt	2399	ataeva	ae		ataeva	UNRESOLVED	none	ataeva
4_rellit/vaisn/ss4_krsu.txt	2437	ataevānantaḥ	ae	ataevānantaḥ	ataevānantaḥ	SOURCE_PRESENT	none	ataevānantaḥ
4_rellit/vaisn/ss4_krsu.txt	2437	ataeva	ae		ataeva	UNRESOLVED	none	ataeva
4_rellit/vaisn/ss4_krsu.txt	2447	ataeva	ae	ataeva	ataeva	SOURCE_PRESENT	none	ataeva
4_rellit/vaisn/ss4_krsu.txt	2655	ataeva	ae		ataeva	UNRESOLVED	none	ataeva
4_rellit/vaisn/ss4_krsu.txt	2699	ataeva	ae	ataeva	ataeva	SOURCE_PRESENT	none	ataeva
4_rellit/vaisn/ss4_krsu.txt	2769	ataeva	ae	ataeva	ataeva	SOURCE_PRESENT	none	ataeva
4_rellit/vaisn/ss4_krsu.txt	2861	ataeva	ae	ataeva	ataeva	SOURCE_PRESENT	none	ataeva
4_rellit/vaisn/ss4_krsu.txt	2947	ataeva	ae	ataeva	ataeva	SOURCE_PRESENT	none	ataeva
4_rellit/vaisn/ss4_krsu.txt	3019	ataeva	ae		ataeva	UNRESOLVED	none	ataeva
4_rellit/vaisn/ss4_krsu.txt	3135	ataeva	ae		ataeva	UNRESOLVED	none	ataeva
4_rellit/vaisn/ss4_krsu.txt	3141	ataeva	ae	ataeva	ataeva	SOURCE_PRESENT	none	ataeva
4_rellit/vaisn/ss4_krsu.txt	3277	ataeva	ae		ataeva	UNRESOLVED	none	ataeva
4_rellit/vaisn/ss4_krsu.txt	3339	ataeva	ae		ataeva	UNRESOLVED	none	ataeva
4_rellit/vaisn/ss4_krsu.txt	3343	ataevoktaṃ	ae		ataevoktaṃ	UNRESOLVED	none	ataevoktaṃ
4_rellit/vaisn/ss4_krsu.txt	3357	ataeva	ae	ataeva	ataeva	SOURCE_PRESENT	none	ataeva
4_rellit/vaisn/ss4_krsu.txt	3367	ataeva	ae		ataeva	UNRESOLVED	none	ataeva
4_rellit/vaisn/ss4_krsu.txt	3391	ataeva	ae		ataeva	UNRESOLVED	none	ataeva
4_rellit/vaisn/ss4_krsu.txt	3409	prasiddhatyaā	aā	prasiddhatyaā	prasiddhatyaā	SOURCE_PRESENT	none	prasiddhatyaā
4_rellit/vaisn/ss4_krsu.txt	3503	ataeva	ae	ataeva	ataeva	SOURCE_PRESENT	none	ataeva
4_rellit/vaisn/ss4_krsu.txt	3573	kāntisahaojo	ao			UNRESOLVED	none	kāntisahaojo
4_rellit/vaisn/ss4_krsu.txt	3575	ataeva	ae	ataeva	ataeva	SOURCE_PRESENT	none	ataeva
4_rellit/vaisn/ss4_krsu.txt	3705	ataeva	ae	ataeva	ataeva	SOURCE_PRESENT	none	ataeva
4_rellit/vaisn/ss4_krsu.txt	3969	ataeva	ae	ataeva	ataeva	SOURCE_PRESENT	none	ataeva
4_rellit/vaisn/ss4_krsu.txt	3989	ataeva	ae		ataeva	UNRESOLVED	none	ataeva
4_rellit/vaisn/ss4_krsu.txt	3993	ataeva	ae	ataeva	ataeva	SOURCE_PRESENT	none	ataeva
4_rellit/vaisn/ss4_krsu.txt	4007	ataeva	ae	ataeva	ataeva	SOURCE_PRESENT	none	ataeva
4_rellit/vaisn/ss4_krsu.txt	4033	ataeva	ae	ataeva	ataeva	SOURCE_PRESENT	none	ataeva
4_rellit/vaisn/ss4_krsu.txt	4165	ataeva	ae		ataeva	UNRESOLVED	none	ataeva
4_rellit/vaisn/ss4_krsu.txt	4175	ataeva	ae		ataeva	UNRESOLVED	none	ataeva
4_rellit/vaisn/ss4_krsu.txt	4251	ataeva	ae	ataeva	ataeva	SOURCE_PRESENT	none	ataeva
4_rellit/vaisn/ss4_krsu.txt	4279	ataevāsya	ae	ataevāsya	ataevāsya	SOURCE_PRESENT	none	ataevāsya
4_rellit/vaisn/ss4_krsu.txt	4289	ataeva	ae		ataeva	UNRESOLVED	none	ataeva
4_rellit/vaisn/ss4_krsu.txt	4379	ataeva	ae		ataeva	UNRESOLVED	none	ataeva
4_rellit/vaisn/ss4_krsu.txt	4585	ataeva	ae	ataeva	ataeva	SOURCE_PRESENT	none	ataeva
4_rellit/vaisn/ss4_krsu.txt	4645	ataeva	ae	ataeva	ataeva	SOURCE_PRESENT	none	ataeva
4_rellit/vaisn/ss4_krsu.txt	4721	ataeva	ae	ataeva	ataeva	SOURCE_PRESENT	none	ataeva
4_rellit/vaisn/ss4_krsu.txt	4805	ataeva	ae		ataeva	UNRESOLVED	none	ataeva
4_rellit/vaisn/ss4_krsu.txt	4837	ataeva	ae	ataeva	ataeva	SOURCE_PRESENT	none	ataeva
4_rellit/vaisn/ss4_krsu.txt	4853	ataevoktaṃ	ae		ataevoktaṃ	UNRESOLVED	none	ataevoktaṃ
4_rellit/vaisn/ss4_krsu.txt	4875	ataevoktaṃ	ae		ataevoktaṃ	UNRESOLVED	none	ataevoktaṃ
4_rellit/vaisn/ss4_krsu.txt	5021	ataeva	ae	ataeva	ataeva	SOURCE_PRESENT	none	ataeva
4_rellit/vaisn/ss4_krsu.txt	5111	ataevāha	ae	ataevāha	ataevāha	SOURCE_PRESENT	none	ataevāha
4_rellit/vaisn/ss4_krsu.txt	5249	ataeva	ae	ataeva	ataeva	SOURCE_PRESENT	none	ataeva
4_rellit/vaisn/ss4_krsu.txt	5359	ataevāntarhite	ae	ataevāntarhite	ataevāntarhite	SOURCE_PRESENT	none	ataevāntarhite
4_rellit/vaisn/ss4_krsu.txt	5449	ataevāha	ae	ataevāha	ataevāha	SOURCE_PRESENT	none	ataevāha
4_rellit/vaisn/ss4_krsu.txt	5473	ataeva	ae	ataeva	ataeva	SOURCE_PRESENT	none	ataeva
4_rellit/vaisn/ss4_krsu.txt	5479	ataevāham	ae	ataevāham	ataevāham	SOURCE_PRESENT	none	ataevāham
4_rellit/vaisn/ss4_krsu.txt	5515	ataevāha	ae	ataevāha	ataevāha	SOURCE_PRESENT	none	ataevāha
4_rellit/vaisn/ss4_krsu.txt	5717	ataevāha	ae	ataevāha	ataevāha	SOURCE_PRESENT	none	ataevāha
4_rellit/vaisn/ss4_krsu.txt	5825	ataeva	ae		ataeva	UNRESOLVED	none	ataeva
4_rellit/vaisn/ss4_krsu.txt	5945	ataeva	ae	ataeva	ataeva	SOURCE_PRESENT	none	ataeva
4_rellit/vaisn/ss4_krsu.txt	5987	ataeva	ae		ataeva	UNRESOLVED	none	ataeva
4_rellit/vaisn/ss4_krsu.txt	6151	tapaādinā	aā			UNRESOLVED	none	tapaādinā
4_rellit/vaisn/ss4_krsu.txt	6155	tapaādikaṃ	aā			UNRESOLVED	none	tapaādikaṃ
4_rellit/vaisn/ss4_krsu.txt	6223	ataevāyaṃ	ae	ataevāyaṃ	ataevāyaṃ	SOURCE_PRESENT	none	ataevāyaṃ
4_rellit/vaisn/ss4_krsu.txt	6533	ataeva	ae	ataeva	ataeva	SOURCE_PRESENT	none	ataeva
4_rellit/vaisn/ss4_krsu.txt	6535	ataeva	ae	ataeva	ataeva	SOURCE_PRESENT	none	ataeva
4_rellit/vaisn/ss4_krsu.txt	6623	manaādyāśrayaḥ	aā			UNRESOLVED	none	manaādyāśrayaḥ
4_rellit/vaisn/ss4_krsu.txt	6627	manaādy	aā			UNRESOLVED	none	manaādy
4_rellit/vaisn/ss4_krsu.txt	6715	ataeva	ae		ataeva	UNRESOLVED	none	ataeva
4_rellit/vaisn/ss4_krsu.txt	6907	ataeva	ae		ataeva	UNRESOLVED	none	ataeva
4_rellit/vaisn/ss4_krsu.txt	6987	śrīṛṣir	īṛ			UNRESOLVED	none	śrīṛṣir
4_rellit/vaisn/ss4_krsu.txt	7011	asvīkuṛvāṇā	uṛ	asvīkuṛvāṇā	asvīkuṛvāṇā	SOURCE_PRESENT	none	asvīkuṛvāṇā
4_rellit/vaisn/ss4_krsu.txt	7253	ataevoktam	ae	ataevoktam	ataevoktam	SOURCE_PRESENT	none	ataevoktam
4_rellit/vaisn/ss4_krsu.txt	7349	vacanajātasiddhanijanityāvasthitakaiśoraādi	aā	vacanajātasiddhanijanityāvasthitakaiśoraādi	vacanajātasiddhanijanityāvasthitakaiśoraādi	SOURCE_PRESENT	none	vacanajātasiddhanijanityāvasthitakaiśoraādi
4_rellit/vaisn/ss4_krsu.txt	7399	ataeva	ae		ataeva	UNRESOLVED	none	ataeva
4_rellit/vaisn/ss4_krsu.txt	7415	ataeva	ae		ataeva	UNRESOLVED	none	ataeva
4_rellit/vaisn/ss4_krsu.txt	7555	ataeva	ae	ataeva	ataeva	SOURCE_PRESENT	none	ataeva
4_rellit/vaisn/ss4_krsu.txt	7871	laukikālaukiavarṇakaiḥ	ia	laukikālaukiavarṇakaiḥ	laukikālaukiavarṇakaiḥ	SOURCE_PRESENT	none	laukikālaukiavarṇakaiḥ
4_rellit/vaisn/ss4_krsu.txt	7921	goikulavāsināṃ	oi	goikulavāsināṃ	goikulavāsināṃ	SOURCE_PRESENT	none	goikulavāsināṃ
4_rellit/vaisn/ss4_krsu.txt	8021	ataeva	ae	ataeva	ataeva	SOURCE_PRESENT	none	ataeva
4_rellit/vaisn/ss4_krsu.txt	8071	śrīuddhava	īu			UNRESOLVED	none	śrīuddhava
4_rellit/vaisn/ss4_krsu.txt	8153	ataevoktam	ae	ataevoktam	ataevoktam	SOURCE_PRESENT	none	ataevoktam
4_rellit/vaisn/ss4_krsu.txt	8169	ataevoktam	ae	ataevoktam	ataevoktam	SOURCE_PRESENT	none	ataevoktam
4_rellit/vaisn/ss4_krsu.txt	8587	tamaādivyañjakateti	aā			UNRESOLVED	none	tamaādivyañjakateti
4_rellit/vaisn/ss4_krsu.txt	8607	ataeva	ae	ataeva	ataeva	SOURCE_PRESENT	none	ataeva
4_rellit/vaisn/ss4_krsu.txt	8645	ataeva	ae		ataeva	UNRESOLVED	none	ataeva
4_rellit/vaisn/ss4_krsu.txt	8685	ataevājñair	ae	ataevājñair	ataevājñair	SOURCE_PRESENT	none	ataevājñair
4_rellit/vaisn/ss4_krsu.txt	8773	ataeva	ae	ataeva	ataeva	SOURCE_PRESENT	none	ataeva
4_rellit/vaisn/ss4_krsu.txt	8811	ataevādhikaṃ	ae	ataevādhikaṃ	ataevādhikaṃ	SOURCE_PRESENT	none	ataevādhikaṃ
4_rellit/vaisn/ss4_krsu.txt	8829	ataeva	ae	ataeva	ataeva	SOURCE_PRESENT	none	ataeva
4_rellit/vaisn/ss4_krsu.txt	8879	ataeva	ae		ataeva	UNRESOLVED	none	ataeva
4_rellit/vaisn/ss4_krsu.txt	8933	ataeva	ae	ataeva	ataeva	SOURCE_PRESENT	none	ataeva
4_rellit/vaisn/ss4_krsu.txt	8961	ataeva	ae	ataeva	ataeva	SOURCE_PRESENT	none	ataeva
4_rellit/vaisn/ss4_krsu.txt	8967	ataeva	ae		ataeva	UNRESOLVED	none	ataeva
4_rellit/vaisn/ss4_krsu.txt	9005	tatkāntikandaīlcchuritvena	aī	tatkāntikandaīlcchuritvena	tatkāntikandaīlcchuritvena	SOURCE_PRESENT	none	tatkāntikandaīlcchuritvena
4_rellit/vaisn/ss4_krsu.txt	9025	ataeva	ae		ataeva	UNRESOLVED	none	ataeva
4_rellit/vaisn/ss4_krsu.txt	9037	ataeva	ae	ataeva	ataeva	SOURCE_PRESENT	none	ataeva
4_rellit/vaisn/ss5_bhku.txt	71	ataevoktaṃ	ae	ataevoktaṃ	ataevoktaṃ	SOURCE_PRESENT	none	ataevoktaṃ
4_rellit/vaisn/ss5_bhku.txt	153	ataeva	ae		ataeva	UNRESOLVED	none	ataeva
4_rellit/vaisn/ss5_bhku.txt	169	ataeva	ae	ataeva	ataeva	SOURCE_PRESENT	none	ataeva
4_rellit/vaisn/ss5_bhku.txt	337	ataeva	ae	ataeva	ataeva	SOURCE_PRESENT	none	ataeva
4_rellit/vaisn/ss5_bhku.txt	515	ataeva	ae		ataeva	UNRESOLVED	none	ataeva
4_rellit/vaisn/ss5_bhku.txt	867	ataevoktaṃ	ae	ataevoktaṃ	ataevoktaṃ	SOURCE_PRESENT	none	ataevoktaṃ
4_rellit/vaisn/ss5_bhku.txt	1153	ataeva	ae		ataeva	UNRESOLVED	none	ataeva
4_rellit/vaisn/ss5_bhku.txt	1341	śrīṛṣabhadevakṛtasvaputraśikṣaṇe'pi	īṛ			UNRESOLVED	none	śrīṛṣabhadevakṛtasvaputraśikṣaṇe'pi
4_rellit/vaisn/ss5_bhku.txt	1483	ataeva	ae	ataeva	ataeva	SOURCE_PRESENT	none	ataeva
4_rellit/vaisn/ss5_bhku.txt	1535	ataevoktaṃ	ae	ataevoktaṃ	ataevoktaṃ	SOURCE_PRESENT	none	ataevoktaṃ
4_rellit/vaisn/ss5_bhku.txt	1667	ataeva	ae	ataeva	ataeva	SOURCE_PRESENT	none	ataeva
4_rellit/vaisn/ss5_bhku.txt	1875	ataeva	ae		ataeva	UNRESOLVED	none	ataeva
4_rellit/vaisn/ss5_bhku.txt	1907	ataeva	ae		ataeva	UNRESOLVED	none	ataeva
4_rellit/vaisn/ss5_bhku.txt	2011	yathārucinānaājanapravartitatā	aā	yathārucinānaājanapravartitatā	yathārucinānaājanapravartitatā	SOURCE_PRESENT	none	yathārucinānaājanapravartitatā
4_rellit/vaisn/ss5_bhku.txt	2343	ataeva	ae		ataeva	UNRESOLVED	none	ataeva
4_rellit/vaisn/ss5_bhku.txt	2415	tapaādisampatteḥ	aā			UNRESOLVED	none	tapaādisampatteḥ
4_rellit/vaisn/ss5_bhku.txt	2547	bhaktyantarbhūtatayiava	ia	bhaktyantarbhūtatayiava	bhaktyantarbhūtatayiava	SOURCE_PRESENT	none	bhaktyantarbhūtatayiava
4_rellit/vaisn/ss5_bhku.txt	2625	ataeva	ae		ataeva	UNRESOLVED	none	ataeva
4_rellit/vaisn/ss5_bhku.txt	2631	ataeva	ae		ataeva	UNRESOLVED	none	ataeva
4_rellit/vaisn/ss5_bhku.txt	2719	śrīṛṣayaḥ	īṛ			UNRESOLVED	none	śrīṛṣayaḥ
4_rellit/vaisn/ss5_bhku.txt	2819	ataevāhuḥ	ae	ataevāhuḥ	ataevāhuḥ	SOURCE_PRESENT	none	ataevāhuḥ
4_rellit/vaisn/ss5_bhku.txt	2949	ataevoktaṃ	ae	ataevoktaṃ	ataevoktaṃ	SOURCE_PRESENT	none	ataevoktaṃ
4_rellit/vaisn/ss5_bhku.txt	3049	ataevoktaṃ	ae	ataevoktaṃ	ataevoktaṃ	SOURCE_PRESENT	none	ataevoktaṃ
4_rellit/vaisn/ss5_bhku.txt	3063	ataeva	ae	ataeva	ataeva	SOURCE_PRESENT	none	ataeva
4_rellit/vaisn/ss5_bhku.txt	3069	ataevāṣṭame	ae	ataevāṣṭame	ataevāṣṭame	SOURCE_PRESENT	none	ataevāṣṭame
4_rellit/vaisn/ss5_bhku.txt	3091	ataevābhedadṛṣṭivacanaṃ	ae	ataevābhedadṛṣṭivacanaṃ	ataevābhedadṛṣṭivacanaṃ	SOURCE_PRESENT	none	ataevābhedadṛṣṭivacanaṃ
4_rellit/vaisn/ss5_bhku.txt	3189	ataevoktam	ae	ataevoktam	ataevoktam	SOURCE_PRESENT	none	ataevoktam
4_rellit/vaisn/ss5_bhku.txt	3197	ataeva	ae		ataeva	UNRESOLVED	none	ataeva
4_rellit/vaisn/ss5_bhku.txt	3347	ataeva	ae		ataeva	UNRESOLVED	none	ataeva
4_rellit/vaisn/ss5_bhku.txt	3353	taopnuṣṭhitavān	ao			UNRESOLVED	none	taopnuṣṭhitavān
4_rellit/vaisn/ss5_bhku.txt	3383	ataevoktaṃ	ae	ataevoktaṃ	ataevoktaṃ	SOURCE_PRESENT	none	ataevoktaṃ
4_rellit/vaisn/ss5_bhku.txt	3391	prāinām	āi	prāinām	prāinām	SOURCE_PRESENT	none	prāinām
4_rellit/vaisn/ss5_bhku.txt	3465	ataeva	ae	ataeva	ataeva	SOURCE_PRESENT	none	ataeva
4_rellit/vaisn/ss5_bhku.txt	3465	ataeva	ae		ataeva	UNRESOLVED	none	ataeva
4_rellit/vaisn/ss5_bhku.txt	3643	ataeva	ae	ataeva	ataeva	SOURCE_PRESENT	none	ataeva
4_rellit/vaisn/ss5_bhku.txt	3733	ataeva	ae		ataeva	UNRESOLVED	none	ataeva
4_rellit/vaisn/ss5_bhku.txt	3777	ataeva	ae	ataeva	ataeva	SOURCE_PRESENT	none	ataeva
4_rellit/vaisn/ss5_bhku.txt	3833	āsuaras	ua	āsuaras	āsuaras	SOURCE_PRESENT	none	āsuaras
4_rellit/vaisn/ss5_bhku.txt	3891	ataeva	ae		ataeva	UNRESOLVED	none	ataeva
4_rellit/vaisn/ss5_bhku.txt	3907	ataevopadiṣṭam	ae	ataevopadiṣṭam	ataevopadiṣṭam	SOURCE_PRESENT	none	ataevopadiṣṭam
4_rellit/vaisn/ss5_bhku.txt	3977	ataeva	ae	ataeva	ataeva	SOURCE_PRESENT	none	ataeva
4_rellit/vaisn/ss5_bhku.txt	4209	payaādikam	aā			UNRESOLVED	none	payaādikam
4_rellit/vaisn/ss5_bhku.txt	4247	ataevoktaṃ	ae	ataevoktaṃ	ataevoktaṃ	SOURCE_PRESENT	none	ataevoktaṃ
4_rellit/vaisn/ss5_bhku.txt	4325	yuiktam	ui	yuiktam	yuiktam	SOURCE_PRESENT	none	yuiktam
4_rellit/vaisn/ss5_bhku.txt	4381	ataeva	ae		ataeva	UNRESOLVED	none	ataeva
4_rellit/vaisn/ss5_bhku.txt	4581	ataeva	ae	ataeva	ataeva	SOURCE_PRESENT	none	ataeva
4_rellit/vaisn/ss5_bhku.txt	4599	tapaādinirapekṣayā	aā			UNRESOLVED	none	tapaādinirapekṣayā
4_rellit/vaisn/ss5_bhku.txt	4613	tapaādibhiḥ	aā			UNRESOLVED	none	tapaādibhiḥ
4_rellit/vaisn/ss5_bhku.txt	4623	ataeva	ae	ataeva	ataeva	SOURCE_PRESENT	none	ataeva
4_rellit/vaisn/ss5_bhku.txt	4669	ataeva	ae	ataeva	ataeva	SOURCE_PRESENT	none	ataeva
4_rellit/vaisn/ss5_bhku.txt	4697	tapaādyantar	aā			UNRESOLVED	none	tapaādyantar
4_rellit/vaisn/ss5_bhku.txt	4895	ataeva	ae	ataeva	ataeva	SOURCE_PRESENT	none	ataeva
4_rellit/vaisn/ss5_bhku.txt	4949	paramātmacaitanyasyeivety	ei	paramātmacaitanyasyeivety	paramātmacaitanyasyeivety	SOURCE_PRESENT	none	paramātmacaitanyasyeivety
4_rellit/vaisn/ss5_bhku.txt	5013	ataeva	ae	ataeva	ataeva	SOURCE_PRESENT	none	ataeva
4_rellit/vaisn/ss5_bhku.txt	5019	ataeva	ae	ataeva	ataeva	SOURCE_PRESENT	none	ataeva
4_rellit/vaisn/ss5_bhku.txt	5067	ataeva	ae		ataeva	UNRESOLVED	none	ataeva
4_rellit/vaisn/ss5_bhku.txt	5151	ataeva	ae	ataeva	ataeva	SOURCE_PRESENT	none	ataeva
4_rellit/vaisn/ss5_bhku.txt	5169	ataeva	ae		ataeva	UNRESOLVED	none	ataeva
4_rellit/vaisn/ss5_bhku.txt	5197	taddānayāthārthyaasyāvaśyakatvāt	aa	taddānayāthārthyaasyāvaśyakatvāt	taddānayāthārthyaasyāvaśyakatvāt	SOURCE_PRESENT	none	taddānayāthārthyaasyāvaśyakatvāt
4_rellit/vaisn/ss5_bhku.txt	5205	indriyādipravṛttaau	aa	indriyādipravṛttaau	indriyādipravṛttaau	SOURCE_PRESENT	none	indriyādipravṛttaau
4_rellit/vaisn/ss5_bhku.txt	5257	ataeva	ae	ataeva	ataeva	SOURCE_PRESENT	none	ataeva
4_rellit/vaisn/ss5_bhku.txt	5543	ataeva	ae		ataeva	UNRESOLVED	none	ataeva
4_rellit/vaisn/ss5_bhku.txt	5569	ataevoktaṃ	ae	ataevoktaṃ	ataevoktaṃ	SOURCE_PRESENT	none	ataevoktaṃ
4_rellit/vaisn/ss5_bhku.txt	5767	ataevoktaṃ	ae	ataevoktaṃ	ataevoktaṃ	SOURCE_PRESENT	none	ataevoktaṃ
4_rellit/vaisn/ss5_bhku.txt	5875	ataeva	ae		ataeva	UNRESOLVED	none	ataeva
4_rellit/vaisn/ss5_bhku.txt	5883	ataevākuṭilamūḍhānāṃ	ae	ataevākuṭilamūḍhānāṃ	ataevākuṭilamūḍhānāṃ	SOURCE_PRESENT	none	ataevākuṭilamūḍhānāṃ
4_rellit/vaisn/ss5_bhku.txt	5899	ataevāha	ae		ataevāha	UNRESOLVED	none	ataevāha
4_rellit/vaisn/ss5_bhku.txt	5929	ataeva	ae		ataeva	UNRESOLVED	none	ataeva
4_rellit/vaisn/ss5_bhku.txt	5957	ataevādhunikeṣu	ae	ataevādhunikeṣu	ataevādhunikeṣu	SOURCE_PRESENT	none	ataevādhunikeṣu
4_rellit/vaisn/ss5_bhku.txt	6029	ataevāparādhānumānāpravṛtter	ae	ataevāparādhānumānāpravṛtter	ataevāparādhānumānāpravṛtter	SOURCE_PRESENT	none	ataevāparādhānumānāpravṛtter
4_rellit/vaisn/ss5_bhku.txt	6095	ataevāha	ae	ataevāha	ataevāha	SOURCE_PRESENT	none	ataevāha
4_rellit/vaisn/ss5_bhku.txt	6111	ataevājāmilasyānyadāpi	ae	ataevājāmilasyānyadāpi	ataevājāmilasyānyadāpi	SOURCE_PRESENT	none	ataevājāmilasyānyadāpi
4_rellit/vaisn/ss5_bhku.txt	6145	ataevoktam	ae	ataevoktam	ataevoktam	SOURCE_PRESENT	none	ataevoktam
4_rellit/vaisn/ss5_bhku.txt	6213	śrīṛṣabhadevavākyāt	īṛ			UNRESOLVED	none	śrīṛṣabhadevavākyāt
4_rellit/vaisn/ss5_bhku.txt	6229	ataevoktaṃ	ae	ataevoktaṃ	ataevoktaṃ	SOURCE_PRESENT	none	ataevoktaṃ
4_rellit/vaisn/ss5_bhku.txt	6247	ataeva	ae	ataeva	ataeva	SOURCE_PRESENT	none	ataeva
4_rellit/vaisn/ss5_bhku.txt	6311	ataevāha	ae		ataevāha	UNRESOLVED	none	ataevāha
4_rellit/vaisn/ss5_bhku.txt	6369	ataevoktaṃ	ae	ataevoktaṃ	ataevoktaṃ	SOURCE_PRESENT	none	ataevoktaṃ
4_rellit/vaisn/ss5_bhku.txt	6423	ataeva	ae		ataeva	UNRESOLVED	none	ataeva
4_rellit/vaisn/ss5_bhku.txt	6477	ataeva	ae	ataeva	ataeva	SOURCE_PRESENT	none	ataeva
4_rellit/vaisn/ss5_bhku.txt	6503	ataevānyeṣu	ae	ataevānyeṣu	ataevānyeṣu	SOURCE_PRESENT	none	ataevānyeṣu
4_rellit/vaisn/ss5_bhku.txt	6523	ataeva	ae	ataeva	ataeva	SOURCE_PRESENT	none	ataeva
4_rellit/vaisn/ss5_bhku.txt	6533	ataeva	ae	ataeva	ataeva	SOURCE_PRESENT	none	ataeva
4_rellit/vaisn/ss5_bhku.txt	6589	ataeva	ae		ataeva	UNRESOLVED	none	ataeva
4_rellit/vaisn/ss5_bhku.txt	6675	ataeva	ae	ataeva	ataeva	SOURCE_PRESENT	none	ataeva
4_rellit/vaisn/ss5_bhku.txt	6831	ataeva	ae	ataeva	ataeva	SOURCE_PRESENT	none	ataeva
4_rellit/vaisn/ss5_bhku.txt	6881	ataevānadhikāryadhikāriviṣayatva	ae	ataevānadhikāryadhikāriviṣayatva	ataevānadhikāryadhikāriviṣayatva	SOURCE_PRESENT	none	ataevānadhikāryadhikāriviṣayatva
4_rellit/vaisn/ss5_bhku.txt	7083	ataeva	ae	ataeva	ataeva	SOURCE_PRESENT	none	ataeva
4_rellit/vaisn/ss5_bhku.txt	7101	ataeva	ae	ataeva	ataeva	SOURCE_PRESENT	none	ataeva
4_rellit/vaisn/ss5_bhku.txt	7121	ataeva	ae		ataeva	UNRESOLVED	none	ataeva
4_rellit/vaisn/ss5_bhku.txt	7201	ataevātiśayoktināmālaṅkārasya	ae	ataevātiśayoktināmālaṅkārasya	ataevātiśayoktināmālaṅkārasya	SOURCE_PRESENT	none	ataevātiśayoktināmālaṅkārasya
4_rellit/vaisn/ss5_bhku.txt	7213	ataevoktaṃ	ae	ataevoktaṃ	ataevoktaṃ	SOURCE_PRESENT	none	ataevoktaṃ
4_rellit/vaisn/ss5_bhku.txt	7273	sambandhio	io	sambandhio	sambandhio	SOURCE_PRESENT	none	sambandhio
4_rellit/vaisn/ss5_bhku.txt	7387	ataeva	ae	ataeva	ataeva	SOURCE_PRESENT	none	ataeva
4_rellit/vaisn/ss5_bhku.txt	7477	ataeva	ae	ataeva	ataeva	SOURCE_PRESENT	none	ataeva
4_rellit/vaisn/ss5_bhku.txt	7581	deambhaaravārtikeṣu	ea	deambhaaravārtikeṣu	deambhaaravārtikeṣu	SOURCE_PRESENT	none	deambhaaravārtikeṣu
4_rellit/vaisn/ss5_bhku.txt	7581	deambhaaravārtikeṣu	aa	deambhaaravārtikeṣu	deambhaaravārtikeṣu	SOURCE_PRESENT	none	deambhaaravārtikeṣu
4_rellit/vaisn/ss5_bhku.txt	7597	śrīṛṣabhaḥ	īṛ			UNRESOLVED	none	śrīṛṣabhaḥ
4_rellit/vaisn/ss5_bhku.txt	7655	ataevoktaṃ	ae	ataevoktaṃ	ataevoktaṃ	SOURCE_PRESENT	none	ataevoktaṃ
4_rellit/vaisn/ss5_bhku.txt	7657	śrīṛṣabhadevena	īṛ			UNRESOLVED	none	śrīṛṣabhadevena
4_rellit/vaisn/ss5_bhku.txt	7661	ataeva	ae		ataeva	UNRESOLVED	none	ataeva
4_rellit/vaisn/ss5_bhku.txt	7723	ataeva	ae	ataeva	ataeva	SOURCE_PRESENT	none	ataeva
4_rellit/vaisn/ss5_bhku.txt	7915	tapaādi	aā			UNRESOLVED	none	tapaādi
4_rellit/vaisn/ss5_bhku.txt	8015	ataeva	ae	ataeva	ataeva	SOURCE_PRESENT	none	ataeva
4_rellit/vaisn/ss5_bhku.txt	8023	evānyatraa	aa	evānyatraa	evānyatraa	SOURCE_PRESENT	none	evānyatraa
4_rellit/vaisn/ss5_bhku.txt	8263	sattānyaaryāyaṃ	aa			UNRESOLVED	none	sattānyaaryāyaṃ
4_rellit/vaisn/ss5_bhku.txt	8307	ataeva	ae		ataeva	UNRESOLVED	none	ataeva
4_rellit/vaisn/ss5_bhku.txt	8383	ataeva	ae	ataeva	ataeva	SOURCE_PRESENT	none	ataeva
4_rellit/vaisn/ss5_bhku.txt	8727	śrīāvirhotro	īā			UNRESOLVED	none	śrīāvirhotro
4_rellit/vaisn/ss5_bhku.txt	8739	ataeva	ae	ataeva	ataeva	SOURCE_PRESENT	none	ataeva
4_rellit/vaisn/ss5_bhku.txt	8765	ataeva	ae	ataeva	ataeva	SOURCE_PRESENT	none	ataeva
4_rellit/vaisn/ss5_bhku.txt	8809	śrīṛṣabhadevaḥ	īṛ			UNRESOLVED	none	śrīṛṣabhadevaḥ
4_rellit/vaisn/ss5_bhku.txt	8855	śrīadaṣṭabhujapuruṣam	īa	śrīadaṣṭabhujapuruṣam	śrīadaṣṭabhujapuruṣam	SOURCE_PRESENT	none	śrīadaṣṭabhujapuruṣam
4_rellit/vaisn/ss5_bhku.txt	8959	kāyikavācikamāsaātmikā	aā	kāyikavācikamāsaātmikā	kāyikavācikamāsaātmikā	SOURCE_PRESENT	none	kāyikavācikamāsaātmikā
4_rellit/vaisn/ss5_bhku.txt	8961	ataeva	ae	ataeva	ataeva	SOURCE_PRESENT	none	ataeva
4_rellit/vaisn/ss5_bhku.txt	9369	bhaktiyogasayacaraatvād	aa	bhaktiyogasayacaraatvād	bhaktiyogasayacaraatvād	SOURCE_PRESENT	none	bhaktiyogasayacaraatvād
4_rellit/vaisn/ss5_bhku.txt	9477	ataeva	ae	ataeva	ataeva	SOURCE_PRESENT	none	ataeva
4_rellit/vaisn/ss5_bhku.txt	9563	svādhyāeśvarapraṇidhānāni	āe	svādhyāeśvarapraṇidhānāni	svādhyāeśvarapraṇidhānāni	SOURCE_PRESENT	none	svādhyāeśvarapraṇidhānāni
4_rellit/vaisn/ss5_bhku.txt	9709	tamaādīnāṃ	aā			UNRESOLVED	none	tamaādīnāṃ
4_rellit/vaisn/ss5_bhku.txt	9777	tyājanenaa	aa	tyājanenaa	tyājanenaa	SOURCE_PRESENT	none	tyājanenaa
4_rellit/vaisn/ss5_bhku.txt	9837	ataeva	ae		ataeva	UNRESOLVED	none	ataeva
4_rellit/vaisn/ss5_bhku.txt	9929	ataeva	ae		ataeva	UNRESOLVED	none	ataeva
4_rellit/vaisn/ss5_bhku.txt	9935	ataeva	ae		ataeva	UNRESOLVED	none	ataeva
4_rellit/vaisn/ss5_bhku.txt	9965	ataeva	ae	ataeva	ataeva	SOURCE_PRESENT	none	ataeva
4_rellit/vaisn/ss5_bhku.txt	10091	ataeva	ae		ataeva	UNRESOLVED	none	ataeva
4_rellit/vaisn/ss5_bhku.txt	10115	ataeva	ae	ataeva	ataeva	SOURCE_PRESENT	none	ataeva
4_rellit/vaisn/ss5_bhku.txt	10119	ataeva	ae	ataeva	ataeva	SOURCE_PRESENT	none	ataeva
4_rellit/vaisn/ss5_bhku.txt	10131	ataeva	ae	ataeva	ataeva	SOURCE_PRESENT	none	ataeva
4_rellit/vaisn/ss5_bhku.txt	10143	ataeva	ae		ataeva	UNRESOLVED	none	ataeva
4_rellit/vaisn/ss5_bhku.txt	10339	adhikamatprītiakarīty	ia			UNRESOLVED	none	adhikamatprītiakarīty
4_rellit/vaisn/ss5_bhku.txt	10459	ataeva	ae		ataeva	UNRESOLVED	none	ataeva
4_rellit/vaisn/ss5_bhku.txt	10493	ataevoktaṃ	ae	ataevoktaṃ	ataevoktaṃ	SOURCE_PRESENT	none	ataevoktaṃ
4_rellit/vaisn/ss5_bhku.txt	10525	ataevoktaṃ	ae	ataevoktaṃ	ataevoktaṃ	SOURCE_PRESENT	none	ataevoktaṃ
4_rellit/vaisn/ss5_bhku.txt	10613	vāgvilāsamātrarūpīaḥ	īa			UNRESOLVED	none	vāgvilāsamātrarūpīaḥ
4_rellit/vaisn/ss5_bhku.txt	10617	tatrāāapy	āā			UNRESOLVED	none	tatrāāapy
4_rellit/vaisn/ss5_bhku.txt	10617	tatrāāapy	āa			UNRESOLVED	none	tatrāāapy
4_rellit/vaisn/ss5_bhku.txt	10621	vairāgyārthaa	aa	vairāgyārthaa	vairāgyārthaa	SOURCE_PRESENT	none	vairāgyārthaa
4_rellit/vaisn/ss5_bhku.txt	10723	guṇormīāṃ	īā	guṇormīāṃ	guṇormīāṃ	SOURCE_PRESENT	none	guṇormīāṃ
4_rellit/vaisn/ss5_bhku.txt	10775	ataeva	ae	ataeva	ataeva	SOURCE_PRESENT	none	ataeva
4_rellit/vaisn/ss5_bhku.txt	10951	ataevoktaṃ	ae	ataevoktaṃ	ataevoktaṃ	SOURCE_PRESENT	none	ataevoktaṃ
4_rellit/vaisn/ss5_bhku.txt	11005	ataeva	ae		ataeva	UNRESOLVED	none	ataeva
4_rellit/vaisn/ss5_bhku.txt	11061	ataeva	ae		ataeva	UNRESOLVED	none	ataeva
4_rellit/vaisn/ss5_bhku.txt	11249	ataeva	ae	ataeva	ataeva	SOURCE_PRESENT	none	ataeva
4_rellit/vaisn/ss5_bhku.txt	11299	cecchūām	ūā	cecchūām	cecchūām	SOURCE_PRESENT	none	cecchūām
4_rellit/vaisn/ss5_bhku.txt	11433	yaśo'nugīyaa	aa	yaśo'nugīyaa	yaśo'nugīyaa	SOURCE_PRESENT	none	yaśo'nugīyaa
4_rellit/vaisn/ss5_bhku.txt	11521	ataeva	ae		ataeva	UNRESOLVED	none	ataeva
4_rellit/vaisn/ss5_bhku.txt	11525	ataeva	ae		ataeva	UNRESOLVED	none	ataeva
4_rellit/vaisn/ss5_bhku.txt	11547	ataeva	ae		ataeva	UNRESOLVED	none	ataeva
4_rellit/vaisn/ss5_bhku.txt	11553	ataeva	ae	ataeva	ataeva	SOURCE_PRESENT	none	ataeva
4_rellit/vaisn/ss5_bhku.txt	11631	ataevoktam	ae	ataevoktam	ataevoktam	SOURCE_PRESENT	none	ataevoktam
4_rellit/vaisn/ss5_bhku.txt	11653	ataeva	ae		ataeva	UNRESOLVED	none	ataeva
4_rellit/vaisn/ss5_bhku.txt	11913	ataeva	ae		ataeva	UNRESOLVED	none	ataeva
4_rellit/vaisn/ss5_bhku.txt	11951	ataeva	ae	ataeva	ataeva	SOURCE_PRESENT	none	ataeva
4_rellit/vaisn/ss5_bhku.txt	12189	ataevoktaṃ	ae	ataevoktaṃ	ataevoktaṃ	SOURCE_PRESENT	none	ataevoktaṃ
4_rellit/vaisn/ss5_bhku.txt	12273	ataeva	ae		ataeva	UNRESOLVED	none	ataeva
4_rellit/vaisn/ss5_bhku.txt	12351	ataevāvaśyakapūjyānām	ae	ataevāvaśyakapūjyānām	ataevāvaśyakapūjyānām	SOURCE_PRESENT	none	ataevāvaśyakapūjyānām
4_rellit/vaisn/ss5_bhku.txt	12397	ataeva	ae	ataeva	ataeva	SOURCE_PRESENT	none	ataeva
4_rellit/vaisn/ss5_bhku.txt	12465	ataeva	ae		ataeva	UNRESOLVED	none	ataeva
4_rellit/vaisn/ss5_bhku.txt	12563	ataeva	ae	ataeva	ataeva	SOURCE_PRESENT	none	ataeva
4_rellit/vaisn/ss5_bhku.txt	12575	ataeva	ae		ataeva	UNRESOLVED	none	ataeva
4_rellit/vaisn/ss5_bhku.txt	12605	ataeva	ae	ataeva	ataeva	SOURCE_PRESENT	none	ataeva
4_rellit/vaisn/ss5_bhku.txt	12801	ataevoktaṃ	ae	ataevoktaṃ	ataevoktaṃ	SOURCE_PRESENT	none	ataevoktaṃ
4_rellit/vaisn/ss5_bhku.txt	12827	tadanusandhānenaeti	ae	tadanusandhānenaeti	tadanusandhānenaeti	SOURCE_PRESENT	none	tadanusandhānenaeti
4_rellit/vaisn/ss5_bhku.txt	12907	sthtiam	ia	sthtiam	sthtiam	SOURCE_PRESENT	none	sthtiam
4_rellit/vaisn/ss5_bhku.txt	13053	ataeva	ae		ataeva	UNRESOLVED	none	ataeva
4_rellit/vaisn/ss5_bhku.txt	13203	ataevoktaṃ	ae	ataevoktaṃ	ataevoktaṃ	SOURCE_PRESENT	none	ataevoktaṃ
4_rellit/vaisn/ss5_bhku.txt	13583	ataevāsyā	ae	ataevāsyā	ataevāsyā	SOURCE_PRESENT	none	ataevāsyā
4_rellit/vaisn/ss5_bhku.txt	13599	ataeva	ae	ataeva	ataeva	SOURCE_PRESENT	none	ataeva
4_rellit/vaisn/ss5_bhku.txt	13673	ataevoktaṃ	ae	ataevoktaṃ	ataevoktaṃ	SOURCE_PRESENT	none	ataevoktaṃ
4_rellit/vaisn/ss5_bhku.txt	13811	ataeva	ae	ataeva	ataeva	SOURCE_PRESENT	none	ataeva
4_rellit/vaisn/ss5_bhku.txt	13825	viaṣṇavalaukikadharmānuṣṭhānaṃ	ia	viaṣṇavalaukikadharmānuṣṭhānaṃ	viaṣṇavalaukikadharmānuṣṭhānaṃ	SOURCE_PRESENT	none	viaṣṇavalaukikadharmānuṣṭhānaṃ
4_rellit/vaisn/ss5_bhku.txt	13825	ataeva	ae		ataeva	UNRESOLVED	none	ataeva
4_rellit/vaisn/ss5_bhku.txt	13897	ādeiguṇān	ei	ādeiguṇān	ādeiguṇān	SOURCE_PRESENT	none	ādeiguṇān
4_rellit/vaisn/ss5_bhku.txt	14035	tathiavāvihitenāpi	ia	tathiavāvihitenāpi	tathiavāvihitenāpi	SOURCE_PRESENT	none	tathiavāvihitenāpi
4_rellit/vaisn/ss5_bhku.txt	14075	ataeva	ae		ataeva	UNRESOLVED	none	ataeva
4_rellit/vaisn/ss5_bhku.txt	14143	ataeva	ae		ataeva	UNRESOLVED	none	ataeva
4_rellit/vaisn/ss5_bhku.txt	14245	ataeva	ae	ata eva	ataeva	PIPELINE_BOUNDARY_LOSS_FIXED	restore_space	ata eva
4_rellit/vaisn/ss5_bhku.txt	14291	ataeva	ae	ataeva	ataeva	SOURCE_PRESENT	none	ataeva
4_rellit/vaisn/ss5_bhku.txt	14301	uas	ua	uas	uas	SOURCE_PRESENT	none	uas
4_rellit/vaisn/ss5_bhku.txt	14386	ataevoktam	ae	ataevoktam	ataevoktam	SOURCE_PRESENT	none	ataevoktam
4_rellit/vaisn/ss5_bhku.txt	14444	tapaādipradhānaiva	aā			UNRESOLVED	none	tapaādipradhānaiva
4_rellit/vaisn/ss5_bhku.txt	14480	ataeva	ae		ataeva	UNRESOLVED	none	ataeva
4_rellit/vaisn/ss5_bhku.txt	14508	ataevāvatārāntarakathāyā	ae	ataevāvatārāntarakathāyā	ataevāvatārāntarakathāyā	SOURCE_PRESENT	none	ataevāvatārāntarakathāyā
4_rellit/vaisn/ss5_bhku.txt	14608	ataevambhūtasya	ae	ataevambhūtasya	ataevambhūtasya	SOURCE_PRESENT	none	ataevambhūtasya
4_rellit/vaisn/ss5_bhku.txt	14630	upadiṣīoādhikāriviśeṣavat	īo			UNRESOLVED	none	upadiṣīoādhikāriviśeṣavat
4_rellit/vaisn/ss5_bhku.txt	14630	upadiṣīoādhikāriviśeṣavat	oā			UNRESOLVED	none	upadiṣīoādhikāriviśeṣavat
4_rellit/vaisn/ss5_bhku.txt	14830	you	ou	you	you	SOURCE_PRESENT	none	you
4_rellit/vaisn/ss5_bhku.txt	14878	ataevānyatrāy	ae	ataevānyatrāy	ataevānyatrāy	SOURCE_PRESENT	none	ataevānyatrāy
4_rellit/vaisn/ss5_bhku.txt	15052	tantraī	aī	tantraī	tantraī	SOURCE_PRESENT	none	tantraī
4_rellit/vaisn/ss6_priu.txt	5	pnuar	ua	pnuar	pnuar	SOURCE_PRESENT	none	pnuar
4_rellit/vaisn/ss6_priu.txt	119	ataeva	ae	ataeva	ataeva	SOURCE_PRESENT	none	ataeva
4_rellit/vaisn/ss6_priu.txt	205	śrīṛṣabhadevavākye	īṛ			UNRESOLVED	none	śrīṛṣabhadevavākye
4_rellit/vaisn/ss6_priu.txt	343	yāthātmyaamadhyagamad	aa	yāthātmyaamadhyagamad	yāthātmyaamadhyagamad	SOURCE_PRESENT	none	yāthātmyaamadhyagamad
4_rellit/vaisn/ss6_priu.txt	423	ataeva	ae		ataeva	UNRESOLVED	none	ataeva
4_rellit/vaisn/ss6_priu.txt	433	ataeva	ae		ataeva	UNRESOLVED	none	ataeva
4_rellit/vaisn/ss6_priu.txt	437	nirarthakatvāat	āa	nirarthakatvāat	nirarthakatvāat	SOURCE_PRESENT	none	nirarthakatvāat
4_rellit/vaisn/ss6_priu.txt	659	bhūpālaa	aa	bhūpālaa	bhūpālaa	SOURCE_PRESENT	none	bhūpālaa
4_rellit/vaisn/ss6_priu.txt	845	tṛtīiyajanmani	īi	tṛtīiyajanmani	tṛtīiyajanmani	SOURCE_PRESENT	none	tṛtīiyajanmani
4_rellit/vaisn/ss6_priu.txt	877	ataeva	ae	ataeva	ataeva	SOURCE_PRESENT	none	ataeva
4_rellit/vaisn/ss6_priu.txt	879	ataeva	ae	ataeva	ataeva	SOURCE_PRESENT	none	ataeva
4_rellit/vaisn/ss6_priu.txt	947	ataevānantaraṃ	ae	ataevānantaraṃ	ataevānantaraṃ	SOURCE_PRESENT	none	ataevānantaraṃ
4_rellit/vaisn/ss6_priu.txt	1013	ataevābhyām	ae	ataevābhyām	ataevābhyām	SOURCE_PRESENT	none	ataevābhyām
4_rellit/vaisn/ss6_priu.txt	1031	centaīkṛtya	aī	centaīkṛtya	centaīkṛtya	SOURCE_PRESENT	none	centaīkṛtya
4_rellit/vaisn/ss6_priu.txt	1119	ataeva	ae	ataeva	ataeva	SOURCE_PRESENT	none	ataeva
4_rellit/vaisn/ss6_priu.txt	1147	ataeva	ae	ataeva	ataeva	SOURCE_PRESENT	none	ataeva
4_rellit/vaisn/ss6_priu.txt	1249	ataeva	ae		ataeva	UNRESOLVED	none	ataeva
4_rellit/vaisn/ss6_priu.txt	1377	ataevāṇimādiprāptir	ae	ataevāṇimādiprāptir	ataevāṇimādiprāptir	SOURCE_PRESENT	none	ataevāṇimādiprāptir
4_rellit/vaisn/ss6_priu.txt	1399	ataeva	ae	ataeva	ataeva	SOURCE_PRESENT	none	ataeva
4_rellit/vaisn/ss6_priu.txt	1461	ataeva	ae	ataeva	ataeva	SOURCE_PRESENT	none	ataeva
4_rellit/vaisn/ss6_priu.txt	1569	ataeva	ae		ataeva	UNRESOLVED	none	ataeva
4_rellit/vaisn/ss6_priu.txt	1619	ataeva	ae		ataeva	UNRESOLVED	none	ataeva
4_rellit/vaisn/ss6_priu.txt	1661	ataeva	ae	ataeva	ataeva	SOURCE_PRESENT	none	ataeva
4_rellit/vaisn/ss6_priu.txt	1707	ataevānādaro'pi	ae	ataevānādaro'pi	ataevānādaro'pi	SOURCE_PRESENT	none	ataevānādaro'pi
4_rellit/vaisn/ss6_priu.txt	1809	nyūnatvaavivakṣayā	aa	nyūnatvaavivakṣayā	nyūnatvaavivakṣayā	SOURCE_PRESENT	none	nyūnatvaavivakṣayā
4_rellit/vaisn/ss6_priu.txt	2053	bhaktisvābhāvikabhūtaakāruṇyaguṇenāpy	aa	bhaktisvābhāvikabhūtaakāruṇyaguṇenāpy	bhaktisvābhāvikabhūtaakāruṇyaguṇenāpy	SOURCE_PRESENT	none	bhaktisvābhāvikabhūtaakāruṇyaguṇenāpy
4_rellit/vaisn/ss6_priu.txt	2077	ataevānyeṣām	ae	ataevānyeṣām	ataevānyeṣām	SOURCE_PRESENT	none	ataevānyeṣām
4_rellit/vaisn/ss6_priu.txt	2109	ataeva	ae		ataeva	UNRESOLVED	none	ataeva
4_rellit/vaisn/ss6_priu.txt	2123	jīvanmuktao	ao	jīvanmuktao	jīvanmuktao	SOURCE_PRESENT	none	jīvanmuktao
4_rellit/vaisn/ss6_priu.txt	2155	ataeva	ae		ataeva	UNRESOLVED	none	ataeva
4_rellit/vaisn/ss6_priu.txt	2163	ataevāha	ae	ataevāha	ataevāha	SOURCE_PRESENT	none	ataevāha
4_rellit/vaisn/ss6_priu.txt	2173	ataeva	ae		ataeva	UNRESOLVED	none	ataeva
4_rellit/vaisn/ss6_priu.txt	2191	ataeva	ae	ataeva	ataeva	SOURCE_PRESENT	none	ataeva
4_rellit/vaisn/ss6_priu.txt	2191	ataevānyatra	ae	ataevānyatra	ataevānyatra	SOURCE_PRESENT	none	ataevānyatra
4_rellit/vaisn/ss6_priu.txt	2203	ataevāha	ae	ataevāha	ataevāha	SOURCE_PRESENT	none	ataevāha
4_rellit/vaisn/ss6_priu.txt	2235	ataevāha	ae	ataevāha	ataevāha	SOURCE_PRESENT	none	ataevāha
4_rellit/vaisn/ss6_priu.txt	2267	ataeva	ae	ataeva	ataeva	SOURCE_PRESENT	none	ataeva
4_rellit/vaisn/ss6_priu.txt	2317	ataevāha	ae	ataevāha	ataevāha	SOURCE_PRESENT	none	ataevāha
4_rellit/vaisn/ss6_priu.txt	2381	ataevānyasukhaduḥkhanairapekṣyeṇaiva	ae	ataevānyasukhaduḥkhanairapekṣyeṇaiva	ataevānyasukhaduḥkhanairapekṣyeṇaiva	SOURCE_PRESENT	none	ataevānyasukhaduḥkhanairapekṣyeṇaiva
4_rellit/vaisn/ss6_priu.txt	2403	mokṣaāyāsyāpi	aā	mokṣaāyāsyāpi	mokṣaāyāsyāpi	SOURCE_PRESENT	none	mokṣaāyāsyāpi
4_rellit/vaisn/ss6_priu.txt	2455	ataeva	ae	ataeva	ataeva	SOURCE_PRESENT	none	ataeva
4_rellit/vaisn/ss6_priu.txt	2535	ataeva	ae		ataeva	UNRESOLVED	none	ataeva
4_rellit/vaisn/ss6_priu.txt	2611	ataeva	ae	ataeva	ataeva	SOURCE_PRESENT	none	ataeva
4_rellit/vaisn/ss6_priu.txt	2627	ataeva	ae	ataeva	ataeva	SOURCE_PRESENT	none	ataeva
4_rellit/vaisn/ss6_priu.txt	2797	ataeva	ae	ataeva	ataeva	SOURCE_PRESENT	none	ataeva
4_rellit/vaisn/ss6_priu.txt	2977	ataeva	ae	ataeva	ataeva	SOURCE_PRESENT	none	ataeva
4_rellit/vaisn/ss6_priu.txt	3003	ataevāsyāṃ	ae	ataevāsyāṃ	ataevāsyāṃ	SOURCE_PRESENT	none	ataevāsyāṃ
4_rellit/vaisn/ss6_priu.txt	3065	ataeva	ae		ataeva	UNRESOLVED	none	ataeva
4_rellit/vaisn/ss6_priu.txt	3071	ataeva	ae	ataeva	ataeva	SOURCE_PRESENT	none	ataeva
4_rellit/vaisn/ss6_priu.txt	3077	ataeva	ae	ataeva	ataeva	SOURCE_PRESENT	none	ataeva
4_rellit/vaisn/ss6_priu.txt	3097	ataeva	ae	ataeva	ataeva	SOURCE_PRESENT	none	ataeva
4_rellit/vaisn/ss6_priu.txt	3143	ataeva	ae	ataeva	ataeva	SOURCE_PRESENT	none	ataeva
4_rellit/vaisn/ss6_priu.txt	3301	ataeva	ae	ataeva	ataeva	SOURCE_PRESENT	none	ataeva
4_rellit/vaisn/ss6_priu.txt	3385	ataeva	ae	ataeva	ataeva	SOURCE_PRESENT	none	ataeva
4_rellit/vaisn/ss6_priu.txt	3503	kṣudhārtāity	āi	kṣudhārtāity	kṣudhārtāity	SOURCE_PRESENT	none	kṣudhārtāity
4_rellit/vaisn/ss6_priu.txt	3593	ataeva	ae	ataeva	ataeva	SOURCE_PRESENT	none	ataeva
4_rellit/vaisn/ss6_priu.txt	3621	ataeva	ae		ataeva	UNRESOLVED	none	ataeva
4_rellit/vaisn/ss6_priu.txt	3663	ataeva	ae	ataeva	ataeva	SOURCE_PRESENT	none	ataeva
4_rellit/vaisn/ss6_priu.txt	3687	bhāgavataātmārāmaḥ	aā	bhāgavataātmārāmaḥ	bhāgavataātmārāmaḥ	SOURCE_PRESENT	none	bhāgavataātmārāmaḥ
4_rellit/vaisn/ss6_priu.txt	3703	caaṅgīkṛtya	aa			UNRESOLVED	none	caaṅgīkṛtya
4_rellit/vaisn/ss6_priu.txt	3709	ataevoktaṃ	ae	ataevoktaṃ	ataevoktaṃ	SOURCE_PRESENT	none	ataevoktaṃ
4_rellit/vaisn/ss6_priu.txt	3749	caātmanaḥ	aā			UNRESOLVED	none	caātmanaḥ
4_rellit/vaisn/ss6_priu.txt	3805	ataeva	ae	ataeva	ataeva	SOURCE_PRESENT	none	ataeva
4_rellit/vaisn/ss6_priu.txt	3819	śrīkṛṣṇaākhyena	aā	śrīkṛṣṇaākhyena	śrīkṛṣṇaākhyena	SOURCE_PRESENT	none	śrīkṛṣṇaākhyena
4_rellit/vaisn/ss6_priu.txt	3881	ataeva	ae		ataeva	UNRESOLVED	none	ataeva
4_rellit/vaisn/ss6_priu.txt	3887	ataeva	ae	ataeva	ataeva	SOURCE_PRESENT	none	ataeva
4_rellit/vaisn/ss6_priu.txt	3949	ataevoktaṃ	ae	ataevoktaṃ	ataevoktaṃ	SOURCE_PRESENT	none	ataevoktaṃ
4_rellit/vaisn/ss6_priu.txt	3987	ataeva	ae		ataeva	UNRESOLVED	none	ataeva
4_rellit/vaisn/ss6_priu.txt	4011	evābhilāṣātiśaātmako	aā	evābhilāṣātiśaātmako	evābhilāṣātiśaātmako	SOURCE_PRESENT	none	evābhilāṣātiśaātmako
4_rellit/vaisn/ss6_priu.txt	4139	prīitr	īi	prīitr	prīitr	SOURCE_PRESENT	none	prīitr
4_rellit/vaisn/ss6_priu.txt	4183	ataeva	ae		ataeva	UNRESOLVED	none	ataeva
4_rellit/vaisn/ss6_priu.txt	4221	ataeva	ae		ataeva	UNRESOLVED	none	ataeva
4_rellit/vaisn/ss6_priu.txt	4385	āchādiavatyaḥ	ia	āchādiavatyaḥ	āchādiavatyaḥ	SOURCE_PRESENT	none	āchādiavatyaḥ
4_rellit/vaisn/ss6_priu.txt	4535	ataeva	ae		ataeva	UNRESOLVED	none	ataeva
4_rellit/vaisn/ss6_priu.txt	4541	ataeva	ae		ataeva	UNRESOLVED	none	ataeva
4_rellit/vaisn/ss6_priu.txt	4623	ataeva	ae	ataeva	ataeva	SOURCE_PRESENT	none	ataeva
4_rellit/vaisn/ss6_priu.txt	4875	parikarāapi	āa	parikarāapi	parikarāapi	SOURCE_PRESENT	none	parikarāapi
4_rellit/vaisn/ss6_priu.txt	4885	ataeva	ae	ataeva	ataeva	SOURCE_PRESENT	none	ataeva
4_rellit/vaisn/ss6_priu.txt	4999	ataeva	ae	ataeva	ataeva	SOURCE_PRESENT	none	ataeva
4_rellit/vaisn/ss6_priu.txt	5057	ataeva	ae	ataeva	ataeva	SOURCE_PRESENT	none	ataeva
4_rellit/vaisn/ss6_priu.txt	5133	ataevaa	ae	ataevaa	ataevaa	SOURCE_PRESENT	none	ataevaa
4_rellit/vaisn/ss6_priu.txt	5133	ataevaa	aa	ataevaa	ataevaa	SOURCE_PRESENT	none	ataevaa
4_rellit/vaisn/ss6_priu.txt	5155	ataeva	ae	ataeva	ataeva	SOURCE_PRESENT	none	ataeva
4_rellit/vaisn/ss6_priu.txt	5227	ataeva	ae	ataeva	ataeva	SOURCE_PRESENT	none	ataeva
4_rellit/vaisn/ss6_priu.txt	5269	ataeva	ae		ataeva	UNRESOLVED	none	ataeva
4_rellit/vaisn/ss6_priu.txt	5331	ataeva	ae		ataeva	UNRESOLVED	none	ataeva
4_rellit/vaisn/ss6_priu.txt	5335	ataeva	ae		ataeva	UNRESOLVED	none	ataeva
4_rellit/vaisn/ss6_priu.txt	5347	ataevākrūreṇa	ae	ataevākrūreṇa	ataevākrūreṇa	SOURCE_PRESENT	none	ataevākrūreṇa
4_rellit/vaisn/ss6_priu.txt	5383	ataeva	ae		ataeva	UNRESOLVED	none	ataeva
4_rellit/vaisn/ss6_priu.txt	5487	vratias	ia	vratias	vratias	SOURCE_PRESENT	none	vratias
4_rellit/vaisn/ss6_priu.txt	5497	āsua	ua	āsua	āsua	SOURCE_PRESENT	none	āsua
4_rellit/vaisn/ss6_priu.txt	5659	śrīuddhavaḥ	īu			UNRESOLVED	none	śrīuddhavaḥ
4_rellit/vaisn/ss6_priu.txt	5713	addition	io	addition	addition	SOURCE_PRESENT	none	addition
4_rellit/vaisn/ss6_priu.txt	5797	ataeva	ae		ataeva	UNRESOLVED	none	ataeva
4_rellit/vaisn/ss6_priu.txt	6063	ataeva	ae	ataeva	ataeva	SOURCE_PRESENT	none	ataeva
4_rellit/vaisn/ss6_priu.txt	6153	śrīvrajadevīādau	īā			UNRESOLVED	none	śrīvrajadevīādau
4_rellit/vaisn/ss6_priu.txt	6429	ataevoktaṃ	ae	ataevoktaṃ	ataevoktaṃ	SOURCE_PRESENT	none	ataevoktaṃ
4_rellit/vaisn/ss6_priu.txt	6441	ataeva	ae	ataeva	ataeva	SOURCE_PRESENT	none	ataeva
4_rellit/vaisn/ss6_priu.txt	6493	ataevottarapadyam	ae	ataevottarapadyam	ataevottarapadyam	SOURCE_PRESENT	none	ataevottarapadyam
4_rellit/vaisn/ss6_priu.txt	6507	addition	io	addition	addition	SOURCE_PRESENT	none	addition
4_rellit/vaisn/ss6_priu.txt	6515	tathāvaatāritam	aa	tathāvaatāritam	tathāvaatāritam	SOURCE_PRESENT	none	tathāvaatāritam
4_rellit/vaisn/ss6_priu.txt	6653	ataeva	ae	ataeva	ataeva	SOURCE_PRESENT	none	ataeva
4_rellit/vaisn/ss6_priu.txt	6709	ataeva	ae	ataeva	ataeva	SOURCE_PRESENT	none	ataeva
4_rellit/vaisn/ss6_priu.txt	6767	tapaādibhir	aā			UNRESOLVED	none	tapaādibhir
4_rellit/vaisn/ss6_priu.txt	6771	additional	io	additional	additional	SOURCE_PRESENT	none	additional
4_rellit/vaisn/ss6_priu.txt	6771	reading	ea	reading	reading	SOURCE_PRESENT	none	reading
4_rellit/vaisn/ss6_priu.txt	6771	anyadīyatapaādileśānāṃ	aā			UNRESOLVED	none	anyadīyatapaādileśānāṃ
4_rellit/vaisn/ss6_priu.txt	6775	durvāsaādeḥ	aā			UNRESOLVED	none	durvāsaādeḥ
4_rellit/vaisn/ss6_priu.txt	6855	ataeva	ae		ataeva	UNRESOLVED	none	ataeva
4_rellit/vaisn/ss6_priu.txt	6859	ataeva	ae		ataeva	UNRESOLVED	none	ataeva
4_rellit/vaisn/ss6_priu.txt	6947	ataeva	ae	ataeva	ataeva	SOURCE_PRESENT	none	ataeva
4_rellit/vaisn/ss6_priu.txt	7175	ataeva	ae	ataeva	ataeva	SOURCE_PRESENT	none	ataeva
4_rellit/vaisn/ss6_priu.txt	7205	ataevābudhaḥ	ae	ataevābudhaḥ	ataevābudhaḥ	SOURCE_PRESENT	none	ataevābudhaḥ
4_rellit/vaisn/ss6_priu.txt	7233	tādṛśaiśvaryaajñānarahitāḥ	aa	tādṛśaiśvaryaajñānarahitāḥ	tādṛśaiśvaryaajñānarahitāḥ	SOURCE_PRESENT	none	tādṛśaiśvaryaajñānarahitāḥ
4_rellit/vaisn/ss6_priu.txt	7251	ataevātattvavidaḥ	ae	ataevātattvavidaḥ	ataevātattvavidaḥ	SOURCE_PRESENT	none	ataevātattvavidaḥ
4_rellit/vaisn/ss6_priu.txt	7265	ataeva	ae	ataeva	ataeva	SOURCE_PRESENT	none	ataeva
4_rellit/vaisn/ss6_priu.txt	7339	ataevāha	ae	ataevāha	ataevāha	SOURCE_PRESENT	none	ataevāha
4_rellit/vaisn/ss6_priu.txt	7357	āhaevaṃ	ae			UNRESOLVED	none	āhaevaṃ
4_rellit/vaisn/ss6_priu.txt	7455	ataevāha	ae	ataevāha	ataevāha	SOURCE_PRESENT	none	ataevāha
4_rellit/vaisn/ss6_priu.txt	7477	ataevāvasaraviśeṣaṃ	ae	ataevāvasaraviśeṣaṃ	ataevāvasaraviśeṣaṃ	SOURCE_PRESENT	none	ataevāvasaraviśeṣaṃ
4_rellit/vaisn/ss6_priu.txt	7509	ataeva	ae	ataeva	ataeva	SOURCE_PRESENT	none	ataeva
4_rellit/vaisn/ss6_priu.txt	7535	ataeva	ae	ataeva	ataeva	SOURCE_PRESENT	none	ataeva
4_rellit/vaisn/ss6_priu.txt	7587	ataeva	ae	ataeva	ataeva	SOURCE_PRESENT	none	ataeva
4_rellit/vaisn/ss6_priu.txt	7625	bhakṛitavān	ṛi	bhakṛitavān	bhakṛitavān	SOURCE_PRESENT	none	bhakṛitavān
4_rellit/vaisn/ss6_priu.txt	7723	ataeva	ae	ataeva	ataeva	SOURCE_PRESENT	none	ataeva
4_rellit/vaisn/ss6_priu.txt	7729	pītāmbaayor	aa	pītāmbaayor	pītāmbaayor	SOURCE_PRESENT	none	pītāmbaayor
4_rellit/vaisn/ss6_priu.txt	7819	ataeva	ae	ataeva	ataeva	SOURCE_PRESENT	none	ataeva
4_rellit/vaisn/ss6_priu.txt	7847	ataeva	ae		ataeva	UNRESOLVED	none	ataeva
4_rellit/vaisn/ss6_priu.txt	7909	naa	aa	naa	naa	SOURCE_PRESENT	none	naa
4_rellit/vaisn/ss6_priu.txt	7925	ataeva	ae		ataeva	UNRESOLVED	none	ataeva
4_rellit/vaisn/ss6_priu.txt	8295	prīiter	īi	prīiter	prīiter	SOURCE_PRESENT	none	prīiter
4_rellit/vaisn/ss6_priu.txt	8743	śrīvrajeśvaīsabhāsthitāyāś	aī	śrīvrajeśvaīsabhāsthitāyāś	śrīvrajeśvaīsabhāsthitāyāś	SOURCE_PRESENT	none	śrīvrajeśvaīsabhāsthitāyāś
4_rellit/vaisn/ss6_priu.txt	8843	ataeva	ae		ataeva	UNRESOLVED	none	ataeva
4_rellit/vaisn/ss6_priu.txt	8877	ataeva	ae	ataeva	ataeva	SOURCE_PRESENT	none	ataeva
4_rellit/vaisn/ss6_priu.txt	8915	yathāakṣaṇvatām	āa			UNRESOLVED	none	yathāakṣaṇvatām
4_rellit/vaisn/ss6_priu.txt	8967	yathāaho	āa			UNRESOLVED	none	yathāaho
4_rellit/vaisn/ss6_priu.txt	9023	ataevaikam	ae	ataevaikam	ataevaikam	SOURCE_PRESENT	none	ataevaikam
4_rellit/vaisn/ss6_priu.txt	9351	udāhṛiyate	ṛi	udāhṛiyate	udāhṛiyate	SOURCE_PRESENT	none	udāhṛiyate
4_rellit/vaisn/ss6_priu.txt	9375	avatārāvaībījatvam	aī	avatārāvaībījatvam	avatārāvaībījatvam	SOURCE_PRESENT	none	avatārāvaībījatvam
4_rellit/vaisn/ss6_priu.txt	9441	vibhāvodbhāsvarānubhāvavaiśiṣṭyenaaiva	aa	vibhāvodbhāsvarānubhāvavaiśiṣṭyenaaiva	vibhāvodbhāsvarānubhāvavaiśiṣṭyenaaiva	SOURCE_PRESENT	none	vibhāvodbhāsvarānubhāvavaiśiṣṭyenaaiva
4_rellit/vaisn/ss6_priu.txt	9499	ataeva	ae	ataeva	ataeva	SOURCE_PRESENT	none	ataeva
4_rellit/vaisn/ss6_priu.txt	9523	dvārakaāprajānām	aā	dvārakaāprajānām	dvārakaāprajānām	SOURCE_PRESENT	none	dvārakaāprajānām
4_rellit/vaisn/ss6_priu.txt	9603	ataeva	ae	ataeva	ataeva	SOURCE_PRESENT	none	ataeva
4_rellit/vaisn/ss6_priu.txt	9617	ataeva	ae		ataeva	UNRESOLVED	none	ataeva
4_rellit/vaisn/ss6_priu.txt	9675	śrīakrūraḥ	īa			UNRESOLVED	none	śrīakrūraḥ
4_rellit/vaisn/ss6_priu.txt	9741	ataeva	ae		ataeva	UNRESOLVED	none	ataeva
4_rellit/vaisn/ss6_priu.txt	9767	ataeva	ae	ataeva	ataeva	SOURCE_PRESENT	none	ataeva
4_rellit/vaisn/ss6_priu.txt	9959	uictā	ui	uictā	uictā	SOURCE_PRESENT	none	uictā
4_rellit/vaisn/ss6_priu.txt	10341	viśeṣaeena	ae	viśeṣaeena	viśeṣaeena	SOURCE_PRESENT	none	viśeṣaeena
4_rellit/vaisn/ss6_priu.txt	10341	viśeṣaeena	ee	viśeṣaeena	viśeṣaeena	SOURCE_PRESENT	none	viśeṣaeena
4_rellit/vaisn/ss6_priu.txt	10345	ataeva	ae		ataeva	UNRESOLVED	none	ataeva
4_rellit/vaisn/ss6_priu.txt	10377	ataeva	ae		ataeva	UNRESOLVED	none	ataeva
4_rellit/vaisn/ss6_priu.txt	10547	ataeva	ae		ataeva	UNRESOLVED	none	ataeva
4_rellit/vaisn/ss6_priu.txt	10857	ataeva	ae	ataeva	ataeva	SOURCE_PRESENT	none	ataeva
4_rellit/vaisn/ss6_priu.txt	10951	darśaāgocareṇa	aā	darśaāgocareṇa	darśaāgocareṇa	SOURCE_PRESENT	none	darśaāgocareṇa
4_rellit/vaisn/ss6_priu.txt	10953	ataevāniṣṭaśaṅkāyā	ae	ataevāniṣṭaśaṅkāyā	ataevāniṣṭaśaṅkāyā	SOURCE_PRESENT	none	ataevāniṣṭaśaṅkāyā
4_rellit/vaisn/ss6_priu.txt	10999	deśāntaraviyogātmaodāharaṇaṃ	ao	deśāntaraviyogātmaodāharaṇaṃ	deśāntaraviyogātmaodāharaṇaṃ	SOURCE_PRESENT	none	deśāntaraviyogātmaodāharaṇaṃ
4_rellit/vaisn/ss6_priu.txt	11001	maītrīmayo	aī	maītrīmayo	maītrīmayo	SOURCE_PRESENT	none	maītrīmayo
4_rellit/vaisn/ss6_priu.txt	11005	tadādhāraāḥ	aā	tadādhāraāḥ	tadādhāraāḥ	SOURCE_PRESENT	none	tadādhāraāḥ
4_rellit/vaisn/ss6_priu.txt	11077	ataeva	ae		ataeva	UNRESOLVED	none	ataeva
4_rellit/vaisn/ss6_priu.txt	11115	ataevāsām	ae	ataevāsām	ataevāsām	SOURCE_PRESENT	none	ataevāsām
4_rellit/vaisn/ss6_priu.txt	11137	ataeva	ae		ataeva	UNRESOLVED	none	ataeva
4_rellit/vaisn/ss6_priu.txt	11183	ataevoktam	ae	ataevoktam	ataevoktam	SOURCE_PRESENT	none	ataevoktam
4_rellit/vaisn/ss6_priu.txt	11259	ataeva	ae	ataeva	ataeva	SOURCE_PRESENT	none	ataeva
4_rellit/vaisn/ss6_priu.txt	11325	ataeva	ae	ataeva	ataeva	SOURCE_PRESENT	none	ataeva
4_rellit/vaisn/ss6_priu.txt	11381	ataeva	ae		ataeva	UNRESOLVED	none	ataeva
4_rellit/vaisn/ss6_priu.txt	11473	tatrāi	āi	tatrāi	tatrāi	SOURCE_PRESENT	none	tatrāi
4_rellit/vaisn/ss6_priu.txt	11641	ataeva	ae		ataeva	UNRESOLVED	none	ataeva
4_rellit/vaisn/ss6_priu.txt	11745	urugāyapadābjearāgaśrīkuṅkumena	ea	urugāyapadābjearāgaśrīkuṅkumena	urugāyapadābjearāgaśrīkuṅkumena	SOURCE_PRESENT	none	urugāyapadābjearāgaśrīkuṅkumena
4_rellit/vaisn/ss6_priu.txt	12109	ataeva	ae	ataeva	ataeva	SOURCE_PRESENT	none	ataeva
4_rellit/vaisn/ss6_priu.txt	12751	ataeva	ae	ataeva	ataeva	SOURCE_PRESENT	none	ataeva
4_rellit/vaisn/ss6_priu.txt	12919	ataeva	ae		ataeva	UNRESOLVED	none	ataeva
4_rellit/vaisn/ss6_priu.txt	13335	kṛīḍanavac	ṛī	kṛīḍanavac	kṛīḍanavac	SOURCE_PRESENT	none	kṛīḍanavac
4_rellit/vaisn/ss6_priu.txt	13343	vṛndāvaād	aā	vṛndāvaād	vṛndāvaād	SOURCE_PRESENT	none	vṛndāvaād
4_rellit/vaisn/ss6_priu.txt	13425	īṛṣāmānatvam	īṛ	īṛṣāmānatvam	īṛṣāmānatvam	SOURCE_PRESENT	none	īṛṣāmānatvam
4_rellit/vaisn/ss6_priu.txt	13433	ataeva	ae		ataeva	UNRESOLVED	none	ataeva
4_rellit/vaisn/ss6_priu.txt	13581	ataeva	ae		ataeva	UNRESOLVED	none	ataeva
4_rellit/vaisn/ss6_priu.txt	13693	ataeva	ae	ataeva	ataeva	SOURCE_PRESENT	none	ataeva
4_rellit/vaisn/ss6_priu.txt	13965	ataevāparimitacatuṣpadavigāhe'pi	ae	ataevāparimitacatuṣpadavigāhe'pi	ataevāparimitacatuṣpadavigāhe'pi	SOURCE_PRESENT	none	ataevāparimitacatuṣpadavigāhe'pi
4_rellit/vaisn/ss6_priu.txt	14089	ataeva	ae		ataeva	UNRESOLVED	none	ataeva
4_rellit/vaisn/ss6_priu.txt	14337	śrīkṛṣṇasaandarbhe	aa	śrīkṛṣṇasaandarbhe	śrīkṛṣṇasaandarbhe	SOURCE_PRESENT	none	śrīkṛṣṇasaandarbhe
4_rellit/vaisn/vaimp__u.txt	275	edition	io		edition	UNRESOLVED	none	edition
4_rellit/vaisn/vaimp__u.txt	277	aṣṭāu	āu	aṣṭāu	aṣṭāu	SOURCE_PRESENT	none	aṣṭāu
4_rellit/vaisn/vaimp__u.txt	703	aṣṭāu	āu	aṣṭāu	aṣṭāu	SOURCE_PRESENT	none	aṣṭāu
4_rellit/vaisn/vaimp__u.txt	2173	aṣṭāu	āu	aṣṭāu	aṣṭāu	SOURCE_PRESENT	none	aṣṭāu
4_rellit/vaisn/vaimp__u.txt	2227	mṛṇālikāyāi	āi	mṛṇālikāyāi	mṛṇālikāyāi	SOURCE_PRESENT	none	mṛṇālikāyāi
4_rellit/vaisn/vaimp__u.txt	2763	'ṣṭāu	āu	'ṣṭāu	'ṣṭāu	SOURCE_PRESENT	none	'ṣṭāu
4_rellit/vaisn/vaimp__u.txt	2935	aṣṭāu	āu	aṣṭāu	aṣṭāu	SOURCE_PRESENT	none	aṣṭāu
4_rellit/vaisn/vaimp__u.txt	3025	aṣṭāu	āu	aṣṭāu	aṣṭāu	SOURCE_PRESENT	none	aṣṭāu
4_rellit/vaisn/vaimp__u.txt	3265	ajñānajñāu	āu	ajñānajñāu	ajñānajñāu	SOURCE_PRESENT	none	ajñānajñāu
4_rellit/vaisn/vaimp__u.txt	3283	edition	io		edition	UNRESOLVED	none	edition
4_rellit/vaisn/vaimp__u.txt	3283	edition	io	edition	edition	SOURCE_PRESENT	none	edition
4_rellit/vaisn/vaimp__u.txt	3449	edition	io		edition	UNRESOLVED	none	edition
4_rellit/vaisn/vaimp__u.txt	3475	edition	io		edition	UNRESOLVED	none	edition
4_rellit/vaisn/vaimp__u.txt	3477	edition	io		edition	UNRESOLVED	none	edition
4_rellit/vaisn/vaimp__u.txt	3499	edition	io		edition	UNRESOLVED	none	edition
4_rellit/vaisn/vaimp__u.txt	3523	edition	io		edition	UNRESOLVED	none	edition
4_rellit/vaisn/vaimp__u.txt	3523	edition	io	edition	edition	SOURCE_PRESENT	none	edition
4_rellit/vaisn/vaimp__u.txt	3551	edition	io		edition	UNRESOLVED	none	edition
4_rellit/vaisn/vaimp__u.txt	3551	edition	io	edition	edition	SOURCE_PRESENT	none	edition
4_rellit/vaisn/vaimp__u.txt	3631	edition	io		edition	UNRESOLVED	none	edition
4_rellit/vaisn/vaimp__u.txt	3693	edition	io		edition	UNRESOLVED	none	edition
4_rellit/vaisn/vaimp__u.txt	3693	variant	ia	variant	variant	SOURCE_PRESENT	none	variant
4_rellit/vaisn/vaimp__u.txt	3693	reading	ea		reading	UNRESOLVED	none	reading
4_rellit/vaisn/vaimp__u.txt	3833	edition	io		edition	UNRESOLVED	none	edition
4_rellit/vaisn/vaimp__u.txt	4337	edition	io		edition	UNRESOLVED	none	edition
4_rellit/vaisn/vaimp__u.txt	4461	book	oo		book	UNRESOLVED	none	book
4_rellit/vaisn/vaimp__u.txt	4533	edition	io		edition	UNRESOLVED	none	edition
4_rellit/vaisn/vaimp__u.txt	5199	edition	io		edition	UNRESOLVED	none	edition
4_rellit/vaisn/vaimp__u.txt	5199	edition	io	edition	edition	SOURCE_PRESENT	none	edition
4_rellit/vaisn/vaimp__u.txt	5241	edition	io		edition	UNRESOLVED	none	edition
4_rellit/vaisn/vaimp__u.txt	5263	edition	io		edition	UNRESOLVED	none	edition
4_rellit/vaisn/vaimp__u.txt	5263	edition	io		edition	UNRESOLVED	none	edition
4_rellit/vaisn/vaimp__u.txt	5729	edition	io		edition	UNRESOLVED	none	edition
4_rellit/vaisn/vaimp__u.txt	5771	edition	io		edition	UNRESOLVED	none	edition
4_rellit/vaisn/vaimp__u.txt	5773	edition	io		edition	UNRESOLVED	none	edition
4_rellit/vaisn/vaimp__u.txt	5773	edition	io	edition	edition	SOURCE_PRESENT	none	edition
4_rellit/vaisn/vaimp__u.txt	5895	edition	io		edition	UNRESOLVED	none	edition
4_rellit/vaisn/vaimp__u.txt	5895	edition	io	edition	edition	SOURCE_PRESENT	none	edition
4_rellit/vaisn/vaimp__u.txt	6037	edition	io		edition	UNRESOLVED	none	edition
4_rellit/vaisn/vaimp__u.txt	6037	edition	io		edition	UNRESOLVED	none	edition
4_rellit/vaisn/vaimp__u.txt	6179	edition	io		edition	UNRESOLVED	none	edition
4_rellit/vaisn/vaimp__u.txt	6241	edition	io		edition	UNRESOLVED	none	edition
4_rellit/vaisn/vaimp__u.txt	6283	edition	io		edition	UNRESOLVED	none	edition
4_rellit/vaisn/vaimp__u.txt	6283	edition	io	edition	edition	SOURCE_PRESENT	none	edition
4_rellit/vaisn/vaimp__u.txt	6359	edition	io		edition	UNRESOLVED	none	edition
4_rellit/vaisn/vaimp__u.txt	6717	edition	io		edition	UNRESOLVED	none	edition
4_rellit/vaisn/vaimp__u.txt	6719	edition	io		edition	UNRESOLVED	none	edition
4_rellit/vaisn/vaimp__u.txt	6983	book	oo		book	UNRESOLVED	none	book
4_rellit/vaisn/vaimp__u.txt	6985	edition	io		edition	UNRESOLVED	none	edition
4_rellit/vaisn/vaimp__u.txt	7083	edition	io		edition	UNRESOLVED	none	edition
4_rellit/vaisn/vaimp__u.txt	7085	edition	io		edition	UNRESOLVED	none	edition
4_rellit/vaisn/vaimp__u.txt	7107	edition	io		edition	UNRESOLVED	none	edition
4_rellit/vaisn/vaimp__u.txt	7129	edition	io		edition	UNRESOLVED	none	edition
4_rellit/vaisn/vaimp__u.txt	7131	edition	io		edition	UNRESOLVED	none	edition
4_rellit/vaisn/vaimp__u.txt	7133	edition	io		edition	UNRESOLVED	none	edition
4_rellit/vaisn/vaimp__u.txt	7167	editions	io		editions	UNRESOLVED	none	editions
4_rellit/vaisn/vaimp__u.txt	7167	edition	io	edition	edition	SOURCE_PRESENT	none	edition
4_rellit/vaisn/vaimp__u.txt	7191	editions	io		editions	UNRESOLVED	none	editions
4_rellit/vaisn/vaimp__u.txt	7191	edition	io	edition	edition	SOURCE_PRESENT	none	edition
4_rellit/vaisn/vaimp__u.txt	7213	edition	io		edition	UNRESOLVED	none	edition
4_rellit/vaisn/vaimp__u.txt	7215	editions	io		editions	UNRESOLVED	none	editions
4_rellit/vaisn/vaimp__u.txt	7215	edition	io	edition	edition	SOURCE_PRESENT	none	edition
4_rellit/vaisn/vaimp__u.txt	7239	edition	io		edition	UNRESOLVED	none	edition
4_rellit/vaisn/vaimp__u.txt	7241	edition	io		edition	UNRESOLVED	none	edition
4_rellit/vaisn/vaimp__u.txt	7279	edition	io		edition	UNRESOLVED	none	edition
4_rellit/vaisn/vaimp__u.txt	7279	edition	io	edition	edition	SOURCE_PRESENT	none	edition
4_rellit/vaisn/vaimp__u.txt	7281	edition	io		edition	UNRESOLVED	none	edition
4_rellit/vaisn/vaimp__u.txt	7341	edition	io		edition	UNRESOLVED	none	edition
4_rellit/vaisn/vaimp__u.txt	7433	editions	io		editions	UNRESOLVED	none	editions
4_rellit/vaisn/vaimp__u.txt	7433	edition	io	edition	edition	SOURCE_PRESENT	none	edition
4_rellit/vaisn/vaimp__u.txt	7441	edition	io		edition	UNRESOLVED	none	edition
4_rellit/vaisn/vaimp__u.txt	7445	edition	io		edition	UNRESOLVED	none	edition
4_rellit/vaisn/vaimp__u.txt	7449	book	oo		book	UNRESOLVED	none	book
4_rellit/vaisn/vaimp__u.txt	7451	edition	io		edition	UNRESOLVED	none	edition
4_rellit/vaisn/vaimp__u.txt	8067	accentuation	ua		accentuation	UNRESOLVED	none	accentuation
4_rellit/vaisn/vaimp__u.txt	8067	accentuation	io		accentuation	UNRESOLVED	none	accentuation
4_rellit/vaisn/vaimp__u.txt	8067	edition	io	edition	edition	SOURCE_PRESENT	none	edition
4_rellit/vaisn/vaimp__u.txt	8213	read	ea	read	read	SOURCE_PRESENT	none	read
4_rellit/vaisn/vaimp__u.txt	8355	reads	ea	reads	reads	SOURCE_PRESENT	none	reads
4_rellit/vaisn/vaimp__u.txt	8461	edition	io		edition	UNRESOLVED	none	edition
4_rellit/vaisn/vaimp__u.txt	8499	edition	io		edition	UNRESOLVED	none	edition
4_rellit/vaisn/vaimp__u.txt	8541	read	ea	read	read	SOURCE_PRESENT	none	read
4_rellit/vaisn/vaimp__u.txt	8607	edition	io		edition	UNRESOLVED	none	edition
4_rellit/vaisn/vaimp__u.txt	8629	edition	io		edition	UNRESOLVED	none	edition
4_rellit/vaisn/vaimp__u.txt	8673	edition	io		edition	UNRESOLVED	none	edition
4_rellit/vaisn/vaimp__u.txt	8821	book	oo		book	UNRESOLVED	none	book
4_rellit/vaisn/vaimp__u.txt	8849	edition	io		edition	UNRESOLVED	none	edition
4_rellit/vaisn/vaimp__u.txt	8923	editions	io		editions	UNRESOLVED	none	editions
4_rellit/vaisn/vaimp__u.txt	8943	edition	io		edition	UNRESOLVED	none	edition
4_rellit/vaisn/vaimp__u.txt	8979	edition	io		edition	UNRESOLVED	none	edition
4_rellit/vaisn/vaimp__u.txt	9023	edition	io		edition	UNRESOLVED	none	edition
4_rellit/vaisn/vaimp__u.txt	9023	edition	io	edition	edition	SOURCE_PRESENT	none	edition
4_rellit/vaisn/vaimp__u.txt	9065	edition	io		edition	UNRESOLVED	none	edition
4_rellit/vaisn/vaimp__u.txt	9131	edition	io		edition	UNRESOLVED	none	edition
4_rellit/vaisn/vaimp__u.txt	9149	edition	io		edition	UNRESOLVED	none	edition
4_rellit/vaisn/vaimp__u.txt	9269	edition	io		edition	UNRESOLVED	none	edition
4_rellit/vaisn/vaimp__u.txt	9269	edition	io	edition	edition	SOURCE_PRESENT	none	edition
4_rellit/vaisn/vaimp__u.txt	9291	edition	io		edition	UNRESOLVED	none	edition
4_rellit/vaisn/vaimp__u.txt	9291	edition	io	edition	edition	SOURCE_PRESENT	none	edition
4_rellit/vaisn/vaimp__u.txt	9665	edition	io		edition	UNRESOLVED	none	edition
4_rellit/vaisn/vaimp__u.txt	9665	edition	io	edition	edition	SOURCE_PRESENT	none	edition
4_rellit/vaisn/vaimp__u.txt	10051	kṣaṛate	aṛ	kṣaṛate	kṣaṛate	SOURCE_PRESENT	none	kṣaṛate
4_rellit/vaisn/vaimp__u.txt	10051	kṣaṛate	ṛa	kṣaṛate	kṣaṛate	SOURCE_PRESENT	none	kṣaṛate
4_rellit/vaisn/vaimp__u.txt	10149	edition	io		edition	UNRESOLVED	none	edition
4_rellit/vaisn/vaimp__u.txt	10149	edition	io	edition	edition	SOURCE_PRESENT	none	edition
4_rellit/vaisn/vaimp__u.txt	10253	editions	io		editions	UNRESOLVED	none	editions
4_rellit/vaisn/vaimp__u.txt	10507	edition	io		edition	UNRESOLVED	none	edition
4_rellit/vaisn/vaimp__u.txt	10509	edition	io		edition	UNRESOLVED	none	edition
4_rellit/vaisn/vaimp__u.txt	10755	sahaṛṣibhiḥ	aṛ	sahaṛṣibhiḥ	sahaṛṣibhiḥ	SOURCE_PRESENT	none	sahaṛṣibhiḥ
4_rellit/vaisn/vaimp__u.txt	10947	edition	io		edition	UNRESOLVED	none	edition
4_rellit/vaisn/vaimp__u.txt	11165	edition	io		edition	UNRESOLVED	none	edition
4_rellit/vaisn/vaimp__u.txt	11225	edition	io		edition	UNRESOLVED	none	edition
4_rellit/vaisn/vaimp__u.txt	11869	edition	io		edition	UNRESOLVED	none	edition
4_rellit/vaisn/vaimp__u.txt	11869	edition	io		edition	UNRESOLVED	none	edition
4_rellit/vaisn/vaimp__u.txt	12027	niṛṛtir	iṛ	niṛṛtir	niṛṛtir	SOURCE_PRESENT	none	niṛṛtir
4_rellit/vaisn/vaimp__u.txt	12027	niṛṛtir	ṛṛ	niṛṛtir	niṛṛtir	SOURCE_PRESENT	none	niṛṛtir
4_rellit/vaisn/vaimp__u.txt	12061	edition	io		edition	UNRESOLVED	none	edition
4_rellit/vaisn/vaimp__u.txt	12061	edition	io	edition	edition	SOURCE_PRESENT	none	edition
4_rellit/vaisn/vaimp__u.txt	12139	pīvoannāṃ	oa	pīvoannāṃ	pīvoannāṃ	SOURCE_PRESENT	none	pīvoannāṃ
4_rellit/vaisn/vaimp__u.txt	12217	version	io	version	version	SOURCE_PRESENT	none	version
4_rellit/vaisn/vaimp__u.txt	12521	edition	io		edition	UNRESOLVED	none	edition
4_rellit/vaisn/vaimp__u.txt	13407	edition	io		edition	UNRESOLVED	none	edition
4_rellit/vaisn/vaimp__u.txt	13407	edition	io	edition	edition	SOURCE_PRESENT	none	edition
4_rellit/vaisn/vaimp__u.txt	14015	book	oo		book	UNRESOLVED	none	book
4_rellit/vaisn/vaimp__u.txt	14027	book	oo		book	UNRESOLVED	none	book
4_rellit/vaisn/yamsr_pu.txt	239	khyaatayaśasāṃ	aa	khyaatayaśasāṃ	khyaatayaśasāṃ	SOURCE_PRESENT	none	khyaatayaśasāṃ
4_rellit/vaisn/yamsr_pu.txt	241	tvaccaraṇakamalāikāntamanasām	āi	tvaccaraṇakamalāikāntamanasām	tvaccaraṇakamalāikāntamanasām	SOURCE_PRESENT	none	tvaccaraṇakamalāikāntamanasām
5_poetry/1_chandas/kedvratu.txt	131	āryāorathamadaloktaṃ	āo	āryāorathamadaloktaṃ	āryāorathamadaloktaṃ	SOURCE_PRESENT	none	āryāorathamadaloktaṃ
5_poetry/1_chandas/kedvratu.txt	371	praharṣiṇīam	īa	praharṣiṇīam	praharṣiṇīam	SOURCE_PRESENT	none	praharṣiṇīam
5_poetry/1_chandas/kedvratu.txt	489	syāayugmake	āa	syāayugmake	syāayugmake	SOURCE_PRESENT	none	syāayugmake
5_poetry/1_chandas/kvrtrsuu.txt	2293	ṣoḍaśadvādaśaaṣṭau	aa	ṣoḍaśadvādaśaaṣṭau	ṣoḍaśadvādaśaaṣṭau	SOURCE_PRESENT	none	ṣoḍaśadvādaśaaṣṭau
5_poetry/1_natya/bharnatu.txt	171	vṛīttimārabhaṭīṃ	ṛī	vṛīttimārabhaṭīṃ	vṛīttimārabhaṭīṃ	SOURCE_PRESENT	none	vṛīttimārabhaṭīṃ
5_poetry/1_natya/bharnatu.txt	291	sarveṣua	ua	sarveṣua	sarveṣua	SOURCE_PRESENT	none	sarveṣua
5_poetry/1_natya/bharnatu.txt	709	vikalāścaiava	ia	vikalāścaiava	vikalāścaiava	SOURCE_PRESENT	none	vikalāścaiava
5_poetry/1_natya/bharnatu.txt	1093	naiṝtyāṃ	iṝ	naiṝtyāṃ	naiṝtyāṃ	SOURCE_PRESENT	none	naiṝtyāṃ
5_poetry/1_natya/bharnatu.txt	1101	saṃnivieśayet	ie	saṃnivieśayet	saṃnivieśayet	SOURCE_PRESENT	none	saṃnivieśayet
5_poetry/1_natya/bharnatu.txt	1113	anenaiava	ia	anenaiava	anenaiava	SOURCE_PRESENT	none	anenaiava
5_poetry/1_natya/bharnatu.txt	1149	surāmāṃsapradāneana	ea	surāmāṃsapradāneana	surāmāṃsapradāneana	SOURCE_PRESENT	none	surāmāṃsapradāneana
5_poetry/1_natya/bharnatu.txt	1305	sarvairdevaguṇaiaḥ	ia	sarvairdevaguṇaiaḥ	sarvairdevaguṇaiaḥ	SOURCE_PRESENT	none	sarvairdevaguṇaiaḥ
5_poetry/1_natya/bharnatu.txt	1317	pūjayitvaiavaṃ	ia	pūjayitvaiavaṃ	pūjayitvaiavaṃ	SOURCE_PRESENT	none	pūjayitvaiavaṃ
5_poetry/1_natya/bharnatu.txt	1319	kuryānmantrāhuitipuraskṛtam	ui	kuryānmantrāhuitipuraskṛtam	kuryānmantrāhuitipuraskṛtam	SOURCE_PRESENT	none	kuryānmantrāhuitipuraskṛtam
5_poetry/1_natya/bharnatu.txt	1485	viṣkambhāpasṛtaścaiava	ia	viṣkambhāpasṛtaścaiava	viṣkambhāpasṛtaścaiava	SOURCE_PRESENT	none	viṣkambhāpasṛtaścaiava
5_poetry/1_natya/bharnatu.txt	1691	tadbhaveardharecitam	ea	tadbhaveardharecitam	tadbhaveardharecitam	SOURCE_PRESENT	none	tadbhaveardharecitam
5_poetry/1_natya/bharnatu.txt	1765	sūcīpādastathaiava	ia	sūcīpādastathaiava	sūcīpādastathaiava	SOURCE_PRESENT	none	sūcīpādastathaiava
5_poetry/1_natya/bharnatu.txt	1863	ākṣiotaṃ	io	ākṣiotaṃ	ākṣiotaṃ	SOURCE_PRESENT	none	ākṣiotaṃ
5_poetry/1_natya/bharnatu.txt	1951	jñeayamardhasūcīti	ea	jñeayamardhasūcīti	jñeayamardhasūcīti	SOURCE_PRESENT	none	jñeayamardhasūcīti
5_poetry/1_natya/bharnatu.txt	1985	tadanugāvubhaua	ua	tadanugāvubhaua	tadanugāvubhaua	SOURCE_PRESENT	none	tadanugāvubhaua
5_poetry/1_natya/bharnatu.txt	2039	valitāvidhdaua	ua	valitāvidhdaua	valitāvidhdaua	SOURCE_PRESENT	none	valitāvidhdaua
5_poetry/1_natya/bharnatu.txt	2119	kuryāttathaiava	ia	kuryāttathaiava	kuryāttathaiava	SOURCE_PRESENT	none	kuryāttathaiava
5_poetry/1_natya/bharnatu.txt	2151	kuñcitāvañcitaua	ua	kuñcitāvañcitaua	kuñcitāvañcitaua	SOURCE_PRESENT	none	kuñcitāvañcitaua
5_poetry/1_natya/bharnatu.txt	2257	svastiakau	ia	svastiakau	svastiakau	SOURCE_PRESENT	none	svastiakau
5_poetry/1_natya/bharnatu.txt	2271	parivṛttakarecitee	ee	parivṛttakarecitee	parivṛttakarecitee	SOURCE_PRESENT	none	parivṛttakarecitee
5_poetry/1_natya/bharnatu.txt	2427	prānṛtyallayatālavaśānugaiaḥ	ia	prānṛtyallayatālavaśānugaiaḥ	prānṛtyallayatālavaśānugaiaḥ	SOURCE_PRESENT	none	prānṛtyallayatālavaśānugaiaḥ
5_poetry/1_natya/bharnatu.txt	2485	vivāhaprasavāvāhapramodābhyuadayādiṣu	ua	vivāhaprasavāvāhapramodābhyuadayādiṣu	vivāhaprasavāvāhapramodābhyuadayādiṣu	SOURCE_PRESENT	none	vivāhaprasavāvāhapramodābhyuadayādiṣu
5_poetry/1_natya/bharnatu.txt	2547	vādakaiaḥ	ia	vādakaiaḥ	vādakaiaḥ	SOURCE_PRESENT	none	vādakaiaḥ
5_poetry/1_natya/bharnatu.txt	2603	nṛtteenāpi	ee	nṛtteenāpi	nṛtteenāpi	SOURCE_PRESENT	none	nṛtteenāpi
5_poetry/1_natya/bharnatu.txt	2669	khaṇḍiatā	ia	khaṇḍiatā	khaṇḍiatā	SOURCE_PRESENT	none	khaṇḍiatā
5_poetry/1_natya/bharnatu.txt	2759	tantrībhāṇḍasamāyoagaiḥ	oa	tantrībhāṇḍasamāyoagaiḥ	tantrībhāṇḍasamāyoagaiḥ	SOURCE_PRESENT	none	tantrībhāṇḍasamāyoagaiḥ
5_poetry/1_natya/bharnatu.txt	2983	viacakṣaṇaiḥ	ia	viacakṣaṇaiḥ	viacakṣaṇaiḥ	SOURCE_PRESENT	none	viacakṣaṇaiḥ
5_poetry/1_natya/bharnatu.txt	3435	āāvidhairupakṣepaiḥ	āā	āāvidhairupakṣepaiḥ	āāvidhairupakṣepaiḥ	SOURCE_PRESENT	none	āāvidhairupakṣepaiḥ
5_poetry/1_natya/bharnatu.txt	3829	utkampitāṃsakaśirastaccāpahasiataṃ	ia	utkampitāṃsakaśirastaccāpahasiataṃ	utkampitāṃsakaśirastaccāpahasiataṃ	SOURCE_PRESENT	none	utkampitāṃsakaśirastaccāpahasiataṃ
5_poetry/1_natya/bharnatu.txt	4013	rudhirādiajaḥ	ia	rudhirādiajaḥ	rudhirādiajaḥ	SOURCE_PRESENT	none	rudhirādiajaḥ
5_poetry/1_natya/bharnatu.txt	4049	nāṭyajñairlakṣaṇānviatāḥ	ia	nāṭyajñairlakṣaṇānviatāḥ	nāṭyajñairlakṣaṇānviatāḥ	SOURCE_PRESENT	none	nāṭyajñairlakṣaṇānviatāḥ
5_poetry/1_natya/bharnatu.txt	4159	rasatvamāpnuavanti	ua	rasatvamāpnuavanti	rasatvamāpnuavanti	SOURCE_PRESENT	none	rasatvamāpnuavanti
5_poetry/1_natya/bharnatu.txt	4729	nidrābhibhavendriyoparamaṇamohāirhavetsuptam	āi	nidrābhibhavendriyoparamaṇamohāirhavetsuptam	nidrābhibhavendriyoparamaṇamohāirhavetsuptam	SOURCE_PRESENT	none	nidrābhibhavendriyoparamaṇamohāirhavetsuptam
5_poetry/1_natya/bharnatu.txt	4835	viṣaṇṇagātrairniśceṣṭairindriayaiśca	ia	viṣaṇṇagātrairniśceṣṭairindriayaiśca	viṣaṇṇagātrairniśceṣṭairindriayaiśca	SOURCE_PRESENT	none	viṣaṇṇagātrairniśceṣṭairindriayaiśca
5_poetry/1_natya/bharnatu.txt	5035	maraṇaścaiava	ia	maraṇaścaiava	maraṇaścaiava	SOURCE_PRESENT	none	maraṇaścaiava
5_poetry/1_natya/bharnatu.txt	5497	vicchedapreakṣiteṣu	ea	vicchedapreakṣiteṣu	vicchedapreakṣiteṣu	SOURCE_PRESENT	none	vicchedapreakṣiteṣu
5_poetry/1_natya/bharnatu.txt	5505	tathaiava	ia	tathaiava	tathaiava	SOURCE_PRESENT	none	tathaiava
5_poetry/1_natya/bharnatu.txt	5617	caiava	ia	caiava	caiava	SOURCE_PRESENT	none	caiava
5_poetry/1_natya/bharnatu.txt	5693	dvijaiardaṣṭaṃ	ia	dvijaiardaṣṭaṃ	dvijaiardaṣṭaṃ	SOURCE_PRESENT	none	dvijaiardaṣṭaṃ
5_poetry/1_natya/bharnatu.txt	5701	strīaṇāṃ	īa	strīaṇāṃ	strīaṇāṃ	SOURCE_PRESENT	none	strīaṇāṃ
5_poetry/1_natya/bharnatu.txt	5983	abhinayāstvanenaiava	ia	abhinayāstvanenaiava	abhinayāstvanenaiava	SOURCE_PRESENT	none	abhinayāstvanenaiava
5_poetry/1_natya/bharnatu.txt	6119	praṇatontee	ee	praṇatontee	praṇatontee	SOURCE_PRESENT	none	praṇatontee
5_poetry/1_natya/bharnatu.txt	6291	caiava	ia	caiava	caiava	SOURCE_PRESENT	none	caiava
5_poetry/1_natya/bharnatu.txt	6385	svastikavicyuitikaraṇād	ui	svastikavicyuitikaraṇād	svastikavicyuitikaraṇād	SOURCE_PRESENT	none	svastikavicyuitikaraṇād
5_poetry/1_natya/bharnatu.txt	6529	vyañjiatā	ia	vyañjiatā	vyañjiatā	SOURCE_PRESENT	none	vyañjiatā
5_poetry/1_natya/bharnatu.txt	6843	śaneirudvāhitā	ei	śaneirudvāhitā	śaneirudvāhitā	SOURCE_PRESENT	none	śaneirudvāhitā
5_poetry/1_natya/bharnatu.txt	6853	sthūleṣūdvāhiotā	io	sthūleṣūdvāhiotā	sthūleṣūdvāhiotā	SOURCE_PRESENT	none	sthūleṣūdvāhiotā
5_poetry/1_natya/bharnatu.txt	9115	oau	oa	oau	oau	SOURCE_PRESENT	none	oau
5_poetry/1_natya/bharnatu.txt	9115	eaikārau	ea	eaikārau	eaikārau	SOURCE_PRESENT	none	eaikārau
5_poetry/1_natya/bharnatu.txt	11935	dvitīayaṃ	īa	dvitīayaṃ	dvitīayaṃ	SOURCE_PRESENT	none	dvitīayaṃ
5_poetry/1_natya/bharnatu.txt	12115	tadbhaveet	ee	tadbhaveet	tadbhaveet	SOURCE_PRESENT	none	tadbhaveet
5_poetry/1_natya/bharnatu.txt	12275	ivaiakaprayojyāni	ia	ivaiakaprayojyāni	ivaiakaprayojyāni	SOURCE_PRESENT	none	ivaiakaprayojyāni
5_poetry/1_natya/bharnatu.txt	12291	gāyaneairgīyate	ea	gāyaneairgīyate	gāyaneairgīyate	SOURCE_PRESENT	none	gāyaneairgīyate
5_poetry/1_natya/bharnatu.txt	12397	naikakarmakriayāṇi	ia	naikakarmakriayāṇi	naikakarmakriayāṇi	SOURCE_PRESENT	none	naikakarmakriayāṇi
5_poetry/1_natya/bharnatu.txt	12437	madhukaiaṭabhau	ia	madhukaiaṭabhau	madhukaiaṭabhau	SOURCE_PRESENT	none	madhukaiaṭabhau
5_poetry/1_natya/bharnatu.txt	12487	tadarthānugairjapyeairdruhiṇaḥ	ea	tadarthānugairjapyeairdruhiṇaḥ	tadarthānugairjapyeairdruhiṇaḥ	SOURCE_PRESENT	none	tadarthānugairjapyeairdruhiṇaḥ
5_poetry/1_natya/bharnatu.txt	12519	vṛttiaḥ	ia	vṛttiaḥ	vṛttiaḥ	SOURCE_PRESENT	none	vṛttiaḥ
5_poetry/1_natya/bharnatu.txt	12523	kāvyakriayāhetoḥ	ia	kāvyakriayāhetoḥ	kāvyakriayāhetoḥ	SOURCE_PRESENT	none	kāvyakriayāhetoḥ
5_poetry/1_natya/bharnatu.txt	12605	nāṭyakovidaiaḥ	ia	nāṭyakovidaiaḥ	nāṭyakovidaiaḥ	SOURCE_PRESENT	none	nāṭyakovidaiaḥ
5_poetry/1_natya/bharnatu.txt	12701	saṃkṣiptakao	ao	saṃkṣiptakao	saṃkṣiptakao	SOURCE_PRESENT	none	saṃkṣiptakao
5_poetry/1_natya/bharnatu.txt	12771	vijñeayo	ea	vijñeayo	vijñeayo	SOURCE_PRESENT	none	vijñeayo
5_poetry/1_natya/bharnatu.txt	12995	śukapiñchanibhaiarvastraiḥ	ia	śukapiñchanibhaiarvastraiḥ	śukapiñchanibhaiarvastraiḥ	SOURCE_PRESENT	none	śukapiñchanibhaiarvastraiḥ
5_poetry/1_natya/bharnatu.txt	13065	sitiaraktasamāyoge	ia	sitiaraktasamāyoge	sitiaraktasamāyoge	SOURCE_PRESENT	none	sitiaraktasamāyoge
5_poetry/1_natya/bharnatu.txt	13305	naikavihiata	ia	naikavihiata	naikavihiata	SOURCE_PRESENT	none	naikavihiata
5_poetry/1_natya/bharnatu.txt	13363	śeeṣāṇāmarthayogena	ee	śeeṣāṇāmarthayogena	śeeṣāṇāmarthayogena	SOURCE_PRESENT	none	śeeṣāṇāmarthayogena
5_poetry/1_natya/bharnatu.txt	13383	jñeeyāṅgaracanā	ee	jñeeyāṅgaracanā	jñeeyāṅgaracanā	SOURCE_PRESENT	none	jñeeyāṅgaracanā
5_poetry/1_natya/bharnatu.txt	13443	śvetabhūmyāāṃ	āā	śvetabhūmyāāṃ	śvetabhūmyāāṃ	SOURCE_PRESENT	none	śvetabhūmyāāṃ
5_poetry/1_natya/bharnatu.txt	13545	nāṭyoopakaraṇaṃ	oo	nāṭyoopakaraṇaṃ	nāṭyoopakaraṇaṃ	SOURCE_PRESENT	none	nāṭyoopakaraṇaṃ
5_poetry/1_natya/bharnatu.txt	13733	vijñeayaṃ	ea	vijñeayaṃ	vijñeayaṃ	SOURCE_PRESENT	none	vijñeayaṃ
5_poetry/1_natya/bharnatu.txt	13745	strībhiuritīdaṃ	iu	strībhiuritīdaṃ	strībhiuritīdaṃ	SOURCE_PRESENT	none	strībhiuritīdaṃ
5_poetry/1_natya/bharnatu.txt	13819	proktao	ao	proktao	proktao	SOURCE_PRESENT	none	proktao
5_poetry/1_natya/bharnatu.txt	14069	madyamāṃsapriayā	ia	madyamāṃsapriayā	madyamāṃsapriayā	SOURCE_PRESENT	none	madyamāṃsapriayā
5_poetry/1_natya/bharnatu.txt	14129	hyahaṅkāāravivarjitā	āā	hyahaṅkāāravivarjitā	hyahaṅkāāravivarjitā	SOURCE_PRESENT	none	hyahaṅkāāravivarjitā
5_poetry/1_natya/bharnatu.txt	14221	pṛthupīnoonnataśroṇī	oo	pṛthupīnoonnataśroṇī	pṛthupīnoonnataśroṇī	SOURCE_PRESENT	none	pṛthupīnoonnataśroṇī
5_poetry/1_natya/bharnatu.txt	14483	vāsoapacāro	oa	vāsoapacāro	vāsoapacāro	SOURCE_PRESENT	none	vāsoapacāro
5_poetry/1_natya/bharnatu.txt	14483	yaścaiaṣāṃ	ia	yaścaiaṣāṃ	yaścaiaṣāṃ	SOURCE_PRESENT	none	yaścaiaṣāṃ
5_poetry/1_natya/bharnatu.txt	14501	vāsakae	ae	vāsakae	vāsakae	SOURCE_PRESENT	none	vāsakae
5_poetry/1_natya/bharnatu.txt	14659	spandiataistathā	ia	spandiataistathā	spandiataistathā	SOURCE_PRESENT	none	spandiataistathā
5_poetry/1_natya/bharnatu.txt	14691	upālambhakṛatairvākyairupālabhyastu	ṛa	upālambhakṛatairvākyairupālabhyastu	upālambhakṛatairvākyairupālabhyastu	SOURCE_PRESENT	none	upālambhakṛatairvākyairupālabhyastu
5_poetry/1_natya/bharnatu.txt	14763	mūrdhabhramaṇanihañcitanipātasaṃśleaṣṇāccāpi	ea	mūrdhabhramaṇanihañcitanipātasaṃśleaṣṇāccāpi	mūrdhabhramaṇanihañcitanipātasaṃśleaṣṇāccāpi	SOURCE_PRESENT	none	mūrdhabhramaṇanihañcitanipātasaṃśleaṣṇāccāpi
5_poetry/1_natya/bharnatu.txt	14859	priayaḥ	ia	priayaḥ	priayaḥ	SOURCE_PRESENT	none	priayaḥ
5_poetry/1_natya/bharnatu.txt	14865	niṣṭhuraścaiava	ia	niṣṭhuraścaiava	niṣṭhuraścaiava	SOURCE_PRESENT	none	niṣṭhuraścaiava
5_poetry/1_natya/bharnatu.txt	14907	vācaiava	ia	vācaiava	vācaiava	SOURCE_PRESENT	none	vācaiava
5_poetry/1_natya/bharnatu.txt	15301	tathoapavanasaṃcarāḥ	oa	tathoapavanasaṃcarāḥ	tathoapavanasaṃcarāḥ	SOURCE_PRESENT	none	tathoapavanasaṃcarāḥ
5_poetry/1_natya/bharnatu.txt	15515	siaṃharkṣavānaravyāghraśvāpadāṃśca	ia	siaṃharkṣavānaravyāghraśvāpadāṃśca	siaṃharkṣavānaravyāghraśvāpadāṃśca	SOURCE_PRESENT	none	siaṃharkṣavānaravyāghraśvāpadāṃśca
5_poetry/1_natya/bharnatu.txt	15597	sukhadenetareana	ea	sukhadenetareana	sukhadenetareana	SOURCE_PRESENT	none	sukhadenetareana
5_poetry/1_natya/bharnatu.txt	15879	sarvendriayasaṃmohājjaḍatāmevaṃ	ia	sarvendriayasaṃmohājjaḍatāmevaṃ	sarvendriayasaṃmohājjaḍatāmevaṃ	SOURCE_PRESENT	none	sarvendriayasaṃmohājjaḍatāmevaṃ
5_poetry/1_natya/bharnatu.txt	15933	pratiṣṭhiatam	ia	pratiṣṭhiatam	pratiṣṭhiatam	SOURCE_PRESENT	none	pratiṣṭhiatam
5_poetry/1_natya/bharnatu.txt	16319	tyaktadoṣonuarāgī	ua	tyaktadoṣonuarāgī	tyaktadoṣonuarāgī	SOURCE_PRESENT	none	tyaktadoṣonuarāgī
5_poetry/1_natya/bharnatu.txt	16429	uadaṅgaṃ	ua	uadaṅgaṃ	uadaṅgaṃ	SOURCE_PRESENT	none	uadaṅgaṃ
5_poetry/1_natya/bharnatu.txt	16493	samudiātāścaiva	iā	samudiātāścaiva	samudiātāścaiva	SOURCE_PRESENT	none	samudiātāścaiva
5_poetry/1_natya/bharnatu.txt	17391	dviatrikau	ia	dviatrikau	dviatrikau	SOURCE_PRESENT	none	dviatrikau
5_poetry/1_natya/bharnatu.txt	18313	caia	ia	caia	caia	SOURCE_PRESENT	none	caia
5_poetry/1_natya/dhandasu.txt	921	cintāśruniḥśvāsavaiavarṇyocchvāsadīnatāḥ	ia	cintāśruniḥśvāsavaiavarṇyocchvāsadīnatāḥ	cintāśruniḥśvāsavaiavarṇyocchvāsadīnatāḥ	SOURCE_PRESENT	none	cintāśruniḥśvāsavaiavarṇyocchvāsadīnatāḥ
5_poetry/2_kavya/amaru_u.txt	53	kātarae	ae	kātarae	kātarae	SOURCE_PRESENT	none	kātarae
5_poetry/2_kavya/amaru_u.txt	897	capalahṛdayae	ae	capalahṛdayae	capalahṛdayae	SOURCE_PRESENT	none	capalahṛdayae
5_poetry/2_kavya/amaru_u.txt	981	kātarae	ae	kātarae	kātarae	SOURCE_PRESENT	none	kātarae
5_poetry/2_kavya/amaru_u.txt	1815	capalahṛdayae	ae	capalahṛdayae	capalahṛdayae	SOURCE_PRESENT	none	capalahṛdayae
5_poetry/2_kavya/asvbuc2u.txt	2571	pitustvamaopyarhasi	ao	pitustvamaopyarhasi	pitustvamaopyarhasi	SOURCE_PRESENT	none	pitustvamaopyarhasi
5_poetry/2_kavya/asvbuc2u.txt	2599	guruaṃ	ua	guruaṃ	guruaṃ	SOURCE_PRESENT	none	guruaṃ
5_poetry/2_kavya/asvbuc2u.txt	2729	prajābhirvedaiṛṣīṇāṃ	iṛ	prajābhirvedaiṛṣīṇāṃ	prajābhirvedaiṛṣīṇāṃ	SOURCE_PRESENT	none	prajābhirvedaiṛṣīṇāṃ
5_poetry/2_kavya/asvbuc2u.txt	4049	uiti	ui	uiti	uiti	SOURCE_PRESENT	none	uiti
5_poetry/2_kavya/asvsau2u.txt	1447	dhairyānmuniṛṣyaśrṛṅgaḥ	iṛ	dhairyānmuniṛṣyaśrṛṅgaḥ	dhairyānmuniṛṣyaśrṛṅgaḥ	SOURCE_PRESENT	none	dhairyānmuniṛṣyaśrṛṅgaḥ
5_poetry/2_kavya/asvsau2u.txt	1915	balarūpayouvanairna	ou	balarūpayouvanairna	balarūpayouvanairna	SOURCE_PRESENT	none	balarūpayouvanairna
5_poetry/2_kavya/asvsau2u.txt	2669	kaścittabhaāve	aā	kaścittabhaāve	kaścittabhaāve	SOURCE_PRESENT	none	kaścittabhaāve
5_poetry/2_kavya/asvsau2u.txt	3729	viodhīnuvāca	io	viodhīnuvāca	viodhīnuvāca	SOURCE_PRESENT	none	viodhīnuvāca
5_poetry/2_kavya/bhakirpu.txt	1223	vivartanaī	aī	vivartanaī	vivartanaī	SOURCE_PRESENT	none	vivartanaī
5_poetry/2_kavya/bhakirpu.txt	2291	ivaitei	ei	ivaitei	ivaitei	SOURCE_PRESENT	none	ivaitei
5_poetry/2_kavya/bhakirpu.txt	3649	iavāpavargam	ia	iavāpavargam	iavāpavargam	SOURCE_PRESENT	none	iavāpavargam
5_poetry/2_kavya/bhattiku.txt	2669	prāṛnāviṣur	āṛ	prāṛnāviṣur	prāṛnāviṣur	SOURCE_PRESENT	none	prāṛnāviṣur
5_poetry/2_kavya/bhattiku.txt	5269	kumbhakaṛṇa	aṛ	kumbhakaṛṇa	kumbhakaṛṇa	SOURCE_PRESENT	none	kumbhakaṛṇa
5_poetry/2_kavya/dandkc_u.txt	55	kathayatuiti	ui			UNRESOLVED	none	kathayatuiti
5_poetry/2_kavya/dandkc_u.txt	165	vyākulībhavāmiityabhidadhānā	ii			UNRESOLVED	none	vyākulībhavāmiityabhidadhānā
5_poetry/2_kavya/dandkc_u.txt	231	bhavannikaṭamānītavānasmiiti	ii			UNRESOLVED	none	bhavannikaṭamānītavānasmiiti
5_poetry/2_kavya/dandkc_u.txt	665	jñānamutpādayiṣyāmiiti	ii			UNRESOLVED	none	jñānamutpādayiṣyāmiiti
5_poetry/2_kavya/dandkc_u.txt	981	bhāgīrathīpulinamaṇaaḍale	aa	bhāgīrathīpulinamaṇaaḍale	bhāgīrathīpulinamaṇaaḍale	SOURCE_PRESENT	none	bhāgīrathīpulinamaṇaaḍale
5_poetry/2_kavya/dandkc_u.txt	1519	veśamupatiṣṭhantiityasakṛtatipraṇudya	ii			UNRESOLVED	none	veśamupatiṣṭhantiityasakṛtatipraṇudya
5_poetry/2_kavya/dandkc_u.txt	2251	śrutaṛṣiḥ	aṛ	śrutaṛṣiḥ	śrutaṛṣiḥ	SOURCE_PRESENT	none	śrutaṛṣiḥ
5_poetry/2_kavya/dandkc_u.txt	2505	yastavamātāmahaścaṇaaḍasihaḥ	aa	yastavamātāmahaścaṇaaḍasihaḥ	yastavamātāmahaścaṇaaḍasihaḥ	SOURCE_PRESENT	none	yastavamātāmahaścaṇaaḍasihaḥ
5_poetry/2_kavya/dandkc_u.txt	2519	kṛtrimaśailagarbhotkīrṇanānāmaṇaaḍapaprekṣāgṛhe	aa	kṛtrimaśailagarbhotkīrṇanānāmaṇaaḍapaprekṣāgṛhe	kṛtrimaśailagarbhotkīrṇanānāmaṇaaḍapaprekṣāgṛhe	SOURCE_PRESENT	none	kṛtrimaśailagarbhotkīrṇanānāmaṇaaḍapaprekṣāgṛhe
5_poetry/2_kavya/dandkc_u.txt	2611	devatānubhāvādanatikṣīṇavarmaāvakāśā	aā	devatānubhāvādanatikṣīṇavarmaāvakāśā	devatānubhāvādanatikṣīṇavarmaāvakāśā	SOURCE_PRESENT	none	devatānubhāvādanatikṣīṇavarmaāvakāśā
5_poetry/2_kavya/dandkc_u.txt	2913	pañcabāṇabāṇaānyugapadivābhipatatastrāsenāvaghaṭṭayantī	aā	pañcabāṇabāṇaānyugapadivābhipatatastrāsenāvaghaṭṭayantī	pañcabāṇabāṇaānyugapadivābhipatatastrāsenāvaghaṭṭayantī	SOURCE_PRESENT	none	pañcabāṇabāṇaānyugapadivābhipatatastrāsenāvaghaṭṭayantī
5_poetry/2_kavya/dandkc_u.txt	3275	pāṇaaḍurā	aa	pāṇaaḍurā	pāṇaaḍurā	SOURCE_PRESENT	none	pāṇaaḍurā
5_poetry/2_kavya/dandkc_u.txt	3741	yāvadandhaḥpariṇaāmastāvadasya	aā	yāvadandhaḥpariṇaāmastāvadasya	yāvadandhaḥpariṇaāmastāvadasya	SOURCE_PRESENT	none	yāvadandhaḥpariṇaāmastāvadasya
5_poetry/2_kavya/jaygit2u.txt	425	kṛīḍānirjitaviśva	ṛī	kṛīḍānirjitaviśva	kṛīḍānirjitaviśva	SOURCE_PRESENT	none	kṛīḍānirjitaviśva
5_poetry/2_kavya/kragh_pu.txt	523	vṛam	ṛa	vṛam	vṛam	SOURCE_PRESENT	none	vṛam
5_poetry/2_kavya/kragh_pu.txt	685	bhuaṃgendrasamānasāre	ua	bhuaṃgendrasamānasāre	bhuaṃgendrasamānasāre	SOURCE_PRESENT	none	bhuaṃgendrasamānasāre
5_poetry/2_kavya/kragh_pu.txt	933	tumuulaṃ	uu	tumuulaṃ	tumuulaṃ	SOURCE_PRESENT	none	tumuulaṃ
5_poetry/2_kavya/kragh_pu.txt	1329	kālāgurudruamaiḥ	ua	kālāgurudruamaiḥ	kālāgurudruamaiḥ	SOURCE_PRESENT	none	kālāgurudruamaiḥ
5_poetry/2_kavya/kragh_pu.txt	1741	priyāitambocitasaṃniveśair	āi	priyāitambocitasaṃniveśair	priyāitambocitasaṃniveśair	SOURCE_PRESENT	none	priyāitambocitasaṃniveśair
5_poetry/2_kavya/kragh_pu.txt	2053	utṣṛṣṛalīlāgatir	ṛa	utṣṛṣṛalīlāgatir	utṣṛṣṛalīlāgatir	SOURCE_PRESENT	none	utṣṛṣṛalīlāgatir
5_poetry/2_kavya/kragh_pu.txt	2065	aṅguṣṭhamāulārpitasūtraśeṣā	āu	aṅguṣṭhamāulārpitasūtraśeṣā	aṅguṣṭhamāulārpitasūtraśeṣā	SOURCE_PRESENT	none	aṅguṣṭhamāulārpitasūtraśeṣā
5_poetry/2_kavya/kragh_pu.txt	2117	maobhavasya	ao	maobhavasya	maobhavasya	SOURCE_PRESENT	none	maobhavasya
5_poetry/2_kavya/kragh_pu.txt	2819	tiṛbhir	iṛ	tiṛbhir	tiṛbhir	SOURCE_PRESENT	none	tiṛbhir
5_poetry/2_kavya/kragh_pu.txt	2923	añjanabindumaoharaiḥ	ao	añjanabindumaoharaiḥ	añjanabindumaoharaiḥ	SOURCE_PRESENT	none	añjanabindumaoharaiḥ
5_poetry/2_kavya/kragh_pu.txt	3519	jyāniniādam	iā	jyāniniādam	jyāniniādam	SOURCE_PRESENT	none	jyāniniādam
5_poetry/2_kavya/kragh_pu.txt	3547	śruam	ua	śruam	śruam	SOURCE_PRESENT	none	śruam
5_poetry/2_kavya/kragh_pu.txt	3977	maobhavaḥ	ao	maobhavaḥ	maobhavaḥ	SOURCE_PRESENT	none	maobhavaḥ
5_poetry/2_kavya/kragh_pu.txt	4239	akeadhnurdharaḥ	ea	akeadhnurdharaḥ	akeadhnurdharaḥ	SOURCE_PRESENT	none	akeadhnurdharaḥ
5_poetry/2_kavya/kragh_pu.txt	4723	svaṛttam	aṛ	svaṛttam	svaṛttam	SOURCE_PRESENT	none	svaṛttam
5_poetry/2_kavya/kragh_pu.txt	4753	dviependraḥ	ie	dviependraḥ	dviependraḥ	SOURCE_PRESENT	none	dviependraḥ
5_poetry/2_kavya/kragh_pu.txt	5561	kāijaneṣu	āi	kāijaneṣu	kāijaneṣu	SOURCE_PRESENT	none	kāijaneṣu
5_poetry/2_kavya/kragh_pu.txt	6045	ekātapoatrāṃ	oa	ekātapoatrāṃ	ekātapoatrāṃ	SOURCE_PRESENT	none	ekātapoatrāṃ
5_poetry/2_kavya/kragh_pu.txt	6301	premadattavadanāniaḥ	ia	premadattavadanāniaḥ	premadattavadanāniaḥ	SOURCE_PRESENT	none	premadattavadanāniaḥ
5_poetry/2_kavya/kragh_pu.txt	6521	daśāarathātmajāgrataḥ	āa	daśāarathātmajāgrataḥ	daśāarathātmajāgrataḥ	SOURCE_PRESENT	none	daśāarathātmajāgrataḥ
5_poetry/2_kavya/maghspvu.txt	1889	himaṛtāvapi	aṛ	himaṛtāvapi	himaṛtāvapi	SOURCE_PRESENT	none	himaṛtāvapi
5_poetry/2_kavya/maghspvu.txt	2965	kathañaacana	aa	kathañaacana	kathañaacana	SOURCE_PRESENT	none	kathañaacana
5_poetry/2_kavya/maghspvu.txt	2971	vāruṇīmadaviśaṅaagamathāviścakṣuṣo	aa	vāruṇīmadaviśaṅaagamathāviścakṣuṣo	vāruṇīmadaviśaṅaagamathāviścakṣuṣo	SOURCE_PRESENT	none	vāruṇīmadaviśaṅaagamathāviścakṣuṣo
5_poetry/2_kavya/maghspvu.txt	3167	sauratadhārṣṭyaastenire	aa	sauratadhārṣṭyaastenire	sauratadhārṣṭyaastenire	SOURCE_PRESENT	none	sauratadhārṣṭyaastenire
5_poetry/2_kavya/maghspvu.txt	3171	karabhorurhaari	aa	karabhorurhaari	karabhorurhaari	SOURCE_PRESENT	none	karabhorurhaari
5_poetry/2_kavya/maghspvu.txt	3229	mṛṣṭacandanaviśeṣakabhaktirmraṣaaṭabhūṣaṇakadarthitamālyaḥ	aa	mṛṣṭacandanaviśeṣakabhaktirmraṣaaṭabhūṣaṇakadarthitamālyaḥ	mṛṣṭacandanaviśeṣakabhaktirmraṣaaṭabhūṣaṇakadarthitamālyaḥ	SOURCE_PRESENT	none	mṛṣṭacandanaviśeṣakabhaktirmraṣaaṭabhūṣaṇakadarthitamālyaḥ
5_poetry/2_kavya/nkalivpu.txt	199	uttamaṛṇāḥ	aṛ	uttamaṛṇāḥ	uttamaṛṇāḥ	SOURCE_PRESENT	none	uttamaṛṇāḥ
5_poetry/2_kavya/padnscpu.txt	77	kṣitaūjjayinīti	aū	kṣitaūjjayinīti	kṣitaūjjayinīti	SOURCE_PRESENT	none	kṣitaūjjayinīti
5_poetry/2_kavya/padnscpu.txt	141	kṛīḍati	ṛī	kṛīḍati	kṛīḍati	SOURCE_PRESENT	none	kṛīḍati
5_poetry/2_kavya/padnscpu.txt	723	reads	ea	reads	reads	SOURCE_PRESENT	none	reads
5_poetry/2_kavya/padnscpu.txt	1099	udadhiśuktieṣu	ie	udadhiśuktieṣu	udadhiśuktieṣu	SOURCE_PRESENT	none	udadhiśuktieṣu
5_poetry/2_kavya/padnscpu.txt	1311	asaūdgatadantadīdhitiḥ	aū	asaūdgatadantadīdhitiḥ	asaūdgatadantadīdhitiḥ	SOURCE_PRESENT	none	asaūdgatadantadīdhitiḥ
5_poetry/2_kavya/padnscpu.txt	2251	uadadhiveleva	ua	uadadhiveleva	uadadhiveleva	SOURCE_PRESENT	none	uadadhiveleva
5_poetry/2_kavya/padnscpu.txt	2713	patatṛiṇā	ṛi	patatṛiṇā	patatṛiṇā	SOURCE_PRESENT	none	patatṛiṇā
5_poetry/2_kavya/padnscpu.txt	3321	vikaṛṣati	aṛ	vikaṛṣati	vikaṛṣati	SOURCE_PRESENT	none	vikaṛṣati
5_poetry/2_kavya/padnscpu.txt	3885	pravaṛte	aṛ	pravaṛte	pravaṛte	SOURCE_PRESENT	none	pravaṛte
5_poetry/2_kavya/padnscpu.txt	4243	savṛīḍavilokiteṣv	ṛī	savṛīḍavilokiteṣv	savṛīḍavilokiteṣv	SOURCE_PRESENT	none	savṛīḍavilokiteṣv
5_poetry/2_kavya/padnscpu.txt	4531	ghanātyayaṛtor	aṛ	ghanātyayaṛtor	ghanātyayaṛtor	SOURCE_PRESENT	none	ghanātyayaṛtor
5_poetry/2_kavya/padnscpu.txt	4899	sarvaṛtur	aṛ	sarvaṛtur	sarvaṛtur	SOURCE_PRESENT	none	sarvaṛtur
5_poetry/2_kavya/padnscpu.txt	5309	sāndramadhuparimalaī	aī	sāndramadhuparimalaī	sāndramadhuparimalaī	SOURCE_PRESENT	none	sāndramadhuparimalaī
5_poetry/2_kavya/padnscpu.txt	5501	avāacayat	āa	avāacayat	avāacayat	SOURCE_PRESENT	none	avāacayat
5_poetry/2_kavya/padnscpu.txt	5723	mañjarījaṭilaūbhau	aū	mañjarījaṭilaūbhau	mañjarījaṭilaūbhau	SOURCE_PRESENT	none	mañjarījaṭilaūbhau
5_poetry/4_narr/brkas_pu.txt	145	kṛṣṇae	ae	kṛṣṇae	kṛṣṇae	SOURCE_PRESENT	none	kṛṣṇae
5_poetry/4_narr/brkas_pu.txt	271	tae	ae	tae	tae	SOURCE_PRESENT	none	tae
5_poetry/4_narr/brkas_pu.txt	1237	jarāndhajātyandhajaḍārbhakaiṛ	iṛ	jarāndhajātyandhajaḍārbhakaiṛ	jarāndhajātyandhajaḍārbhakaiṛ	SOURCE_PRESENT	none	jarāndhajātyandhajaḍārbhakaiṛ
5_poetry/4_narr/brkas_pu.txt	1397	athāniṣṭhitae	ae	athāniṣṭhitae	athāniṣṭhitae	SOURCE_PRESENT	none	athāniṣṭhitae
5_poetry/4_narr/brkas_pu.txt	2073	vivāhae	ae	vivāhae	vivāhae	SOURCE_PRESENT	none	vivāhae
5_poetry/4_narr/brkas_pu.txt	2187	anukūlasavitṛādi	ṛā	anukūlasavitṛādi	anukūlasavitṛādi	SOURCE_PRESENT	none	anukūlasavitṛādi
5_poetry/4_narr/brkas_pu.txt	2633	ratnāvlaīkaraḥ	aī	ratnāvlaīkaraḥ	ratnāvlaīkaraḥ	SOURCE_PRESENT	none	ratnāvlaīkaraḥ
5_poetry/4_narr/brkas_pu.txt	3213	prastāvae	ae	prastāvae	prastāvae	SOURCE_PRESENT	none	prastāvae
5_poetry/4_narr/brkas_pu.txt	3249	daśanodbhāsatiānanā	iā	daśanodbhāsatiānanā	daśanodbhāsatiānanā	SOURCE_PRESENT	none	daśanodbhāsatiānanā
5_poetry/4_narr/brkas_pu.txt	3395	śobhantae	ae	śobhantae	śobhantae	SOURCE_PRESENT	none	śobhantae
5_poetry/4_narr/brkas_pu.txt	3559	nirghoṣae	ae	nirghoṣae	nirghoṣae	SOURCE_PRESENT	none	nirghoṣae
5_poetry/4_narr/brkas_pu.txt	4341	pṛṣṭhavāhniaḥ	ia	pṛṣṭhavāhniaḥ	pṛṣṭhavāhniaḥ	SOURCE_PRESENT	none	pṛṣṭhavāhniaḥ
5_poetry/4_narr/brkas_pu.txt	4603	prasuptae	ae	prasuptae	prasuptae	SOURCE_PRESENT	none	prasuptae
5_poetry/4_narr/brkas_pu.txt	6509	mallikāgulmae	ae	mallikāgulmae	mallikāgulmae	SOURCE_PRESENT	none	mallikāgulmae
5_poetry/4_narr/brkas_pu.txt	6525	sarvae	ae	sarvae	sarvae	SOURCE_PRESENT	none	sarvae
5_poetry/4_narr/brkas_pu.txt	7269	kūpae	ae	kūpae	kūpae	SOURCE_PRESENT	none	kūpae
5_poetry/4_narr/brkas_pu.txt	7641	paṅktimadhyae	ae	paṅktimadhyae	paṅktimadhyae	SOURCE_PRESENT	none	paṅktimadhyae
5_poetry/4_narr/brkas_pu.txt	8555	tucchae	ae	tucchae	tucchae	SOURCE_PRESENT	none	tucchae
5_poetry/4_narr/brkas_pu.txt	8683	manyatae	ae	manyatae	manyatae	SOURCE_PRESENT	none	manyatae
5_poetry/4_narr/brkas_pu.txt	9415	kṣīṇae	ae	kṣīṇae	kṣīṇae	SOURCE_PRESENT	none	kṣīṇae
5_poetry/4_narr/brkas_pu.txt	9753	kailāsae	ae	kailāsae	kailāsae	SOURCE_PRESENT	none	kailāsae
5_poetry/4_narr/brkas_pu.txt	13515	ākāśae	ae	ākāśae	ākāśae	SOURCE_PRESENT	none	ākāśae
5_poetry/4_narr/hitop_u.txt	221	sakalanīitiśāstratattvajño	īi	sakalanīitiśāstratattvajño	sakalanīitiśāstratattvajño	SOURCE_PRESENT	none	sakalanīitiśāstratattvajño
5_poetry/4_narr/hitop_u.txt	407	āhaāḥ	aā			UNRESOLVED	none	āhaāḥ
5_poetry/4_narr/hitop_u.txt	531	āhaaham	aa			UNRESOLVED	none	āhaaham
5_poetry/4_narr/hitop_u.txt	533	uvācaastv	aa			UNRESOLVED	none	uvācaastv
5_poetry/4_narr/hitop_u.txt	615	āhaaho	aa			UNRESOLVED	none	āhaaho
5_poetry/4_narr/hitop_u.txt	745	bravīmiajñātakulaśīlasya	ia			UNRESOLVED	none	bravīmiajñātakulaśīlasya
5_poetry/4_narr/hitop_u.txt	803	uvācaare	aa			UNRESOLVED	none	uvācaare
5_poetry/4_narr/hitop_u.txt	841	athāsauāḥ	uā			UNRESOLVED	none	athāsauāḥ
5_poetry/4_narr/hitop_u.txt	925	niḥsṛtyāhaāpyāyito	aā			UNRESOLVED	none	niḥsṛtyāhaāpyāyito
5_poetry/4_narr/hitop_u.txt	991	kathayatiasti	ia			UNRESOLVED	none	kathayatiasti
5_poetry/4_narr/hitop_u.txt	1353	caaho	aa			UNRESOLVED	none	caaho
5_poetry/4_narr/hitop_u.txt	1463	yathāāmiṣam	āā	yathāāmiṣam	yathāāmiṣam	SOURCE_PRESENT	none	yathāāmiṣam
5_poetry/4_narr/hitop_u.txt	1555	karpāūratilako	āū			UNRESOLVED	none	karpāūratilako
5_poetry/4_narr/hitop_u.txt	1595	bravīmiupāyena	iu			UNRESOLVED	none	bravīmiupāyena
5_poetry/4_narr/hitop_u.txt	1613	prāhaaho	aa			UNRESOLVED	none	prāhaaho
5_poetry/4_narr/hitop_u.txt	1661	viṣṇuśarmovācaetad	ae			UNRESOLVED	none	viṣṇuśarmovācaetad
5_poetry/4_narr/hitop_u.txt	1671	ii	ii	ii	ii	SOURCE_PRESENT	none	ii
5_poetry/4_narr/hitop_u.txt	1685	kathayatiasti	ia			UNRESOLVED	none	kathayatiasti
5_poetry/4_narr/hitop_u.txt	1873	bravīmiavyāpareṣu	ia			UNRESOLVED	none	bravīmiavyāpareṣu
5_poetry/4_narr/hitop_u.txt	1907	āhaare	aa			UNRESOLVED	none	āhaare
5_poetry/4_narr/hitop_u.txt	2003	brūteāvāṃ	eā			UNRESOLVED	none	brūteāvāṃ
5_poetry/4_narr/hitop_u.txt	2027	brūteatha	ea			UNRESOLVED	none	brūteatha
5_poetry/4_narr/hitop_u.txt	2029	āhaayaṃ	aa			UNRESOLVED	none	āhaayaṃ
5_poetry/4_narr/hitop_u.txt	2079	cāhaastv	aa			UNRESOLVED	none	cāhaastv
5_poetry/4_narr/hitop_u.txt	2093	brūteatha	ea			UNRESOLVED	none	brūteatha
5_poetry/4_narr/hitop_u.txt	2444	brūteasti	ea			UNRESOLVED	none	brūteasti
5_poetry/4_narr/hitop_u.txt	2446	brūteetat	ee			UNRESOLVED	none	brūteetat
5_poetry/4_narr/hitop_u.txt	2486	kathayatiahaṃ	ia			UNRESOLVED	none	kathayatiahaṃ
5_poetry/4_narr/hitop_u.txt	2501	pṛṣṭovācaare	aa			UNRESOLVED	none	pṛṣṭovācaare
5_poetry/4_narr/hitop_u.txt	2523	kathayatiasti	ia			UNRESOLVED	none	kathayatiasti
5_poetry/4_narr/hitop_u.txt	2555	brūteanyaṃ	ea			UNRESOLVED	none	brūteanyaṃ
5_poetry/4_narr/hitop_u.txt	2563	bravīmiutapanneṣv	iu			UNRESOLVED	none	bravīmiutapanneṣv
5_poetry/4_narr/hitop_u.txt	2565	brūteastv	ea			UNRESOLVED	none	brūteastv
5_poetry/4_narr/hitop_u.txt	2567	brūteupāyaḥ	eu			UNRESOLVED	none	brūteupāyaḥ
5_poetry/4_narr/hitop_u.txt	2589	brūtealam	ea			UNRESOLVED	none	brūtealam
5_poetry/4_narr/hitop_u.txt	2623	bravīmiupāyena	iu			UNRESOLVED	none	bravīmiupāyena
5_poetry/4_narr/hitop_u.txt	2645	āhaatha	aa			UNRESOLVED	none	āhaatha
5_poetry/4_narr/hitop_u.txt	2831	bravīmiaṅgāṅgibhāvam	ia			UNRESOLVED	none	bravīmiaṅgāṅgibhāvam
5_poetry/4_narr/hitop_u.txt	2837	brūteanujīvināṃ	ea			UNRESOLVED	none	brūteanujīvināṃ
5_poetry/4_narr/hitop_u.txt	2841	svajīivite'py	īi	svajīivite'py	svajīivite'py	SOURCE_PRESENT	none	svajīivite'py
5_poetry/4_narr/hitop_u.txt	2871	āhaalaṃ	aa			UNRESOLVED	none	āhaalaṃ
5_poetry/4_narr/hitop_u.txt	2897	brūteevam	ee			UNRESOLVED	none	brūteevam
5_poetry/4_narr/hitop_u.txt	3031	iii	ii	iii	iii	SOURCE_PRESENT	none	iii
5_poetry/4_narr/hitop_u.txt	3031	iii	ii	iii	iii	SOURCE_PRESENT	none	iii
5_poetry/4_narr/hitop_u.txt	3163	cintayāmāsaanena	aa			UNRESOLVED	none	cintayāmāsaanena
5_poetry/4_narr/hitop_u.txt	3351	rājāhaalam	aa			UNRESOLVED	none	rājāhaalam
5_poetry/4_narr/hitop_u.txt	3546	bravīmiātmapakṣaṃ	iā			UNRESOLVED	none	bravīmiātmapakṣaṃ
5_poetry/4_narr/hitop_u.txt	3558	āhaāḥ	aā			UNRESOLVED	none	āhaāḥ
5_poetry/4_narr/hitop_u.txt	3754	rājāhaāgantukā	aā			UNRESOLVED	none	rājāhaāgantukā
5_poetry/4_narr/hitop_u.txt	3772	uvācaahaṃ	aa			UNRESOLVED	none	uvācaahaṃ
5_poetry/4_narr/hitop_u.txt	4008	caāpadarthe	aā			UNRESOLVED	none	caāpadarthe
5_poetry/4_narr/hitop_u.txt	4092	kathayatievam	ie			UNRESOLVED	none	kathayatievam
5_poetry/4_narr/hitop_u.txt	4198	vicintyāhaasti	aa			UNRESOLVED	none	vicintyāhaasti
5_poetry/4_narr/hitop_u.txt	4268	bravīmiutpannām	iu			UNRESOLVED	none	bravīmiutpannām
5_poetry/4_narr/hitop_u.txt	4276	bravīmianāgatavidhātā	ia			UNRESOLVED	none	bravīmianāgatavidhātā
5_poetry/4_narr/hitop_u.txt	4304	caaho	aa			UNRESOLVED	none	caaho
5_poetry/4_narr/hitop_u.txt	4348	muniā	iā	muniā	muniā	SOURCE_PRESENT	none	muniā
5_poetry/4_narr/hitop_u.txt	4350	vadantianena	ia			UNRESOLVED	none	vadantianena
5_poetry/4_narr/hitop_u.txt	4374	brūteasti	ea			UNRESOLVED	none	brūteasti
5_poetry/4_narr/hitop_u.txt	4573	deśakāavibhāgaḥ	āa	deśakāavibhāgaḥ	deśakāavibhāgaḥ	SOURCE_PRESENT	none	deśakāavibhāgaḥ
5_poetry/4_narr/hitop_u.txt	4655	brūteiha	ei			UNRESOLVED	none	brūteiha
5_poetry/4_narr/hitop_u.txt	4681	caabhayavācaṃ	aa			UNRESOLVED	none	caabhayavācaṃ
5_poetry/4_narr/hitop_u.txt	4715	bravīmiātmaupamyena	iā			UNRESOLVED	none	bravīmiātmaupamyena
5_poetry/4_narr/hitop_u.txt	4903	brūteevam	ee			UNRESOLVED	none	brūteevam
5_poetry/4_narr/hitop_u.txt	4933	āhaāstāṃ	aā			UNRESOLVED	none	āhaāstāṃ
5_poetry/4_narr/hitop_u.txt	4974	brūteevam	ee			UNRESOLVED	none	brūteevam
5_poetry/4_narr/hitop_u.txt	5016	rājāhaalam	aa			UNRESOLVED	none	rājāhaalam
5_poetry/4_narr/hitop_u.txt	5036	brūteevam	ee			UNRESOLVED	none	brūteevam
5_poetry/4_narr/hitop_u.txt	5038	kathayatievam	ie			UNRESOLVED	none	kathayatievam
5_poetry/4_narr/hitop_u.txt	5100	rāmasugṛīvayor	ṛī	rāmasugṛīvayor	rāmasugṛīvayor	SOURCE_PRESENT	none	rāmasugṛīvayor
5_poetry/4_narr/hitop_u.txt	5148	brūteāḥ	eā			UNRESOLVED	none	brūteāḥ
5_poetry/4_narr/hitop_u.txt	5176	brūteevam	ee			UNRESOLVED	none	brūteevam
5_poetry/4_narr/sokss_pu.txt	8525	ṭhio	io	ṭhio	ṭhio	SOURCE_PRESENT	none	ṭhio
5_poetry/4_narr/sokss_pu.txt	40859	ia	ia	ia	ia	SOURCE_PRESENT	none	ia
5_poetry/4_narr/sokss_pu.txt	40859	jāṇiūṇa	iū	jāṇiūṇa	jāṇiūṇa	SOURCE_PRESENT	none	jāṇiūṇa
5_poetry/4_narr/sokss_pu.txt	40859	ṇiuṇaṃ	iu	ṇiuṇaṃ	ṇiuṇaṃ	SOURCE_PRESENT	none	ṇiuṇaṃ
5_poetry/4_narr/sokss_pu.txt	40859	olambiūṇa	iū	olambiūṇa	olambiūṇa	SOURCE_PRESENT	none	olambiūṇa
5_poetry/4_narr/sokss_pu.txt	40861	uhaataadiṇṇapāo	aa	uhaataadiṇṇapāo	uhaataadiṇṇapāo	SOURCE_PRESENT	none	uhaataadiṇṇapāo
5_poetry/4_narr/sokss_pu.txt	40861	uhaataadiṇṇapāo	aa	uhaataadiṇṇapāo	uhaataadiṇṇapāo	SOURCE_PRESENT	none	uhaataadiṇṇapāo
5_poetry/4_narr/sokss_pu.txt	40861	uhaataadiṇṇapāo	āo	uhaataadiṇṇapāo	uhaataadiṇṇapāo	SOURCE_PRESENT	none	uhaataadiṇṇapāo
5_poetry/4_narr/sokss_pu.txt	40861	majjhaṇiviḍio	io	majjhaṇiviḍio	majjhaṇiviḍio	SOURCE_PRESENT	none	majjhaṇiviḍio
5_poetry/4_narr/suksaptu.txt	45	āhaasti	aa			UNRESOLVED	none	āhaasti
5_poetry/4_narr/suksaptu.txt	159	hou	ou	hou	hou	SOURCE_PRESENT	none	hou
5_poetry/4_narr/suksaptu.txt	159	caau	aa	caau	caau	SOURCE_PRESENT	none	caau
5_poetry/4_narr/suksaptu.txt	161	hou	ou	hou	hou	SOURCE_PRESENT	none	hou
5_poetry/4_narr/suksaptu.txt	161	hou	ou	hou	hou	SOURCE_PRESENT	none	hou
5_poetry/4_narr/suksaptu.txt	171	cia	ia	cia	cia	SOURCE_PRESENT	none	cia
5_poetry/4_narr/suksaptu.txt	171	ahiaraaro	ia	ahiaraaro	ahiaraaro	SOURCE_PRESENT	none	ahiaraaro
5_poetry/4_narr/suksaptu.txt	171	ahiaraaro	aa	ahiaraaro	ahiaraaro	SOURCE_PRESENT	none	ahiaraaro
5_poetry/4_narr/suksaptu.txt	171	vāābandho	āā	vāābandho	vāābandho	SOURCE_PRESENT	none	vāābandho
5_poetry/4_narr/suksaptu.txt	249	jagādaahaṃ	aa			UNRESOLVED	none	jagādaahaṃ
5_poetry/4_narr/suksaptu.txt	301	kathayatiasti	ia			UNRESOLVED	none	kathayatiasti
5_poetry/4_narr/suksaptu.txt	417	pāusasamaapavāso	āu	pāusasamaapavāso	pāusasamaapavāso	SOURCE_PRESENT	none	pāusasamaapavāso
5_poetry/4_narr/suksaptu.txt	417	pāusasamaapavāso	aa	pāusasamaapavāso	pāusasamaapavāso	SOURCE_PRESENT	none	pāusasamaapavāso
5_poetry/4_narr/suksaptu.txt	417	jovvaṇadiahe	ia	jovvaṇadiahe	jovvaṇadiahe	SOURCE_PRESENT	none	jovvaṇadiahe
5_poetry/4_narr/suksaptu.txt	419	paḍhamasiṇehavioo	io	paḍhamasiṇehavioo	paḍhamasiṇehavioo	SOURCE_PRESENT	none	paḍhamasiṇehavioo
5_poetry/4_narr/suksaptu.txt	419	paḍhamasiṇehavioo	oo	paḍhamasiṇehavioo	paḍhamasiṇehavioo	SOURCE_PRESENT	none	paḍhamasiṇehavioo
5_poetry/4_narr/suksaptu.txt	419	garuāidukkhāiṃ	uā	garuāidukkhāiṃ	garuāidukkhāiṃ	SOURCE_PRESENT	none	garuāidukkhāiṃ
5_poetry/4_narr/suksaptu.txt	419	garuāidukkhāiṃ	āi	garuāidukkhāiṃ	garuāidukkhāiṃ	SOURCE_PRESENT	none	garuāidukkhāiṃ
5_poetry/4_narr/suksaptu.txt	419	garuāidukkhāiṃ	āi	garuāidukkhāiṃ	garuāidukkhāiṃ	SOURCE_PRESENT	none	garuāidukkhāiṃ
5_poetry/4_narr/suksaptu.txt	425	paḍhiaṃ	ia	paḍhiaṃ	paḍhiaṃ	SOURCE_PRESENT	none	paḍhiaṃ
5_poetry/4_narr/suksaptu.txt	425	gāiaṃ	āi	gāiaṃ	gāiaṃ	SOURCE_PRESENT	none	gāiaṃ
5_poetry/4_narr/suksaptu.txt	425	gāiaṃ	ia	gāiaṃ	gāiaṃ	SOURCE_PRESENT	none	gāiaṃ
5_poetry/4_narr/suksaptu.txt	425	gīaṃ	īa	gīaṃ	gīaṃ	SOURCE_PRESENT	none	gīaṃ
5_poetry/4_narr/suksaptu.txt	427	suraaṃ	aa	suraaṃ	suraaṃ	SOURCE_PRESENT	none	suraaṃ
5_poetry/4_narr/suksaptu.txt	427	garuāi	uā	garuāi	garuāi	SOURCE_PRESENT	none	garuāi
5_poetry/4_narr/suksaptu.txt	427	garuāi	āi	garuāi	garuāi	SOURCE_PRESENT	none	garuāi
5_poetry/4_narr/suksaptu.txt	427	dukkhāiṃ	āi	dukkhāiṃ	dukkhāiṃ	SOURCE_PRESENT	none	dukkhāiṃ
5_poetry/4_narr/suksaptu.txt	525	prāhaasti	aa			UNRESOLVED	none	prāhaasti
5_poetry/4_narr/suksaptu.txt	709	'pyāhaahaṃ	aa			UNRESOLVED	none	'pyāhaahaṃ
5_poetry/4_narr/suksaptu.txt	781	jagādaahaṃ	aa			UNRESOLVED	none	jagādaahaṃ
5_poetry/4_narr/suksaptu.txt	829	patirāhaasminkathite	aa			UNRESOLVED	none	patirāhaasminkathite
5_poetry/4_narr/suksaptu.txt	903	piara	ia	piara	piara	SOURCE_PRESENT	none	piara
5_poetry/4_narr/suksaptu.txt	903	karei	ei	karei	karei	SOURCE_PRESENT	none	karei
5_poetry/4_narr/suksaptu.txt	905	bhojaai	aa	bhojaai	bhojaai	SOURCE_PRESENT	none	bhojaai
5_poetry/4_narr/suksaptu.txt	905	jaṇei	ei	jaṇei	jaṇei	SOURCE_PRESENT	none	jaṇei
5_poetry/4_narr/suksaptu.txt	935	ahihūo	ūo	ahihūo	ahihūo	SOURCE_PRESENT	none	ahihūo
5_poetry/4_narr/suksaptu.txt	935	vivaā	aā	vivaā	vivaā	SOURCE_PRESENT	none	vivaā
5_poetry/4_narr/suksaptu.txt	935	karei	ei	karei	karei	SOURCE_PRESENT	none	karei
5_poetry/4_narr/suksaptu.txt	935	suaṇo	ua	suaṇo	suaṇo	SOURCE_PRESENT	none	suaṇo
5_poetry/4_narr/suksaptu.txt	935	upaāraṃ	aā	upaāraṃ	upaāraṃ	SOURCE_PRESENT	none	upaāraṃ
5_poetry/4_narr/suksaptu.txt	937	oṇei	ei	oṇei	oṇei	SOURCE_PRESENT	none	oṇei
5_poetry/4_narr/suksaptu.txt	937	candaṇataruo	uo	candaṇataruo	candaṇataruo	SOURCE_PRESENT	none	candaṇataruo
5_poetry/4_narr/suksaptu.txt	1021	prāhaasti	aa			UNRESOLVED	none	prāhaasti
5_poetry/4_narr/suksaptu.txt	1073	prāhaanvartho	aa			UNRESOLVED	none	prāhaanvartho
5_poetry/4_narr/suksaptu.txt	1161	āhaasti	aa			UNRESOLVED	none	āhaasti
5_poetry/4_narr/suksaptu.txt	1197	āhaasti	aa			UNRESOLVED	none	āhaasti
5_poetry/4_narr/suksaptu.txt	1217	ṇaabbhantaragholantīe	aa	ṇaabbhantaragholantīe	ṇaabbhantaragholantīe	SOURCE_PRESENT	none	ṇaabbhantaragholantīe
5_poetry/4_narr/suksaptu.txt	1217	ṇaabbhantaragholantīe	īe	ṇaabbhantaragholantīe	ṇaabbhantaragholantīe	SOURCE_PRESENT	none	ṇaabbhantaragholantīe
5_poetry/4_narr/suksaptu.txt	1217	haaramaṇarāadiṭṭhīe	aa	haaramaṇarāadiṭṭhīe	haaramaṇarāadiṭṭhīe	SOURCE_PRESENT	none	haaramaṇarāadiṭṭhīe
5_poetry/4_narr/suksaptu.txt	1217	haaramaṇarāadiṭṭhīe	āa	haaramaṇarāadiṭṭhīe	haaramaṇarāadiṭṭhīe	SOURCE_PRESENT	none	haaramaṇarāadiṭṭhīe
5_poetry/4_narr/suksaptu.txt	1217	haaramaṇarāadiṭṭhīe	īe	haaramaṇarāadiṭṭhīe	haaramaṇarāadiṭṭhīe	SOURCE_PRESENT	none	haaramaṇarāadiṭṭhīe
5_poetry/4_narr/suksaptu.txt	1219	puṇaruttapecchirīe	īe	puṇaruttapecchirīe	puṇaruttapecchirīe	SOURCE_PRESENT	none	puṇaruttapecchirīe
5_poetry/4_narr/suksaptu.txt	1219	bālaa	aa	bālaa	bālaa	SOURCE_PRESENT	none	bālaa
5_poetry/4_narr/suksaptu.txt	1219	bhaṇio	io	bhaṇio	bhaṇio	SOURCE_PRESENT	none	bhaṇio
5_poetry/4_narr/suksaptu.txt	1225	cia	ia	cia	cia	SOURCE_PRESENT	none	cia
5_poetry/4_narr/suksaptu.txt	1225	bhaṇiaṃ	ia	bhaṇiaṃ	bhaṇiaṃ	SOURCE_PRESENT	none	bhaṇiaṃ
5_poetry/4_narr/suksaptu.txt	1225	hiaattthaṃ	ia	hiaattthaṃ	hiaattthaṃ	SOURCE_PRESENT	none	hiaattthaṃ
5_poetry/4_narr/suksaptu.txt	1225	hiaattthaṃ	aa	hiaattthaṃ	hiaattthaṃ	SOURCE_PRESENT	none	hiaattthaṃ
5_poetry/4_narr/suksaptu.txt	1225	lakkhei	ei	lakkhei	lakkhei	SOURCE_PRESENT	none	lakkhei
5_poetry/4_narr/suksaptu.txt	1227	paḍibohieṇa	ie	paḍibohieṇa	paḍibohieṇa	SOURCE_PRESENT	none	paḍibohieṇa
5_poetry/4_narr/suksaptu.txt	1249	prāhaayaṃ	aa			UNRESOLVED	none	prāhaayaṃ
5_poetry/4_narr/suksaptu.txt	1269	hou	ou	hou	hou	SOURCE_PRESENT	none	hou
5_poetry/4_narr/suksaptu.txt	1269	caau	aa	caau	caau	SOURCE_PRESENT	none	caau
5_poetry/4_narr/suksaptu.txt	1271	hou	ou	hou	hou	SOURCE_PRESENT	none	hou
5_poetry/4_narr/suksaptu.txt	1271	hou	ou	hou	hou	SOURCE_PRESENT	none	hou
5_poetry/4_narr/suksaptu.txt	1277	ṇiakulakkamo	ia	ṇiakulakkamo	ṇiakulakkamo	SOURCE_PRESENT	none	ṇiakulakkamo
5_poetry/4_narr/suksaptu.txt	1279	kaṇṭhaṭṭhie	ie	kaṇṭhaṭṭhie	kaṇṭhaṭṭhie	SOURCE_PRESENT	none	kaṇṭhaṭṭhie
5_poetry/4_narr/suksaptu.txt	1279	jīe	īe	jīe	jīe	SOURCE_PRESENT	none	jīe
5_poetry/4_narr/suksaptu.txt	1301	avarāi	āi	avarāi	avarāi	SOURCE_PRESENT	none	avarāi
5_poetry/4_narr/suksaptu.txt	1333	jagādaasya	aa			UNRESOLVED	none	jagādaasya
5_poetry/4_narr/suksaptu.txt	1375	āhaayaṃ	aa			UNRESOLVED	none	āhaayaṃ
5_poetry/4_narr/suksaptu.txt	1407	gantumarhatiiti	ii			UNRESOLVED	none	gantumarhatiiti
5_poetry/4_narr/suksaptu.txt	1431	prāhaasti	aa			UNRESOLVED	none	prāhaasti
5_poetry/4_narr/suksaptu.txt	1527	cheā	eā	cheā	cheā	SOURCE_PRESENT	none	cheā
5_poetry/4_narr/suksaptu.txt	1529	iare	ia	iare	iare	SOURCE_PRESENT	none	iare
5_poetry/4_narr/suksaptu.txt	1529	hatthagaaṃ	aa	hatthagaaṃ	hatthagaaṃ	SOURCE_PRESENT	none	hatthagaaṃ
5_poetry/4_narr/suksaptu.txt	1643	kathayatiasti	ia			UNRESOLVED	none	kathayatiasti
5_poetry/4_narr/suksaptu.txt	1661	jagādaasmadīyā	aa			UNRESOLVED	none	jagādaasmadīyā
5_poetry/4_narr/suksaptu.txt	1675	āue	āu	āue	āue	SOURCE_PRESENT	none	āue
5_poetry/4_narr/suksaptu.txt	1675	āue	ue	āue	āue	SOURCE_PRESENT	none	āue
5_poetry/4_narr/suksaptu.txt	1717	vadatiaho	ia			UNRESOLVED	none	vadatiaho
5_poetry/4_narr/suksaptu.txt	1881	śaṭhāstathāvidhānasaṃvṛtāṅgānniśitāiveṣavaḥ	āi	śaṭhāstathāvidhānasaṃvṛtāṅgānniśitāiveṣavaḥ	śaṭhāstathāvidhānasaṃvṛtāṅgānniśitāiveṣavaḥ	SOURCE_PRESENT	none	śaṭhāstathāvidhānasaṃvṛtāṅgānniśitāiveṣavaḥ
5_poetry/4_narr/suksaptu.txt	1891	viutaṇāhi	iu	viutaṇāhi	viutaṇāhi	SOURCE_PRESENT	none	viutaṇāhi
5_poetry/4_narr/suksaptu.txt	1929	kāaccāo	āa	kāaccāo	kāaccāo	SOURCE_PRESENT	none	kāaccāo
5_poetry/4_narr/suksaptu.txt	1929	kāaccāo	āo	kāaccāo	kāaccāo	SOURCE_PRESENT	none	kāaccāo
5_poetry/4_narr/suksaptu.txt	1929	hoi	oi	hoi	hoi	SOURCE_PRESENT	none	hoi
5_poetry/4_narr/suksaptu.txt	1995	saṃsaatulaṇa	aa	saṃsaatulaṇa	saṃsaatulaṇa	SOURCE_PRESENT	none	saṃsaatulaṇa
5_poetry/4_narr/suksaptu.txt	1995	jīviu	iu	jīviu	jīviu	SOURCE_PRESENT	none	jīviu
5_poetry/4_narr/suksaptu.txt	1997	āi	āi	āi	āi	SOURCE_PRESENT	none	āi
5_poetry/4_narr/suksaptu.txt	1997	bhaṇijjii	ii	bhaṇijjii	bhaṇijjii	SOURCE_PRESENT	none	bhaṇijjii
5_poetry/4_narr/suksaptu.txt	2093	prāhaeko	ae			UNRESOLVED	none	prāhaeko
5_poetry/4_narr/suksaptu.txt	2135	thaṇajualaṃ	ua	thaṇajualaṃ	thaṇajualaṃ	SOURCE_PRESENT	none	thaṇajualaṃ
5_poetry/4_narr/suksaptu.txt	2137	itthiajaṇasāmaṇṇaṃ	ia	itthiajaṇasāmaṇṇaṃ	itthiajaṇasāmaṇṇaṃ	SOURCE_PRESENT	none	itthiajaṇasāmaṇṇaṃ
5_poetry/4_narr/suksaptu.txt	2137	hiaaṃ	ia	hiaaṃ	hiaaṃ	SOURCE_PRESENT	none	hiaaṃ
5_poetry/4_narr/suksaptu.txt	2137	hiaaṃ	aa	hiaaṃ	hiaaṃ	SOURCE_PRESENT	none	hiaaṃ
5_poetry/4_narr/suksaptu.txt	2209	piaṃ	ia	piaṃ	piaṃ	SOURCE_PRESENT	none	piaṃ
5_poetry/4_narr/suksaptu.txt	2249	bahalaare	aa	bahalaare	bahalaare	SOURCE_PRESENT	none	bahalaare
5_poetry/4_narr/suksaptu.txt	2249	romarāitarugahaṇe	āi	romarāitarugahaṇe	romarāitarugahaṇe	SOURCE_PRESENT	none	romarāitarugahaṇe
5_poetry/4_narr/suksaptu.txt	2251	biḍambiā	iā	biḍambiā	biḍambiā	SOURCE_PRESENT	none	biḍambiā
5_poetry/4_narr/suksaptu.txt	2251	maaṇacoreṇa	aa	maaṇacoreṇa	maaṇacoreṇa	SOURCE_PRESENT	none	maaṇacoreṇa
5_poetry/4_narr/suksaptu.txt	2275	palae	ae	palae	palae	SOURCE_PRESENT	none	palae
5_poetry/4_narr/suksaptu.txt	2275	majjāaṃ	āa	majjāaṃ	majjāaṃ	SOURCE_PRESENT	none	majjāaṃ
5_poetry/4_narr/suksaptu.txt	2275	sāarā	āa	sāarā	sāarā	SOURCE_PRESENT	none	sāarā
5_poetry/4_narr/suksaptu.txt	2277	karuā	uā	karuā	karuā	SOURCE_PRESENT	none	karuā
5_poetry/4_narr/suksaptu.txt	2283	jimiavve	ia	jimiavve	jimiavve	SOURCE_PRESENT	none	jimiavve
5_poetry/4_narr/suksaptu.txt	2283	jaṃpiavve	ia	jaṃpiavve	jaṃpiavve	SOURCE_PRESENT	none	jaṃpiavve
5_poetry/4_narr/suksaptu.txt	2285	jimiajaṃpiāiṃ	ia	jimiajaṃpiāiṃ	jimiajaṃpiāiṃ	SOURCE_PRESENT	none	jimiajaṃpiāiṃ
5_poetry/4_narr/suksaptu.txt	2285	jimiajaṃpiāiṃ	iā	jimiajaṃpiāiṃ	jimiajaṃpiāiṃ	SOURCE_PRESENT	none	jimiajaṃpiāiṃ
5_poetry/4_narr/suksaptu.txt	2285	jimiajaṃpiāiṃ	āi	jimiajaṃpiāiṃ	jimiajaṃpiāiṃ	SOURCE_PRESENT	none	jimiajaṃpiāiṃ
5_poetry/4_narr/suksaptu.txt	2285	apacchāiṃ	āi	apacchāiṃ	apacchāiṃ	SOURCE_PRESENT	none	apacchāiṃ
5_poetry/4_narr/suksaptu.txt	2301	karotuiti	ui			UNRESOLVED	none	karotuiti
5_poetry/4_narr/suksaptu.txt	2455	prāhaasya	aa			UNRESOLVED	none	prāhaasya
5_poetry/4_narr/suksaptu.txt	2541	samprāptāityuktā	āi			UNRESOLVED	none	samprāptāityuktā
5_poetry/4_narr/suksaptu.txt	2587	patimāhaasmadgṛhamadhye	aa			UNRESOLVED	none	patimāhaasmadgṛhamadhye
5_poetry/4_narr/suksaptu.txt	2857	āhaasti	aa			UNRESOLVED	none	āhaasti
5_poetry/4_narr/suksaptu.txt	2879	prāhaanyadā	aa			UNRESOLVED	none	prāhaanyadā
5_poetry/4_narr/suksaptu.txt	2963	gṛhṇātuiti	ui			UNRESOLVED	none	gṛhṇātuiti
5_poetry/4_narr/suksaptu.txt	2971	bhāryāmāhaanena	aa			UNRESOLVED	none	bhāryāmāhaanena
5_poetry/4_narr/suksaptu.txt	3089	subuddhirāhaevaṃ	ae			UNRESOLVED	none	subuddhirāhaevaṃ
5_poetry/4_narr/suksaptu.txt	3133	kāiṃ	āi	kāiṃ	kāiṃ	SOURCE_PRESENT	none	kāiṃ
5_poetry/4_narr/suksaptu.txt	3133	sāiṃ	āi	sāiṃ	sāiṃ	SOURCE_PRESENT	none	sāiṃ
5_poetry/4_narr/suksaptu.txt	3135	ghalliu	iu	ghalliu	ghalliu	SOURCE_PRESENT	none	ghalliu
5_poetry/4_narr/suksaptu.txt	3135	sukaasu	aa	sukaasu	sukaasu	SOURCE_PRESENT	none	sukaasu
5_poetry/4_narr/suksaptu.txt	3135	hāiṃ	āi	hāiṃ	hāiṃ	SOURCE_PRESENT	none	hāiṃ
5_poetry/4_narr/suksaptu.txt	3141	ākhuriadantappahasantaaṃ	ia	ākhuriadantappahasantaaṃ	ākhuriadantappahasantaaṃ	SOURCE_PRESENT	none	ākhuriadantappahasantaaṃ
5_poetry/4_narr/suksaptu.txt	3141	ākhuriadantappahasantaaṃ	aa	ākhuriadantappahasantaaṃ	ākhuriadantappahasantaaṃ	SOURCE_PRESENT	none	ākhuriadantappahasantaaṃ
5_poetry/4_narr/suksaptu.txt	3143	aurantaambehi	aa	aurantaambehi	aurantaambehi	SOURCE_PRESENT	none	aurantaambehi
5_poetry/4_narr/suksaptu.txt	3143	siṃgariaṃ	ia	siṃgariaṃ	siṃgariaṃ	SOURCE_PRESENT	none	siṃgariaṃ
5_poetry/4_narr/suksaptu.txt	3149	sarasakhīramāliaphalabhāraṇājhipraṃ	ia	sarasakhīramāliaphalabhāraṇājhipraṃ	sarasakhīramāliaphalabhāraṇājhipraṃ	SOURCE_PRESENT	none	sarasakhīramāliaphalabhāraṇājhipraṃ
5_poetry/4_narr/suksaptu.txt	3151	ṭisburiṇijambuiṇiaasohiaṃ	ui	ṭisburiṇijambuiṇiaasohiaṃ	ṭisburiṇijambuiṇiaasohiaṃ	SOURCE_PRESENT	none	ṭisburiṇijambuiṇiaasohiaṃ
5_poetry/4_narr/suksaptu.txt	3151	ṭisburiṇijambuiṇiaasohiaṃ	ia	ṭisburiṇijambuiṇiaasohiaṃ	ṭisburiṇijambuiṇiaasohiaṃ	SOURCE_PRESENT	none	ṭisburiṇijambuiṇiaasohiaṃ
5_poetry/4_narr/suksaptu.txt	3151	ṭisburiṇijambuiṇiaasohiaṃ	aa	ṭisburiṇijambuiṇiaasohiaṃ	ṭisburiṇijambuiṇiaasohiaṃ	SOURCE_PRESENT	none	ṭisburiṇijambuiṇiaasohiaṃ
5_poetry/4_narr/suksaptu.txt	3151	ṭisburiṇijambuiṇiaasohiaṃ	ia	ṭisburiṇijambuiṇiaasohiaṃ	ṭisburiṇijambuiṇiaasohiaṃ	SOURCE_PRESENT	none	ṭisburiṇijambuiṇiaasohiaṃ
5_poetry/4_narr/suksaptu.txt	3157	karavandāijālasaṃrāiaṃ	āi	karavandāijālasaṃrāiaṃ	karavandāijālasaṃrāiaṃ	SOURCE_PRESENT	none	karavandāijālasaṃrāiaṃ
5_poetry/4_narr/suksaptu.txt	3157	karavandāijālasaṃrāiaṃ	āi	karavandāijālasaṃrāiaṃ	karavandāijālasaṃrāiaṃ	SOURCE_PRESENT	none	karavandāijālasaṃrāiaṃ
5_poetry/4_narr/suksaptu.txt	3157	karavandāijālasaṃrāiaṃ	ia	karavandāijālasaṃrāiaṃ	karavandāijālasaṃrāiaṃ	SOURCE_PRESENT	none	karavandāijālasaṃrāiaṃ
5_poetry/4_narr/suksaptu.txt	3165	devadāruppiaṅgucūamallīlāṃ	ia	devadāruppiaṅgucūamallīlāṃ	devadāruppiaṅgucūamallīlāṃ	SOURCE_PRESENT	none	devadāruppiaṅgucūamallīlāṃ
5_poetry/4_narr/suksaptu.txt	3165	devadāruppiaṅgucūamallīlāṃ	ūa	devadāruppiaṅgucūamallīlāṃ	devadāruppiaṅgucūamallīlāṃ	SOURCE_PRESENT	none	devadāruppiaṅgucūamallīlāṃ
5_poetry/4_narr/suksaptu.txt	3167	sirikhaṇḍaaigarutarumaṇḍiaṃ	aa	sirikhaṇḍaaigarutarumaṇḍiaṃ	sirikhaṇḍaaigarutarumaṇḍiaṃ	SOURCE_PRESENT	none	sirikhaṇḍaaigarutarumaṇḍiaṃ
5_poetry/4_narr/suksaptu.txt	3167	sirikhaṇḍaaigarutarumaṇḍiaṃ	ia	sirikhaṇḍaaigarutarumaṇḍiaṃ	sirikhaṇḍaaigarutarumaṇḍiaṃ	SOURCE_PRESENT	none	sirikhaṇḍaaigarutarumaṇḍiaṃ
5_poetry/4_narr/suksaptu.txt	3173	ṇāapuṃṇāadāḍimavaraṇāḍambaraṃ	āa	ṇāapuṃṇāadāḍimavaraṇāḍambaraṃ	ṇāapuṃṇāadāḍimavaraṇāḍambaraṃ	SOURCE_PRESENT	none	ṇāapuṃṇāadāḍimavaraṇāḍambaraṃ
5_poetry/4_narr/suksaptu.txt	3173	ṇāapuṃṇāadāḍimavaraṇāḍambaraṃ	āa	ṇāapuṃṇāadāḍimavaraṇāḍambaraṃ	ṇāapuṃṇāadāḍimavaraṇāḍambaraṃ	SOURCE_PRESENT	none	ṇāapuṃṇāadāḍimavaraṇāḍambaraṃ
5_poetry/4_narr/suksaptu.txt	3175	maaraborīrhi	aa	maaraborīrhi	maaraborīrhi	SOURCE_PRESENT	none	maaraborīrhi
5_poetry/4_narr/suksaptu.txt	3181	aikhohiaṃ	ia	aikhohiaṃ	aikhohiaṃ	SOURCE_PRESENT	none	aikhohiaṃ
5_poetry/4_narr/suksaptu.txt	3195	kaṇavīriaṃ	ia	kaṇavīriaṃ	kaṇavīriaṃ	SOURCE_PRESENT	none	kaṇavīriaṃ
5_poetry/4_narr/suksaptu.txt	3195	phaliaṃ	ia	phaliaṃ	phaliaṃ	SOURCE_PRESENT	none	phaliaṃ
5_poetry/4_narr/suksaptu.txt	3197	sevattiā	iā	sevattiā	sevattiā	SOURCE_PRESENT	none	sevattiā
5_poetry/4_narr/suksaptu.txt	3197	phulliā	iā	phulliā	phulliā	SOURCE_PRESENT	none	phulliā
5_poetry/4_narr/suksaptu.txt	3203	āvacchaaṃ	aa	āvacchaaṃ	āvacchaaṃ	SOURCE_PRESENT	none	āvacchaaṃ
5_poetry/4_narr/suksaptu.txt	3205	sindūraaṃ	aa	sindūraaṃ	sindūraaṃ	SOURCE_PRESENT	none	sindūraaṃ
5_poetry/4_narr/suksaptu.txt	3205	phulliaṃ	ia	phulliaṃ	phulliaṃ	SOURCE_PRESENT	none	phulliaṃ
5_poetry/4_narr/suksaptu.txt	3211	phullastamandāraaṃ	aa	phullastamandāraaṃ	phullastamandāraaṃ	SOURCE_PRESENT	none	phullastamandāraaṃ
5_poetry/4_narr/suksaptu.txt	3213	sirisauttuṅgagandhohavaramāruaṃ	ua	sirisauttuṅgagandhohavaramāruaṃ	sirisauttuṅgagandhohavaramāruaṃ	SOURCE_PRESENT	none	sirisauttuṅgagandhohavaramāruaṃ
5_poetry/4_narr/suksaptu.txt	3219	siriātoraṇaṃ	iā	siriātoraṇaṃ	siriātoraṇaṃ	SOURCE_PRESENT	none	siriātoraṇaṃ
5_poetry/4_narr/suksaptu.txt	3221	phulliaṃ	ia	phulliaṃ	phulliaṃ	SOURCE_PRESENT	none	phulliaṃ
5_poetry/4_narr/suksaptu.txt	3221	jaṇiaparisohiaṃ	ia	jaṇiaparisohiaṃ	jaṇiaparisohiaṃ	SOURCE_PRESENT	none	jaṇiaparisohiaṃ
5_poetry/4_narr/suksaptu.txt	3221	jaṇiaparisohiaṃ	ia	jaṇiaparisohiaṃ	jaṇiaparisohiaṃ	SOURCE_PRESENT	none	jaṇiaparisohiaṃ
5_poetry/4_narr/suksaptu.txt	3227	juttaddaaṃ	aa	juttaddaaṃ	juttaddaaṃ	SOURCE_PRESENT	none	juttaddaaṃ
5_poetry/4_narr/suksaptu.txt	3227	kundaaṃ	aa	kundaaṃ	kundaaṃ	SOURCE_PRESENT	none	kundaaṃ
5_poetry/4_narr/suksaptu.txt	3229	malliṇomāliākusumā	iā	malliṇomāliākusumā	malliṇomāliākusumā	SOURCE_PRESENT	none	malliṇomāliākusumā
5_poetry/4_narr/suksaptu.txt	3229	ghaṇapupphiā	iā	ghaṇapupphiā	ghaṇapupphiā	SOURCE_PRESENT	none	ghaṇapupphiā
5_poetry/4_narr/suksaptu.txt	3257	deulākhyo	eu	deulākhyo	deulākhyo	SOURCE_PRESENT	none	deulākhyo
5_poetry/4_narr/suksaptu.txt	3267	candaṇasattacchaāsaṇṇaaṃ	aā	candaṇasattacchaāsaṇṇaaṃ	candaṇasattacchaāsaṇṇaaṃ	SOURCE_PRESENT	none	candaṇasattacchaāsaṇṇaaṃ
5_poetry/4_narr/suksaptu.txt	3267	candaṇasattacchaāsaṇṇaaṃ	aa	candaṇasattacchaāsaṇṇaaṃ	candaṇasattacchaāsaṇṇaaṃ	SOURCE_PRESENT	none	candaṇasattacchaāsaṇṇaaṃ
5_poetry/4_narr/suksaptu.txt	3267	saralavaratuṅgatarusāhasaṃchaṇṇaaṃ	aa	saralavaratuṅgatarusāhasaṃchaṇṇaaṃ	saralavaratuṅgatarusāhasaṃchaṇṇaaṃ	SOURCE_PRESENT	none	saralavaratuṅgatarusāhasaṃchaṇṇaaṃ
5_poetry/4_narr/suksaptu.txt	3269	sahaārakhajjūriaṃ	aā	sahaārakhajjūriaṃ	sahaārakhajjūriaṃ	SOURCE_PRESENT	none	sahaārakhajjūriaṃ
5_poetry/4_narr/suksaptu.txt	3269	sahaārakhajjūriaṃ	ia	sahaārakhajjūriaṃ	sahaārakhajjūriaṃ	SOURCE_PRESENT	none	sahaārakhajjūriaṃ
5_poetry/4_narr/suksaptu.txt	3269	phaṇasaa	aa	phaṇasaa	phaṇasaa	SOURCE_PRESENT	none	phaṇasaa
5_poetry/4_narr/suksaptu.txt	3269	mattālivihaṅgabhāriaṃ	ia	mattālivihaṅgabhāriaṃ	mattālivihaṅgabhāriaṃ	SOURCE_PRESENT	none	mattālivihaṅgabhāriaṃ
5_poetry/4_narr/suksaptu.txt	3275	selupīluphapūriantaaṃ	ia	selupīluphapūriantaaṃ	selupīluphapūriantaaṃ	SOURCE_PRESENT	none	selupīluphapūriantaaṃ
5_poetry/4_narr/suksaptu.txt	3275	selupīluphapūriantaaṃ	aa	selupīluphapūriantaaṃ	selupīluphapūriantaaṃ	SOURCE_PRESENT	none	selupīluphapūriantaaṃ
5_poetry/4_narr/suksaptu.txt	3275	sarasavorabahutintaḍīchaṇṇaaṃ	aa	sarasavorabahutintaḍīchaṇṇaaṃ	sarasavorabahutintaḍīchaṇṇaaṃ	SOURCE_PRESENT	none	sarasavorabahutintaḍīchaṇṇaaṃ
5_poetry/4_narr/suksaptu.txt	3275	dāḍimīphalabillaphalasugandhivāaaṃ	āa	dāḍimīphalabillaphalasugandhivāaaṃ	dāḍimīphalabillaphalasugandhivāaaṃ	SOURCE_PRESENT	none	dāḍimīphalabillaphalasugandhivāaaṃ
5_poetry/4_narr/suksaptu.txt	3275	dāḍimīphalabillaphalasugandhivāaaṃ	aa	dāḍimīphalabillaphalasugandhivāaaṃ	dāḍimīphalabillaphalasugandhivāaaṃ	SOURCE_PRESENT	none	dāḍimīphalabillaphalasugandhivāaaṃ
5_poetry/4_narr/suksaptu.txt	3371	mucyateiti	ei			UNRESOLVED	none	mucyateiti
5_poetry/4_narr/suksaptu.txt	3413	prāhaasti	aa			UNRESOLVED	none	prāhaasti
5_poetry/4_narr/suksaptu.txt	3449	vahatuiti	ui			UNRESOLVED	none	vahatuiti
5_poetry/4_narr/suksaptu.txt	3511	āiau	āi	āiau	āiau	SOURCE_PRESENT	none	āiau
5_poetry/4_narr/suksaptu.txt	3511	āiau	ia	āiau	āiau	SOURCE_PRESENT	none	āiau
5_poetry/4_narr/suksaptu.txt	3511	bhūa	ūa	bhūa	bhūa	SOURCE_PRESENT	none	bhūa
5_poetry/4_narr/suksaptu.txt	3511	eu	eu	eu	eu	SOURCE_PRESENT	none	eu
5_poetry/4_narr/suksaptu.txt	3511	vīsasiu	iu	vīsasiu	vīsasiu	SOURCE_PRESENT	none	vīsasiu
5_poetry/4_narr/suksaptu.txt	3511	ṭhiu	iu	ṭhiu	ṭhiu	SOURCE_PRESENT	none	ṭhiu
5_poetry/4_narr/suksaptu.txt	3513	boliu	iu	boliu	boliu	SOURCE_PRESENT	none	boliu
5_poetry/4_narr/suksaptu.txt	3771	bhavatuiti	ui			UNRESOLVED	none	bhavatuiti
5_poetry/4_narr/suksaptu.txt	3923	prāhaahaṃ	aa			UNRESOLVED	none	prāhaahaṃ
5_poetry/4_narr/suksaptu.txt	3985	cucuhuñcūkaraūṃhūṃ	aū	cucuhuñcūkaraūṃhūṃ	cucuhuñcūkaraūṃhūṃ	SOURCE_PRESENT	none	cucuhuñcūkaraūṃhūṃ
5_poetry/4_narr/suksaptu.txt	3985	āaucalihaṃ	āa	āaucalihaṃ	āaucalihaṃ	SOURCE_PRESENT	none	āaucalihaṃ
5_poetry/4_narr/suksaptu.txt	3987	uvāipāu	āi	uvāipāu	uvāipāu	SOURCE_PRESENT	none	uvāipāu
5_poetry/4_narr/suksaptu.txt	3987	uvāipāu	āu	uvāipāu	uvāipāu	SOURCE_PRESENT	none	uvāipāu
5_poetry/4_narr/suksaptu.txt	4087	prāhaetasminnantare	ae			UNRESOLVED	none	prāhaetasminnantare
5_poetry/4_narr/suksaptu.txt	4171	muai	ua	muai	muai	SOURCE_PRESENT	none	muai
5_poetry/4_narr/suksaptu.txt	4173	duhia	ia	duhia	duhia	SOURCE_PRESENT	none	duhia
5_poetry/4_narr/suksaptu.txt	4173	gaia	ia	gaia	gaia	SOURCE_PRESENT	none	gaia
5_poetry/4_narr/suksaptu.txt	4195	kuviaṃ	ia	kuviaṃ	kuviaṃ	SOURCE_PRESENT	none	kuviaṃ
5_poetry/4_narr/suksaptu.txt	4195	pasāanti	āa	pasāanti	pasāanti	SOURCE_PRESENT	none	pasāanti
5_poetry/4_narr/suksaptu.txt	4197	ccia	ia	ccia	ccia	SOURCE_PRESENT	none	ccia
5_poetry/4_narr/suksaptu.txt	4197	piā	iā	piā	piā	SOURCE_PRESENT	none	piā
5_poetry/4_narr/suksaptu.txt	4197	sāmīciavarāā	ia	sāmīciavarāā	sāmīciavarāā	SOURCE_PRESENT	none	sāmīciavarāā
5_poetry/4_narr/suksaptu.txt	4197	sāmīciavarāā	āā	sāmīciavarāā	sāmīciavarāā	SOURCE_PRESENT	none	sāmīciavarāā
5_poetry/4_narr/suksaptu.txt	4379	baddhamaṇiāi	iā	baddhamaṇiāi	baddhamaṇiāi	SOURCE_PRESENT	none	baddhamaṇiāi
5_poetry/4_narr/suksaptu.txt	4379	baddhamaṇiāi	āi	baddhamaṇiāi	baddhamaṇiāi	SOURCE_PRESENT	none	baddhamaṇiāi
5_poetry/4_narr/suksaptu.txt	4379	tahea	ea	tahea	tahea	SOURCE_PRESENT	none	tahea
5_poetry/4_narr/suksaptu.txt	4381	asasiaṃ	ia	asasiaṃ	asasiaṃ	SOURCE_PRESENT	none	asasiaṃ
5_poetry/4_narr/suksaptu.txt	4397	pratyāhaadya	aa			UNRESOLVED	none	pratyāhaadya
5_poetry/4_narr/suksaptu.txt	4525	kathayatiasti	ia			UNRESOLVED	none	kathayatiasti
5_poetry/4_narr/suksaptu.txt	4571	jagādaahamanena	aa			UNRESOLVED	none	jagādaahamanena
5_poetry/4_narr/suksaptu.txt	4683	dharei	ei	dharei	dharei	SOURCE_PRESENT	none	dharei
5_poetry/4_narr/suksaptu.txt	4683	karei	ei	karei	karei	SOURCE_PRESENT	none	karei
5_poetry/4_narr/suksaptu.txt	4801	mucyanteiti	ei			UNRESOLVED	none	mucyanteiti
5_poetry/4_narr/suksaptu.txt	4841	piasaṃgaṃ	ia	piasaṃgaṃ	piasaṃgaṃ	SOURCE_PRESENT	none	piasaṃgaṃ
5_poetry/4_narr/suksaptu.txt	4841	jīviaṃ	ia	jīviaṃ	jīviaṃ	SOURCE_PRESENT	none	jīviaṃ
5_poetry/4_narr/suksaptu.txt	4951	prāhaatha	aa			UNRESOLVED	none	prāhaatha
5_poetry/4_narr/suksaptu.txt	4989	bhaviṣyatiiti	ii			UNRESOLVED	none	bhaviṣyatiiti
5_poetry/4_narr/suksaptu.txt	5027	karei	ei	karei	karei	SOURCE_PRESENT	none	karei
5_poetry/4_narr/suksaptu.txt	5029	mattagaaṇahacampiā	aa	mattagaaṇahacampiā	mattagaaṇahacampiā	SOURCE_PRESENT	none	mattagaaṇahacampiā
5_poetry/4_narr/suksaptu.txt	5029	mattagaaṇahacampiā	iā	mattagaaṇahacampiā	mattagaaṇahacampiā	SOURCE_PRESENT	none	mattagaaṇahacampiā
5_poetry/4_narr/suksaptu.txt	5029	dharei	ei	dharei	dharei	SOURCE_PRESENT	none	dharei
5_poetry/4_narr/suksaptu.txt	5089	vihivihiaṃ	ia	vihivihiaṃ	vihivihiaṃ	SOURCE_PRESENT	none	vihivihiaṃ
5_poetry/4_narr/suksaptu.txt	5089	piasaṃgo	ia	piasaṃgo	piasaṃgo	SOURCE_PRESENT	none	piasaṃgo
5_poetry/4_narr/suksaptu.txt	5089	jīviaṃ	ia	jīviaṃ	jīviaṃ	SOURCE_PRESENT	none	jīviaṃ
5_poetry/4_narr/suksaptu.txt	5091	jaṇavaaṇaṃ	aa	jaṇavaaṇaṃ	jaṇavaaṇaṃ	SOURCE_PRESENT	none	jaṇavaaṇaṃ
5_poetry/4_narr/suksaptu.txt	5091	viaṇaviḍambaṇā	ia	viaṇaviḍambaṇā	viaṇaviḍambaṇā	SOURCE_PRESENT	none	viaṇaviḍambaṇā
5_poetry/4_narr/suksaptu.txt	5131	kathayāmāsaasti	aa			UNRESOLVED	none	kathayāmāsaasti
5_poetry/4_narr/ttrkhy1u.txt	483	sarvae	ae	sarvae	sarvae	SOURCE_PRESENT	none	sarvae
5_poetry/4_narr/ttrkhy1u.txt	643	prabudhyataeiti	ae	prabudhyataeiti	prabudhyataeiti	SOURCE_PRESENT	none	prabudhyataeiti
5_poetry/4_narr/ttrkhy1u.txt	643	prabudhyataeiti	ei	prabudhyataeiti	prabudhyataeiti	SOURCE_PRESENT	none	prabudhyataeiti
5_poetry/4_narr/ttrkhy1u.txt	645	prathamapradoṣae	ae	prathamapradoṣae	prathamapradoṣae	SOURCE_PRESENT	none	prathamapradoṣae
5_poetry/4_narr/ttrkhy1u.txt	689	palāyantae	ae	palāyantae	palāyantae	SOURCE_PRESENT	none	palāyantae
5_poetry/4_narr/ttrkhy1u.txt	749	sarvae	ae	sarvae	sarvae	SOURCE_PRESENT	none	sarvae
5_poetry/4_narr/ttrkhy1u.txt	749	tae	ae	tae	tae	SOURCE_PRESENT	none	tae
5_poetry/4_narr/ttrkhy1u.txt	799	tae	ae	tae	tae	SOURCE_PRESENT	none	tae
5_poetry/4_narr/ttrkhy1u.txt	827	sarvae	ae	sarvae	sarvae	SOURCE_PRESENT	none	sarvae
5_poetry/4_narr/ttrkhy1u.txt	1045	nīyatae	ae	nīyatae	nīyatae	SOURCE_PRESENT	none	nīyatae
5_poetry/4_narr/ttrkhy1u.txt	1073	etae	ae	etae	etae	SOURCE_PRESENT	none	etae
5_poetry/4_narr/ttrkhy1u.txt	1113	ārambhatae	ae	ārambhatae	ārambhatae	SOURCE_PRESENT	none	ārambhatae
5_poetry/4_narr/ttrkhy1u.txt	1135	sarvae	ae	sarvae	sarvae	SOURCE_PRESENT	none	sarvae
5_poetry/4_narr/ttrkhy1u.txt	1475	anuṣṭhīyatae	ae	anuṣṭhīyatae	anuṣṭhīyatae	SOURCE_PRESENT	none	anuṣṭhīyatae
5_poetry/4_narr/ttrkhy1u.txt	1495	tae	ae	tae	tae	SOURCE_PRESENT	none	tae
5_poetry/4_narr/ttrkhy1u.txt	1531	aviplutae	ae	aviplutae	aviplutae	SOURCE_PRESENT	none	aviplutae
5_poetry/4_narr/ttrkhy1u.txt	1531	vanae	ae	vanae	vanae	SOURCE_PRESENT	none	vanae
5_poetry/4_narr/ttrkhy1u.txt	1667	nāpahriyatae	ae	nāpahriyatae	nāpahriyatae	SOURCE_PRESENT	none	nāpahriyatae
5_poetry/4_narr/ttrkhy2u.txt	249	dīyantae	ae	dīyantae	dīyantae	SOURCE_PRESENT	none	dīyantae
5_poetry/4_narr/ttrkhy2u.txt	319	tae	ae	tae	tae	SOURCE_PRESENT	none	tae
5_poetry/4_narr/ttrkhy2u.txt	391	sarvae	ae	sarvae	sarvae	SOURCE_PRESENT	none	sarvae
5_poetry/4_narr/ttrkhy2u.txt	397	tae	ae	tae	tae	SOURCE_PRESENT	none	tae
5_poetry/4_narr/ttrkhy2u.txt	539	santarpitoanalaḥ	oa	santarpitoanalaḥ	santarpitoanalaḥ	SOURCE_PRESENT	none	santarpitoanalaḥ
5_poetry/4_narr/ttrkhy2u.txt	715	nyagrodhapādapae	ae	nyagrodhapādapae	nyagrodhapādapae	SOURCE_PRESENT	none	nyagrodhapādapae
5_poetry/4_narr/ttrkhy2u.txt	719	svapnae	ae	svapnae	svapnae	SOURCE_PRESENT	none	svapnae
5_poetry/4_narr/ttrkhy2u.txt	935	daivacoditoacintayat	oa	daivacoditoacintayat	daivacoditoacintayat	SOURCE_PRESENT	none	daivacoditoacintayat
5_poetry/4_narr/ttrkhy2u.txt	967	kriyataeiti	ae	kriyataeiti	kriyataeiti	SOURCE_PRESENT	none	kriyataeiti
5_poetry/4_narr/ttrkhy2u.txt	967	kriyataeiti	ei	kriyataeiti	kriyataeiti	SOURCE_PRESENT	none	kriyataeiti
5_poetry/5_subhas/bharst_u.txt	31	mūṛkha	ūṛ		mūṛkha	UNRESOLVED	none	mūṛkha
5_poetry/5_subhas/bharst_u.txt	53	viśeṣāataḥ	āa	viśeṣāataḥ	viśeṣāataḥ	SOURCE_PRESENT	none	viśeṣāataḥ
5_poetry/5_subhas/bharst_u.txt	607	saṃvartakaiṛ	iṛ		saṃvartakaiṛ	UNRESOLVED	none	saṃvartakaiṛ
5_poetry/5_subhas/bharst_u.txt	729	avaokate	ao	avaokate	avaokate	SOURCE_PRESENT	none	avaokate
5_poetry/5_subhas/bharst_u.txt	751	naivaa	aa	naivaa	naivaa	SOURCE_PRESENT	none	naivaa
5_poetry/5_subhas/bharst_u.txt	1233	ataeva	ae	ataeva	ataeva	SOURCE_PRESENT	none	ataeva
5_poetry/5_subhas/msubhs_u.txt	193	kaṛhicit	aṛ	kaṛhicit	kaṛhicit	SOURCE_PRESENT	none	kaṛhicit
5_poetry/5_subhas/msubhs_u.txt	219	baladaṛpitaḥ	aṛ	baladaṛpitaḥ	baladaṛpitaḥ	SOURCE_PRESENT	none	baladaṛpitaḥ
5_poetry/5_subhas/msubhs_u.txt	273	kaṛtuṃ	aṛ	kaṛtuṃ	kaṛtuṃ	SOURCE_PRESENT	none	kaṛtuṃ
5_poetry/5_subhas/msubhs_u.txt	635	śriayaṃ	ia	śriayaṃ	śriayaṃ	SOURCE_PRESENT	none	śriayaṃ
5_poetry/5_subhas/msubhs_u.txt	2213	atithirbālakaścaīva	aī	atithirbālakaścaīva	atithirbālakaścaīva	SOURCE_PRESENT	none	atithirbālakaścaīva
5_poetry/5_subhas/msubhs_u.txt	2989	prāptahaṛṣaprakarṣaḥ	aṛ	prāptahaṛṣaprakarṣaḥ	prāptahaṛṣaprakarṣaḥ	SOURCE_PRESENT	none	prāptahaṛṣaprakarṣaḥ
5_poetry/5_subhas/msubhs_u.txt	3395	jalendramapāi	āi	jalendramapāi	jalendramapāi	SOURCE_PRESENT	none	jalendramapāi
5_poetry/5_subhas/msubhs_u.txt	4389	gajapatiruruśailaśṛṅgavaṛṣmā	aṛ	gajapatiruruśailaśṛṅgavaṛṣmā	gajapatiruruśailaśṛṅgavaṛṣmā	SOURCE_PRESENT	none	gajapatiruruśailaśṛṅgavaṛṣmā
5_poetry/5_subhas/msubhs_u.txt	4423	priayasavidhe	ia	priayasavidhe	priayasavidhe	SOURCE_PRESENT	none	priayasavidhe
5_poetry/5_subhas/msubhs_u.txt	5995	pṛiyo'ham	ṛi	pṛiyo'ham	pṛiyo'ham	SOURCE_PRESENT	none	pṛiyo'ham
5_poetry/5_subhas/msubhs_u.txt	7433	sphītāsṛkpānagoṣṭhīrasadaśivaśivātūṛyanṛtyatkabandhe	ūṛ	sphītāsṛkpānagoṣṭhīrasadaśivaśivātūṛyanṛtyatkabandhe	sphītāsṛkpānagoṣṭhīrasadaśivaśivātūṛyanṛtyatkabandhe	SOURCE_PRESENT	none	sphītāsṛkpānagoṣṭhīrasadaśivaśivātūṛyanṛtyatkabandhe
5_poetry/5_subhas/msubhs_u.txt	20577	yuavanam	ua	yuavanam	yuavanam	SOURCE_PRESENT	none	yuavanam
5_poetry/5_subhas/msubhs_u.txt	35541	dhavalīṛkte	īṛ	dhavalīṛkte	dhavalīṛkte	SOURCE_PRESENT	none	dhavalīṛkte
5_poetry/5_subhas/msubhs_u.txt	37051	tapaṛtau	aṛ	tapaṛtau	tapaṛtau	SOURCE_PRESENT	none	tapaṛtau
5_poetry/5_subhas/msubhs_u.txt	37375	smaradhūmaketuruditeo	eo	smaradhūmaketuruditeo	smaradhūmaketuruditeo	SOURCE_PRESENT	none	smaradhūmaketuruditeo
5_poetry/5_subhas/valsubhu.txt	441	tigmabhāsaaḥ	aa	tigmabhāsaaḥ	tigmabhāsaaḥ	SOURCE_PRESENT	none	tigmabhāsaaḥ
5_poetry/5_subhas/valsubhu.txt	2277	atisatkṛtāapi	āa	atisatkṛtāapi	atisatkṛtāapi	SOURCE_PRESENT	none	atisatkṛtāapi
5_poetry/5_subhas/valsubhu.txt	2677	yiyāaurbhujagamapi	āa	yiyāaurbhujagamapi	yiyāaurbhujagamapi	SOURCE_PRESENT	none	yiyāaurbhujagamapi
5_poetry/5_subhas/valsubhu.txt	4715	kaati	aa	kaati	kaati	SOURCE_PRESENT	none	kaati
5_poetry/5_subhas/valsubhu.txt	5339	amṛtarasavisaraavitaraṇamaraṇottāritasure	aa	amṛtarasavisaraavitaraṇamaraṇottāritasure	amṛtarasavisaraavitaraṇamaraṇottāritasure	SOURCE_PRESENT	none	amṛtarasavisaraavitaraṇamaraṇottāritasure
5_poetry/5_subhas/vidsrgpu.txt	199	kapālaāvale	aā	kapālaāvale	kapālaāvale	SOURCE_PRESENT	none	kapālaāvale
5_poetry/5_subhas/vidsrgpu.txt	673	nābhisarojakuḍmalakuṭīgambhīrasāmaedhvani	ae	nābhisarojakuḍmalakuṭīgambhīrasāmaedhvani	nābhisarojakuḍmalakuṭīgambhīrasāmaedhvani	SOURCE_PRESENT	none	nābhisarojakuḍmalakuṭīgambhīrasāmaedhvani
5_poetry/5_subhas/vidsrgpu.txt	2819	vāñcāptayoaḥ	oa	vāñcāptayoaḥ	vāñcāptayoaḥ	SOURCE_PRESENT	none	vāñcāptayoaḥ
5_poetry/5_subhas/vidsrgpu.txt	2903	tvaaṅkaśayane	aa			UNRESOLVED	none	tvaaṅkaśayane
5_poetry/5_subhas/vidsrgpu.txt	3287	puroaḥ	oa	puroaḥ	puroaḥ	SOURCE_PRESENT	none	puroaḥ
5_poetry/5_subhas/vidsrgpu.txt	3595	smitajyotsnārambhakṣapitavirahadhvāntanivahoaḥ	oa	smitajyotsnārambhakṣapitavirahadhvāntanivahoaḥ	smitajyotsnārambhakṣapitavirahadhvāntanivahoaḥ	SOURCE_PRESENT	none	smitajyotsnārambhakṣapitavirahadhvāntanivahoaḥ
5_poetry/5_subhas/vidsrgpu.txt	3915	diśoaḥ	oa	diśoaḥ	diśoaḥ	SOURCE_PRESENT	none	diśoaḥ
5_poetry/5_subhas/vidsrgpu.txt	3953	śrotrāmṛtasyandinoaḥ	oa	śrotrāmṛtasyandinoaḥ	śrotrāmṛtasyandinoaḥ	SOURCE_PRESENT	none	śrotrāmṛtasyandinoaḥ
5_poetry/5_subhas/vidsrgpu.txt	3955	parigatoaḥ	oa	parigatoaḥ	parigatoaḥ	SOURCE_PRESENT	none	parigatoaḥ
5_poetry/5_subhas/vidsrgpu.txt	4411	ājānuūddhṛtanūpurā	uū	ājānuūddhṛtanūpurā	ājānuūddhṛtanūpurā	SOURCE_PRESENT	none	ājānuūddhṛtanūpurā
5_poetry/5_subhas/vidsrgpu.txt	4611	itoaḥ	oa	itoaḥ	itoaḥ	SOURCE_PRESENT	none	itoaḥ
5_poetry/5_subhas/vidsrgpu.txt	6017	'ndhramuralastrīmānamudrābhidoaḥ	oa	'ndhramuralastrīmānamudrābhidoaḥ	'ndhramuralastrīmānamudrābhidoaḥ	SOURCE_PRESENT	none	'ndhramuralastrīmānamudrābhidoaḥ
5_poetry/5_subhas/vidsrgpu.txt	6175	mallīkalikāvikāśidaśanaū	aū	mallīkalikāvikāśidaśanaū	mallīkalikāvikāśidaśanaū	SOURCE_PRESENT	none	mallīkalikāvikāśidaśanaū
5_poetry/5_subhas/vidsrgpu.txt	6401	cāurvo	āu	cāurvo	cāurvo	SOURCE_PRESENT	none	cāurvo
5_poetry/5_subhas/vidsrgpu.txt	6861	durjanasyāuṣadhaṃ	āu	durjanasyāuṣadhaṃ	durjanasyāuṣadhaṃ	SOURCE_PRESENT	none	durjanasyāuṣadhaṃ
5_poetry/5_subhas/vidsrgpu.txt	7067	prakaṭanihatāśeṣatamasoaḥ	oa	prakaṭanihatāśeṣatamasoaḥ	prakaṭanihatāśeṣatamasoaḥ	SOURCE_PRESENT	none	prakaṭanihatāśeṣatamasoaḥ
5_poetry/5_subhas/vidsrgpu.txt	7699	anādṛtyāucityaṃ	āu	anādṛtyāucityaṃ	anādṛtyāucityaṃ	SOURCE_PRESENT	none	anādṛtyāucityaṃ
5_poetry/5_subhas/vidsrgpu.txt	7715	dhaninoaḥ	oa	dhaninoaḥ	dhaninoaḥ	SOURCE_PRESENT	none	dhaninoaḥ
5_poetry/5_subhas/vidsrgpu.txt	7871	bāndhavajanoaḥ	oa	bāndhavajanoaḥ	bāndhavajanoaḥ	SOURCE_PRESENT	none	bāndhavajanoaḥ
5_poetry/5_subhas/vidsrgpu.txt	8139	ṛāmacarita	ṛā	ṛāmacarita	ṛāmacarita	SOURCE_PRESENT	none	ṛāmacarita
5_poetry/5_subhas/vidsrgpu.txt	8175	tripathagāsañcārinaukāgaṇoaḥ	oa	tripathagāsañcārinaukāgaṇoaḥ	tripathagāsañcārinaukāgaṇoaḥ	SOURCE_PRESENT	none	tripathagāsañcārinaukāgaṇoaḥ
5_poetry/5_subhas/vidsrgpu.txt	8403	dṛḍhapratyayoaḥ	oa	dṛḍhapratyayoaḥ	dṛḍhapratyayoaḥ	SOURCE_PRESENT	none	dṛḍhapratyayoaḥ
6_sastra/3_phil/buddh/nagvigvu.txt	133	pratiṣedhārāaś	āa	pratiṣedhārāaś	pratiṣedhārāaś	SOURCE_PRESENT	none	pratiṣedhārāaś
6_sastra/3_phil/buddh/pramanvu.txt	19	vaktṛvyāapāraviṣayo	āa	vaktṛvyāapāraviṣayo	vaktṛvyāapāraviṣayo	SOURCE_PRESENT	none	vaktṛvyāapāraviṣayo
6_sastra/3_phil/buddh/pramanvu.txt	195	pramāaṇena	āa	pramāaṇena	pramāaṇena	SOURCE_PRESENT	none	pramāaṇena
6_sastra/3_phil/buddh/pramanvu.txt	221	nirhrāsāatiśayāpattirnirhrāsātiśayāt	āa	nirhrāsāatiśayāpattirnirhrāsātiśayāt	nirhrāsāatiśayāpattirnirhrāsātiśayāt	SOURCE_PRESENT	none	nirhrāsāatiśayāpattirnirhrāsātiśayāt
6_sastra/3_phil/buddh/pramanvu.txt	619	'poi	oi	'poi	'poi	SOURCE_PRESENT	none	'poi
6_sastra/3_phil/buddh/pramanvu.txt	1747	neaṇaṃ	ea	neaṇaṃ	neaṇaṃ	SOURCE_PRESENT	none	neaṇaṃ
6_sastra/3_phil/buddh/pramanvu.txt	1867	viukalpadvayaṃ	iu	viukalpadvayaṃ	viukalpadvayaṃ	SOURCE_PRESENT	none	viukalpadvayaṃ
6_sastra/3_phil/buddh/pramanvu.txt	3255	grāhyatāśaktihāniī	iī	grāhyatāśaktihāniī	grāhyatāśaktihāniī	SOURCE_PRESENT	none	grāhyatāśaktihāniī
6_sastra/3_phil/buddh/pramanvu.txt	3331	deśakālāadyapekṣaṇam	āa	deśakālāadyapekṣaṇam	deśakālāadyapekṣaṇam	SOURCE_PRESENT	none	deśakālāadyapekṣaṇam
6_sastra/3_phil/buddh/pramanvu.txt	3381	vācyāasiddhiyojanā	āa	vācyāasiddhiyojanā	vācyāasiddhiyojanā	SOURCE_PRESENT	none	vācyāasiddhiyojanā
6_sastra/3_phil/buddh/pramanvu.txt	3557	śabdayoorna	oo	śabdayoorna	śabdayoorna	SOURCE_PRESENT	none	śabdayoorna
6_sastra/3_phil/buddh/pramanvu.txt	3567	voivakṣāparāśrayāḥ	oi	voivakṣāparāśrayāḥ	voivakṣāparāśrayāḥ	SOURCE_PRESENT	none	voivakṣāparāśrayāḥ
6_sastra/3_phil/buddh/pramanvu.txt	3929	vyaktāabhedāt	āa	vyaktāabhedāt	vyaktāabhedāt	SOURCE_PRESENT	none	vyaktāabhedāt
6_sastra/3_phil/buddh/pramanvu.txt	4433	sattānāaśitvadoṣasya	āa	sattānāaśitvadoṣasya	sattānāaśitvadoṣasya	SOURCE_PRESENT	none	sattānāaśitvadoṣasya
6_sastra/3_phil/buddh/pramanvu.txt	4753	tadeacasyeva	ea	tadeacasyeva	tadeacasyeva	SOURCE_PRESENT	none	tadeacasyeva
6_sastra/3_phil/buddh/pramanvu.txt	5093	svavāgvirodheabhedaḥ	ea	svavāgvirodheabhedaḥ	svavāgvirodheabhedaḥ	SOURCE_PRESENT	none	svavāgvirodheabhedaḥ
6_sastra/3_phil/buddh/pramanvu.txt	5099	paroikṣeṣvāgamāniṣṭo	oi	paroikṣeṣvāgamāniṣṭo	paroikṣeṣvāgamāniṣṭo	SOURCE_PRESENT	none	paroikṣeṣvāgamāniṣṭo
6_sastra/3_phil/buddh/pramanvu.txt	5485	pratoibandho	oi	pratoibandho	pratoibandho	SOURCE_PRESENT	none	pratoibandho
6_sastra/3_phil/buddh/santbcpu.txt	9	ataeva	ae		ataeva	UNRESOLVED	none	ataeva
6_sastra/3_phil/buddh/vakobhau.txt	255	saṃskṛtadharmauaryāyāḥ	ua	saṃskṛtadharmauaryāyāḥ	saṃskṛtadharmauaryāyāḥ	SOURCE_PRESENT	none	saṃskṛtadharmauaryāyāḥ
6_sastra/3_phil/buddh/vakobhau.txt	587	vāyuarityucyate	ua	vāyuarityucyate	vāyuarityucyate	SOURCE_PRESENT	none	vāyuarityucyate
6_sastra/3_phil/buddh/vakobhau.txt	591	vāyuarapi	ua	vāyuarapi	vāyuarapi	SOURCE_PRESENT	none	vāyuarapi
6_sastra/3_phil/buddh/vakobhau.txt	907	pūarvavaditi	ūa	pūarvavaditi	pūarvavaditi	SOURCE_PRESENT	none	pūarvavaditi
6_sastra/3_phil/buddh/vakobhau.txt	919	gotrāṇyuacyante	ua	gotrāṇyuacyante	gotrāṇyuacyante	SOURCE_PRESENT	none	gotrāṇyuacyante
6_sastra/3_phil/buddh/vakobhau.txt	963	rūpoīnyapi	oī	rūpoīnyapi	rūpoīnyapi	SOURCE_PRESENT	none	rūpoīnyapi
6_sastra/3_phil/buddh/vakobhau.txt	981	paṭṭaiakadeśe	ia	paṭṭaiakadeśe	paṭṭaiakadeśe	SOURCE_PRESENT	none	paṭṭaiakadeśe
6_sastra/3_phil/buddh/vakobhau.txt	1235	pratiopādyāḥ	io	pratiopādyāḥ	pratiopādyāḥ	SOURCE_PRESENT	none	pratiopādyāḥ
6_sastra/3_phil/buddh/vakobhau.txt	1591	nityamaviatarko	ia	nityamaviatarko	nityamaviatarko	SOURCE_PRESENT	none	nityamaviatarko
6_sastra/3_phil/buddh/vakobhau.txt	1689	yaccittacaittairadhiṣṭhānabhāvenopiagṛhītamanugrahopaghātābhyāmanyonyānuvidhānāt	ia	yaccittacaittairadhiṣṭhānabhāvenopiagṛhītamanugrahopaghātābhyāmanyonyānuvidhānāt	yaccittacaittairadhiṣṭhānabhāvenopiagṛhītamanugrahopaghātābhyāmanyonyānuvidhānāt	SOURCE_PRESENT	none	yaccittacaittairadhiṣṭhānabhāvenopiagṛhītamanugrahopaghātābhyāmanyonyānuvidhānāt
6_sastra/3_phil/buddh/vakobhau.txt	1759	kaśiciādyate	iā	kaśiciādyate	kaśiciādyate	SOURCE_PRESENT	none	kaśiciādyate
6_sastra/3_phil/buddh/vakobhau.txt	1761	dhātue	ue	dhātue	dhātue	SOURCE_PRESENT	none	dhātue
6_sastra/3_phil/buddh/vakobhau.txt	1857	naiḥṣyandikavipoākajāḥ	oā	naiḥṣyandikavipoākajāḥ	naiḥṣyandikavipoākajāḥ	SOURCE_PRESENT	none	naiḥṣyandikavipoākajāḥ
6_sastra/3_phil/buddh/vakobhau.txt	1931	catuṛthyetānākārān	uṛ	catuṛthyetānākārān	catuṛthyetānākārān	SOURCE_PRESENT	none	catuṛthyetānākārān
6_sastra/3_phil/buddh/vakobhau.txt	1997	dharmadhātuarnityaṃ	ua	dharmadhātuarnityaṃ	dharmadhātuarnityaṃ	SOURCE_PRESENT	none	dharmadhātuarnityaṃ
6_sastra/3_phil/buddh/vakobhau.txt	2015	niaruddhaṃ	ia	niaruddhaṃ	niaruddhaṃ	SOURCE_PRESENT	none	niaruddhaṃ
6_sastra/3_phil/buddh/vakobhau.txt	2093	daṛśanaheyāḥ	aṛ	daṛśanaheyāḥ	daṛśanaheyāḥ	SOURCE_PRESENT	none	daṛśanaheyāḥ
6_sastra/3_phil/buddh/vakobhau.txt	2101	daṛśanaprahātavyam	aṛ	daṛśanaprahātavyam	daṛśanaprahātavyam	SOURCE_PRESENT	none	daṛśanaprahātavyam
6_sastra/3_phil/buddh/vakobhau.txt	2187	ityvāṛtamapi	āṛ	ityvāṛtamapi	ityvāṛtamapi	SOURCE_PRESENT	none	ityvāṛtamapi
6_sastra/3_phil/buddh/vakobhau.txt	2263	caīvaṃ	aī	caīvaṃ	caīvaṃ	SOURCE_PRESENT	none	caīvaṃ
6_sastra/3_phil/buddh/vakobhau.txt	2307	paraiśāuddhataraṃ	āu	paraiśāuddhataraṃ	paraiśāuddhataraṃ	SOURCE_PRESENT	none	paraiśāuddhataraṃ
6_sastra/3_phil/buddh/vakobhau.txt	2565	rūpoāṇi	oā	rūpoāṇi	rūpoāṇi	SOURCE_PRESENT	none	rūpoāṇi
6_sastra/3_phil/buddh/vakobhau.txt	2569	paśyataścakṣūarūpe	ūa	paśyataścakṣūarūpe	paśyataścakṣūarūpe	SOURCE_PRESENT	none	paśyataścakṣūarūpe
6_sastra/3_phil/buddh/vakobhau.txt	2693	evaṃvādīu	īu	evaṃvādīu	evaṃvādīu	SOURCE_PRESENT	none	evaṃvādīu
6_sastra/3_phil/buddh/vakobhau.txt	2731	gandhaghrāṇarasāsvādanaspraṣṭavyaspaṛśanānāṃ	aṛ	gandhaghrāṇarasāsvādanaspraṣṭavyaspaṛśanānāṃ	gandhaghrāṇarasāsvādanaspraṣṭavyaspaṛśanānāṃ	SOURCE_PRESENT	none	gandhaghrāṇarasāsvādanaspraṣṭavyaspaṛśanānāṃ
6_sastra/3_phil/buddh/vakobhau.txt	2749	paṇḍakobhayavyañjanānāmasaṃvarānantāryakuāśalamulasamucchedā	uā	paṇḍakobhayavyañjanānāmasaṃvarānantāryakuāśalamulasamucchedā	paṇḍakobhayavyañjanānāmasaṃvarānantāryakuāśalamulasamucchedā	SOURCE_PRESENT	none	paṇḍakobhayavyañjanānāmasaṃvarānantāryakuāśalamulasamucchedā
6_sastra/3_phil/buddh/vakobhau.txt	2779	cakṣuḥśrītrābhyāmātmabhāvaparikaṛṣaṇaṃ	aṛ	cakṣuḥśrītrābhyāmātmabhāvaparikaṛṣaṇaṃ	cakṣuḥśrītrābhyāmātmabhāvaparikaṛṣaṇaṃ	SOURCE_PRESENT	none	cakṣuḥśrītrābhyāmātmabhāvaparikaṛṣaṇaṃ
6_sastra/3_phil/buddh/vakobhau.txt	2865	bhāvanāheyakleāśaprahāṇaṃ	eā	bhāvanāheyakleāśaprahāṇaṃ	bhāvanāheyakleāśaprahāṇaṃ	SOURCE_PRESENT	none	bhāvanāheyakleāśaprahāṇaṃ
6_sastra/3_phil/buddh/vakobhau.txt	2927	caīṣāmeṣo	aī	caīṣāmeṣo	caīṣāmeṣo	SOURCE_PRESENT	none	caīṣāmeṣo
6_sastra/3_phil/buddh/vakobhau.txt	2979	caiatasikī	ia	caiatasikī	caiatasikī	SOURCE_PRESENT	none	caiatasikī
6_sastra/3_phil/buddh/vakobhau.txt	3073	tamadhikāṛtyāha	āṛ	tamadhikāṛtyāha	tamadhikāṛtyāha	SOURCE_PRESENT	none	tamadhikāṛtyāha
6_sastra/3_phil/buddh/vakobhau.txt	3107	tathaīva	aī	tathaīva	tathaīva	SOURCE_PRESENT	none	tathaīva
6_sastra/3_phil/buddh/vakobhau.txt	3215	airyāpathikaśāilpasthānikanairmāṇikāni	āi	airyāpathikaśāilpasthānikanairmāṇikāni	airyāpathikaśāilpasthānikanairmāṇikāni	SOURCE_PRESENT	none	airyāpathikaśāilpasthānikanairmāṇikāni
6_sastra/3_phil/buddh/vakobhau.txt	3221	dauarmanasyendriyaṃ	ua	dauarmanasyendriyaṃ	dauarmanasyendriyaṃ	SOURCE_PRESENT	none	dauarmanasyendriyaṃ
6_sastra/3_phil/buddh/vakobhau.txt	3259	dauarmanasyasya	ua	dauarmanasyasya	dauarmanasyasya	SOURCE_PRESENT	none	dauarmanasyasya
6_sastra/3_phil/buddh/vakobhau.txt	3305	akuāśalāḥ	uā	akuāśalāḥ	akuāśalāḥ	SOURCE_PRESENT	none	akuāśalāḥ
6_sastra/3_phil/buddh/vakobhau.txt	3309	kuśalākuāśalaṃ	uā	kuśalākuāśalaṃ	kuśalākuāśalaṃ	SOURCE_PRESENT	none	kuśalākuāśalaṃ
6_sastra/3_phil/buddh/vakobhau.txt	3383	kimavaśāiṣyate	āi	kimavaśāiṣyate	kimavaśāiṣyate	SOURCE_PRESENT	none	kimavaśāiṣyate
6_sastra/3_phil/buddh/vakobhau.txt	3399	dauarmanasyaṃ	ua	dauarmanasyaṃ	dauarmanasyaṃ	SOURCE_PRESENT	none	dauarmanasyaṃ
6_sastra/3_phil/buddh/vakobhau.txt	3433	upapādukapratiṣedhādaṇḍajajarāyujasaṃsvedajaīriti	aī	upapādukapratiṣedhādaṇḍajajarāyujasaṃsvedajaīriti	upapādukapratiṣedhādaṇḍajajarāyujasaṃsvedajaīriti	SOURCE_PRESENT	none	upapādukapratiṣedhādaṇḍajajarāyujasaṃsvedajaīriti
6_sastra/3_phil/buddh/vakobhau.txt	3479	kāmadhātāvavyañjanaiarupapādukaiḥ	ia	kāmadhātāvavyañjanaiarupapādukaiḥ	kāmadhātāvavyañjanaiarupapādukaiḥ	SOURCE_PRESENT	none	kāmadhātāvavyañjanaiarupapādukaiḥ
6_sastra/3_phil/buddh/vakobhau.txt	3537	trayodaśāeti	āe	trayodaśāeti	trayodaśāeti	SOURCE_PRESENT	none	trayodaśāeti
6_sastra/3_phil/buddh/vakobhau.txt	3559	prāptirvisaṃyiogaprāpterāvāhakasanniśrayatvādyathākramam	io	prāptirvisaṃyiogaprāpterāvāhakasanniśrayatvādyathākramam	prāptirvisaṃyiogaprāpterāvāhakasanniśrayatvādyathākramam	SOURCE_PRESENT	none	prāptirvisaṃyiogaprāpterāvāhakasanniśrayatvādyathākramam
6_sastra/3_phil/buddh/vakobhau.txt	3743	niḥśāubhaḥ	āu	niḥśāubhaḥ	niḥśāubhaḥ	SOURCE_PRESENT	none	niḥśāubhaḥ
6_sastra/3_phil/buddh/vakobhau.txt	4207	kleāśamahābhūmikā	eā	kleāśamahābhūmikā	kleāśamahābhūmikā	SOURCE_PRESENT	none	kleāśamahābhūmikā
6_sastra/3_phil/buddh/vakobhau.txt	4345	avadyeṣvabhayadarśiatā	ia	avadyeṣvabhayadarśiatā	avadyeṣvabhayadarśiatā	SOURCE_PRESENT	none	avadyeṣvabhayadarśiatā
6_sastra/3_phil/buddh/vakobhau.txt	4473	saṃprahaṛśaṇaviśeṣo	aṛ	saṃprahaṛśaṇaviśeṣo	saṃprahaṛśaṇaviśeṣo	SOURCE_PRESENT	none	saṃprahaṛśaṇaviśeṣo
6_sastra/3_phil/buddh/vakobhau.txt	4529	cittaviprayuktāucyante	āu	cittaviprayuktāucyante	cittaviprayuktāucyante	SOURCE_PRESENT	none	cittaviprayuktāucyante
6_sastra/3_phil/buddh/vakobhau.txt	4603	bhūmisaṃcāravaiarāgyatasteṣāṃ	ia	bhūmisaṃcāravaiarāgyatasteṣāṃ	bhūmisaṃcāravaiarāgyatasteṣāṃ	SOURCE_PRESENT	none	bhūmisaṃcāravaiarāgyatasteṣāṃ
6_sastra/3_phil/buddh/vakobhau.txt	4643	samucchinnakuāśalamūlaḥ	uā	samucchinnakuāśalamūlaḥ	samucchinnakuāśalamūlaḥ	SOURCE_PRESENT	none	samucchinnakuāśalamūlaḥ
6_sastra/3_phil/buddh/vakobhau.txt	4651	vāśiatvakāle	ia	vāśiatvakāle	vāśiatvakāle	SOURCE_PRESENT	none	vāśiatvakāle
6_sastra/3_phil/buddh/vakobhau.txt	4691	kuāśalākuśalāvyākṛtaiva	uā	kuāśalākuśalāvyākṛtaiva	kuāśalākuśalāvyākṛtaiva	SOURCE_PRESENT	none	kuāśalākuśalāvyākṛtaiva
6_sastra/3_phil/buddh/vakobhau.txt	4717	asaṃskāṛtaṃ	āṛ	asaṃskāṛtaṃ	asaṃskāṛtaṃ	SOURCE_PRESENT	none	asaṃskāṛtaṃ
6_sastra/3_phil/buddh/vakobhau.txt	4895	evamuttarottaravāṛddhiprasaṇṅgenaitāḥ	āṛ	evamuttarottaravāṛddhiprasaṇṅgenaitāḥ	evamuttarottaravāṛddhiprasaṇṅgenaitāḥ	SOURCE_PRESENT	none	evamuttarottaravāṛddhiprasaṇṅgenaitāḥ
6_sastra/3_phil/buddh/vakobhau.txt	4993	kadāciat	ia	kadāciat	kadāciat	SOURCE_PRESENT	none	kadāciat
6_sastra/3_phil/buddh/vakobhau.txt	5013	niarodhaścittacaittānāmiti	ia			UNRESOLVED	none	niarodhaścittacaittānāmiti
6_sastra/3_phil/buddh/vakobhau.txt	5083	dvitaīyādiṣu	aī	dvitaīyādiṣu	dvitaīyādiṣu	SOURCE_PRESENT	none	dvitaīyādiṣu
6_sastra/3_phil/buddh/vakobhau.txt	5103	śāntavihārasaṃjñāpūarvakeṇa	ūa	śāntavihārasaṃjñāpūarvakeṇa	śāntavihārasaṃjñāpūarvakeṇa	SOURCE_PRESENT	none	śāntavihārasaṃjñāpūarvakeṇa
6_sastra/3_phil/buddh/vakobhau.txt	5119	nāvyākāṛtā	āṛ	nāvyākāṛtā	nāvyākāṛtā	SOURCE_PRESENT	none	nāvyākāṛtā
6_sastra/3_phil/buddh/vakobhau.txt	5129	pariniarvāyāt	ia	pariniarvāyāt	pariniarvāyāt	SOURCE_PRESENT	none	pariniarvāyāt
6_sastra/3_phil/buddh/vakobhau.txt	5761	evamapoi	oi	evamapoi	evamapoi	SOURCE_PRESENT	none	evamapoi
6_sastra/3_phil/buddh/vakobhau.txt	5835	saṃkhyāparimāṇapṛthaktvasaṃyogavibhāgaparatvaaparatvasattādayo	aa			UNRESOLVED	none	saṃkhyāparimāṇapṛthaktvasaṃyogavibhāgaparatvaaparatvasattādayo
6_sastra/3_phil/buddh/vakobhau.txt	5935	ghoṣaviāśeṣa	iā	ghoṣaviāśeṣa	ghoṣaviāśeṣa	SOURCE_PRESENT	none	ghoṣaviāśeṣa
6_sastra/3_phil/buddh/vakobhau.txt	6045	vighnamuatpattau	ua	vighnamuatpattau	vighnamuatpattau	SOURCE_PRESENT	none	vighnamuatpattau
6_sastra/3_phil/buddh/vakobhau.txt	6407	nirmāṇacittamapoi	oi	nirmāṇacittamapoi	nirmāṇacittamapoi	SOURCE_PRESENT	none	nirmāṇacittamapoi
6_sastra/3_phil/buddh/vakobhau.txt	6763	poūrvaṃ	oū	poūrvaṃ	poūrvaṃ	SOURCE_PRESENT	none	poūrvaṃ
6_sastra/3_phil/buddh/vakobhau.txt	7201	cittacaīttāḥ	aī	cittacaīttāḥ	cittacaīttāḥ	SOURCE_PRESENT	none	cittacaīttāḥ
6_sastra/3_phil/buddh/vakobhau.txt	7327	dharmaīḥ	aī	dharmaīḥ	dharmaīḥ	SOURCE_PRESENT	none	dharmaīḥ
6_sastra/3_phil/buddh/vakobhau.txt	8449	gatihetujñāpanāṛtham	āṛ	gatihetujñāpanāṛtham	gatihetujñāpanāṛtham	SOURCE_PRESENT	none	gatihetujñāpanāṛtham
6_sastra/3_phil/buddh/vakobhau.txt	8569	māṛṣāḥ	āṛ	māṛṣāḥ	māṛṣāḥ	SOURCE_PRESENT	none	māṛṣāḥ
6_sastra/3_phil/buddh/vakobhau.txt	8585	saṃjñayāekatvasaṃjñinaḥ	āe		saṃjñayāekatvasaṃjñinaḥ	UNRESOLVED	none	saṃjñayāekatvasaṃjñinaḥ
6_sastra/3_phil/buddh/vakobhau.txt	8735	yoiḥ	oi	yoiḥ	yoiḥ	SOURCE_PRESENT	none	yoiḥ
6_sastra/3_phil/buddh/vakobhau.txt	8815	pounrmṛtasyāsya	ou	pounrmṛtasyāsya	pounrmṛtasyāsya	SOURCE_PRESENT	none	pounrmṛtasyāsya
6_sastra/3_phil/buddh/vakobhau.txt	8909	udāhṛato	ṛa	udāhṛato	udāhṛato	SOURCE_PRESENT	none	udāhṛato
6_sastra/3_phil/buddh/vakobhau.txt	10185	paścādutpoādam	oā	paścādutpoādam	paścādutpoādam	SOURCE_PRESENT	none	paścādutpoādam
6_sastra/3_phil/buddh/vakobhau.txt	10379	uapahataṃ	ua	uapahataṃ	uapahataṃ	SOURCE_PRESENT	none	uapahataṃ
6_sastra/3_phil/buddh/vakobhau.txt	10547	āśrayiaprabhāito	ia	āśrayiaprabhāito	āśrayiaprabhāito	SOURCE_PRESENT	none	āśrayiaprabhāito
6_sastra/3_phil/buddh/vakobhau.txt	10547	āśrayiaprabhāito	āi	āśrayiaprabhāito	āśrayiaprabhāito	SOURCE_PRESENT	none	āśrayiaprabhāito
6_sastra/3_phil/buddh/vakobhau.txt	11079	upapattibhavastadbhūmikaīreva	aī	upapattibhavastadbhūmikaīreva	upapattibhavastadbhūmikaīreva	SOURCE_PRESENT	none	upapattibhavastadbhūmikaīreva
6_sastra/3_phil/buddh/vakobhau.txt	11083	svatantraīḥ	aī	svatantraīḥ	svatantraīḥ	SOURCE_PRESENT	none	svatantraīḥ
6_sastra/3_phil/buddh/vakobhau.txt	11613	sauvaṛṇāścakravāḍaḥ	aṛ	sauvaṛṇāścakravāḍaḥ	sauvaṛṇāścakravāḍaḥ	SOURCE_PRESENT	none	sauvaṛṇāścakravāḍaḥ
6_sastra/3_phil/buddh/vakobhau.txt	11819	manuaṣyāṇāmanṛddhimatām	ua	manuaṣyāṇāmanṛddhimatām	manuaṣyāṇāmanṛddhimatām	SOURCE_PRESENT	none	manuaṣyāṇāmanṛddhimatām
6_sastra/3_phil/buddh/vakobhau.txt	11897	tilataṇḍuilādayaḥ	ui	tilataṇḍuilādayaḥ	tilataṇḍuilādayaḥ	SOURCE_PRESENT	none	tilataṇḍuilādayaḥ
6_sastra/3_phil/buddh/vakobhau.txt	12227	tataūrdhvaṃ	aū		tataūrdhvaṃ	UNRESOLVED	none	tataūrdhvaṃ
6_sastra/3_phil/buddh/vakobhau.txt	12353	yiathā	ia	yiathā	yiathā	SOURCE_PRESENT	none	yiathā
6_sastra/3_phil/buddh/vakobhau.txt	12919	naiadevaṃ	ia	naiadevaṃ	naiadevaṃ	SOURCE_PRESENT	none	naiadevaṃ
6_sastra/3_phil/buddh/vakobhau.txt	13191	tadaīva	aī	tadaīva	tadaīva	SOURCE_PRESENT	none	tadaīva
6_sastra/3_phil/buddh/vakobhau.txt	13219	śṛamaṇo	ṛa	śṛamaṇo	śṛamaṇo	SOURCE_PRESENT	none	śṛamaṇo
6_sastra/3_phil/buddh/vakobhau.txt	13397	daśavaṛṣāyuṣāṃ	aṛ	daśavaṛṣāyuṣāṃ	daśavaṛṣāyuṣāṃ	SOURCE_PRESENT	none	daśavaṛṣāyuṣāṃ
6_sastra/3_phil/buddh/vakobhau.txt	13915	taccāyīuktaṃ	īu	taccāyīuktaṃ	taccāyīuktaṃ	SOURCE_PRESENT	none	taccāyīuktaṃ
6_sastra/3_phil/buddh/vakobhau.txt	14439	svabhāevna	āe	svabhāevna	svabhāevna	SOURCE_PRESENT	none	svabhāevna
6_sastra/3_phil/buddh/vakobhau.txt	14829	kṣaṇeṣui	ui	kṣaṇeṣui	kṣaṇeṣui	SOURCE_PRESENT	none	kṣaṇeṣui
6_sastra/3_phil/buddh/vakobhau.txt	16051	yatraiava	ia	yatraiava	yatraiava	SOURCE_PRESENT	none	yatraiava
6_sastra/3_phil/buddh/vakobhau.txt	16937	sahamṛṭasyāpio	io	sahamṛṭasyāpio	sahamṛṭasyāpio	SOURCE_PRESENT	none	sahamṛṭasyāpio
6_sastra/3_phil/buddh/vakobhau.txt	17367	syiānna	iā	syiānna	syiānna	SOURCE_PRESENT	none	syiānna
6_sastra/3_phil/buddh/vakobhau.txt	17831	ārūpyoopapannānāmāryāṇāmatītānāgatānāsravasaṃvarasamanvāgamāt	oo	ārūpyoopapannānāmāryāṇāmatītānāgatānāsravasaṃvarasamanvāgamāt	ārūpyoopapannānāmāryāṇāmatītānāgatānāsravasaṃvarasamanvāgamāt	SOURCE_PRESENT	none	ārūpyoopapannānāmāryāṇāmatītānāgatānāsravasaṃvarasamanvāgamāt
6_sastra/3_phil/buddh/vakobhau.txt	18953	yiogasaṃbhārārthamuttamārthasya	io	yiogasaṃbhārārthamuttamārthasya	yiogasaṃbhārārthamuttamārthasya	SOURCE_PRESENT	none	yiogasaṃbhārārthamuttamārthasya
6_sastra/3_phil/buddh/vakobhau.txt	18985	prayiogaścetanāśayaḥ	io	prayiogaścetanāśayaḥ	prayiogaścetanāśayaḥ	SOURCE_PRESENT	none	prayiogaścetanāśayaḥ
6_sastra/3_phil/buddh/vakobhau.txt	19009	mātāitroḥ	āi	mātāitroḥ	mātāitroḥ	SOURCE_PRESENT	none	mātāitroḥ
6_sastra/3_phil/buddh/vakobhau.txt	19519	śīlavrataparāmaṛśo	aṛ	śīlavrataparāmaṛśo	śīlavrataparāmaṛśo	SOURCE_PRESENT	none	śīlavrataparāmaṛśo
6_sastra/3_phil/buddh/vakobhau.txt	20035	dṛṣṭiśīlavṛataparāmarśau	ṛa	dṛṣṭiśīlavṛataparāmarśau	dṛṣṭiśīlavṛataparāmarśau	SOURCE_PRESENT	none	dṛṣṭiśīlavṛataparāmarśau
6_sastra/3_phil/buddh/vakobhau.txt	20133	tayoirnāsti	oi	tayoirnāsti	tayoirnāsti	SOURCE_PRESENT	none	tayoirnāsti
6_sastra/3_phil/buddh/vakobhau.txt	21137	kadācitkial	ia	kadācitkial	kadācitkial	SOURCE_PRESENT	none	kadācitkial
6_sastra/3_phil/buddh/vakobhau.txt	21353	śeṣāiti	āi	śeṣāiti	śeṣāiti	SOURCE_PRESENT	none	śeṣāiti
6_sastra/3_phil/buddh/vakobhau.txt	22255	parijñāstyajatyānupoūrvikaḥ	oū	parijñāstyajatyānupoūrvikaḥ	parijñāstyajatyānupoūrvikaḥ	SOURCE_PRESENT	none	parijñāstyajatyānupoūrvikaḥ
6_sastra/3_phil/buddh/vakobhau.txt	22591	pouonastenaiva	ou	pouonastenaiva	pouonastenaiva	SOURCE_PRESENT	none	pouonastenaiva
6_sastra/3_phil/buddh/vakobhau.txt	22591	pouonastenaiva	uo	pouonastenaiva	pouonastenaiva	SOURCE_PRESENT	none	pouonastenaiva
6_sastra/3_phil/buddh/vakobhau.txt	22601	saṃskāraviopariṇāmatāṃ	io	saṃskāraviopariṇāmatāṃ	saṃskāraviopariṇāmatāṃ	SOURCE_PRESENT	none	saṃskāraviopariṇāmatāṃ
6_sastra/3_phil/buddh/vakobhau.txt	22771	śālivādijātiprakārabhedenāṅkuroopapadanasya	oo	śālivādijātiprakārabhedenāṅkuroopapadanasya	śālivādijātiprakārabhedenāṅkuroopapadanasya	SOURCE_PRESENT	none	śālivādijātiprakārabhedenāṅkuroopapadanasya
6_sastra/3_phil/buddh/vakobhau.txt	22827	'poi	oi	'poi	'poi	SOURCE_PRESENT	none	'poi
6_sastra/3_phil/buddh/vakobhau.txt	23093	dhyāneṣui	ui	dhyāneṣui	dhyāneṣui	SOURCE_PRESENT	none	dhyāneṣui
6_sastra/3_phil/buddh/vakobhau.txt	23093	poounrdṛśyavastusaṃsthāne	oo	poounrdṛśyavastusaṃsthāne	poounrdṛśyavastusaṃsthāne	SOURCE_PRESENT	none	poounrdṛśyavastusaṃsthāne
6_sastra/3_phil/buddh/vakobhau.txt	23093	poounrdṛśyavastusaṃsthāne	ou	poounrdṛśyavastusaṃsthāne	poounrdṛśyavastusaṃsthāne	SOURCE_PRESENT	none	poounrdṛśyavastusaṃsthāne
6_sastra/3_phil/buddh/vakobhau.txt	23183	sarvaśarīravyāopina	āo	sarvaśarīravyāopina	sarvaśarīravyāopina	SOURCE_PRESENT	none	sarvaśarīravyāopina
6_sastra/3_phil/buddh/vakobhau.txt	23515	taccaitaccaturvidhamapoi	oi	taccaitaccaturvidhamapoi	taccaitaccaturvidhamapoi	SOURCE_PRESENT	none	taccaitaccaturvidhamapoi
6_sastra/3_phil/buddh/vakobhau.txt	23777	dharmajñānakṣānteranantaramatraia	ia	dharmajñānakṣānteranantaramatraia	dharmajñānakṣānteranantaramatraia	SOURCE_PRESENT	none	dharmajñānakṣānteranantaramatraia
6_sastra/3_phil/buddh/vakobhau.txt	23925	nāstyapoūrvaṃ	oū	nāstyapoūrvaṃ	nāstyapoūrvaṃ	SOURCE_PRESENT	none	nāstyapoūrvaṃ
6_sastra/3_phil/buddh/vakobhau.txt	24157	pounarubhayeṣveva	ou	pounarubhayeṣveva	pounarubhayeṣveva	SOURCE_PRESENT	none	pounarubhayeṣveva
6_sastra/3_phil/buddh/vakobhau.txt	24191	pounarnādhyāvasati	ou	pounarnādhyāvasati	pounarnādhyāvasati	SOURCE_PRESENT	none	pounarnādhyāvasati
6_sastra/3_phil/buddh/vakobhau.txt	24485	gatāopratyāgateśca	āo	gatāopratyāgateśca	gatāopratyāgateśca	SOURCE_PRESENT	none	gatāopratyāgateśca
6_sastra/3_phil/buddh/vakobhau.txt	24493	poāryāyikaṃ	oā	poāryāyikaṃ	poāryāyikaṃ	SOURCE_PRESENT	none	poāryāyikaṃ
6_sastra/3_phil/buddh/vakobhau.txt	24577	pounardhyānaṃ	ou	pounardhyānaṃ	pounardhyānaṃ	SOURCE_PRESENT	none	pounardhyānaṃ
6_sastra/3_phil/buddh/vakobhau.txt	24833	bhūmelaukikenāopi	āo	bhūmelaukikenāopi	bhūmelaukikenāopi	SOURCE_PRESENT	none	bhūmelaukikenāopi
6_sastra/3_phil/buddh/vakobhau.txt	24999	kia	ia	kia	kia	SOURCE_PRESENT	none	kia
6_sastra/3_phil/buddh/vakobhau.txt	25019	laukikāoptaṃ	āo	laukikāoptaṃ	laukikāoptaṃ	SOURCE_PRESENT	none	laukikāoptaṃ
6_sastra/3_phil/buddh/vakobhau.txt	25207	yāvadakoopyadharmatāṃ	oo	yāvadakoopyadharmatāṃ	yāvadakoopyadharmatāṃ	SOURCE_PRESENT	none	yāvadakoopyadharmatāṃ
6_sastra/3_phil/buddh/vakobhau.txt	25315	tasmādapyavastukāucyante	āu	tasmādapyavastukāucyante	tasmādapyavastukāucyante	SOURCE_PRESENT	none	tasmādapyavastukāucyante
6_sastra/3_phil/buddh/vakobhau.txt	25421	kāmarāgānuśayio	io	kāmarāgānuśayio	kāmarāgānuśayio	SOURCE_PRESENT	none	kāmarāgānuśayio
6_sastra/3_phil/buddh/vakobhau.txt	25509	yoi	oi	yoi	yoi	SOURCE_PRESENT	none	yoi
6_sastra/3_phil/buddh/vakobhau.txt	25607	dṛṣṭioprāptaḥ	io	dṛṣṭioprāptaḥ	dṛṣṭioprāptaḥ	SOURCE_PRESENT	none	dṛṣṭioprāptaḥ
6_sastra/3_phil/buddh/vakobhau.txt	25757	samatābhyāmayiatnavāhitvāt	ia	samatābhyāmayiatnavāhitvāt	samatābhyāmayiatnavāhitvāt	SOURCE_PRESENT	none	samatābhyāmayiatnavāhitvāt
6_sastra/3_phil/buddh/vakobhau.txt	25871	cchandacittayoirādhikyātsūtraṃ	oi	cchandacittayoirādhikyātsūtraṃ	cchandacittayoirādhikyātsūtraṃ	SOURCE_PRESENT	none	cchandacittayoirādhikyātsūtraṃ
6_sastra/3_phil/buddh/vakobhau.txt	26001	buddhatatsaṃghayiorapi	io	buddhatatsaṃghayiorapi	buddhatatsaṃghayiorapi	SOURCE_PRESENT	none	buddhatatsaṃghayiorapi
6_sastra/3_phil/buddh/vakobhau.txt	26397	pounaḥ	ou	pounaḥ	pounaḥ	SOURCE_PRESENT	none	pounaḥ
6_sastra/3_phil/buddh/vakobhau.txt	26407	jñāpiota	io	jñāpiota	jñāpiota	SOURCE_PRESENT	none	jñāpiota
6_sastra/3_phil/buddh/vakobhau.txt	26535	saṃyoiga	oi	saṃyoiga	saṃyoiga	SOURCE_PRESENT	none	saṃyoiga
6_sastra/3_phil/buddh/vakobhau.txt	26797	prādurbhāvayoigena	oi	prādurbhāvayoigena	prādurbhāvayoigena	SOURCE_PRESENT	none	prādurbhāvayoigena
6_sastra/3_phil/buddh/vakobhau.txt	27395	saṃvāṛtijñānamevānāgataṃ	āṛ	saṃvāṛtijñānamevānāgataṃ	saṃvāṛtijñānamevānāgataṃ	SOURCE_PRESENT	none	saṃvāṛtijñānamevānāgataṃ
6_sastra/3_phil/buddh/vakobhau.txt	28175	vikeiyete	ei	vikeiyete	vikeiyete	SOURCE_PRESENT	none	vikeiyete
6_sastra/3_phil/buddh/vakobhau.txt	28243	rūpadhātauityaṣṭavidhaṃ	ui			UNRESOLVED	none	rūpadhātauityaṣṭavidhaṃ
6_sastra/3_phil/buddh/vakobhau.txt	28411	tayiorviṣyaḥ	io	tayiorviṣyaḥ	tayiorviṣyaḥ	SOURCE_PRESENT	none	tayiorviṣyaḥ
6_sastra/3_phil/buddh/vakobhau.txt	30809	jīvastaccharīramanyio	io	jīvastaccharīramanyio	jīvastaccharīramanyio	SOURCE_PRESENT	none	jīvastaccharīramanyio
6_sastra/3_phil/buddh/vakobhau.txt	31291	yadviṣayio	io	yadviṣayio	yadviṣayio	SOURCE_PRESENT	none	yadviṣayio
6_sastra/3_phil/buddh/vakobhau.txt	31323	punastadeāyātaṃ	eā	punastadeāyātaṃ	punastadeāyātaṃ	SOURCE_PRESENT	none	punastadeāyātaṃ
6_sastra/3_phil/buddh/vakobhau.txt	31485	buddhādanyio	io	buddhādanyio	buddhādanyio	SOURCE_PRESENT	none	buddhādanyio
6_sastra/3_phil/nyaya/gaunys_u.txt	433	vyaktivādaavāntaraprakaraṇam	aa			UNRESOLVED	none	vyaktivādaavāntaraprakaraṇam
6_sastra/3_phil/nyaya/gaunys_u.txt	441	ākṛtivādaavāntaraprakaraṇam	aa			UNRESOLVED	none	ākṛtivādaavāntaraprakaraṇam
6_sastra/3_phil/nyaya/gaunys_u.txt	445	jātivādaavāntaraprakaraṇam	aa			UNRESOLVED	none	jātivādaavāntaraprakaraṇam
6_sastra/3_phil/nyaya/gaunys_u.txt	451	siddhāntavādaavāntaraprakaraṇam	aa			UNRESOLVED	none	siddhāntavādaavāntaraprakaraṇam
6_sastra/3_phil/nyaya/gaunys_u.txt	1065	aprāptipraṣaṅgapratidṛṛṣṭāntānutpattisaṃśayaprakaraṇahetvarthā	ṛṛ	aprāptipraṣaṅgapratidṛṛṣṭāntānutpattisaṃśayaprakaraṇahetvarthā	aprāptipraṣaṅgapratidṛṛṣṭāntānutpattisaṃśayaprakaraṇahetvarthā	SOURCE_PRESENT	none	aprāptipraṣaṅgapratidṛṛṣṭāntānutpattisaṃśayaprakaraṇahetvarthā
6_sastra/3_phil/nyaya/gaunys_u.txt	1065	pattyaviśeṣopapattyupalabdhyanupalabdhinityānityakaāryasamāḥ	aā	pattyaviśeṣopapattyupalabdhyanupalabdhinityānityakaāryasamāḥ	pattyaviśeṣopapattyupalabdhyanupalabdhinityānityakaāryasamāḥ	SOURCE_PRESENT	none	pattyaviśeṣopapattyupalabdhyanupalabdhinityānityakaāryasamāḥ
6_sastra/3_phil/nyaya/gaunys_u.txt	1133	uapapattisamaprakaraṇam	ua	uapapattisamaprakaraṇam	uapapattisamaprakaraṇam	SOURCE_PRESENT	none	uapapattisamaprakaraṇam
6_sastra/3_phil/nyaya/gaunys_u.txt	1137	uapapattikāraṇābhyaniñjānādapratiṣedhaḥ	ua	uapapattikāraṇābhyaniñjānādapratiṣedhaḥ	uapapattikāraṇābhyaniñjānādapratiṣedhaḥ	SOURCE_PRESENT	none	uapapattikāraṇābhyaniñjānādapratiṣedhaḥ
6_sastra/3_phil/saiva/tantralu.txt	1993	adhaūrdhvavibhāgena	aū			UNRESOLVED	none	adhaūrdhvavibhāgena
6_sastra/3_phil/saiva/tantralu.txt	4977	praharāharniśāmāsaṛtvabdaraviṣaṣṭigaḥ	aṛ	praharāharniśāmāsaṛtvabdaraviṣaṣṭigaḥ	praharāharniśāmāsaṛtvabdaraviṣaṣṭigaḥ	SOURCE_PRESENT	none	praharāharniśāmāsaṛtvabdaraviṣaṣṭigaḥ
6_sastra/3_phil/saiva/tantralu.txt	5347	eo	eo			UNRESOLVED	none	eo
6_sastra/3_phil/saiva/tantralu.txt	5347	aiau	ia			UNRESOLVED	none	aiau
6_sastra/3_phil/saiva/tantralu.txt	5719	viśvaniṣṭhiatiḥ	ia	viśvaniṣṭhiatiḥ	viśvaniṣṭhiatiḥ	SOURCE_PRESENT	none	viśvaniṣṭhiatiḥ
6_sastra/3_phil/saiva/tantralu.txt	6823	yenomāguhanīlabrahmaṛbhukṣakṛtākṛtādibhuvaneṣu	aṛ	yenomāguhanīlabrahmaṛbhukṣakṛtākṛtādibhuvaneṣu	yenomāguhanīlabrahmaṛbhukṣakṛtākṛtādibhuvaneṣu	SOURCE_PRESENT	none	yenomāguhanīlabrahmaṛbhukṣakṛtākṛtādibhuvaneṣu
6_sastra/3_phil/saiva/tantralu.txt	7913	bhūtavaiciatryaṃ	ia	bhūtavaiciatryaṃ	bhūtavaiciatryaṃ	SOURCE_PRESENT	none	bhūtavaiciatryaṃ
6_sastra/3_phil/saiva/tantralu.txt	10819	śaktermādhyasthyatāratamyavaśakramāat	āa	śaktermādhyasthyatāratamyavaśakramāat	śaktermādhyasthyatāratamyavaśakramāat	SOURCE_PRESENT	none	śaktermādhyasthyatāratamyavaśakramāat
6_sastra/3_phil/saiva/tantralu.txt	12733	bakavargaiā	iā			UNRESOLVED	none	bakavargaiā
6_sastra/3_phil/saiva/tantralu.txt	12745	eaikārau	ea	eaikārau	eaikārau	SOURCE_PRESENT	none	eaikārau
6_sastra/3_phil/saiva/tantralu.txt	13243	hṛnnābhīguhyaūrutaḥ	aū			UNRESOLVED	none	hṛnnābhīguhyaūrutaḥ
6_sastra/3_phil/saiva/tantralu.txt	18601	śvapacānapyathoddhareat	ea	śvapacānapyathoddhareat	śvapacānapyathoddhareat	SOURCE_PRESENT	none	śvapacānapyathoddhareat
6_sastra/3_phil/saiva/tantralu.txt	20197	illāīambayā	āī			UNRESOLVED	none	illāīambayā
6_sastra/3_phil/saiva/tantralu.txt	20197	illāīambayā	īa			UNRESOLVED	none	illāīambayā
6_sastra/3_phil/saiva/tantralu.txt	20201	illāīambayā	āī			UNRESOLVED	none	illāīambayā
6_sastra/3_phil/saiva/tantralu.txt	20201	illāīambayā	īa			UNRESOLVED	none	illāīambayā
6_sastra/3_phil/saiva/tantralu.txt	20205	kullāīambayā	āī			UNRESOLVED	none	kullāīambayā
6_sastra/3_phil/saiva/tantralu.txt	20205	kullāīambayā	īa			UNRESOLVED	none	kullāīambayā
6_sastra/3_phil/saiva/tantralu.txt	20215	sillāī	āī			UNRESOLVED	none	sillāī
6_sastra/3_phil/saiva/tantralu.txt	20215	bodhāī	āī			UNRESOLVED	none	bodhāī
6_sastra/3_phil/saiva/tantralu.txt	21461	yogeśvaṛ	aṛ	yogeśvaṛ	yogeśvaṛ	SOURCE_PRESENT	none	yogeśvaṛ
6_sastra/3_phil/saiva/tantralu.txt	21885	pīṭhavīthībahiarbhūmikaṇṭhakarṇakapolataḥ	ia	pīṭhavīthībahiarbhūmikaṇṭhakarṇakapolataḥ	pīṭhavīthībahiarbhūmikaṇṭhakarṇakapolataḥ	SOURCE_PRESENT	none	pīṭhavīthībahiarbhūmikaṇṭhakarṇakapolataḥ
6_sastra/3_phil/saiva/tantralu.txt	22315	vahnīṣuṛṣimadhyācca	uṛ	vahnīṣuṛṣimadhyācca	vahnīṣuṛṣimadhyācca	SOURCE_PRESENT	none	vahnīṣuṛṣimadhyācca
6_sastra/3_phil/samkhya/isvskaru.txt	117	sāmānyakaṛaṇavṛttiḥ	aṛ	sāmānyakaṛaṇavṛttiḥ	sāmānyakaṛaṇavṛttiḥ	SOURCE_PRESENT	none	sāmānyakaṛaṇavṛttiḥ
6_sastra/3_phil/samkhya/isvskaru.txt	117	sāmānyakaṛaṇavṛttiḥ	ṛa	sāmānyakaṛaṇavṛttiḥ	sāmānyakaṛaṇavṛttiḥ	SOURCE_PRESENT	none	sāmānyakaṛaṇavṛttiḥ
6_sastra/3_phil/samkhya/isvskaru.txt	283	iiśvarakṛṣṇena	ii	iiśvarakṛṣṇena	iiśvarakṛṣṇena	SOURCE_PRESENT	none	iiśvarakṛṣṇena
6_sastra/3_phil/vaisesik/vaissu1u.txt	659	bhojayāinam	āi	bhojayāinam	bhojayāinam	SOURCE_PRESENT	none	bhojayāinam
6_sastra/3_phil/vedanta/gaukarpu.txt	25	cetoaṃśūn	oa	cetoaṃśūn	cetoaṃśūn	SOURCE_PRESENT	none	cetoaṃśūn
6_sastra/3_phil/vedanta/gaukarpu.txt	747	anyoanyadṛśye	oa	anyoanyadṛśye	anyoanyadṛśye	SOURCE_PRESENT	none	anyoanyadṛśye
6_sastra/3_phil/vedanta/samkupad_u.txt	1425	manaādisamādhānaṃ	aā	manaādisamādhānaṃ	manaādisamādhānaṃ	SOURCE_PRESENT	none	manaādisamādhānaṃ
6_sastra/3_phil/vedanta/yamgaspu.txt	93	parāikāntyaprītyā	āi	parāikāntyaprītyā	parāikāntyaprītyā	SOURCE_PRESENT	none	parāikāntyaprītyā
6_sastra/3_phil/vedanta/yamgaspu.txt	99	ātmaṛṣṭes	aṛ	ātmaṛṣṭes	ātmaṛṣṭes	SOURCE_PRESENT	none	ātmaṛṣṭes
6_sastra/3_phil/vedanta/yamgaspu.txt	105	samagrāiśvaryasādhanam	āi	samagrāiśvaryasādhanam	samagrāiśvaryasādhanam	SOURCE_PRESENT	none	samagrāiśvaryasādhanam
6_sastra/3_phil/vedanta/yamis_pu.txt	21	siddhāuṣadhamantratapaḥsamādhimahimasamāsāditātiśayānīndriyāṇi	āu	siddhāuṣadhamantratapaḥsamādhimahimasamāsāditātiśayānīndriyāṇi	siddhāuṣadhamantratapaḥsamādhimahimasamāsāditātiśayānīndriyāṇi	SOURCE_PRESENT	none	siddhāuṣadhamantratapaḥsamādhimahimasamāsāditātiśayānīndriyāṇi
6_sastra/3_phil/vedanta/yamis_pu.txt	23	viśvānubhavāiśvaryaśālini	āi	viśvānubhavāiśvaryaśālini	viśvānubhavāiśvaryaśālini	SOURCE_PRESENT	none	viśvānubhavāiśvaryaśālini
6_sastra/3_phil/vedanta/yamis_pu.txt	69	abhimatapuruṣasārvajñyasarvāiśvaryādiviparyayasādhanādiviruddhaḥ	āi	abhimatapuruṣasārvajñyasarvāiśvaryādiviparyayasādhanādiviruddhaḥ	abhimatapuruṣasārvajñyasarvāiśvaryādiviparyayasādhanādiviruddhaḥ	SOURCE_PRESENT	none	abhimatapuruṣasārvajñyasarvāiśvaryādiviparyayasādhanādiviruddhaḥ
6_sastra/3_phil/vedanta/yamis_pu.txt	109	dehasyādhiṣṭhātṛdaśaanupraveśo	aa			UNRESOLVED	none	dehasyādhiṣṭhātṛdaśaanupraveśo
6_sastra/3_phil/vedanta/yamis_pu.txt	111	aparimitajñānāiśvaryaśaktiḥ	āi	aparimitajñānāiśvaryaśaktiḥ	aparimitajñānāiśvaryaśaktiḥ	SOURCE_PRESENT	none	aparimitajñānāiśvaryaśaktiḥ
6_sastra/3_phil/vedanta/yamss_pu.txt	261	sarvasāaṅkaryaṃ	āa	sarvasāaṅkaryaṃ	sarvasāaṅkaryaṃ	SOURCE_PRESENT	none	sarvasāaṅkaryaṃ
6_sastra/3_phil/yoga/hathyopu.txt	677	yogīndrāṇīam	īa			UNRESOLVED	none	yogīndrāṇīam
6_sastra/4_dharma/smrti/brhasppu.txt	363	tāūbhau	āū	tāūbhau	tāūbhau	SOURCE_PRESENT	none	tāūbhau
6_sastra/4_dharma/smrti/brhasppu.txt	979	ahaṃpūurvikayā	ūu	ahaṃpūurvikayā	ahaṃpūurvikayā	SOURCE_PRESENT	none	ahaṃpūurvikayā
6_sastra/4_dharma/smrti/brhasppu.txt	1101	mānuṣīi	īi	mānuṣīi	mānuṣīi	SOURCE_PRESENT	none	mānuṣīi
6_sastra/4_dharma/smrti/brhasppu.txt	1399	saṃviddāsaṛṇādibhiḥ	aṛ	saṃviddāsaṛṇādibhiḥ	saṃviddāsaṛṇādibhiḥ	SOURCE_PRESENT	none	saṃviddāsaṛṇādibhiḥ
6_sastra/4_dharma/smrti/brhasppu.txt	1595	tallekhyaniṛṇayaḥ	iṛ	tallekhyaniṛṇayaḥ	tallekhyaniṛṇayaḥ	SOURCE_PRESENT	none	tallekhyaniṛṇayaḥ
6_sastra/4_dharma/smrti/brhasppu.txt	2139	iṣūun	ūu	iṣūun	iṣūun	SOURCE_PRESENT	none	iṣūun
6_sastra/4_dharma/smrti/brhasppu.txt	2483	tribhāgoanair	oa	tribhāgoanair	tribhāgoanair	SOURCE_PRESENT	none	tribhāgoanair
6_sastra/4_dharma/smrti/brhasppu.txt	2839	pitṛaṃśaṃ	ṛa	pitṛaṃśaṃ	pitṛaṃśaṃ	SOURCE_PRESENT	none	pitṛaṃśaṃ
6_sastra/4_dharma/smrti/brhasppu.txt	4537	patrārūḍhaṛṇe	aṛ	patrārūḍhaṛṇe	patrārūḍhaṛṇe	SOURCE_PRESENT	none	patrārūḍhaṛṇe
6_sastra/4_dharma/smrti/brhasppu.txt	4579	vastrālaṃkāraśayyāi	āi	vastrālaṃkāraśayyāi	vastrālaṃkāraśayyāi	SOURCE_PRESENT	none	vastrālaṃkāraśayyāi
6_sastra/4_dharma/smrti/brhasppu.txt	4741	bhartṛaṃśaṃ	ṛa	bhartṛaṃśaṃ	bhartṛaṃśaṃ	SOURCE_PRESENT	none	bhartṛaṃśaṃ
6_sastra/4_dharma/smrti/brhasppu.txt	4895	sādhāraṇaṛṇanyāsa	aṛ	sādhāraṇaṛṇanyāsa	sādhāraṇaṛṇanyāsa	SOURCE_PRESENT	none	sādhāraṇaṛṇanyāsa
6_sastra/4_dharma/smrti/katy2p_u.txt	1089	abhiyoktṛabhiyuktānāṃ	ṛa	abhiyoktṛabhiyuktānāṃ	abhiyoktṛabhiyuktānāṃ	SOURCE_PRESENT	none	abhiyoktṛabhiyuktānāṃ
6_sastra/4_dharma/smrti/katy2p_u.txt	1109	anyavādīādihīnebhya	īā	anyavādīādihīnebhya	anyavādīādihīnebhya	SOURCE_PRESENT	none	anyavādīādihīnebhya
6_sastra/4_dharma/smrti/katy2p_u.txt	2163	nānāṛṇasamavāye	āṛ	nānāṛṇasamavāye	nānāṛṇasamavāye	SOURCE_PRESENT	none	nānāṛṇasamavāye
6_sastra/4_dharma/smrti/katy2p_u.txt	2267	pitṛaṃśaṃ	ṛa	pitṛaṃśaṃ	pitṛaṃśaṃ	SOURCE_PRESENT	none	pitṛaṃśaṃ
6_sastra/4_dharma/smrti/katy2p_u.txt	2311	vidyamāneapi	ea	vidyamāneapi	vidyamāneapi	SOURCE_PRESENT	none	vidyamāneapi
6_sastra/4_dharma/smrti/katy2p_u.txt	3161	guruācāryanṛpādīnāṃ	uā	guruācāryanṛpādīnāṃ	guruācāryanṛpādīnāṃ	SOURCE_PRESENT	none	guruācāryanṛpādīnāṃ
6_sastra/4_dharma/smrti/katy2p_u.txt	3259	hetuādibhir	uā	hetuādibhir	hetuādibhir	SOURCE_PRESENT	none	hetuādibhir
6_sastra/4_dharma/smrti/katy2p_u.txt	3887	bhartṛaṃśaṃ	ṛa	bhartṛaṃśaṃ	bhartṛaṃśaṃ	SOURCE_PRESENT	none	bhartṛaṃśaṃ
6_sastra/4_dharma/smrti/manu2p_u.txt	655	pailavāudumbarau	āu	pailavāudumbarau	pailavāudumbarau	SOURCE_PRESENT	none	pailavāudumbarau
6_sastra/4_dharma/smrti/manu2p_u.txt	1753	mahāayajñān	āa	mahāayajñān	mahāayajñān	SOURCE_PRESENT	none	mahāayajñān
6_sastra/4_dharma/smrti/manu2p_u.txt	3389	plavenāupalena	āu	plavenāupalena	plavenāupalena	SOURCE_PRESENT	none	plavenāupalena
6_sastra/4_dharma/smrti/manu2p_u.txt	4381	sthalajāudakaśākāni	āu	sthalajāudakaśākāni	sthalajāudakaśākāni	SOURCE_PRESENT	none	sthalajāudakaśākāni
6_sastra/4_dharma/smrti/manu2p_u.txt	4447	cāupaniṣadīr	āu	cāupaniṣadīr	cāupaniṣadīr	SOURCE_PRESENT	none	cāupaniṣadīr
6_sastra/4_dharma/smrti/manu2p_u.txt	5263	ivāurasam	āu	ivāurasam	ivāurasam	SOURCE_PRESENT	none	ivāurasam
6_sastra/4_dharma/smrti/manu2p_u.txt	7555	prajepsitāādhigantavyā	āā	prajepsitāādhigantavyā	prajepsitāādhigantavyā	SOURCE_PRESENT	none	prajepsitāādhigantavyā
6_sastra/4_dharma/smrti/manu2p_u.txt	7641	'dhivedyāabde	āa			UNRESOLVED	none	'dhivedyāabde
6_sastra/4_dharma/smrti/manu2p_u.txt	7897	yathāurasaḥ	āu	yathāurasaḥ	yathāurasaḥ	SOURCE_PRESENT	none	yathāurasaḥ
6_sastra/4_dharma/smrti/manu2p_u.txt	7919	viprasyāuddhārikaṃ	āu	viprasyāuddhārikaṃ	viprasyāuddhārikaṃ	SOURCE_PRESENT	none	viprasyāuddhārikaṃ
6_sastra/4_dharma/smrti/manu2p_u.txt	7969	evāurasaḥ	āu	evāurasaḥ	evāurasaḥ	SOURCE_PRESENT	none	evāurasaḥ
6_sastra/4_dharma/smrti/manu2p_u.txt	8349	cāupadhikā	āu	cāupadhikā	cāupadhikā	SOURCE_PRESENT	none	cāupadhikā
6_sastra/4_dharma/smrti/manu2p_u.txt	9249	tathāaiva	āa	tathāaiva	tathāaiva	SOURCE_PRESENT	none	tathāaiva
6_sastra/4_dharma/smrti/nars2_pu.txt	1787	cīṛṇāḥ	īṛ	cīṛṇāḥ	cīṛṇāḥ	SOURCE_PRESENT	none	cīṛṇāḥ
6_sastra/4_dharma/smrti/pars2_pu.txt	799	vṛkajambūkaṛkṣāṇāṃ	aṛ	vṛkajambūkaṛkṣāṇāṃ	vṛkajambūkaṛkṣāṇāṃ	SOURCE_PRESENT	none	vṛkajambūkaṛkṣāṇāṃ
6_sastra/4_dharma/smrti/pars2_pu.txt	2135	caaivānadhīyānāḥ	aa	caaivānadhīyānāḥ	caaivānadhīyānāḥ	SOURCE_PRESENT	none	caaivānadhīyānāḥ
6_sastra/4_dharma/smrti/visnu_pu.txt	605	hīnavarṇākṛośane	ṛo	hīnavarṇākṛośane	hīnavarṇākṛośane	SOURCE_PRESENT	none	hīnavarṇākṛośane
6_sastra/4_dharma/smrti/visnu_pu.txt	1077	yatraṛṇī	aṛ			UNRESOLVED	none	yatraṛṇī
6_sastra/4_dharma/smrti/visnu_pu.txt	2683	naṛtvantaragrahasūtake	aṛ			UNRESOLVED	none	naṛtvantaragrahasūtake
6_sastra/4_dharma/smrti/visnu_pu.txt	2961	devarṣipitṛṛṇānām	ṛṛ	devarṣipitṛṛṇānām	devarṣipitṛṛṇānām	SOURCE_PRESENT	none	devarṣipitṛṛṇānām
6_sastra/4_dharma/smrti/visnu_pu.txt	3653	goajāmahiṣīvarjaṃ	oa	goajāmahiṣīvarjaṃ	goajāmahiṣīvarjaṃ	SOURCE_PRESENT	none	goajāmahiṣīvarjaṃ
6_sastra/4_dharma/smrti/visnu_pu.txt	4451	kṛtamalāpakaṛṣo	aṛ	kṛtamalāpakaṛṣo	kṛtamalāpakaṛṣo	SOURCE_PRESENT	none	kṛtamalāpakaṛṣo
6_sastra/4_dharma/smrti/visnu_pu.txt	5025	kṛīḍet	ṛī	kṛīḍet	kṛīḍet	SOURCE_PRESENT	none	kṛīḍet
6_sastra/4_dharma/smrti/visnu_pu.txt	5307	sāubhāgyaṃ	āu	sāubhāgyaṃ	sāubhāgyaṃ	SOURCE_PRESENT	none	sāubhāgyaṃ
6_sastra/4_dharma/smrti/yajn2_pu.txt	863	devātithiarcanakṛte	ia	devātithiarcanakṛte	devātithiarcanakṛte	SOURCE_PRESENT	none	devātithiarcanakṛte
6_sastra/4_dharma/smrti/yajn2_pu.txt	1111	sarvāuṣadhaiḥ	āu	sarvāuṣadhaiḥ	sarvāuṣadhaiḥ	SOURCE_PRESENT	none	sarvāuṣadhaiḥ
6_sastra/4_dharma/smrti/yajn2_pu.txt	2767	ācāryapitṛupādhyāyān	ṛu	ācāryapitṛupādhyāyān	ācāryapitṛupādhyāyān	SOURCE_PRESENT	none	ācāryapitṛupādhyāyān
6_sastra/4_dharma/smrti/yajn2_pu.txt	2777	vaitānāupāsanāḥ	āu	vaitānāupāsanāḥ	vaitānāupāsanāḥ	SOURCE_PRESENT	none	vaitānāupāsanāḥ
6_sastra/4_dharma/smrti/yajn2_pu.txt	3667	strīhiṃsāuṣadhajīvanam	āu	strīhiṃsāuṣadhajīvanam	strīhiṃsāuṣadhajīvanam	SOURCE_PRESENT	none	strīhiṃsāuṣadhajīvanam
6_sastra/4_dharma/sutra/apastd_u.txt	1	athaatas	aa			UNRESOLVED	none	athaatas
6_sastra/4_dharma/sutra/apastd_u.txt	16	caavidvān	aa			UNRESOLVED	none	caavidvān
6_sastra/4_dharma/sutra/apastd_u.txt	20	caeva	ae			UNRESOLVED	none	caeva
6_sastra/4_dharma/sutra/apastd_u.txt	38	brāhmaṇasyaanātyaya	aa			UNRESOLVED	none	brāhmaṇasyaanātyaya
6_sastra/4_dharma/sutra/apastd_u.txt	38	kṣatriyasyaā	aā			UNRESOLVED	none	kṣatriyasyaā
6_sastra/4_dharma/sutra/apastd_u.txt	60	pavitreṇaāṅgiraseṇaiti	aā			UNRESOLVED	none	pavitreṇaāṅgiraseṇaiti
6_sastra/4_dharma/sutra/apastd_u.txt	72	naadhyāpanam	aa			UNRESOLVED	none	naadhyāpanam
6_sastra/4_dharma/sutra/apastd_u.txt	78	upetasyaācārya	aā			UNRESOLVED	none	upetasyaācārya
6_sastra/4_dharma/sutra/apastd_u.txt	110	naapsu	aa			UNRESOLVED	none	naapsu
6_sastra/4_dharma/sutra/apastd_u.txt	121	avarṇasaṃyogenaeke	ae			UNRESOLVED	none	avarṇasaṃyogenaeke
6_sastra/4_dharma/sutra/apastd_u.txt	127	caeke	ae			UNRESOLVED	none	caeke
6_sastra/4_dharma/sutra/apastd_u.txt	135	stṛṛ	ṛṛ	stṛṛ	stṛṛ	SOURCE_PRESENT	none	stṛṛ
6_sastra/4_dharma/sutra/apastd_u.txt	148	caagantā	aa			UNRESOLVED	none	caagantā
6_sastra/4_dharma/sutra/apastd_u.txt	160	anyatraapapātrebhyo	aa			UNRESOLVED	none	anyatraapapātrebhyo
6_sastra/4_dharma/sutra/apastd_u.txt	164	haeṣv	ae			UNRESOLVED	none	haeṣv
6_sastra/4_dharma/sutra/apastd_u.txt	166	naanumānena	aa			UNRESOLVED	none	naanumānena
6_sastra/4_dharma/sutra/apastd_u.txt	182	naātma	aā			UNRESOLVED	none	naātma
6_sastra/4_dharma/sutra/apastd_u.txt	198	tatraācāryo	aā			UNRESOLVED	none	tatraācāryo
6_sastra/4_dharma/sutra/apastd_u.txt	212	caasmai	aa			UNRESOLVED	none	caasmai
6_sastra/4_dharma/sutra/apastd_u.txt	214	māṃsāniiti	ii			UNRESOLVED	none	māṃsāniiti
6_sastra/4_dharma/sutra/apastd_u.txt	216	etenaanye	aa			UNRESOLVED	none	etenaanye
6_sastra/4_dharma/sutra/apastd_u.txt	220	caapi	aa			UNRESOLVED	none	caapi
6_sastra/4_dharma/sutra/apastd_u.txt	230	sadāāraṇyād	āā			UNRESOLVED	none	sadāāraṇyād
6_sastra/4_dharma/sutra/apastd_u.txt	236	evaagni	aa			UNRESOLVED	none	evaagni
6_sastra/4_dharma/sutra/apastd_u.txt	236	pūjāity	āi			UNRESOLVED	none	pūjāity
6_sastra/4_dharma/sutra/apastd_u.txt	242	naagni	aa			UNRESOLVED	none	naagni
6_sastra/4_dharma/sutra/apastd_u.txt	248	athaahar	aa			UNRESOLVED	none	athaahar
6_sastra/4_dharma/sutra/apastd_u.txt	258	atraevaasya	ae			UNRESOLVED	none	atraevaasya
6_sastra/4_dharma/sutra/apastd_u.txt	258	atraevaasya	aa			UNRESOLVED	none	atraevaasya
6_sastra/4_dharma/sutra/apastd_u.txt	262	sahaapatyād	aa			UNRESOLVED	none	sahaapatyād
6_sastra/4_dharma/sutra/apastd_u.txt	272	tathāeva	āe			UNRESOLVED	none	tathāeva
6_sastra/4_dharma/sutra/apastd_u.txt	272	bhavatiity	ii			UNRESOLVED	none	bhavatiity
6_sastra/4_dharma/sutra/apastd_u.txt	294	sadāevaabhivādanam	āe			UNRESOLVED	none	sadāevaabhivādanam
6_sastra/4_dharma/sutra/apastd_u.txt	294	sadāevaabhivādanam	aa			UNRESOLVED	none	sadāevaabhivādanam
6_sastra/4_dharma/sutra/apastd_u.txt	306	caanadhyāye	aa			UNRESOLVED	none	caanadhyāye
6_sastra/4_dharma/sutra/apastd_u.txt	314	caenam	ae			UNRESOLVED	none	caenam
6_sastra/4_dharma/sutra/apastd_u.txt	318	caasya	aa			UNRESOLVED	none	caasya
6_sastra/4_dharma/sutra/apastd_u.txt	330	ivaācāryam	aā			UNRESOLVED	none	ivaācāryam
6_sastra/4_dharma/sutra/apastd_u.txt	356	caasya	aa			UNRESOLVED	none	caasya
6_sastra/4_dharma/sutra/apastd_u.txt	360	caenaṃ	ae			UNRESOLVED	none	caenaṃ
6_sastra/4_dharma/sutra/apastd_u.txt	370	caasya	aa			UNRESOLVED	none	caasya
6_sastra/4_dharma/sutra/apastd_u.txt	392	naakāraṇād	aa			UNRESOLVED	none	naakāraṇād
6_sastra/4_dharma/sutra/apastd_u.txt	396	asyaācāryā	aā			UNRESOLVED	none	asyaācāryā
6_sastra/4_dharma/sutra/apastd_u.txt	410	vāācārya	āā			UNRESOLVED	none	vāācārya
6_sastra/4_dharma/sutra/apastd_u.txt	410	arthasyaāharaṇaṃ	aā			UNRESOLVED	none	arthasyaāharaṇaṃ
6_sastra/4_dharma/sutra/apastd_u.txt	420	caanāgamād	aa			UNRESOLVED	none	caanāgamād
6_sastra/4_dharma/sutra/apastd_u.txt	422	caācāryavad	aā			UNRESOLVED	none	caācāryavad
6_sastra/4_dharma/sutra/apastd_u.txt	436	caasyaetāni	aa			UNRESOLVED	none	caasyaetāni
6_sastra/4_dharma/sutra/apastd_u.txt	436	caasyaetāni	ae			UNRESOLVED	none	caasyaetāni
6_sastra/4_dharma/sutra/apastd_u.txt	440	avalekhanāniiti	ii			UNRESOLVED	none	avalekhanāniiti
6_sastra/4_dharma/sutra/apastd_u.txt	442	saṃyogenaācāryaḥ	aā			UNRESOLVED	none	saṃyogenaācāryaḥ
6_sastra/4_dharma/sutra/apastd_u.txt	454	naanabhibhāṣito	aa			UNRESOLVED	none	naanabhibhāṣito
6_sastra/4_dharma/sutra/apastd_u.txt	456	preṣaṇāniiti	ii			UNRESOLVED	none	preṣaṇāniiti
6_sastra/4_dharma/sutra/apastd_u.txt	466	caasya	aa			UNRESOLVED	none	caasya
6_sastra/4_dharma/sutra/apastd_u.txt	468	caācārya	aā			UNRESOLVED	none	caācārya
6_sastra/4_dharma/sutra/apastd_u.txt	468	prakṣālanāniiti	ii			UNRESOLVED	none	prakṣālanāniiti
6_sastra/4_dharma/sutra/apastd_u.txt	472	ivaenam	ae			UNRESOLVED	none	ivaenam
6_sastra/4_dharma/sutra/apastd_u.txt	474	caenam	ae			UNRESOLVED	none	caenam
6_sastra/4_dharma/sutra/apastd_u.txt	474	vighnenaātma	aā			UNRESOLVED	none	vighnenaātma
6_sastra/4_dharma/sutra/apastd_u.txt	480	caenaṃ	ae			UNRESOLVED	none	caenaṃ
6_sastra/4_dharma/sutra/apastd_u.txt	498	naanadhyāyaḥ	aa			UNRESOLVED	none	naanadhyāyaḥ
6_sastra/4_dharma/sutra/apastd_u.txt	506	evaanadhyāyaḥ	aa			UNRESOLVED	none	evaanadhyāyaḥ
6_sastra/4_dharma/sutra/apastd_u.txt	508	tathāanyasyāṃ	āa			UNRESOLVED	none	tathāanyasyāṃ
6_sastra/4_dharma/sutra/apastd_u.txt	510	brāhmaṇenaeva	ae			UNRESOLVED	none	brāhmaṇenaeva
6_sastra/4_dharma/sutra/apastd_u.txt	518	caaraṇye	aa			UNRESOLVED	none	caaraṇye
6_sastra/4_dharma/sutra/apastd_u.txt	534	caavarodhe	aa			UNRESOLVED	none	caavarodhe
6_sastra/4_dharma/sutra/apastd_u.txt	556	athaapi	aa			UNRESOLVED	none	athaapi
6_sastra/4_dharma/sutra/apastd_u.txt	556	tasyaetad	ae			UNRESOLVED	none	tasyaetad
6_sastra/4_dharma/sutra/apastd_u.txt	556	yacśikhāiti	āi			UNRESOLVED	none	yacśikhāiti
6_sastra/4_dharma/sutra/apastd_u.txt	564	brahmacāriṇiity	ii			UNRESOLVED	none	brahmacāriṇiity
6_sastra/4_dharma/sutra/apastd_u.txt	576	yatraanyo	aa			UNRESOLVED	none	yatraanyo
6_sastra/4_dharma/sutra/apastd_u.txt	596	caannaṃ	aa			UNRESOLVED	none	caannaṃ
6_sastra/4_dharma/sutra/apastd_u.txt	602	caamātṛkasya	aa			UNRESOLVED	none	caamātṛkasya
6_sastra/4_dharma/sutra/apastd_u.txt	604	caapitṛkasya	aa			UNRESOLVED	none	caapitṛkasya
6_sastra/4_dharma/sutra/apastd_u.txt	608	naanadhyāyāḥ	aa			UNRESOLVED	none	naanadhyāyāḥ
6_sastra/4_dharma/sutra/apastd_u.txt	610	tathāoṣadhi	āo			UNRESOLVED	none	tathāoṣadhi
6_sastra/4_dharma/sutra/apastd_u.txt	612	caanuvākyaṃ	aa			UNRESOLVED	none	caanuvākyaṃ
6_sastra/4_dharma/sutra/apastd_u.txt	642	caavidhinā	aa			UNRESOLVED	none	caavidhinā
6_sastra/4_dharma/sutra/apastd_u.txt	648	caanadhyāye	aa			UNRESOLVED	none	caanadhyāye
6_sastra/4_dharma/sutra/apastd_u.txt	650	caabhyagrāyāṃ	aa			UNRESOLVED	none	caabhyagrāyāṃ
6_sastra/4_dharma/sutra/apastd_u.txt	652	evaeke	ae			UNRESOLVED	none	evaeke
6_sastra/4_dharma/sutra/apastd_u.txt	654	caapartau	aa			UNRESOLVED	none	caapartau
6_sastra/4_dharma/sutra/apastd_u.txt	656	vyudakāity	āi			UNRESOLVED	none	vyudakāity
6_sastra/4_dharma/sutra/apastd_u.txt	658	vāeteṣām	āe			UNRESOLVED	none	vāeteṣām
6_sastra/4_dharma/sutra/apastd_u.txt	662	caapartau	aa			UNRESOLVED	none	caapartau
6_sastra/4_dharma/sutra/apastd_u.txt	668	caaraṇye	aa			UNRESOLVED	none	caaraṇye
6_sastra/4_dharma/sutra/apastd_u.txt	670	caapartau	aa			UNRESOLVED	none	caapartau
6_sastra/4_dharma/sutra/apastd_u.txt	682	athaapi	aa			UNRESOLVED	none	athaapi
6_sastra/4_dharma/sutra/apastd_u.txt	682	tasyaete	ae			UNRESOLVED	none	tasyaete
6_sastra/4_dharma/sutra/apastd_u.txt	682	adhīyītaeva	ae			UNRESOLVED	none	adhīyītaeva
6_sastra/4_dharma/sutra/apastd_u.txt	686	vāekāṃ	āe			UNRESOLVED	none	vāekāṃ
6_sastra/4_dharma/sutra/apastd_u.txt	686	vāṛcam	āṛ			UNRESOLVED	none	vāṛcam
6_sastra/4_dharma/sutra/apastd_u.txt	686	juhomiiti	ii			UNRESOLVED	none	juhomiiti
6_sastra/4_dharma/sutra/apastd_u.txt	686	vāetat	āe			UNRESOLVED	none	vāetat
6_sastra/4_dharma/sutra/apastd_u.txt	704	sattrāṇiiti	ii			UNRESOLVED	none	sattrāṇiiti
6_sastra/4_dharma/sutra/apastd_u.txt	708	āuda	āu			UNRESOLVED	none	āuda
6_sastra/4_dharma/sutra/apastd_u.txt	718	caanyāṃ	aa			UNRESOLVED	none	caanyāṃ
6_sastra/4_dharma/sutra/apastd_u.txt	718	kṛtvāevaṃ	āe			UNRESOLVED	none	kṛtvāevaṃ
6_sastra/4_dharma/sutra/apastd_u.txt	720	caetad	ae			UNRESOLVED	none	caetad
6_sastra/4_dharma/sutra/apastd_u.txt	724	naasamayena	aa			UNRESOLVED	none	naasamayena
6_sastra/4_dharma/sutra/apastd_u.txt	744	akurviiti	ii			UNRESOLVED	none	akurviiti
6_sastra/4_dharma/sutra/apastd_u.txt	752	caanyad	aa			UNRESOLVED	none	caanyad
6_sastra/4_dharma/sutra/apastd_u.txt	754	caenaṃ	ae			UNRESOLVED	none	caenaṃ
6_sastra/4_dharma/sutra/apastd_u.txt	756	caasmin	aa			UNRESOLVED	none	caasmin
6_sastra/4_dharma/sutra/apastd_u.txt	778	gatāyaagurave	aa			UNRESOLVED	none	gatāyaagurave
6_sastra/4_dharma/sutra/apastd_u.txt	780	vāabhivādayīta	āa			UNRESOLVED	none	vāabhivādayīta
6_sastra/4_dharma/sutra/apastd_u.txt	782	pratyutthāyaabhivādanam	aa			UNRESOLVED	none	pratyutthāyaabhivādanam
6_sastra/4_dharma/sutra/apastd_u.txt	786	tathāaprayatāya	āa			UNRESOLVED	none	tathāaprayatāya
6_sastra/4_dharma/sutra/apastd_u.txt	808	naasaṃbhāṣya	aa			UNRESOLVED	none	naasaṃbhāṣya
6_sastra/4_dharma/sutra/apastd_u.txt	822	caakāraṇāt	aa			UNRESOLVED	none	caakāraṇāt
6_sastra/4_dharma/sutra/apastd_u.txt	824	udyamyaapa	aa			UNRESOLVED	none	udyamyaapa
6_sastra/4_dharma/sutra/apastd_u.txt	828	naapsu	aa			UNRESOLVED	none	naapsu
6_sastra/4_dharma/sutra/apastd_u.txt	842	caācamya	aā			UNRESOLVED	none	caācamya
6_sastra/4_dharma/sutra/apastd_u.txt	844	naaprayata	aa			UNRESOLVED	none	naaprayata
6_sastra/4_dharma/sutra/apastd_u.txt	848	caenam	ae			UNRESOLVED	none	caenam
6_sastra/4_dharma/sutra/apastd_u.txt	852	yatraātma	aā			UNRESOLVED	none	yatraātma
6_sastra/4_dharma/sutra/apastd_u.txt	866	athaapa	aa			UNRESOLVED	none	athaapa
6_sastra/4_dharma/sutra/apastd_u.txt	878	caālambhe	aā			UNRESOLVED	none	caālambhe
6_sastra/4_dharma/sutra/apastd_u.txt	878	gatvāamedhyaṃ	āa			UNRESOLVED	none	gatvāamedhyaṃ
6_sastra/4_dharma/sutra/apastd_u.txt	878	paridhāyaapa	aa			UNRESOLVED	none	paridhāyaapa
6_sastra/4_dharma/sutra/apastd_u.txt	882	arthenaasinā	aa			UNRESOLVED	none	arthenaasinā
6_sastra/4_dharma/sutra/apastd_u.txt	886	tatraanirdaśe	aa			UNRESOLVED	none	tatraanirdaśe
6_sastra/4_dharma/sutra/apastd_u.txt	888	tathāanutthitāyāṃ	āa			UNRESOLVED	none	tathāanutthitāyāṃ
6_sastra/4_dharma/sutra/apastd_u.txt	896	caanne	aa			UNRESOLVED	none	caanne
6_sastra/4_dharma/sutra/apastd_u.txt	898	vāamedhyam	āa			UNRESOLVED	none	vāamedhyam
6_sastra/4_dharma/sutra/apastd_u.txt	902	vāamedhya	āa			UNRESOLVED	none	vāamedhya
6_sastra/4_dharma/sutra/apastd_u.txt	910	vāapapātreṇa	āa			UNRESOLVED	none	vāapapātreṇa
6_sastra/4_dharma/sutra/apastd_u.txt	924	yatraannaṃ	aa			UNRESOLVED	none	yatraannaṃ
6_sastra/4_dharma/sutra/apastd_u.txt	926	vāamedhyaiḥ	āa			UNRESOLVED	none	vāamedhyaiḥ
6_sastra/4_dharma/sutra/apastd_u.txt	946	lavaṇāniiti	ii			UNRESOLVED	none	lavaṇāniiti
6_sastra/4_dharma/sutra/apastd_u.txt	954	caapara	aa			UNRESOLVED	none	caapara
6_sastra/4_dharma/sutra/apastd_u.txt	958	tathāelakaṃ	āe			UNRESOLVED	none	tathāelakaṃ
6_sastra/4_dharma/sutra/apastd_u.txt	960	kṣīrāṇiiti	ii			UNRESOLVED	none	kṣīrāṇiiti
6_sastra/4_dharma/sutra/apastd_u.txt	962	caanirdaśāyāḥ	aa			UNRESOLVED	none	caanirdaśāyāḥ
6_sastra/4_dharma/sutra/apastd_u.txt	968	caanyat	aa			UNRESOLVED	none	caanyat
6_sastra/4_dharma/sutra/apastd_u.txt	992	caanye	aa			UNRESOLVED	none	caanye
6_sastra/4_dharma/sutra/apastd_u.txt	996	naanantevāsy	aa			UNRESOLVED	none	naanantevāsy
6_sastra/4_dharma/sutra/apastd_u.txt	996	āhṛtāniiti	ii			UNRESOLVED	none	āhṛtāniiti
6_sastra/4_dharma/sutra/apastd_u.txt	1006	naatyantam	aa			UNRESOLVED	none	naatyantam
6_sastra/4_dharma/sutra/apastd_u.txt	1014	yatraaprāyaścittaṃ	aa			UNRESOLVED	none	yatraaprāyaścittaṃ
6_sastra/4_dharma/sutra/apastd_u.txt	1020	tasyaapi	aa			UNRESOLVED	none	tasyaapi
6_sastra/4_dharma/sutra/apastd_u.txt	1022	naatyantam	aa			UNRESOLVED	none	naatyantam
6_sastra/4_dharma/sutra/apastd_u.txt	1032	caādhim	aā			UNRESOLVED	none	caādhim
6_sastra/4_dharma/sutra/apastd_u.txt	1056	caagnīn	aa			UNRESOLVED	none	caagnīn
6_sastra/4_dharma/sutra/apastd_u.txt	1072	bhoktavyāeka	āe			UNRESOLVED	none	bhoktavyāeka
6_sastra/4_dharma/sutra/apastd_u.txt	1074	double	ou	double	double	SOURCE_PRESENT	none	double
6_sastra/4_dharma/sutra/apastd_u.txt	1078	puṇyasyaapy	aa			UNRESOLVED	none	puṇyasyaapy
6_sastra/4_dharma/sutra/apastd_u.txt	1082	naananiyoga	aa			UNRESOLVED	none	naananiyoga
6_sastra/4_dharma/sutra/apastd_u.txt	1088	athaapy	aa			UNRESOLVED	none	athaapy
6_sastra/4_dharma/sutra/apastd_u.txt	1094	yathāamre	āa			UNRESOLVED	none	yathāamre
6_sastra/4_dharma/sutra/apastd_u.txt	1116	caeteṣāṃ	ae			UNRESOLVED	none	caeteṣāṃ
6_sastra/4_dharma/sutra/apastd_u.txt	1118	caannasya	aa			UNRESOLVED	none	caannasya
6_sastra/4_dharma/sutra/apastd_u.txt	1126	naatyantam	aa			UNRESOLVED	none	naatyantam
6_sastra/4_dharma/sutra/apastd_u.txt	1132	tathāapapātraiḥ	āa			UNRESOLVED	none	tathāapapātraiḥ
6_sastra/4_dharma/sutra/apastd_u.txt	1136	sahaapatye	aa			UNRESOLVED	none	sahaapatye
6_sastra/4_dharma/sutra/apastd_u.txt	1138	gatvāanyāṃś	āa			UNRESOLVED	none	gatvāanyāṃś
6_sastra/4_dharma/sutra/apastd_u.txt	1140	naaguru	aa			UNRESOLVED	none	naaguru
6_sastra/4_dharma/sutra/apastd_u.txt	1140	patatiity	ii			UNRESOLVED	none	patatiity
6_sastra/4_dharma/sutra/apastd_u.txt	1144	athaaśuci	aa			UNRESOLVED	none	athaaśuci
6_sastra/4_dharma/sutra/apastd_u.txt	1156	patanīyāniity	ii			UNRESOLVED	none	patanīyāniity
6_sastra/4_dharma/sutra/apastd_u.txt	1166	tatraātma	aā			UNRESOLVED	none	tatraātma
6_sastra/4_dharma/sutra/apastd_u.txt	1172	evaaham	aa			UNRESOLVED	none	evaaham
6_sastra/4_dharma/sutra/apastd_u.txt	1172	alabdhvāetad	āe			UNRESOLVED	none	alabdhvāetad
6_sastra/4_dharma/sutra/apastd_u.txt	1172	naahitam	aa			UNRESOLVED	none	naahitam
6_sastra/4_dharma/sutra/apastd_u.txt	1172	athaanyeṣu	aa			UNRESOLVED	none	athaanyeṣu
6_sastra/4_dharma/sutra/apastd_u.txt	1175	caasya	aa			UNRESOLVED	none	caasya
6_sastra/4_dharma/sutra/apastd_u.txt	1177	caeva	ae			UNRESOLVED	none	caeva
6_sastra/4_dharma/sutra/apastd_u.txt	1191	caatraadhikaḥ	aa			UNRESOLVED	none	caatraadhikaḥ
6_sastra/4_dharma/sutra/apastd_u.txt	1191	caatraadhikaḥ	aa			UNRESOLVED	none	caatraadhikaḥ
6_sastra/4_dharma/sutra/apastd_u.txt	1193	caeteṣām	ae			UNRESOLVED	none	caeteṣām
6_sastra/4_dharma/sutra/apastd_u.txt	1205	caanyam	aa			UNRESOLVED	none	caanyam
6_sastra/4_dharma/sutra/apastd_u.txt	1223	vāavabhṛtham	āa			UNRESOLVED	none	vāavabhṛtham
6_sastra/4_dharma/sutra/apastd_u.txt	1227	etenaeva	ae			UNRESOLVED	none	etenaeva
6_sastra/4_dharma/sutra/apastd_u.txt	1227	vidhināuttamād	āu			UNRESOLVED	none	vidhināuttamād
6_sastra/4_dharma/sutra/apastd_u.txt	1229	naasyaasmiṃl	aa			UNRESOLVED	none	naasyaasmiṃl
6_sastra/4_dharma/sutra/apastd_u.txt	1229	naasyaasmiṃl	aa			UNRESOLVED	none	naasyaasmiṃl
6_sastra/4_dharma/sutra/apastd_u.txt	1231	parivāsyaañjalāv	aa			UNRESOLVED	none	parivāsyaañjalāv
6_sastra/4_dharma/sutra/apastd_u.txt	1237	tenaenaṃ	ae			UNRESOLVED	none	tenaenaṃ
6_sastra/4_dharma/sutra/apastd_u.txt	1243	vāātmānaṃ	āā			UNRESOLVED	none	vāātmānaṃ
6_sastra/4_dharma/sutra/apastd_u.txt	1247	athaapy	aa			UNRESOLVED	none	athaapy
6_sastra/4_dharma/sutra/apastd_u.txt	1249	tatraenaṃ	ae			UNRESOLVED	none	tatraenaṃ
6_sastra/4_dharma/sutra/apastd_u.txt	1251	hāvayitvāagniṃ	āa			UNRESOLVED	none	hāvayitvāagniṃ
6_sastra/4_dharma/sutra/apastd_u.txt	1255	caakāraṇāt	aa			UNRESOLVED	none	caakāraṇāt
6_sastra/4_dharma/sutra/apastd_u.txt	1259	ākruśyaanṛtaṃ	aa			UNRESOLVED	none	ākruśyaanṛtaṃ
6_sastra/4_dharma/sutra/apastd_u.txt	1263	caevam	ae			UNRESOLVED	none	caevam
6_sastra/4_dharma/sutra/apastd_u.txt	1265	chittvāaprāṇa	āa			UNRESOLVED	none	chittvāaprāṇa
6_sastra/4_dharma/sutra/apastd_u.txt	1267	anāryavapaiśunapratiṣiddhāacāreṣv	āa			UNRESOLVED	none	anāryavapaiśunapratiṣiddhāacāreṣv
6_sastra/4_dharma/sutra/apastd_u.txt	1267	siktvāayonau	āa			UNRESOLVED	none	siktvāayonau
6_sastra/4_dharma/sutra/apastd_u.txt	1267	kṛtvāanabhisaṃdhi	āa			UNRESOLVED	none	kṛtvāanabhisaṃdhi
6_sastra/4_dharma/sutra/apastd_u.txt	1267	vāab	āa			UNRESOLVED	none	vāab
6_sastra/4_dharma/sutra/apastd_u.txt	1267	vāanyair	āa			UNRESOLVED	none	vāanyair
6_sastra/4_dharma/sutra/apastd_u.txt	1273	mithyāadhītaprāyaścittam	āa	mithyāadhītaprāyaścittam	mithyāadhītaprāyaścittam	SOURCE_PRESENT	none	mithyāadhītaprāyaścittam
6_sastra/4_dharma/sutra/apastd_u.txt	1277	patanīyeṣuuttarāṇi	uu			UNRESOLVED	none	patanīyeṣuuttarāṇi
6_sastra/4_dharma/sutra/apastd_u.txt	1291	vāubhayoḥ	āu			UNRESOLVED	none	vāubhayoḥ
6_sastra/4_dharma/sutra/apastd_u.txt	1295	naaśnāti	aa			UNRESOLVED	none	naaśnāti
6_sastra/4_dharma/sutra/apastd_u.txt	1299	athaaparam	aa			UNRESOLVED	none	athaaparam
6_sastra/4_dharma/sutra/apastd_u.txt	1305	bhavatiiti	ii			UNRESOLVED	none	bhavatiiti
6_sastra/4_dharma/sutra/apastd_u.txt	1313	sarvatraanumati	aa			UNRESOLVED	none	sarvatraanumati
6_sastra/4_dharma/sutra/apastd_u.txt	1317	caasmād	aa			UNRESOLVED	none	caasmād
6_sastra/4_dharma/sutra/apastd_u.txt	1327	caadharmaś	aa			UNRESOLVED	none	caadharmaś
6_sastra/4_dharma/sutra/apastd_u.txt	1333	evaanyeṣām	aa			UNRESOLVED	none	evaanyeṣām
6_sastra/4_dharma/sutra/apastd_u.txt	1335	ādīpyaabhidahed	aa			UNRESOLVED	none	ādīpyaabhidahed
6_sastra/4_dharma/sutra/apastd_u.txt	1337	mithyāetad	āe			UNRESOLVED	none	mithyāetad
6_sastra/4_dharma/sutra/apastd_u.txt	1339	vāabhimanyate	āa			UNRESOLVED	none	vāabhimanyate
6_sastra/4_dharma/sutra/apastd_u.txt	1341	etenaeva	ae			UNRESOLVED	none	etenaeva
6_sastra/4_dharma/sutra/apastd_u.txt	1341	vidhināuttamād	āu			UNRESOLVED	none	vidhināuttamād
6_sastra/4_dharma/sutra/apastd_u.txt	1341	naasyaasmiṃl	aa			UNRESOLVED	none	naasyaasmiṃl
6_sastra/4_dharma/sutra/apastd_u.txt	1341	naasyaasmiṃl	aa			UNRESOLVED	none	naasyaasmiṃl
6_sastra/4_dharma/sutra/apastd_u.txt	1351	etenaeva	ae			UNRESOLVED	none	etenaeva
6_sastra/4_dharma/sutra/apastd_u.txt	1351	vidhināuttamād	āu			UNRESOLVED	none	vidhināuttamād
6_sastra/4_dharma/sutra/apastd_u.txt	1351	naasyaasmiṃl	aa			UNRESOLVED	none	naasyaasmiṃl
6_sastra/4_dharma/sutra/apastd_u.txt	1351	naasyaasmiṃl	aa			UNRESOLVED	none	naasyaasmiṃl
6_sastra/4_dharma/sutra/apastd_u.txt	1361	naādadīta	aā			UNRESOLVED	none	naādadīta
6_sastra/4_dharma/sutra/apastd_u.txt	1369	athaapi	aa			UNRESOLVED	none	athaapi
6_sastra/4_dharma/sutra/apastd_u.txt	1373	mithyāetad	āe			UNRESOLVED	none	mithyāetad
6_sastra/4_dharma/sutra/apastd_u.txt	1387	snātiity	ii			UNRESOLVED	none	snātiity
6_sastra/4_dharma/sutra/apastd_u.txt	1389	vratenaaṣṭācatvāriṃśat	aa			UNRESOLVED	none	vratenaaṣṭācatvāriṃśat
6_sastra/4_dharma/sutra/apastd_u.txt	1423	karmaapsu	aa			UNRESOLVED	none	karmaapsu
6_sastra/4_dharma/sutra/apastd_u.txt	1425	caabhimukho	aa			UNRESOLVED	none	caabhimukho
6_sastra/4_dharma/sutra/apastd_u.txt	1427	ārdrāan	āa	ārdrāan	ārdrāan	SOURCE_PRESENT	none	ārdrāan
6_sastra/4_dharma/sutra/apastd_u.txt	1431	athaapy	aa			UNRESOLVED	none	athaapy
6_sastra/4_dharma/sutra/apastd_u.txt	1435	caāvasathān	aā			UNRESOLVED	none	caāvasathān
6_sastra/4_dharma/sutra/apastd_u.txt	1439	caaprayataḥ	aa			UNRESOLVED	none	caaprayataḥ
6_sastra/4_dharma/sutra/apastd_u.txt	1445	caakāraṇāt	aa			UNRESOLVED	none	caakāraṇāt
6_sastra/4_dharma/sutra/apastd_u.txt	1451	vatsenaanimitte	aa			UNRESOLVED	none	vatsenaanimitte
6_sastra/4_dharma/sutra/apastd_u.txt	1453	naadhenum	aa			UNRESOLVED	none	naadhenum
6_sastra/4_dharma/sutra/apastd_u.txt	1453	bhavyāity	āi			UNRESOLVED	none	bhavyāity
6_sastra/4_dharma/sutra/apastd_u.txt	1461	naasau	aa			UNRESOLVED	none	naasau
6_sastra/4_dharma/sutra/apastd_u.txt	1467	caādityaṃ	aā			UNRESOLVED	none	caādityaṃ
6_sastra/4_dharma/sutra/apastd_u.txt	1469	divāādityaḥ	āā			UNRESOLVED	none	divāādityaḥ
6_sastra/4_dharma/sutra/apastd_u.txt	1475	naabrāhmaṇāyaucchiṣṭaṃ	aa			UNRESOLVED	none	naabrāhmaṇāyaucchiṣṭaṃ
6_sastra/4_dharma/sutra/apastd_u.txt	1483	caadhyāpanaṃ	aa			UNRESOLVED	none	caadhyāpanaṃ
6_sastra/4_dharma/sutra/apastd_u.txt	1507	naapara	aa			UNRESOLVED	none	naapara
6_sastra/4_dharma/sutra/apastd_u.txt	1507	utthāyaanadhyāya	aa			UNRESOLVED	none	utthāyaanadhyāya
6_sastra/4_dharma/sutra/apastd_u.txt	1523	athaapy	aa			UNRESOLVED	none	athaapy
6_sastra/4_dharma/sutra/apastd_u.txt	1533	caakāraṇāt	aa			UNRESOLVED	none	caakāraṇāt
6_sastra/4_dharma/sutra/apastd_u.txt	1535	caanyat	aa			UNRESOLVED	none	caanyat
6_sastra/4_dharma/sutra/apastd_u.txt	1535	caanyat	aa			UNRESOLVED	none	caanyat
6_sastra/4_dharma/sutra/apastd_u.txt	1541	caannasya	aa			UNRESOLVED	none	caannasya
6_sastra/4_dharma/sutra/apastd_u.txt	1547	caannasya	aa			UNRESOLVED	none	caannasya
6_sastra/4_dharma/sutra/apastd_u.txt	1549	caenayoḥ	ae			UNRESOLVED	none	caenayoḥ
6_sastra/4_dharma/sutra/apastd_u.txt	1561	caagnim	aa			UNRESOLVED	none	caagnim
6_sastra/4_dharma/sutra/apastd_u.txt	1561	likhitvāadbhir	āa			UNRESOLVED	none	likhitvāadbhir
6_sastra/4_dharma/sutra/apastd_u.txt	1561	avokṣyaagnim	aa			UNRESOLVED	none	avokṣyaagnim
6_sastra/4_dharma/sutra/apastd_u.txt	1563	utsicyaetad	ae			UNRESOLVED	none	utsicyaetad
6_sastra/4_dharma/sutra/apastd_u.txt	1563	vāanyad	āa			UNRESOLVED	none	vāanyad
6_sastra/4_dharma/sutra/apastd_u.txt	1569	dāreṇaanuvratam	aa			UNRESOLVED	none	dāreṇaanuvratam
6_sastra/4_dharma/sutra/apastd_u.txt	1575	vāsasāeva	āe			UNRESOLVED	none	vāsasāeva
6_sastra/4_dharma/sutra/apastd_u.txt	1577	caeva	ae			UNRESOLVED	none	caeva
6_sastra/4_dharma/sutra/apastd_u.txt	1589	yathāoṣadhi	āo			UNRESOLVED	none	yathāoṣadhi
6_sastra/4_dharma/sutra/apastd_u.txt	1595	etenaanye	aa			UNRESOLVED	none	etenaanye
6_sastra/4_dharma/sutra/apastd_u.txt	1605	caālabhyaapa	aā			UNRESOLVED	none	caālabhyaapa
6_sastra/4_dharma/sutra/apastd_u.txt	1605	caālabhyaapa	aa			UNRESOLVED	none	caālabhyaapa
6_sastra/4_dharma/sutra/apastd_u.txt	1609	evaācamana	aā			UNRESOLVED	none	evaācamana
6_sastra/4_dharma/sutra/apastd_u.txt	1615	vāaṣṭamīṣv	āa			UNRESOLVED	none	vāaṣṭamīṣv
6_sastra/4_dharma/sutra/apastd_u.txt	1617	adhiśrityaadbhiḥ	aa			UNRESOLVED	none	adhiśrityaadbhiḥ
6_sastra/4_dharma/sutra/apastd_u.txt	1621	kṣāyiiti	ii			UNRESOLVED	none	kṣāyiiti
6_sastra/4_dharma/sutra/apastd_u.txt	1627	uttamasyaeka	ae			UNRESOLVED	none	uttamasyaeka
6_sastra/4_dharma/sutra/apastd_u.txt	1639	apareṇaagniṃ	aa			UNRESOLVED	none	apareṇaagniṃ
6_sastra/4_dharma/sutra/apastd_u.txt	1651	uttareṇaapidhānyām	aa			UNRESOLVED	none	uttareṇaapidhānyām
6_sastra/4_dharma/sutra/apastd_u.txt	1667	evaagre	aa			UNRESOLVED	none	evaagre
6_sastra/4_dharma/sutra/apastd_u.txt	1669	caantarvatnīḥ	aa			UNRESOLVED	none	caantarvatnīḥ
6_sastra/4_dharma/sutra/apastd_u.txt	1677	brāhmaṇāyaanadhīyāanāyaāsanam	aa			UNRESOLVED	none	brāhmaṇāyaanadhīyāanāyaāsanam
6_sastra/4_dharma/sutra/apastd_u.txt	1677	brāhmaṇāyaanadhīyāanāyaāsanam	āa	brāhmaṇāyaanadhīyāanāyaāsanam	brāhmaṇāyaanadhīyāanāyaāsanam	SOURCE_PRESENT	none	brāhmaṇāyaanadhīyāanāyaāsanam
6_sastra/4_dharma/sutra/apastd_u.txt	1677	brāhmaṇāyaanadhīyāanāyaāsanam	aā			UNRESOLVED	none	brāhmaṇāyaanadhīyāanāyaāsanam
6_sastra/4_dharma/sutra/apastd_u.txt	1679	abhivādanāyaevauttiṣṭhed	ae			UNRESOLVED	none	abhivādanāyaevauttiṣṭhed
6_sastra/4_dharma/sutra/apastd_u.txt	1683	athaasmai	aa			UNRESOLVED	none	athaasmai
6_sastra/4_dharma/sutra/apastd_u.txt	1685	āhṛtyaatithivatśūdram	aa			UNRESOLVED	none	āhṛtyaatithivatśūdram
6_sastra/4_dharma/sutra/apastd_u.txt	1691	saṃkṛṣyaadbhiḥ	aa			UNRESOLVED	none	saṃkṛṣyaadbhiḥ
6_sastra/4_dharma/sutra/apastd_u.txt	1695	vāadhyayanam	āa			UNRESOLVED	none	vāadhyayanam
6_sastra/4_dharma/sutra/apastd_u.txt	1699	evaagre	aa			UNRESOLVED	none	evaagre
6_sastra/4_dharma/sutra/apastd_u.txt	1701	upākṛtyaanadhyayanaṃ	aa			UNRESOLVED	none	upākṛtyaanadhyayanaṃ
6_sastra/4_dharma/sutra/apastd_u.txt	1703	caavikramaṇaṃ	aa			UNRESOLVED	none	caavikramaṇaṃ
6_sastra/4_dharma/sutra/apastd_u.txt	1711	anugṛhyaācāryam	aā			UNRESOLVED	none	anugṛhyaācāryam
6_sastra/4_dharma/sutra/apastd_u.txt	1717	niṣṭhyāniiti	ii			UNRESOLVED	none	niṣṭhyāniiti
6_sastra/4_dharma/sutra/apastd_u.txt	1731	āutsarjanād	āu			UNRESOLVED	none	āutsarjanād
6_sastra/4_dharma/sutra/apastd_u.txt	1741	upaśrotāādityo	āā			UNRESOLVED	none	upaśrotāādityo
6_sastra/4_dharma/sutra/apastd_u.txt	1741	sādhuasmā	ua			UNRESOLVED	none	sādhuasmā
6_sastra/4_dharma/sutra/apastd_u.txt	1747	naanya	aa			UNRESOLVED	none	naanya
6_sastra/4_dharma/sutra/apastd_u.txt	1751	tasyaāsanam	aā			UNRESOLVED	none	tasyaāsanam
6_sastra/4_dharma/sutra/apastd_u.txt	1753	naabahu	aa			UNRESOLVED	none	naabahu
6_sastra/4_dharma/sutra/apastd_u.txt	1753	bhavatiity	ii			UNRESOLVED	none	bhavatiity
6_sastra/4_dharma/sutra/apastd_u.txt	1763	caatraadhikā	aa			UNRESOLVED	none	caatraadhikā
6_sastra/4_dharma/sutra/apastd_u.txt	1763	caatraadhikā	aa			UNRESOLVED	none	caatraadhikā
6_sastra/4_dharma/sutra/apastd_u.txt	1775	naannam	aa			UNRESOLVED	none	naannam
6_sastra/4_dharma/sutra/apastd_u.txt	1777	bhakṣayatiiti	ii			UNRESOLVED	none	bhakṣayatiiti
6_sastra/4_dharma/sutra/apastd_u.txt	1785	sarpiṣāukthya	āu			UNRESOLVED	none	sarpiṣāukthya
6_sastra/4_dharma/sutra/apastd_u.txt	1785	madhunāatirātra	āa			UNRESOLVED	none	madhunāatirātra
6_sastra/4_dharma/sutra/apastd_u.txt	1787	caatithayaḥ	aa			UNRESOLVED	none	caatithayaḥ
6_sastra/4_dharma/sutra/apastd_u.txt	1787	gamayantiiti	ii			UNRESOLVED	none	gamayantiiti
6_sastra/4_dharma/sutra/apastd_u.txt	1803	kvaavātsīr	aa			UNRESOLVED	none	kvaavātsīr
6_sastra/4_dharma/sutra/apastd_u.txt	1805	purāagnihotrasya	āa			UNRESOLVED	none	purāagnihotrasya
6_sastra/4_dharma/sutra/apastd_u.txt	1805	astuiti	ui			UNRESOLVED	none	astuiti
6_sastra/4_dharma/sutra/apastd_u.txt	1805	astuiti	ui			UNRESOLVED	none	astuiti
6_sastra/4_dharma/sutra/apastd_u.txt	1805	astuiti	ui			UNRESOLVED	none	astuiti
6_sastra/4_dharma/sutra/apastd_u.txt	1805	astuiti	ui			UNRESOLVED	none	astuiti
6_sastra/4_dharma/sutra/apastd_u.txt	1809	dvitīyayāantarikṣyāṃs	āa			UNRESOLVED	none	dvitīyayāantarikṣyāṃs
6_sastra/4_dharma/sutra/apastd_u.txt	1809	abhijayatiiti	ii			UNRESOLVED	none	abhijayatiiti
6_sastra/4_dharma/sutra/apastd_u.txt	1811	dadāmiity	ii			UNRESOLVED	none	dadāmiity
6_sastra/4_dharma/sutra/apastd_u.txt	1815	śeṣabhojīatithīnāṃ	īa			UNRESOLVED	none	śeṣabhojīatithīnāṃ
6_sastra/4_dharma/sutra/apastd_u.txt	1817	bhuñjītaanavaśeṣam	aa			UNRESOLVED	none	bhuñjītaanavaśeṣam
6_sastra/4_dharma/sutra/apastd_u.txt	1819	naātma	aā			UNRESOLVED	none	naātma
6_sastra/4_dharma/sutra/apastd_u.txt	1825	ācāryāyaṛtvije	aṛ			UNRESOLVED	none	ācāryāyaṛtvije
6_sastra/4_dharma/sutra/apastd_u.txt	1849	kurvītaā	aā			UNRESOLVED	none	kurvītaā
6_sastra/4_dharma/sutra/apastd_u.txt	1861	tueva	ue			UNRESOLVED	none	tueva
6_sastra/4_dharma/sutra/apastd_u.txt	1863	caātmano	aā			UNRESOLVED	none	caātmano
6_sastra/4_dharma/sutra/apastd_u.txt	1865	athaapy	aa			UNRESOLVED	none	athaapy
6_sastra/4_dharma/sutra/apastd_u.txt	1865	ṣoḍaśaaraṇyavāsinaḥ	aa			UNRESOLVED	none	ṣoḍaśaaraṇyavāsinaḥ
6_sastra/4_dharma/sutra/apastd_u.txt	1867	naeṣāṃ	ae			UNRESOLVED	none	naeṣāṃ
6_sastra/4_dharma/sutra/apastd_u.txt	1875	brāhmaṇasyaadhyayanam	aa			UNRESOLVED	none	brāhmaṇasyaadhyayanam
6_sastra/4_dharma/sutra/apastd_u.txt	1879	kṣatriyasyaadhyāpana	aa			UNRESOLVED	none	kṣatriyasyaadhyāpana
6_sastra/4_dharma/sutra/apastd_u.txt	1879	pratigrahaṇāniiti	ii			UNRESOLVED	none	pratigrahaṇāniiti
6_sastra/4_dharma/sutra/apastd_u.txt	1905	vicityaā	aā			UNRESOLVED	none	vicityaā
6_sastra/4_dharma/sutra/apastd_u.txt	1907	rājāubhau	āu			UNRESOLVED	none	rājāubhau
6_sastra/4_dharma/sutra/apastd_u.txt	1911	brāhmaṇasyaeva	ae			UNRESOLVED	none	brāhmaṇasyaeva
6_sastra/4_dharma/sutra/apastd_u.txt	1913	abhinihitasyaaturasya	aa			UNRESOLVED	none	abhinihitasyaaturasya
6_sastra/4_dharma/sutra/apastd_u.txt	1923	naanyāṃ	aa			UNRESOLVED	none	naanyāṃ
6_sastra/4_dharma/sutra/apastd_u.txt	1949	naaprokṣitam	aa			UNRESOLVED	none	naaprokṣitam
6_sastra/4_dharma/sutra/apastd_u.txt	1951	caantareṇa	aa			UNRESOLVED	none	caantareṇa
6_sastra/4_dharma/sutra/apastd_u.txt	1959	naapratiṣṭhitaṃ	aa			UNRESOLVED	none	naapratiṣṭhitaṃ
6_sastra/4_dharma/sutra/apastd_u.txt	1961	caātmanaḥ	aā			UNRESOLVED	none	caātmanaḥ
6_sastra/4_dharma/sutra/apastd_u.txt	1973	caanyasmin	aa			UNRESOLVED	none	caanyasmin
6_sastra/4_dharma/sutra/apastd_u.txt	1991	tatraapi	aa			UNRESOLVED	none	tatraapi
6_sastra/4_dharma/sutra/apastd_u.txt	1995	athaapy	aa			UNRESOLVED	none	athaapy
6_sastra/4_dharma/sutra/apastd_u.txt	1995	evaahaṃ	aa			UNRESOLVED	none	evaahaṃ
6_sastra/4_dharma/sutra/apastd_u.txt	2007	caapatyasya	aa			UNRESOLVED	none	caapatyasya
6_sastra/4_dharma/sutra/apastd_u.txt	2037	athaapi	aa			UNRESOLVED	none	athaapi
6_sastra/4_dharma/sutra/apastd_u.txt	2037	niravasāyayantiity	ii			UNRESOLVED	none	niravasāyayantiity
6_sastra/4_dharma/sutra/apastd_u.txt	2039	athaapi	aa			UNRESOLVED	none	athaapi
6_sastra/4_dharma/sutra/apastd_u.txt	2045	jāyāa	āa	jāyāa	jāyāa	SOURCE_PRESENT	none	jāyāa
6_sastra/4_dharma/sutra/apastd_u.txt	2057	caā	aā			UNRESOLVED	none	caā
6_sastra/4_dharma/sutra/apastd_u.txt	2057	preteṣuudaka	uu			UNRESOLVED	none	preteṣuudaka
6_sastra/4_dharma/sutra/apastd_u.txt	2057	parihāpyaaparisaṃvatsarān	aa			UNRESOLVED	none	parihāpyaaparisaṃvatsarān
6_sastra/4_dharma/sutra/apastd_u.txt	2063	caakālam	aa			UNRESOLVED	none	caakālam
6_sastra/4_dharma/sutra/apastd_u.txt	2069	utsicyaapratīkṣā	aa			UNRESOLVED	none	utsicyaapratīkṣā
6_sastra/4_dharma/sutra/apastd_u.txt	2071	caetad	ae			UNRESOLVED	none	caetad
6_sastra/4_dharma/sutra/apastd_u.txt	2071	evaeke	ae			UNRESOLVED	none	evaeke
6_sastra/4_dharma/sutra/apastd_u.txt	2077	yasyaagnau	aa			UNRESOLVED	none	yasyaagnau
6_sastra/4_dharma/sutra/apastd_u.txt	2077	caagraṃ	aa			UNRESOLVED	none	caagraṃ
6_sastra/4_dharma/sutra/apastd_u.txt	2081	tathāavarān	āa			UNRESOLVED	none	tathāavarān
6_sastra/4_dharma/sutra/apastd_u.txt	2083	caagnau	aa			UNRESOLVED	none	caagnau
6_sastra/4_dharma/sutra/apastd_u.txt	2089	āanna	āa			UNRESOLVED	none	āanna
6_sastra/4_dharma/sutra/apastd_u.txt	2095	āupanayanād	āu			UNRESOLVED	none	āupanayanād
6_sastra/4_dharma/sutra/apastd_u.txt	2103	caamuṣmiṃl	aa			UNRESOLVED	none	caamuṣmiṃl
6_sastra/4_dharma/sutra/apastd_u.txt	2103	athaetan	ae			UNRESOLVED	none	athaetan
6_sastra/4_dharma/sutra/apastd_u.txt	2111	pakṣasyaapara	aa			UNRESOLVED	none	pakṣasyaapara
6_sastra/4_dharma/sutra/apastd_u.txt	2113	tathāapara	āa			UNRESOLVED	none	tathāapara
6_sastra/4_dharma/sutra/apastd_u.txt	2115	evaapara	aa			UNRESOLVED	none	evaapara
6_sastra/4_dharma/sutra/apastd_u.txt	2115	pakṣasyaahassu	aa			UNRESOLVED	none	pakṣasyaahassu
6_sastra/4_dharma/sutra/apastd_u.txt	2115	pitṛṛn	ṛṛ	pitṛṛn	pitṛṛn	SOURCE_PRESENT	none	pitṛṛn
6_sastra/4_dharma/sutra/apastd_u.txt	2125	caanapatyaḥ	aa			UNRESOLVED	none	caanapatyaḥ
6_sastra/4_dharma/sutra/apastd_u.txt	2149	evaanne	aa			UNRESOLVED	none	evaanne
6_sastra/4_dharma/sutra/apastd_u.txt	2149	pitṛṛṇāṃ	ṛṛ	pitṛṛṇāṃ	pitṛṛṇāṃ	SOURCE_PRESENT	none	pitṛṛṇāṃ
6_sastra/4_dharma/sutra/apastd_u.txt	2159	māṃsenaānantyaṃ	aā			UNRESOLVED	none	māṃsenaānantyaṃ
6_sastra/4_dharma/sutra/apastd_u.txt	2169	etenaantevāsino	aa			UNRESOLVED	none	etenaantevāsino
6_sastra/4_dharma/sutra/apastd_u.txt	2171	athaapy	aa			UNRESOLVED	none	athaapy
6_sastra/4_dharma/sutra/apastd_u.txt	2171	naeṣā	ae			UNRESOLVED	none	naeṣā
6_sastra/4_dharma/sutra/apastd_u.txt	2171	pitṛṛn	ṛṛ	pitṛṛn	pitṛṛn	SOURCE_PRESENT	none	pitṛṛn
6_sastra/4_dharma/sutra/apastd_u.txt	2171	ihaeva	ae			UNRESOLVED	none	ihaeva
6_sastra/4_dharma/sutra/apastd_u.txt	2173	ihaeva	ae			UNRESOLVED	none	ihaeva
6_sastra/4_dharma/sutra/apastd_u.txt	2173	vinaśyatiiti	ii			UNRESOLVED	none	vinaśyatiiti
6_sastra/4_dharma/sutra/apastd_u.txt	2175	caīpsan	aī			UNRESOLVED	none	caīpsan
6_sastra/4_dharma/sutra/apastd_u.txt	2189	hasteṣuudapātra	uu			UNRESOLVED	none	hasteṣuudapātra
6_sastra/4_dharma/sutra/apastd_u.txt	2203	caabhojanam	aa			UNRESOLVED	none	caabhojanam
6_sastra/4_dharma/sutra/apastd_u.txt	2209	caanyena	aa			UNRESOLVED	none	caanyena
6_sastra/4_dharma/sutra/apastd_u.txt	2211	dvādaśaetāni	ae			UNRESOLVED	none	dvādaśaetāni
6_sastra/4_dharma/sutra/apastd_u.txt	2213	nābhiupari	iu			UNRESOLVED	none	nābhiupari
6_sastra/4_dharma/sutra/apastd_u.txt	2227	caatad	aa			UNRESOLVED	none	caatad
6_sastra/4_dharma/sutra/apastd_u.txt	2231	lohenaajena	aa			UNRESOLVED	none	lohenaajena
6_sastra/4_dharma/sutra/apastd_u.txt	2237	pitṛṛn	ṛṛ	pitṛṛn	pitṛṛn	SOURCE_PRESENT	none	pitṛṛn
6_sastra/4_dharma/sutra/apastd_u.txt	2251	caanyenaapi	aa			UNRESOLVED	none	caanyenaapi
6_sastra/4_dharma/sutra/apastd_u.txt	2251	caanyenaapi	aa			UNRESOLVED	none	caanyenaapi
6_sastra/4_dharma/sutra/apastd_u.txt	2261	sahaaṅguṣṭham	aa			UNRESOLVED	none	sahaaṅguṣṭham
6_sastra/4_dharma/sutra/apastd_u.txt	2267	caūrdhvau	aū			UNRESOLVED	none	caūrdhvau
6_sastra/4_dharma/sutra/apastd_u.txt	2271	bhuñjītaanyatmūla	aa			UNRESOLVED	none	bhuñjītaanyatmūla
6_sastra/4_dharma/sutra/apastd_u.txt	2275	caeva	ae			UNRESOLVED	none	caeva
6_sastra/4_dharma/sutra/apastd_u.txt	2283	caadhikaṃ	aa			UNRESOLVED	none	caadhikaṃ
6_sastra/4_dharma/sutra/apastd_u.txt	2287	caatadguṇāyaucchiṣṭam	aa			UNRESOLVED	none	caatadguṇāyaucchiṣṭam
6_sastra/4_dharma/sutra/apastd_u.txt	2289	pakṣasyaekarātram	ae			UNRESOLVED	none	pakṣasyaekarātram
6_sastra/4_dharma/sutra/apastd_u.txt	2311	caatyādhānaṃ	aa			UNRESOLVED	none	caatyādhānaṃ
6_sastra/4_dharma/sutra/apastd_u.txt	2315	caakāraṇāt	aa			UNRESOLVED	none	caakāraṇāt
6_sastra/4_dharma/sutra/apastd_u.txt	2317	caanyat	aa			UNRESOLVED	none	caanyat
6_sastra/4_dharma/sutra/apastd_u.txt	2323	caatīrthe	aa			UNRESOLVED	none	caatīrthe
6_sastra/4_dharma/sutra/apastd_u.txt	2341	etenaeva	ae			UNRESOLVED	none	etenaeva
6_sastra/4_dharma/sutra/apastd_u.txt	2349	svādhyāyaeva	ae	svādhyāya eva		PIPELINE_BOUNDARY_LOSS_FIXED	restore_space	svādhyāya eva
6_sastra/4_dharma/sutra/apastd_u.txt	2349	pratilabhyaaniho	aa			UNRESOLVED	none	pratilabhyaaniho
6_sastra/4_dharma/sutra/apastd_u.txt	2355	parityajyaātmānam	aā			UNRESOLVED	none	parityajyaātmānam
6_sastra/4_dharma/sutra/apastd_u.txt	2361	ihaeva	ae			UNRESOLVED	none	ihaeva
6_sastra/4_dharma/sutra/apastd_u.txt	2371	tasyaaraṇyam	aa			UNRESOLVED	none	tasyaaraṇyam
6_sastra/4_dharma/sutra/apastd_u.txt	2381	vānaprasthasyaevaanupūrvyam	ae			UNRESOLVED	none	vānaprasthasyaevaanupūrvyam
6_sastra/4_dharma/sutra/apastd_u.txt	2381	vānaprasthasyaevaanupūrvyam	aa			UNRESOLVED	none	vānaprasthasyaevaanupūrvyam
6_sastra/4_dharma/sutra/apastd_u.txt	2383	kṛtvāagnīn	āa			UNRESOLVED	none	kṛtvāagnīn
6_sastra/4_dharma/sutra/apastd_u.txt	2385	sahaagnibhir	aa			UNRESOLVED	none	sahaagnibhir
6_sastra/4_dharma/sutra/apastd_u.txt	2391	caata	aa			UNRESOLVED	none	caata
6_sastra/4_dharma/sutra/apastd_u.txt	2401	datvāaraṇyam	āa			UNRESOLVED	none	datvāaraṇyam
6_sastra/4_dharma/sutra/apastd_u.txt	2403	tasyaaraṇyenaevaata	aa			UNRESOLVED	none	tasyaaraṇyenaevaata
6_sastra/4_dharma/sutra/apastd_u.txt	2403	tasyaaraṇyenaevaata	ae			UNRESOLVED	none	tasyaaraṇyenaevaata
6_sastra/4_dharma/sutra/apastd_u.txt	2403	tasyaaraṇyenaevaata	aa			UNRESOLVED	none	tasyaaraṇyenaevaata
6_sastra/4_dharma/sutra/apastd_u.txt	2409	naaraṇyam	aa			UNRESOLVED	none	naaraṇyam
6_sastra/4_dharma/sutra/apastd_u.txt	2425	īśiraṛṣayaḥ	aṛ			UNRESOLVED	none	īśiraṛṣayaḥ
6_sastra/4_dharma/sutra/apastd_u.txt	2425	dakṣiṇenaaryamṇaḥ	aa			UNRESOLVED	none	dakṣiṇenaaryamṇaḥ
6_sastra/4_dharma/sutra/apastd_u.txt	2427	īṣiraṛṣayaḥ	aṛ			UNRESOLVED	none	īṣiraṛṣayaḥ
6_sastra/4_dharma/sutra/apastd_u.txt	2427	uttareṇaaryamṇaḥ	aa			UNRESOLVED	none	uttareṇaaryamṇaḥ
6_sastra/4_dharma/sutra/apastd_u.txt	2431	athaapi	aa			UNRESOLVED	none	athaapi
6_sastra/4_dharma/sutra/apastd_u.txt	2433	caanyad	aa			UNRESOLVED	none	caanyad
6_sastra/4_dharma/sutra/apastd_u.txt	2443	athaapy	aa			UNRESOLVED	none	athaapy
6_sastra/4_dharma/sutra/apastd_u.txt	2445	athaapi	aa			UNRESOLVED	none	athaapi
6_sastra/4_dharma/sutra/apastd_u.txt	2445	evaayaṃ	aa			UNRESOLVED	none	evaayaṃ
6_sastra/4_dharma/sutra/apastd_u.txt	2445	caapi	aa			UNRESOLVED	none	caapi
6_sastra/4_dharma/sutra/apastd_u.txt	2445	evaanyat	aa			UNRESOLVED	none	evaanyat
6_sastra/4_dharma/sutra/apastd_u.txt	2447	bhavantiiti	ii			UNRESOLVED	none	bhavantiiti
6_sastra/4_dharma/sutra/apastd_u.txt	2449	athaapi	aa			UNRESOLVED	none	athaapi
6_sastra/4_dharma/sutra/apastd_u.txt	2453	naasyaasmiṃl	aa			UNRESOLVED	none	naasyaasmiṃl
6_sastra/4_dharma/sutra/apastd_u.txt	2453	naasyaasmiṃl	aa			UNRESOLVED	none	naasyaasmiṃl
6_sastra/4_dharma/sutra/apastd_u.txt	2471	yathāubhayaṃ	āu			UNRESOLVED	none	yathāubhayaṃ
6_sastra/4_dharma/sutra/apastd_u.txt	2473	evaajasrā	aa			UNRESOLVED	none	evaajasrā
6_sastra/4_dharma/sutra/apastd_u.txt	2483	caasya	aa			UNRESOLVED	none	caasya
6_sastra/4_dharma/sutra/apastd_u.txt	2483	vāavasīded	āa			UNRESOLVED	none	vāavasīded
6_sastra/4_dharma/sutra/apastd_u.txt	2485	uddhatyaavokṣyaakṣān	aa			UNRESOLVED	none	uddhatyaavokṣyaakṣān
6_sastra/4_dharma/sutra/apastd_u.txt	2485	uddhatyaavokṣyaakṣān	aa			UNRESOLVED	none	uddhatyaavokṣyaakṣān
6_sastra/4_dharma/sutra/apastd_u.txt	2485	yathāarthān	āa	yathāarthān	yathāarthān	SOURCE_PRESENT	none	yathāarthān
6_sastra/4_dharma/sutra/apastd_u.txt	2489	vāditrāṇiiti	ii			UNRESOLVED	none	vāditrāṇiiti
6_sastra/4_dharma/sutra/apastd_u.txt	2497	etenaanye	aa			UNRESOLVED	none	etenaanye
6_sastra/4_dharma/sutra/apastd_u.txt	2499	caāryānśucīn	aā			UNRESOLVED	none	caāryānśucīn
6_sastra/4_dharma/sutra/apastd_u.txt	2537	caata	aa			UNRESOLVED	none	caata
6_sastra/4_dharma/sutra/apastd_u.txt	2559	caasya	aa			UNRESOLVED	none	caasya
6_sastra/4_dharma/sutra/apastd_u.txt	2561	patatiity	ii			UNRESOLVED	none	patatiity
6_sastra/4_dharma/sutra/apastd_u.txt	2567	śūdrasyaāryaṃ	aā			UNRESOLVED	none	śūdrasyaāryaṃ
6_sastra/4_dharma/sutra/apastd_u.txt	2579	rājāiti	āi			UNRESOLVED	none	rājāiti
6_sastra/4_dharma/sutra/apastd_u.txt	2585	caasya	aa			UNRESOLVED	none	caasya
6_sastra/4_dharma/sutra/apastd_u.txt	2603	kartāiti	āi			UNRESOLVED	none	kartāiti
6_sastra/4_dharma/sutra/apastd_u.txt	2619	caatraadhikaḥ	aa			UNRESOLVED	none	caatraadhikaḥ
6_sastra/4_dharma/sutra/apastd_u.txt	2619	caatraadhikaḥ	aa			UNRESOLVED	none	caatraadhikaḥ
6_sastra/4_dharma/sutra/baudhd_u.txt	11	dhānyāalolupā	āa	dhānyāalolupā	dhānyāalolupā	SOURCE_PRESENT	none	dhānyāalolupā
6_sastra/4_dharma/sutra/baudhd_u.txt	95	disagreement	ee	disagreement	disagreement	SOURCE_PRESENT	none	disagreement
6_sastra/4_dharma/sutra/baudhd_u.txt	211	āyuṣaeva	ae	āyuṣaeva	āyuṣaeva	SOURCE_PRESENT	none	āyuṣaeva
6_sastra/4_dharma/sutra/baudhd_u.txt	845	samanvārabdheudake	eu	samanvārabdheudake	samanvārabdheudake	SOURCE_PRESENT	none	samanvārabdheudake
6_sastra/4_dharma/sutra/baudhd_u.txt	1267	maātmano	aā	maātmano	maātmano	SOURCE_PRESENT	none	maātmano
6_sastra/4_dharma/sutra/baudhd_u.txt	1315	yājakāitaretara	āi	yājakāitaretara	yājakāitaretara	SOURCE_PRESENT	none	yājakāitaretara
6_sastra/4_dharma/sutra/baudhd_u.txt	1869	sahasrakṛtvaāvartayet	aā			UNRESOLVED	none	sahasrakṛtvaāvartayet
6_sastra/4_dharma/sutra/baudhd_u.txt	2011	asuraāsa	aā			UNRESOLVED	none	asuraāsa
6_sastra/4_dharma/sutra/baudhd_u.txt	2013	vādaaiṣṭika	aa	vādaaiṣṭika	vādaaiṣṭika	SOURCE_PRESENT	none	vādaaiṣṭika
6_sastra/4_dharma/sutra/baudhd_u.txt	2029	tanvateaprajajñaye	ea	tanvateaprajajñaye	tanvateaprajajñaye	SOURCE_PRESENT	none	tanvateaprajajñaye
6_sastra/4_dharma/sutra/baudhd_u.txt	2087	vindateapracetā	ea	vindateapracetā	vindateapracetā	SOURCE_PRESENT	none	vindateapracetā
6_sastra/4_dharma/sutra/baudhd_u.txt	2163	kṣeṣṭhāamutra	āa	kṣeṣṭhāamutra	kṣeṣṭhāamutra	SOURCE_PRESENT	none	kṣeṣṭhāamutra
6_sastra/4_dharma/sutra/baudhd_u.txt	2483	dvāraātmānaṃ	aā	dvāraātmānaṃ	dvāraātmānaṃ	SOURCE_PRESENT	none	dvāraātmānaṃ
6_sastra/4_dharma/sutra/baudhd_u.txt	2975	kāmaavakīrṇo	aa	kāmaavakīrṇo	kāmaavakīrṇo	SOURCE_PRESENT	none	kāmaavakīrṇo
6_sastra/4_dharma/sutra/baudhd_u.txt	2975	kāmaabhidrugdho	aa	kāmaabhidrugdho	kāmaabhidrugdho	SOURCE_PRESENT	none	kāmaabhidrugdho
6_sastra/4_dharma/sutra/gautdh_u.txt	495	svasṛṛṇām	ṛṛ	svasṛṛṇām	svasṛṛṇām	SOURCE_PRESENT	none	svasṛṛṇām
6_sastra/4_dharma/sutra/gautdh_u.txt	559	bhūmivrīhiyavājāvyaśvaṛṣabhadhenvanaḍuhaś	aṛ	bhūmivrīhiyavājāvyaśvaṛṣabhadhenvanaḍuhaś	bhūmivrīhiyavājāvyaśvaṛṣabhadhenvanaḍuhaś	SOURCE_PRESENT	none	bhūmivrīhiyavājāvyaśvaṛṣabhadhenvanaḍuhaś
6_sastra/4_dharma/sutra/gautdh_u.txt	1293	pitṛṛn	ṛṛ	pitṛṛn	pitṛṛn	SOURCE_PRESENT	none	pitṛṛn
6_sastra/4_dharma/sutra/gautdh_u.txt	1477	nicudārubakabalākāśukamadguṭiṭṭibhamāndhālanaktacarāabhakṣyāḥ	āa	nicudārubakabalākāśukamadguṭiṭṭibhamāndhālanaktacarāabhakṣyāḥ	nicudārubakabalākāśukamadguṭiṭṭibhamāndhālanaktacarāabhakṣyāḥ	SOURCE_PRESENT	none	nicudārubakabalākāśukamadguṭiṭṭibhamāndhālanaktacarāabhakṣyāḥ
6_sastra/4_dharma/sutra/gautdh_u.txt	1541	cābhuktvāanicayāya	āa	cābhuktvāanicayāya	cābhuktvāanicayāya	SOURCE_PRESENT	none	cābhuktvāanicayāya
6_sastra/4_dharma/sutra/gautdh_u.txt	1611	gṛhṇāmiiti	ii	gṛhṇāmiiti	gṛhṇāmiiti	SOURCE_PRESENT	none	gṛhṇāmiiti
6_sastra/4_dharma/sutra/gautdh_u.txt	1843	abhikrāntyāiti	āi	abhikrāntyāiti	abhikrāntyāiti	SOURCE_PRESENT	none	abhikrāntyāiti
6_sastra/4_dharma/sutra/gautdh_u.txt	1851	punātuiti	ui	punātuiti	punātuiti	SOURCE_PRESENT	none	punātuiti
6_sastra/4_dharma/sutra/gautdh_u.txt	1853	hutvāeva	āe	hutvāeva	hutvāeva	SOURCE_PRESENT	none	hutvāeva
6_sastra/4_dharma/sutra/gautdh_u.txt	1927	bhuktvāekāpacayenāparapakṣam	āe	bhuktvāekāpacayenāparapakṣam	bhuktvāekāpacayenāparapakṣam	SOURCE_PRESENT	none	bhuktvāekāpacayenāparapakṣam
6_sastra/4_dharma/sutra/gautdh_u.txt	1987	duhitṛṛṇām	ṛṛ	duhitṛṛṇām	duhitṛṛṇām	SOURCE_PRESENT	none	duhitṛṛṇām
6_sastra/4_dharma/sutra/gautdh_u.txt	2003	putrāaurasakṣetrajadattakṛtrimagūḍhotpannāpaviddhā	āa	putrāaurasakṣetrajadattakṛtrimagūḍhotpannāpaviddhā	putrāaurasakṣetrajadattakṛtrimagūḍhotpannāpaviddhā	SOURCE_PRESENT	none	putrāaurasakṣetrajadattakṛtrimagūḍhotpannāpaviddhā
6_sastra/4_dharma/sutra/vaikhd_u.txt	11	brāhmaṇasyaadhyayana	aa			UNRESOLVED	none	brāhmaṇasyaadhyayana
6_sastra/4_dharma/sutra/vaikhd_u.txt	19	caeva	ae			UNRESOLVED	none	caeva
6_sastra/4_dharma/sutra/vaikhd_u.txt	21	brāhmaṇasyaāśramāś	aā			UNRESOLVED	none	brāhmaṇasyaāśramāś
6_sastra/4_dharma/sutra/vaikhd_u.txt	21	kṣatriyasyaādyās	aā			UNRESOLVED	none	kṣatriyasyaādyās
6_sastra/4_dharma/sutra/vaikhd_u.txt	25	vratenaadhyayanaṃ	aa			UNRESOLVED	none	vratenaadhyayanaṃ
6_sastra/4_dharma/sutra/vaikhd_u.txt	31	anuktoapi	oa			UNRESOLVED	none	anuktoapi
6_sastra/4_dharma/sutra/vaikhd_u.txt	37	ārtoapy	oa			UNRESOLVED	none	ārtoapy
6_sastra/4_dharma/sutra/vaikhd_u.txt	39	guruṇāanujñāto	āa			UNRESOLVED	none	guruṇāanujñāto
6_sastra/4_dharma/sutra/vaikhd_u.txt	47	adhītyaā	aā			UNRESOLVED	none	adhītyaā
6_sastra/4_dharma/sutra/vaikhd_u.txt	57	gṛhasthoapisnānādi	oa			UNRESOLVED	none	gṛhasthoapisnānādi
6_sastra/4_dharma/sutra/vaikhd_u.txt	57	abhivandyaāsana	aā			UNRESOLVED	none	abhivandyaāsana
6_sastra/4_dharma/sutra/vaikhd_u.txt	57	dattvāannādyair	āa			UNRESOLVED	none	dattvāannādyair
6_sastra/4_dharma/sutra/vaikhd_u.txt	59	brahmacāriṇoatithīn	oa			UNRESOLVED	none	brahmacāriṇoatithīn
6_sastra/4_dharma/sutra/vaikhd_u.txt	61	aśaktoapyagraṃ	oa			UNRESOLVED	none	aśaktoapyagraṃ
6_sastra/4_dharma/sutra/vaikhd_u.txt	63	pitṛṛnbalinā	ṛṛ	pitṛṛnbalinā	pitṛṛnbalinā	SOURCE_PRESENT	none	pitṛṛnbalinā
6_sastra/4_dharma/sutra/vaikhd_u.txt	65	muktoanṛṇo	oa			UNRESOLVED	none	muktoanṛṇo
6_sastra/4_dharma/sutra/vaikhd_u.txt	65	ṣṭvāagnīn	āa			UNRESOLVED	none	ṣṭvāagnīn
6_sastra/4_dharma/sutra/vaikhd_u.txt	67	atithibhyoabhyāgatebhyoannādyaṃ	oa			UNRESOLVED	none	atithibhyoabhyāgatebhyoannādyaṃ
6_sastra/4_dharma/sutra/vaikhd_u.txt	67	atithibhyoabhyāgatebhyoannādyaṃ	oa			UNRESOLVED	none	atithibhyoabhyāgatebhyoannādyaṃ
6_sastra/4_dharma/sutra/vaikhd_u.txt	71	caaupāsanam	aa			UNRESOLVED	none	caaupāsanam
6_sastra/4_dharma/sutra/vaikhd_u.txt	71	ādhāyaāghāraṃ	aā			UNRESOLVED	none	ādhāyaāghāraṃ
6_sastra/4_dharma/sutra/vaikhd_u.txt	75	grathiteadhas	ea			UNRESOLVED	none	grathiteadhas
6_sastra/4_dharma/sutra/vaikhd_u.txt	77	āvāhyaājyaṃ	aā			UNRESOLVED	none	āvāhyaājyaṃ
6_sastra/4_dharma/sutra/vaikhd_u.txt	77	svāhāity	āi			UNRESOLVED	none	svāhāity
6_sastra/4_dharma/sutra/vaikhd_u.txt	79	caūrdhva	aū			UNRESOLVED	none	caūrdhva
6_sastra/4_dharma/sutra/vaikhd_u.txt	89	patnīkāa	āa			UNRESOLVED	none	patnīkāa
6_sastra/4_dharma/sutra/vaikhd_u.txt	95	audumbaroakṛṣṭa	oa			UNRESOLVED	none	audumbaroakṛṣṭa
6_sastra/4_dharma/sutra/vaikhd_u.txt	95	vāaṇa	āa	vāaṇa	vāaṇa	SOURCE_PRESENT	none	vāaṇa
6_sastra/4_dharma/sutra/vaikhd_u.txt	97	evaādhāya	aā			UNRESOLVED	none	evaādhāya
6_sastra/4_dharma/sutra/vaikhd_u.txt	97	juhotiity	ii			UNRESOLVED	none	juhotiity
6_sastra/4_dharma/sutra/vaikhd_u.txt	99	capoṣayitvāagnihotra	āa			UNRESOLVED	none	capoṣayitvāagnihotra
6_sastra/4_dharma/sutra/vaikhd_u.txt	101	vasanoarka	oa			UNRESOLVED	none	vasanoarka
6_sastra/4_dharma/sutra/vaikhd_u.txt	101	utsṛjyaanyathā	aa			UNRESOLVED	none	utsṛjyaanyathā
6_sastra/4_dharma/sutra/vaikhd_u.txt	103	sūryaevaagnir	ae			UNRESOLVED	none	sūryaevaagnir
6_sastra/4_dharma/sutra/vaikhd_u.txt	103	sūryaevaagnir	aa			UNRESOLVED	none	sūryaevaagnir
6_sastra/4_dharma/sutra/vaikhd_u.txt	103	bhavatiity	ii			UNRESOLVED	none	bhavatiity
6_sastra/4_dharma/sutra/vaikhd_u.txt	109	ādinoarka	oa			UNRESOLVED	none	ādinoarka
6_sastra/4_dharma/sutra/vaikhd_u.txt	111	śāyinoabhyavagāhina	oa			UNRESOLVED	none	śāyinoabhyavagāhina
6_sastra/4_dharma/sutra/vaikhd_u.txt	111	caavāk	aa			UNRESOLVED	none	caavāk
6_sastra/4_dharma/sutra/vaikhd_u.txt	111	bhavantiiti	ii			UNRESOLVED	none	bhavantiiti
6_sastra/4_dharma/sutra/vaikhd_u.txt	117	caanyeṣu	aa			UNRESOLVED	none	caanyeṣu
6_sastra/4_dharma/sutra/vaikhd_u.txt	119	caekarātraṃ	ae			UNRESOLVED	none	caekarātraṃ
6_sastra/4_dharma/sutra/vaikhd_u.txt	131	saṃsāreabhivṛddhiṃ	ea			UNRESOLVED	none	saṃsāreabhivṛddhiṃ
6_sastra/4_dharma/sutra/vaikhd_u.txt	137	kṛtvāaṇima	āa			UNRESOLVED	none	kṛtvāaṇima
6_sastra/4_dharma/sutra/vaikhd_u.txt	139	naādriyante	aā			UNRESOLVED	none	naādriyante
6_sastra/4_dharma/sutra/vaikhd_u.txt	141	paramātmanoanyan	oa			UNRESOLVED	none	paramātmanoanyan
6_sastra/4_dharma/sutra/vaikhd_u.txt	141	astiiti	ii			UNRESOLVED	none	astiiti
6_sastra/4_dharma/sutra/vaikhd_u.txt	141	kṛtvāatīndriyaṃsarvajagad	āa			UNRESOLVED	none	kṛtvāatīndriyaṃsarvajagad
6_sastra/4_dharma/sutra/vaikhd_u.txt	151	taṃgacchantiiti	ii			UNRESOLVED	none	taṃgacchantiiti
6_sastra/4_dharma/sutra/vaikhd_u.txt	159	athaekārṣyā	ae			UNRESOLVED	none	athaekārṣyā
6_sastra/4_dharma/sutra/vaikhd_u.txt	161	evaṛṣir	aṛ			UNRESOLVED	none	evaṛṣir
6_sastra/4_dharma/sutra/vaikhd_u.txt	165	nāḍikayāāditya	āā			UNRESOLVED	none	nāḍikayāāditya
6_sastra/4_dharma/sutra/vaikhd_u.txt	167	yeadūra	ea			UNRESOLVED	none	yeadūra
6_sastra/4_dharma/sutra/vaikhd_u.txt	169	tatraeva	ae			UNRESOLVED	none	tatraeva
6_sastra/4_dharma/sutra/vaikhd_u.txt	169	dhyātvāākāśavat	āā			UNRESOLVED	none	dhyātvāākāśavat
6_sastra/4_dharma/sutra/vaikhd_u.txt	169	mātroaham	oa			UNRESOLVED	none	mātroaham
6_sastra/4_dharma/sutra/vaikhd_u.txt	171	pañcabhyoaṅgṣṭa	oa			UNRESOLVED	none	pañcabhyoaṅgṣṭa
6_sastra/4_dharma/sutra/vaikhd_u.txt	171	ādibhyaḥsthānebhyaākarṣaṇaṃ	aā			UNRESOLVED	none	ādibhyaḥsthānebhyaākarṣaṇaṃ
6_sastra/4_dharma/sutra/vaikhd_u.txt	183	yoasau	oa			UNRESOLVED	none	yoasau
6_sastra/4_dharma/sutra/vaikhd_u.txt	183	vyāpyaākāśavat	aā			UNRESOLVED	none	vyāpyaākāśavat
6_sastra/4_dharma/sutra/vaikhd_u.txt	185	brahmaṇoanyan	oa			UNRESOLVED	none	brahmaṇoanyan
6_sastra/4_dharma/sutra/vaikhd_u.txt	185	ātmānaṃpratipadyateasau	ea			UNRESOLVED	none	ātmānaṃpratipadyateasau
6_sastra/4_dharma/sutra/vaikhd_u.txt	187	gatasyaapi	aa			UNRESOLVED	none	gatasyaapi
6_sastra/4_dharma/sutra/vaikhd_u.txt	195	munayoapi	oa			UNRESOLVED	none	munayoapi
6_sastra/4_dharma/sutra/vaikhd_u.txt	197	naasmiñ	aa			UNRESOLVED	none	naasmiñ
6_sastra/4_dharma/sutra/vaikhd_u.txt	199	naanuṣṭheyo	aa			UNRESOLVED	none	naanuṣṭheyo
6_sastra/4_dharma/sutra/vaikhd_u.txt	203	sthaeva	ae			UNRESOLVED	none	sthaeva
6_sastra/4_dharma/sutra/vaikhd_u.txt	207	naasmiñ	aa			UNRESOLVED	none	naasmiñ
6_sastra/4_dharma/sutra/vaikhd_u.txt	209	naanuṣṭheyaḥ	aa			UNRESOLVED	none	naanuṣṭheyaḥ
6_sastra/4_dharma/sutra/vaikhd_u.txt	211	brahmaāśritya	aā			UNRESOLVED	none	brahmaāśritya
6_sastra/4_dharma/sutra/vaikhd_u.txt	219	pītvāupavāsaṃ	āu			UNRESOLVED	none	pītvāupavāsaṃ
6_sastra/4_dharma/sutra/vaikhd_u.txt	221	hutvāagni	āa			UNRESOLVED	none	hutvāagni
6_sastra/4_dharma/sutra/vaikhd_u.txt	225	vidhināagni	āa			UNRESOLVED	none	vidhināagni
6_sastra/4_dharma/sutra/vaikhd_u.txt	227	sūktenaagniṃmathitvā	aa			UNRESOLVED	none	sūktenaagniṃmathitvā
6_sastra/4_dharma/sutra/vaikhd_u.txt	227	prajvālyaagnaāyāhy	aa			UNRESOLVED	none	prajvālyaagnaāyāhy
6_sastra/4_dharma/sutra/vaikhd_u.txt	227	prajvālyaagnaāyāhy	aā			UNRESOLVED	none	prajvālyaagnaāyāhy
6_sastra/4_dharma/sutra/vaikhd_u.txt	229	praṇamyaagniṃ	aa			UNRESOLVED	none	praṇamyaagniṃ
6_sastra/4_dharma/sutra/vaikhd_u.txt	229	pariṣicyaagne	aa			UNRESOLVED	none	pariṣicyaagne
6_sastra/4_dharma/sutra/vaikhd_u.txt	229	hutvāapo	āa			UNRESOLVED	none	hutvāapo
6_sastra/4_dharma/sutra/vaikhd_u.txt	231	agraunyasyaūrdhveaśmānaṃ	aū			UNRESOLVED	none	agraunyasyaūrdhveaśmānaṃ
6_sastra/4_dharma/sutra/vaikhd_u.txt	231	agraunyasyaūrdhveaśmānaṃ	ea			UNRESOLVED	none	agraunyasyaūrdhveaśmānaṃ
6_sastra/4_dharma/sutra/vaikhd_u.txt	231	aṅguṣṭhāgreṇaaśmānamadhitiṣṭhet	aa			UNRESOLVED	none	aṅguṣṭhāgreṇaaśmānamadhitiṣṭhet
6_sastra/4_dharma/sutra/vaikhd_u.txt	231	caādadāty	aā			UNRESOLVED	none	caādadāty
6_sastra/4_dharma/sutra/vaikhd_u.txt	233	kṛtvāāsīta	āā			UNRESOLVED	none	kṛtvāāsīta
6_sastra/4_dharma/sutra/vaikhd_u.txt	235	hutvāājya	āā			UNRESOLVED	none	hutvāājya
6_sastra/4_dharma/sutra/vaikhd_u.txt	237	mahiiti	ii			UNRESOLVED	none	mahiiti
6_sastra/4_dharma/sutra/vaikhd_u.txt	237	caādityasya	aā			UNRESOLVED	none	caādityasya
6_sastra/4_dharma/sutra/vaikhd_u.txt	239	rāṣṭrabhṛdasiiti	ii			UNRESOLVED	none	rāṣṭrabhṛdasiiti
6_sastra/4_dharma/sutra/vaikhd_u.txt	239	ūrdhvaagraṃ	aa			UNRESOLVED	none	ūrdhvaagraṃ
6_sastra/4_dharma/sutra/vaikhd_u.txt	245	evaagniṃ	aa			UNRESOLVED	none	evaagniṃ
6_sastra/4_dharma/sutra/vaikhd_u.txt	245	pradakṣiṇīkṛtyaājyena	aā			UNRESOLVED	none	pradakṣiṇīkṛtyaājyena
6_sastra/4_dharma/sutra/vaikhd_u.txt	247	āyataṃvāapyavakraṃ	āa			UNRESOLVED	none	āyataṃvāapyavakraṃ
6_sastra/4_dharma/sutra/vaikhd_u.txt	251	ādīncaujjvālyaagnihotraṃhutvāāhavanīye	aa			UNRESOLVED	none	ādīncaujjvālyaagnihotraṃhutvāāhavanīye
6_sastra/4_dharma/sutra/vaikhd_u.txt	251	ādīncaujjvālyaagnihotraṃhutvāāhavanīye	āā			UNRESOLVED	none	ādīncaujjvālyaagnihotraṃhutvāāhavanīye
6_sastra/4_dharma/sutra/vaikhd_u.txt	251	sarvatraagnaye	aa			UNRESOLVED	none	sarvatraagnaye
6_sastra/4_dharma/sutra/vaikhd_u.txt	251	viṣṇavesvāhāiti	āi			UNRESOLVED	none	viṣṇavesvāhāiti
6_sastra/4_dharma/sutra/vaikhd_u.txt	251	hutvāagnīn	āa			UNRESOLVED	none	hutvāagnīn
6_sastra/4_dharma/sutra/vaikhd_u.txt	253	vaneadrau	ea			UNRESOLVED	none	vaneadrau
6_sastra/4_dharma/sutra/vaikhd_u.txt	255	sahaagnīn	aa			UNRESOLVED	none	sahaagnīn
6_sastra/4_dharma/sutra/vaikhd_u.txt	259	vṛtvāagniṃ	āa			UNRESOLVED	none	vṛtvāagniṃ
6_sastra/4_dharma/sutra/vaikhd_u.txt	259	vāagnyādheya	āa			UNRESOLVED	none	vāagnyādheya
6_sastra/4_dharma/sutra/vaikhd_u.txt	259	krameṇaādhāyaāhutī	aā			UNRESOLVED	none	krameṇaādhāyaāhutī
6_sastra/4_dharma/sutra/vaikhd_u.txt	259	krameṇaādhāyaāhutī	aā			UNRESOLVED	none	krameṇaādhāyaāhutī
6_sastra/4_dharma/sutra/vaikhd_u.txt	261	maunāniiti	ii			UNRESOLVED	none	maunāniiti
6_sastra/4_dharma/sutra/vaikhd_u.txt	261	daśaetānsatya	ae			UNRESOLVED	none	daśaetānsatya
6_sastra/4_dharma/sutra/vaikhd_u.txt	261	mādhuryāṇiiti	ii			UNRESOLVED	none	mādhuryāṇiiti
6_sastra/4_dharma/sutra/vaikhd_u.txt	265	anteathitīn	ea			UNRESOLVED	none	anteathitīn
6_sastra/4_dharma/sutra/vaikhd_u.txt	267	naaśnīyād	aa			UNRESOLVED	none	naaśnīyād
6_sastra/4_dharma/sutra/vaikhd_u.txt	269	vāāstīryasu	āā			UNRESOLVED	none	vāāstīryasu
6_sastra/4_dharma/sutra/vaikhd_u.txt	269	vināekaḥ	āe			UNRESOLVED	none	vināekaḥ
6_sastra/4_dharma/sutra/vaikhd_u.txt	271	sāasya	āa			UNRESOLVED	none	sāasya
6_sastra/4_dharma/sutra/vaikhd_u.txt	273	prekṣetaūrdhva	aū			UNRESOLVED	none	prekṣetaūrdhva
6_sastra/4_dharma/sutra/vaikhd_u.txt	277	uttareapy	ea			UNRESOLVED	none	uttareapy
6_sastra/4_dharma/sutra/vaikhd_u.txt	279	vāāhitāgniḥ	āā			UNRESOLVED	none	vāāhitāgniḥ
6_sastra/4_dharma/sutra/vaikhd_u.txt	279	samūhyanirmanthyaetena	ae			UNRESOLVED	none	samūhyanirmanthyaetena
6_sastra/4_dharma/sutra/vaikhd_u.txt	279	vidhināagnim	āa			UNRESOLVED	none	vidhināagnim
6_sastra/4_dharma/sutra/vaikhd_u.txt	279	ādhāyaāharet	aā			UNRESOLVED	none	ādhāyaāharet
6_sastra/4_dharma/sutra/vaikhd_u.txt	283	homaṃhutvāaraṇyādi	āa			UNRESOLVED	none	homaṃhutvāaraṇyādi
6_sastra/4_dharma/sutra/vaikhd_u.txt	283	tathāagnīn	āa			UNRESOLVED	none	tathāagnīn
6_sastra/4_dharma/sutra/vaikhd_u.txt	287	ūrdhvaṃvṛddhoan	oa			UNRESOLVED	none	ūrdhvaṃvṛddhoan
6_sastra/4_dharma/sutra/vaikhd_u.txt	291	dineapare	ea			UNRESOLVED	none	dineapare
6_sastra/4_dharma/sutra/vaikhd_u.txt	291	snātvāagnihotraṃ	āa			UNRESOLVED	none	snātvāagnihotraṃ
6_sastra/4_dharma/sutra/vaikhd_u.txt	293	saṃskṛtyaāhavanīyepūrṇa	aā			UNRESOLVED	none	saṃskṛtyaāhavanīyepūrṇa
6_sastra/4_dharma/sutra/vaikhd_u.txt	293	hutvāagnaye	āa			UNRESOLVED	none	hutvāagnaye
6_sastra/4_dharma/sutra/vaikhd_u.txt	293	svāhāiti	āi			UNRESOLVED	none	svāhāiti
6_sastra/4_dharma/sutra/vaikhd_u.txt	295	svāhāiti	āi			UNRESOLVED	none	svāhāiti
6_sastra/4_dharma/sutra/vaikhd_u.txt	297	śilāmayebhyoanyāni	oa			UNRESOLVED	none	śilāmayebhyoanyāni
6_sastra/4_dharma/sutra/vaikhd_u.txt	299	gṛhasthoanāhitāgnir	oa			UNRESOLVED	none	gṛhasthoanāhitāgnir
6_sastra/4_dharma/sutra/vaikhd_u.txt	301	pacchoardharcaśo	oa			UNRESOLVED	none	pacchoardharcaśo
6_sastra/4_dharma/sutra/vaikhd_u.txt	301	praviśāmiiti	ii			UNRESOLVED	none	praviśāmiiti
6_sastra/4_dharma/sutra/vaikhd_u.txt	303	teagne	ea	teagne	teagne	SOURCE_PRESENT	none	teagne
6_sastra/4_dharma/sutra/vaikhd_u.txt	305	mayāiti	āi			UNRESOLVED	none	mayāiti
6_sastra/4_dharma/sutra/vaikhd_u.txt	305	trirupāṃśuuccaiś	uu			UNRESOLVED	none	trirupāṃśuuccaiś
6_sastra/4_dharma/sutra/vaikhd_u.txt	305	pītvāācamya	āā			UNRESOLVED	none	pītvāācamya
6_sastra/4_dharma/sutra/vaikhd_u.txt	305	tathāevauktvā	āe			UNRESOLVED	none	tathāevauktvā
6_sastra/4_dharma/sutra/vaikhd_u.txt	307	vāupavītaṃkṛṣṇājinam	āu			UNRESOLVED	none	vāupavītaṃkṛṣṇājinam
6_sastra/4_dharma/sutra/vaikhd_u.txt	311	snātvāaghamarṣaṇa	āa			UNRESOLVED	none	snātvāaghamarṣaṇa
6_sastra/4_dharma/sutra/vaikhd_u.txt	311	sūktenaaghamarṣaṇaṃ	aa			UNRESOLVED	none	sūktenaaghamarṣaṇaṃ
6_sastra/4_dharma/sutra/vaikhd_u.txt	315	jaleadbhis	ea			UNRESOLVED	none	jaleadbhis
6_sastra/4_dharma/sutra/vaikhd_u.txt	315	tarpayitvāādyābhiś	āā			UNRESOLVED	none	tarpayitvāādyābhiś
6_sastra/4_dharma/sutra/vaikhd_u.txt	315	catasṛbhiḥsvadhāiti	āi			UNRESOLVED	none	catasṛbhiḥsvadhāiti
6_sastra/4_dharma/sutra/vaikhd_u.txt	319	visṛjyaabhayaṃ	aa			UNRESOLVED	none	visṛjyaabhayaṃ
6_sastra/4_dharma/sutra/vaikhd_u.txt	325	upavītaṃkṛtvāutkaṭikam	āu			UNRESOLVED	none	upavītaṃkṛtvāutkaṭikam
6_sastra/4_dharma/sutra/vaikhd_u.txt	331	gṛhasthoapi	oa			UNRESOLVED	none	gṛhasthoapi
6_sastra/4_dharma/sutra/vaikhd_u.txt	331	dattvāuddhṛtair	āu			UNRESOLVED	none	dattvāuddhṛtair
6_sastra/4_dharma/sutra/vaikhd_u.txt	333	tathāmṛdāadbhiḥ	āa			UNRESOLVED	none	tathāmṛdāadbhiḥ
6_sastra/4_dharma/sutra/vaikhd_u.txt	335	caetad	ae			UNRESOLVED	none	caetad
6_sastra/4_dharma/sutra/vaikhd_u.txt	341	mukhovāanyatraāsitvā	āa			UNRESOLVED	none	mukhovāanyatraāsitvā
6_sastra/4_dharma/sutra/vaikhd_u.txt	341	mukhovāanyatraāsitvā	aā			UNRESOLVED	none	mukhovāanyatraāsitvā
6_sastra/4_dharma/sutra/vaikhd_u.txt	341	mṛdāambunā	āa			UNRESOLVED	none	mṛdāambunā
6_sastra/4_dharma/sutra/vaikhd_u.txt	341	prakṣālyaācamya	aā			UNRESOLVED	none	prakṣālyaācamya
6_sastra/4_dharma/sutra/vaikhd_u.txt	345	visṛjyaarkaṃ	aa			UNRESOLVED	none	visṛjyaarkaṃ
6_sastra/4_dharma/sutra/vaikhd_u.txt	347	udakasyaagner	aa			UNRESOLVED	none	udakasyaagner
6_sastra/4_dharma/sutra/vaikhd_u.txt	349	caenoapamṛjyate	ae			UNRESOLVED	none	caenoapamṛjyate
6_sastra/4_dharma/sutra/vaikhd_u.txt	349	caenoapamṛjyate	oa			UNRESOLVED	none	caenoapamṛjyate
6_sastra/4_dharma/sutra/vaikhd_u.txt	353	saṃkīrtyaabhivādayed	aa			UNRESOLVED	none	saṃkīrtyaabhivādayed
6_sastra/4_dharma/sutra/vaikhd_u.txt	355	śīrṣoabhivādayaty	oa			UNRESOLVED	none	śīrṣoabhivādayaty
6_sastra/4_dharma/sutra/vaikhd_u.txt	359	naabhivandyo	aa			UNRESOLVED	none	naabhivandyo
6_sastra/4_dharma/sutra/vaikhd_u.txt	363	pratyāgatyaabhivandyāḥ	aa			UNRESOLVED	none	pratyāgatyaabhivandyāḥ
6_sastra/4_dharma/sutra/vaikhd_u.txt	375	vedamadhīyānoamāvāsyāyāṃ	oa			UNRESOLVED	none	vedamadhīyānoamāvāsyāyāṃ
6_sastra/4_dharma/sutra/vaikhd_u.txt	375	naadhīyīta	aa			UNRESOLVED	none	naadhīyīta
6_sastra/4_dharma/sutra/vaikhd_u.txt	377	caan	aa			UNRESOLVED	none	caan
6_sastra/4_dharma/sutra/vaikhd_u.txt	377	naasti	aa			UNRESOLVED	none	naasti
6_sastra/4_dharma/sutra/vaikhd_u.txt	379	tisroaṣṭakāsu	oa			UNRESOLVED	none	tisroaṣṭakāsu
6_sastra/4_dharma/sutra/vaikhd_u.txt	381	caekāham	ae			UNRESOLVED	none	caekāham
6_sastra/4_dharma/sutra/vaikhd_u.txt	383	grāmeantaḥśave	ea			UNRESOLVED	none	grāmeantaḥśave
6_sastra/4_dharma/sutra/vaikhd_u.txt	383	dāheaśani	ea			UNRESOLVED	none	dāheaśani
6_sastra/4_dharma/sutra/vaikhd_u.txt	383	naadhīyīta	aa			UNRESOLVED	none	naadhīyīta
6_sastra/4_dharma/sutra/vaikhd_u.txt	393	cadhāvayitvāācamyaaṅgāni	āā			UNRESOLVED	none	cadhāvayitvāācamyaaṅgāni
6_sastra/4_dharma/sutra/vaikhd_u.txt	393	cadhāvayitvāācamyaaṅgāni	aa			UNRESOLVED	none	cadhāvayitvāācamyaaṅgāni
6_sastra/4_dharma/sutra/vaikhd_u.txt	393	saṃśodhyaapaḥ	aa			UNRESOLVED	none	saṃśodhyaapaḥ
6_sastra/4_dharma/sutra/vaikhd_u.txt	395	praṇamyaagha	aa			UNRESOLVED	none	praṇamyaagha
6_sastra/4_dharma/sutra/vaikhd_u.txt	395	maṛṣaṇa	aṛ	maṛṣaṇa	maṛṣaṇa	SOURCE_PRESENT	none	maṛṣaṇa
6_sastra/4_dharma/sutra/vaikhd_u.txt	395	sūktenaagha	aa			UNRESOLVED	none	sūktenaagha
6_sastra/4_dharma/sutra/vaikhd_u.txt	395	maṛṣaṇaṃ	aṛ	maṛṣaṇaṃ	maṛṣaṇaṃ	SOURCE_PRESENT	none	maṛṣaṇaṃ
6_sastra/4_dharma/sutra/vaikhd_u.txt	395	kṛtvāidam	āi			UNRESOLVED	none	kṛtvāidam
6_sastra/4_dharma/sutra/vaikhd_u.txt	395	śivāitisnāyād	āi		śivāitisnāyād	UNRESOLVED	none	śivāitisnāyād
6_sastra/4_dharma/sutra/vaikhd_u.txt	397	vastreṇaāchādya	aā			UNRESOLVED	none	vastreṇaāchādya
6_sastra/4_dharma/sutra/vaikhd_u.txt	397	ācamyaprokṣyaāsīnas	aā			UNRESOLVED	none	ācamyaprokṣyaāsīnas
6_sastra/4_dharma/sutra/vaikhd_u.txt	397	japtvāādityam	āā			UNRESOLVED	none	japtvāādityam
6_sastra/4_dharma/sutra/vaikhd_u.txt	399	caārṣeṇa	aā			UNRESOLVED	none	caārṣeṇa
6_sastra/4_dharma/sutra/vaikhd_u.txt	399	tvāūrje	āū			UNRESOLVED	none	tvāūrje
6_sastra/4_dharma/sutra/vaikhd_u.txt	399	tvāiti	āi			UNRESOLVED	none	tvāiti
6_sastra/4_dharma/sutra/vaikhd_u.txt	401	vāapy	āa			UNRESOLVED	none	vāapy
6_sastra/4_dharma/sutra/vaikhd_u.txt	411	kumbhenaabhiṣiñced	aa			UNRESOLVED	none	kumbhenaabhiṣiñced
6_sastra/4_dharma/sutra/vaikhd_u.txt	415	āturoapsu	oa			UNRESOLVED	none	āturoapsu
6_sastra/4_dharma/sutra/vaikhd_u.txt	415	naavagāheta	aa			UNRESOLVED	none	naavagāheta
6_sastra/4_dharma/sutra/vaikhd_u.txt	417	avagāhyaācamya	aā			UNRESOLVED	none	avagāhyaācamya
6_sastra/4_dharma/sutra/vaikhd_u.txt	419	pādauprakṣālyaācamyaāsane	aā			UNRESOLVED	none	pādauprakṣālyaācamyaāsane
6_sastra/4_dharma/sutra/vaikhd_u.txt	419	pādauprakṣālyaācamyaāsane	aā			UNRESOLVED	none	pādauprakṣālyaācamyaāsane
6_sastra/4_dharma/sutra/vaikhd_u.txt	421	tatraannaṃ	aa			UNRESOLVED	none	tatraannaṃ
6_sastra/4_dharma/sutra/vaikhd_u.txt	423	prasannaṛtaṃ	aṛ	prasannaṛtaṃ	prasannaṛtaṃ	SOURCE_PRESENT	none	prasannaṛtaṃ
6_sastra/4_dharma/sutra/vaikhd_u.txt	423	pariṣiñcāmiiti	ii			UNRESOLVED	none	pariṣiñcāmiiti
6_sastra/4_dharma/sutra/vaikhd_u.txt	423	artenapariṣiñcāmiiti	ii			UNRESOLVED	none	artenapariṣiñcāmiiti
6_sastra/4_dharma/sutra/vaikhd_u.txt	425	asiity	ii			UNRESOLVED	none	asiity
6_sastra/4_dharma/sutra/vaikhd_u.txt	425	hutvāannam	āa			UNRESOLVED	none	hutvāannam
6_sastra/4_dharma/sutra/vaikhd_u.txt	427	bhuktvāamṛta	āa			UNRESOLVED	none	bhuktvāamṛta
6_sastra/4_dharma/sutra/vaikhd_u.txt	427	asiity	ii			UNRESOLVED	none	asiity
6_sastra/4_dharma/sutra/vaikhd_u.txt	427	apaḥpītvāācamyaācāmed	āā			UNRESOLVED	none	apaḥpītvāācamyaācāmed
6_sastra/4_dharma/sutra/vaikhd_u.txt	427	apaḥpītvāācamyaācāmed	aā			UNRESOLVED	none	apaḥpītvāācamyaācāmed
6_sastra/4_dharma/sutra/vaikhd_u.txt	429	naaśnāti	aa			UNRESOLVED	none	naaśnāti
6_sastra/4_dharma/sutra/vaikhd_u.txt	431	pātreannaṃ	ea			UNRESOLVED	none	pātreannaṃ
6_sastra/4_dharma/sutra/vaikhd_u.txt	433	añjalināapo	āa			UNRESOLVED	none	añjalināapo
6_sastra/4_dharma/sutra/vaikhd_u.txt	435	caannaṃ	aa			UNRESOLVED	none	caannaṃ
6_sastra/4_dharma/sutra/vaikhd_u.txt	435	naaśnīyāt	aa			UNRESOLVED	none	naaśnīyāt
6_sastra/4_dharma/sutra/vaikhd_u.txt	443	tatraevauddhṛtya	ae			UNRESOLVED	none	tatraevauddhṛtya
6_sastra/4_dharma/sutra/vaikhd_u.txt	445	prasūteantar	ea			UNRESOLVED	none	prasūteantar
6_sastra/4_dharma/sutra/vaikhd_u.txt	445	kṣīraṃsadāekaśapha	āe			UNRESOLVED	none	kṣīraṃsadāekaśapha
6_sastra/4_dharma/sutra/vaikhd_u.txt	453	kṣudhitoapi	oa			UNRESOLVED	none	kṣudhitoapi
6_sastra/4_dharma/sutra/vaikhd_u.txt	463	anteatithīn	ea			UNRESOLVED	none	anteatithīn
6_sastra/4_dharma/sutra/vaikhd_u.txt	475	naaśnāty	aa			UNRESOLVED	none	naaśnāty
6_sastra/4_dharma/sutra/vaikhd_u.txt	477	naavalokayet	aa			UNRESOLVED	none	naavalokayet
6_sastra/4_dharma/sutra/vaikhd_u.txt	481	naasti	aa			UNRESOLVED	none	naasti
6_sastra/4_dharma/sutra/vaikhd_u.txt	483	hitoadroheṇaevajīvecśuddha	oa			UNRESOLVED	none	hitoadroheṇaevajīvecśuddha
6_sastra/4_dharma/sutra/vaikhd_u.txt	483	hitoadroheṇaevajīvecśuddha	ae			UNRESOLVED	none	hitoadroheṇaevajīvecśuddha
6_sastra/4_dharma/sutra/vaikhd_u.txt	483	dhānyoa	oa			UNRESOLVED	none	dhānyoa
6_sastra/4_dharma/sutra/vaikhd_u.txt	487	udayeastamaye	ea			UNRESOLVED	none	udayeastamaye
6_sastra/4_dharma/sutra/vaikhd_u.txt	487	naīkṣeta	aī			UNRESOLVED	none	naīkṣeta
6_sastra/4_dharma/sutra/vaikhd_u.txt	495	parasyaāsana	aā			UNRESOLVED	none	parasyaāsana
6_sastra/4_dharma/sutra/vaikhd_u.txt	497	adatteṣuupayukteṣu	uu			UNRESOLVED	none	adatteṣuupayukteṣu
6_sastra/4_dharma/sutra/vaikhd_u.txt	499	chattrāṇinaeva	ae			UNRESOLVED	none	chattrāṇinaeva
6_sastra/4_dharma/sutra/vaikhd_u.txt	501	naenaṃ	ae			UNRESOLVED	none	naenaṃ
6_sastra/4_dharma/sutra/vaikhd_u.txt	503	ālayeagnau	ea			UNRESOLVED	none	ālayeagnau
6_sastra/4_dharma/sutra/vaikhd_u.txt	513	naavabodhayed	aa			UNRESOLVED	none	naavabodhayed
6_sastra/4_dharma/sutra/vaikhd_u.txt	515	ekoadhvānaṃ	oa			UNRESOLVED	none	ekoadhvānaṃ
6_sastra/4_dharma/sutra/vaikhd_u.txt	517	evaācakṣīta	aā			UNRESOLVED	none	evaācakṣīta
6_sastra/4_dharma/sutra/vaikhd_u.txt	523	naadhitiṣṭhet	aa			UNRESOLVED	none	naadhitiṣṭhet
6_sastra/4_dharma/sutra/vaikhd_u.txt	525	lipteaṅge	ea			UNRESOLVED	none	lipteaṅge
6_sastra/4_dharma/sutra/vaikhd_u.txt	529	ucchiṣṭoaśucir	oa			UNRESOLVED	none	ucchiṣṭoaśucir
6_sastra/4_dharma/sutra/vaikhd_u.txt	531	pitṛṛnvidvad	ṛṛ	pitṛṛnvidvad	pitṛṛnvidvad	SOURCE_PRESENT	none	pitṛṛnvidvad
6_sastra/4_dharma/sutra/vaikhd_u.txt	537	naācaret	aā			UNRESOLVED	none	naācaret
6_sastra/4_dharma/sutra/vaikhd_u.txt	539	puruṣasyaartha	aa			UNRESOLVED	none	puruṣasyaartha
6_sastra/4_dharma/sutra/vaikhd_u.txt	567	parasyaācāmatas	aā			UNRESOLVED	none	parasyaācāmatas
6_sastra/4_dharma/sutra/vaikhd_u.txt	567	naaśuciḥ	aa			UNRESOLVED	none	naaśuciḥ
6_sastra/4_dharma/sutra/vaikhd_u.txt	575	naāchādayet	aā			UNRESOLVED	none	naāchādayet
6_sastra/4_dharma/sutra/vaikhd_u.txt	589	patnīkoan	oa			UNRESOLVED	none	patnīkoan
6_sastra/4_dharma/sutra/vaikhd_u.txt	589	dāroa	oa			UNRESOLVED	none	dāroa
6_sastra/4_dharma/sutra/vaikhd_u.txt	589	bhikṣāṃbhikṣitvāambu	āa			UNRESOLVED	none	bhikṣāṃbhikṣitvāambu
6_sastra/4_dharma/sutra/vaikhd_u.txt	593	praṇavenaātmānaṃ	aā			UNRESOLVED	none	praṇavenaātmānaṃ
6_sastra/4_dharma/sutra/vaikhd_u.txt	595	tenaeva	ae			UNRESOLVED	none	tenaeva
6_sastra/4_dharma/sutra/vaikhd_u.txt	603	sahāyoan	oa			UNRESOLVED	none	sahāyoan
6_sastra/4_dharma/sutra/vaikhd_u.txt	605	anyatraekāhād	ae			UNRESOLVED	none	anyatraekāhād
6_sastra/4_dharma/sutra/vaikhd_u.txt	607	ekatraeva	ae			UNRESOLVED	none	ekatraeva
6_sastra/4_dharma/sutra/vaikhd_u.txt	609	gṛhītvāekakāle	āe			UNRESOLVED	none	gṛhītvāekakāle
6_sastra/4_dharma/sutra/vaikhd_u.txt	617	alābheapyavamāneapyaviṣādī	ea			UNRESOLVED	none	alābheapyavamāneapyaviṣādī
6_sastra/4_dharma/sutra/vaikhd_u.txt	617	alābheapyavamāneapyaviṣādī	ea			UNRESOLVED	none	alābheapyavamāneapyaviṣādī
6_sastra/4_dharma/sutra/vaikhd_u.txt	617	labdhesaṃmāneapy	ea			UNRESOLVED	none	labdhesaṃmāneapy
6_sastra/4_dharma/sutra/vaikhd_u.txt	625	ityādityāyaato	aa			UNRESOLVED	none	ityādityāyaato
6_sastra/4_dharma/sutra/vaikhd_u.txt	627	pāṇināagnihotra	āa			UNRESOLVED	none	pāṇināagnihotra
6_sastra/4_dharma/sutra/vaikhd_u.txt	627	vidhānenaātmayajñaṃ	aā			UNRESOLVED	none	vidhānenaātmayajñaṃ
6_sastra/4_dharma/sutra/vaikhd_u.txt	627	vāaśnīyāt	āa			UNRESOLVED	none	vāaśnīyāt
6_sastra/4_dharma/sutra/vaikhd_u.txt	627	naaśnāti	aa			UNRESOLVED	none	naaśnāti
6_sastra/4_dharma/sutra/vaikhd_u.txt	629	pītvāācamyaācāmati	āā			UNRESOLVED	none	pītvāācamyaācāmati
6_sastra/4_dharma/sutra/vaikhd_u.txt	629	pītvāācamyaācāmati	aā			UNRESOLVED	none	pītvāācamyaācāmati
6_sastra/4_dharma/sutra/vaikhd_u.txt	637	vadansarvabhūtasyaavirodhī	aa			UNRESOLVED	none	vadansarvabhūtasyaavirodhī
6_sastra/4_dharma/sutra/vaikhd_u.txt	637	sadāadhyātma	āa			UNRESOLVED	none	sadāadhyātma
6_sastra/4_dharma/sutra/vaikhd_u.txt	639	brahmaāpnoti	aā			UNRESOLVED	none	brahmaāpnoti
6_sastra/4_dharma/sutra/vaikhd_u.txt	643	saṃnyāsinoan	oa			UNRESOLVED	none	saṃnyāsinoan
6_sastra/4_dharma/sutra/vaikhd_u.txt	643	putroanyovā	oa			UNRESOLVED	none	putroanyovā
6_sastra/4_dharma/sutra/vaikhd_u.txt	643	tathāavaṭaṃ	āa			UNRESOLVED	none	tathāavaṭaṃ
6_sastra/4_dharma/sutra/vaikhd_u.txt	645	tathātatraāsayitvā	aā			UNRESOLVED	none	tathātatraāsayitvā
6_sastra/4_dharma/sutra/vaikhd_u.txt	649	vāāhitāgni	āā			UNRESOLVED	none	vāāhitāgni
6_sastra/4_dharma/sutra/vaikhd_u.txt	651	ādīnnaeva	ae			UNRESOLVED	none	ādīnnaeva
6_sastra/4_dharma/sutra/vaikhd_u.txt	655	soaśvamedha	oa			UNRESOLVED	none	soaśvamedha
6_sastra/4_dharma/sutra/vaikhd_u.txt	657	hatasyaātma	aā			UNRESOLVED	none	hatasyaātma
6_sastra/4_dharma/sutra/vaikhd_u.txt	657	mṛtasyaadāhyānām	aa			UNRESOLVED	none	mṛtasyaadāhyānām
6_sastra/4_dharma/sutra/vaikhd_u.txt	657	caekādaśa	ae			UNRESOLVED	none	caekādaśa
6_sastra/4_dharma/sutra/vaikhd_u.txt	661	pūrveahani	ea			UNRESOLVED	none	pūrveahani
6_sastra/4_dharma/sutra/vaikhd_u.txt	663	apareahani	ea			UNRESOLVED	none	apareahani
6_sastra/4_dharma/sutra/vaikhd_u.txt	663	vāagni	āa			UNRESOLVED	none	vāagni
6_sastra/4_dharma/sutra/vaikhd_u.txt	663	kṛtvāāghāraṃ	āā			UNRESOLVED	none	kṛtvāāghāraṃ
6_sastra/4_dharma/sutra/vaikhd_u.txt	665	paristīryaagner	aa			UNRESOLVED	none	paristīryaagner
6_sastra/4_dharma/sutra/vaikhd_u.txt	665	āvāhyaāsana	aā			UNRESOLVED	none	āvāhyaāsana
6_sastra/4_dharma/sutra/vaikhd_u.txt	671	caājyaṃ	aā			UNRESOLVED	none	caājyaṃ
6_sastra/4_dharma/sutra/vaikhd_u.txt	675	darbheṣuūtara	uū			UNRESOLVED	none	darbheṣuūtara
6_sastra/4_dharma/sutra/vaikhd_u.txt	685	jātoanulomo	oa			UNRESOLVED	none	jātoanulomo
6_sastra/4_dharma/sutra/vaikhd_u.txt	689	tatoanulomād	oa			UNRESOLVED	none	tatoanulomād
6_sastra/4_dharma/sutra/vaikhd_u.txt	689	jātoantarālaḥ	oa			UNRESOLVED	none	jātoantarālaḥ
6_sastra/4_dharma/sutra/vaikhd_u.txt	701	utpannoaśuddhobhoja	oa			UNRESOLVED	none	utpannoaśuddhobhoja
6_sastra/4_dharma/sutra/vaikhd_u.txt	701	naevaabhiṣecyaḥ	ae			UNRESOLVED	none	naevaabhiṣecyaḥ
6_sastra/4_dharma/sutra/vaikhd_u.txt	701	naevaabhiṣecyaḥ	aa			UNRESOLVED	none	naevaabhiṣecyaḥ
6_sastra/4_dharma/sutra/vaikhd_u.txt	703	abhāvea	ea			UNRESOLVED	none	abhāvea
6_sastra/4_dharma/sutra/vaikhd_u.txt	703	nṛṛn	ṛṛ	nṛṛn	nṛṛn	SOURCE_PRESENT	none	nṛṛn
6_sastra/4_dharma/sutra/vaikhd_u.txt	709	maṇikāroaśuddho	oa			UNRESOLVED	none	maṇikāroaśuddho
6_sastra/4_dharma/sutra/vaikhd_u.txt	713	ninditaḥśūdroaśvapāloaśva	oa			UNRESOLVED	none	ninditaḥśūdroaśvapāloaśva
6_sastra/4_dharma/sutra/vaikhd_u.txt	713	ninditaḥśūdroaśvapāloaśva	oa			UNRESOLVED	none	ninditaḥśūdroaśvapāloaśva
6_sastra/4_dharma/sutra/vaikhd_u.txt	717	sarveanuloma	ea			UNRESOLVED	none	sarveanuloma
6_sastra/4_dharma/sutra/vaikhd_u.txt	719	savarṇoanulomeṣu	oa			UNRESOLVED	none	savarṇoanulomeṣu
6_sastra/4_dharma/sutra/vaikhd_u.txt	721	caāyurveda	aā			UNRESOLVED	none	caāyurveda
6_sastra/4_dharma/sutra/vaikhd_u.txt	723	utpannoabhiniṣakta	oa			UNRESOLVED	none	utpannoabhiniṣakta
6_sastra/4_dharma/sutra/vaikhd_u.txt	733	naāpito	aā			UNRESOLVED	none	naāpito
6_sastra/4_dharma/sutra/vaikhd_u.txt	735	naācarati	aā			UNRESOLVED	none	naācarati
6_sastra/4_dharma/sutra/vaikhd_u.txt	737	āśvikoaśva	oa			UNRESOLVED	none	āśvikoaśva
6_sastra/4_dharma/sutra/vaikhd_u.txt	751	tatoanulomād	oa			UNRESOLVED	none	tatoanulomād
6_sastra/4_dharma/sutra/vaikhd_u.txt	751	caanulomaḥpitur	aa			UNRESOLVED	none	caanulomaḥpitur
6_sastra/4_dharma/sutra/vaikhd_u.txt	753	mukhyoayaṃ	oa			UNRESOLVED	none	mukhyoayaṃ
6_sastra/4_dharma/sutra/vaikhd_u.txt	755	rājñoanna	oa			UNRESOLVED	none	rājñoanna
6_sastra/4_dharma/sutra/vaikhd_u.txt	763	uapjīvī	ua	uapjīvī	uapjīvī	SOURCE_PRESENT	none	uapjīvī
6_sastra/4_dharma/sutra/vaikhd_u.txt	765	pulindoaraṇya	oa			UNRESOLVED	none	pulindoaraṇya
6_sastra/4_dharma/sutra/vaikhd_u.txt	767	vāārkṣāṃ	āā	vāārkṣāṃ	vāārkṣāṃ	SOURCE_PRESENT	none	vāārkṣāṃ
6_sastra/4_dharma/sutra/vaikhd_u.txt	775	anyatraapi	aa			UNRESOLVED	none	anyatraapi
6_sastra/4_dharma/sutra/vaikhd_u.txt	787	takṣakoaspṛśyojhallarī	oa			UNRESOLVED	none	takṣakoaspṛśyojhallarī
6_sastra/4_dharma/sutra/vaikhd_u.txt	787	suvarṇakāroayaskāraḥ	oa			UNRESOLVED	none	suvarṇakāroayaskāraḥ
6_sastra/4_dharma/sutra/vaikhd_u.txt	819	pitṛṛnpāvayitvā	ṛṛ		pitṛṛnpāvayitvā	UNRESOLVED	none	pitṛṛnpāvayitvā
6_sastra/5_artha/kautil_u.txt	71	saaśīti	aa			UNRESOLVED	none	saaśīti
6_sastra/5_artha/kautil_u.txt	337	saaṅge	aa			UNRESOLVED	none	saaṅge
6_sastra/5_artha/kautil_u.txt	583	saapasarpān	aa			UNRESOLVED	none	saapasarpān
6_sastra/5_artha/kautil_u.txt	1209	bhrātṛṛn	ṛṛ	bhrātṛṛn	bhrātṛṛn	SOURCE_PRESENT	none	bhrātṛṛn
6_sastra/5_artha/kautil_u.txt	1301	saapidhānac	aa			UNRESOLVED	none	saapidhānac
6_sastra/5_artha/kautil_u.txt	2201	vikretṛṛṇāṃ	ṛṛ	vikretṛṛṇāṃ	vikretṛṛṇāṃ	SOURCE_PRESENT	none	vikretṛṛṇāṃ
6_sastra/5_artha/kautil_u.txt	2207	āakaraṃ	āa	āakaraṃ	āakaraṃ	SOURCE_PRESENT	none	āakaraṃ
6_sastra/5_artha/kautil_u.txt	2393	saapasāraś	aa			UNRESOLVED	none	saapasāraś
6_sastra/5_artha/kautil_u.txt	2563	tuaṇḍulānāṃ	ua	tuaṇḍulānāṃ	tuaṇḍulānāṃ	SOURCE_PRESENT	none	tuaṇḍulānāṃ
6_sastra/5_artha/kautil_u.txt	2929	saardhaḥ	aa			UNRESOLVED	none	saardhaḥ
6_sastra/5_artha/kautil_u.txt	3187	vikretṛṛṇāṃ	ṛṛ	vikretṛṛṇāṃ	vikretṛṛṇāṃ	SOURCE_PRESENT	none	vikretṛṛṇāṃ
6_sastra/5_artha/kautil_u.txt	3209	kretṛṛṇāṃ	ṛṛ	kretṛṛṇāṃ	kretṛṛṇāṃ	SOURCE_PRESENT	none	kretṛṛṇāṃ
6_sastra/5_artha/kautil_u.txt	3333	labheeta	ee	labheeta	labheeta	SOURCE_PRESENT	none	labheeta
6_sastra/5_artha/kautil_u.txt	3893	śrotṛṛṇām	ṛṛ	śrotṛṛṇām	śrotṛṛṇām	SOURCE_PRESENT	none	śrotṛṛṇām
6_sastra/5_artha/kautil_u.txt	3913	śrotṛṛṇāṃ	ṛṛ	śrotṛṛṇāṃ	śrotṛṛṇāṃ	SOURCE_PRESENT	none	śrotṛṛṇāṃ
6_sastra/5_artha/kautil_u.txt	4589	śrotṛṛṇām	ṛṛ	śrotṛṛṇām	śrotṛṛṇām	SOURCE_PRESENT	none	śrotṛṛṇām
6_sastra/5_artha/kautil_u.txt	4683	śrotṛṛṇām	ṛṛ	śrotṛṛṇām	śrotṛṛṇām	SOURCE_PRESENT	none	śrotṛṛṇām
6_sastra/5_artha/kautil_u.txt	4721	bhrātṛṛṇāṃ	ṛṛ	bhrātṛṛṇāṃ	bhrātṛṛṇāṃ	SOURCE_PRESENT	none	bhrātṛṛṇāṃ
6_sastra/5_artha/kautil_u.txt	4893	śrotṛṛṇāṃ	ṛṛ	śrotṛṛṇāṃ	śrotṛṛṇāṃ	SOURCE_PRESENT	none	śrotṛṛṇāṃ
6_sastra/5_artha/kautil_u.txt	4929	śrotṛṛṇāṃ	ṛṛ	śrotṛṛṇāṃ	śrotṛṛṇāṃ	SOURCE_PRESENT	none	śrotṛṛṇāṃ
6_sastra/5_artha/kautil_u.txt	7211	śeeṣa	ee	śeeṣa	śeeṣa	SOURCE_PRESENT	none	śeeṣa
6_sastra/5_artha/kautil_u.txt	8865	prakṛiti	ṛi	prakṛiti	prakṛiti	SOURCE_PRESENT	none	prakṛiti
6_sastra/5_artha/kautil_u.txt	9505	śeeṣam	ee	śeeṣam	śeeṣam	SOURCE_PRESENT	none	śeeṣam
6_sastra/6_kama/kamasutu.txt	3343	aasyāḥ	aa			UNRESOLVED	none	aasyāḥ
6_sastra/7_ayur/anandk_u.txt	245	yojanamātroā	oā	yojanamātroā	yojanamātroā	SOURCE_PRESENT	none	yojanamātroā
6_sastra/7_ayur/anandk_u.txt	7973	bei	ei	bei	bei	SOURCE_PRESENT	none	bei
6_sastra/7_ayur/anandk_u.txt	9027	poison	oi	poison	poison	SOURCE_PRESENT	none	poison
6_sastra/7_ayur/anandk_u.txt	9037	poison	oi	poison	poison	SOURCE_PRESENT	none	poison
6_sastra/7_ayur/anandk_u.txt	21587	properties	ie		properties	UNRESOLVED	none	properties
6_sastra/7_ayur/anandk_u.txt	21593	properties	ie		properties	UNRESOLVED	none	properties
6_sastra/7_ayur/anandk_u.txt	22249	properties	ie		properties	UNRESOLVED	none	properties
6_sastra/7_ayur/anandk_u.txt	22255	properties	ie		properties	UNRESOLVED	none	properties
6_sastra/7_ayur/anandk_u.txt	22303	properties	ie		properties	UNRESOLVED	none	properties
6_sastra/7_ayur/anandk_u.txt	22591	properties	ie		properties	UNRESOLVED	none	properties
6_sastra/7_ayur/anandk_u.txt	22653	properties	ie		properties	UNRESOLVED	none	properties
6_sastra/7_ayur/anandk_u.txt	22695	properties	ie		properties	UNRESOLVED	none	properties
6_sastra/7_ayur/anandk_u.txt	22755	properties	ie		properties	UNRESOLVED	none	properties
6_sastra/7_ayur/anandk_u.txt	22797	properties	ie		properties	UNRESOLVED	none	properties
6_sastra/7_ayur/anandk_u.txt	22981	sea	ea	sea	sea	SOURCE_PRESENT	none	sea
6_sastra/7_ayur/anandk_u.txt	22981	properties	ie		properties	UNRESOLVED	none	properties
6_sastra/7_ayur/anandk_u.txt	23031	properties	ie		properties	UNRESOLVED	none	properties
6_sastra/7_ayur/anandk_u.txt	24143	properties	ie		properties	UNRESOLVED	none	properties
6_sastra/7_ayur/anandk_u.txt	24151	properties	ie		properties	UNRESOLVED	none	properties
6_sastra/7_ayur/anandk_u.txt	24167	properties	ie		properties	UNRESOLVED	none	properties
6_sastra/7_ayur/anandk_u.txt	24171	properties	ie		properties	UNRESOLVED	none	properties
6_sastra/7_ayur/anandk_u.txt	24375	properties	ie		properties	UNRESOLVED	none	properties
6_sastra/7_ayur/anandk_u.txt	24381	properties	ie		properties	UNRESOLVED	none	properties
6_sastra/7_ayur/anandk_u.txt	24919	pearl	ea		pearl	UNRESOLVED	none	pearl
6_sastra/7_ayur/anandk_u.txt	24929	pearl	ea		pearl	UNRESOLVED	none	pearl
6_sastra/7_ayur/anandk_u.txt	24929	properties	ie		properties	UNRESOLVED	none	properties
6_sastra/7_ayur/anandk_u.txt	24975	properties	ie		properties	UNRESOLVED	none	properties
6_sastra/7_ayur/anandk_u.txt	25029	true	ue	true	true	SOURCE_PRESENT	none	true
6_sastra/7_ayur/anandk_u.txt	25043	properties	ie		properties	UNRESOLVED	none	properties
6_sastra/7_ayur/bhavpr_u.txt	189	ślīpadaśothārśaānāhodaramārutān	aā	ślīpadaśothārśaānāhodaramārutān	ślīpadaśothārśaānāhodaramārutān	SOURCE_PRESENT	none	ślīpadaśothārśaānāhodaramārutān
6_sastra/7_ayur/caraka_u.txt	2647	vāe	āe	vāe	vāe	SOURCE_PRESENT	none	vāe
6_sastra/7_ayur/caraka_u.txt	6513	sāmaṛgvyatiriktaṃ	aṛ	sāmaṛgvyatiriktaṃ	sāmaṛgvyatiriktaṃ	SOURCE_PRESENT	none	sāmaṛgvyatiriktaṃ
6_sastra/7_ayur/rasadhpu.txt	367	bīaṅkaḥ	īa	bīaṅkaḥ	bīaṅkaḥ	SOURCE_PRESENT	none	bīaṅkaḥ
6_sastra/7_ayur/rasadhpu.txt	403	karmāīrasena	āī	karmāīrasena	karmāīrasena	SOURCE_PRESENT	none	karmāīrasena
6_sastra/7_ayur/rasadhpu.txt	2011	vaḍavāibhir	āi	vaḍavāibhir	vaḍavāibhir	SOURCE_PRESENT	none	vaḍavāibhir
6_sastra/7_ayur/rasadhpu.txt	2041	vaḍavāikānisāhāyāṃ	āi	vaḍavāikānisāhāyāṃ	vaḍavāikānisāhāyāṃ	SOURCE_PRESENT	none	vaḍavāikānisāhāyāṃ
6_sastra/7_ayur/rasadhpu.txt	2045	vaḍavāikānāṃ	āi	vaḍavāikānāṃ	vaḍavāikānāṃ	SOURCE_PRESENT	none	vaḍavāikānāṃ
6_sastra/7_ayur/rasadhpu.txt	2047	vaḍavāikābhiḥ	āi	vaḍavāikābhiḥ	vaḍavāikābhiḥ	SOURCE_PRESENT	none	vaḍavāikābhiḥ
6_sastra/7_ayur/vagaah_u.txt	4859	ūav	ūa			UNRESOLVED	none	ūav
6_sastra/7_ayur/vagaah_u.txt	5197	ūab	ūa			UNRESOLVED	none	ūab
6_sastra/7_ayur/vagaah_u.txt	5203	ūav	ūa			UNRESOLVED	none	ūav
6_sastra/7_ayur/vagaah_u.txt	5967	ūab	ūa			UNRESOLVED	none	ūab
6_sastra/7_ayur/vagaah_u.txt	6029	ūab	ūa			UNRESOLVED	none	ūab
6_sastra/7_ayur/vagaah_u.txt	6031	ūav	ūa			UNRESOLVED	none	ūav
6_sastra/7_ayur/vagaah_u.txt	6317	ūab	ūa			UNRESOLVED	none	ūab
6_sastra/7_ayur/vagaah_u.txt	6319	ūav	ūa			UNRESOLVED	none	ūav
6_sastra/7_ayur/vagaah_u.txt	6319	ūav	ūa			UNRESOLVED	none	ūav
6_sastra/7_ayur/vagaah_u.txt	6425	ūab	ūa			UNRESOLVED	none	ūab
6_sastra/7_ayur/vagaah_u.txt	6627	ūab	ūa			UNRESOLVED	none	ūab
6_sastra/7_ayur/vagaah_u.txt	6637	ūav	ūa			UNRESOLVED	none	ūav
6_sastra/7_ayur/vagaah_u.txt	6951	ūab	ūa			UNRESOLVED	none	ūab
6_sastra/7_ayur/vagaah_u.txt	6953	ūav	ūa			UNRESOLVED	none	ūav
6_sastra/7_ayur/vagaah_u.txt	7477	ūab	ūa			UNRESOLVED	none	ūab
6_sastra/7_ayur/vagaah_u.txt	8717	ūab	ūa			UNRESOLVED	none	ūab
6_sastra/7_ayur/vagaah_u.txt	10977	ūab	ūa			UNRESOLVED	none	ūab
6_sastra/7_ayur/vagaah_u.txt	11091	ūab	ūa			UNRESOLVED	none	ūab
6_sastra/7_ayur/vagaah_u.txt	12059	ūab	ūa			UNRESOLVED	none	ūab
6_sastra/7_ayur/vagaah_u.txt	13851	ūab	ūa			UNRESOLVED	none	ūab
6_sastra/7_ayur/vagaah_u.txt	14393	ūab	ūa			UNRESOLVED	none	ūab
6_sastra/7_ayur/vagaah_u.txt	14395	ūav	ūa			UNRESOLVED	none	ūav
6_sastra/7_ayur/vagaah_u.txt	14683	ūab	ūa			UNRESOLVED	none	ūab
6_sastra/7_ayur/vagaah_u.txt	16021	ūab	ūa			UNRESOLVED	none	ūab
6_sastra/7_ayur/vagaah_u.txt	16861	ūab	ūa			UNRESOLVED	none	ūab
6_sastra/7_ayur/vagaah_u.txt	17245	ūab	ūa			UNRESOLVED	none	ūab
6_sastra/7_ayur/vagaah_u.txt	17349	ūab	ūa			UNRESOLVED	none	ūab
6_sastra/7_ayur/vagaah_u.txt	17673	ūab	ūa			UNRESOLVED	none	ūab
6_sastra/7_ayur/vagaah_u.txt	19279	ūab	ūa			UNRESOLVED	none	ūab
6_sastra/7_ayur/vagaah_u.txt	20565	ūab	ūa			UNRESOLVED	none	ūab
6_sastra/7_ayur/vagaah_u.txt	21445	ūab	ūa			UNRESOLVED	none	ūab
6_sastra/7_ayur/vagaah_u.txt	22037	ūab	ūa			UNRESOLVED	none	ūab
6_sastra/7_ayur/vagaah_u.txt	22843	ūab	ūa			UNRESOLVED	none	ūab
6_sastra/7_ayur/vagaah_u.txt	23449	ūab	ūa			UNRESOLVED	none	ūab
6_sastra/7_ayur/vagaah_u.txt	24707	koṣṭhāṛśasāṃ	āṛ		koṣṭhāṛśasāṃ	UNRESOLVED	none	koṣṭhāṛśasāṃ
6_sastra/7_ayur/vagaah_u.txt	24707	kuṣṭhāṛśasāṃ	āṛ		kuṣṭhāṛśasāṃ	UNRESOLVED	none	kuṣṭhāṛśasāṃ
6_sastra/7_ayur/vagaah_u.txt	24709	ūab	ūa			UNRESOLVED	none	ūab
6_sastra/7_ayur/vagaah_u.txt	25861	ūab	ūa			UNRESOLVED	none	ūab
6_sastra/7_ayur/vagaah_u.txt	25863	ūav	ūa			UNRESOLVED	none	ūav
6_sastra/7_ayur/vagaah_u.txt	26131	ūab	ūa			UNRESOLVED	none	ūab
6_sastra/7_ayur/vagaah_u.txt	26133	ūav	ūa			UNRESOLVED	none	ūav
6_sastra/7_ayur/vagaah_u.txt	26913	ūab	ūa			UNRESOLVED	none	ūab
6_sastra/7_ayur/vagaah_u.txt	28233	ūab	ūa			UNRESOLVED	none	ūab
6_sastra/7_ayur/vagaah_u.txt	28607	ūab	ūa			UNRESOLVED	none	ūab
6_sastra/7_ayur/vagaah_u.txt	28903	ūab	ūa			UNRESOLVED	none	ūab
6_sastra/7_ayur/vagaah_u.txt	28905	ūav	ūa			UNRESOLVED	none	ūav
6_sastra/7_ayur/vagaah_u.txt	29085	ūab	ūa			UNRESOLVED	none	ūab
6_sastra/7_ayur/vagaah_u.txt	29329	puṛīṣeṇa	uṛ	puṛīṣeṇa	puṛīṣeṇa	SOURCE_PRESENT	none	puṛīṣeṇa
6_sastra/7_ayur/vagaah_u.txt	29329	puṛīṣeṇa	ṛī	puṛīṣeṇa	puṛīṣeṇa	SOURCE_PRESENT	none	puṛīṣeṇa
6_sastra/7_ayur/vagaah_u.txt	30155	ūab	ūa			UNRESOLVED	none	ūab
6_sastra/7_ayur/vagaah_u.txt	30273	ūab	ūa			UNRESOLVED	none	ūab
6_sastra/7_ayur/vagaah_u.txt	33217	ūab	ūa			UNRESOLVED	none	ūab
6_sastra/7_ayur/vagaah_u.txt	34481	ūab	ūa			UNRESOLVED	none	ūab
6_sastra/7_ayur/vagaah_u.txt	34749	ūab	ūa			UNRESOLVED	none	ūab
6_sastra/7_ayur/vagaah_u.txt	35553	ūab	ūa			UNRESOLVED	none	ūab
6_sastra/8_jyot/aryabh_u.txt	7	vargaakṣarāṇi	aa			UNRESOLVED	none	vargaakṣarāṇi
6_sastra/8_jyot/aryabh_u.txt	7	avargaakṣarāṇi	aa			UNRESOLVED	none	avargaakṣarāṇi
6_sastra/8_jyot/aryabh_u.txt	17	budhaahni	aa			UNRESOLVED	none	budhaahni
6_sastra/8_jyot/aryabh_u.txt	17	ajaarkaudayāt	aa			UNRESOLVED	none	ajaarkaudayāt
6_sastra/8_jyot/aryabh_u.txt	19	kaahas	aa			UNRESOLVED	none	kaahas
6_sastra/8_jyot/aryabh_u.txt	21	kalpaādes	aā			UNRESOLVED	none	kalpaādes
6_sastra/8_jyot/aryabh_u.txt	25	khayugaaṃśe	aa			UNRESOLVED	none	khayugaaṃśe
6_sastra/8_jyot/aryabh_u.txt	25	vaaṃśe	aa			UNRESOLVED	none	vaaṃśe
6_sastra/8_jyot/aryabh_u.txt	29	maaṃśakās	aa			UNRESOLVED	none	maaṃśakās
6_sastra/8_jyot/aryabh_u.txt	29	samaarkasamās	aa			UNRESOLVED	none	samaarkasamās
6_sastra/8_jyot/aryabh_u.txt	31	bhaapakramas	aa			UNRESOLVED	none	bhaapakramas
6_sastra/8_jyot/aryabh_u.txt	31	grahaaṃśās	aa			UNRESOLVED	none	grahaaṃśās
6_sastra/8_jyot/aryabh_u.txt	33	scaaṅgulas	aa			UNRESOLVED	none	scaaṅgulas
6_sastra/8_jyot/aryabh_u.txt	45	kuvāyukakṣyāantyā	āa			UNRESOLVED	none	kuvāyukakṣyāantyā
6_sastra/8_jyot/aryabh_u.txt	67	dvādaśaaśris	aa			UNRESOLVED	none	dvādaśaaśris
6_sastra/8_jyot/aryabh_u.txt	71	sthānaantare	aa			UNRESOLVED	none	sthānaantare
6_sastra/8_jyot/aryabh_u.txt	103	ardhaaṃśais	aa			UNRESOLVED	none	ardhaaṃśais
6_sastra/8_jyot/aryabh_u.txt	117	chāyāagravivaram	āa			UNRESOLVED	none	chāyāagravivaram
6_sastra/8_jyot/aryabh_u.txt	125	grāsaūne	aū			UNRESOLVED	none	grāsaūne
6_sastra/8_jyot/aryabh_u.txt	127	grāsaūnayogalabdhau	aū			UNRESOLVED	none	grāsaūnayogalabdhau
6_sastra/8_jyot/aryabh_u.txt	131	ādiantam	ia			UNRESOLVED	none	ādiantam
6_sastra/8_jyot/aryabh_u.txt	133	dviguṇaādiuttaraviśeṣavargayutāt	aā			UNRESOLVED	none	dviguṇaādiuttaraviśeṣavargayutāt
6_sastra/8_jyot/aryabh_u.txt	133	dviguṇaādiuttaraviśeṣavargayutāt	iu			UNRESOLVED	none	dviguṇaādiuttaraviśeṣavargayutāt
6_sastra/8_jyot/aryabh_u.txt	135	dviguṇaādiūnam	aā			UNRESOLVED	none	dviguṇaādiūnam
6_sastra/8_jyot/aryabh_u.txt	135	dviguṇaādiūnam	iū			UNRESOLVED	none	dviguṇaādiūnam
6_sastra/8_jyot/aryabh_u.txt	135	rūpaardham	aa			UNRESOLVED	none	rūpaardham
6_sastra/8_jyot/aryabh_u.txt	137	ekauttaraādiupacites	aā			UNRESOLVED	none	ekauttaraādiupacites
6_sastra/8_jyot/aryabh_u.txt	137	ekauttaraādiupacites	iu			UNRESOLVED	none	ekauttaraādiupacites
6_sastra/8_jyot/aryabh_u.txt	137	gaccaādi	aā			UNRESOLVED	none	gaccaādi
6_sastra/8_jyot/aryabh_u.txt	149	dviantaravargeṇa	ia			UNRESOLVED	none	dviantaravargeṇa
6_sastra/8_jyot/aryabh_u.txt	155	ardhaūnam	aū			UNRESOLVED	none	ardhaūnam
6_sastra/8_jyot/aryabh_u.txt	169	rāśiūnam	iū			UNRESOLVED	none	rāśiūnam
6_sastra/8_jyot/aryabh_u.txt	169	rāśiūnam	iū			UNRESOLVED	none	rāśiūnam
6_sastra/8_jyot/aryabh_u.txt	173	gulikāantareṇa	āa			UNRESOLVED	none	gulikāantareṇa
6_sastra/8_jyot/aryabh_u.txt	179	gatiantareṇa	ia			UNRESOLVED	none	gatiantareṇa
6_sastra/8_jyot/aryabh_u.txt	179	atītaaiṣyau	aa			UNRESOLVED	none	atītaaiṣyau
6_sastra/8_jyot/aryabh_u.txt	181	adhikaagrabhāgahāram	aa			UNRESOLVED	none	adhikaagrabhāgahāram
6_sastra/8_jyot/aryabh_u.txt	181	ūnaagrabhāgahāreṇa	aa			UNRESOLVED	none	ūnaagrabhāgahāreṇa
6_sastra/8_jyot/aryabh_u.txt	183	agraantare	aa			UNRESOLVED	none	agraantare
6_sastra/8_jyot/aryabh_u.txt	185	antyayujūnaagrachedabhājite	aa			UNRESOLVED	none	antyayujūnaagrachedabhājite
6_sastra/8_jyot/aryabh_u.txt	187	adhikaagrachedaguṇam	aa			UNRESOLVED	none	adhikaagrachedaguṇam
6_sastra/8_jyot/aryabh_u.txt	187	dvichedaagram	aa			UNRESOLVED	none	dvichedaagram
6_sastra/8_jyot/aryabh_u.txt	187	adhikaagrayutam	aa			UNRESOLVED	none	adhikaagrayutam
6_sastra/8_jyot/aryabh_u.txt	195	guruakṣarāṇi	ua			UNRESOLVED	none	guruakṣarāṇi
6_sastra/8_jyot/aryabh_u.txt	205	aśvayujaādyās	aā			UNRESOLVED	none	aśvayujaādyās
6_sastra/8_jyot/aryabh_u.txt	207	raviabdās	ia			UNRESOLVED	none	raviabdās
6_sastra/8_jyot/aryabh_u.txt	209	bhaāvartās	aā			UNRESOLVED	none	bhaāvartās
6_sastra/8_jyot/aryabh_u.txt	213	bhūdivasaūnās	aū			UNRESOLVED	none	bhūdivasaūnās
6_sastra/8_jyot/aryabh_u.txt	225	induuccāt	uu			UNRESOLVED	none	induuccāt
6_sastra/8_jyot/aryabh_u.txt	227	ṣaṣṭiabdānām	ia			UNRESOLVED	none	ṣaṣṭiabdānām
6_sastra/8_jyot/aryabh_u.txt	229	triadhikā	ia			UNRESOLVED	none	triadhikā
6_sastra/8_jyot/aryabh_u.txt	231	caitraśuklaādes	aā			UNRESOLVED	none	caitraśuklaādes
6_sastra/8_jyot/aryabh_u.txt	233	anādiantas	ia			UNRESOLVED	none	anādiantas
6_sastra/8_jyot/aryabh_u.txt	235	sūryaabdānām	aa			UNRESOLVED	none	sūryaabdānām
6_sastra/8_jyot/aryabh_u.txt	247	śanaiścarasuragurubhaumaarkaśukrabudhacandrās	aa			UNRESOLVED	none	śanaiścarasuragurubhaumaarkaśukrabudhacandrās
6_sastra/8_jyot/aryabh_u.txt	251	horāīśās	āī			UNRESOLVED	none	horāīśās
6_sastra/8_jyot/aryabh_u.txt	251	śanaiścaraādyās	aā			UNRESOLVED	none	śanaiścaraādyās
6_sastra/8_jyot/aryabh_u.txt	283	ardhaūnam	aū			UNRESOLVED	none	ardhaūnam
6_sastra/8_jyot/aryabh_u.txt	293	meṣaādes	aā			UNRESOLVED	none	meṣaādes
6_sastra/8_jyot/aryabh_u.txt	293	kanyāantam	āa			UNRESOLVED	none	kanyāantam
6_sastra/8_jyot/aryabh_u.txt	295	taulyaādes	aā			UNRESOLVED	none	taulyaādes
6_sastra/8_jyot/aryabh_u.txt	295	mīnaantam	aa			UNRESOLVED	none	mīnaantam
6_sastra/8_jyot/aryabh_u.txt	305	arkaantarasthitas	aa			UNRESOLVED	none	arkaantarasthitas
6_sastra/8_jyot/aryabh_u.txt	307	dviadhikais	ia			UNRESOLVED	none	dviadhikais
6_sastra/8_jyot/aryabh_u.txt	307	dviadhikais	ia			UNRESOLVED	none	dviadhikais
6_sastra/8_jyot/aryabh_u.txt	311	sūryaabhimukhāni	aa			UNRESOLVED	none	sūryaabhimukhāni
6_sastra/8_jyot/aryabh_u.txt	329	udayaastamayanimittam	aa			UNRESOLVED	none	udayaastamayanimittam
6_sastra/8_jyot/aryabh_u.txt	343	madhyaahnas	aa			UNRESOLVED	none	madhyaahnas
6_sastra/8_jyot/aryabh_u.txt	351	ardhaadhikam	aa			UNRESOLVED	none	ardhaadhikam
6_sastra/8_jyot/aryabh_u.txt	361	pūrvaaparam	aa			UNRESOLVED	none	pūrvaaparam
6_sastra/8_jyot/aryabh_u.txt	363	udayaastamayau	aa			UNRESOLVED	none	udayaastamayau
6_sastra/8_jyot/aryabh_u.txt	365	pūrvaaparadiślagnam	aa			UNRESOLVED	none	pūrvaaparadiślagnam
6_sastra/8_jyot/aryabh_u.txt	365	akṣaagrayos	aa			UNRESOLVED	none	akṣaagrayos
6_sastra/8_jyot/aryabh_u.txt	369	pūrvaaparadiśrekhā	aa			UNRESOLVED	none	pūrvaaparadiśrekhā
6_sastra/8_jyot/aryabh_u.txt	373	grahaabhimukham	aa			UNRESOLVED	none	grahaabhimukham
6_sastra/8_jyot/aryabh_u.txt	375	trirāśiūnam	iū			UNRESOLVED	none	trirāśiūnam
6_sastra/8_jyot/aryabh_u.txt	383	viṣuvatjīvāakṣabhujā	āa			UNRESOLVED	none	viṣuvatjīvāakṣabhujā
6_sastra/8_jyot/aryabh_u.txt	385	iṣṭaapakramavargam	aa			UNRESOLVED	none	iṣṭaapakramavargam
6_sastra/8_jyot/aryabh_u.txt	389	kāṣṭhaantyam	aa			UNRESOLVED	none	kāṣṭhaantyam
6_sastra/8_jyot/aryabh_u.txt	391	svaahorātra	aa			UNRESOLVED	none	svaahorātra
6_sastra/8_jyot/aryabh_u.txt	391	laṅkāudayaprācjyās	āu			UNRESOLVED	none	laṅkāudayaprācjyās
6_sastra/8_jyot/aryabh_u.txt	393	iṣṭaapakramaguṇitām	aa			UNRESOLVED	none	iṣṭaapakramaguṇitām
6_sastra/8_jyot/aryabh_u.txt	395	svaahorātre	aa			UNRESOLVED	none	svaahorātre
6_sastra/8_jyot/aryabh_u.txt	401	svaahorātraiṣṭajyā	aa			UNRESOLVED	none	svaahorātraiṣṭajyā
6_sastra/8_jyot/aryabh_u.txt	401	avalambakaāhatām	aā			UNRESOLVED	none	avalambakaāhatām
6_sastra/8_jyot/aryabh_u.txt	407	sūryaśaṅkuagram	ua			UNRESOLVED	none	sūryaśaṅkuagram
6_sastra/8_jyot/aryabh_u.txt	409	paramaapakramajīvām	aa			UNRESOLVED	none	paramaapakramajīvām
6_sastra/8_jyot/aryabh_u.txt	409	ardhaāhatām	aā			UNRESOLVED	none	ardhaāhatām
6_sastra/8_jyot/aryabh_u.txt	411	arkaagrā	aa			UNRESOLVED	none	arkaagrā
6_sastra/8_jyot/aryabh_u.txt	411	pūrvaapare	aa			UNRESOLVED	none	pūrvaapare
6_sastra/8_jyot/aryabh_u.txt	413	viṣuvatjyāūnā	āū			UNRESOLVED	none	viṣuvatjyāūnā
6_sastra/8_jyot/aryabh_u.txt	415	pūrvaapare	aa			UNRESOLVED	none	pūrvaapare
6_sastra/8_jyot/aryabh_u.txt	421	madhyajyāudayajīvāsaṃvarge	āu			UNRESOLVED	none	madhyajyāudayajīvāsaṃvarge
6_sastra/8_jyot/aryabh_u.txt	429	vikṣepaguṇaakṣajyā	aa			UNRESOLVED	none	vikṣepaguṇaakṣajyā
6_sastra/8_jyot/aryabh_u.txt	433	vikṣepaapakramaguṇam	aa			UNRESOLVED	none	vikṣepaapakramaguṇam
6_sastra/8_jyot/aryabh_u.txt	441	sphuṭaśaśimāsaante	aa			UNRESOLVED	none	sphuṭaśaśimāsaante
6_sastra/8_jyot/aryabh_u.txt	441	pātaāsannas	aā			UNRESOLVED	none	pātaāsannas
6_sastra/8_jyot/aryabh_u.txt	443	pakṣaante	aa			UNRESOLVED	none	pakṣaante
6_sastra/8_jyot/aryabh_u.txt	443	adhikaūnam	aū			UNRESOLVED	none	adhikaūnam
6_sastra/8_jyot/aryabh_u.txt	449	chāyāagracandravivaram	āa			UNRESOLVED	none	chāyāagracandravivaram
6_sastra/8_jyot/aryabh_u.txt	455	candraarkadinabhogāt	aa			UNRESOLVED	none	candraarkadinabhogāt
6_sastra/8_jyot/aryabh_u.txt	457	ardhaūnasya	aū			UNRESOLVED	none	ardhaūnasya
6_sastra/8_jyot/aryabh_u.txt	469	madhyaahnautkramaguṇitas	aa			UNRESOLVED	none	madhyaahnautkramaguṇitas
6_sastra/8_jyot/aryabh_u.txt	471	trirāśisahitaayanāt	aa			UNRESOLVED	none	trirāśisahitaayanāt
6_sastra/8_jyot/aryabh_u.txt	473	pragrahaṇaante	aa			UNRESOLVED	none	pragrahaṇaante
6_sastra/8_jyot/aryabh_u.txt	479	suacchatanutvāt	ua			UNRESOLVED	none	suacchatanutvāt
6_sastra/8_jyot/aryabh_u.txt	481	raviinduyogāt	ii			UNRESOLVED	none	raviinduyogāt
6_sastra/8_jyot/aryabh_u.txt	489	svāyambhuavam	ua	svāyambhuavam	svāyambhuavam	SOURCE_PRESENT	none	svāyambhuavam
6_sastra/8_jyot/aryabh_u.txt	491	sukṛtaāyuṣos	aā			UNRESOLVED	none	sukṛtaāyuṣos
6_sastra/8_jyot/bijaganu.txt	1	dhanaṛṇaṣaṣvidham	aṛ			UNRESOLVED	none	dhanaṛṇaṣaṣvidham
6_sastra/8_jyot/bijaganu.txt	11	dhanaṛṇayos	aṛ			UNRESOLVED	none	dhanaṛṇayos
6_sastra/8_jyot/bijaganu.txt	15	svaṛṇam	aṛ			UNRESOLVED	none	svaṛṇam
6_sastra/8_jyot/bijaganu.txt	15	dhanaṛṇayos	aṛ			UNRESOLVED	none	dhanaṛṇayos
6_sastra/8_jyot/bijaganu.txt	17	ādyaakṣarāṇi	aa			UNRESOLVED	none	ādyaakṣarāṇi
6_sastra/8_jyot/bijaganu.txt	17	upalakṣaṇaartham	aa			UNRESOLVED	none	upalakṣaṇaartham
6_sastra/8_jyot/bijaganu.txt	25	svaṛṇaghāte	aṛ			UNRESOLVED	none	svaṛṇaghāte
6_sastra/8_jyot/bijaganu.txt	31	rūpaaṣṭakam	aa			UNRESOLVED	none	rūpaaṣṭakam
6_sastra/8_jyot/bijaganu.txt	35	svaṛṇayos	aṛ			UNRESOLVED	none	svaṛṇayos
6_sastra/8_jyot/bijaganu.txt	35	dhanaṛṇe	aṛ			UNRESOLVED	none	dhanaṛṇe
6_sastra/8_jyot/bijaganu.txt	39	dhanaātmakānām	aā			UNRESOLVED	none	dhanaātmakānām
6_sastra/8_jyot/bijaganu.txt	39	adhanaātmakānām	aā			UNRESOLVED	none	adhanaātmakānām
6_sastra/8_jyot/bijaganu.txt	43	dhanaṛṇam	aṛ			UNRESOLVED	none	dhanaṛṇam
6_sastra/8_jyot/bijaganu.txt	45	rūoatrayam	ūo	rūoatrayam	rūoatrayam	SOURCE_PRESENT	none	rūoatrayam
6_sastra/8_jyot/bijaganu.txt	45	rūoatrayam	oa	rūoatrayam	rūoatrayam	SOURCE_PRESENT	none	rūoatrayam
6_sastra/8_jyot/bijaganu.txt	47	vadhaādau	aā			UNRESOLVED	none	vadhaādau
6_sastra/8_jyot/bijaganu.txt	63	saekarūpam	ae			UNRESOLVED	none	saekarūpam
6_sastra/8_jyot/bijaganu.txt	63	dhanaavyaktayugmam	aa			UNRESOLVED	none	dhanaavyaktayugmam
6_sastra/8_jyot/bijaganu.txt	63	virūpaaṣṭakam	aa			UNRESOLVED	none	virūpaaṣṭakam
6_sastra/8_jyot/bijaganu.txt	65	dhanaṛṇe	aṛ			UNRESOLVED	none	dhanaṛṇe
6_sastra/8_jyot/bijaganu.txt	67	dhanaavyaktavargatrayam	aa			UNRESOLVED	none	dhanaavyaktavargatrayam
6_sastra/8_jyot/bijaganu.txt	67	kṣayaavyaktayugmena	aa			UNRESOLVED	none	kṣayaavyaktayugmena
6_sastra/8_jyot/bijaganu.txt	69	dhanaavyaktayugmāt	aa			UNRESOLVED	none	dhanaavyaktayugmāt
6_sastra/8_jyot/bijaganu.txt	69	ṛṇaavyaktaṣaṭkam	aa			UNRESOLVED	none	ṛṇaavyaktaṣaṭkam
6_sastra/8_jyot/bijaganu.txt	69	sarūpaaṣṭakam	aa			UNRESOLVED	none	sarūpaaṣṭakam
6_sastra/8_jyot/bijaganu.txt	71	rūpavarṇaabhihatau	aa			UNRESOLVED	none	rūpavarṇaabhihatau
6_sastra/8_jyot/bijaganu.txt	71	dvitriādikānām	iā			UNRESOLVED	none	dvitriādikānām
6_sastra/8_jyot/bijaganu.txt	73	tadvargaghanaādayas	aā			UNRESOLVED	none	tadvargaghanaādayas
6_sastra/8_jyot/bijaganu.txt	75	bhāgaādikam	aā			UNRESOLVED	none	bhāgaādikam
6_sastra/8_jyot/bijaganu.txt	77	yathāuktyā	āu			UNRESOLVED	none	yathāuktyā
6_sastra/8_jyot/bijaganu.txt	81	viekarūpam	ie			UNRESOLVED	none	viekarūpam
6_sastra/8_jyot/bijaganu.txt	83	svaṛṇam	aṛ			UNRESOLVED	none	svaṛṇam
6_sastra/8_jyot/bijaganu.txt	89	śālinīab	īa			UNRESOLVED	none	śālinīab
6_sastra/8_jyot/bijaganu.txt	97	dvitriekamitais	ie			UNRESOLVED	none	dvitriekamitais
6_sastra/8_jyot/bijaganu.txt	107	yogaantare	aa			UNRESOLVED	none	yogaantare
6_sastra/8_jyot/bijaganu.txt	109	saekam	ae			UNRESOLVED	none	saekam
6_sastra/8_jyot/bijaganu.txt	111	yogaantare	aa			UNRESOLVED	none	yogaantare
6_sastra/8_jyot/bijaganu.txt	113	dvikaaṣṭamityos	aa			UNRESOLVED	none	dvikaaṣṭamityos
6_sastra/8_jyot/bijaganu.txt	113	yogaantare	aa			UNRESOLVED	none	yogaantare
6_sastra/8_jyot/bijaganu.txt	115	dvitriaṣṭasaṃkhyāguṇakas	ia			UNRESOLVED	none	dvitriaṣṭasaṃkhyāguṇakas
6_sastra/8_jyot/bijaganu.txt	117	triarkamite	ia			UNRESOLVED	none	triarkamite
6_sastra/8_jyot/bijaganu.txt	119	ṛṇaātnikāyās	aā			UNRESOLVED	none	ṛṇaātnikāyās
6_sastra/8_jyot/bijaganu.txt	121	dhanaṛṇatāvyatyayam	aṛ			UNRESOLVED	none	dhanaṛṇatāvyatyayam
6_sastra/8_jyot/bijaganu.txt	127	yathāīpsitāni	āī			UNRESOLVED	none	yathāīpsitāni
6_sastra/8_jyot/bijaganu.txt	135	aṣṭādaśaaṣṭadvikasaṃmitānām	aa			UNRESOLVED	none	aṣṭādaśaaṣṭadvikasaṃmitānām
6_sastra/8_jyot/bijaganu.txt	139	yutaūnitāni	aū			UNRESOLVED	none	yutaūnitāni
6_sastra/8_jyot/bijaganu.txt	145	ṛṇaātmikā	aā			UNRESOLVED	none	ṛṇaātmikā
6_sastra/8_jyot/bijaganu.txt	145	dhanaātmikām	aā			UNRESOLVED	none	dhanaātmikām
6_sastra/8_jyot/bijaganu.txt	147	kṣayaātmikā	aā			UNRESOLVED	none	kṣayaātmikā
6_sastra/8_jyot/bijaganu.txt	151	svasvaṛṇagās	aṛ			UNRESOLVED	none	svasvaṛṇagās
6_sastra/8_jyot/bijaganu.txt	151	vyastadhanaṛṇagās	aṛ			UNRESOLVED	none	vyastadhanaṛṇagās
6_sastra/8_jyot/bijaganu.txt	155	ekaādisaṃkalitamitakaraṇīkhaṇḍāni	aā			UNRESOLVED	none	ekaādisaṃkalitamitakaraṇīkhaṇḍāni
6_sastra/8_jyot/bijaganu.txt	177	daśarūpaāḍhyās	aā			UNRESOLVED	none	daśarūpaāḍhyās
6_sastra/8_jyot/bijaganu.txt	183	rudranāgaṛtavas	aṛ			UNRESOLVED	none	rudranāgaṛtavas
6_sastra/8_jyot/bijaganu.txt	185	paṭutāabhimānas	āa			UNRESOLVED	none	paṭutāabhimānas
6_sastra/8_jyot/bijaganu.txt	193	kuṭṭakaartham	aa			UNRESOLVED	none	kuṭṭakaartham
6_sastra/8_jyot/bijaganu.txt	205	svaūrdhve	aū			UNRESOLVED	none	svaūrdhve
6_sastra/8_jyot/bijaganu.txt	217	guṇaāptī	aā			UNRESOLVED	none	guṇaāptī
6_sastra/8_jyot/bijaganu.txt	225	kṣepatakṣaṇalābhaāḍhyā	aā			UNRESOLVED	none	kṣepatakṣaṇalābhaāḍhyā
6_sastra/8_jyot/bijaganu.txt	235	iṣṭaāhatasvasvahareṇa	aā			UNRESOLVED	none	iṣṭaāhatasvasvahareṇa
6_sastra/8_jyot/bijaganu.txt	235	guṇaāptī	aā			UNRESOLVED	none	guṇaāptī
6_sastra/8_jyot/bijaganu.txt	249	daśaāḍhyās	aā			UNRESOLVED	none	daśaāḍhyās
6_sastra/8_jyot/bijaganu.txt	249	daśaūnitās	aū			UNRESOLVED	none	daśaūnitās
6_sastra/8_jyot/bijaganu.txt	251	kṣayagaekādaśauddhṛtās	ae			UNRESOLVED	none	kṣayagaekādaśauddhṛtās
6_sastra/8_jyot/bijaganu.txt	265	kaalpyā	aa	kaalpyā	kaalpyā	SOURCE_PRESENT	none	kaalpyā
6_sastra/8_jyot/bijaganu.txt	265	vikalāavaśeṣam	āa			UNRESOLVED	none	vikalāavaśeṣam
6_sastra/8_jyot/bijaganu.txt	267	liptāagram	āa			UNRESOLVED	none	liptāagram
6_sastra/8_jyot/bijaganu.txt	267	kalālavaagram	aa			UNRESOLVED	none	kalālavaagram
6_sastra/8_jyot/bijaganu.txt	269	adhimāsaavamaagrakābhyas	aa			UNRESOLVED	none	adhimāsaavamaagrakābhyas
6_sastra/8_jyot/bijaganu.txt	269	adhimāsaavamaagrakābhyas	aa			UNRESOLVED	none	adhimāsaavamaagrakābhyas
6_sastra/8_jyot/bijaganu.txt	269	raviindvos	ii			UNRESOLVED	none	raviindvos
6_sastra/8_jyot/bijaganu.txt	271	guṇaaikyam	aa			UNRESOLVED	none	guṇaaikyam
6_sastra/8_jyot/bijaganu.txt	273	agraaikyam	aa			UNRESOLVED	none	agraaikyam
6_sastra/8_jyot/bijaganu.txt	277	daśaāhatas	aā			UNRESOLVED	none	daśaāhatas
6_sastra/8_jyot/bijaganu.txt	283	dhanaṛṇam	aṛ			UNRESOLVED	none	dhanaṛṇam
6_sastra/8_jyot/bijaganu.txt	289	vajraabhyāsau	aa			UNRESOLVED	none	vajraabhyāsau
6_sastra/8_jyot/bijaganu.txt	291	jyeṣṭhaabhyāsayuj	aa			UNRESOLVED	none	jyeṣṭhaabhyāsayuj
6_sastra/8_jyot/bijaganu.txt	293	vajraabhyāsayos	aa			UNRESOLVED	none	vajraabhyāsayos
6_sastra/8_jyot/bijaganu.txt	305	saekas	ae			UNRESOLVED	none	saekas
6_sastra/8_jyot/bijaganu.txt	307	saekas	ae			UNRESOLVED	none	saekas
6_sastra/8_jyot/bijaganu.txt	313	prakṛtiūne	iū			UNRESOLVED	none	prakṛtiūne
6_sastra/8_jyot/bijaganu.txt	321	caturdviekayutau	ie			UNRESOLVED	none	caturdviekayutau
6_sastra/8_jyot/bijaganu.txt	323	rūpakṣepaarthabhāvanā	aa			UNRESOLVED	none	rūpakṣepaarthabhāvanā
6_sastra/8_jyot/bijaganu.txt	341	triāḍhyas	iā			UNRESOLVED	none	triāḍhyas
6_sastra/8_jyot/bijaganu.txt	341	dvādaśaāḍhyas	aā			UNRESOLVED	none	dvādaśaāḍhyas
6_sastra/8_jyot/bijaganu.txt	351	saekas	ae			UNRESOLVED	none	saekas
6_sastra/8_jyot/bijaganu.txt	353	iṣṭaūnaāḍhyas	aū			UNRESOLVED	none	iṣṭaūnaāḍhyas
6_sastra/8_jyot/bijaganu.txt	353	iṣṭaūnaāḍhyas	aā			UNRESOLVED	none	iṣṭaūnaāḍhyas
6_sastra/8_jyot/bijaganu.txt	365	saekaviṃśatis	ae			UNRESOLVED	none	saekaviṃśatis
6_sastra/8_jyot/bijaganu.txt	371	gaṇakaānandakārakam	aā			UNRESOLVED	none	gaṇakaānandakārakam
6_sastra/8_jyot/bijaganu.txt	379	ekaavyaktam	aa			UNRESOLVED	none	ekaavyaktam
6_sastra/8_jyot/bijaganu.txt	381	śeṣaavyakte	aa			UNRESOLVED	none	śeṣaavyakte
6_sastra/8_jyot/bijaganu.txt	383	dviādikānām	iā			UNRESOLVED	none	dviādikānām
6_sastra/8_jyot/bijaganu.txt	383	dviādinighnam	iā			UNRESOLVED	none	dviādinighnam
6_sastra/8_jyot/bijaganu.txt	385	yuktaūnam	aū			UNRESOLVED	none	yuktaūnam
6_sastra/8_jyot/bijaganu.txt	395	māṇikyaamalanīlamauktikamitis	aa			UNRESOLVED	none	māṇikyaamalanīlamauktikamitis
6_sastra/8_jyot/bijaganu.txt	403	māṇikyaaṣṭakam	aa			UNRESOLVED	none	māṇikyaaṣṭakam
6_sastra/8_jyot/bijaganu.txt	405	triūnam	iū			UNRESOLVED	none	triūnam
6_sastra/8_jyot/bijaganu.txt	405	śataardham	aa			UNRESOLVED	none	śataardham
6_sastra/8_jyot/bijaganu.txt	407	pañcaaṃśas	aa			UNRESOLVED	none	pañcaaṃśas
6_sastra/8_jyot/bijaganu.txt	407	triaṃśas	ia			UNRESOLVED	none	triaṃśas
6_sastra/8_jyot/bijaganu.txt	407	mṛgaakṣi	aa			UNRESOLVED	none	mṛgaakṣi
6_sastra/8_jyot/bijaganu.txt	409	ketakamālatīparimalaprāptaekakālapriyāt	ae			UNRESOLVED	none	ketakamālatīparimalaprāptaekakālapriyāt
6_sastra/8_jyot/bijaganu.txt	409	dūtaāhūtas	aā			UNRESOLVED	none	dūtaāhūtas
6_sastra/8_jyot/bijaganu.txt	419	māṇikyaaṣṭakam	aa			UNRESOLVED	none	māṇikyaaṣṭakam
6_sastra/8_jyot/bijaganu.txt	435	mānaaṣṭakam	aa			UNRESOLVED	none	mānaaṣṭakam
6_sastra/8_jyot/bijaganu.txt	437	tandulaaṃśayugalam	aa			UNRESOLVED	none	tandulaaṃśayugalam
6_sastra/8_jyot/bijaganu.txt	437	mudgaekabhāgaanvitam	ae			UNRESOLVED	none	mudgaekabhāgaanvitam
6_sastra/8_jyot/bijaganu.txt	437	mudgaekabhāgaanvitam	aa			UNRESOLVED	none	mudgaekabhāgaanvitam
6_sastra/8_jyot/bijaganu.txt	437	saarthas	aa			UNRESOLVED	none	saarthas
6_sastra/8_jyot/bijaganu.txt	439	svaardhapañcaaṃśanavamais	aa			UNRESOLVED	none	svaardhapañcaaṃśanavamais
6_sastra/8_jyot/bijaganu.txt	439	svaardhapañcaaṃśanavamais	aa			UNRESOLVED	none	svaardhapañcaaṃśanavamais
6_sastra/8_jyot/bijaganu.txt	441	anyaaṃśadvayahīnās	aa			UNRESOLVED	none	anyaaṃśadvayahīnās
6_sastra/8_jyot/bijaganu.txt	447	daśapañcakaraṇīantaram	īa			UNRESOLVED	none	daśapañcakaraṇīantaram
6_sastra/8_jyot/bijaganu.txt	449	rūpaūnā	aū			UNRESOLVED	none	rūpaūnā
6_sastra/8_jyot/bijaganu.txt	453	yadghanaaikyam	aa			UNRESOLVED	none	yadghanaaikyam
6_sastra/8_jyot/bijaganu.txt	455	triasrakṣetrasya	ia			UNRESOLVED	none	triasrakṣetrasya
6_sastra/8_jyot/bijaganu.txt	463	ghanaaikyam	aa			UNRESOLVED	none	ghanaaikyam
6_sastra/8_jyot/bijaganu.txt	463	vargaaikyam	aa			UNRESOLVED	none	vargaaikyam
6_sastra/8_jyot/bijaganu.txt	467	triasre	ia			UNRESOLVED	none	triasre
6_sastra/8_jyot/bijaganu.txt	475	cakrakrauñcaākulitasalile	aā			UNRESOLVED	none	cakrakrauñcaākulitasalile
6_sastra/8_jyot/bijaganu.txt	475	kamalakalikāagram	āa			UNRESOLVED	none	kamalakalikāagram
6_sastra/8_jyot/bijaganu.txt	485	itaretaramūlaagragasūtrayutes	aa			UNRESOLVED	none	itaretaramūlaagragasūtrayutes
6_sastra/8_jyot/bijaganu.txt	487	madhyamaāharaṇam	aā			UNRESOLVED	none	madhyamaāharaṇam
6_sastra/8_jyot/bijaganu.txt	489	avyaktavargaādi	aā			UNRESOLVED	none	avyaktavargaādi
6_sastra/8_jyot/bijaganu.txt	503	pūrvaavyaktasya	aa			UNRESOLVED	none	pūrvaavyaktasya
6_sastra/8_jyot/bijaganu.txt	513	viekasya	ie			UNRESOLVED	none	viekasya
6_sastra/8_jyot/bijaganu.txt	515	cayaādigacchaabhihatis	aā			UNRESOLVED	none	cayaādigacchaabhihatis
6_sastra/8_jyot/bijaganu.txt	515	cayaādigacchaabhihatis	aa			UNRESOLVED	none	cayaādigacchaabhihatis
6_sastra/8_jyot/bijaganu.txt	515	svasaptabhāgaadhikā	aa			UNRESOLVED	none	svasaptabhāgaadhikā
6_sastra/8_jyot/bijaganu.txt	515	cayaādigacchān	aā			UNRESOLVED	none	cayaādigacchān
6_sastra/8_jyot/bijaganu.txt	521	svaardhasahitas	aa			UNRESOLVED	none	svaardhasahitas
6_sastra/8_jyot/bijaganu.txt	525	rāśighanaāḍhyas	aā			UNRESOLVED	none	rāśighanaāḍhyas
6_sastra/8_jyot/bijaganu.txt	533	rūpaūnam	aū			UNRESOLVED	none	rūpaūnam
6_sastra/8_jyot/bijaganu.txt	535	vanaantarāle	aa			UNRESOLVED	none	vanaantarāle
6_sastra/8_jyot/bijaganu.txt	535	plavagaaṣṭabhāgas	aa			UNRESOLVED	none	plavagaaṣṭabhāgas
6_sastra/8_jyot/bijaganu.txt	539	pañcaaṃśakas	aa			UNRESOLVED	none	pañcaaṃśakas
6_sastra/8_jyot/bijaganu.txt	539	triūnas	iū			UNRESOLVED	none	triūnas
6_sastra/8_jyot/bijaganu.txt	543	dvādaśaaṅgulaśaṅkubhā	aa			UNRESOLVED	none	dvādaśaaṅgulaśaṅkubhā
6_sastra/8_jyot/bijaganu.txt	545	caturdaśaaṅgulā	aa			UNRESOLVED	none	caturdaśaaṅgulā
6_sastra/8_jyot/bijaganu.txt	549	aṣṭādaśaanvitās	aa			UNRESOLVED	none	aṣṭādaśaanvitās
6_sastra/8_jyot/bijaganu.txt	551	sarvamūlaaikyāt	aa			UNRESOLVED	none	sarvamūlaaikyāt
6_sastra/8_jyot/bijaganu.txt	563	doskoṭiantaravargeṇa	ia			UNRESOLVED	none	doskoṭiantaravargeṇa
6_sastra/8_jyot/bijaganu.txt	567	triūnāt	iū			UNRESOLVED	none	triūnāt
6_sastra/8_jyot/bijaganu.txt	567	viekam	ie			UNRESOLVED	none	viekam
6_sastra/8_jyot/bijaganu.txt	567	koṭikarṇaantaram	aa			UNRESOLVED	none	koṭikarṇaantaram
6_sastra/8_jyot/bijaganu.txt	577	rāśiantarakṛtes	ia			UNRESOLVED	none	rāśiantarakṛtes
6_sastra/8_jyot/bijaganu.txt	595	guṇaāptī	aā			UNRESOLVED	none	guṇaāptī
6_sastra/8_jyot/bijaganu.txt	603	māṇikyaamalanīlamauktikamitis	aa			UNRESOLVED	none	māṇikyaamalanīlamauktikamitis
6_sastra/8_jyot/bijaganu.txt	611	pañcaguṇaaṅgamaṅgalamitās	aa			UNRESOLVED	none	pañcaguṇaaṅgamaṅgalamitās
6_sastra/8_jyot/bijaganu.txt	613	aśvaādimaulyāni	aā			UNRESOLVED	none	aśvaādimaulyāni
6_sastra/8_jyot/bijaganu.txt	621	pārāvataādīnām	aā			UNRESOLVED	none	pārāvataādīnām
6_sastra/8_jyot/bijaganu.txt	621	vinodaartham	aa			UNRESOLVED	none	vinodaartham
6_sastra/8_jyot/bijaganu.txt	623	pañcaagras	aa			UNRESOLVED	none	pañcaagras
6_sastra/8_jyot/bijaganu.txt	623	catuṣkaagras	aa			UNRESOLVED	none	catuṣkaagras
6_sastra/8_jyot/bijaganu.txt	625	trikaagras	aa			UNRESOLVED	none	trikaagras
6_sastra/8_jyot/bijaganu.txt	625	dviagras	ia			UNRESOLVED	none	dviagras
6_sastra/8_jyot/bijaganu.txt	631	ekaagras	aa			UNRESOLVED	none	ekaagras
6_sastra/8_jyot/bijaganu.txt	631	dvikaagras	aa			UNRESOLVED	none	dvikaagras
6_sastra/8_jyot/bijaganu.txt	633	trikaagras	aa			UNRESOLVED	none	trikaagras
6_sastra/8_jyot/bijaganu.txt	635	ekadvikaagrau	aa			UNRESOLVED	none	ekadvikaagrau
6_sastra/8_jyot/bijaganu.txt	635	dviagram	ia			UNRESOLVED	none	dviagram
6_sastra/8_jyot/bijaganu.txt	635	triuddhṛtam	iu			UNRESOLVED	none	triuddhṛtam
6_sastra/8_jyot/bijaganu.txt	635	pañcaagrakā	aa			UNRESOLVED	none	pañcaagrakā
6_sastra/8_jyot/bijaganu.txt	637	ṣaṭkaaṣṭakābhyām	aa			UNRESOLVED	none	ṣaṭkaaṣṭakābhyām
6_sastra/8_jyot/bijaganu.txt	641	agraaikyam	aa			UNRESOLVED	none	agraaikyam
6_sastra/8_jyot/bijaganu.txt	641	phalaaikyaāḍhyam	aa			UNRESOLVED	none	phalaaikyaāḍhyam
6_sastra/8_jyot/bijaganu.txt	641	phalaaikyaāḍhyam	aā			UNRESOLVED	none	phalaaikyaāḍhyam
6_sastra/8_jyot/bijaganu.txt	645	agraaikyam	aa			UNRESOLVED	none	agraaikyam
6_sastra/8_jyot/bijaganu.txt	645	ekādaśaagrakam	aa			UNRESOLVED	none	ekādaśaagrakam
6_sastra/8_jyot/bijaganu.txt	649	agraaikyam	aa			UNRESOLVED	none	agraaikyam
6_sastra/8_jyot/bijaganu.txt	659	samaardhena	aa			UNRESOLVED	none	samaardhena
6_sastra/8_jyot/bijaganu.txt	661	ekaekam	ae			UNRESOLVED	none	ekaekam
6_sastra/8_jyot/bijaganu.txt	665	anekavarṇasamīkaraṇaantargatam	aa			UNRESOLVED	none	anekavarṇasamīkaraṇaantargatam
6_sastra/8_jyot/bijaganu.txt	665	madhyamaāharaṇam	aā			UNRESOLVED	none	madhyamaāharaṇam
6_sastra/8_jyot/bijaganu.txt	667	vargaādyam	aā			UNRESOLVED	none	vargaādyam
6_sastra/8_jyot/bijaganu.txt	677	mandaavabodhavidhaye	aa			UNRESOLVED	none	mandaavabodhavidhaye
6_sastra/8_jyot/bijaganu.txt	677	nijaādyais	aā			UNRESOLVED	none	nijaādyais
6_sastra/8_jyot/brhajj_u.txt	83	aaaaaaaaaaaaaaaaa	aa	aaaaaaaaaaaaaaaaa	aaaaaaaaaaaaaaaaa	SOURCE_PRESENT	none	aaaaaaaaaaaaaaaaa
6_sastra/8_jyot/brhajj_u.txt	83	aaaaaaaaaaaaaaaaa	aa	aaaaaaaaaaaaaaaaa	aaaaaaaaaaaaaaaaa	SOURCE_PRESENT	none	aaaaaaaaaaaaaaaaa
6_sastra/8_jyot/brhajj_u.txt	83	aaaaaaaaaaaaaaaaa	aa	aaaaaaaaaaaaaaaaa	aaaaaaaaaaaaaaaaa	SOURCE_PRESENT	none	aaaaaaaaaaaaaaaaa
6_sastra/8_jyot/brhajj_u.txt	83	aaaaaaaaaaaaaaaaa	aa	aaaaaaaaaaaaaaaaa	aaaaaaaaaaaaaaaaa	SOURCE_PRESENT	none	aaaaaaaaaaaaaaaaa
6_sastra/8_jyot/brhajj_u.txt	83	aaaaaaaaaaaaaaaaa	aa	aaaaaaaaaaaaaaaaa	aaaaaaaaaaaaaaaaa	SOURCE_PRESENT	none	aaaaaaaaaaaaaaaaa
6_sastra/8_jyot/brhajj_u.txt	83	aaaaaaaaaaaaaaaaa	aa	aaaaaaaaaaaaaaaaa	aaaaaaaaaaaaaaaaa	SOURCE_PRESENT	none	aaaaaaaaaaaaaaaaa
6_sastra/8_jyot/brhajj_u.txt	83	aaaaaaaaaaaaaaaaa	aa	aaaaaaaaaaaaaaaaa	aaaaaaaaaaaaaaaaa	SOURCE_PRESENT	none	aaaaaaaaaaaaaaaaa
6_sastra/8_jyot/brhajj_u.txt	83	aaaaaaaaaaaaaaaaa	aa	aaaaaaaaaaaaaaaaa	aaaaaaaaaaaaaaaaa	SOURCE_PRESENT	none	aaaaaaaaaaaaaaaaa
6_sastra/8_jyot/brhajj_u.txt	83	aaaaaaaaaaaaaaaaa	aa	aaaaaaaaaaaaaaaaa	aaaaaaaaaaaaaaaaa	SOURCE_PRESENT	none	aaaaaaaaaaaaaaaaa
6_sastra/8_jyot/brhajj_u.txt	83	aaaaaaaaaaaaaaaaa	aa	aaaaaaaaaaaaaaaaa	aaaaaaaaaaaaaaaaa	SOURCE_PRESENT	none	aaaaaaaaaaaaaaaaa
6_sastra/8_jyot/brhajj_u.txt	83	aaaaaaaaaaaaaaaaa	aa	aaaaaaaaaaaaaaaaa	aaaaaaaaaaaaaaaaa	SOURCE_PRESENT	none	aaaaaaaaaaaaaaaaa
6_sastra/8_jyot/brhajj_u.txt	83	aaaaaaaaaaaaaaaaa	aa	aaaaaaaaaaaaaaaaa	aaaaaaaaaaaaaaaaa	SOURCE_PRESENT	none	aaaaaaaaaaaaaaaaa
6_sastra/8_jyot/brhajj_u.txt	83	aaaaaaaaaaaaaaaaa	aa	aaaaaaaaaaaaaaaaa	aaaaaaaaaaaaaaaaa	SOURCE_PRESENT	none	aaaaaaaaaaaaaaaaa
6_sastra/8_jyot/brhajj_u.txt	83	aaaaaaaaaaaaaaaaa	aa	aaaaaaaaaaaaaaaaa	aaaaaaaaaaaaaaaaa	SOURCE_PRESENT	none	aaaaaaaaaaaaaaaaa
6_sastra/8_jyot/brhajj_u.txt	83	aaaaaaaaaaaaaaaaa	aa	aaaaaaaaaaaaaaaaa	aaaaaaaaaaaaaaaaa	SOURCE_PRESENT	none	aaaaaaaaaaaaaaaaa
6_sastra/8_jyot/brhajj_u.txt	83	aaaaaaaaaaaaaaaaa	aa	aaaaaaaaaaaaaaaaa	aaaaaaaaaaaaaaaaa	SOURCE_PRESENT	none	aaaaaaaaaaaaaaaaa
6_sastra/8_jyot/brhajj_u.txt	619	āajīvo	āa	āajīvo	āajīvo	SOURCE_PRESENT	none	āajīvo
6_sastra/8_jyot/brhajj_u.txt	1295	dāsaāḥ	aā	dāsaāḥ	dāsaāḥ	SOURCE_PRESENT	none	dāsaāḥ
6_sastra/8_jyot/brhats_u.txt	2739	kṣudhaā	aā	kṣudhaā	kṣudhaā	SOURCE_PRESENT	none	kṣudhaā
6_sastra/8_jyot/brhats_u.txt	4661	adhaūrdhva	aū	adhaūrdhva	adhaūrdhva	SOURCE_PRESENT	none	adhaūrdhva
6_sastra/8_jyot/brhats_u.txt	6833	tathāaruṇe	āa			UNRESOLVED	none	tathāaruṇe
6_sastra/8_jyot/brhats_u.txt	9835	vāatti	āa			UNRESOLVED	none	vāatti
6_sastra/8_jyot/brhats_u.txt	10523	aākṣi	aā	aākṣi	aākṣi	SOURCE_PRESENT	none	aākṣi
6_sastra/8_jyot/brsphutu.txt	1	gaṇitaadhyāyas	aa			UNRESOLVED	none	gaṇitaadhyāyas
6_sastra/8_jyot/brsphutu.txt	5	saṅkalitaādyām	aā			UNRESOLVED	none	saṅkalitaādyām
6_sastra/8_jyot/brsphutu.txt	7	chāyāantān	āa			UNRESOLVED	none	chāyāantān
6_sastra/8_jyot/brsphutu.txt	9	chedaaṃśakās	aa			UNRESOLVED	none	chedaaṃśakās
6_sastra/8_jyot/brsphutu.txt	11	aṃśaantaram	aa			UNRESOLVED	none	aṃśaantaram
6_sastra/8_jyot/brsphutu.txt	17	bhāgahārachedaaṃśau	aa			UNRESOLVED	none	bhāgahārachedaaṃśau
6_sastra/8_jyot/brsphutu.txt	23	saṃvarṇitaaṃśamūlam	aa			UNRESOLVED	none	saṃvarṇitaaṃśamūlam
6_sastra/8_jyot/brsphutu.txt	33	sadṛśachedaaṃśayutis	aa			UNRESOLVED	none	sadṛśachedaaṃśayutis
6_sastra/8_jyot/brsphutu.txt	37	ūrdhvaaṃśās	aa			UNRESOLVED	none	ūrdhvaaṃśās
6_sastra/8_jyot/brsphutu.txt	39	svaaṃśayutaūnais	aa			UNRESOLVED	none	svaaṃśayutaūnais
6_sastra/8_jyot/brsphutu.txt	39	svaaṃśayutaūnais	aū			UNRESOLVED	none	svaaṃśayutaūnais
6_sastra/8_jyot/brsphutu.txt	39	uparigaaṃśās	aa			UNRESOLVED	none	uparigaaṃśās
6_sastra/8_jyot/brsphutu.txt	41	ādiantayos	ia			UNRESOLVED	none	ādiantayos
6_sastra/8_jyot/brsphutu.txt	47	trairāśikaādiṣu	aā			UNRESOLVED	none	trairāśikaādiṣu
6_sastra/8_jyot/brsphutu.txt	47	ekādaśaanteṣu	aa			UNRESOLVED	none	ekādaśaanteṣu
6_sastra/8_jyot/brsphutu.txt	61	mūlaphalaaikyam	aa			UNRESOLVED	none	mūlaphalaaikyam
6_sastra/8_jyot/brsphutu.txt	65	ardhaūnam	aū			UNRESOLVED	none	ardhaūnam
6_sastra/8_jyot/brsphutu.txt	69	ūnaadhikauttarās	aa			UNRESOLVED	none	ūnaadhikauttarās
6_sastra/8_jyot/brsphutu.txt	69	tadyutaūnayā	aū			UNRESOLVED	none	tadyutaūnayā
6_sastra/8_jyot/brsphutu.txt	75	ādiyutaantyadhana	aa			UNRESOLVED	none	ādiyutaantyadhana
6_sastra/8_jyot/brsphutu.txt	77	dviguṇaādiśeṣavargam	aā			UNRESOLVED	none	dviguṇaādiśeṣavargam
6_sastra/8_jyot/brsphutu.txt	79	śeṣaūnam	aū			UNRESOLVED	none	śeṣaūnam
6_sastra/8_jyot/brsphutu.txt	81	ekaādyam	aā			UNRESOLVED	none	ekaādyam
6_sastra/8_jyot/brsphutu.txt	93	catuṣṭayabhujaūnaghātāt	aū			UNRESOLVED	none	catuṣṭayabhujaūnaghātāt
6_sastra/8_jyot/brsphutu.txt	95	bhujakṛtiantarabhūhṛtahīnayutā	ia			UNRESOLVED	none	bhujakṛtiantarabhūhṛtahīnayutā
6_sastra/8_jyot/brsphutu.txt	97	svaāvādhāvargaūnāt	aā			UNRESOLVED	none	svaāvādhāvargaūnāt
6_sastra/8_jyot/brsphutu.txt	97	svaāvādhāvargaūnāt	aū			UNRESOLVED	none	svaāvādhāvargaūnāt
6_sastra/8_jyot/brsphutu.txt	101	dalavargaūnā	aū			UNRESOLVED	none	dalavargaūnā
6_sastra/8_jyot/brsphutu.txt	107	ūrdhvaadharakhaṇḍe	aa			UNRESOLVED	none	ūrdhvaadharakhaṇḍe
6_sastra/8_jyot/brsphutu.txt	107	karṇaavalambayoge	aa			UNRESOLVED	none	karṇaavalambayoge
6_sastra/8_jyot/brsphutu.txt	109	svaāvādhe	aā			UNRESOLVED	none	svaāvādhe
6_sastra/8_jyot/brsphutu.txt	111	dviguṇaavalambakavibhaktas	aa			UNRESOLVED	none	dviguṇaavalambakavibhaktas
6_sastra/8_jyot/brsphutu.txt	119	karṇaāśritabhujaghātaaikyam	aā			UNRESOLVED	none	karṇaāśritabhujaghātaaikyam
6_sastra/8_jyot/brsphutu.txt	119	karṇaāśritabhujaghātaaikyam	aa			UNRESOLVED	none	karṇaāśritabhujaghātaaikyam
6_sastra/8_jyot/brsphutu.txt	127	viṣamabhujaantar	aa			UNRESOLVED	none	viṣamabhujaantar
6_sastra/8_jyot/brsphutu.txt	129	ūrdhvaadharakhaṇḍe	aa			UNRESOLVED	none	ūrdhvaadharakhaṇḍe
6_sastra/8_jyot/brsphutu.txt	131	lambakaadharam	aa			UNRESOLVED	none	lambakaadharam
6_sastra/8_jyot/brsphutu.txt	133	adharaūnam	aū			UNRESOLVED	none	adharaūnam
6_sastra/8_jyot/brsphutu.txt	135	karṇaavalambakayutau	aa			UNRESOLVED	none	karṇaavalambakayutau
6_sastra/8_jyot/brsphutu.txt	135	karṇaavalambakayos	aa			UNRESOLVED	none	karṇaavalambakayos
6_sastra/8_jyot/brsphutu.txt	141	kṛtiantaram	ia			UNRESOLVED	none	kṛtiantaram
6_sastra/8_jyot/brsphutu.txt	145	iṣṭaūnaphala	aū			UNRESOLVED	none	iṣṭaūnaphala
6_sastra/8_jyot/brsphutu.txt	149	iṣṭaadhikā	aa			UNRESOLVED	none	iṣṭaadhikā
6_sastra/8_jyot/brsphutu.txt	151	iṣṭaūnā	aū			UNRESOLVED	none	iṣṭaūnā
6_sastra/8_jyot/brsphutu.txt	153	koṭiadhikā	ia			UNRESOLVED	none	koṭiadhikā
6_sastra/8_jyot/brsphutu.txt	163	giriucchrāyas	iu			UNRESOLVED	none	giriucchrāyas
6_sastra/8_jyot/brsphutu.txt	163	puraantaram	aa			UNRESOLVED	none	puraantaram
6_sastra/8_jyot/brsphutu.txt	171	śaraūnaguṇitāt	aū			UNRESOLVED	none	śaraūnaguṇitāt
6_sastra/8_jyot/brsphutu.txt	175	mūlavyāsaantara	aa			UNRESOLVED	none	mūlavyāsaantara
6_sastra/8_jyot/brsphutu.txt	177	grāsaūnaguṇau	aū			UNRESOLVED	none	grāsaūnaguṇau
6_sastra/8_jyot/brsphutu.txt	177	grāsaūnaaikyauddhṛtau	aū			UNRESOLVED	none	grāsaūnaaikyauddhṛtau
6_sastra/8_jyot/brsphutu.txt	177	grāsaūnaaikyauddhṛtau	aa			UNRESOLVED	none	grāsaūnaaikyauddhṛtau
6_sastra/8_jyot/brsphutu.txt	181	grāsaūnam	aū			UNRESOLVED	none	grāsaūnam
6_sastra/8_jyot/brsphutu.txt	187	mukhatalatulyabhujaaikyāni	aa			UNRESOLVED	none	mukhatalatulyabhujaaikyāni
6_sastra/8_jyot/brsphutu.txt	187	ekaagrahṛtāni	aa			UNRESOLVED	none	ekaagrahṛtāni
6_sastra/8_jyot/brsphutu.txt	191	mukhatalagaṇitaaikya	aa			UNRESOLVED	none	mukhatalagaṇitaaikya
6_sastra/8_jyot/brsphutu.txt	199	auccyaāhatam	aā			UNRESOLVED	none	auccyaāhatam
6_sastra/8_jyot/brsphutu.txt	199	agratalaaikya	aa			UNRESOLVED	none	agratalaaikya
6_sastra/8_jyot/brsphutu.txt	205	vistāraāyāmaaṅgulaghātas	aā			UNRESOLVED	none	vistāraāyāmaaṅgulaghātas
6_sastra/8_jyot/brsphutu.txt	205	vistāraāyāmaaṅgulaghātas	aa			UNRESOLVED	none	vistāraāyāmaaṅgulaghātas
6_sastra/8_jyot/brsphutu.txt	205	mārgaāhatas	aā			UNRESOLVED	none	mārgaāhatas
6_sastra/8_jyot/brsphutu.txt	207	kiṣkuaṅgulāni	ua			UNRESOLVED	none	kiṣkuaṅgulāni
6_sastra/8_jyot/brsphutu.txt	209	śākāādiṣu	āā			UNRESOLVED	none	śākāādiṣu
6_sastra/8_jyot/brsphutu.txt	211	śālasaralaādiṣu	aā			UNRESOLVED	none	śālasaralaādiṣu
6_sastra/8_jyot/brsphutu.txt	217	ṣaṣaṃśavargaāhatas	aā			UNRESOLVED	none	ṣaṣaṃśavargaāhatas
6_sastra/8_jyot/brsphutu.txt	219	triaṃśaguṇas	ia			UNRESOLVED	none	triaṃśaguṇas
6_sastra/8_jyot/brsphutu.txt	219	bhittiantarvāhyakoṇagas	ia			UNRESOLVED	none	bhittiantarvāhyakoṇagas
6_sastra/8_jyot/brsphutu.txt	227	dinagataśeṣaaṃśahṛtam	aa			UNRESOLVED	none	dinagataśeṣaaṃśahṛtam
6_sastra/8_jyot/brsphutu.txt	231	dīpaśikhaauccyāt	aa			UNRESOLVED	none	dīpaśikhaauccyāt
6_sastra/8_jyot/brsphutu.txt	233	chāyāagraantaraguṇitā	āa			UNRESOLVED	none	chāyāagraantaraguṇitā
6_sastra/8_jyot/brsphutu.txt	233	chāyāagraantaraguṇitā	aa			UNRESOLVED	none	chāyāagraantaraguṇitā
6_sastra/8_jyot/brsphutu.txt	233	chāyāantareṇa	āa			UNRESOLVED	none	chāyāantareṇa
6_sastra/8_jyot/brsphutu.txt	237	pratyutpannaādayas	aā			UNRESOLVED	none	pratyutpannaādayas
6_sastra/8_jyot/brsphutu.txt	243	iṣṭaadhikaūnakena	aa			UNRESOLVED	none	iṣṭaadhikaūnakena
6_sastra/8_jyot/brsphutu.txt	243	iṣṭaadhikaūnakena	aū			UNRESOLVED	none	iṣṭaadhikaūnakena
6_sastra/8_jyot/brsphutu.txt	245	guṇyaiṣṭavadhaūnayutas	aū			UNRESOLVED	none	guṇyaiṣṭavadhaūnayutas
6_sastra/8_jyot/brsphutu.txt	245	abhyadhikaūnake	aū			UNRESOLVED	none	abhyadhikaūnake
6_sastra/8_jyot/brsphutu.txt	247	iṣṭayutaūnena	aū			UNRESOLVED	none	iṣṭayutaūnena
6_sastra/8_jyot/brsphutu.txt	267	ṣaṣṭiaṃśaguṇas	ia			UNRESOLVED	none	ṣaṣṭiaṃśaguṇas
6_sastra/8_jyot/brsphutu.txt	273	iṣṭayutaūnāt	aū			UNRESOLVED	none	iṣṭayutaūnāt
6_sastra/8_jyot/brsphutu.txt	275	iṣṭaalparāśivargau	aa			UNRESOLVED	none	iṣṭaalparāśivargau
6_sastra/8_jyot/brsphutu.txt	275	yuktaūnau	aū			UNRESOLVED	none	yuktaūnau
6_sastra/8_jyot/brsphutu.txt	277	adhikaūnābhyām	aū			UNRESOLVED	none	adhikaūnābhyām
6_sastra/8_jyot/brsphutu.txt	279	sthānaantareṣu	aa			UNRESOLVED	none	sthānaantareṣu
6_sastra/8_jyot/brsphutu.txt	279	phalayutaūnakachedas	aū			UNRESOLVED	none	phalayutaūnakachedas
6_sastra/8_jyot/brsphutu.txt	281	kṛtiyogaantarapadam	aa			UNRESOLVED	none	kṛtiyogaantarapadam
6_sastra/8_jyot/brsphutu.txt	281	phalayutaūnas	aū			UNRESOLVED	none	phalayutaūnas
6_sastra/8_jyot/brsphutu.txt	283	jyāutpattau	āu			UNRESOLVED	none	jyāutpattau
6_sastra/8_jyot/brsphutu.txt	285	saṅkalitaādiṣu	aā			UNRESOLVED	none	saṅkalitaādiṣu
6_sastra/8_jyot/brsphutu.txt	289	kuṭṭakaadhyāyas	aa			UNRESOLVED	none	kuṭṭakaadhyāyas
6_sastra/8_jyot/brsphutu.txt	295	khaṛṇadhanaavyaktamadhyaharaṇa	aṛ			UNRESOLVED	none	khaṛṇadhanaavyaktamadhyaharaṇa
6_sastra/8_jyot/brsphutu.txt	295	khaṛṇadhanaavyaktamadhyaharaṇa	aa			UNRESOLVED	none	khaṛṇadhanaavyaktamadhyaharaṇa
6_sastra/8_jyot/brsphutu.txt	301	adhikaagrabhāgahārāt	aa			UNRESOLVED	none	adhikaagrabhāgahārāt
6_sastra/8_jyot/brsphutu.txt	301	ūnaagrachedabhājitāt	aa			UNRESOLVED	none	ūnaagrachedabhājitāt
6_sastra/8_jyot/brsphutu.txt	309	svaūrdhvas	aū			UNRESOLVED	none	svaūrdhvas
6_sastra/8_jyot/brsphutu.txt	309	agraantas	aa			UNRESOLVED	none	agraantas
6_sastra/8_jyot/brsphutu.txt	309	hīnaagrachedabhājitas	aa			UNRESOLVED	none	hīnaagrachedabhājitas
6_sastra/8_jyot/brsphutu.txt	311	adhikaagrachedahatam	aa			UNRESOLVED	none	adhikaagrachedahatam
6_sastra/8_jyot/brsphutu.txt	311	adhikaagrayutam	aa			UNRESOLVED	none	adhikaagrayutam
6_sastra/8_jyot/brsphutu.txt	315	triādigrahayugagataānayanam	iā			UNRESOLVED	none	triādigrahayugagataānayanam
6_sastra/8_jyot/brsphutu.txt	315	triādigrahayugagataānayanam	aā			UNRESOLVED	none	triādigrahayugagataānayanam
6_sastra/8_jyot/brsphutu.txt	317	bhagaṇaādiśeṣam	aā			UNRESOLVED	none	bhagaṇaādiśeṣam
6_sastra/8_jyot/brsphutu.txt	319	bhagaṇaādidinajaśeṣauddhṛtam	aā			UNRESOLVED	none	bhagaṇaādidinajaśeṣauddhṛtam
6_sastra/8_jyot/brsphutu.txt	321	dinajabhagaṇaādiśeṣam	aā			UNRESOLVED	none	dinajabhagaṇaādiśeṣam
6_sastra/8_jyot/brsphutu.txt	321	maṇḍalaādi	aā			UNRESOLVED	none	maṇḍalaādi
6_sastra/8_jyot/brsphutu.txt	323	ahargaṇaādyam	aā			UNRESOLVED	none	ahargaṇaādyam
6_sastra/8_jyot/brsphutu.txt	333	agraantam	aa			UNRESOLVED	none	agraantam
6_sastra/8_jyot/brsphutu.txt	333	svaūrdhvas	aū			UNRESOLVED	none	svaūrdhvas
6_sastra/8_jyot/brsphutu.txt	337	iṣṭabhagaṇaādiśeṣāt	aā			UNRESOLVED	none	iṣṭabhagaṇaādiśeṣāt
6_sastra/8_jyot/brsphutu.txt	349	yugaādi	aā			UNRESOLVED	none	yugaādi
6_sastra/8_jyot/brsphutu.txt	353	bhagaṇaādyam	aā			UNRESOLVED	none	bhagaṇaādyam
6_sastra/8_jyot/brsphutu.txt	361	arkaādyās	aā			UNRESOLVED	none	arkaādyās
6_sastra/8_jyot/brsphutu.txt	365	iṣṭabhagaṇaādiśeṣāt	aā			UNRESOLVED	none	iṣṭabhagaṇaādiśeṣāt
6_sastra/8_jyot/brsphutu.txt	369	rāśiādīn	iā			UNRESOLVED	none	rāśiādīn
6_sastra/8_jyot/brsphutu.txt	371	dviādigrahasaṃyogāt	iā			UNRESOLVED	none	dviādigrahasaṃyogāt
6_sastra/8_jyot/brsphutu.txt	371	grahaantarāt	aa			UNRESOLVED	none	grahaantarāt
6_sastra/8_jyot/brsphutu.txt	373	rāśiādikalāādinā	iā			UNRESOLVED	none	rāśiādikalāādinā
6_sastra/8_jyot/brsphutu.txt	373	rāśiādikalāādinā	āā			UNRESOLVED	none	rāśiādikalāādinā
6_sastra/8_jyot/brsphutu.txt	377	rāśiaṃśakalāvikalāśeṣāt	ia			UNRESOLVED	none	rāśiaṃśakalāvikalāśeṣāt
6_sastra/8_jyot/brsphutu.txt	381	rāśiaṃśakalāvikalāśeṣāt	ia			UNRESOLVED	none	rāśiaṃśakalāvikalāśeṣāt
6_sastra/8_jyot/brsphutu.txt	391	avamaavaśeṣatas	aa			UNRESOLVED	none	avamaavaśeṣatas
6_sastra/8_jyot/brsphutu.txt	397	triūnāt	iū			UNRESOLVED	none	triūnāt
6_sastra/8_jyot/brsphutu.txt	401	triūnaadhimāsaśeṣāt	iū			UNRESOLVED	none	triūnaadhimāsaśeṣāt
6_sastra/8_jyot/brsphutu.txt	401	triūnaadhimāsaśeṣāt	aa			UNRESOLVED	none	triūnaadhimāsaśeṣāt
6_sastra/8_jyot/brsphutu.txt	401	dviadhikam	ia			UNRESOLVED	none	dviadhikam
6_sastra/8_jyot/brsphutu.txt	403	dviūnam	iū			UNRESOLVED	none	dviūnam
6_sastra/8_jyot/brsphutu.txt	405	avamaavaśeṣavargas	aa			UNRESOLVED	none	avamaavaśeṣavargas
6_sastra/8_jyot/brsphutu.txt	405	dviadhikas	ia			UNRESOLVED	none	dviadhikas
6_sastra/8_jyot/brsphutu.txt	409	dhanaṛṇaśūnyam	aṛ			UNRESOLVED	none	dhanaṛṇaśūnyam
6_sastra/8_jyot/brsphutu.txt	411	dhanaṛṇayos	aṛ			UNRESOLVED	none	dhanaṛṇayos
6_sastra/8_jyot/brsphutu.txt	411	samaaikyam	aa			UNRESOLVED	none	samaaikyam
6_sastra/8_jyot/brsphutu.txt	425	śūnyaṛṇayos	aṛ			UNRESOLVED	none	śūnyaṛṇayos
6_sastra/8_jyot/brsphutu.txt	439	vargaantaram	aa			UNRESOLVED	none	vargaantaram
6_sastra/8_jyot/brsphutu.txt	443	iṣṭaūnasaṃyutā	aū			UNRESOLVED	none	iṣṭaūnasaṃyutā
6_sastra/8_jyot/brsphutu.txt	451	svaiṣṭaṛṇachedaguṇau	aṛ			UNRESOLVED	none	svaiṣṭaṛṇachedaguṇau
6_sastra/8_jyot/brsphutu.txt	455	iṣṭakaraṇīūnāyās	īū			UNRESOLVED	none	iṣṭakaraṇīūnāyās
6_sastra/8_jyot/brsphutu.txt	455	padayutaūnarūpa	aū			UNRESOLVED	none	padayutaūnarūpa
6_sastra/8_jyot/brsphutu.txt	459	ṣaṣgataādīnām	aā			UNRESOLVED	none	ṣaṣgataādīnām
6_sastra/8_jyot/brsphutu.txt	463	triādivadhas	iā			UNRESOLVED	none	triādivadhas
6_sastra/8_jyot/brsphutu.txt	469	avyaktaantarabhaktam	aa			UNRESOLVED	none	avyaktaantarabhaktam
6_sastra/8_jyot/brsphutu.txt	469	rūpaantaram	aa			UNRESOLVED	none	rūpaantaram
6_sastra/8_jyot/brsphutu.txt	471	vargaavyaktās	aa			UNRESOLVED	none	vargaavyaktās
6_sastra/8_jyot/brsphutu.txt	477	vargaāhatarūpāṇām	aā			UNRESOLVED	none	vargaāhatarūpāṇām
6_sastra/8_jyot/brsphutu.txt	479	ardhaūnam	aū			UNRESOLVED	none	ardhaūnam
6_sastra/8_jyot/brsphutu.txt	483	ekaaṃśaśeṣatulyas	aa			UNRESOLVED	none	ekaaṃśaśeṣatulyas
6_sastra/8_jyot/brsphutu.txt	485	dviūnam	iū			UNRESOLVED	none	dviūnam
6_sastra/8_jyot/brsphutu.txt	485	saptaadhikam	aa			UNRESOLVED	none	saptaadhikam
6_sastra/8_jyot/brsphutu.txt	489	avamaavaśeṣam	aa			UNRESOLVED	none	avamaavaśeṣam
6_sastra/8_jyot/brsphutu.txt	493	dviūnāt	iū			UNRESOLVED	none	dviūnāt
6_sastra/8_jyot/brsphutu.txt	493	daśaāhatam	aā			UNRESOLVED	none	daśaāhatam
6_sastra/8_jyot/brsphutu.txt	497	triūnāt	iū			UNRESOLVED	none	triūnāt
6_sastra/8_jyot/brsphutu.txt	499	avamaavaśeṣatas	aa			UNRESOLVED	none	avamaavaśeṣatas
6_sastra/8_jyot/brsphutu.txt	511	gatabhagaṇaūnāt	aū			UNRESOLVED	none	gatabhagaṇaūnāt
6_sastra/8_jyot/brsphutu.txt	511	tadśeṣaūnāt	aū			UNRESOLVED	none	tadśeṣaūnāt
6_sastra/8_jyot/brsphutu.txt	515	rāśiādyais	iā			UNRESOLVED	none	rāśiādyais
6_sastra/8_jyot/brsphutu.txt	515	bhuktaadhimāsadinahīnais	aa			UNRESOLVED	none	bhuktaadhimāsadinahīnais
6_sastra/8_jyot/brsphutu.txt	531	avamaavaśeṣam	aa			UNRESOLVED	none	avamaavaśeṣam
6_sastra/8_jyot/brsphutu.txt	533	iṣṭayutaūnam	aū			UNRESOLVED	none	iṣṭayutaūnam
6_sastra/8_jyot/brsphutu.txt	535	aṃśaśeṣaūnas	aū			UNRESOLVED	none	aṃśaśeṣaūnas
6_sastra/8_jyot/brsphutu.txt	541	saavyaktavadhā	aa			UNRESOLVED	none	saavyaktavadhā
6_sastra/8_jyot/brsphutu.txt	541	iṣṭaāptyos	aā			UNRESOLVED	none	iṣṭaāptyos
6_sastra/8_jyot/brsphutu.txt	545	rāśiaṃśavadhāt	ia			UNRESOLVED	none	rāśiaṃśavadhāt
6_sastra/8_jyot/brsphutu.txt	545	rāśiaṃśān	ia			UNRESOLVED	none	rāśiaṃśān
6_sastra/8_jyot/brsphutu.txt	551	tadāhatavarṇaaikyam	aa			UNRESOLVED	none	tadāhatavarṇaaikyam
6_sastra/8_jyot/brsphutu.txt	563	vajravadhaaikyam	aa			UNRESOLVED	none	vajravadhaaikyam
6_sastra/8_jyot/brsphutu.txt	569	antyaādyapade	aā			UNRESOLVED	none	antyaādyapade
6_sastra/8_jyot/brsphutu.txt	571	triūnā	iū			UNRESOLVED	none	triūnā
6_sastra/8_jyot/brsphutu.txt	573	ādyapadaāhatā	aā			UNRESOLVED	none	ādyapadaāhatā
6_sastra/8_jyot/brsphutu.txt	577	ekaāḍyaāhatam	aā			UNRESOLVED	none	ekaāḍyaāhatam
6_sastra/8_jyot/brsphutu.txt	577	ekaāḍyaāhatam	aā			UNRESOLVED	none	ekaāḍyaāhatam
6_sastra/8_jyot/brsphutu.txt	579	uddhṛtayutaūnitas	aū			UNRESOLVED	none	uddhṛtayutaūnitas
6_sastra/8_jyot/brsphutu.txt	587	guṇakaantaravargabhājitā	aa			UNRESOLVED	none	guṇakaantaravargabhājitā
6_sastra/8_jyot/brsphutu.txt	589	vyastaadhikau	aa			UNRESOLVED	none	vyastaadhikau
6_sastra/8_jyot/brsphutu.txt	591	anyakṛtiyutaūnas	aū			UNRESOLVED	none	anyakṛtiyutaūnas
6_sastra/8_jyot/brsphutu.txt	591	tadsaṃyogaantara	aa			UNRESOLVED	none	tadsaṃyogaantara
6_sastra/8_jyot/brsphutu.txt	597	iṣṭaūnam	aū			UNRESOLVED	none	iṣṭaūnam
6_sastra/8_jyot/brsphutu.txt	599	adhikaūnas	aū			UNRESOLVED	none	adhikaūnas
6_sastra/8_jyot/brsphutu.txt	599	hṛtayutaūnam	aū			UNRESOLVED	none	hṛtayutaūnam
6_sastra/8_jyot/brsphutu.txt	601	adhikaūnā	aū			UNRESOLVED	none	adhikaūnā
6_sastra/8_jyot/brsphutu.txt	601	adhikaūnayos	aū			UNRESOLVED	none	adhikaūnayos
6_sastra/8_jyot/brsphutu.txt	609	ūnaāhatam	aā			UNRESOLVED	none	ūnaāhatam
6_sastra/8_jyot/brsphutu.txt	613	bhagaṇaādiśeṣavargam	aā			UNRESOLVED	none	bhagaṇaādiśeṣavargam
6_sastra/8_jyot/brsphutu.txt	615	śataūnam	aū			UNRESOLVED	none	śataūnam
6_sastra/8_jyot/brsphutu.txt	617	bhagaṇaādiśeṣavargam	aā			UNRESOLVED	none	bhagaṇaādiśeṣavargam
6_sastra/8_jyot/brsphutu.txt	619	ṣaṣṭiūnam	iū			UNRESOLVED	none	ṣaṣṭiūnam
6_sastra/8_jyot/brsphutu.txt	621	iṣṭabhagaṇaādiśeṣam	aā			UNRESOLVED	none	iṣṭabhagaṇaādiśeṣam
6_sastra/8_jyot/brsphutu.txt	621	dvinavatiūnam	iū			UNRESOLVED	none	dvinavatiūnam
6_sastra/8_jyot/brsphutu.txt	627	trighanaūnam	aū			UNRESOLVED	none	trighanaūnam
6_sastra/8_jyot/brsphutu.txt	633	avamaavaśeṣavargam	aa			UNRESOLVED	none	avamaavaśeṣavargam
6_sastra/8_jyot/brsphutu.txt	637	gurudinavikalāavaśeṣayuktaūnam	āa			UNRESOLVED	none	gurudinavikalāavaśeṣayuktaūnam
6_sastra/8_jyot/brsphutu.txt	637	gurudinavikalāavaśeṣayuktaūnam	aū			UNRESOLVED	none	gurudinavikalāavaśeṣayuktaūnam
6_sastra/8_jyot/brsphutu.txt	667	triādīnām	iā			UNRESOLVED	none	triādīnām
6_sastra/8_jyot/brsphutu.txt	669	avamaavaśeṣāt	aa			UNRESOLVED	none	avamaavaśeṣāt
6_sastra/8_jyot/brsphutu.txt	673	ekaravicandrabhagaṇaūnam	aū			UNRESOLVED	none	ekaravicandrabhagaṇaūnam
6_sastra/8_jyot/brsphutu.txt	681	iṣṭaavamaśeṣāt	aa			UNRESOLVED	none	iṣṭaavamaśeṣāt
6_sastra/8_jyot/brsphutu.txt	685	avamaavaśeṣāt	aa			UNRESOLVED	none	avamaavaśeṣāt
6_sastra/8_jyot/brsphutu.txt	687	bhāgakalāvikalāaikyam	āa			UNRESOLVED	none	bhāgakalāvikalāaikyam
6_sastra/8_jyot/brsphutu.txt	687	vikalāantaram	āa			UNRESOLVED	none	vikalāantaram
6_sastra/8_jyot/brsphutu.txt	689	antaraadhikahīnam	aa			UNRESOLVED	none	antaraadhikahīnam
6_sastra/8_jyot/brsphutu.txt	691	tadvargaantaram	aa			UNRESOLVED	none	tadvargaantaram
6_sastra/8_jyot/brsphutu.txt	691	anatarauddhṛtayutaūnam	aū			UNRESOLVED	none	anatarauddhṛtayutaūnam
6_sastra/8_jyot/brsphutu.txt	693	vargaantaram	aa			UNRESOLVED	none	vargaantaram
6_sastra/8_jyot/brsphutu.txt	697	yutaūnas	aū			UNRESOLVED	none	yutaūnas
6_sastra/8_jyot/brsphutu.txt	699	śeṣaantaravargasaṃyutāt	aa			UNRESOLVED	none	śeṣaantaravargasaṃyutāt
6_sastra/8_jyot/brsphutu.txt	701	śeṣaantaraūnayuktam	aa			UNRESOLVED	none	śeṣaantaraūnayuktam
6_sastra/8_jyot/brsphutu.txt	701	śeṣaantaraūnayuktam	aū			UNRESOLVED	none	śeṣaantaraūnayuktam
6_sastra/8_jyot/brsphutu.txt	713	triadhika	ia			UNRESOLVED	none	triadhika
6_sastra/8_jyot/brsphutu.txt	715	kuṭṭakaadhyāyas	aa			UNRESOLVED	none	kuṭṭakaadhyāyas
6_sastra/8_jyot/brsphutu.txt	717	śaṅkuchāyāādijñānam	āā			UNRESOLVED	none	śaṅkuchāyāādijñānam
6_sastra/8_jyot/brsphutu.txt	721	akṣaaṃśakān	aa			UNRESOLVED	none	akṣaaṃśakān
6_sastra/8_jyot/brsphutu.txt	723	udayaantaraghaṭikābhis	aa			UNRESOLVED	none	udayaantaraghaṭikābhis
6_sastra/8_jyot/brsphutu.txt	725	astaantaraghaṭikābhis	aa			UNRESOLVED	none	astaantaraghaṭikābhis
6_sastra/8_jyot/brsphutu.txt	729	tamasraviśaśaaṅkamānāni	aa			UNRESOLVED	none	tamasraviśaśaaṅkamānāni
6_sastra/8_jyot/brsphutu.txt	729	dīpakaśikhaauccyāt	aa			UNRESOLVED	none	dīpakaśikhaauccyāt
6_sastra/8_jyot/brsphutu.txt	731	śaṅkutalaantarabhūmijñāne	aa			UNRESOLVED	none	śaṅkutalaantarabhūmijñāne
6_sastra/8_jyot/brsphutu.txt	733	iṣṭagṛhaauccyajñas	aa			UNRESOLVED	none	iṣṭagṛhaauccyajñas
6_sastra/8_jyot/brsphutu.txt	735	gṛhabhittiagram	ia			UNRESOLVED	none	gṛhabhittiagram
6_sastra/8_jyot/brsphutu.txt	737	dvitīyabhāagraantaravijñānena	āa			UNRESOLVED	none	dvitīyabhāagraantaravijñānena
6_sastra/8_jyot/brsphutu.txt	737	dvitīyabhāagraantaravijñānena	aa			UNRESOLVED	none	dvitīyabhāagraantaravijñānena
6_sastra/8_jyot/brsphutu.txt	737	dīpaaucyam	aa			UNRESOLVED	none	dīpaaucyam
6_sastra/8_jyot/brsphutu.txt	741	gṛhatalaantarajālabhos	aa			UNRESOLVED	none	gṛhatalaantarajālabhos
6_sastra/8_jyot/brsphutu.txt	743	gṛhaauccyam	aa			UNRESOLVED	none	gṛhaauccyam
6_sastra/8_jyot/brsphutu.txt	745	gṛhaagram	aa			UNRESOLVED	none	gṛhaagram
6_sastra/8_jyot/brsphutu.txt	755	pañcadaśaantaraprāṇās	aa			UNRESOLVED	none	pañcadaśaantaraprāṇās
6_sastra/8_jyot/brsphutu.txt	759	udayaantaranāḍikābhis	aa			UNRESOLVED	none	udayaantaranāḍikābhis
6_sastra/8_jyot/brsphutu.txt	759	adhikaūnas	aū			UNRESOLVED	none	adhikaūnas
6_sastra/8_jyot/brsphutu.txt	763	astaantaranāḍikābhis	aa			UNRESOLVED	none	astaantaranāḍikābhis
6_sastra/8_jyot/brsphutu.txt	763	adhikaūnas	aū			UNRESOLVED	none	adhikaūnas
6_sastra/8_jyot/brsphutu.txt	765	pūrvaaparayos	aa			UNRESOLVED	none	pūrvaaparayos
6_sastra/8_jyot/brsphutu.txt	765	ardhaūnake	aū			UNRESOLVED	none	ardhaūnake
6_sastra/8_jyot/brsphutu.txt	769	kalpagrahamaṇḍalaānayanam	aā			UNRESOLVED	none	kalpagrahamaṇḍalaānayanam
6_sastra/8_jyot/brsphutu.txt	773	raviindvos	ii			UNRESOLVED	none	raviindvos
6_sastra/8_jyot/brsphutu.txt	773	ghaṭikāavayavena	āa			UNRESOLVED	none	ghaṭikāavayavena
6_sastra/8_jyot/brsphutu.txt	777	dīpaśikhaauccyāt	aa			UNRESOLVED	none	dīpaśikhaauccyāt
6_sastra/8_jyot/brsphutu.txt	779	śaṅkuantareṇa	ua			UNRESOLVED	none	śaṅkuantareṇa
6_sastra/8_jyot/brsphutu.txt	779	chāyāantareṇa	āa			UNRESOLVED	none	chāyāantareṇa
6_sastra/8_jyot/brsphutu.txt	781	dīpaauccyam	aa			UNRESOLVED	none	dīpaauccyam
6_sastra/8_jyot/brsphutu.txt	787	yutadṛṣṭigṛhaauccyahṛtā	aa			UNRESOLVED	none	yutadṛṣṭigṛhaauccyahṛtā
6_sastra/8_jyot/brsphutu.txt	789	pratirūpaagram	aa			UNRESOLVED	none	pratirūpaagram
6_sastra/8_jyot/brsphutu.txt	791	gṛhapuruṣaantarasalile	aa			UNRESOLVED	none	gṛhapuruṣaantarasalile
6_sastra/8_jyot/brsphutu.txt	791	gṛhaagram	aa			UNRESOLVED	none	gṛhaagram
6_sastra/8_jyot/brsphutu.txt	793	gṛhatoyaantaram	aa			UNRESOLVED	none	gṛhatoyaantaram
6_sastra/8_jyot/brsphutu.txt	793	nṛjalaantareṇa	aa			UNRESOLVED	none	nṛjalaantareṇa
6_sastra/8_jyot/brsphutu.txt	795	dvitīyanṛjalaantaraantareṇa	aa			UNRESOLVED	none	dvitīyanṛjalaantaraantareṇa
6_sastra/8_jyot/brsphutu.txt	795	dvitīyanṛjalaantaraantareṇa	aa			UNRESOLVED	none	dvitīyanṛjalaantaraantareṇa
6_sastra/8_jyot/brsphutu.txt	795	jalaapasṛtis	aa			UNRESOLVED	none	jalaapasṛtis
6_sastra/8_jyot/brsphutu.txt	797	dṛṣṭiauccyaguṇā	ia			UNRESOLVED	none	dṛṣṭiauccyaguṇā
6_sastra/8_jyot/brsphutu.txt	797	nṛjalaantaraguṇā	aa			UNRESOLVED	none	nṛjalaantaraguṇā
6_sastra/8_jyot/brsphutu.txt	799	jalakuḍyaantaram	aa			UNRESOLVED	none	jalakuḍyaantaram
6_sastra/8_jyot/brsphutu.txt	801	viṃśatiāryāṇām	iā			UNRESOLVED	none	viṃśatiāryāṇām
6_sastra/8_jyot/brsphutu.txt	803	chandascitiuttaram	iu			UNRESOLVED	none	chandascitiuttaram
6_sastra/8_jyot/brsphutu.txt	885	aṣṭaaṃśeṣu	aa			UNRESOLVED	none	aṣṭaaṃśeṣu
6_sastra/8_jyot/brsphutu.txt	903	navaādīnām	aā			UNRESOLVED	none	navaādīnām
6_sastra/8_jyot/brsphutu.txt	911	ardhaānayanam	aā			UNRESOLVED	none	ardhaānayanam
6_sastra/8_jyot/lilavatu.txt	3	mataṅgaānanam	aā			UNRESOLVED	none	mataṅgaānanam
6_sastra/8_jyot/lilavatu.txt	5	saṃkṣiptaakṣarakomalaamalapadais	aa			UNRESOLVED	none	saṃkṣiptaakṣarakomalaamalapadais
6_sastra/8_jyot/lilavatu.txt	5	saṃkṣiptaakṣarakomalaamalapadais	aa			UNRESOLVED	none	saṃkṣiptaakṣarakomalaamalapadais
6_sastra/8_jyot/lilavatu.txt	15	māṣaāhvayais	aā			UNRESOLVED	none	māṣaāhvayais
6_sastra/8_jyot/lilavatu.txt	27	dvādaśaasram	aa			UNRESOLVED	none	dvādaśaasram
6_sastra/8_jyot/lilavatu.txt	29	dhānyaādike	aā			UNRESOLVED	none	dhānyaādike
6_sastra/8_jyot/lilavatu.txt	31	ṣoḍaśaaṃśas	aa			UNRESOLVED	none	ṣoḍaśaaṃśas
6_sastra/8_jyot/lilavatu.txt	33	caturthaaṃśas	aa			UNRESOLVED	none	caturthaaṃśas
6_sastra/8_jyot/lilavatu.txt	35	pādaūnagadyāṇakatulyaṭaṅkais	aū			UNRESOLVED	none	pādaūnagadyāṇakatulyaṭaṅkais
6_sastra/8_jyot/lilavatu.txt	37	maṇaabhidhānam	aa			UNRESOLVED	none	maṇaabhidhānam
6_sastra/8_jyot/lilavatu.txt	37	dhānyaāditaulyeṣu	aā			UNRESOLVED	none	dhānyaāditaulyeṣu
6_sastra/8_jyot/lilavatu.txt	39	kālaādiparibhāṣā	aā			UNRESOLVED	none	kālaādiparibhāṣā
6_sastra/8_jyot/lilavatu.txt	41	parikarmaaṣṭaka	aa			UNRESOLVED	none	parikarmaaṣṭaka
6_sastra/8_jyot/lilavatu.txt	47	nīlakamalaamalakāntaye	aa			UNRESOLVED	none	nīlakamalaamalakāntaye
6_sastra/8_jyot/lilavatu.txt	55	vyavahāraartham	aa			UNRESOLVED	none	vyavahāraartham
6_sastra/8_jyot/lilavatu.txt	69	guṇyaantyam	aa			UNRESOLVED	none	guṇyaantyam
6_sastra/8_jyot/lilavatu.txt	69	upāntimaādīn	aā			UNRESOLVED	none	upāntimaādīn
6_sastra/8_jyot/lilavatu.txt	77	iṣṭaūnayuktena	aū			UNRESOLVED	none	iṣṭaūnayuktena
6_sastra/8_jyot/lilavatu.txt	77	abhīṣṭaghnaguṇyaanvitavarjitas	aa			UNRESOLVED	none	abhīṣṭaghnaguṇyaanvitavarjitas
6_sastra/8_jyot/lilavatu.txt	85	guṇyaantyam	aa			UNRESOLVED	none	guṇyaantyam
6_sastra/8_jyot/lilavatu.txt	87	dviūnena	iū			UNRESOLVED	none	dviūnena
6_sastra/8_jyot/lilavatu.txt	93	guṇitaaṅkānām	aa			UNRESOLVED	none	guṇitaaṅkānām
6_sastra/8_jyot/lilavatu.txt	93	bhāgahāraartham	aa			UNRESOLVED	none	bhāgahāraartham
6_sastra/8_jyot/lilavatu.txt	95	dviguṇaantyanighnas	aa			UNRESOLVED	none	dviguṇaantyanighnas
6_sastra/8_jyot/lilavatu.txt	99	tadkhaṇḍavargaaikyayutā	aa			UNRESOLVED	none	tadkhaṇḍavargaaikyayutā
6_sastra/8_jyot/lilavatu.txt	101	iṣṭaūnayujrāśivadhas	aū			UNRESOLVED	none	iṣṭaūnayujrāśivadhas
6_sastra/8_jyot/lilavatu.txt	109	yathāuktakaraṇena	āu			UNRESOLVED	none	yathāuktakaraṇena
6_sastra/8_jyot/lilavatu.txt	109	tadkhaṇḍavargaaikyena	aa			UNRESOLVED	none	tadkhaṇḍavargaaikyena
6_sastra/8_jyot/lilavatu.txt	127	triantyaāhatas	ia			UNRESOLVED	none	triantyaāhatas
6_sastra/8_jyot/lilavatu.txt	127	triantyaāhatas	aā			UNRESOLVED	none	triantyaāhatas
6_sastra/8_jyot/lilavatu.txt	129	sthānaantaratvena	aa			UNRESOLVED	none	sthānaantaratvena
6_sastra/8_jyot/lilavatu.txt	131	ādyaaṅkatas	aa			UNRESOLVED	none	ādyaaṅkatas
6_sastra/8_jyot/lilavatu.txt	133	khaṇḍaghanaaikyayuk	aa			UNRESOLVED	none	khaṇḍaghanaaikyayuk
6_sastra/8_jyot/lilavatu.txt	143	khaṇḍaghanaaikyena	aa			UNRESOLVED	none	khaṇḍaghanaaikyena
6_sastra/8_jyot/lilavatu.txt	143	khaṇḍaghanaaikyena	aa			UNRESOLVED	none	khaṇḍaghanaaikyena
6_sastra/8_jyot/lilavatu.txt	155	mūlaartham	aa			UNRESOLVED	none	mūlaartham
6_sastra/8_jyot/lilavatu.txt	157	bhinnaparikarmaaṣṭaka	aa			UNRESOLVED	none	bhinnaparikarmaaṣṭaka
6_sastra/8_jyot/lilavatu.txt	161	anyonyahāraabhihatau	aa			UNRESOLVED	none	anyonyahāraabhihatau
6_sastra/8_jyot/lilavatu.txt	161	haraaṃśau	aa			UNRESOLVED	none	haraaṃśau
6_sastra/8_jyot/lilavatu.txt	163	haraaṃśau	aa			UNRESOLVED	none	haraaṃśau
6_sastra/8_jyot/lilavatu.txt	167	yogaartham	aa			UNRESOLVED	none	yogaartham
6_sastra/8_jyot/lilavatu.txt	169	caturdaśaaṃśas	aa			UNRESOLVED	none	caturdaśaaṃśas
6_sastra/8_jyot/lilavatu.txt	169	viyojanaartham	aa			UNRESOLVED	none	viyojanaartham
6_sastra/8_jyot/lilavatu.txt	171	saptaapavartitābhyām	aa			UNRESOLVED	none	saptaapavartitābhyām
6_sastra/8_jyot/lilavatu.txt	171	saptaapavartite	aa			UNRESOLVED	none	saptaapavartite
6_sastra/8_jyot/lilavatu.txt	177	pañcaaṃśaka	aa			UNRESOLVED	none	pañcaaṃśaka
6_sastra/8_jyot/lilavatu.txt	177	ṣoḍaśaaṃśa	aa			UNRESOLVED	none	ṣoḍaśaaṃśa
6_sastra/8_jyot/lilavatu.txt	179	prabhāgaabhidhām	aa			UNRESOLVED	none	prabhāgaabhidhām
6_sastra/8_jyot/lilavatu.txt	181	bhāgaanubandhabhāgaapavāhayos	aa			UNRESOLVED	none	bhāgaanubandhabhāgaapavāhayos
6_sastra/8_jyot/lilavatu.txt	181	bhāgaanubandhabhāgaapavāhayos	aa			UNRESOLVED	none	bhāgaanubandhabhāgaapavāhayos
6_sastra/8_jyot/lilavatu.txt	183	dhanaṛṇam	aṛ			UNRESOLVED	none	dhanaṛṇam
6_sastra/8_jyot/lilavatu.txt	183	adhikaūnakās	aū			UNRESOLVED	none	adhikaūnakās
6_sastra/8_jyot/lilavatu.txt	185	svaaṃśaadhikaūnas	aa			UNRESOLVED	none	svaaṃśaadhikaūnas
6_sastra/8_jyot/lilavatu.txt	185	svaaṃśaadhikaūnas	aa			UNRESOLVED	none	svaaṃśaadhikaūnas
6_sastra/8_jyot/lilavatu.txt	185	svaaṃśaadhikaūnas	aū			UNRESOLVED	none	svaaṃśaadhikaūnas
6_sastra/8_jyot/lilavatu.txt	185	bhāgaanubandhe	aa			UNRESOLVED	none	bhāgaanubandhe
6_sastra/8_jyot/lilavatu.txt	185	lavaapavāhe	aa			UNRESOLVED	none	lavaapavāhe
6_sastra/8_jyot/lilavatu.txt	187	svaaṃśaadhikaūnena	aa			UNRESOLVED	none	svaaṃśaadhikaūnena
6_sastra/8_jyot/lilavatu.txt	187	svaaṃśaadhikaūnena	aa			UNRESOLVED	none	svaaṃśaadhikaūnena
6_sastra/8_jyot/lilavatu.txt	187	svaaṃśaadhikaūnena	aū			UNRESOLVED	none	svaaṃśaadhikaūnena
6_sastra/8_jyot/lilavatu.txt	193	aṃśaanubandham	aa			UNRESOLVED	none	aṃśaanubandham
6_sastra/8_jyot/lilavatu.txt	193	bhāgaapavāhanam	aa			UNRESOLVED	none	bhāgaapavāhanam
6_sastra/8_jyot/lilavatu.txt	197	triaṃśayuktas	ia			UNRESOLVED	none	triaṃśayuktas
6_sastra/8_jyot/lilavatu.txt	197	triaṃśau	ia			UNRESOLVED	none	triaṃśau
6_sastra/8_jyot/lilavatu.txt	197	aṣṭaaṃśahīnau	aa			UNRESOLVED	none	aṣṭaaṃśahīnau
6_sastra/8_jyot/lilavatu.txt	199	aṣṭaaṃśahīnam	aa			UNRESOLVED	none	aṣṭaaṃśahīnam
6_sastra/8_jyot/lilavatu.txt	199	saptamaaṃśais	aa			UNRESOLVED	none	saptamaaṃśais
6_sastra/8_jyot/lilavatu.txt	199	aṃśaanubandhaapavāhau	aa			UNRESOLVED	none	aṃśaanubandhaapavāhau
6_sastra/8_jyot/lilavatu.txt	199	aṃśaanubandhaapavāhau	aa			UNRESOLVED	none	aṃśaanubandhaapavāhau
6_sastra/8_jyot/lilavatu.txt	203	tulyaharaaṃśakānām	aa			UNRESOLVED	none	tulyaharaaṃśakānām
6_sastra/8_jyot/lilavatu.txt	207	pañcaaṃa	aa			UNRESOLVED	none	pañcaaṃa
6_sastra/8_jyot/lilavatu.txt	213	aṃśaāhatis	aā			UNRESOLVED	none	aṃśaāhatis
6_sastra/8_jyot/lilavatu.txt	217	triaṃśarūpa	ia			UNRESOLVED	none	triaṃśarūpa
6_sastra/8_jyot/lilavatu.txt	217	saptamaaṃśa	aa			UNRESOLVED	none	saptamaaṃśa
6_sastra/8_jyot/lilavatu.txt	227	triaṃśarūpa	ia			UNRESOLVED	none	triaṃśarūpa
6_sastra/8_jyot/lilavatu.txt	227	triaṃśena	ia			UNRESOLVED	none	triaṃśena
6_sastra/8_jyot/lilavatu.txt	229	darbhīyagarbhaagrasutīkṣṇabuddhis	aa			UNRESOLVED	none	darbhīyagarbhaagrasutīkṣṇabuddhis
6_sastra/8_jyot/lilavatu.txt	231	yathāuktakaraṇena	āu			UNRESOLVED	none	yathāuktakaraṇena
6_sastra/8_jyot/lilavatu.txt	231	bhinnavargaādau	aā			UNRESOLVED	none	bhinnavargaādau
6_sastra/8_jyot/lilavatu.txt	233	hāraaṃśayos	aa			UNRESOLVED	none	hāraaṃśayos
6_sastra/8_jyot/lilavatu.txt	243	śūnyaparikarmaaṣṭaka	aa			UNRESOLVED	none	śūnyaparikarmaaṣṭaka
6_sastra/8_jyot/lilavatu.txt	247	vargaādau	aā			UNRESOLVED	none	vargaādau
6_sastra/8_jyot/lilavatu.txt	273	svaaṃśaadhikaūne	aa			UNRESOLVED	none	svaaṃśaadhikaūne
6_sastra/8_jyot/lilavatu.txt	273	svaaṃśaadhikaūne	aa			UNRESOLVED	none	svaaṃśaadhikaūne
6_sastra/8_jyot/lilavatu.txt	273	svaaṃśaadhikaūne	aū			UNRESOLVED	none	svaaṃśaadhikaūne
6_sastra/8_jyot/lilavatu.txt	273	lavaāḍhyaūnas	aā			UNRESOLVED	none	lavaāḍhyaūnas
6_sastra/8_jyot/lilavatu.txt	273	lavaāḍhyaūnas	aū			UNRESOLVED	none	lavaāḍhyaūnas
6_sastra/8_jyot/lilavatu.txt	279	triaṃśena	ia			UNRESOLVED	none	triaṃśena
6_sastra/8_jyot/lilavatu.txt	281	cañcalaakṣi	aa			UNRESOLVED	none	cañcalaakṣi
6_sastra/8_jyot/lilavatu.txt	283	yathāuktakaraṇena	āu			UNRESOLVED	none	yathāuktakaraṇena
6_sastra/8_jyot/lilavatu.txt	283	dṛśyajātiśeṣajātiviśleṣajātiādau	iā			UNRESOLVED	none	dṛśyajātiśeṣajātiviśleṣajātiādau
6_sastra/8_jyot/lilavatu.txt	285	uddeśakaālāpavat	aā			UNRESOLVED	none	uddeśakaālāpavat
6_sastra/8_jyot/lilavatu.txt	287	iṣṭaāhatam	aā			UNRESOLVED	none	iṣṭaāhatam
6_sastra/8_jyot/lilavatu.txt	291	tribhāgaūnas	aū			UNRESOLVED	none	tribhāgaūnas
6_sastra/8_jyot/lilavatu.txt	293	triaṃśa	ia			UNRESOLVED	none	triaṃśa
6_sastra/8_jyot/lilavatu.txt	293	dviūna	iū			UNRESOLVED	none	dviūna
6_sastra/8_jyot/lilavatu.txt	295	svaaṃśaṛṇam	aa			UNRESOLVED	none	svaaṃśaṛṇam
6_sastra/8_jyot/lilavatu.txt	295	svaaṃśaṛṇam	aṛ			UNRESOLVED	none	svaaṃśaṛṇam
6_sastra/8_jyot/lilavatu.txt	295	rāśiaṃśakās	ia			UNRESOLVED	none	rāśiaṃśakās
6_sastra/8_jyot/lilavatu.txt	295	tribhāgaūnas	aū			UNRESOLVED	none	tribhāgaūnas
6_sastra/8_jyot/lilavatu.txt	295	triaṃśa	ia			UNRESOLVED	none	triaṃśa
6_sastra/8_jyot/lilavatu.txt	295	iṣṭaāhatam	aā			UNRESOLVED	none	iṣṭaāhatam
6_sastra/8_jyot/lilavatu.txt	297	rāśiaṃśena	ia			UNRESOLVED	none	rāśiaṃśena
6_sastra/8_jyot/lilavatu.txt	297	uddeśakaālāpavat	aā			UNRESOLVED	none	uddeśakaālāpavat
6_sastra/8_jyot/lilavatu.txt	297	dṛśyajātiudāharaṇam	iu			UNRESOLVED	none	dṛśyajātiudāharaṇam
6_sastra/8_jyot/lilavatu.txt	299	triaṃśa	ia			UNRESOLVED	none	triaṃśa
6_sastra/8_jyot/lilavatu.txt	299	pañcaaṃśa	aa			UNRESOLVED	none	pañcaaṃśa
6_sastra/8_jyot/lilavatu.txt	303	śeṣajātiudāharaṇam	iu			UNRESOLVED	none	śeṣajātiudāharaṇam
6_sastra/8_jyot/lilavatu.txt	309	bhāgaapavāhavidhinā	aa			UNRESOLVED	none	bhāgaapavāhavidhinā
6_sastra/8_jyot/lilavatu.txt	309	viśleṣajātiudāharaṇam	iu			UNRESOLVED	none	viśleṣajātiudāharaṇam
6_sastra/8_jyot/lilavatu.txt	311	pañcaaṃśas	aa			UNRESOLVED	none	pañcaaṃśas
6_sastra/8_jyot/lilavatu.txt	311	triaṃśas	ia			UNRESOLVED	none	triaṃśas
6_sastra/8_jyot/lilavatu.txt	311	mṛgaakṣi	aa			UNRESOLVED	none	mṛgaakṣi
6_sastra/8_jyot/lilavatu.txt	313	ekakālapriyādūtaāhūtas	aā			UNRESOLVED	none	ekakālapriyādūtaāhūtas
6_sastra/8_jyot/lilavatu.txt	315	vṛttaardham	aa			UNRESOLVED	none	vṛttaardham
6_sastra/8_jyot/lilavatu.txt	317	saṃkramaṇaākhyam	aā			UNRESOLVED	none	saṃkramaṇaākhyam
6_sastra/8_jyot/lilavatu.txt	327	vargaantaram	aa			UNRESOLVED	none	vargaantaram
6_sastra/8_jyot/lilavatu.txt	335	rāśiantaram	ia			UNRESOLVED	none	rāśiantaram
6_sastra/8_jyot/lilavatu.txt	335	kṛtiantaram	ia			UNRESOLVED	none	kṛtiantaram
6_sastra/8_jyot/lilavatu.txt	349	ṣoḍhāuktabījagaṇitam	āu			UNRESOLVED	none	ṣoḍhāuktabījagaṇitam
6_sastra/8_jyot/lilavatu.txt	351	prathamaānayane	aā			UNRESOLVED	none	prathamaānayane
6_sastra/8_jyot/lilavatu.txt	353	triaṃśena	ia			UNRESOLVED	none	triaṃśena
6_sastra/8_jyot/lilavatu.txt	367	mandaartham	aa			UNRESOLVED	none	mandaartham
6_sastra/8_jyot/lilavatu.txt	371	guṇaghnamūlaūnayutasya	aū			UNRESOLVED	none	guṇaghnamūlaūnayutasya
6_sastra/8_jyot/lilavatu.txt	375	bhāgaūnayutena	aū			UNRESOLVED	none	bhāgaūnayutena
6_sastra/8_jyot/lilavatu.txt	379	mūlaūne	aū			UNRESOLVED	none	mūlaūne
6_sastra/8_jyot/lilavatu.txt	393	meghaāgame	aā			UNRESOLVED	none	meghaāgame
6_sastra/8_jyot/lilavatu.txt	393	aṣṭaaṃśakas	aa			UNRESOLVED	none	aṣṭaaṃśakas
6_sastra/8_jyot/lilavatu.txt	397	bhāgaūnena	aū			UNRESOLVED	none	bhāgaūnena
6_sastra/8_jyot/lilavatu.txt	397	guṇaghnamūlaūnayutasya	aū			UNRESOLVED	none	guṇaghnamūlaūnayutasya
6_sastra/8_jyot/lilavatu.txt	397	itiādividhinā	iā			UNRESOLVED	none	itiādividhinā
6_sastra/8_jyot/lilavatu.txt	403	itiādinā	iā			UNRESOLVED	none	itiādinā
6_sastra/8_jyot/lilavatu.txt	409	navaaṃśa	aa			UNRESOLVED	none	navaaṃśa
6_sastra/8_jyot/lilavatu.txt	409	rāśiardhamūlam	ia			UNRESOLVED	none	rāśiardhamūlam
6_sastra/8_jyot/lilavatu.txt	417	ādiantayos	ia			UNRESOLVED	none	ādiantayos
6_sastra/8_jyot/lilavatu.txt	435	aṣṭaaṃśā	aa			UNRESOLVED	none	aṣṭaaṃśā
6_sastra/8_jyot/lilavatu.txt	439	sajātīyakaraṇaartham	aa			UNRESOLVED	none	sajātīyakaraṇaartham
6_sastra/8_jyot/lilavatu.txt	465	saptaāḍhakena	aā			UNRESOLVED	none	saptaāḍhakena
6_sastra/8_jyot/lilavatu.txt	467	pañcaāḍhakena	aā			UNRESOLVED	none	pañcaāḍhakena
6_sastra/8_jyot/lilavatu.txt	469	pañcarāśikaādau	aā			UNRESOLVED	none	pañcarāśikaādau
6_sastra/8_jyot/lilavatu.txt	471	navarāśikaādike	aā			UNRESOLVED	none	navarāśikaādike
6_sastra/8_jyot/lilavatu.txt	473	sualparāśivadhabhājite	ua			UNRESOLVED	none	sualparāśivadhabhājite
6_sastra/8_jyot/lilavatu.txt	477	kalāantaram	āa			UNRESOLVED	none	kalāantaram
6_sastra/8_jyot/lilavatu.txt	479	mūlakalāantarābhyām	āa			UNRESOLVED	none	mūlakalāantarābhyām
6_sastra/8_jyot/lilavatu.txt	481	kalāantaram	āa			UNRESOLVED	none	kalāantaram
6_sastra/8_jyot/lilavatu.txt	481	kālajñānaartham	aa			UNRESOLVED	none	kālajñānaartham
6_sastra/8_jyot/lilavatu.txt	481	mūladhanaartham	aa			UNRESOLVED	none	mūladhanaartham
6_sastra/8_jyot/lilavatu.txt	483	triaṃśamāsena	ia			UNRESOLVED	none	triaṃśamāsena
6_sastra/8_jyot/lilavatu.txt	483	kalāantaram	āa			UNRESOLVED	none	kalāantaram
6_sastra/8_jyot/lilavatu.txt	483	pañcamaaṃśās	aa			UNRESOLVED	none	pañcamaaṃśās
6_sastra/8_jyot/lilavatu.txt	485	pañcalavaadhikais	aa			UNRESOLVED	none	pañcalavaadhikais
6_sastra/8_jyot/lilavatu.txt	487	kalāantaram	āa			UNRESOLVED	none	kalāantaram
6_sastra/8_jyot/lilavatu.txt	495	arkamitaaṅgulās	aa			UNRESOLVED	none	arkamitaaṅgulās
6_sastra/8_jyot/lilavatu.txt	495	caturvargaaṅgulās	aa			UNRESOLVED	none	caturvargaaṅgulās
6_sastra/8_jyot/lilavatu.txt	523	miśraāhate	aā			UNRESOLVED	none	miśraāhate
6_sastra/8_jyot/lilavatu.txt	523	mūlakalāantare	āa			UNRESOLVED	none	mūlakalāantare
6_sastra/8_jyot/lilavatu.txt	525	iṣṭakarmaākhyavidhes	aā			UNRESOLVED	none	iṣṭakarmaākhyavidhes
6_sastra/8_jyot/lilavatu.txt	525	kalāantaram	āa			UNRESOLVED	none	kalāantaram
6_sastra/8_jyot/lilavatu.txt	529	sakalaantaram	aa			UNRESOLVED	none	sakalaantaram
6_sastra/8_jyot/lilavatu.txt	531	mūlakalāantare	āa			UNRESOLVED	none	mūlakalāantare
6_sastra/8_jyot/lilavatu.txt	533	mūlakalāantare	āa			UNRESOLVED	none	mūlakalāantare
6_sastra/8_jyot/lilavatu.txt	533	uddeśakaālāpavat	aā			UNRESOLVED	none	uddeśakaālāpavat
6_sastra/8_jyot/lilavatu.txt	533	itiādikaraṇena	iā			UNRESOLVED	none	itiādikaraṇena
6_sastra/8_jyot/lilavatu.txt	533	kalāantaram	āa			UNRESOLVED	none	kalāantaram
6_sastra/8_jyot/lilavatu.txt	533	kalāantaram	āa			UNRESOLVED	none	kalāantaram
6_sastra/8_jyot/lilavatu.txt	535	miśraantare	aa			UNRESOLVED	none	miśraantare
6_sastra/8_jyot/lilavatu.txt	547	samakalāantaram	āa			UNRESOLVED	none	samakalāantaram
6_sastra/8_jyot/lilavatu.txt	547	miśraantare	aa			UNRESOLVED	none	miśraantare
6_sastra/8_jyot/lilavatu.txt	553	pañcaūnitā	aū			UNRESOLVED	none	pañcaūnitā
6_sastra/8_jyot/lilavatu.txt	557	ādidhanaaikyena	aa			UNRESOLVED	none	ādidhanaaikyena
6_sastra/8_jyot/lilavatu.txt	557	vāpīādipūraṇe	īā			UNRESOLVED	none	vāpīādipūraṇe
6_sastra/8_jyot/lilavatu.txt	567	dinaaṃśas	aa			UNRESOLVED	none	dinaaṃśas
6_sastra/8_jyot/lilavatu.txt	577	taṇḍulaaṃśa	aa			UNRESOLVED	none	taṇḍulaaṃśa
6_sastra/8_jyot/lilavatu.txt	577	ekabhāgaanvitam	aa			UNRESOLVED	none	ekabhāgaanvitam
6_sastra/8_jyot/lilavatu.txt	577	saarthas	aa			UNRESOLVED	none	saarthas
6_sastra/8_jyot/lilavatu.txt	585	aṣṭaaṃśena	aa			UNRESOLVED	none	aṣṭaaṃśena
6_sastra/8_jyot/lilavatu.txt	587	karpūraādīnām	aā			UNRESOLVED	none	karpūraādīnām
6_sastra/8_jyot/lilavatu.txt	589	naraghnadānaūnitaratnaśeṣais	aū			UNRESOLVED	none	naraghnadānaūnitaratnaśeṣais
6_sastra/8_jyot/lilavatu.txt	603	suvarṇavarṇaāhatiyogarāśau	aā			UNRESOLVED	none	suvarṇavarṇaāhatiyogarāśau
6_sastra/8_jyot/lilavatu.txt	603	svarṇaaikyabhakte	aa			UNRESOLVED	none	svarṇaaikyabhakte
6_sastra/8_jyot/lilavatu.txt	603	kanakaaikyavarṇas	aa			UNRESOLVED	none	kanakaaikyavarṇas
6_sastra/8_jyot/lilavatu.txt	619	svarṇaaikyanighnāt	aa			UNRESOLVED	none	svarṇaaikyanighnāt
6_sastra/8_jyot/lilavatu.txt	619	suvarṇatadvarṇavadhaaikyahīnāt	aa			UNRESOLVED	none	suvarṇatadvarṇavadhaaikyahīnāt
6_sastra/8_jyot/lilavatu.txt	621	ajñātavarṇaagnijasaṃkhyayā	aa			UNRESOLVED	none	ajñātavarṇaagnijasaṃkhyayā
6_sastra/8_jyot/lilavatu.txt	631	svarṇaaikyanighnas	aa			UNRESOLVED	none	svarṇaaikyanighnas
6_sastra/8_jyot/lilavatu.txt	631	svarṇaghnavarṇaaikyaviyojitas	aa			UNRESOLVED	none	svarṇaghnavarṇaaikyaviyojitas
6_sastra/8_jyot/lilavatu.txt	633	ahemavarṇaagnijayogavarṇaviśleṣabhaktas	aa			UNRESOLVED	none	ahemavarṇaagnijayogavarṇaviśleṣabhaktas
6_sastra/8_jyot/lilavatu.txt	633	aviditaagnijam	aa			UNRESOLVED	none	aviditaagnijam
6_sastra/8_jyot/lilavatu.txt	643	svalpavarṇaūnitas	aū			UNRESOLVED	none	svalpavarṇaūnitas
6_sastra/8_jyot/lilavatu.txt	645	svalpaanalpayos	aa			UNRESOLVED	none	svalpaanalpayos
6_sastra/8_jyot/lilavatu.txt	653	chandascitiādau	iā			UNRESOLVED	none	chandascitiādau
6_sastra/8_jyot/lilavatu.txt	655	ekaādiekauttarās	aā			UNRESOLVED	none	ekaādiekauttarās
6_sastra/8_jyot/lilavatu.txt	655	ekaādiekauttarās	ie			UNRESOLVED	none	ekaādiekauttarās
6_sastra/8_jyot/lilavatu.txt	659	triādibhedās	iā			UNRESOLVED	none	triādibhedās
6_sastra/8_jyot/lilavatu.txt	661	chandascitiuttare	iu			UNRESOLVED	none	chandascitiuttare
6_sastra/8_jyot/lilavatu.txt	663	mūṣāvahanabhedaādau	aā			UNRESOLVED	none	mūṣāvahanabhedaādau
6_sastra/8_jyot/lilavatu.txt	667	chandascitiuttare	iu			UNRESOLVED	none	chandascitiuttare
6_sastra/8_jyot/lilavatu.txt	671	ekaādiguravas	aā			UNRESOLVED	none	ekaādiguravas
6_sastra/8_jyot/lilavatu.txt	673	ekaādi	aā			UNRESOLVED	none	ekaādi
6_sastra/8_jyot/lilavatu.txt	673	ekauttaraaṅkānām	aa			UNRESOLVED	none	ekauttaraaṅkānām
6_sastra/8_jyot/lilavatu.txt	673	yathāuktakaraṇena	āu			UNRESOLVED	none	yathāuktakaraṇena
6_sastra/8_jyot/lilavatu.txt	675	caturcaraṇaakṣarasaṃkhyakān	aa			UNRESOLVED	none	caturcaraṇaakṣarasaṃkhyakān
6_sastra/8_jyot/lilavatu.txt	675	yathāuktam	āu			UNRESOLVED	none	yathāuktam
6_sastra/8_jyot/lilavatu.txt	675	ekaādigurubhedān	aā			UNRESOLVED	none	ekaādigurubhedān
6_sastra/8_jyot/lilavatu.txt	675	ukthāādiutkṛtiparyantam	āā			UNRESOLVED	none	ukthāādiutkṛtiparyantam
6_sastra/8_jyot/lilavatu.txt	675	ukthāādiutkṛtiparyantam	iu			UNRESOLVED	none	ukthāādiutkṛtiparyantam
6_sastra/8_jyot/lilavatu.txt	677	triādimūṣāvahanamitim	iā			UNRESOLVED	none	triādimūṣāvahanamitim
6_sastra/8_jyot/lilavatu.txt	679	triādiyuktās	iā			UNRESOLVED	none	triādiyuktās
6_sastra/8_jyot/lilavatu.txt	679	madhurakaṭukaṣāyaāmlakakṣāratiktais	aā			UNRESOLVED	none	madhurakaṭukaṣāyaāmlakakṣāratiktais
6_sastra/8_jyot/lilavatu.txt	681	triādimūṣāvahanasaṃkhyās	iā			UNRESOLVED	none	triādimūṣāvahanasaṃkhyās
6_sastra/8_jyot/lilavatu.txt	683	ekaādirasasaṃyogena	aā			UNRESOLVED	none	ekaādirasasaṃyogena
6_sastra/8_jyot/lilavatu.txt	687	saṃkalitaaikye	aa			UNRESOLVED	none	saṃkalitaaikye
6_sastra/8_jyot/lilavatu.txt	689	ekaādiaṅkayutis	aā			UNRESOLVED	none	ekaādiaṅkayutis
6_sastra/8_jyot/lilavatu.txt	689	ekaādiaṅkayutis	ia			UNRESOLVED	none	ekaādiaṅkayutis
6_sastra/8_jyot/lilavatu.txt	689	saṃkalitaākhyā	aā			UNRESOLVED	none	saṃkalitaākhyā
6_sastra/8_jyot/lilavatu.txt	691	saṃkalitaaikyam	aa			UNRESOLVED	none	saṃkalitaaikyam
6_sastra/8_jyot/lilavatu.txt	695	ekaādīnām	aā			UNRESOLVED	none	ekaādīnām
6_sastra/8_jyot/lilavatu.txt	695	navaantānām	aa			UNRESOLVED	none	navaantānām
6_sastra/8_jyot/lilavatu.txt	697	saṃkalitaaikyāni	aa			UNRESOLVED	none	saṃkalitaaikyāni
6_sastra/8_jyot/lilavatu.txt	699	kṛtiādiyoge	iā			UNRESOLVED	none	kṛtiādiyoge
6_sastra/8_jyot/lilavatu.txt	703	ekaādiaṅkaghanaaikyam	aā			UNRESOLVED	none	ekaādiaṅkaghanaaikyam
6_sastra/8_jyot/lilavatu.txt	703	ekaādiaṅkaghanaaikyam	ia			UNRESOLVED	none	ekaādiaṅkaghanaaikyam
6_sastra/8_jyot/lilavatu.txt	703	ekaādiaṅkaghanaaikyam	aa			UNRESOLVED	none	ekaādiaṅkaghanaaikyam
6_sastra/8_jyot/lilavatu.txt	707	vargaaikyam	aa			UNRESOLVED	none	vargaaikyam
6_sastra/8_jyot/lilavatu.txt	707	ghanaaikyam	aa			UNRESOLVED	none	ghanaaikyam
6_sastra/8_jyot/lilavatu.txt	711	vargaaikyam	aa			UNRESOLVED	none	vargaaikyam
6_sastra/8_jyot/lilavatu.txt	711	ghanaaikyam	aa			UNRESOLVED	none	ghanaaikyam
6_sastra/8_jyot/lilavatu.txt	711	yathāuttaracaye	āu			UNRESOLVED	none	yathāuttaracaye
6_sastra/8_jyot/lilavatu.txt	711	antyaādidhanajñānāya	aā			UNRESOLVED	none	antyaādidhanajñānāya
6_sastra/8_jyot/lilavatu.txt	723	udāharaṇaantaram	aa			UNRESOLVED	none	udāharaṇaantaram
6_sastra/8_jyot/lilavatu.txt	727	madhyaantyadhanasaṃkhye	aa			UNRESOLVED	none	madhyaantyadhanasaṃkhye
6_sastra/8_jyot/lilavatu.txt	729	madhyadinaabhāvāt	aa			UNRESOLVED	none	madhyadinaabhāvāt
6_sastra/8_jyot/lilavatu.txt	735	pañcaadhikam	aa			UNRESOLVED	none	pañcaadhikam
6_sastra/8_jyot/lilavatu.txt	745	janaīśas	aī			UNRESOLVED	none	janaīśas
6_sastra/8_jyot/lilavatu.txt	747	arikariharaṇaartham	aa			UNRESOLVED	none	arikariharaṇaartham
6_sastra/8_jyot/lilavatu.txt	751	ardhavaktraantaravargayuktāt	aa			UNRESOLVED	none	ardhavaktraantaravargayuktāt
6_sastra/8_jyot/lilavatu.txt	753	mukhaūnam	aū			UNRESOLVED	none	mukhaūnam
6_sastra/8_jyot/lilavatu.txt	759	ṣaṣṭiadhikam	ia			UNRESOLVED	none	ṣaṣṭiadhikam
6_sastra/8_jyot/lilavatu.txt	761	dviguṇauttaraādiphalaānayane	aā			UNRESOLVED	none	dviguṇauttaraādiphalaānayane
6_sastra/8_jyot/lilavatu.txt	761	dviguṇauttaraādiphalaānayane	aā			UNRESOLVED	none	dviguṇauttaraādiphalaānayane
6_sastra/8_jyot/lilavatu.txt	765	gacchakṣayaantam	aa			UNRESOLVED	none	gacchakṣayaantam
6_sastra/8_jyot/lilavatu.txt	773	pratiaham	ia			UNRESOLVED	none	pratiaham
6_sastra/8_jyot/lilavatu.txt	777	pratiaham	ia			UNRESOLVED	none	pratiaham
6_sastra/8_jyot/lilavatu.txt	781	samaādivṛttajñānāya	aā			UNRESOLVED	none	samaādivṛttajñānāya
6_sastra/8_jyot/lilavatu.txt	783	pādaakṣaramitagacche	aa			UNRESOLVED	none	pādaakṣaramitagacche
6_sastra/8_jyot/lilavatu.txt	787	svasvapadaūnau	aū			UNRESOLVED	none	svasvapadaūnau
6_sastra/8_jyot/lilavatu.txt	799	anyatamaānayanāya	aā			UNRESOLVED	none	anyatamaānayanāya
6_sastra/8_jyot/lilavatu.txt	803	triasre	ia			UNRESOLVED	none	triasre
6_sastra/8_jyot/lilavatu.txt	815	koṭiānayanam	iā			UNRESOLVED	none	koṭiānayanam
6_sastra/8_jyot/lilavatu.txt	815	vargaantaram	aa			UNRESOLVED	none	vargaantaram
6_sastra/8_jyot/lilavatu.txt	815	bhujaānayanam	aā			UNRESOLVED	none	bhujaānayanam
6_sastra/8_jyot/lilavatu.txt	815	vargaantaram	aa			UNRESOLVED	none	vargaantaram
6_sastra/8_jyot/lilavatu.txt	815	prakāraantareṇa	aa			UNRESOLVED	none	prakāraantareṇa
6_sastra/8_jyot/lilavatu.txt	821	yogaantaraāhatis	aa			UNRESOLVED	none	yogaantaraāhatis
6_sastra/8_jyot/lilavatu.txt	821	yogaantaraāhatis	aā			UNRESOLVED	none	yogaantaraāhatis
6_sastra/8_jyot/lilavatu.txt	823	vargaantaram	aa			UNRESOLVED	none	vargaantaram
6_sastra/8_jyot/lilavatu.txt	825	koṭiānayanam	iā			UNRESOLVED	none	koṭiānayanam
6_sastra/8_jyot/lilavatu.txt	825	vargaantaram	aa			UNRESOLVED	none	vargaantaram
6_sastra/8_jyot/lilavatu.txt	833	mūlaabhāvāt	aa			UNRESOLVED	none	mūlaabhāvāt
6_sastra/8_jyot/lilavatu.txt	833	āsannamūlajñānaartham	aa			UNRESOLVED	none	āsannamūlajñānaartham
6_sastra/8_jyot/lilavatu.txt	835	chedaaṃśayos	aa			UNRESOLVED	none	chedaaṃśayos
6_sastra/8_jyot/lilavatu.txt	839	chedaaṃśaghātas	aa			UNRESOLVED	none	chedaaṃśaghātas
6_sastra/8_jyot/lilavatu.txt	839	triasrajātye	ia			UNRESOLVED	none	triasrajātye
6_sastra/8_jyot/lilavatu.txt	843	bhujaūnā	aū			UNRESOLVED	none	bhujaūnā
6_sastra/8_jyot/lilavatu.txt	843	triasram	ia			UNRESOLVED	none	triasram
6_sastra/8_jyot/lilavatu.txt	845	iṣṭaūnayutā	aū			UNRESOLVED	none	iṣṭaūnayutā
6_sastra/8_jyot/lilavatu.txt	855	ekaūnayā	aū			UNRESOLVED	none	ekaūnayā
6_sastra/8_jyot/lilavatu.txt	855	bhujaūnā	aū			UNRESOLVED	none	bhujaūnā
6_sastra/8_jyot/lilavatu.txt	855	itiādi	iā			UNRESOLVED	none	itiādi
6_sastra/8_jyot/lilavatu.txt	857	koṭibhujaānayane	aā			UNRESOLVED	none	koṭibhujaānayane
6_sastra/8_jyot/lilavatu.txt	869	prakāraantareṇa	aa			UNRESOLVED	none	prakāraantareṇa
6_sastra/8_jyot/lilavatu.txt	873	phalaūnas	aū			UNRESOLVED	none	phalaūnas
6_sastra/8_jyot/lilavatu.txt	875	bhujakoṭikarṇaānayane	aā			UNRESOLVED	none	bhujakoṭikarṇaānayane
6_sastra/8_jyot/lilavatu.txt	877	vargaantaram	aa			UNRESOLVED	none	vargaantaram
6_sastra/8_jyot/lilavatu.txt	883	triasram	ia			UNRESOLVED	none	triasram
6_sastra/8_jyot/lilavatu.txt	889	vaṃśaagramūlaantarabhūmivargas	aa			UNRESOLVED	none	vaṃśaagramūlaantarabhūmivargas
6_sastra/8_jyot/lilavatu.txt	889	vaṃśaagramūlaantarabhūmivargas	aa			UNRESOLVED	none	vaṃśaagramūlaantarabhūmivargas
6_sastra/8_jyot/lilavatu.txt	889	yutaūnau	aū			UNRESOLVED	none	yutaūnau
6_sastra/8_jyot/lilavatu.txt	899	vaṃśaagramūlaantarabhūmis	aa			UNRESOLVED	none	vaṃśaagramūlaantarabhūmis
6_sastra/8_jyot/lilavatu.txt	899	vaṃśaagramūlaantarabhūmis	aa			UNRESOLVED	none	vaṃśaagramūlaantarabhūmis
6_sastra/8_jyot/lilavatu.txt	899	ūrdhvaadhaskhaṇḍe	aa			UNRESOLVED	none	ūrdhvaadhaskhaṇḍe
6_sastra/8_jyot/lilavatu.txt	901	ahibilaantareṇa	aa			UNRESOLVED	none	ahibilaantareṇa
6_sastra/8_jyot/lilavatu.txt	901	vyālabilaantarālāt	aa			UNRESOLVED	none	vyālabilaantarālāt
6_sastra/8_jyot/lilavatu.txt	903	bilaagratas	aa			UNRESOLVED	none	bilaagratas
6_sastra/8_jyot/lilavatu.txt	909	stambhapramāṇaantare	aa			UNRESOLVED	none	stambhapramāṇaantare
6_sastra/8_jyot/lilavatu.txt	915	ahibilaantaram	aa			UNRESOLVED	none	ahibilaantaram
6_sastra/8_jyot/lilavatu.txt	915	koṭikarṇaantare	aa			UNRESOLVED	none	koṭikarṇaantare
6_sastra/8_jyot/lilavatu.txt	917	koṭikarṇaantaraāptam	aa			UNRESOLVED	none	koṭikarṇaantaraāptam
6_sastra/8_jyot/lilavatu.txt	917	koṭikarṇaantaraāptam	aā			UNRESOLVED	none	koṭikarṇaantaraāptam
6_sastra/8_jyot/lilavatu.txt	917	koṭikarṇaantareṇa	aa			UNRESOLVED	none	koṭikarṇaantareṇa
6_sastra/8_jyot/lilavatu.txt	921	koṭikarṇaantaram	aa			UNRESOLVED	none	koṭikarṇaantaram
6_sastra/8_jyot/lilavatu.txt	927	cakrakrauñcaākulitasalile	aā			UNRESOLVED	none	cakrakrauñcaākulitasalile
6_sastra/8_jyot/lilavatu.txt	927	kamalakalikāagram	āa			UNRESOLVED	none	kamalakalikāagram
6_sastra/8_jyot/lilavatu.txt	931	koṭikarṇaantaram	aa			UNRESOLVED	none	koṭikarṇaantaram
6_sastra/8_jyot/lilavatu.txt	943	vṛkṣavāpīantaram	īa			UNRESOLVED	none	vṛkṣavāpīantaram
6_sastra/8_jyot/lilavatu.txt	951	saptaadhikas	aa			UNRESOLVED	none	saptaadhikas
6_sastra/8_jyot/lilavatu.txt	951	triadhikā	ia			UNRESOLVED	none	triadhikā
6_sastra/8_jyot/lilavatu.txt	961	bhujakoṭiantaram	ia			UNRESOLVED	none	bhujakoṭiantaram
6_sastra/8_jyot/lilavatu.txt	961	lambaavabādhājñānāya	aa			UNRESOLVED	none	lambaavabādhājñānāya
6_sastra/8_jyot/lilavatu.txt	963	anyonyamūlaagragasūtrayogāt	aa			UNRESOLVED	none	anyonyamūlaagragasūtrayogāt
6_sastra/8_jyot/lilavatu.txt	971	itaretaramūlaagragasūtrayutes	aa			UNRESOLVED	none	itaretaramūlaagragasūtrayutes
6_sastra/8_jyot/lilavatu.txt	973	vaṃśaantarabhūs	aa			UNRESOLVED	none	vaṃśaantarabhūs
6_sastra/8_jyot/lilavatu.txt	975	sualpā	ua			UNRESOLVED	none	sualpā
6_sastra/8_jyot/lilavatu.txt	981	triasre	ia			UNRESOLVED	none	triasre
6_sastra/8_jyot/lilavatu.txt	985	ābādhāādijñānāya	āā			UNRESOLVED	none	ābādhāādijñānāya
6_sastra/8_jyot/lilavatu.txt	991	svaābādhābhujakṛtyos	aā			UNRESOLVED	none	svaābādhābhujakṛtyos
6_sastra/8_jyot/lilavatu.txt	999	phalaākhyam	aā			UNRESOLVED	none	phalaākhyam
6_sastra/8_jyot/lilavatu.txt	1001	ṛṇaābādhāudāharaṇam	aā			UNRESOLVED	none	ṛṇaābādhāudāharaṇam
6_sastra/8_jyot/lilavatu.txt	1001	ṛṇaābādhāudāharaṇam	āu			UNRESOLVED	none	ṛṇaābādhāudāharaṇam
6_sastra/8_jyot/lilavatu.txt	1007	itiādinā	iā			UNRESOLVED	none	itiādinā
6_sastra/8_jyot/lilavatu.txt	1007	aspaṣṭaphalaānayane	aā			UNRESOLVED	none	aspaṣṭaphalaānayane
6_sastra/8_jyot/lilavatu.txt	1019	kumukhaaikya	aa			UNRESOLVED	none	kumukhaaikya
6_sastra/8_jyot/lilavatu.txt	1021	sthūlatvanirūpaṇaartham	aa			UNRESOLVED	none	sthūlatvanirūpaṇaartham
6_sastra/8_jyot/lilavatu.txt	1029	ekaantarakoṇau	aa			UNRESOLVED	none	ekaantarakoṇau
6_sastra/8_jyot/lilavatu.txt	1039	samacaturbhujaāyatayos	aā			UNRESOLVED	none	samacaturbhujaāyatayos
6_sastra/8_jyot/lilavatu.txt	1039	phalaānayane	aā			UNRESOLVED	none	phalaānayane
6_sastra/8_jyot/lilavatu.txt	1039	saardhaślokadvayam	aa			UNRESOLVED	none	saardhaślokadvayam
6_sastra/8_jyot/lilavatu.txt	1045	atulyakarṇaabhihatis	aa			UNRESOLVED	none	atulyakarṇaabhihatis
6_sastra/8_jyot/lilavatu.txt	1049	kumukhaaikya	aa			UNRESOLVED	none	kumukhaaikya
6_sastra/8_jyot/lilavatu.txt	1057	yathāuktaprakāreṇa	āu			UNRESOLVED	none	yathāuktaprakāreṇa
6_sastra/8_jyot/lilavatu.txt	1065	itiādinā	iā			UNRESOLVED	none	itiādinā
6_sastra/8_jyot/lilavatu.txt	1065	kumukhaaikya	aa			UNRESOLVED	none	kumukhaaikya
6_sastra/8_jyot/lilavatu.txt	1075	phalaavalambaśrutīnām	aa			UNRESOLVED	none	phalaavalambaśrutīnām
6_sastra/8_jyot/lilavatu.txt	1081	caturbhujaantar	aa			UNRESOLVED	none	caturbhujaantar
6_sastra/8_jyot/lilavatu.txt	1083	lambajñānaartham	aa			UNRESOLVED	none	lambajñānaartham
6_sastra/8_jyot/lilavatu.txt	1083	savyabhujaagrāt	aa			UNRESOLVED	none	savyabhujaagrāt
6_sastra/8_jyot/lilavatu.txt	1083	caturbhujaantar	aa			UNRESOLVED	none	caturbhujaantar
6_sastra/8_jyot/lilavatu.txt	1083	karṇajñānaartham	aa			UNRESOLVED	none	karṇajñānaartham
6_sastra/8_jyot/lilavatu.txt	1085	lambalambaāśritabāhuvargaviśleṣamūlam	aā			UNRESOLVED	none	lambalambaāśritabāhuvargaviśleṣamūlam
6_sastra/8_jyot/lilavatu.txt	1089	savyabhujaagrāt	aa			UNRESOLVED	none	savyabhujaagrāt
6_sastra/8_jyot/lilavatu.txt	1089	itiādinā	iā			UNRESOLVED	none	itiādinā
6_sastra/8_jyot/lilavatu.txt	1089	dvitīyakarṇajñānaartham	aa			UNRESOLVED	none	dvitīyakarṇajñānaartham
6_sastra/8_jyot/lilavatu.txt	1091	triasre	ia			UNRESOLVED	none	triasre
6_sastra/8_jyot/lilavatu.txt	1093	lambaavabadhe	aa			UNRESOLVED	none	lambaavabadhe
6_sastra/8_jyot/lilavatu.txt	1097	lambaaikyavargasya	aa			UNRESOLVED	none	lambaaikyavargasya
6_sastra/8_jyot/lilavatu.txt	1099	savyabhujaagrāt	aa			UNRESOLVED	none	savyabhujaagrāt
6_sastra/8_jyot/lilavatu.txt	1099	tadkarṇarekhāavacchinnasya	āa			UNRESOLVED	none	tadkarṇarekhāavacchinnasya
6_sastra/8_jyot/lilavatu.txt	1099	karṇarekhāubhayatas	āu			UNRESOLVED	none	karṇarekhāubhayatas
6_sastra/8_jyot/lilavatu.txt	1099	triasre	ia			UNRESOLVED	none	triasre
6_sastra/8_jyot/lilavatu.txt	1103	karṇaāśritasualpabhujaaikyam	aā			UNRESOLVED	none	karṇaāśritasualpabhujaaikyam
6_sastra/8_jyot/lilavatu.txt	1103	karṇaāśritasualpabhujaaikyam	ua			UNRESOLVED	none	karṇaāśritasualpabhujaaikyam
6_sastra/8_jyot/lilavatu.txt	1103	karṇaāśritasualpabhujaaikyam	aa			UNRESOLVED	none	karṇaāśritasualpabhujaaikyam
6_sastra/8_jyot/lilavatu.txt	1109	ekaantarakoṇau	aa			UNRESOLVED	none	ekaantarakoṇau
6_sastra/8_jyot/lilavatu.txt	1109	caturbhujaphalaānayanāya	aā			UNRESOLVED	none	caturbhujaphalaānayanāya
6_sastra/8_jyot/lilavatu.txt	1113	triasre	ia			UNRESOLVED	none	triasre
6_sastra/8_jyot/lilavatu.txt	1113	phalaaikyam	aa			UNRESOLVED	none	phalaaikyam
6_sastra/8_jyot/lilavatu.txt	1115	anantarauktakṣetraantar	aa			UNRESOLVED	none	anantarauktakṣetraantar
6_sastra/8_jyot/lilavatu.txt	1115	triasrayos	ia			UNRESOLVED	none	triasrayos
6_sastra/8_jyot/lilavatu.txt	1115	ābādhāādijñānāya	āā			UNRESOLVED	none	ābādhāādijñānāya
6_sastra/8_jyot/lilavatu.txt	1117	mukhaūnabhūmim	aū			UNRESOLVED	none	mukhaūnabhūmim
6_sastra/8_jyot/lilavatu.txt	1119	triasravat	ia			UNRESOLVED	none	triasravat
6_sastra/8_jyot/lilavatu.txt	1121	tadlambavargaaikyapadam	aa			UNRESOLVED	none	tadlambavargaaikyapadam
6_sastra/8_jyot/lilavatu.txt	1123	mukhaanyadossaṃyutis	aa			UNRESOLVED	none	mukhaanyadossaṃyutis
6_sastra/8_jyot/lilavatu.txt	1139	mukhaūnabhūmim	aū			UNRESOLVED	none	mukhaūnabhūmim
6_sastra/8_jyot/lilavatu.txt	1139	jñānaartham	aa			UNRESOLVED	none	jñānaartham
6_sastra/8_jyot/lilavatu.txt	1139	triasram	ia			UNRESOLVED	none	triasram
6_sastra/8_jyot/lilavatu.txt	1139	laghuābādhāūnitabhūmes	uā			UNRESOLVED	none	laghuābādhāūnitabhūmes
6_sastra/8_jyot/lilavatu.txt	1139	laghuābādhāūnitabhūmes	āū			UNRESOLVED	none	laghuābādhāūnitabhūmes
6_sastra/8_jyot/lilavatu.txt	1141	brahmaguptaādyais	aā			UNRESOLVED	none	brahmaguptaādyais
6_sastra/8_jyot/lilavatu.txt	1143	karṇaāśritabhujaghātaaikyam	aā			UNRESOLVED	none	karṇaāśritabhujaghātaaikyam
6_sastra/8_jyot/lilavatu.txt	1143	karṇaāśritabhujaghātaaikyam	aa			UNRESOLVED	none	karṇaāśritabhujaghātaaikyam
6_sastra/8_jyot/lilavatu.txt	1147	karṇaāśritabhujaghātaity	aā			UNRESOLVED	none	karṇaāśritabhujaghātaity
6_sastra/8_jyot/lilavatu.txt	1149	pūrvaaikyam	aa			UNRESOLVED	none	pūrvaaikyam
6_sastra/8_jyot/lilavatu.txt	1149	prathamakarṇaāśritabhujaghātaaikyena	aā			UNRESOLVED	none	prathamakarṇaāśritabhujaghātaaikyena
6_sastra/8_jyot/lilavatu.txt	1149	prathamakarṇaāśritabhujaghātaaikyena	aa			UNRESOLVED	none	prathamakarṇaāśritabhujaghātaaikyena
6_sastra/8_jyot/lilavatu.txt	1149	dvitīyakarṇaartham	aa			UNRESOLVED	none	dvitīyakarṇaartham
6_sastra/8_jyot/lilavatu.txt	1149	prathamakarṇaāśritabhujaghātaaikyam	aā			UNRESOLVED	none	prathamakarṇaāśritabhujaghātaaikyam
6_sastra/8_jyot/lilavatu.txt	1149	prathamakarṇaāśritabhujaghātaaikyam	aa			UNRESOLVED	none	prathamakarṇaāśritabhujaghātaaikyam
6_sastra/8_jyot/lilavatu.txt	1151	anyakarṇaāśritaghātaaikyena	aā			UNRESOLVED	none	anyakarṇaāśritaghātaaikyena
6_sastra/8_jyot/lilavatu.txt	1151	anyakarṇaāśritaghātaaikyena	aa			UNRESOLVED	none	anyakarṇaāśritaghātaaikyena
6_sastra/8_jyot/lilavatu.txt	1151	karṇaānayanasya	aā			UNRESOLVED	none	karṇaānayanasya
6_sastra/8_jyot/lilavatu.txt	1157	koṭibhujāvadhaaikyam	aa			UNRESOLVED	none	koṭibhujāvadhaaikyam
6_sastra/8_jyot/lilavatu.txt	1173	lambaabadhe	aa			UNRESOLVED	none	lambaabadhe
6_sastra/8_jyot/lilavatu.txt	1177	saābādham	aā			UNRESOLVED	none	saābādham
6_sastra/8_jyot/lilavatu.txt	1181	saṃdhiādiānayanāya	iā			UNRESOLVED	none	saṃdhiādiānayanāya
6_sastra/8_jyot/lilavatu.txt	1181	saṃdhiādiānayanāya	iā			UNRESOLVED	none	saṃdhiādiānayanāya
6_sastra/8_jyot/lilavatu.txt	1183	saṃdhiākhyam	iā			UNRESOLVED	none	saṃdhiākhyam
6_sastra/8_jyot/lilavatu.txt	1185	saṃdhiūnā	iū			UNRESOLVED	none	saṃdhiūnā
6_sastra/8_jyot/lilavatu.txt	1191	lambalambaāśritabāhuvargaitiādinā	aā			UNRESOLVED	none	lambalambaāśritabāhuvargaitiādinā
6_sastra/8_jyot/lilavatu.txt	1191	lambalambaāśritabāhuvargaitiādinā	iā			UNRESOLVED	none	lambalambaāśritabāhuvargaitiādinā
6_sastra/8_jyot/lilavatu.txt	1193	lambaadhaskhaṇḍam	aa			UNRESOLVED	none	lambaadhaskhaṇḍam
6_sastra/8_jyot/lilavatu.txt	1193	śravaṇaadhaskhaṇḍam	aa			UNRESOLVED	none	śravaṇaadhaskhaṇḍam
6_sastra/8_jyot/lilavatu.txt	1193	lambaadhaskhaṇḍam	aa			UNRESOLVED	none	lambaadhaskhaṇḍam
6_sastra/8_jyot/lilavatu.txt	1193	śravaṇaadhaskhaṇḍam	aa			UNRESOLVED	none	śravaṇaadhaskhaṇḍam
6_sastra/8_jyot/lilavatu.txt	1195	adhaslambajñānaartham	aa			UNRESOLVED	none	adhaslambajñānaartham
6_sastra/8_jyot/lilavatu.txt	1201	anyonyamūlaagragasūtrayogāt	aa			UNRESOLVED	none	anyonyamūlaagragasūtrayogāt
6_sastra/8_jyot/lilavatu.txt	1201	itiādikaraṇena	iā			UNRESOLVED	none	itiādikaraṇena
6_sastra/8_jyot/lilavatu.txt	1201	sūcīābādhālambabhujajñānaartham	īā			UNRESOLVED	none	sūcīābādhālambabhujajñānaartham
6_sastra/8_jyot/lilavatu.txt	1201	sūcīābādhālambabhujajñānaartham	aa			UNRESOLVED	none	sūcīābādhālambabhujajñānaartham
6_sastra/8_jyot/lilavatu.txt	1203	samaāhvayas	aā			UNRESOLVED	none	samaāhvayas
6_sastra/8_jyot/lilavatu.txt	1207	sūcīābādhe	īā			UNRESOLVED	none	sūcīābādhe
6_sastra/8_jyot/lilavatu.txt	1215	samaāhvayas	aā			UNRESOLVED	none	samaāhvayas
6_sastra/8_jyot/lilavatu.txt	1215	sūcīābādhe	īā			UNRESOLVED	none	sūcīābādhe
6_sastra/8_jyot/lilavatu.txt	1215	dvitīyasamaāhvayas	aā			UNRESOLVED	none	dvitīyasamaāhvayas
6_sastra/8_jyot/lilavatu.txt	1217	sūcīābādhe	īā			UNRESOLVED	none	sūcīābādhe
6_sastra/8_jyot/lilavatu.txt	1231	vyāsaānayanāya	aā			UNRESOLVED	none	vyāsaānayanāya
6_sastra/8_jyot/lilavatu.txt	1231	phalaānayane	aā			UNRESOLVED	none	phalaānayane
6_sastra/8_jyot/lilavatu.txt	1235	ghanaākhyam	aā			UNRESOLVED	none	ghanaākhyam
6_sastra/8_jyot/lilavatu.txt	1243	golaantargataghanaphaladarśanāya	aa			UNRESOLVED	none	golaantargataghanaphaladarśanāya
6_sastra/8_jyot/lilavatu.txt	1243	prakāraantareṇa	aa			UNRESOLVED	none	prakāraantareṇa
6_sastra/8_jyot/lilavatu.txt	1245	tadphalaānayane	aā			UNRESOLVED	none	tadphalaānayane
6_sastra/8_jyot/lilavatu.txt	1249	rudraāhate	aā			UNRESOLVED	none	rudraāhate
6_sastra/8_jyot/lilavatu.txt	1251	ekaviṃśaaṃśayuk	aa			UNRESOLVED	none	ekaviṃśaaṃśayuk
6_sastra/8_jyot/lilavatu.txt	1253	śarajīvaānayanāya	aā			UNRESOLVED	none	śarajīvaānayanāya
6_sastra/8_jyot/lilavatu.txt	1255	jyāvyāsayogaantaraghātamūlam	aa			UNRESOLVED	none	jyāvyāsayogaantaraghātamūlam
6_sastra/8_jyot/lilavatu.txt	1257	śaraūnāt	aū			UNRESOLVED	none	śaraūnāt
6_sastra/8_jyot/lilavatu.txt	1263	daśavistṛtivṛttaantar	aa			UNRESOLVED	none	daśavistṛtivṛttaantar
6_sastra/8_jyot/lilavatu.txt	1267	śaraūnāt	aū			UNRESOLVED	none	śaraūnāt
6_sastra/8_jyot/lilavatu.txt	1267	vyāsaānayanam	aā			UNRESOLVED	none	vyāsaānayanam
6_sastra/8_jyot/lilavatu.txt	1269	vṛttaantar	aa			UNRESOLVED	none	vṛttaantar
6_sastra/8_jyot/lilavatu.txt	1269	triasraādi	ia			UNRESOLVED	none	triasraādi
6_sastra/8_jyot/lilavatu.txt	1269	triasraādi	aā			UNRESOLVED	none	triasraādi
6_sastra/8_jyot/lilavatu.txt	1269	navaasraantakṣetrāṇām	aa			UNRESOLVED	none	navaasraantakṣetrāṇām
6_sastra/8_jyot/lilavatu.txt	1269	navaasraantakṣetrāṇām	aa			UNRESOLVED	none	navaasraantakṣetrāṇām
6_sastra/8_jyot/lilavatu.txt	1269	bhujamānaānayanāya	aā			UNRESOLVED	none	bhujamānaānayanāya
6_sastra/8_jyot/lilavatu.txt	1281	vṛttaantar	aa			UNRESOLVED	none	vṛttaantar
6_sastra/8_jyot/lilavatu.txt	1281	triasrapūrvāṇām	ia			UNRESOLVED	none	triasrapūrvāṇām
6_sastra/8_jyot/lilavatu.txt	1281	navaasraantam	aa			UNRESOLVED	none	navaasraantam
6_sastra/8_jyot/lilavatu.txt	1281	navaasraantam	aa			UNRESOLVED	none	navaasraantam
6_sastra/8_jyot/lilavatu.txt	1287	triasraādikānām	ia			UNRESOLVED	none	triasraādikānām
6_sastra/8_jyot/lilavatu.txt	1287	triasraādikānām	aā			UNRESOLVED	none	triasraādikānām
6_sastra/8_jyot/lilavatu.txt	1289	vṛttaantar	aa			UNRESOLVED	none	vṛttaantar
6_sastra/8_jyot/lilavatu.txt	1289	bhujamānaānayanāya	aā			UNRESOLVED	none	bhujamānaānayanāya
6_sastra/8_jyot/lilavatu.txt	1289	triasre	ia			UNRESOLVED	none	triasre
6_sastra/8_jyot/lilavatu.txt	1289	vṛttaantar	aa			UNRESOLVED	none	vṛttaantar
6_sastra/8_jyot/lilavatu.txt	1289	bhujamānaānayanāya	aā			UNRESOLVED	none	bhujamānaānayanāya
6_sastra/8_jyot/lilavatu.txt	1291	vṛttaantar	aa			UNRESOLVED	none	vṛttaantar
6_sastra/8_jyot/lilavatu.txt	1291	bhujamānaānayanāya	aā			UNRESOLVED	none	bhujamānaānayanāya
6_sastra/8_jyot/lilavatu.txt	1291	pañcaasre	aa			UNRESOLVED	none	pañcaasre
6_sastra/8_jyot/lilavatu.txt	1291	vṛttaantar	aa			UNRESOLVED	none	vṛttaantar
6_sastra/8_jyot/lilavatu.txt	1293	bhujamānaānayanāya	aā			UNRESOLVED	none	bhujamānaānayanāya
6_sastra/8_jyot/lilavatu.txt	1293	vṛttaantar	aa			UNRESOLVED	none	vṛttaantar
6_sastra/8_jyot/lilavatu.txt	1293	bhujamānaānayanāya	aā			UNRESOLVED	none	bhujamānaānayanāya
6_sastra/8_jyot/lilavatu.txt	1295	saptaasre	aa			UNRESOLVED	none	saptaasre
6_sastra/8_jyot/lilavatu.txt	1295	vṛttaantar	aa			UNRESOLVED	none	vṛttaantar
6_sastra/8_jyot/lilavatu.txt	1295	bhujamānaānayanāya	aā			UNRESOLVED	none	bhujamānaānayanāya
6_sastra/8_jyot/lilavatu.txt	1295	aṣṭaasre	aa			UNRESOLVED	none	aṣṭaasre
6_sastra/8_jyot/lilavatu.txt	1295	vṛttaantar	aa			UNRESOLVED	none	vṛttaantar
6_sastra/8_jyot/lilavatu.txt	1295	bhujamānaānayanāya	aā			UNRESOLVED	none	bhujamānaānayanāya
6_sastra/8_jyot/lilavatu.txt	1297	navaasre	aa			UNRESOLVED	none	navaasre
6_sastra/8_jyot/lilavatu.txt	1297	iṣṭavyāsaādibhyas	aā			UNRESOLVED	none	iṣṭavyāsaādibhyas
6_sastra/8_jyot/lilavatu.txt	1297	jyāutpattau	āu			UNRESOLVED	none	jyāutpattau
6_sastra/8_jyot/lilavatu.txt	1297	sthūlajīvājñānaartham	aa			UNRESOLVED	none	sthūlajīvājñānaartham
6_sastra/8_jyot/lilavatu.txt	1299	cāpaūnanighnaparidhis	aū			UNRESOLVED	none	cāpaūnanighnaparidhis
6_sastra/8_jyot/lilavatu.txt	1299	prathamaāhvayas	aā			UNRESOLVED	none	prathamaāhvayas
6_sastra/8_jyot/lilavatu.txt	1299	pañcaāhatas	aā			UNRESOLVED	none	pañcaāhatas
6_sastra/8_jyot/lilavatu.txt	1301	ādyaūnitena	aū			UNRESOLVED	none	ādyaūnitena
6_sastra/8_jyot/lilavatu.txt	1301	caturghnavyāsaāhatam	aā			UNRESOLVED	none	caturghnavyāsaāhatam
6_sastra/8_jyot/lilavatu.txt	1305	aṣṭādaśaaṃśena	aa			UNRESOLVED	none	aṣṭādaśaaṃśena
6_sastra/8_jyot/lilavatu.txt	1305	ekaādinighnena	aā			UNRESOLVED	none	ekaādinighnena
6_sastra/8_jyot/lilavatu.txt	1309	śataaṃśamilitas	aa			UNRESOLVED	none	śataaṃśamilitas
6_sastra/8_jyot/lilavatu.txt	1309	aṣṭādaśaaṃśas	aa			UNRESOLVED	none	aṣṭādaśaaṃśas
6_sastra/8_jyot/lilavatu.txt	1309	aṣṭādaśaaṃśayutas	aa			UNRESOLVED	none	aṣṭādaśaaṃśayutas
6_sastra/8_jyot/lilavatu.txt	1309	ekaādiguṇitena	aā			UNRESOLVED	none	ekaādiguṇitena
6_sastra/8_jyot/lilavatu.txt	1309	sukhaartham	aa			UNRESOLVED	none	sukhaartham
6_sastra/8_jyot/lilavatu.txt	1309	aṣṭādaśaaṃśena	aa			UNRESOLVED	none	aṣṭādaśaaṃśena
6_sastra/8_jyot/lilavatu.txt	1311	yathāuktakaraṇena	āu			UNRESOLVED	none	yathāuktakaraṇena
6_sastra/8_jyot/lilavatu.txt	1311	cāpaānayanāya	aā			UNRESOLVED	none	cāpaānayanāya
6_sastra/8_jyot/lilavatu.txt	1315	labdhaūnitāt	aū			UNRESOLVED	none	labdhaūnitāt
6_sastra/8_jyot/lilavatu.txt	1323	dviadhika	ia			UNRESOLVED	none	dviadhika
6_sastra/8_jyot/lilavatu.txt	1323	sahasraaṃśayutas	aa			UNRESOLVED	none	sahasraaṃśayutas
6_sastra/8_jyot/lilavatu.txt	1325	aṣṭādaśaaṃśena	aa			UNRESOLVED	none	aṣṭādaśaaṃśena
6_sastra/8_jyot/lilavatu.txt	1325	bhāskaraācāryaviracitāyām	aā			UNRESOLVED	none	bhāskaraācāryaviracitāyām
6_sastra/8_jyot/lilavatu.txt	1347	yathāuktakaraṇena	āu			UNRESOLVED	none	yathāuktakaraṇena
6_sastra/8_jyot/lilavatu.txt	1347	khātaantare	aa			UNRESOLVED	none	khātaantare
6_sastra/8_jyot/lilavatu.txt	1347	saardhavṛttam	aa			UNRESOLVED	none	saardhavṛttam
6_sastra/8_jyot/lilavatu.txt	1349	mukhajatalajatadyutijakṣetraphalaaikyam	aa			UNRESOLVED	none	mukhajatalajatadyutijakṣetraphalaaikyam
6_sastra/8_jyot/lilavatu.txt	1353	triaṃśas	ia			UNRESOLVED	none	triaṃśas
6_sastra/8_jyot/lilavatu.txt	1367	yathāuktakaraṇena	āu			UNRESOLVED	none	yathāuktakaraṇena
6_sastra/8_jyot/lilavatu.txt	1379	iṣṭakāucchrayahṛtucchritis	āu			UNRESOLVED	none	iṣṭakāucchrayahṛtucchritis
6_sastra/8_jyot/lilavatu.txt	1383	aṣṭādaśaaṅgulam	aa			UNRESOLVED	none	aṣṭādaśaaṅgulam
6_sastra/8_jyot/lilavatu.txt	1383	dvādaśaaṅgulas	aa			UNRESOLVED	none	dvādaśaaṅgulas
6_sastra/8_jyot/lilavatu.txt	1385	triaṅgulā	ia			UNRESOLVED	none	triaṅgulā
6_sastra/8_jyot/lilavatu.txt	1397	aṅgulaātmakam	aā			UNRESOLVED	none	aṅgulaātmakam
6_sastra/8_jyot/lilavatu.txt	1399	karaātmakam	aā			UNRESOLVED	none	karaātmakam
6_sastra/8_jyot/lilavatu.txt	1403	nakhaaṅgulamitas	aa			UNRESOLVED	none	nakhaaṅgulamitas
6_sastra/8_jyot/lilavatu.txt	1403	nṛpaaṅgulas	aa			UNRESOLVED	none	nṛpaaṅgulas
6_sastra/8_jyot/lilavatu.txt	1403	śataaṅgulamitam	aa			UNRESOLVED	none	śataaṅgulamitam
6_sastra/8_jyot/lilavatu.txt	1405	hastaātmakam	aā			UNRESOLVED	none	hastaātmakam
6_sastra/8_jyot/lilavatu.txt	1407	karaātmakam	aā			UNRESOLVED	none	karaātmakam
6_sastra/8_jyot/lilavatu.txt	1407	krakacaantare	aa			UNRESOLVED	none	krakacaantare
6_sastra/8_jyot/lilavatu.txt	1419	karaātmakam	aā			UNRESOLVED	none	karaātmakam
6_sastra/8_jyot/lilavatu.txt	1427	daśamaaṃśas	aa			UNRESOLVED	none	daśamaaṃśas
6_sastra/8_jyot/lilavatu.txt	1427	ekādaśaaṃśas	aa			UNRESOLVED	none	ekādaśaaṃśas
6_sastra/8_jyot/lilavatu.txt	1437	sthūladhānyarāśimānaavabodhanāya	aa			UNRESOLVED	none	sthūladhānyarāśimānaavabodhanāya
6_sastra/8_jyot/lilavatu.txt	1437	ṣaṣṭhaaṃśas	aa			UNRESOLVED	none	ṣaṣṭhaaṃśas
6_sastra/8_jyot/lilavatu.txt	1437	aṇudhānyarāśimānaānayanāya	aā			UNRESOLVED	none	aṇudhānyarāśimānaānayanāya
6_sastra/8_jyot/lilavatu.txt	1437	śūkadhānyarāśimānaānayanāya	aā			UNRESOLVED	none	śūkadhānyarāśimānaānayanāya
6_sastra/8_jyot/lilavatu.txt	1439	bhittiantarbāhyakoṇasaṃlagnarāśipramāṇaānayanakaraṇasūtram	ia			UNRESOLVED	none	bhittiantarbāhyakoṇasaṃlagnarāśipramāṇaānayanakaraṇasūtram
6_sastra/8_jyot/lilavatu.txt	1439	bhittiantarbāhyakoṇasaṃlagnarāśipramāṇaānayanakaraṇasūtram	aā			UNRESOLVED	none	bhittiantarbāhyakoṇasaṃlagnarāśipramāṇaānayanakaraṇasūtram
6_sastra/8_jyot/lilavatu.txt	1443	bhittiantarbāhyakoṇastharāśes	ia			UNRESOLVED	none	bhittiantarbāhyakoṇastharāśes
6_sastra/8_jyot/lilavatu.txt	1455	sthūlaādidhānyānām	aā			UNRESOLVED	none	sthūlaādidhānyānām
6_sastra/8_jyot/lilavatu.txt	1455	rāśimānaavabodhanāya	aa			UNRESOLVED	none	rāśimānaavabodhanāya
6_sastra/8_jyot/lilavatu.txt	1457	aṇudhānyarāśimānaānayanāya	aā			UNRESOLVED	none	aṇudhānyarāśimānaānayanāya
6_sastra/8_jyot/lilavatu.txt	1457	śūkidhānyarāśimānaānayanāya	aā			UNRESOLVED	none	śūkidhānyarāśimānaānayanāya
6_sastra/8_jyot/lilavatu.txt	1467	karṇaantaram	aa			UNRESOLVED	none	karṇaantaram
6_sastra/8_jyot/lilavatu.txt	1467	bhāantareṇa	āa			UNRESOLVED	none	bhāantareṇa
6_sastra/8_jyot/lilavatu.txt	1475	chāyāantaram	āa			UNRESOLVED	none	chāyāantaram
6_sastra/8_jyot/lilavatu.txt	1475	karṇaantaram	aa			UNRESOLVED	none	karṇaantaram
6_sastra/8_jyot/lilavatu.txt	1475	vargaantareṇa	aa			UNRESOLVED	none	vargaantareṇa
6_sastra/8_jyot/lilavatu.txt	1475	karṇaantaram	aa			UNRESOLVED	none	karṇaantaram
6_sastra/8_jyot/lilavatu.txt	1475	bhāantareṇa	āa			UNRESOLVED	none	bhāantareṇa
6_sastra/8_jyot/lilavatu.txt	1475	itiādinā	iā			UNRESOLVED	none	itiādinā
6_sastra/8_jyot/lilavatu.txt	1475	chāyāantare	āa			UNRESOLVED	none	chāyāantare
6_sastra/8_jyot/lilavatu.txt	1477	pradīpatalaśaṅkutalaantaraghnas	aa			UNRESOLVED	none	pradīpatalaśaṅkutalaantaraghnas
6_sastra/8_jyot/lilavatu.txt	1477	vinaradīpaśikhaauccyabhaktas	aa			UNRESOLVED	none	vinaradīpaśikhaauccyabhaktas
6_sastra/8_jyot/lilavatu.txt	1481	śaṅkupradīpaantarabhūs	aa			UNRESOLVED	none	śaṅkupradīpaantarabhūs
6_sastra/8_jyot/lilavatu.txt	1483	arkaaṅgulasaṃmitasya	aa			UNRESOLVED	none	arkaaṅgulasaṃmitasya
6_sastra/8_jyot/lilavatu.txt	1485	pradīpaśaṅkutalaantaram	aa			UNRESOLVED	none	pradīpaśaṅkutalaantaram
6_sastra/8_jyot/lilavatu.txt	1485	vinaradīpaśikhaaucyena	aa			UNRESOLVED	none	vinaradīpaśikhaaucyena
6_sastra/8_jyot/lilavatu.txt	1485	chāyāaṅgulāni	āa			UNRESOLVED	none	chāyāaṅgulāni
6_sastra/8_jyot/lilavatu.txt	1485	dīpaucchritiānayanāya	iā			UNRESOLVED	none	dīpaucchritiānayanāya
6_sastra/8_jyot/lilavatu.txt	1487	naradīpatalaantaraghne	aa			UNRESOLVED	none	naradīpatalaantaraghne
6_sastra/8_jyot/lilavatu.txt	1487	dīpakaaucyam	aa			UNRESOLVED	none	dīpakaaucyam
6_sastra/8_jyot/lilavatu.txt	1491	pradīpaśaṅkuantarabhūs	ua			UNRESOLVED	none	pradīpaśaṅkuantarabhūs
6_sastra/8_jyot/lilavatu.txt	1491	chāyāaṅgulais	āa			UNRESOLVED	none	chāyāaṅgulais
6_sastra/8_jyot/lilavatu.txt	1493	pradīpaśaṅkuantaram	ua			UNRESOLVED	none	pradīpaśaṅkuantaram
6_sastra/8_jyot/lilavatu.txt	1495	chāyāaṅgulāni	āa			UNRESOLVED	none	chāyāaṅgulāni
6_sastra/8_jyot/lilavatu.txt	1495	śaṅkupradīpaantarahastās	aa			UNRESOLVED	none	śaṅkupradīpaantarahastās
6_sastra/8_jyot/lilavatu.txt	1495	dīpakaauccyam	aa			UNRESOLVED	none	dīpakaauccyam
6_sastra/8_jyot/lilavatu.txt	1495	pradīpaśaṅkuantarabhūmānaānayanāya	ua			UNRESOLVED	none	pradīpaśaṅkuantarabhūmānaānayanāya
6_sastra/8_jyot/lilavatu.txt	1495	pradīpaśaṅkuantarabhūmānaānayanāya	aā			UNRESOLVED	none	pradīpaśaṅkuantarabhūmānaānayanāya
6_sastra/8_jyot/lilavatu.txt	1497	śaṅkuuddhṛtā	uu			UNRESOLVED	none	śaṅkuuddhṛtā
6_sastra/8_jyot/lilavatu.txt	1497	dīpanaraantaram	aa			UNRESOLVED	none	dīpanaraantaram
6_sastra/8_jyot/lilavatu.txt	1499	śaṅkuaṅgulāni	ua			UNRESOLVED	none	śaṅkuaṅgulāni
6_sastra/8_jyot/lilavatu.txt	1499	śaṅkupradīpaantarahastās	aa			UNRESOLVED	none	śaṅkupradīpaantarahastās
6_sastra/8_jyot/lilavatu.txt	1499	chāyāpradīpaantaradīpaauccyaānayanāya	aa			UNRESOLVED	none	chāyāpradīpaantaradīpaauccyaānayanāya
6_sastra/8_jyot/lilavatu.txt	1499	chāyāpradīpaantaradīpaauccyaānayanāya	aa			UNRESOLVED	none	chāyāpradīpaantaradīpaauccyaānayanāya
6_sastra/8_jyot/lilavatu.txt	1499	chāyāpradīpaantaradīpaauccyaānayanāya	aā			UNRESOLVED	none	chāyāpradīpaantaradīpaauccyaānayanāya
6_sastra/8_jyot/lilavatu.txt	1501	chāyāagrayos	āa			UNRESOLVED	none	chāyāagrayos
6_sastra/8_jyot/lilavatu.txt	1501	chāyāpramāṇaantarahṛt	aa			UNRESOLVED	none	chāyāpramāṇaantarahṛt
6_sastra/8_jyot/lilavatu.txt	1503	dīpaśikhaauccyam	aa			UNRESOLVED	none	dīpaśikhaauccyam
6_sastra/8_jyot/lilavatu.txt	1509	arkamitaaṅgulasya	aa			UNRESOLVED	none	arkamitaaṅgulasya
6_sastra/8_jyot/lilavatu.txt	1509	aṣṭaaṅgulā	aa			UNRESOLVED	none	aṣṭaaṅgulā
6_sastra/8_jyot/lilavatu.txt	1509	chāyāagraabhimukhe	āa			UNRESOLVED	none	chāyāagraabhimukhe
6_sastra/8_jyot/lilavatu.txt	1509	chāyāagraabhimukhe	aa			UNRESOLVED	none	chāyāagraabhimukhe
6_sastra/8_jyot/lilavatu.txt	1511	arkamitaaṅgulā	aa			UNRESOLVED	none	arkamitaaṅgulā
6_sastra/8_jyot/lilavatu.txt	1511	chāyāpradīpaantaram	aa			UNRESOLVED	none	chāyāpradīpaantaram
6_sastra/8_jyot/lilavatu.txt	1511	dīpaauccyam	aa			UNRESOLVED	none	dīpaauccyam
6_sastra/8_jyot/lilavatu.txt	1511	chāyāabhidhām	āa			UNRESOLVED	none	chāyāabhidhām
6_sastra/8_jyot/lilavatu.txt	1513	chāyāagrayos	āa			UNRESOLVED	none	chāyāagrayos
6_sastra/8_jyot/lilavatu.txt	1513	aṅgulaātmakam	aā			UNRESOLVED	none	aṅgulaātmakam
6_sastra/8_jyot/lilavatu.txt	1513	chāyāpramāṇaantareṇa	aa			UNRESOLVED	none	chāyāpramāṇaantareṇa
6_sastra/8_jyot/lilavatu.txt	1513	prathamachāyāagradīpatalayos	āa			UNRESOLVED	none	prathamachāyāagradīpatalayos
6_sastra/8_jyot/lilavatu.txt	1513	dvitīyachāyāagrabhūmānam	āa			UNRESOLVED	none	dvitīyachāyāagrabhūmānam
6_sastra/8_jyot/lilavatu.txt	1513	dīpaauccyam	aa			UNRESOLVED	none	dīpaauccyam
6_sastra/8_jyot/lilavatu.txt	1515	chāyāavayavena	āa			UNRESOLVED	none	chāyāavayavena
6_sastra/8_jyot/lilavatu.txt	1515	chāyāagraantaratulyā	āa			UNRESOLVED	none	chāyāagraantaratulyā
6_sastra/8_jyot/lilavatu.txt	1515	chāyāagraantaratulyā	aa			UNRESOLVED	none	chāyāagraantaratulyā
6_sastra/8_jyot/lilavatu.txt	1515	chāyāpradīpatalaantarapramāṇam	aa			UNRESOLVED	none	chāyāpradīpatalaantarapramāṇam
6_sastra/8_jyot/lilavatu.txt	1517	dīpakaauccyam	aa			UNRESOLVED	none	dīpakaauccyam
6_sastra/8_jyot/lilavatu.txt	1517	pañcarāśikaādikam	aā			UNRESOLVED	none	pañcarāśikaādikam
6_sastra/8_jyot/lilavatu.txt	1517	jananamaraṇakleśaapahāriṇā	aa			UNRESOLVED	none	jananamaraṇakleśaapahāriṇā
6_sastra/8_jyot/lilavatu.txt	1517	girisaritsuranaraasuraādibhis	aa			UNRESOLVED	none	girisaritsuranaraasuraādibhis
6_sastra/8_jyot/lilavatu.txt	1517	girisaritsuranaraasuraādibhis	aā			UNRESOLVED	none	girisaritsuranaraasuraādibhis
6_sastra/8_jyot/lilavatu.txt	1523	prakīrṇaādikam	aā			UNRESOLVED	none	prakīrṇaādikam
6_sastra/8_jyot/lilavatu.txt	1525	śrībhāskaraācāryaviracitāyām	aā			UNRESOLVED	none	śrībhāskaraācāryaviracitāyām
6_sastra/8_jyot/lilavatu.txt	1525	chāyāadhikāras	āa			UNRESOLVED	none	chāyāadhikāras
6_sastra/8_jyot/lilavatu.txt	1543	svaūrdhve	aū			UNRESOLVED	none	svaūrdhve
6_sastra/8_jyot/lilavatu.txt	1559	svaūrdhve	aū			UNRESOLVED	none	svaūrdhve
6_sastra/8_jyot/lilavatu.txt	1559	itiādikaraṇena	iā			UNRESOLVED	none	itiādikaraṇena
6_sastra/8_jyot/lilavatu.txt	1559	iṣṭaāhatasvasvahareṇa	aā			UNRESOLVED	none	iṣṭaāhatasvasvahareṇa
6_sastra/8_jyot/lilavatu.txt	1561	itiādi	iā			UNRESOLVED	none	itiādi
6_sastra/8_jyot/lilavatu.txt	1561	kuṭṭakaantare	aa			UNRESOLVED	none	kuṭṭakaantare
6_sastra/8_jyot/lilavatu.txt	1573	svaūrdhve	aū			UNRESOLVED	none	svaūrdhve
6_sastra/8_jyot/lilavatu.txt	1573	itiādikaraṇena	iā			UNRESOLVED	none	itiādikaraṇena
6_sastra/8_jyot/lilavatu.txt	1579	hārakṣepaapavartanena	aa			UNRESOLVED	none	hārakṣepaapavartanena
6_sastra/8_jyot/lilavatu.txt	1579	iṣṭaāhatasvasvahareṇa	aā			UNRESOLVED	none	iṣṭaāhatasvasvahareṇa
6_sastra/8_jyot/lilavatu.txt	1579	itiādinā	iā			UNRESOLVED	none	itiādinā
6_sastra/8_jyot/lilavatu.txt	1579	itiādi	iā			UNRESOLVED	none	itiādi
6_sastra/8_jyot/lilavatu.txt	1579	kuṭṭakaantare	aa			UNRESOLVED	none	kuṭṭakaantare
6_sastra/8_jyot/lilavatu.txt	1581	guṇaāptī	aā			UNRESOLVED	none	guṇaāptī
6_sastra/8_jyot/lilavatu.txt	1583	iṣṭaāhatasvasvatakṣaṇam	aā			UNRESOLVED	none	iṣṭaāhatasvasvatakṣaṇam
6_sastra/8_jyot/lilavatu.txt	1583	itiādi	iā			UNRESOLVED	none	itiādi
6_sastra/8_jyot/lilavatu.txt	1589	guṇaāptī	aā			UNRESOLVED	none	guṇaāptī
6_sastra/8_jyot/lilavatu.txt	1589	guṇaāptī	aā			UNRESOLVED	none	guṇaāptī
6_sastra/8_jyot/lilavatu.txt	1591	kuṭṭakaantare	aa			UNRESOLVED	none	kuṭṭakaantare
6_sastra/8_jyot/lilavatu.txt	1597	kṣepatakṣaṇalābhaāḍhyā	aā			UNRESOLVED	none	kṣepatakṣaṇalābhaāḍhyā
6_sastra/8_jyot/lilavatu.txt	1607	guṇaāptī	aā			UNRESOLVED	none	guṇaāptī
6_sastra/8_jyot/lilavatu.txt	1607	iṣṭaāhatasvasvahareṇa	aā			UNRESOLVED	none	iṣṭaāhatasvasvahareṇa
6_sastra/8_jyot/lilavatu.txt	1607	dhanaṛṇayos	aṛ			UNRESOLVED	none	dhanaṛṇayos
6_sastra/8_jyot/lilavatu.txt	1609	guṇaāptī	aā			UNRESOLVED	none	guṇaāptī
6_sastra/8_jyot/lilavatu.txt	1609	guṇaāptī	aā			UNRESOLVED	none	guṇaāptī
6_sastra/8_jyot/lilavatu.txt	1609	kṣepatakṣaṇalābhaāḍhyā	aā			UNRESOLVED	none	kṣepatakṣaṇalābhaāḍhyā
6_sastra/8_jyot/lilavatu.txt	1611	dhanalabdhiartham	ia			UNRESOLVED	none	dhanalabdhiartham
6_sastra/8_jyot/lilavatu.txt	1611	kuṭṭakaantare	aa			UNRESOLVED	none	kuṭṭakaantare
6_sastra/8_jyot/lilavatu.txt	1613	kṣepaabhāvas	aa			UNRESOLVED	none	kṣepaabhāvas
6_sastra/8_jyot/lilavatu.txt	1623	kṣepaabhāve	aa			UNRESOLVED	none	kṣepaabhāve
6_sastra/8_jyot/lilavatu.txt	1623	guṇaāptī	aā			UNRESOLVED	none	guṇaāptī
6_sastra/8_jyot/lilavatu.txt	1623	iṣṭaāhatā	aā			UNRESOLVED	none	iṣṭaāhatā
6_sastra/8_jyot/lilavatu.txt	1623	guṇaāptī	aā			UNRESOLVED	none	guṇaāptī
6_sastra/8_jyot/lilavatu.txt	1623	itiādi	iā			UNRESOLVED	none	itiādi
6_sastra/8_jyot/lilavatu.txt	1625	anekadhādarśanaartham	aa			UNRESOLVED	none	anekadhādarśanaartham
6_sastra/8_jyot/lilavatu.txt	1627	iṣṭaāhatasvasvahareṇa	aā			UNRESOLVED	none	iṣṭaāhatasvasvahareṇa
6_sastra/8_jyot/lilavatu.txt	1627	guṇaāptī	aā			UNRESOLVED	none	guṇaāptī
6_sastra/8_jyot/lilavatu.txt	1635	guṇaāptī	aā			UNRESOLVED	none	guṇaāptī
6_sastra/8_jyot/lilavatu.txt	1635	guṇaāptī	aā			UNRESOLVED	none	guṇaāptī
6_sastra/8_jyot/lilavatu.txt	1639	vikalāavaśeṣas	āa			UNRESOLVED	none	vikalāavaśeṣas
6_sastra/8_jyot/lilavatu.txt	1641	liptāagram	āa			UNRESOLVED	none	liptāagram
6_sastra/8_jyot/lilavatu.txt	1641	lavaagram	aa			UNRESOLVED	none	lavaagram
6_sastra/8_jyot/lilavatu.txt	1643	adhimāsaavamaagrakābhyām	aa			UNRESOLVED	none	adhimāsaavamaagrakābhyām
6_sastra/8_jyot/lilavatu.txt	1643	adhimāsaavamaagrakābhyām	aa			UNRESOLVED	none	adhimāsaavamaagrakābhyām
6_sastra/8_jyot/lilavatu.txt	1643	raviindvos	ii			UNRESOLVED	none	raviindvos
6_sastra/8_jyot/lilavatu.txt	1645	vikalāavaśeṣāt	āa			UNRESOLVED	none	vikalāavaśeṣāt
6_sastra/8_jyot/lilavatu.txt	1645	grahaahargaṇayos	aa			UNRESOLVED	none	grahaahargaṇayos
6_sastra/8_jyot/lilavatu.txt	1645	vikalāavaśeṣam	āa			UNRESOLVED	none	vikalāavaśeṣam
6_sastra/8_jyot/lilavatu.txt	1645	guṇaāptī	aā			UNRESOLVED	none	guṇaāptī
6_sastra/8_jyot/lilavatu.txt	1645	kalāavaśeṣam	āa			UNRESOLVED	none	kalāavaśeṣam
6_sastra/8_jyot/lilavatu.txt	1645	kalāavaśeṣam	āa			UNRESOLVED	none	kalāavaśeṣam
6_sastra/8_jyot/lilavatu.txt	1647	tripraśnaadhyāye	aa			UNRESOLVED	none	tripraśnaadhyāye
6_sastra/8_jyot/lilavatu.txt	1647	kalpaadhimāsās	aa			UNRESOLVED	none	kalpaadhimāsās
6_sastra/8_jyot/lilavatu.txt	1649	gataadhimāsās	aa			UNRESOLVED	none	gataadhimāsās
6_sastra/8_jyot/lilavatu.txt	1649	kalpaavamāni	aa			UNRESOLVED	none	kalpaavamāni
6_sastra/8_jyot/lilavatu.txt	1649	gataavamāni	aa			UNRESOLVED	none	gataavamāni
6_sastra/8_jyot/lilavatu.txt	1651	guṇaaikyam	aa			UNRESOLVED	none	guṇaaikyam
6_sastra/8_jyot/lilavatu.txt	1653	agraaikyam	aa			UNRESOLVED	none	agraaikyam
6_sastra/8_jyot/lilavatu.txt	1659	daśaāhatas	aā			UNRESOLVED	none	daśaāhatas
6_sastra/8_jyot/lilavatu.txt	1661	guṇaaikyam	aa			UNRESOLVED	none	guṇaaikyam
6_sastra/8_jyot/lilavatu.txt	1661	agraaikyam	aa			UNRESOLVED	none	agraaikyam
6_sastra/8_jyot/lilavatu.txt	1661	kuṭṭakaadhyāyas	aa			UNRESOLVED	none	kuṭṭakaadhyāyas
6_sastra/8_jyot/lilavatu.txt	1665	nirdiṣṭaaṅkais	aa			UNRESOLVED	none	nirdiṣṭaaṅkais
6_sastra/8_jyot/lilavatu.txt	1667	sthānaantam	aa			UNRESOLVED	none	sthānaantam
6_sastra/8_jyot/lilavatu.txt	1667	ekaādicayaaṅkaghātas	aā			UNRESOLVED	none	ekaādicayaaṅkaghātas
6_sastra/8_jyot/lilavatu.txt	1667	ekaādicayaaṅkaghātas	aa			UNRESOLVED	none	ekaādicayaaṅkaghātas
6_sastra/8_jyot/lilavatu.txt	1673	dviādi	iā			UNRESOLVED	none	dviādi
6_sastra/8_jyot/lilavatu.txt	1673	navaavasānais	aa			UNRESOLVED	none	navaavasānais
6_sastra/8_jyot/lilavatu.txt	1675	tadsaṃkhyakaaikyāni	aa			UNRESOLVED	none	tadsaṃkhyakaaikyāni
6_sastra/8_jyot/lilavatu.txt	1677	sthānaantam	aa			UNRESOLVED	none	sthānaantam
6_sastra/8_jyot/lilavatu.txt	1677	ekaādicayaaṅkayos	aā			UNRESOLVED	none	ekaādicayaaṅkayos
6_sastra/8_jyot/lilavatu.txt	1677	ekaādicayaaṅkayos	aa			UNRESOLVED	none	ekaādicayaaṅkayos
6_sastra/8_jyot/lilavatu.txt	1677	saṃkhyāaikyam	āa			UNRESOLVED	none	saṃkhyāaikyam
6_sastra/8_jyot/lilavatu.txt	1677	ekaādicayaaṅkānām	aā			UNRESOLVED	none	ekaādicayaaṅkānām
6_sastra/8_jyot/lilavatu.txt	1677	ekaādicayaaṅkānām	aa			UNRESOLVED	none	ekaādicayaaṅkānām
6_sastra/8_jyot/lilavatu.txt	1679	saṃkhyāaikyam	āa			UNRESOLVED	none	saṃkhyāaikyam
6_sastra/8_jyot/lilavatu.txt	1679	samkhyāaikyam	āa			UNRESOLVED	none	samkhyāaikyam
6_sastra/8_jyot/lilavatu.txt	1683	pāśaaṅkuśaahiḍamarūkakapālaśūlais	aa			UNRESOLVED	none	pāśaaṅkuśaahiḍamarūkakapālaśūlais
6_sastra/8_jyot/lilavatu.txt	1683	pāśaaṅkuśaahiḍamarūkakapālaśūlais	aa			UNRESOLVED	none	pāśaaṅkuśaahiḍamarūkakapālaśūlais
6_sastra/8_jyot/lilavatu.txt	1683	khaṭvāaṅgaśaktiśaracāpayutais	āa			UNRESOLVED	none	khaṭvāaṅgaśaktiśaracāpayutais
6_sastra/8_jyot/lilavatu.txt	1685	gadāarisarasjaśaṅkhais	āa			UNRESOLVED	none	gadāarisarasjaśaṅkhais
6_sastra/8_jyot/lilavatu.txt	1689	tulyaaṅkās	aa			UNRESOLVED	none	tulyaaṅkās
6_sastra/8_jyot/lilavatu.txt	1691	tadsaṃkhyāaikyam	āa			UNRESOLVED	none	tadsaṃkhyāaikyam
6_sastra/8_jyot/lilavatu.txt	1699	tulyaaṅkās	aa			UNRESOLVED	none	tulyaaṅkās
6_sastra/8_jyot/lilavatu.txt	1699	saṃkhyāaikyam	āa			UNRESOLVED	none	saṃkhyāaikyam
6_sastra/8_jyot/lilavatu.txt	1701	saṃkhyāaikyam	āa			UNRESOLVED	none	saṃkhyāaikyam
6_sastra/8_jyot/lilavatu.txt	1701	aniyataaṅkais	aa			UNRESOLVED	none	aniyataaṅkais
6_sastra/8_jyot/lilavatu.txt	1705	sthānaantam	aa			UNRESOLVED	none	sthānaantam
6_sastra/8_jyot/lilavatu.txt	1705	ekaapacitaantimaaṅkaghātas	aa			UNRESOLVED	none	ekaapacitaantimaaṅkaghātas
6_sastra/8_jyot/lilavatu.txt	1705	ekaapacitaantimaaṅkaghātas	aa			UNRESOLVED	none	ekaapacitaantimaaṅkaghātas
6_sastra/8_jyot/lilavatu.txt	1705	ekaapacitaantimaaṅkaghātas	aa			UNRESOLVED	none	ekaapacitaantimaaṅkaghātas
6_sastra/8_jyot/lilavatu.txt	1705	asamaaṅkais	aa			UNRESOLVED	none	asamaaṅkais
6_sastra/8_jyot/lilavatu.txt	1715	aṅkaaikyam	aa			UNRESOLVED	none	aṅkaaikyam
6_sastra/8_jyot/lilavatu.txt	1715	ekasthānaantam	aa			UNRESOLVED	none	ekasthānaantam
6_sastra/8_jyot/lilavatu.txt	1715	ekaapacitam	aa			UNRESOLVED	none	ekaapacitam
6_sastra/8_jyot/lilavatu.txt	1717	rūpaādibhis	aā			UNRESOLVED	none	rūpaādibhis
6_sastra/8_jyot/lilavatu.txt	1719	navaanvitasthānakasaṃkhyakāyās	aa			UNRESOLVED	none	navaanvitasthānakasaṃkhyakāyās
6_sastra/8_jyot/lilavatu.txt	1721	gaṇitaarṇavasya	aa			UNRESOLVED	none	gaṇitaarṇavasya
6_sastra/8_jyot/lilavatu.txt	1729	aṅkaaikyam	aa			UNRESOLVED	none	aṅkaaikyam
6_sastra/8_jyot/lilavatu.txt	1729	ekasthānaantam	aa			UNRESOLVED	none	ekasthānaantam
6_sastra/8_jyot/lilavatu.txt	1729	ekaapacitam	aa			UNRESOLVED	none	ekaapacitam
6_sastra/8_jyot/lilavatu.txt	1729	ekaādibhis	aā			UNRESOLVED	none	ekaādibhis
6_sastra/8_jyot/lilavatu.txt	1739	sujātiguṇavargavibhūṣitaaṅgī	aa			UNRESOLVED	none	sujātiguṇavargavibhūṣitaaṅgī
6_sastra/8_jyot/lilavatu.txt	1743	śrībhāskaraācāryaviracite	aā			UNRESOLVED	none	śrībhāskaraācāryaviracite
6_sastra/8_jyot/lilavatu.txt	1743	pāṭīadhyāyas	īa			UNRESOLVED	none	pāṭīadhyāyas
6_sastra/8_jyot/surysidu.txt	425	goagnayah	oa			UNRESOLVED	none	goagnayah
6_sastra/8_jyot/surysidu.txt	1575	adhoadhahsthāh	oa			UNRESOLVED	none	adhoadhahsthāh
6_sastra/8_jyot/surysidu.txt	1767	adhoadhah	oa			UNRESOLVED	none	adhoadhah
