file	line_no	token	prev_line	next_line	context
1_veda/2_bra/gopbra_u.txt	809	ā			agna ā yāhi vītaye gṛṇāno havyadātaye ni hotā satsi barhiṣi ity evam ādiṃ kṛtvā samāvedam adhīyate
1_veda/2_bra/gopbra_u.txt	1247	ā			sa yad oṃpūrvān mantrān prayuṅkta ā sarvamedhād ete kratava eta evāsya sarveṣu lokeṣu sarveṣu deveṣu sarveṣu vedeṣu sarveṣu bhūteṣu sarveṣu sattveṣu kāmacāraḥ kāmavimocanaṃ bhavaty ardhe ca na pramīyate ya evaṃ veda
1_veda/2_bra/gopbra_u.txt	1379	ā			ā samiddhārāt svar eṣyanto 'nnam adyāt
1_veda/2_bra/gopbra_u.txt	1381	ā			athāha jaghanam āhuḥ snāpayetainam itiy ā samiddhārāt
1_veda/2_bra/gopbra_u.txt	1391	ā			teṣāṃ ha sma vaiṣā puṇyā kīrtir gacchaty ā ha vā ayaṃ so 'dya gamiṣyatīti ||
1_veda/2_bra/gopbra_u.txt	1589	ā			tad apy etad ṛcoktam antarikṣe pathibhir hrīyamāṇo na ni viśate katamac ca nāhaḥ | apāṃ yoniḥ prathamajā ṛtasya kva svij jātaḥ kuta ā babhūva iti
1_veda/2_bra/gopbra_u.txt	2421	ā			atha yāni stotrāṇi saśastrāṇy ā vaṣaṭkārāt teṣu
1_veda/2_bra/gopbra_u.txt	2905	ā			ānaḍuhenaiva śakṛtpiṇḍenāgnyāyatanāni parilipya homyam upasādya vāta ā vātu bheṣajam iti sūktenātmany eva juhuyāt
1_veda/2_bra/gopbra_u.txt	4893	ā			te nānādhiṣṇyā eva syur ā dīkṣaṇīyāyāḥ
1_veda/2_bra/gopbra_u.txt	5019	ā			tasminn evaitad anujñām icchati praṇītāsu praṇīyamānāsu vācaṃ yacchaty ā haviṣkṛta udvādanāt
1_veda/2_bra/gopbra_u.txt	6107	ā			ā tubhyam indraḥ pyāyatām ā tvam indrāya pyāyasvety āha
1_veda/2_bra/gopbra_u.txt	6107	ā			ā tubhyam indraḥ pyāyatām ā tvam indrāya pyāyasvety āha
1_veda/2_bra/gopbra_u.txt	6805	ā			prātaryāvabhir ā gataṃ devebhir jenyāvasū indrāgnī somapītaye iti
1_veda/2_bra/gopbra_u.txt	6859	ā			ā vāṃ viśantv indavaḥ svābhuvaḥ iti bahūni vāha
1_veda/2_bra/gopbra_u.txt	6863	ā			ā vo vahantu saptayo raghuṣyadaḥ iti potā yajati
1_veda/2_bra/gopbra_u.txt	6869	ā			ameva naḥ suhavā ā hi gantana iti neṣṭā yajati
1_veda/2_bra/gopbra_u.txt	6877	ā			ā vām andhāṃsi madirāṇy agman iti bahūni vāha
1_veda/2_bra/gopbra_u.txt	7077	ā			śaṃ no bhava hṛda ā pīta indo piteva soma sūnave suśevaḥ | sakheva sakhya uruśaṃsa dhīraḥ pra ṇa āyur jīvase soma tārīḥ ity ātmānaṃ pratyabhimṛśati
1_veda/2_bra/gopbra_u.txt	7389	ā			ā no mitrāvaruṇā ā no gantaṃ riśādasā iti maitrāvaruṇasya stotriyānurūpau
1_veda/2_bra/gopbra_u.txt	7389	ā			ā no mitrāvaruṇā ā no gantaṃ riśādasā iti maitrāvaruṇasya stotriyānurūpau
1_veda/2_bra/gopbra_u.txt	7395	ā			ā yātaṃ mitrāvaruṇā iti yajati
1_veda/2_bra/gopbra_u.txt	7425	ā			ā yāhi suṣumā hi te ā no yāhi sutāvataḥ iti brāhmaṇācchaṃsina stotriyānurūpau
1_veda/2_bra/gopbra_u.txt	7425	ā			ā yāhi suṣumā hi te ā no yāhi sutāvataḥ iti brāhmaṇācchaṃsina stotriyānurūpau
1_veda/2_bra/gopbra_u.txt	7455	ā			yad v evaindrāgnāni śaṃsati prātaryāvabhir ā gataṃ devebhir jenyāvasū indrāgnī somapītaye ity ṛcābhyanūktam
1_veda/2_bra/gopbra_u.txt	7457	ā			indrāgnī ā gatam tośā vṛtrahaṇā huve ity acchāvākasya stotriyānurūpau
1_veda/2_bra/gopbra_u.txt	7463	ā			indrāgnī ā gatam iti yajati
1_veda/2_bra/gopbra_u.txt	7855	ā			oṃ kayā naś citra ā bhuvat kayā tvaṃ na ūtyā iti maitrāvaruṇasya stotriyānurūpau
1_veda/2_bra/gopbra_u.txt	8349	ā			tad vai khalv ā vāṃ rājānāv adhvare vavṛtyām iti
1_veda/2_bra/gopbra_u.txt	8423	ā			atha yad aindrāvaiṣṇavam acchāvākasyokthaṃ bhavati indrāviṣṇū madapatī madānām ā somaṃ yātaṃ draviṇo dadhānā ity ṛcābhyanūktam
1_veda/2_bra/gopbra_u.txt	8593	ā			ā dviṣato vasu datte nir evainam ebhyaḥ sarvebhyo lokebhyo nudate ya evaṃ veda ||
1_veda/2_bra/gopbra_u.txt	9073	ā			yat soma ā sute naraḥ ity acchāvākasya
1_veda/2_bra/gopbra_u.txt	9177	ā			ā satyo yātu maghavāṃ ṛjīṣī iti satyavān maitrāvaruṇaḥ
1_veda/2_bra/gopbra_u.txt	9291	ā			ā yāhy arvāṅ upa vandhureṣṭhāḥ ity acchāvākaḥ
1_veda/2_bra/gopbra_u.txt	10021	ā			ā dviṣato vasu datte nir evainam ebhyaḥ sarvebhyo lokebhyo nudate ya evaṃ veda
1_veda/2_bra/gopbra_u.txt	10173	ā			athaitaśapralāpaṃ śaṃsaty etā aśvā ā plavante iti
1_veda/2_bra/kausibru.txt	231	ā			ā hy ato vibhaktayo anuprotā bhavanti |
1_veda/2_bra/kausibru.txt	923	ā			ā ca vaha jātavedaḥ suyujā ca yaja ity āha |
1_veda/2_bra/kausibru.txt	1277	ā			ā caturam vai dvandvam mithunam prajananam prajātyai |
1_veda/2_bra/kausibru.txt	2391	ā			ā ha vā asya aṣṭamāt puruṣāt prajā annam atti |
1_veda/2_bra/kausibru.txt	3177	ā			ā caturam vai dvandvam mithunam prajananam prajātyai |
1_veda/2_bra/kausibru.txt	3293	ā			ā yam haste na khādinam iti hastavatīm hastena dhāryamāṇāya |
1_veda/2_bra/kausibru.txt	3297	ā			ā jātam jāta vedasi ity āvatīm āhūyamānāya |
1_veda/2_bra/kausibru.txt	3555	ā			ā no viśvābhir ūtibhir ity ānuṣṭubham tṛcam sā vāk |
1_veda/2_bra/kausibru.txt	3563	ā			ā bhāty agnir uṣasām anīkam ity apara ahṇe |
1_veda/2_bra/kausibru.txt	3593	ā			ā sute siñcata śriyam ā nūnam aśvinor ṛṣir ity āsiktavatyāv abhirūpe abhiṣṭauti |
1_veda/2_bra/kausibru.txt	3593	ā			ā sute siñcata śriyam ā nūnam aśvinor ṛṣir ity āsiktavatyāv abhirūpe abhiṣṭauti |
1_veda/2_bra/kausibru.txt	6145	ā			vāyav ā yāhi darśata aśvinā yajvarīr iṣa ity ete ubhe tat praugam navarcam ca dvādaśarcam ca |
1_veda/2_bra/kausibru.txt	6275	ā			ā tvā ratham yathā ūtaya ity anuṣṭubhā marutvatīyam pratipadyate |
1_veda/2_bra/kausibru.txt	7525	ā			tān ha tac ceṣṭanti nv ā iti |
1_veda/2_bra/kausibru.txt	7675	ā			ā vām ratho aśvinā śyenapatvā iti sa uddhiḥ |
1_veda/2_bra/kausibru.txt	8363	ā			ā tvā ratham yathā ūtaya iti marutvatīyasya pratipat |
1_veda/2_bra/kausibru.txt	8569	ā			ā yāhy arvān upavandhurā iṣṭā iti niṣkevalyam āvat |
1_veda/2_bra/kausibru.txt	8591	ā			tasmint sumnāni yajamāna ā caka ity āvat |
1_veda/2_bra/kausibru.txt	8649	ā			ā viśvadevam satpatim ity anucaro vivāṃs tasya uktam brāhmaṇam |
1_veda/2_bra/kausibru.txt	8707	ā			tān rohid aśva girvaṇas trayas triṃśatam ā vaha iti |
1_veda/2_bra/kausibru.txt	8749	ā			tiṣṭhā harī ratha ā yujyamānā iti marutvatīyam |
1_veda/2_bra/kausibru.txt	8789	ā			ā no bhadrāḥ kratavo yantu viśvata iti vaiśvadevam |
1_veda/2_bra/kausibru.txt	8803	ā			ā rudrāsa indravantaḥ sajoṣasa iti mārutam |
1_veda/2_bra/kausibru.txt	8881	ā			tasmint sumnāni yajamāna ā caka ity āvat |
1_veda/2_bra/kausibru.txt	8909	ā			agna ojiṣṭham ā bhara ity ājyam |
1_veda/2_bra/kausibru.txt	8931	ā			etāyām ā upa gavuaṃta indram iti niṣkevalyam |
1_veda/2_bra/kausibru.txt	9185	ā			ā yātv indro avasa upa na iti marutvatīyam āvat |
1_veda/2_bra/kausibru.txt	9191	ā			ā na indro dūrād ā na āsād iti niṣkevalyam āvat |
1_veda/2_bra/kausibru.txt	9191	ā			ā na indro dūrād ā na āsād iti niṣkevalyam āvat |
1_veda/2_bra/kausibru.txt	9235	ā			tasmint sumnāni yajamāna ā caka ity āvat |
1_veda/2_bra/kausibru.txt	9289	ā			viśvo devasya netur ā viśva devam satpatim iti pratipad anucarau tayor uktam brāhmaṇam |
1_veda/2_bra/kausibru.txt	9629	ā			ā cyāvayasy ūtaya ity ūtimat |
1_veda/2_bra/kausibru.txt	9641	ā			ā devo yātu savitā suratnaḥ pra dyāvā yajñaiḥ pṛthivī namobhiḥ pra ṛbhubhyo dūtam iva vācam iṣye pra śukra etu devī manīṣā iti |
1_veda/2_bra/kausibru.txt	9643	ā			ā iti vā vai pra iti vā prāyaṇīya rūpam |
1_veda/2_bra/kausibru.txt	9669	ā			ā tv eṣam ugram ava īmahe vayam iti |
1_veda/2_bra/kausibru.txt	9671	ā			ā iti vā vai pra iti vā prāyaṇīya rūpam |
1_veda/2_bra/kausibru.txt	9685	ā			ā iti vā vai pra iti vā prāyaṇīya rūpam |
1_veda/2_bra/kausibru.txt	9915	ā			ā rudrāsa indravantaḥ sajoṣasa iti mārutam |
1_veda/2_bra/kausibru.txt	10291	ā			viśve devāsa ā gata śṛṇutā ma imam havam |
1_veda/2_bra/kausibru.txt	10293	ā			ā idam barhir ni ṣīdata iti |
1_veda/2_bra/kausibru.txt	10383	ā			ā yajñair deva martya iti prathamasya svara sāmna ājyam āvad rāthantaram |
1_veda/2_bra/kausibru.txt	10387	ā			agna ojiṣṭham ā bhara iti tṛtīyasya āvad rāthantaram |
1_veda/2_bra/kausibru.txt	10427	ā			indra kratuṣ ṭam ā bhara ity āvad rāthantaram |
1_veda/2_bra/kausibru.txt	10613	ā			ā gomatā nāsatyā rathena ity āśvinam |
1_veda/2_bra/kausibru.txt	10619	ā			ā no deva śavasā yāhi śuṣminn ity aindram |
1_veda/2_bra/kausibru.txt	10827	ā			ā satyo yātu maghavān ṛjīṣī ity ekaviṃśatiḥ |
1_veda/2_bra/kausibru.txt	10907	ā			ā indra yāhi haribhir iti pañcadaśa |
1_veda/2_bra/kausibru.txt	10909	ā			sarūpair ā su no gahi ity etena rūpeṇa |
1_veda/2_bra/kausibru.txt	10915	ā			ā satyo yātu maghavān ṛjīṣī ity ekaviṃśatis tās trayoviśaṃtiḥ |
1_veda/2_bra/kausibru.txt	11467	ā			ā gomatā nāsatyā rathena ā no deva śavasā yāhi śuṣṇin pra vo yajñeṣu devayanto arcanpra kṣodasā dhāyasā sasra eṣa iti |
1_veda/2_bra/kausibru.txt	11467	ā			ā gomatā nāsatyā rathena ā no deva śavasā yāhi śuṣṇin pra vo yajñeṣu devayanto arcanpra kṣodasā dhāyasā sasra eṣa iti |
1_veda/2_bra/kausibru.txt	11569	ā			ā ayāhi vanasā saha iti dvipadā āvat |
1_veda/2_bra/kausibru.txt	11575	ā			viśve devāsa ā gata ity āvat |
1_veda/2_bra/kausibru.txt	11583	ā			ā pra yātu parāvata ity āvat |
1_veda/2_bra/kausibru.txt	11825	ā			atra nv ā api stomo na vyāptavya iti ha sma āha paiṅgyaḥ |
1_veda/2_bra/kausibru.txt	11851	ā			ā vāyo bhūṣa śucipā upa na iti vāyavyam ca aindrāvāyavam ca |
1_veda/2_bra/kausibru.txt	11885	ā			ā viśva vārā aśvinā gatam na ity āśvinam |
1_veda/2_bra/kausibru.txt	11959	ā			tiṣṭhā harī ratha ā yujyamānā iti tṛtīyam |
1_veda/2_bra/kausibru.txt	11981	ā			ā satyo yātu maghavān ṛjīṣī iti traiṣṭubhānām prathamam niṣkevalyānām |
1_veda/2_bra/kausibru.txt	12075	ā			viśve devāsa ā gata iti vaiśvadevam bhāradvājam |
1_veda/2_bra/kausibru.txt	12077	ā			ā gata iti gatavat |
1_veda/2_bra/kausibru.txt	12247	ā			kayā naś citra ā bhuvat kayā tvam na ūtyā iti vāmadevyasya yonau rathantaram ūḍham bhavaty āgneyam sāma aidrīṣu |
1_veda/2_bra/kausibru.txt	12483	ā			te vācam yamā āsata ā nakṣatrāṇām darśanāt |
1_veda/2_bra/kausibru.txt	12517	ā			te nv ā u vayam uttareṇa eva havir dhāne parīma iti ha sma āha kauṣītakiḥ |
1_veda/2_bra/kausibru.txt	12689	ā			nava nv ā atra camasān unnayanti |
1_veda/2_bra/kausibru.txt	12725	ā			agne patnīr iha ā vaha ity āgnipātnīvatyā tvaṣṭṛmatyā na neṣṭā |
1_veda/2_bra/kausibru.txt	12863	ā			prātar yāvabhir ā gatam ity aindrāgnyā yajati |
1_veda/2_bra/kausibru.txt	13135	ā			ā caturam vai dvandvam mithunam prajananam prajātyai |
1_veda/2_bra/pncvbr1u.txt	99	ā			soma gīrbhiṣ ṭvā vayaṃ vardhayāmo vācovidaḥ sumṛḍīko na ā viśa
1_veda/2_bra/pncvbr1u.txt	101	ā			ā pyāyasva sam etu te viśvataḥ soma vṛṣṇyam | bhavā vājasya saṃgathe
1_veda/2_bra/pncvbr1u.txt	129	ā			stutasya stutam asy ūrjasvat payasvad ā mā stotrasya strotraṃ | gamyād indravanto vanemahi bhakṣīmahi prajām iṣam
1_veda/2_bra/pncvbr1u.txt	151	ā			kāmakāmaṃ ma ā vartaya
1_veda/2_bra/pncvbr1u.txt	169	ā			vaiśvānaraḥ pratnathā nākam ā ruha divaḥ pṛṣṭhe mandamānaḥ sumanmabhiḥ sapūrvavaj jantave dhanāḥ samānam ayman pary eti jāgṛviḥ
1_veda/2_bra/pncvbr1u.txt	173	ā			kṛśāno savyān ā yaccha
1_veda/2_bra/pncvbr1u.txt	265	ā			pāpavasīyaso vidhṛtir vipāpmanā vartate ya etayā stute nāvagato 'pa rudhyate nāparuddho 'va gacchati | na śreyāṃsaṃ pāpīyān abhyā rohati na janatā janatām abhy eti nānyo 'nyasya prajā ā dadate yathākṣetraṃ kalpante | avarṣukas tu parjanyo bhavatīme hi lokās tṛcas tān hiṅkāreṇa vy eti
1_veda/2_bra/pncvbr1u.txt	289	ā			adharottaram apāvagato rudhyateva gacchaty aparuddhaḥ pāpīyān śreyāṃsam abhyā rohati janatā janatām abhy ety anyo 'nyasya prajā ā dadate na yathākṣetraṃ kalpante
1_veda/2_bra/pncvbr1u.txt	653	ā			ā yāhi somapītaya iti saumī pāvamānī
1_veda/2_bra/pncvbr1u.txt	1051	ā			ā vā ete saṃvvatsaraṃ pyāyayanti ya utsṛjanti
1_veda/2_bra/pncvbr1u.txt	1403	ā			ā no mitrāvaruṇeti jyogāmayāvine pratipadaṃ kuryāt
1_veda/2_bra/pncvbr1u.txt	1771	ā			deveṣur vā eṣā yad vaṣatkāro 'bhīti vā indro vṛtrāya vajraṃ prāharad abhītyevāsmai vajraṃ prahṛtya deveṣv ā vaṣaṭkāreṇa vidhyati
1_veda/2_bra/pncvbr1u.txt	2065	ā			pāntam ā vo andhasa iti prastauti
1_veda/2_bra/pncvbr1u.txt	2129	ā			kṣipraṃ śasyam ājim iva hy ete dhāvanty ā sūryasyodetoḥ śaṃset sūryaṃ hi kāṣṭhām akurvata
1_veda/2_bra/pncvbr1u.txt	2131	ā			pāntam ā vo andhasa iti vaitahavyam anyakṣetraṃvā ete prayanti ye rātrim upayanti yad okonidhanaṃ rātrer mukhe bhavaty okaso 'pracyāvāya
1_veda/2_bra/pncvbr1u.txt	2155	ā			ā tū na indra kṣumantam ity ākūpāram
1_veda/2_bra/pncvbr1u.txt	2165	ā			ā tv etā niṣīdateti daivātitham
1_veda/2_bra/pncvbr1u.txt	2581	ā			agna āyāhi vītaya ā no mitrāvaruṇāyāhi suṣamā hi ta indrāgnī āgataṃ sutam iti rāthantaram eva tad rūpaṃ nirdyotayati stomaḥ iti
1_veda/2_bra/pncvbr1u.txt	2973	ā			ā sotā pariṣiñcata iti parivatyo bhavanti
1_veda/2_bra/pncvbr1u.txt	3357	ā			ā te yatente rathyo yathā pṛthag ity eva hy etarhy ahāni yatante
1_veda/2_bra/pncvbr1u.txt	3569	ā			dhvasre vai puruṣantī tarantapurumīḍhābhyāṃ vaitadaśvibhyāṃ sahasrāṇy aditsatāṃ tāv aikṣetāṃ kathaṃ nāv idam āttam apratigṛhītaṃ syād iti tau praty etāṃ dhvasrayoḥ puruṣantyor ā sahasrāṇi dadmahe tarat sa mandī dhāvatīti tato vai tat tayor āttam apratigṛhītam abhavat
1_veda/2_bra/pncvbr1u.txt	3915	ā			ā te vatso mano yamad ity apacchid iva vā etad yajñakāṇḍaṃ yad ukthāni yad eti salomatvāyaiva
1_veda/2_bra/pncvbr1u.txt	4407	ā			ā jāgṛvir vipra ṛtaṃ matīnām iti yad āpte pravatīḥ kuryur atipadyer anyad āvatyo bhavanty anatipādāya
1_veda/2_bra/pncvbr1u.txt	5363	ā			daśa camasā daśa camasādhvaryavo daśa daśa camasam abhiyanty ā daśamāt puruṣād anvākhyāya prasarpanti daśa samṛddho hy eṣa yajña enaṃ vāva te tad yajñam anvaicchan ya etena yajata etad evendriyaṃ vīryam āttvāsmin dadhāti
1_veda/2_bra/pncvbr1u.txt	5983	ā			ekayūpo vaikādaśinī vānyeṣāṃ yajñānāṃ bhavaty ekaviṃśiny aśvamedhasya khādiro vā bailvo vā pārṇo vā nyeṣāṃ yajñānāṃ bhavati naicudāra ekaviṃśatyaratnir aśvamedhasya nānyeṣāṃ paśūnāṃ tejanyā avadyanty avadyanty aśvamedhasya dakṣiṇato 'nyeṣāṃ paśūnām avadyanty uttarato 'śvamedhasya plakṣaśākhāsv anyeṣāṃ paśūnām avadyanti vetasaśākhāsv aśvamedhasya yūpe grāmyān paśūn niyuñjanty ārokeṣv āraṇyān dhārayanty ā grāmyān paśūn labhante prāraṇyān sṛjanti
1_veda/2_bra/pncvbr1u.txt	6705	ā			tasmāt te vācā siddhā vācāhūtā ā yanti
1_veda/2_bra/pncvbr1u.txt	6817	ā			prajāpatiḥ prajā asṛjata sa rūkṣo 'bhavat taṃ rūkṣaṃ nājanan sa ā cāṅktābhi cāṅkta
1_veda/2_bra/pncvbr1u.txt	6935	ā			yad anyac cakrābhyāṃ sākavṛdbhyāṃ tatsamānam ā chandomadaśāhāt
1_veda/2_bra/pncvbr2u.txt	99	ā			soma gīrbhiṣ ṭvā vayaṃ vardhayāmo vācovidaḥ sumrḍīko na ā viśa
1_veda/2_bra/pncvbr2u.txt	101	ā			ā pyāyasva sam etu te viśvataḥ soma vrṣṇyam | bhavā vājasya saṃgathe
1_veda/2_bra/pncvbr2u.txt	129	ā			stutasya stutam asy ūrjasvat payasvad ā mā stotrasya strotraṃ | gamyād indravanto vanemahi bhakṣīmahi prajām iṣam
1_veda/2_bra/pncvbr2u.txt	151	ā			kāmakāmaṃ ma ā vartaya
1_veda/2_bra/pncvbr2u.txt	169	ā			vaiśvānaraḥ pratnathā nākam ā ruha divaḥ prṣṭhe mandamānaḥ sumanmabhiḥ sapūrvavaj jantave dhanāḥ samānam ayman pary eti jāgrviḥ
1_veda/2_bra/pncvbr2u.txt	173	ā			krśāno savyān ā yaccha
1_veda/2_bra/pncvbr2u.txt	265	ā			pāpavasīyaso vidhrtir vipāpmanā vartate ya etayā stute nāvagato 'pa rudhyate nāparuddho 'va gacchati | na śreyāmsaṃ pāpīyān abhyā rohati na janatā janatām abhy eti nānyo 'nyasya prajā ā dadate yathākṣetraṃ kalpante | avarṣukas tu parjanyo bhavatīme hi lokās trcas tān hiṅkāreṇa vy eti
1_veda/2_bra/pncvbr2u.txt	289	ā			adharottaram apāvagato rudhyateva gacchaty aparuddhaḥ pāpīyān śreyāmsam abhyā rohati janatā janatām abhy ety anyo 'nyasya prajā ā dadate na yathākṣetraṃ kalpante
1_veda/2_bra/pncvbr2u.txt	653	ā			ā yāhi somapītaya iti saumī pāvamānī
1_veda/2_bra/pncvbr2u.txt	1051	ā			ā vā ete samvvatsaraṃ pyāyayanti ya utsrjanti
1_veda/2_bra/pncvbr2u.txt	1403	ā			ā no mitrāvaruṇeti jyogāmayāvine pratipadaṃ kuryāt
1_veda/2_bra/pncvbr2u.txt	1771	ā			deveṣur vā eṣā yad vaṣatkāro 'bhīti vā indro vrtrāya vajraṃ prāharad abhītyevāsmai vajraṃ prahrtya deveṣv ā vaṣaṭkāreṇa vidhyati
1_veda/2_bra/pncvbr2u.txt	2065	ā			pāntam ā vo andhasa iti prastauti
1_veda/2_bra/pncvbr2u.txt	2129	ā			kṣipram śasyam ājim iva hy ete dhāvanty ā sūryasyodetoḥ śamset sūryam hi kāṣṭhām akurvata
1_veda/2_bra/pncvbr2u.txt	2131	ā			pāntam ā vo andhasa iti vaitahavyam anyakṣetraṃvā ete prayanti ye rātrim upayanti yad okonidhanam rātrer mukhe bhavaty okaso 'pracyāvāya
1_veda/2_bra/pncvbr2u.txt	2155	ā			ā tū na indra kṣumantam ity ākūpāram
1_veda/2_bra/pncvbr2u.txt	2165	ā			ā tv etā niṣīdateti daivātitham
1_veda/2_bra/pncvbr2u.txt	2581	ā			agna āyāhi vītaya ā no mitrāvaruṇāyāhi suṣamā hi ta indrāgnī āgatam sutam iti rāthantaram eva tad rūpaṃ nirdyotayati stomaḥ iti
1_veda/2_bra/pncvbr2u.txt	2973	ā			ā sotā pariṣiñcata iti parivatyo bhavanti
1_veda/2_bra/pncvbr2u.txt	3357	ā			ā te yatente rathyo yathā prthag ity eva hy etarhy ahāni yatante
1_veda/2_bra/pncvbr2u.txt	3569	ā			dhvasre vai puruṣantī tarantapurumīḍhābhyāṃ vaitadaśvibhyāṃ sahasrāṇy aditsatāṃ tāv aikṣetāṃ kathaṃ nāv idam āttam apratigrhītaṃ syād iti tau praty etāṃ dhvasrayoḥ puruṣantyor ā sahasrāṇi dadmahe tarat sa mandī dhāvatīti tato vai tat tayor āttam apratigrhītam abhavat
1_veda/2_bra/pncvbr2u.txt	3915	ā			ā te vatso mano yamad ity apacchid iva vā etad yajñakāṇḍaṃ yad ukthāni yad eti salomatvāyaiva
1_veda/2_bra/pncvbr2u.txt	4407	ā			ā jāgrvir vipra rtaṃ matīnām iti yad āpte pravatīḥ kuryur atipadyer anyad āvatyo bhavanty anatipādāya
1_veda/2_bra/pncvbr2u.txt	5363	ā			daśa camasā daśa camasādhvaryavo daśa daśa camasam abhiyanty ā daśamāt puruṣād anvākhyāya prasarpanti daśa samrddho hy eṣa yajña enaṃ vāva te tad yajñam anvaicchan ya etena yajata etad evendriyaṃ vīryam āttvāsmin dadhāti
1_veda/2_bra/pncvbr2u.txt	5983	ā			ekayūpo vaikādaśinī vānyeṣāṃ yajñānāṃ bhavaty ekaviṃśiny aśvamedhasya khādiro vā bailvo vā pārṇo vā nyeṣāṃ yajñānāṃ bhavati naicudāra ekaviṃśatyaratnir aśvamedhasya nānyeṣāṃ paśūnāṃ tejanyā avadyanty avadyanty aśvamedhasya dakṣiṇato 'nyeṣāṃ paśūnām avadyanty uttarato 'śvamedhasya plakṣaśākhāsv anyeṣāṃ paśūnām avadyanti vetasaśākhāsv aśvamedhasya yūpe grāmyān paśūn niyuñjanty ārokeṣv āraṇyān dhārayanty ā grāmyān paśūn labhante prāraṇyān srjanti
1_veda/2_bra/pncvbr2u.txt	6705	ā			tasmāt te vācā siddhā vācāhūtā ā yanti
1_veda/2_bra/pncvbr2u.txt	6817	ā			prajāpatiḥ prajā asrjata sa rūkṣo 'bhavat taṃ rūkṣaṃ nājanan sa ā cāṅktābhi cāṅkta
1_veda/2_bra/pncvbr2u.txt	6935	ā			yad anyac cakrābhyāṃ sākavrdbhyāṃ tatsamānam ā chandomadaśāhāt
1_veda/2_bra/satapath/sb_01_u.txt	523	ā			athāṅgāramāskauti | ā devayajaṃ vaheti yo devayāṭ tasmin havīṃṣi śrapayāma
1_veda/2_bra/satapath/sb_01_u.txt	1601	ā			tamabhinidadhāti | ā tvā vasavo rudrā ādityāḥ sadantvityete vai trayā devā yadvasavo
1_veda/2_bra/satapath/sb_01_u.txt	2111	ā			samiddho agna āhuteti | ya evāyamavāṅprāṇa etamevaitayā saminddha ā juhotā
1_veda/2_bra/satapath/sb_01_u.txt	2113	ā			duvasyateti sarvamātmānaṃ saminddha ā nakhebhyo 'tho lomabhyaḥ
1_veda/2_bra/satapath/sb_01_u.txt	2507	ā			sa yadāśrāvayati | yajñamevaitadanumantrayata ā naḥ śṛnūpa na āvartasvetyatha
1_veda/2_bra/satapath/sb_01_u.txt	2523	ā			so 'gninnāpavyāharet | ā pratyāśrāvaṇātpratyāśrāvayatyagnīttatpunaradhvaryuṃ yajña
1_veda/2_bra/satapath/sb_01_u.txt	2527	ā			so 'dhvaryurnāpavyāharet | ā yajeti vaktoryajetyevādhvaryurhotre yajñaṃ
1_veda/2_bra/satapath/sb_01_u.txt	2531	ā			sa hotā nāpavyāharet | ā vaṣaṭkārāttaṃ vaṣaṭkāreṇāgnāveva yonau reto bhūtaṃ
1_veda/2_bra/satapath/sb_01_u.txt	2545	ā			sa hotā nāpavyāharet | ā vaṣaṭkārāttaṃ vaṣaṭkāreṇāgnāveva yonau reto bhūtaṃ
1_veda/2_bra/satapath/sb_01_u.txt	2835	ā			ṛtavo ha vai deveṣu yajñe bhāgamīṣire | ā no yajñe bhajata mā no
1_veda/2_bra/satapath/sb_01_u.txt	2869	ā			ta ṛtavo 'gnimabruvan | ā vayaṃ tvāmasmāsu bhajāmo yo no deveṣu yajñe
1_veda/2_bra/satapath/sb_01_u.txt	3521	ā			atha vācaṃyamo bhavati ā tisṛṇāṃ dogdhorvāgvai yajño 'vikṣubdho yajñaṃ tanavā iti
1_veda/2_bra/satapath/sb_01_u.txt	3797	ā			ā yajatāmejyā iṣa iti | prajā vā iṣastā evaitadyāyajūkāḥ karoti tā imāḥ prajā yajamānā
1_veda/2_bra/satapath/sb_02_u.txt	643	ā			te hocuḥ | ā vai vayamagnī dhāsyāmahe 'tha yūyaṃ kiṃ kariṣyatheti
1_veda/2_bra/satapath/sb_02_u.txt	1929	ā			atha parāṅ paryāvartate | tira iva vai pitaro manuṣyebhyastira ivaitadbhavati sa vā ā
1_veda/2_bra/satapath/sb_02_u.txt	3183	ā			stomena pitṝṇāṃ ca manmabhiḥ ā na etu manaḥ punaḥ kratve dakṣāya jīvase jyokca
1_veda/2_bra/satapath/sb_03_u.txt	263	ā			tamabhyanakti | śīrṣato 'gra ā pādābhyāmanulomam mahīnām payo 'sīti mahya iti
1_veda/2_bra/satapath/sb_03_u.txt	339	ā			athāśiṣāmārambhaṃ vācayati | ā vo devāsa īmahe vāmam prayatyadhvare ā vo devāsa
1_veda/2_bra/satapath/sb_03_u.txt	339	ā			athāśiṣāmārambhaṃ vācayati | ā vo devāsa īmahe vāmam prayatyadhvare ā vo devāsa
1_veda/2_bra/satapath/sb_03_u.txt	933	ā			tvamagne vratapā asi deva ā martyeṣvā tvāṃ yajñaṣvīḍya iti tasyo haiṣā
1_veda/2_bra/satapath/sb_03_u.txt	937	ā			tvamagne vratapā asi deva ā martyeṣvā tvaṃ yajñaṣvīḍya iti
1_veda/2_bra/satapath/sb_03_u.txt	1979	ā			athāto gṛhṇātyeva | āpataye tvā paripataye gṛhṇāmīti yo vā ayam pavata eṣa ā ca
1_veda/2_bra/satapath/sb_03_u.txt	3673	ā			manuṣyalokaṃ jayatyatha yadūrdhvaṃ raśanāyā ā caṣālāttena devalokaṃ jayatyatha
1_veda/2_bra/satapath/sb_04_u.txt	305	ā			tāni vā aniṅgyamānāni śere | ā tṛtīyasavanāttasmādime manuṣyāḥ svapanti tāni
1_veda/2_bra/satapath/sb_04_u.txt	313	ā			tāni vā aniṅgyamānāni śere | ā tṛtīyasavanāttāyate yajña eti vai tadyattāyate
1_veda/2_bra/satapath/sb_04_u.txt	427	ā			athāto gṛhṇātyeva | ā vāyo bhūṣa śucipā upa naḥ sahasraṃ te niyuto viśvavāra upo te
1_veda/2_bra/satapath/sb_04_u.txt	697	ā			sa śrīṇāti | mano na yeṣu havaneṣu tigmaṃ vipaḥ śacyā vanutho dravantā ā yaḥ
1_veda/2_bra/satapath/sb_04_u.txt	1201	ā			athāto gṛhṇātyeva | mūrdhānaṃ divo aratim pṛthivyā vaiśvānaramṛta ā jātamagnim |
1_veda/2_bra/satapath/sb_04_u.txt	1289	ā			sa prātaḥsavana ālabdhaḥ | ā tṛtīyasavanācrapyamāṇa upaśete sarvasminnevaitadyajñe
1_veda/2_bra/satapath/sb_04_u.txt	2025	ā			sa gṛhṇāti | yajño devānām pratyeti sumnamādityāso bhavatā mṛḍayantaḥ ā vo 'rvācī
1_veda/2_bra/satapath/sb_05_u.txt	577	ā			sa upaspṛśati | ā mā vājasya prasavo jagamyādityannaṃ vai vāja ā mānnasya prasavo
1_veda/2_bra/satapath/sb_05_u.txt	577	ā			sa upaspṛśati | ā mā vājasya prasavo jagamyādityannaṃ vai vāja ā mānnasya prasavo
1_veda/2_bra/satapath/sb_06_u.txt	179	ā			santamagnirityācakṣata ā ha vā enena pitaram pitāmaham putram pautraṃ cakṣate
1_veda/2_bra/satapath/sb_06_u.txt	1135	ā			amṛtastasya viśve devāḥ putrā ā ye dhāmāni divyāni tasthuritīme vai lokā divyāni
1_veda/2_bra/satapath/sb_06_u.txt	1535	ā			ā tvā jigharmi manasā ghṛteneti | ā tvā juhomi manasā ca ghṛtena
1_veda/2_bra/satapath/sb_06_u.txt	1535	ā			ā tvā jigharmi manasā ghṛteneti | ā tvā juhomi manasā ca ghṛtena
1_veda/2_bra/satapath/sb_06_u.txt	1545	ā			ā viśvataḥ pratyañcaṃ jigharmīti | ā sarvataḥ pratyañcaṃ juhomītyetadarakṣasā
1_veda/2_bra/satapath/sb_06_u.txt	1545	ā			ā viśvataḥ pratyañcaṃ jigharmīti | ā sarvataḥ pratyañcaṃ juhomītyetadarakṣasā
1_veda/2_bra/satapath/sb_06_u.txt	1653	ā			mahāṃ ā ca puṣkara iti vardhamāno mahīyasva puṣkara ityetaddivo mātrayā
1_veda/2_bra/satapath/sb_06_u.txt	3217	ā			athainamabhimantrayate | āyurvā agnirāyurevaitadātmandhatta ā tvāhārṣamityā
1_veda/2_bra/satapath/sb_06_u.txt	3247	ā			jyotiṣaityagnirbhānunā ruśatā svaṅga ityagnirvā eṣa bhānunā ruśatā svaṅga ā jāto
1_veda/2_bra/satapath/sb_07_u.txt	1521	ā			mahāṃ ā ca puṣkara iti vardhamāno mahīyasva puṣkara ityetaddivo mātrayā
1_veda/2_bra/satapath/sb_08_u.txt	393	ā			raṇāyeti devānāṃ sumnāya mahate raṇāyetyetatpitevaidhi sūnava ā suśeveti yathā pitā
1_veda/2_bra/satapath/sb_08_u.txt	2561	ā			ā vāco madhyamaruhadbhuraṇyuriti | etaddha vāco madhyaṃ yatraiṣa etaccīyate
1_veda/2_bra/satapath/sb_09_u.txt	971	ā			athopāyanti | indraṃ viśvā avīvṛdhanniti tasyokto bandhurdevahūryajña ā ca
1_veda/2_bra/satapath/sb_09_u.txt	973	ā			vakṣatsumnahūryajña ā ca vakṣaditi devahūścaiva yajñaḥ sumnahūśca
1_veda/2_bra/satapath/sb_09_u.txt	975	ā			yakṣadagnirdevo devāṃ ā ca vakṣaditi yakṣaccaivāgnirdevo devānā ca vahatvityetat
1_veda/2_bra/satapath/sb_09_u.txt	1015	ā			svaryanto nāpekṣante | ā dyāṃ rohanti rodasī iti na haiva te 'pekṣante ye svargaṃ
1_veda/2_bra/satapath/sb_09_u.txt	2105	ā			hiraṇyamamṛtapakṣaḥ śakuno bhartetyetanmahāntsadhasthe dhruva ā niṣatto
1_veda/2_bra/satapath/sb_10_u.txt	421	ā			sahasramṛjvālikhitā iṣṭakā upadadhāti tadyānīmāni vayasaḥ pratyañci śīrṣṇa ā
1_veda/2_bra/satapath/sb_10_u.txt	1707	ā			vā evaṃvittapa tapyata ā maithunātsarvaṃ hāsya tatsvargaṃ lokamabhisambhavati
1_veda/2_bra/satapath/sb_11_u.txt	1395	ā			sā prajāpatimabravīt ā vai ma idamadiṣateti sa hovāca yajñenainānpunaryācasveti
1_veda/2_bra/satapath/sb_11_u.txt	2135	ā			ā haiva sa nakhāgrebhyastapyate ya evaṃ vidvāntsvādhyāyamadhīte
1_veda/2_bra/satapath/sb_11_u.txt	2753	ā			prāṇa ā ha vai dviṣato bhrātṛvyasya prāṇaṃ datte ya evaṃ veda
1_veda/2_bra/satapath/sb_11_u.txt	2771	ā			bhātyāttā hyasya bhā ā ha vai dviṣato bhrātṛvyasya bhāṃ datte ya evaṃ veda
1_veda/2_bra/satapath/sb_13_u.txt	325	ā			ā brahman brāhmaṇo brahmavarcasī jāyatāmiti brāhmaṇa eva brahmavarcasaṃ
1_veda/2_bra/satapath/sb_13_u.txt	329	ā			ā rāṣṭre rājanyaḥ śūra iṣavyo'tivyādhī mahāratho jāyatāmiti rājanya eva śauryam
1_veda/2_bra/satapath/sb_13_u.txt	1085	ā			eṣa vai brahmavarcasī nāma yajñaḥ yatraitena yajñena yajanta ā brāhmaṇo
1_veda/2_bra/satapath/sb_13_u.txt	1089	ā			eṣa vā ativyādhī nāma yajñaḥ yatraitena yajñena yajanta ā rājanyo'tivyādhī jāyate
1_veda/2_bra/satapath/sb_13_u.txt	1091	ā			eṣa vai dīrgho nāma yajñaḥ yatraitena yajñena yajanta ā dīrghāraṇyaṃ jāyate
1_veda/2_bra/satapath/sb_13_u.txt	1329	ā			rayivīryasyāptyai vīryasyāvaruddhyā ā viśvadevaṃ satpatiṃ na pramiye
1_veda/2_bra/satapath/sb_13_u.txt	2691	ā			āyuṣmata āhutiṃ juhotyagnirvā ā āyuṣmānāyuṣa īṣṭe tamevaibhya āyuryācatyagna
1_veda/2_bra/satapath/sb_14_u.txt	593	ā			ā ca parā ca pathibhiścarantamiti ā ca hyeṣa parā ca devaiḥ pathibhiścarati sa
1_veda/2_bra/satapath/sb_14_u.txt	593	ā			ā ca parā ca pathibhiścarantamiti ā ca hyeṣa parā ca devaiḥ pathibhiścarati sa
1_veda/2_bra/satapath/sb_14_u.txt	1665	ā			sa eṣa iha praviṣṭaḥ ā nakhāgrebhyo yathā kṣuraḥ kṣuradhāne'vahitaḥ
1_veda/2_bra/satapath/sb_14_u.txt	4337	ā			śvabhya ā krimibhya ā kīṭapataṅgebhyastatte'nnamāpo vāsa iti na ha vā asyānannaṃ
1_veda/2_bra/satapath/sb_14_u.txt	4337	ā			śvabhya ā krimibhya ā kīṭapataṅgebhyastatte'nnamāpo vāsa iti na ha vā asyānannaṃ
1_veda/3_ara/sankharu.txt	6	ā			ā tvā rathaṃ yathotaya iti marutvatīyasya pratipat | idaṃ vaso sutam andha ityanucaraḥ | eṣa eva nitya ekāhātānaḥ | tasyoktaṃ brāhmaṇam | asat su me jaritaḥ sābhivega iti vāsukraṃ pūrvaṃ śastvā mahāṃ indro nṛvad ā carṣaṇiprā ityetasmiṃstraiṣṭubhe nividaṃ dadhāti | tad yad vāsukraṃ pūrvaṃ śaṃsati | indra u vai vasukraḥ | atha yad mahāṃ indro nṛvad ā carṣaṇiprā iti mahadvat | mahadvad dhyetad ahaḥ ||
1_veda/3_ara/sankharu.txt	6	ā			ā tvā rathaṃ yathotaya iti marutvatīyasya pratipat | idaṃ vaso sutam andha ityanucaraḥ | eṣa eva nitya ekāhātānaḥ | tasyoktaṃ brāhmaṇam | asat su me jaritaḥ sābhivega iti vāsukraṃ pūrvaṃ śastvā mahāṃ indro nṛvad ā carṣaṇiprā ityetasmiṃstraiṣṭubhe nividaṃ dadhāti | tad yad vāsukraṃ pūrvaṃ śaṃsati | indra u vai vasukraḥ | atha yad mahāṃ indro nṛvad ā carṣaṇiprā iti mahadvat | mahadvad dhyetad ahaḥ ||
1_veda/3_ara/sankharu.txt	6	ā			ā tvā rathaṃ yathotaya iti marutvatīyasya pratipat | idaṃ vaso sutam andha ityanucaraḥ | eṣa eva nitya ekāhātānaḥ | tasyoktaṃ brāhmaṇam | asat su me jaritaḥ sābhivega iti vāsukraṃ pūrvaṃ śastvā mahāṃ indro nṛvad ā carṣaṇiprā ityetasmiṃstraiṣṭubhe nividaṃ dadhāti | tad yad vāsukraṃ pūrvaṃ śaṃsati | indra u vai vasukraḥ | atha yad mahāṃ indro nṛvad ā carṣaṇiprā iti mahadvat | mahadvad dhyetad ahaḥ ||
1_veda/3_ara/sankharu.txt	44	ā			yā indra bhuja ābhara ityetayā bārhatīm aśītiṃ pratipadyate stotāram in maghavann asya vardhayeti mahadvatyā vṛdhavatyā | mahadvad vṛdhavat | mahadvat | mahadvad dhyetad ahaḥ | ayaṃ te astu haryata ā mandrair indra haribhiḥ sūkte | tad yad ete antataḥ śaṃsati saṃsiddhābhir bṛhatībhir auṣṇihīm aśītiṃ samārohāṇīti ||
1_veda/3_ara/sankharu.txt	180	ā		tathau evaivaṃ vidvān sarvān pāpmano 'pahaty sarveṣāṃ ca bhūtānām śraiṣṭhyaṃ svārājya ādhipatyaṃ paryeti | ya evaṃ veda ya evaṃ veda ||	athāsmin prāṇa ekaikadhā bhavati | tad enaṃ vāk sarvair nāmabhiḥ sahāpyeti | cakṣuḥ sarvai rūpaiḥ sahāpyeti | śrotraṃ sarvaiḥ śabdaiḥ sahāpyeti | manaḥ sarvair dhyātaiḥ sahāpyeti | sa yada pratibudhyate | yathāgner jvalataḥ sarvā diśo visphuliṅgā vipratiṣṭheran evam evaitasmād ātmanaḥ prāṇā yathāyatanaṃ vipratiṣṭhante prāṇebhyo devāḥ devebhyo lokāḥ | sa eṣa prāṇa eva prajñātmedaṃ śarīram anupraviṣṭa ā lomabhya ā nakhebhyaḥ | tad yathā kṣuraḥ kṣuradhāne vopahito viśvaṃbharo vā viśvaṃbarakulāya evam evaiṣa prajñātmedaṃ śarīram ātmānam anupraviṣṭa ā lomabhya ā nakhebhyaḥ | tam etam ātmānam eta ātmāno 'nvavasyante yathā śreṣṭhinaṃ svāḥ | tad yatha śreṣṭhī svair bhuṅkte yathā vā svāḥ śreṣṭhinaṃ bhuñjanti | evam evaiṣa prajñātmaitair ātmabhir bhuṅkte | evam evaita ātmāna etam ātmānaṃ bhuñjanti | sa yāvad dha vā indra etam ātmānaṃ na vijajñe tāvad enam asurā abhibabhūvuḥ | sa yadā vijajñe 'tha hatvāsurān vijitya sarveṣāṃ ca devānāṃ śraiṣṭhyaṃ svārājyam ādhipatyaṃ paryait |
1_veda/3_ara/sankharu.txt	180	ā		tathau evaivaṃ vidvān sarvān pāpmano 'pahaty sarveṣāṃ ca bhūtānām śraiṣṭhyaṃ svārājya ādhipatyaṃ paryeti | ya evaṃ veda ya evaṃ veda ||	athāsmin prāṇa ekaikadhā bhavati | tad enaṃ vāk sarvair nāmabhiḥ sahāpyeti | cakṣuḥ sarvai rūpaiḥ sahāpyeti | śrotraṃ sarvaiḥ śabdaiḥ sahāpyeti | manaḥ sarvair dhyātaiḥ sahāpyeti | sa yada pratibudhyate | yathāgner jvalataḥ sarvā diśo visphuliṅgā vipratiṣṭheran evam evaitasmād ātmanaḥ prāṇā yathāyatanaṃ vipratiṣṭhante prāṇebhyo devāḥ devebhyo lokāḥ | sa eṣa prāṇa eva prajñātmedaṃ śarīram anupraviṣṭa ā lomabhya ā nakhebhyaḥ | tad yathā kṣuraḥ kṣuradhāne vopahito viśvaṃbharo vā viśvaṃbarakulāya evam evaiṣa prajñātmedaṃ śarīram ātmānam anupraviṣṭa ā lomabhya ā nakhebhyaḥ | tam etam ātmānam eta ātmāno 'nvavasyante yathā śreṣṭhinaṃ svāḥ | tad yatha śreṣṭhī svair bhuṅkte yathā vā svāḥ śreṣṭhinaṃ bhuñjanti | evam evaiṣa prajñātmaitair ātmabhir bhuṅkte | evam evaita ātmāna etam ātmānaṃ bhuñjanti | sa yāvad dha vā indra etam ātmānaṃ na vijajñe tāvad enam asurā abhibabhūvuḥ | sa yadā vijajñe 'tha hatvāsurān vijitya sarveṣāṃ ca devānāṃ śraiṣṭhyaṃ svārājyam ādhipatyaṃ paryait |
1_veda/3_ara/sankharu.txt	180	ā		tathau evaivaṃ vidvān sarvān pāpmano 'pahaty sarveṣāṃ ca bhūtānām śraiṣṭhyaṃ svārājya ādhipatyaṃ paryeti | ya evaṃ veda ya evaṃ veda ||	athāsmin prāṇa ekaikadhā bhavati | tad enaṃ vāk sarvair nāmabhiḥ sahāpyeti | cakṣuḥ sarvai rūpaiḥ sahāpyeti | śrotraṃ sarvaiḥ śabdaiḥ sahāpyeti | manaḥ sarvair dhyātaiḥ sahāpyeti | sa yada pratibudhyate | yathāgner jvalataḥ sarvā diśo visphuliṅgā vipratiṣṭheran evam evaitasmād ātmanaḥ prāṇā yathāyatanaṃ vipratiṣṭhante prāṇebhyo devāḥ devebhyo lokāḥ | sa eṣa prāṇa eva prajñātmedaṃ śarīram anupraviṣṭa ā lomabhya ā nakhebhyaḥ | tad yathā kṣuraḥ kṣuradhāne vopahito viśvaṃbharo vā viśvaṃbarakulāya evam evaiṣa prajñātmedaṃ śarīram ātmānam anupraviṣṭa ā lomabhya ā nakhebhyaḥ | tam etam ātmānam eta ātmāno 'nvavasyante yathā śreṣṭhinaṃ svāḥ | tad yatha śreṣṭhī svair bhuṅkte yathā vā svāḥ śreṣṭhinaṃ bhuñjanti | evam evaiṣa prajñātmaitair ātmabhir bhuṅkte | evam evaita ātmāna etam ātmānaṃ bhuñjanti | sa yāvad dha vā indra etam ātmānaṃ na vijajñe tāvad enam asurā abhibabhūvuḥ | sa yadā vijajñe 'tha hatvāsurān vijitya sarveṣāṃ ca devānāṃ śraiṣṭhyaṃ svārājyam ādhipatyaṃ paryait |
1_veda/3_ara/sankharu.txt	180	ā		tathau evaivaṃ vidvān sarvān pāpmano 'pahaty sarveṣāṃ ca bhūtānām śraiṣṭhyaṃ svārājya ādhipatyaṃ paryeti | ya evaṃ veda ya evaṃ veda ||	athāsmin prāṇa ekaikadhā bhavati | tad enaṃ vāk sarvair nāmabhiḥ sahāpyeti | cakṣuḥ sarvai rūpaiḥ sahāpyeti | śrotraṃ sarvaiḥ śabdaiḥ sahāpyeti | manaḥ sarvair dhyātaiḥ sahāpyeti | sa yada pratibudhyate | yathāgner jvalataḥ sarvā diśo visphuliṅgā vipratiṣṭheran evam evaitasmād ātmanaḥ prāṇā yathāyatanaṃ vipratiṣṭhante prāṇebhyo devāḥ devebhyo lokāḥ | sa eṣa prāṇa eva prajñātmedaṃ śarīram anupraviṣṭa ā lomabhya ā nakhebhyaḥ | tad yathā kṣuraḥ kṣuradhāne vopahito viśvaṃbharo vā viśvaṃbarakulāya evam evaiṣa prajñātmedaṃ śarīram ātmānam anupraviṣṭa ā lomabhya ā nakhebhyaḥ | tam etam ātmānam eta ātmāno 'nvavasyante yathā śreṣṭhinaṃ svāḥ | tad yatha śreṣṭhī svair bhuṅkte yathā vā svāḥ śreṣṭhinaṃ bhuñjanti | evam evaiṣa prajñātmaitair ātmabhir bhuṅkte | evam evaita ātmāna etam ātmānaṃ bhuñjanti | sa yāvad dha vā indra etam ātmānaṃ na vijajñe tāvad enam asurā abhibabhūvuḥ | sa yadā vijajñe 'tha hatvāsurān vijitya sarveṣāṃ ca devānāṃ śraiṣṭhyaṃ svārājyam ādhipatyaṃ paryait |
1_veda/3_ara/sankharu.txt	212	ā			atha ha smāsya putra āha madhyamaḥ prātiyodhīputro magadhavāsī pūrvam evākṣaraṃ pūrvarūpam uttaram uttararūpam | tad yāsau mātrā saṃdhivijñāpanī sāma tad bhavati sāmaihāvaṃ saṃhitāṃ manya iti | tad etad ṛcābhyuditam | mā naḥ stenebhyo ye abhi druhas pade nirāmiṇo ripavo 'nneṣu jāgṛdhuḥ | ā devānām ohate vi vrayo hṛdi bṛhaspate na paraḥ sāmno viduḥ || iti | sa ya evam etāṃ saṃhitāṃ veda saṃdhīyate prajayā paśubhir yaśasā brahmavarcasena svargeṇa lokena sarvam āyur eti ||
1_veda/3_ara/sankharu.txt	318	ā			aśvinā sāragheṇa mā sam aṅktāṃ madhunā payaḥ | yathā madhumatīṃ vācam āvadāni janeṣu || ghṛtād ullupto madhumān payasvān dhanaṃjayo dharuṇo dhārayiṣṇuḥ | rujan sapatnān adharāṃś ca kṛṇvan ā roha māṃ mahate saubhagāya || prajāpate na tvad etāny anyo viśvā jatāni pari tā babhūva | yatkāmās te juhumas tan no astu vayaṃ syāma patayo rayīṇām || ayaṃ sano nudatāṃ me sapatnān indra iva vṛtraṃ pṛtanāsu sāḍhā | agnir iva kakṣaṃ vibhṛtaḥ purutrā vāteṣu nas tigmajambho 'nu mārṣṭi || ayaṃ sano yo 'nuvādī kīla iva vṛtraṃ vi puro ruroja | anenendro vi mṛdho vihatyā śatrūyatām ābharā bhojanāni ||
1_veda/3_ara/sankharu.txt	322	ā			bhadraṃ paśyanta upa sedur āgan tato dīkṣām ṛṣayaḥ svarvidaḥ | tataḥ kṣatraṃ balam ojaś ca jātaṃ tad asmai devā abhi saṃ namantām || dhātā vidhātā paramota saṃdṛk prajāpatiḥ parameṣṭhī suvarccāḥ | stomāṃś chandāṃsi nivido ma āhur etasmai rāṣṭram abhi saṃ namantām || abhy ā vartadhvam upa sevatāgnim ayaṃ śāstādhipatir no astu | asya vijñānam anu saṃ rabhadhvam imaṃ paścād anu jīvātha sarve || alardo nāma jāto 'si purā sūryāt puroṣasaḥ | taṃ tvā sapatnakṣayaṇaṃ vedātha viṣṭambhajambhanam || nārdhe pramīyeta tared dviṣantaṃ kalpeta vākyaṃ pṛtanāḥ saheta | pramāyukaṃ tasya dviṣantam āhur irāmaṇiṃ bailvaṃ yo bibhartti ||
1_veda/3_ara/sankharu.txt	330	ā			sahendra dviṣataḥ sahasvārātīḥ sahasva pṛtanāyataḥ | nāga iva pūrvapādābhyām abhi tiṣṭha pṛtanyataḥ || āgād ayaṃ bailvo maṇiḥ sapatnakṣapaṇo vṛṣā | taṃ paśyanti kavayaḥ sarvavīrā yathā sapatnān samare saheyuḥ || anṛtaṃ me maṇau sūtram aśvināv api nahyatām | bailvaḥ sahasravīryo 'si mā te bhartā riṣam aham || ghṛtād ullupto madhumān payasvān dhanaṃjayo dharuṇo dhārayiṣṇuḥ | rujan sapatnān adharāṃś ca kṛṇvan ā roha māṃ mahate saubhagāya || prajāpate na tvad etāny anyo viśvā jatāni pari tā babhūva | yatkāmas te juhumas tan no astu vayaṃ syāma patayo rayīṇām || śāsa itthā mahāṃ asīti pañca ||
1_veda/4_upa/brup___u.txt	521	ā			evam eva yad idaṃ kiñca mithunam ā pipīlikābhyas tat sarvam asṛjata ||
1_veda/4_upa/brup___u.txt	561	ā			sa eṣa iha praviṣṭa ā nakhāgrebhyo yathā kṣuraḥ kṣuradhāne 'vahitaḥ syād viśvambharo vā viśvambharakulāye |
1_veda/4_upa/brup___u.txt	713	ā			yad asya gṛheṣu śvāpadā vayāṃsy ā pipīlikābhya upajīvanti tena teṣāṃ lokaḥ |
1_veda/4_upa/brup___u.txt	4637	ā			yad idaṃ kiñcā śvabhya ā kṛmibhya ā kīṭapataṅgebhyas tat te 'nnam |
1_veda/4_upa/brup___u.txt	4637	ā			yad idaṃ kiñcā śvabhya ā kṛmibhya ā kīṭapataṅgebhyas tat te 'nnam |
1_veda/4_upa/brup___u.txt	5235	ā			ā siñcatu prajāpatir dhātā garbhaṃ dadhātu te |
1_veda/4_upa/brup___u.txt	5407	ā			samānam ā sāñjīvīputrāt |
1_veda/4_upa/chup___u.txt	381	ā			atha ya eṣo 'ntarāditye hiraṇmayaḥ puruṣo dṛśyate hiraṇyaśmaśrur hiraṇyakeśa ā praṇakhāt sarva eva suvarnaḥ ||
1_veda/4_upa/chup___u.txt	795	ā			sa ya etad evaṃ vidvān sādhu sāmety upāste 'bhyāśo ha yad enaṃ sādhavo dharmā ā ca gaccheyur upa ca nameyuḥ ||
1_veda/4_upa/chup___u.txt	1439	ā			paśyema tvā vayaṃ rā hu m ā jyā yo ā iti ||
1_veda/4_upa/chup___u.txt	1439	ā			paśyema tvā vayaṃ rā hu m ā jyā yo ā iti ||
1_veda/4_upa/chup___u.txt	1461	ā			paśyema tvā vayaṃ vairā hu m ā jyā yo ā iti ||
1_veda/4_upa/chup___u.txt	1461	ā			paśyema tvā vayaṃ vairā hu m ā jyā yo ā iti ||
1_veda/4_upa/chup___u.txt	1485	ā			paśyema tvā vayaṃ sāmrā hūm ā jyā yo ā iti ||
1_veda/4_upa/chup___u.txt	1485	ā			paśyema tvā vayaṃ sāmrā hūm ā jyā yo ā iti ||
1_veda/4_upa/chup___u.txt	2095	ā			abhyāśo ha yad enaṃ sādhavo ghoṣā ā ca gaccheyur upa ca nimreḍeran nimreḍeran ||
1_veda/4_upa/chup___u.txt	2799	ā			yat kiṃcid idam ā śvabhya ā śakunibhya iti hocuḥ |
1_veda/4_upa/chup___u.txt	2799	ā			yat kiṃcid idam ā śvabhya ā śakunibhya iti hocuḥ |
1_veda/4_upa/chup___u.txt	4777	ā			tau hocatuḥ sarvam evedam āvāṃ bhagava ātmānaṃ paśyāva ā lomabhyaḥ ā nakhebhyaḥ pratirūpam iti ||
1_veda/4_upa/chup___u.txt	4777	ā			tau hocatuḥ sarvam evedam āvāṃ bhagava ātmānaṃ paśyāva ā lomabhyaḥ ā nakhebhyaḥ pratirūpam iti ||
1_veda/4_upa/svetu_pu.txt	89	ā			śṛṇvanti viśve amṛtasya putrā ā ye dhāmāni diviyāni tasthuḥ ||
1_veda/5_vedang/1_srauta/asvss_u.txt	67	ā			atha sāmidhenyaḥ pra vo vājā abhidyavo agna ā yāhi vītaye gṛṇān īḍenyo namasyas tiro agnim dūtam vṛṇīmahe samidhyamāno adhvare samiddho agna āhuta iti dve |
1_veda/5_vedang/1_srauta/asvss_u.txt	257	ā			ā ato mandreṇa |
1_veda/5_vedang/1_srauta/asvss_u.txt	261	ā			madhyamena havīṃṣy ā sviṣṭakṛtaḥ |
1_veda/5_vedang/1_srauta/asvss_u.txt	277	ā			vṛdhanvantāv amāvāsyāyām | agniḥ pratnena manmanā soma gīrbhiṣ ṭvā vayam iti | ā ato vāg yamanam |
1_veda/5_vedang/1_srauta/asvss_u.txt	289	ā			indra agnī avasā gatam gīrbhir vipraḥ pramitim icchamāna ā indra sānasim rayim pra sasāhiṣe puru hūta śatrūn mahān indro yo ojasā bhuvas tvam indra brahmaṇā mahān iti |
1_veda/5_vedang/1_srauta/asvss_u.txt	455	ā			ata ūrdhvam vāg yata āsta ā haviṣkṛta udvādanāt |
1_veda/5_vedang/1_srauta/asvss_u.txt	459	ā			some gharma ādi ca atipraiṣa ādi ca ā subrahmaṇyāyāḥ |
1_veda/5_vedang/1_srauta/asvss_u.txt	461	ā			prātar anuvāka ādy ā antaryāmāt |
1_veda/5_vedang/1_srauta/asvss_u.txt	463	ā			harivato anusavanam ā iḍāyāḥ |
1_veda/5_vedang/1_srauta/asvss_u.txt	465	ā			stotreṣv atisarjana ādy ā vaṣaṭ kārāt |
1_veda/5_vedang/1_srauta/asvss_u.txt	467	ā			ā udṛcaḥ pavamāneṣu |
1_veda/5_vedang/1_srauta/asvss_u.txt	495	ā			atha enam anuprahared ā aham yajñam dadhe nirṛter upasthāt tam deveṣu paridadāmi vidvān | suprajās tvam śatam hi mām adanta iha no devā mayi śarma yacchata iti |
1_veda/5_vedang/1_srauta/asvss_u.txt	607	ā			ata ūrdhvam āhita agnir vrata caryā ā homāt |
1_veda/5_vedang/1_srauta/asvss_u.txt	739	ā			āhavanīyam śaṃsya paśūn me pāhi iti | gārhapatyam naya prajām me pāhi iti | dakṣiṇam atharva pitum me pāhi iti | gārhapatya āhavanīyāv īkṣeta imān me mitrā varuṇau gṛhān gopāyatam yuvam avinaṣṭān avihṛtān pūṣā enān abhirakṣatv asmākam punar ā ayanād iti |
1_veda/5_vedang/1_srauta/asvss_u.txt	741	ā			yathā pratyetya pradakṣiṇam paryann āhavanīyam upatiṣṭhate | mama nāma prathamam jāta vedaḥ pitā mātā ca dadhatur yad agne | tattvam bibhṛhi punar ā mama etos tava aham nāma bibharāṇy agra iti |
1_veda/5_vedang/1_srauta/asvss_u.txt	761	ā			agne purīṣya abhidyumnam abhisaha āyacchasva svāhā iti | gārhapatya āhavanīyāv īkṣeta imān me mitrā varuṇau gṛhān ajūgupatam yuvam | avinaṣṭān avihṛtān pūṣā enān abhyārakṣīd asmākam punar ā ayanād iti |
1_veda/5_vedang/1_srauta/asvss_u.txt	811	ā			api jīva anta ā tribhyaḥ pretebhya eva nipṛṇīyād iti gautamaḥ kriyā hy artha kāritā |
1_veda/5_vedang/1_srauta/asvss_u.txt	871	ā			agnā viṣṇū sajoṣase mā vardhantu vā aṅgiraḥ | dyumnair vājebhir āgatam | agnā viṣṇū mahi dhāma priyam vām vītho ghṛtasya guhyā juṣāṇā | dame dame suṣṭutir vām iyānā prati vām jihvā ghṛtam uccaraṇyat | pāvakānaḥ sarasvatī pāvīravī kanyā citrāyuḥ pīpivāṃsam sarasvato divyam suparṇam vāyasam bṛhantam āsavam savitur yathā sa no rādhāṃsy ā bhara iti |
1_veda/5_vedang/1_srauta/asvss_u.txt	923	ā			ā ghā ye agnim indhate sukarmāṇaḥ suruco devayanto viśve devāsa āgata ye ke ca jmā mahino ahimāyā mahī dyauḥ pṛthivī ca naḥ prapūrvaje pitarā navyasībhir iti |
1_veda/5_vedang/1_srauta/asvss_u.txt	929	ā			ā no agne sucetunā tvam soma mahe bhagam ity agnir āyuṣmān indras trātā |
1_veda/5_vedang/1_srauta/asvss_u.txt	1007	ā			ā na indrā bṛhaspatī asmai indrā bṛhaspatī iti yady api indrāya codayeyuḥ |
1_veda/5_vedang/1_srauta/asvss_u.txt	1021	ā			yat te pavitram arciṣy ā kalaśeṣu dhāvati iti |
1_veda/5_vedang/1_srauta/asvss_u.txt	1027	ā			uta naḥ priya apriyāsv imā juhvānā yuṣmad ā namobhiḥ |
1_veda/5_vedang/1_srauta/asvss_u.txt	1079	ā			ā no mitrā varuṇā yad baṃhiṣṭham nātividhe sudānū iti prājāpatya iḍād adhaḥ |
1_veda/5_vedang/1_srauta/asvss_u.txt	1083	ā			paurṇamāsena amāvāsyād ā amāvāsyena ā apurṇamāsāt |
1_veda/5_vedang/1_srauta/asvss_u.txt	1083	ā			paurṇamāsena amāvāsyād ā amāvāsyena ā apurṇamāsāt |
1_veda/5_vedang/1_srauta/asvss_u.txt	1119	ā			imam ā śṛṇudhī havam yam tvā gīrbhir havāmahe | ā idam barhir niṣīda naḥ | stīrṇam barhir ānuṣag āsad etad upa iḍānā iha no adya gaccha | aheḍatā manasā idam juṣasva vīhi havyam prayatam āhutam ma iti naṃre |
1_veda/5_vedang/1_srauta/asvss_u.txt	1119	ā			imam ā śṛṇudhī havam yam tvā gīrbhir havāmahe | ā idam barhir niṣīda naḥ | stīrṇam barhir ānuṣag āsad etad upa iḍānā iha no adya gaccha | aheḍatā manasā idam juṣasva vīhi havyam prayatam āhutam ma iti naṃre |
1_veda/5_vedang/1_srauta/asvss_u.txt	1159	ā			abhi tvā deva savitar mahī dyauḥ pṛthivī ca nas tvām agne puṣkarād adhi iti tisṝṇām ardharcam śiṣṭvā āramed ā sampraiṣāt |
1_veda/5_vedang/1_srauta/asvss_u.txt	1177	ā			ā viśva devam satpatim vāmam adya savitar vāmam u śvaḥ pūṣan tava vrate vayam śukram te anyad yajatam te anyad iheha vaḥ sva tavasaḥ pra citram arkam gṛṇate turāya iti |
1_veda/5_vedang/1_srauta/asvss_u.txt	1239	ā			indra agnī avasā gatam śnathad vṛtram uta sanoti vājam maruto ysya hi kṣaye arā ived caramā aheva imam me varuṇa śrudhi tat tvā yāmi brahmaṇā vandamānaḥ kayā naś citra ā bhuvad hiraṇya garbhaḥ samavartana agna iti pratiprasthātā vājine tṛtīyaḥ |
1_veda/5_vedang/1_srauta/asvss_u.txt	1283	ā			ā tū na indra vṛtrahann anu te dāyi maha indriyāya viśva karman haviṣā vāvṛdhāno yā te dhāmāni paramāṇi yāvamā iti |
1_veda/5_vedang/1_srauta/asvss_u.txt	1369	ā			ā vāyo bhūṣa śucipā upa naḥ prayābhir yāsi dāśvāṃsam accha sa tvam no deva manasā īśānāya prahutim yas ta ānaṭ śunāsīrāv imām vācam juṣethām śunam naḥ phālā vikṛṣantu bhūmim indra vayam śunā sīra me asmin pakṣe havāmahe |
1_veda/5_vedang/1_srauta/asvss_u.txt	1517	ā			tīrthena niṣkramya āsīta ā puroḍāśa śrapaṇāt |
1_veda/5_vedang/1_srauta/asvss_u.txt	1605	ā			viśve adya maruto viśva ūtyāno devānām upavetu śaṃsa ā no viśva āskrāgamantu devā viśve devāḥ śṛṇuta imam havam me ye ke ca jyā mahino ahimāyā agne yāhi dūtyam mā ariṣaṇyaḥ |
1_veda/5_vedang/1_srauta/asvss_u.txt	1611	ā			ā vṛtrahaṇā vṛtrahabhiḥ śuṣmair ābharatam śikṣatam varja bāhū ubhā vām indra agnī āhuvadhyai śucim nu stomam nava jātam adya gīrbhir vipraḥ pramatim icchamānaḥ pracakarṣaṇibhyaḥ pṛtanā haveṣu |
1_veda/5_vedang/1_srauta/asvss_u.txt	1617	ā			agnīṣomāv imam su me yuvam etāni divi rocanāni iti tṛcāv | āvām mitrā varuṇā havya juṣṭim āyātam mitrā varuṇā suśastyā ā no mitrā varuṇā havya juṣṭim yuva vastrāṇi pīvasā vasāthe pra bāhavā sisṛtam jīva seno yad banhiṣṭham na atividhe sudānū |
1_veda/5_vedang/1_srauta/asvss_u.txt	1619	ā			hiraṇya garbhaḥ samavartata agra iti ṣaṭ prājāpatyāś citram devānām udagād anīkam iti pañca śam no bhava cakṣasā śam no ahnā ā vāyo bhūṣa śucipā upa naḥ pra yābhir yāsi dāśvāṃsam acchā no niyuddbhiḥ śatinībhir adhvaram pīvo annān rayivṛdhaḥ sumedhā rāye anu yam jajñatū rodasī me pra vāyum acchā bṛhatī manīṣa |
1_veda/5_vedang/1_srauta/asvss_u.txt	1625	ā			viśva karman haviṣā vāvṛdhāna iti dve viśva karmā vimanā ā d vihāyāḥ kiṃsvid āsīd adhiṣṭhānam yo naḥ pitā janitā yo vidhātā yā te dhāmāni paramāṇi yavam |
1_veda/5_vedang/1_srauta/asvss_u.txt	1627	ā			ā ya ime dyāvā pṛthivī janitrī tan nas turīyam atha poṣayitnu devas tvaṣṭā savitā viśva rūpo deva tvaṣṭary yad dha cārutvam ānaṭ piśaṅga rūpaḥ subharo vayodhāḥ prathamabhājam yaśasam vayodhām |
1_veda/5_vedang/1_srauta/asvss_u.txt	1633	ā			mṛḍā no rudrota no mayas kṛdhi iti dve ā te pitar marutām sumnam etu pra babhrave vṛṣabhāya śvitī ca iti tisraḥ |
1_veda/5_vedang/1_srauta/asvss_u.txt	1635	ā			ā paścātān nāsatyā purastād ā gotamā nāsatyā rathena iti catasro hiraṇya tvan madhu varṇo ghṛtasnuḥ abhi kratvā indra bhūr adha jmas tvam mahān indra tubhyam rukṣāḥ satrāhaṇam dādhṛṣim tuṃram indram saha dānum puru hūta kṣiyantam stuta indro maghavā yad dha vṛtrā eva avasva indraḥ satyaḥ saṃrāḍ |
1_veda/5_vedang/1_srauta/asvss_u.txt	1635	ā			ā paścātān nāsatyā purastād ā gotamā nāsatyā rathena iti catasro hiraṇya tvan madhu varṇo ghṛtasnuḥ abhi kratvā indra bhūr adha jmas tvam mahān indra tubhyam rukṣāḥ satrāhaṇam dādhṛṣim tuṃram indram saha dānum puru hūta kṣiyantam stuta indro maghavā yad dha vṛtrā eva avasva indraḥ satyaḥ saṃrāḍ |
1_veda/5_vedang/1_srauta/asvss_u.txt	1699	ā			adhve pramītasya abhivānya vatsāyāḥ payasā agni hotram tūṣṇīm sarva hutam juhuyur ā samavāyāt |
1_veda/5_vedang/1_srauta/asvss_u.txt	1747	ā			etad dohana ādy ā prācīna haraṇāt |
1_veda/5_vedang/1_srauta/asvss_u.txt	1757	ā			etad ā homāt |
1_veda/5_vedang/1_srauta/asvss_u.txt	1761	ā			anaśanam ā anyasmād homa kālāt |
1_veda/5_vedang/1_srauta/asvss_u.txt	1827	ā			āyāhi tapasā janeṣv agne pāvako arciṣā | upa imām suṣṭutim mama | ā no yāhi tapasā janeṣv agne pāvaka dodyat | havyā deveṣu no dadhad iti | praṇīte anugate prāgg homāad iṣṭiḥ |
1_veda/5_vedang/1_srauta/asvss_u.txt	2003	ā			eka aha prabhṛty ā saṃvatsarāt | saṃvatsaram tv eva savrate |
1_veda/5_vedang/1_srauta/asvss_u.txt	2015	ā			pathyā svastir aṅgiḥ somaḥ savitā aditiḥ svasti naḥ pathyāsu dhanvasv iti dve agne naya supathā rāye asmān ā devānām api panthām aganma tvam soma pracikito manīṣā |
1_veda/5_vedang/1_srauta/asvss_u.txt	2017	ā			yā te dhāmāni divi yā pṛthivyām ā viśva devam satpatim ya imā viśvā jātāni sutrāmāṇam pṛthivīm dyām anehasam mahīm ū ṣu mātaram suvratānām sa id agnir agnīṃr ity astv anyān iti dve samyājye | śaṃv antā iyam |
1_veda/5_vedang/1_srauta/asvss_u.txt	2027	ā			apa janyam bhayam nuda ity asyandayan pārṇṣīm prapadena dakṣiṇā pāsūṃs trir udupya anubrūyād bhadrād abhiśreyaḥ prehi bṛhaspatiḥ purā etā te astu | atha īm avasya vara ā pṛthivyā ā re śatrūn kṛṇuhi sarva vīra iti tiṣṭhan |
1_veda/5_vedang/1_srauta/asvss_u.txt	2027	ā			apa janyam bhayam nuda ity asyandayan pārṇṣīm prapadena dakṣiṇā pāsūṃs trir udupya anubrūyād bhadrād abhiśreyaḥ prehi bṛhaspatiḥ purā etā te astu | atha īm avasya vara ā pṛthivyā ā re śatrūn kṛṇuhi sarva vīra iti tiṣṭhan |
1_veda/5_vedang/1_srauta/asvss_u.txt	2051	ā			aṃśur aṃśuṣ ṭe deva soma āpyāyatām indrāya eka dhanavida ā tubhyam indraḥ pyāyatām ā tvam indrāya pyāyasva āpyāyaya asmān sakhīn sanyā medhayā svasti te deva soma sutyām udṛcam aśīya iti |
1_veda/5_vedang/1_srauta/asvss_u.txt	2051	ā			aṃśur aṃśuṣ ṭe deva soma āpyāyatām indrāya eka dhanavida ā tubhyam indraḥ pyāyatām ā tvam indrāya pyāyasva āpyāyaya asmān sakhīn sanyā medhayā svasti te deva soma sutyām udṛcam aśīya iti |
1_veda/5_vedang/1_srauta/asvss_u.txt	2059	ā			brahma jajñānam prathamam prastād visīmataḥ suruco vena ā vaḥ | sabudhnyā upa mā asya viṣṭhāḥ sataś ca yonim asataś ca vivaḥ | iyam pitre rāṣṭryā ity agre prathamāya januṣe bhūmaneṣṭhāḥ |
1_veda/5_vedang/1_srauta/asvss_u.txt	2091	ā			tad u pratyakṣatamam asya karma ātmanvan nabho duhyate ghṛtam paya uttiṣṭha brahmaṇaspata ity etām uktvā avatiṣṭhate dugdhāyām adhukṣat pipyuṣīm iṣam ity āhriyamāṇa upadrava payasā godhug oṣam ā gharme siñca paya usriyāyāḥ |
1_veda/5_vedang/1_srauta/asvss_u.txt	2093	ā			vi nākam akhyat savitā vareṇyo nu dyāvā pṛthivī supraṇītir ity āsicyamāna ā nūnam aśvinor ṛṣir iti gavya ā sute siñcata śriyam ity āja āsiktayoḥ samutye mahatīr apa iti |
1_veda/5_vedang/1_srauta/asvss_u.txt	2093	ā			vi nākam akhyat savitā vareṇyo nu dyāvā pṛthivī supraṇītir ity āsicyamāna ā nūnam aśvinor ṛṣir iti gavya ā sute siñcata śriyam ity āja āsiktayoḥ samutye mahatīr apa iti |
1_veda/5_vedang/1_srauta/asvss_u.txt	2169	ā			brahmā apratiratham japitvā dakṣiṇato agner bahir vedy āsta ā audumbarya abhihavanāt |
1_veda/5_vedang/1_srauta/asvss_u.txt	2195	ā			prapadyamānam rājānam anuprapadyeta | antaś ca prāg ā aditir bhavāsi śyeno na yonim sadanam dhiyā kṛtam astabhnād dyām asuro viśva vedā iti paridadhyād uttarayā vā kṣema ācāre |
1_veda/5_vedang/1_srauta/asvss_u.txt	2209	ā			prātaś ca ā vapā homāt |
1_veda/5_vedang/1_srauta/asvss_u.txt	2215	ā			uttara vedyām ā daṇḍa pradānāt |
1_veda/5_vedang/1_srauta/asvss_u.txt	2223	ā			tvam agne bṛhadvayo havyavāḍ agnir ajaraḥ pitā nas tvam ca soma no vaśo brahmā devānām padavīḥ kavīnām ā viśva devam satpatim na pramiye sativur daivyasya tad |
1_veda/5_vedang/1_srauta/asvss_u.txt	2295	ā			ūrdhva ū ṣu ṇaḥ sasasya yad viyuta iti pañca bhadram te agna iti sūkte somasya mā tavasam pratyagnir uṣasa iti trīṇy ā hotā iti daśānām tṛtīyā aṣṭame uddhared |
1_veda/5_vedang/1_srauta/asvss_u.txt	2319	ā			idam śreṣṭham pṛthū ratha iti sūkte pratyarcir ity aṣṭau dyuta dyāmānam uṣo vājena idam u tyad ud u śriya iti sūkte vyuṣā ā vo divijā iti ṣaḍ iti traiṣṭubham |
1_veda/5_vedang/1_srauta/asvss_u.txt	2327	ā			dūrād iha eva iti tisra uttamā uddhared vāhiṣṭho vām havānām iti catasra udīrāthām ā me havam iti gāyatra |
1_veda/5_vedang/1_srauta/asvss_u.txt	2335	ā			imā u vām ayam vāam o tyam ahva ā ratahm iti sapta dyumnī vām yatstha iti bārhatam | aśvināvāvartir asmad āśvināv eha gacchatām iti tṛcau |
1_veda/5_vedang/1_srauta/asvss_u.txt	2353	ā			īḍe dyāvīyam āvartayed ā tamaso apaghātāt |
1_veda/5_vedang/1_srauta/asvss_u.txt	2361	ā			tāsām nigada ādi śanaistarām tābhyaś ca ā prasarpaṇāt |
1_veda/5_vedang/1_srauta/asvss_u.txt	2407	ā			drapsaś caskanda iti dvābhyām vipruṭṭ homau hutvā adhvaryu mukhāḥ samanvārabdhāḥ sarpanty ā tīrtha deśāt |
1_veda/5_vedang/1_srauta/asvss_u.txt	2433	ā			parivyayaṇād yuktam agnīṣomīyeṇa ā cātvāla māarjanād daṇḍa pradāna varjam |
1_veda/5_vedang/1_srauta/asvss_u.txt	2501	ā			vāyava indra vāyubhyām | vāyav ā yāhi darśata indra vāyū ime sutā ity anuvākye anavānam pṛthak praṇave |
1_veda/5_vedang/1_srauta/asvss_u.txt	2537	ā			pibā somam abhi yam ugra tarda iti tisro arvān ehi soma kāmam tvāhus tava ayam somas tvam ehy arvān indrāya somāḥ pra divo vidānā ā pūrṇo asya kalaśaḥ svāhā iti mādhyaṃdinyaḥ |
1_veda/5_vedang/1_srauta/asvss_u.txt	2539	ā			indra ṛbhubhir vājavadbhiḥ samukṣitam indrā varuṇā sutapāv imam sutam indraś ca somam pibatam bṛhaspata ā vo vahantu sapta yo raghuṣyado me vanaḥ suhavā ā hi gantana indrā viṣṇū pibatam madhvo asya imam stomam arhate jāta vedasa iti tārtīya savanikyaḥ | somasya agne vīhi ity anuvaṣaṭkāraḥ |
1_veda/5_vedang/1_srauta/asvss_u.txt	2539	ā			indra ṛbhubhir vājavadbhiḥ samukṣitam indrā varuṇā sutapāv imam sutam indraś ca somam pibatam bṛhaspata ā vo vahantu sapta yo raghuṣyado me vanaḥ suhavā ā hi gantana indrā viṣṇū pibatam madhvo asya imam stomam arhate jāta vedasa iti tārtīya savanikyaḥ | somasya agne vīhi ity anuvaṣaṭkāraḥ |
1_veda/5_vedang/1_srauta/asvss_u.txt	2767	ā			ā no maitrāvaruṇā ā no gantam riśādasā pra vo mitrāya pramitrayor varuṇayor iti nava āyātam mitrā varuṇā iti yājyā | ā yāhi suṣāmā hi ta iti ṣaṭ stotriya anurūpāv anantarāḥ sapta indra tvā vṛṣabham ud ghed abhi iti tisra indra kratuvidam sutam iti yājyā | indra agnī ā gatam sutam indra agnī apasas pari tośā vṛtrahaṇā huva iti tisra iha indra agnī upa iyam vām asya manmana iti nava indra agnī ā gatam sutam iti yājyā |
1_veda/5_vedang/1_srauta/asvss_u.txt	2767	ā			ā no maitrāvaruṇā ā no gantam riśādasā pra vo mitrāya pramitrayor varuṇayor iti nava āyātam mitrā varuṇā iti yājyā | ā yāhi suṣāmā hi ta iti ṣaṭ stotriya anurūpāv anantarāḥ sapta indra tvā vṛṣabham ud ghed abhi iti tisra indra kratuvidam sutam iti yājyā | indra agnī ā gatam sutam indra agnī apasas pari tośā vṛtrahaṇā huva iti tisra iha indra agnī upa iyam vām asya manmana iti nava indra agnī ā gatam sutam iti yājyā |
1_veda/5_vedang/1_srauta/asvss_u.txt	2767	ā			ā no maitrāvaruṇā ā no gantam riśādasā pra vo mitrāya pramitrayor varuṇayor iti nava āyātam mitrā varuṇā iti yājyā | ā yāhi suṣāmā hi ta iti ṣaṭ stotriya anurūpāv anantarāḥ sapta indra tvā vṛṣabham ud ghed abhi iti tisra indra kratuvidam sutam iti yājyā | indra agnī ā gatam sutam indra agnī apasas pari tośā vṛtrahaṇā huva iti tisra iha indra agnī upa iyam vām asya manmana iti nava indra agnī ā gatam sutam iti yājyā |
1_veda/5_vedang/1_srauta/asvss_u.txt	2767	ā			ā no maitrāvaruṇā ā no gantam riśādasā pra vo mitrāya pramitrayor varuṇayor iti nava āyātam mitrā varuṇā iti yājyā | ā yāhi suṣāmā hi ta iti ṣaṭ stotriya anurūpāv anantarāḥ sapta indra tvā vṛṣabham ud ghed abhi iti tisra indra kratuvidam sutam iti yājyā | indra agnī ā gatam sutam indra agnī apasas pari tośā vṛtrahaṇā huva iti tisra iha indra agnī upa iyam vām asya manmana iti nava indra agnī ā gatam sutam iti yājyā |
1_veda/5_vedang/1_srauta/asvss_u.txt	2767	ā			ā no maitrāvaruṇā ā no gantam riśādasā pra vo mitrāya pramitrayor varuṇayor iti nava āyātam mitrā varuṇā iti yājyā | ā yāhi suṣāmā hi ta iti ṣaṭ stotriya anurūpāv anantarāḥ sapta indra tvā vṛṣabham ud ghed abhi iti tisra indra kratuvidam sutam iti yājyā | indra agnī ā gatam sutam indra agnī apasas pari tośā vṛtrahaṇā huva iti tisra iha indra agnī upa iyam vām asya manmana iti nava indra agnī ā gatam sutam iti yājyā |
1_veda/5_vedang/1_srauta/asvss_u.txt	2797	ā			abhi tvā deva savitur yuñjate mana uta yuñjate dhiya ā tū na indra kṣumantam mā cid anyad viśaṃsata praite vadatv ity arbudam |
1_veda/5_vedang/1_srauta/asvss_u.txt	2799	ā			prāg uttamāyā ā va ṛñjase pra vo grāvāṇa iti |
1_veda/5_vedang/1_srauta/asvss_u.txt	2809	ā			āpyāyasva sametu ta iti tisro mṛjanti tvā daśa kṣipa etam u tyam daśa kṣipo mṛjyamānaḥ suhastyā daśabhir vivasvato duhanti sapta ekām adhukṣat pipyuṣīm iṣam ā kalaśeṣu dhāvati pavitre pariṣicyata ity ekā kalaśeṣu dhāvati śyeno varma vigāhata iti dve | etāsām arbudasya caturthīm uddhṛtya tṛca anteṣu tṛcān avadadhyāt |
1_veda/5_vedang/1_srauta/asvss_u.txt	2853	ā			puroḍāśa ādy uktam ā nārāśaṃsa sādanāt | na tv iha dvidevatyā etasmin kāle dakṣiṇā nīyante ahīna eka aheṣu |
1_veda/5_vedang/1_srauta/asvss_u.txt	2877	ā			ā tvā ratham yathā ūtaya idam vaso sutam andha iti marutvatīyasya pratipad anucarau |
1_veda/5_vedang/1_srauta/asvss_u.txt	2883	ā			tṛcāḥ pratipad anucarā dvṛcāḥ pragāthāḥ || ā ato ardharcam sarvam |
1_veda/5_vedang/1_srauta/asvss_u.txt	2889	ā			sarvāś caiva ā catuṣpadāḥ |
1_veda/5_vedang/1_srauta/asvss_u.txt	2977	ā			stuta ārbhave pavamāne vihṛtya aṅgārān manotā ādi paśv iḍā antam paśu karma kṛtvā puroḍāśa ādy uktam ā nārāśaṃsa sādanāt |
1_veda/5_vedang/1_srauta/asvss_u.txt	2989	ā			tat savitur vṛṇīmahe aghāno deva savitar iti vaiśvadevasya pratipad anucarāv | abhūd deva ekayā ca daśabhiś ca svabhūte dvābhyām iṣṭaye viṃśatyā ca | tisṛbhiś ca vahase triṃśatā ca niyudbhir vāyav iha tā vimuñca | pra dyāvā iti dairghatamasam surūpa kṛtnum ūtaye takṣan ratham ayam venaś codayat pṛśni garbhā yebhyo mātā madhumat pinvate paya evā pitre viśva devāya vṛṣṇa ā no bhadrāḥ kratavo yantu viśvata iti nava vaiśvadevam |
1_veda/5_vedang/1_srauta/asvss_u.txt	3005	ā			uktham vāci indrāya devebhya ā śrutyai tvā iti śastvā japet | viśve devāḥ śṛṇuta imam havam ma iti yājyā |
1_veda/5_vedang/1_srauta/asvss_u.txt	3037	ā			pāvīravī kanyā citrāyur imam yama prastaram ā hi sīda mātalī kavyair yamo aṅgirobhir udīratām avara utparāsa āham pitṝn suvidatrān avitsi idam pitṛbhyo namo astv adya svāduṣ kilāyam iti catasro |
1_veda/5_vedang/1_srauta/asvss_u.txt	3061	ā			ā tvā vahantu haraya iti tisro gāyatryaḥ |
1_veda/5_vedang/1_srauta/asvss_u.txt	3065	ā			yad indra pṛtanā ājye ayam te astu haryata ity auṣṇiha bārhatau tṛcau | ā dhūrṣv asmā iti dvipadā |
1_veda/5_vedang/1_srauta/asvss_u.txt	3083	ā			vihṛtasya indra juṣasva pravaha ā yāhi śūra harī iha | pibā sutasya matir namadhvaś cakānaś cārur madāya | indra jaṭharam navyam na pṛṇasva madhor divo na |
1_veda/5_vedang/1_srauta/asvss_u.txt	3151	ā			pāntam ā vo andhaso apād u śipry andhasas tyam u vaḥ satrāham iti sūkta śeṣo abiḥ tyam meṣam adhvaryavo bharata indrāya somam iti yājyā |
1_veda/5_vedang/1_srauta/asvss_u.txt	3161	ā			ā tū na indra kṣumantam ā pra drava parāvato na hy anyam baḍākaram ity aṣṭāv īṅkhayantīr aham dām pātā sutam indro astu somam hantā vṛtram iti yājyā |
1_veda/5_vedang/1_srauta/asvss_u.txt	3161	ā			ā tū na indra kṣumantam ā pra drava parāvato na hy anyam baḍākaram ity aṣṭāv īṅkhayantīr aham dām pātā sutam indro astu somam hantā vṛtram iti yājyā |
1_veda/5_vedang/1_srauta/asvss_u.txt	3163	ā			abhi tvā vṛṣabhā sute abhi pragopatim girā ā tū na indra madṛyag iti sūkte aśvāvati progrām pītim vṛṣṇa iyarmi satyām iti yājyā |
1_veda/5_vedang/1_srauta/asvss_u.txt	3165	ā			idam vaso sutam andha indrehi matsy andhasaḥ pra saṃrājam upakramasva ā bhara dhṛṣatā tad asmai navyam asya piba yasya jajñāna indra iti yājyā |
1_veda/5_vedang/1_srauta/asvss_u.txt	3169	ā			ā tv etā niṣīdata ā tv ā śatrav ā gahi nakir indra tvad uttara ity uttamām uddharet śrat te dadhāmi idam tyat pātram indra pānam iti yājyā |
1_veda/5_vedang/1_srauta/asvss_u.txt	3169	ā			ā tv etā niṣīdata ā tv ā śatrav ā gahi nakir indra tvad uttara ity uttamām uddharet śrat te dadhāmi idam tyat pātram indra pānam iti yājyā |
1_veda/5_vedang/1_srauta/asvss_u.txt	3169	ā			ā tv etā niṣīdata ā tv ā śatrav ā gahi nakir indra tvad uttara ity uttamām uddharet śrat te dadhāmi idam tyat pātram indra pānam iti yājyā |
1_veda/5_vedang/1_srauta/asvss_u.txt	3169	ā			ā tv etā niṣīdata ā tv ā śatrav ā gahi nakir indra tvad uttara ity uttamām uddharet śrat te dadhāmi idam tyat pātram indra pānam iti yājyā |
1_veda/5_vedang/1_srauta/asvss_u.txt	3173	ā			indraḥ suteṣu someṣu ya indra soma pātama ā ghā ye agnim indhata iti saptadaśa ya indra camaseṣv ā somaḥ pra vaḥ satām pro droṇe harayaḥ karmāgmann iti yājyā |
1_veda/5_vedang/1_srauta/asvss_u.txt	3173	ā			indraḥ suteṣu someṣu ya indra soma pātama ā ghā ye agnim indhata iti saptadaśa ya indra camaseṣv ā somaḥ pra vaḥ satām pro droṇe harayaḥ karmāgmann iti yājyā |
1_veda/5_vedang/1_srauta/asvss_u.txt	3217	ā			sūryo no diva ud u tyam jāta vedasam iti nava citram devānām namo mitrasya indra kratum na ā bhara | abhi tvā śūra nonumo bahavaḥ sūra cakṣasa iti pragāthā mahī dyauḥ pṛthivī ca nas te hi dyāvā pṛthivī viśva śambhuvā | viśvasya devī mṛcayasya janmano anayā roṣāti na grabhad iti dvipadā |
1_veda/5_vedang/1_srauta/asvss_u.txt	3229	ā			ime somāsas tiro ahnyāsas tīvrās tiṣṭhanti pītaye yuvābhyām | haviṣmatā nāsatyā rathena ā ātam upabhūṣatam pibadhyā ity anuvākyā |
1_veda/5_vedang/1_srauta/asvss_u.txt	3283	ā			tṛtīya savana uttara uttarām saṃsthām upeyur ā atirātrāt |
1_veda/5_vedang/1_srauta/asvss_u.txt	3365	ā			ā ayam gauḥ pṛśnir akramīd ity upāṃśu stuvate |
1_veda/5_vedang/1_srauta/asvss_u.txt	3419	ā			parāyāhi maghavann ā ca yāhi iti vā anuvākyā utttaravatsv ahahsu |
1_veda/5_vedang/1_srauta/asvss_u.txt	3491	ā			samānam ata ūrdhvam hṛdaya śūlena ā saṃsthā japāt |
1_veda/5_vedang/1_srauta/asvss_u.txt	3529	ā			smat purandhi na ā gāhi iti dve | ādyām tanoṣi raśmibhir āvahantī poṣyā varyāṇi na tā arvā reṇukakāṭo aśnute na tān aśanti na dabhāti taskaro baḍ itthā parvatānām dṛḍhā cid ā vanaspatīn |
1_veda/5_vedang/1_srauta/asvss_u.txt	3529	ā			smat purandhi na ā gāhi iti dve | ādyām tanoṣi raśmibhir āvahantī poṣyā varyāṇi na tā arvā reṇukakāṭo aśnute na tān aśanti na dabhāti taskaro baḍ itthā parvatānām dṛḍhā cid ā vanaspatīn |
1_veda/5_vedang/1_srauta/asvss_u.txt	3589	ā			ā no mitrā varuṇā mitram vayam havāmahe mitram huve pūta dakṣam ayam vām mitrā varuṇā purūruṇā cid dhy asti prati vām sūra udita iti ṣaḍaha stotriyā maitrāvaruṇasya |
1_veda/5_vedang/1_srauta/asvss_u.txt	3591	ā			ā | yāhi | suṣumā | hi | ta | indram | id | gāthino | bṛhad | indreṇa | sam | hi | dṛkṣasa | ād | aha | svadhām | anv | ity | ekā | dve | ca | indro | dadhīco | asthabhir | ut | tiṣṭhann | ojasā | saha | bhindhi | viśvā | apadviṣa | iti | brāhmaṇācchaṃsinaḥ || soma | saḍaha | hotraka | śastras
1_veda/5_vedang/1_srauta/asvss_u.txt	3593	ā			indra agnī ā gatam sutam indre agnā namo bṛhat tā huve yayor idam iyam vām asya manmana indra agnī yuvām ime yajñasya hi stha ṛtvijā ity acchāvākasya |
1_veda/5_vedang/1_srauta/asvss_u.txt	3671	ā			tam vo dasma mṛtīṣaham tat tvā yāmi suvīryam abhipravaḥ surādhasam prasuśrutam surādhasam vayam gha tvā sutāvantaḥ kā īm veda sute sacā viśvāḥ pṛtanā abhibhūtaram naram tam indram johavīmi yā indra bhuva ā bhara ity ekā dve ca |
1_veda/5_vedang/1_srauta/asvss_u.txt	3673	ā			indro madāya vāvṛdhe made made hi no dadiḥ surūpa kṛtnum ūtaye śuṣmintamam na ūtaye śrāyanta iva sūryam baṇ mahān asi sūrya ud u tyad darśatam vapur ud u tye madhumattamās tvam indra pratūrtiṣu tvam indra yaśā asi indra kratum na ā bhara indra jyeṣṭham na ā bhara ā tvā sahasramā śatam mama tvā sūra udita iti brāhmaṇācchaṃsinaḥ |
1_veda/5_vedang/1_srauta/asvss_u.txt	3673	ā			indro madāya vāvṛdhe made made hi no dadiḥ surūpa kṛtnum ūtaye śuṣmintamam na ūtaye śrāyanta iva sūryam baṇ mahān asi sūrya ud u tyad darśatam vapur ud u tye madhumattamās tvam indra pratūrtiṣu tvam indra yaśā asi indra kratum na ā bhara indra jyeṣṭham na ā bhara ā tvā sahasramā śatam mama tvā sūra udita iti brāhmaṇācchaṃsinaḥ |
1_veda/5_vedang/1_srauta/asvss_u.txt	3673	ā			indro madāya vāvṛdhe made made hi no dadiḥ surūpa kṛtnum ūtaye śuṣmintamam na ūtaye śrāyanta iva sūryam baṇ mahān asi sūrya ud u tyad darśatam vapur ud u tye madhumattamās tvam indra pratūrtiṣu tvam indra yaśā asi indra kratum na ā bhara indra jyeṣṭham na ā bhara ā tvā sahasramā śatam mama tvā sūra udita iti brāhmaṇācchaṃsinaḥ |
1_veda/5_vedang/1_srauta/asvss_u.txt	3685	ā			ā satyo yātv ity ahīna sūktam dvitīyam maitrāvaruṇa ud u brahmāṇy abhitaṣ ṭe vā iti itarāv ahar ahaḥ śasye |
1_veda/5_vedang/1_srauta/asvss_u.txt	3733	ā			iha indra agnī indra agnī ā gatam tā huve yayor idam iti nava iyam vāmasya manmana ity ekādaśa yajñasya hi stha ity acchāvākasya |
1_veda/5_vedang/1_srauta/asvss_u.txt	3735	ā			ā yātv indro avasa iti marutvatīyam ā na indra iti niṣkevalyam prathamasya ābhiplavikasya |
1_veda/5_vedang/1_srauta/asvss_u.txt	3735	ā			ā yātv indro avasa iti marutvatīyam ā na indra iti niṣkevalyam prathamasya ābhiplavikasya |
1_veda/5_vedang/1_srauta/asvss_u.txt	3749	ā			vāyo ye te sahasriṇa iti dve tīvrāḥ somāsa ā gahi ity eko bhā devādi vispṛśa iti dve śukrasyādya gavāśira ity ekā ayam vama mitrā varuṇā iti pañca tṛcāḥ |
1_veda/5_vedang/1_srauta/asvss_u.txt	3757	ā			cāturviṃśikam tṛtīya savanam viśvo devasya netur ity ekā tat savitur vareṇyam iti dve ā viśva devam saptatim iti tu vaiśvadevasya pratipad anucarau |
1_veda/5_vedang/1_srauta/asvss_u.txt	3785	ā			ehy ū ṣu bravāṇi ta āgnir agāmi bhārataḥ pra vo vājā abhidyavo abhi prāṃsi vāhasā pra manhiṣṭhāya gāyata pra so agne tava ūtibhir agnim vo vṛdhantam agne yam yajñam adhvaram yajiṣṭham tvā vā vavṛmahe yaḥ samidhāya āhutyā ā te agna idhīmahy ubhe suścandra sarpiṣa iti dve ekā ca agnim tam manye yo vasur ā te vatso mano yad adā agne sthūram rayim bhara preṣṭham vo atithim śreṣṭham yaviṣṭha bhārata bhadro no agnir āhuto yadī ghṛtebhir āhuta ā ghā ye agnim indhata imā abhipraṇonum |
1_veda/5_vedang/1_srauta/asvss_u.txt	3785	ā			ehy ū ṣu bravāṇi ta āgnir agāmi bhārataḥ pra vo vājā abhidyavo abhi prāṃsi vāhasā pra manhiṣṭhāya gāyata pra so agne tava ūtibhir agnim vo vṛdhantam agne yam yajñam adhvaram yajiṣṭham tvā vā vavṛmahe yaḥ samidhāya āhutyā ā te agna idhīmahy ubhe suścandra sarpiṣa iti dve ekā ca agnim tam manye yo vasur ā te vatso mano yad adā agne sthūram rayim bhara preṣṭham vo atithim śreṣṭham yaviṣṭha bhārata bhadro no agnir āhuto yadī ghṛtebhir āhuta ā ghā ye agnim indhata imā abhipraṇonum |
1_veda/5_vedang/1_srauta/asvss_u.txt	3785	ā			ehy ū ṣu bravāṇi ta āgnir agāmi bhārataḥ pra vo vājā abhidyavo abhi prāṃsi vāhasā pra manhiṣṭhāya gāyata pra so agne tava ūtibhir agnim vo vṛdhantam agne yam yajñam adhvaram yajiṣṭham tvā vā vavṛmahe yaḥ samidhāya āhutyā ā te agna idhīmahy ubhe suścandra sarpiṣa iti dve ekā ca agnim tam manye yo vasur ā te vatso mano yad adā agne sthūram rayim bhara preṣṭham vo atithim śreṣṭham yaviṣṭha bhārata bhadro no agnir āhuto yadī ghṛtebhir āhuta ā ghā ye agnim indhata imā abhipraṇonum |
1_veda/5_vedang/1_srauta/asvss_u.txt	3791	ā			stuhi indram vyaśvavad tvam na indra ā bhara vayam u tvām apūrvya yo na idam idam purā ā yāhīma indava iti samāhāryo anurūpo abhrātṛvyo anā tvam mā te amājuro yathā iti | samā
1_veda/5_vedang/1_srauta/asvss_u.txt	3791	ā			stuhi indram vyaśvavad tvam na indra ā bhara vayam u tvām apūrvya yo na idam idam purā ā yāhīma indava iti samāhāryo anurūpo abhrātṛvyo anā tvam mā te amājuro yathā iti | samā
1_veda/5_vedang/1_srauta/asvss_u.txt	3801	ā			yas tastambhayo adribhid yajñe diva iti sūkte asteva su prataram ā yātv indraḥ svapatir imām dhiyam iti brāhmaṇācchaṃsī |
1_veda/5_vedang/1_srauta/asvss_u.txt	3813	ā			vāyav ā yāhi vītaya ity ekā vāyo yāhi śivā diva iti dve indraś ca vāyav eṣām sutānām iti dvayor anyatarām dvir ā mitre varuṇe vayam aśvināv eha gacchatam ā yāhy adribhiḥ sutam sajūr viśvebhir devebhir uta naḥ priya apriyāsv ity auṣṇiham praugam |
1_veda/5_vedang/1_srauta/asvss_u.txt	3813	ā			vāyav ā yāhi vītaya ity ekā vāyo yāhi śivā diva iti dve indraś ca vāyav eṣām sutānām iti dvayor anyatarām dvir ā mitre varuṇe vayam aśvināv eha gacchatam ā yāhy adribhiḥ sutam sajūr viśvebhir devebhir uta naḥ priya apriyāsv ity auṣṇiham praugam |
1_veda/5_vedang/1_srauta/asvss_u.txt	3813	ā			vāyav ā yāhi vītaya ity ekā vāyo yāhi śivā diva iti dve indraś ca vāyav eṣām sutānām iti dvayor anyatarām dvir ā mitre varuṇe vayam aśvināv eha gacchatam ā yāhy adribhiḥ sutam sajūr viśvebhir devebhir uta naḥ priya apriyāsv ity auṣṇiham praugam |
1_veda/5_vedang/1_srauta/asvss_u.txt	3857	ā			vāyo śukro ayāmi te vihi hotrā avītā vāyo śatam harīṇām indraś ca vāyav eṣām somānām ācikitā na sukratū ā no viśvābhir ūtibhis tyam u vo aprahaṇam apatyam vṛjinam ripum ambitam enadītama ity ānuṣṭubham praugam |
1_veda/5_vedang/1_srauta/asvss_u.txt	3895	ā			stome vardhamāne ko adya naryo vanena vāya ā yāhy arvān ity aṣṭarcāny āvaperann ariṣṭāt pārucchepīnām |
1_veda/5_vedang/1_srauta/asvss_u.txt	3907	ā			ā no yajñam divispṛśam iti dve ā no vayo mahetana ity ekā rathena pṛthu pājasā bahavaḥ sūra cakṣasa imā u vām diviṣṭayaḥ pibā sutasya rasino devam devam vo avase devam devam bṛhad u gāyiṣe vāca iti bārhatam praugam |
1_veda/5_vedang/1_srauta/asvss_u.txt	3907	ā			ā no yajñam divispṛśam iti dve ā no vayo mahetana ity ekā rathena pṛthu pājasā bahavaḥ sūra cakṣasa imā u vām diviṣṭayaḥ pibā sutasya rasino devam devam vo avase devam devam bṛhad u gāyiṣe vāca iti bārhatam praugam |
1_veda/5_vedang/1_srauta/asvss_u.txt	3913	ā			śākvaram cet pṛṣṭham mahānāmnya stotriyaḥ | ā adhyardhakāram nava prakṛtyā tisro bhavanti |
1_veda/5_vedang/1_srauta/asvss_u.txt	4277	ā			sam ca tve jagmur iti sūkte ā satyo yātv aham bhuvam tatra indriyam iti niṣkevalyam ā yāhi vanasā imā nu kam babhrur eka iti dvipadā sūktāni purastād vaiśvadeva sūktānām |
1_veda/5_vedang/1_srauta/asvss_u.txt	4277	ā			sam ca tve jagmur iti sūkte ā satyo yātv aham bhuvam tatra indriyam iti niṣkevalyam ā yāhi vanasā imā nu kam babhrur eka iti dvipadā sūktāni purastād vaiśvadeva sūktānām |
1_veda/5_vedang/1_srauta/asvss_u.txt	4287	ā			caturthe ahany ā devo yātu pra dyāva iti vāsiṣṭham pra ṛbhubhyaḥ praśukra etv iti vaiśvadevam | vaiśvānarasya sumatau ka īm vyaktā agnim nara ity āgnimārutam | aṣṭādaśa uttame virājaḥ |
1_veda/5_vedang/1_srauta/asvss_u.txt	4303	ā			samudrād ūrmir ity ājyam ā vāyo bhūṣa śucipā upa naḥ prayābhir yāsi dāśvāṃsam acchā ā no niyudbhiḥ śatinībhir adhvaram pra sotā jīro adhvareṣv asthād vāyava indramādanāso yā vama śatam niyuto yāḥ sahasram ity ekapātinyaḥ prayad vām mitrā varuṇā spardhann ā gomatā nāsatyā rathena ā no deva śavasā yāhi śuṣṇin pra vo yajñeṣu devayanto arcan prakṣodasā dhāyasā sasra eṣa iti praugam |
1_veda/5_vedang/1_srauta/asvss_u.txt	4303	ā			samudrād ūrmir ity ājyam ā vāyo bhūṣa śucipā upa naḥ prayābhir yāsi dāśvāṃsam acchā ā no niyudbhiḥ śatinībhir adhvaram pra sotā jīro adhvareṣv asthād vāyava indramādanāso yā vama śatam niyuto yāḥ sahasram ity ekapātinyaḥ prayad vām mitrā varuṇā spardhann ā gomatā nāsatyā rathena ā no deva śavasā yāhi śuṣṇin pra vo yajñeṣu devayanto arcan prakṣodasā dhāyasā sasra eṣa iti praugam |
1_veda/5_vedang/1_srauta/asvss_u.txt	4303	ā			samudrād ūrmir ity ājyam ā vāyo bhūṣa śucipā upa naḥ prayābhir yāsi dāśvāṃsam acchā ā no niyudbhiḥ śatinībhir adhvaram pra sotā jīro adhvareṣv asthād vāyava indramādanāso yā vama śatam niyuto yāḥ sahasram ity ekapātinyaḥ prayad vām mitrā varuṇā spardhann ā gomatā nāsatyā rathena ā no deva śavasā yāhi śuṣṇin pra vo yajñeṣu devayanto arcan prakṣodasā dhāyasā sasra eṣa iti praugam |
1_veda/5_vedang/1_srauta/asvss_u.txt	4303	ā			samudrād ūrmir ity ājyam ā vāyo bhūṣa śucipā upa naḥ prayābhir yāsi dāśvāṃsam acchā ā no niyudbhiḥ śatinībhir adhvaram pra sotā jīro adhvareṣv asthād vāyava indramādanāso yā vama śatam niyuto yāḥ sahasram ity ekapātinyaḥ prayad vām mitrā varuṇā spardhann ā gomatā nāsatyā rathena ā no deva śavasā yāhi śuṣṇin pra vo yajñeṣu devayanto arcan prakṣodasā dhāyasā sasra eṣa iti praugam |
1_veda/5_vedang/1_srauta/asvss_u.txt	4323	ā			tṛtīyasya aganma maha ity ājyam pra vīrayā śucayo dadrire te satyena manasā dīdhyānā divi kṣayanta rajasaḥ pṛthivyām ā viśva vārā aśvinā ā gatam no ayam soma indra tubhyam sunva ātu pra brahmāṇo aṅgiraso nakṣanta sarasvatīm devayanto havanta ā no divo bṛhataḥ parvatād ā sarasvaty abhi no neṣi vasya iti praugam |
1_veda/5_vedang/1_srauta/asvss_u.txt	4323	ā			tṛtīyasya aganma maha ity ājyam pra vīrayā śucayo dadrire te satyena manasā dīdhyānā divi kṣayanta rajasaḥ pṛthivyām ā viśva vārā aśvinā ā gatam no ayam soma indra tubhyam sunva ātu pra brahmāṇo aṅgiraso nakṣanta sarasvatīm devayanto havanta ā no divo bṛhataḥ parvatād ā sarasvaty abhi no neṣi vasya iti praugam |
1_veda/5_vedang/1_srauta/asvss_u.txt	4323	ā			tṛtīyasya aganma maha ity ājyam pra vīrayā śucayo dadrire te satyena manasā dīdhyānā divi kṣayanta rajasaḥ pṛthivyām ā viśva vārā aśvinā ā gatam no ayam soma indra tubhyam sunva ātu pra brahmāṇo aṅgiraso nakṣanta sarasvatīm devayanto havanta ā no divo bṛhataḥ parvatād ā sarasvaty abhi no neṣi vasya iti praugam |
1_veda/5_vedang/1_srauta/asvss_u.txt	4323	ā			tṛtīyasya aganma maha ity ājyam pra vīrayā śucayo dadrire te satyena manasā dīdhyānā divi kṣayanta rajasaḥ pṛthivyām ā viśva vārā aśvinā ā gatam no ayam soma indra tubhyam sunva ātu pra brahmāṇo aṅgiraso nakṣanta sarasvatīm devayanto havanta ā no divo bṛhataḥ parvatād ā sarasvaty abhi no neṣi vasya iti praugam |
1_veda/5_vedang/1_srauta/asvss_u.txt	4329	ā			vaiśvānaro na ūtaya ā pra yātu parāvataḥ | agnir naḥ suṣṭutīr upa | vaiśvānaro na āgamad imam yajñam sajur upa | agnir ukthena vāhasā | vaiśvānaro aṅgirobhyaḥ stoma uktham ca cākanat | eṣu dyumnam svaryamat | maruto yasya hi pra agnaye vācam ity āgnimārutam |
1_veda/5_vedang/1_srauta/asvss_u.txt	4335	ā			ā śubhrā yātam aśvinā svaśvā iti tṛcam āśvine kratau |
1_veda/5_vedang/1_srauta/asvss_u.txt	4359	ā			pañca akṣareṇa vigrahaḥ | daśa akṣareṇa vā | ā tvā ratham yathā ūtaya ity etasyāḥ sthāne trikadrukeṣu mahiṣo yavāśiram iti |
1_veda/5_vedang/1_srauta/asvss_u.txt	4363	ā			kayā naś citra ā bhuvad ity etāsu rathantaram pṛṣṭham tasya yonim śaṃset |
1_veda/5_vedang/1_srauta/asvss_u.txt	4393	ā			ā ayam gauḥ pṛśnir akramīd ity upāṃśu tisraḥ parācīḥ śastvā vyākhyā svareṇa catur hotṝn vyācakṣīta |
1_veda/5_vedang/1_srauta/asvss_u.txt	4427	ā			manasā ātmānam āpyāyya audumbarīm samanvārabhya vācam yacchanty ā nakṣatra darśanāt | tatra anadharān pāṇīṃś cikīrṣeran |
1_veda/5_vedang/1_srauta/asvss_u.txt	4429	ā			dṛśyamāneṣv adhvaryu mukhāḥ samanvārabdhāḥ sarpanty ā tīrtha deśād yuvam tam indrā parvatā puroyudhā iti japantaḥ |
1_veda/5_vedang/1_srauta/asvss_u.txt	4503	ā			mā te vyoma saṃdṛśi | bhadram karṇebhiḥ śṛṇuyāma devāḥ śam na indra agnī bhavatām avobhiḥ stuṣe janam suvratam navyasībhiḥ | kayā naś citra ā bhuvad iti tisraḥ syonā pṛthivi bhava iti | samāpya samānam sambhāra varjam |
1_veda/5_vedang/1_srauta/asvss_u.txt	4509	ā			phālguna ādy ā śravaṇāyā anadhīta pūrvāṇām adhyāyaḥ |
1_veda/5_vedang/1_srauta/asvss_u.txt	4961	ā			jarābodha tad viviḍḍhi jaramāṇaḥ samidhyase agninā indreṇa ā bhāty agniḥ kṣetrasya patinā vayam iti paridhānīyā yuvam devā kratunā pūrvyeṇa iti yājyā |
1_veda/5_vedang/1_srauta/asvss_u.txt	5201	ā			ya imā viśvā jātāny ā devo yātu savitā suratnaḥ sa ghā no devaḥ savitā sahāvā iti dve |
1_veda/5_vedang/1_srauta/asvss_u.txt	5427	ā			eka catvāriṃśad rātra prabhṛtīny uttarāṇi nyāyena aṣṭā catvāriṃśad rātrāt | pañcāśad rātra prabhṛtīni ca ā ṣaṣṭi rātrāt | dviṣaṣṭi rātra prabhṛtīni ca ekona śata rātrāt |
1_veda/5_vedang/1_srauta/asvss_u.txt	5671	ā			apsu ced vāruṇam puroḍāśam nirvapeyuḥ | āpānnaputre carum | apānnapādā hy asthād upastham samanyā yanty upayanty anyā iti | ā ataḥ samānam sarveṣām |
1_veda/5_vedang/1_srauta/asvss_u.txt	5831	ā			anyān vā pathyān bhakṣān ā mūla phalebhyaḥ |
1_veda/5_vedang/1_srauta/sankhssu.txt	89	ā			plāvayed ā kāram āvāhanam |
1_veda/5_vedang/1_srauta/sankhssu.txt	195	ā			agna ā yāhi vītaya || īḍenya || iti tṛcau |
1_veda/5_vedang/1_srauta/sankhssu.txt	237	ā			ā ca vaha jāta vedaḥ suyajā ca yaja ity āvāhya |
1_veda/5_vedang/1_srauta/sankhssu.txt	309	ā			ā indra sānasim pra sasāhiṣa iti sāmnāyyasya |
1_veda/5_vedang/1_srauta/sankhssu.txt	365	ā			ā mārjanād vāg yamanam |
1_veda/5_vedang/1_srauta/sankhssu.txt	375	ā			eṣā te agne samit tayā vardhasva ca ā ca pyāyasva | vardhiṣīmahi ca vayam ā ca pyāsiṣīmahi | iti samidham anumantrya |
1_veda/5_vedang/1_srauta/sankhssu.txt	375	ā			eṣā te agne samit tayā vardhasva ca ā ca pyāyasva | vardhiṣīmahi ca vayam ā ca pyāsiṣīmahi | iti samidham anumantrya |
1_veda/5_vedang/1_srauta/sankhssu.txt	423	ā			iṣṭam ca vītam ca abhūd ubhe ca enam dyāvā pṛthivī aṃhasaḥ pātām ā iha gatir vām asya idam ca namo devebhya iti |
1_veda/5_vedang/1_srauta/sankhssu.txt	441	ā			ā pyāyasva sam te payāṃsi iha tvaṣṭāram tan nas turīpam devānām patnīr uta gnā vyantu rākām aham yās te rāke sinīvāli yāsu bāhur agnir hotā gṛhapatir vayam u tvā gṛha pata iti |
1_veda/5_vedang/1_srauta/sankhssu.txt	463	ā			tantum tanvann ity uttareṇa gārhapatyam ā barhiṣaḥ stīrtvā |
1_veda/5_vedang/1_srauta/sankhssu.txt	465	ā			āpṛṇo asi sampṛṇaḥ prajayā mā paśubhir ā pṛṇa iti veda śeṣam upasthāya |
1_veda/5_vedang/1_srauta/sankhssu.txt	541	ā			huve havāmahe śrudhy āgahy ā idam barhir niṣīda devatā nāma iti puronuvākyā lakṣaṇāni |
1_veda/5_vedang/1_srauta/sankhssu.txt	551	ā			imam ā śṛṇudhī havam yat tvā gīrbhir havāmahe | ā idam barhir niṣīda naḥ | stīrṇam barhir ānuṣag ā sadeta upa iḍānā iha no adya gaccha | aheḍanā manasā idam juṣasva vīhi havyam prayatam āhutam naḥ | ity ūhed dvi devata bahudevateṣu |
1_veda/5_vedang/1_srauta/sankhssu.txt	551	ā			imam ā śṛṇudhī havam yat tvā gīrbhir havāmahe | ā idam barhir niṣīda naḥ | stīrṇam barhir ānuṣag ā sadeta upa iḍānā iha no adya gaccha | aheḍanā manasā idam juṣasva vīhi havyam prayatam āhutam naḥ | ity ūhed dvi devata bahudevateṣu |
1_veda/5_vedang/1_srauta/sankhssu.txt	551	ā			imam ā śṛṇudhī havam yat tvā gīrbhir havāmahe | ā idam barhir niṣīda naḥ | stīrṇam barhir ānuṣag ā sadeta upa iḍānā iha no adya gaccha | aheḍanā manasā idam juṣasva vīhi havyam prayatam āhutam naḥ | ity ūhed dvi devata bahudevateṣu |
1_veda/5_vedang/1_srauta/sankhssu.txt	667	ā			pāvakā naḥ sarasvatīm ā juhvānāḥ |
1_veda/5_vedang/1_srauta/sankhssu.txt	685	ā			vaiśvānaro na ūtaya ā prayātu parāvataḥ | agnir naḥ suṣṭutīr upa | pṛṣṭo divi |
1_veda/5_vedang/1_srauta/sankhssu.txt	781	ā			unnīya abhyuditam ā tamanād āsitvā hutvā varam dattvā bhūr ity anumantrayeta |
1_veda/5_vedang/1_srauta/sankhssu.txt	903	ā			āyurdā agne asya āyur me dehi varcodā agne asi varco me dehi tanūpā agne asi tanvam me pāhy agne yan ma ūnam tanvas tan ma ā pṛṇa | indhānās tvā śatam himā dyumantam samidhīmahi | vayasvanto vayas kṛtam sahasvantaḥ sahas kṛtam | agne sapatna dambhanam adabdhāso adābhyam | iti japitvā |
1_veda/5_vedang/1_srauta/sankhssu.txt	969	ā			āganma vṛtra hantamam asmabhyam vasuvittamam | agne saṃrāḍ abhi dyumnam abhi saha ā yacchasva | śaṃsya paśūn me ajugupas tān me pāhy eva daivān mā bhayād ajugupas tasmān mā pāhy eva ity āhavanīyam |
1_veda/5_vedang/1_srauta/sankhssu.txt	973	ā			ayam agniḥ purīṣyo rayimān puṣṭi vardhanaḥ | agne purīṣyā abhi dyumnam abhi saha ā yacchasva | atharya pitum me ajugupsas tam me pāhy eva pitryān mā bhayād ajugupas tasmān mā pāhy eva ity anvāhārya pacanam |
1_veda/5_vedang/1_srauta/sankhssu.txt	975	ā			ayam agnir gṛha patir gārhapatyāt prajāyā vasuvittamaḥ | agne gṛha pate abhi dyumnam abhi saha ā yacchasva | narya prajām me ajugupas tām me pāhy eva mānuṣān mā bhayād ajugupas tan mān mā pāhy eva iti gārhapatyam |
1_veda/5_vedang/1_srauta/sankhssu.txt	1045	ā			vetthā hi vedha ā devānām |
1_veda/5_vedang/1_srauta/sankhssu.txt	1089	ā			agna ā yāhi vītaye yo agnim deva vītaye |
1_veda/5_vedang/1_srauta/sankhssu.txt	1103	ā			tvam agne vratabhṛt śucir agne devān iha ā vaha | upa yajñam haviś ca naḥ | vratāni bibhrad vratapā adābhyo bhavā no dūto ajaraḥ suvīraḥ | dadhar ratnāni sumṛlīko agne gopāya no jīvase jāta vedaḥ |
1_veda/5_vedang/1_srauta/sankhssu.txt	1107	ā			marutas tveṣa sadṛśa ā yāta yamāv iva | śubhrā hiraṇya khādayaḥ | vāta tviṣo marutaḥ śriye kam iti vā |
1_veda/5_vedang/1_srauta/sankhssu.txt	1261	ā			ā ghā ye sukarmāṇaḥ surucaḥ |
1_veda/5_vedang/1_srauta/sankhssu.txt	1311	ā			abhi tvā deva savituḥ | mahī dyauḥ | tvām agne puṣkarād iti ca tisraḥ | uta bruvantu jantava iti jātāya | ā yam haste na khādinam iti hastena dhāryamāṇāya | uttare prahriyamāṇāya | agninā agniḥ samidhyate | tvam hy agne agninā | tam marjayanta ity agni manthanīyāḥ |
1_veda/5_vedang/1_srauta/sankhssu.txt	1393	ā			gṛha medhāsa ā gata pra budhnyā vaḥ |
1_veda/5_vedang/1_srauta/sankhssu.txt	1483	ā			mano nv ā huvāmaha iti tṛcena dakṣiṇa agnim |
1_veda/5_vedang/1_srauta/sankhssu.txt	1485	ā			ā ma etu manaḥ punar iti brūyuḥ |
1_veda/5_vedang/1_srauta/sankhssu.txt	1531	ā			indraś ca naḥ śunā sīrāv imam yajñam mimikṣatām | garbhān dhattam svastaye | yayor idam bhuvanam ā viveśa yayor ānando nihoto mahaś ca | śunā sīrāv ṛtubhiḥ saṃvidānā indravantā havir idam juṣethām |
1_veda/5_vedang/1_srauta/sankhssu.txt	1575	ā			ā yāhi tapasā janeṣv ā agne pāvako arciṣā | upa imām suṣṭutim mama | ā no yāhi tapasā janeṣv ā agne pāvaka dīdyat | havyā deveṣu no dadhat |
1_veda/5_vedang/1_srauta/sankhssu.txt	1575	ā			ā yāhi tapasā janeṣv ā agne pāvako arciṣā | upa imām suṣṭutim mama | ā no yāhi tapasā janeṣv ā agne pāvaka dīdyat | havyā deveṣu no dadhat |
1_veda/5_vedang/1_srauta/sankhssu.txt	1575	ā			ā yāhi tapasā janeṣv ā agne pāvako arciṣā | upa imām suṣṭutim mama | ā no yāhi tapasā janeṣv ā agne pāvaka dīdyat | havyā deveṣu no dadhat |
1_veda/5_vedang/1_srauta/sankhssu.txt	1575	ā			ā yāhi tapasā janeṣv ā agne pāvako arciṣā | upa imām suṣṭutim mama | ā no yāhi tapasā janeṣv ā agne pāvaka dīdyat | havyā deveṣu no dadhat |
1_veda/5_vedang/1_srauta/sankhssu.txt	1717	ā			trir ā tam anādāsitvā |
1_veda/5_vedang/1_srauta/sankhssu.txt	1741	ā			madhyama piṇḍam patnī putra kāmā prāśnīyāt | ā dhatta pitaro garbham kumāram puṣkara srajam | yathā iha puruṣo asat | iti |
1_veda/5_vedang/1_srauta/sankhssu.txt	1865	ā			ā pyāyatām dhruvā haviṣā ghṛtena yajñam yajñam prati devayyaḍbhyo | sūryāyā ūdho adityā upastha uru dhārā pṛthivī yajñe asmin | ity āpyāyati dhruvām |
1_veda/5_vedang/1_srauta/sankhssu.txt	1905	ā			yajño babhūva sa ā babhūva sa pra jajñe sa u vāvṛdhe punaḥ | sa devānām adhipatir babhūva so asmān adhipatīn kṛṇotu | iti japitvā |
1_veda/5_vedang/1_srauta/sankhssu.txt	2051	ā			imam jīvebhyaḥ | paraitu mṛtyur amṛtam ma ā gād vaivasvato no abhayam kṛṇotu | parṇam vanaspater iva abhi naḥ śīyatām rayiḥ | sacatām na śacī patiḥ | yāś ca aruṇe daśa anvādhāna iti |
1_veda/5_vedang/1_srauta/sankhssu.txt	2055	ā			yathā ahāni iti dakṣiṇam anvaṃsam dvābhyām samīkṣya | añjanam sarpiṣā samninīya | kuśaiḥ strīṇām akṣīṇy anaktīm ā nārīr iti | sakṛt sakṛn mantreṇa dvir dvis tūṣṇīm |
1_veda/5_vedang/1_srauta/sankhssu.txt	2089	ā			yat paśur māyum akṛta uro vā padbhir ā hate | agnir mā tasmād enaso jāta vedāḥ pra muñcatu | svāhā iti ravamāṇe juhoti |
1_veda/5_vedang/1_srauta/sankhssu.txt	2189	ā			ā goḥ pravadanāt tūṣṇīm |
1_veda/5_vedang/1_srauta/sankhssu.txt	2273	ā			bhadrād abhi śreyaḥ prehi bṛhaspatiḥ pura etā te astu | atha īm avasya vara ā pṛthivyā āre śatrūn kṛṇuhi sarva vīraḥ | ity antareṇa vartmanī tiṣṭhann anūcya |
1_veda/5_vedang/1_srauta/sankhssu.txt	2309	ā			aṃśur aṃśuṣ ṭe deva soma ā pyāyatām indrāya eka dhanavide | ā tubhyam indraḥ pyāyatām ā tvam indrāya pyāyasva | ā pyāyaya asmān sakhīn sanyā medhayā svasti te | deva soma sutyām udṛcam aśīya iti |
1_veda/5_vedang/1_srauta/sankhssu.txt	2309	ā			aṃśur aṃśuṣ ṭe deva soma ā pyāyatām indrāya eka dhanavide | ā tubhyam indraḥ pyāyatām ā tvam indrāya pyāyasva | ā pyāyaya asmān sakhīn sanyā medhayā svasti te | deva soma sutyām udṛcam aśīya iti |
1_veda/5_vedang/1_srauta/sankhssu.txt	2309	ā			aṃśur aṃśuṣ ṭe deva soma ā pyāyatām indrāya eka dhanavide | ā tubhyam indraḥ pyāyatām ā tvam indrāya pyāyasva | ā pyāyaya asmān sakhīn sanyā medhayā svasti te | deva soma sutyām udṛcam aśīya iti |
1_veda/5_vedang/1_srauta/sankhssu.txt	2309	ā			aṃśur aṃśuṣ ṭe deva soma ā pyāyatām indrāya eka dhanavide | ā tubhyam indraḥ pyāyatām ā tvam indrāya pyāyasva | ā pyāyaya asmān sakhīn sanyā medhayā svasti te | deva soma sutyām udṛcam aśīya iti |
1_veda/5_vedang/1_srauta/sankhssu.txt	2311	ā			yam ādityā aṃśum ā pyāyayanti yama kṣitim akṣitayaḥ pibanti | tena no rājā varuṇo bṛhaspatir ā pyāyayantu bhuvanasya gopāḥ | ity urāṃsy abhimṛśya |
1_veda/5_vedang/1_srauta/sankhssu.txt	2311	ā			yam ādityā aṃśum ā pyāyayanti yama kṣitim akṣitayaḥ pibanti | tena no rājā varuṇo bṛhaspatir ā pyāyayantu bhuvanasya gopāḥ | ity urāṃsy abhimṛśya |
1_veda/5_vedang/1_srauta/sankhssu.txt	2357	ā			ā no viśvābhir ūtibhir iti tisraḥ |
1_veda/5_vedang/1_srauta/sankhssu.txt	2361	ā			ā bhāti ity apara ahṇe |
1_veda/5_vedang/1_srauta/sankhssu.txt	2385	ā			dohena gām duhanti saptā daśabhir ātmanvat | samiddho agnir aśvinā tapto vām gharma ā gatam | duhyante gāvo vṛṣaṇa iha dhenavo dasrā madanti kāravaḥ | tad u prayakṣatamam iti duhyamānāyām |
1_veda/5_vedang/1_srauta/sankhssu.txt	2391	ā			ā sute siñcata śriyam ā nūnam aśvinor ṛṣir ity āsicyamānayoḥ |
1_veda/5_vedang/1_srauta/sankhssu.txt	2391	ā			ā sute siñcata śriyam ā nūnam aśvinor ṛṣir ity āsicyamānayoḥ |
1_veda/5_vedang/1_srauta/sankhssu.txt	2411	ā			asya pibatam | yad usriyāsv āhutam ghṛtam payo ayam su vām aśvinā bhāga ā gatam | mādhvī dhartārā vidathasya satpatī taptam gharmam pibatam rocane divaḥ | iti samastābhyām vaṣaṭ kṛtya |
1_veda/5_vedang/1_srauta/sankhssu.txt	2433	ā			saṃsādyamāneṣu mahā vīra pātreṣu | ā yasmin sapta vāsavā rohanti pūrvyā ruhaḥ | ṛṣir hi dīrgha śruttama indrasya ghoarmo atithiḥ | ity abhiṣṭutya |
1_veda/5_vedang/1_srauta/sankhssu.txt	2497	ā			ā vām upastham iti nabhyasthayoḥ |
1_veda/5_vedang/1_srauta/sankhssu.txt	2519	ā			sāvīr hi deva prathamāya pitre varṣmāṇam asmai varimāṇam asmai | atha asmabhyam savitaḥ sarva tātā dive diva ā suvā bhūri paśvaḥ | ity āsīno anūcya |
1_veda/5_vedang/1_srauta/sankhssu.txt	2539	ā			antaś ca prāg ā ity anuprapadya |
1_veda/5_vedang/1_srauta/sankhssu.txt	2809	ā			tvām agne manīṣiṇaḥ | īḍiṣva ā hi | puru tvā |
1_veda/5_vedang/1_srauta/sankhssu.txt	2849	ā			aśvinā yajvarīr iṣa iti tisraḥ | prāatar yujā iti catasraḥ | āśvināv aśvāvatyā iti tisraḥ | eṣo uṣāḥ | go madūṣv iti dve | dūrād iha iva iti ṣaṭtriṃśat | ud īrāthām | ā me havam |
1_veda/5_vedang/1_srauta/sankhssu.txt	2853	ā			ā no viśvābhir ūtibhiḥ | yad adya sthaḥ parāvatī iti sūkte |
1_veda/5_vedang/1_srauta/sankhssu.txt	2857	ā			ā bhāti iti sūkte | nāsatyābhyām iti trīṇi | vasū rudra iti tisraḥ | yuvo rajāṃsi iti sūkte |
1_veda/5_vedang/1_srauta/sankhssu.txt	2859	ā			grāvāṇā iva | dhenuḥ pratnasya | ka u śravad iti sūkte | stuṣe nara iti sūkte parihāpya pañcapadām | ā vām ratho rodasī badbadhāna iti pañca sūktāni |
1_veda/5_vedang/1_srauta/sankhssu.txt	2899	ā			ā dhenava ity āyatīṣu sarvām uktvā praṇavena avasyati |
1_veda/5_vedang/1_srauta/sankhssu.txt	2971	ā			ā no divo bṛhataḥ parvatād ā sarasvatīm devayantaḥ sarasvaty abhi naḥ pāvī ravī kanyā pra kṣodaṣā imā juhvānā iti sārasvatasya |
1_veda/5_vedang/1_srauta/sankhssu.txt	2971	ā			ā no divo bṛhataḥ parvatād ā sarasvatīm devayantaḥ sarasvaty abhi naḥ pāvī ravī kanyā pra kṣodaṣā imā juhvānā iti sārasvatasya |
1_veda/5_vedang/1_srauta/sankhssu.txt	2977	ā			ā daivyā vedhasam bṛhaspatiḥ samajayat sa hi śuciḥ sa suṣṭubhā sa ṛkvatā sa ā no yonim iti bārhaspatyasya |
1_veda/5_vedang/1_srauta/sankhssu.txt	2977	ā			ā daivyā vedhasam bṛhaspatiḥ samajayat sa hi śuciḥ sa suṣṭubhā sa ṛkvatā sa ā no yonim iti bārhaspatyasya |
1_veda/5_vedang/1_srauta/sankhssu.txt	2981	ā			indram nara indro rāja indra kṣatram urum na ā no viśvābhir ūtibhiḥ sajoṣā ā te śuṣmo vṛṣabha ity aindrasya |
1_veda/5_vedang/1_srauta/sankhssu.txt	2981	ā			indram nara indro rāja indra kṣatram urum na ā no viśvābhir ūtibhiḥ sajoṣā ā te śuṣmo vṛṣabha ity aindrasya |
1_veda/5_vedang/1_srauta/sankhssu.txt	2987	ā			ā no devaḥ savitā trāyamāṇa ā devo yātu savitā yantrair vāmam adya ye te panthā asmabhyam tad diva iti sāvitrasya |
1_veda/5_vedang/1_srauta/sankhssu.txt	2987	ā			ā no devaḥ savitā trāyamāṇa ā devo yātu savitā yantrair vāmam adya ye te panthā asmabhyam tad diva iti sāvitrasya |
1_veda/5_vedang/1_srauta/sankhssu.txt	2989	ā			astabhnād dyām tat tvā yāmy ava te heḍa eva ā vandasva imām dhiyam śikṣamāṇasya ud uttamam varuṇa iti vāruṇasya |
1_veda/5_vedang/1_srauta/sankhssu.txt	3013	ā			ā te pitar iti raudrasya |
1_veda/5_vedang/1_srauta/sankhssu.txt	3125	ā			vāyav ā yāhi darśata indra vāyū ima ity aindra vāyavasya puronuvākye |
1_veda/5_vedang/1_srauta/sankhssu.txt	3153	ā			etu vasuḥ purūvasur ity aindravāyavam pratigṛhya urau dakṣiṇe nidhāya anapidhānam anavekṣaṇam ca dvidevatyānām ā śeṣasya avanayanāt |
1_veda/5_vedang/1_srauta/sankhssu.txt	3163	ā			unnīyamānebhya ity ukta ā tvā vahantu haraya ity unnīyamāna sūktam |
1_veda/5_vedang/1_srauta/sankhssu.txt	3195	ā			anavasarjanam ca dvidevatyānām ā śeṣasya avanayanāt |
1_veda/5_vedang/1_srauta/sankhssu.txt	3229	ā			ā pyāyasva sametu tu ity āpyāyanī prātaḥ savane |
1_veda/5_vedang/1_srauta/sankhssu.txt	3309	ā			agnir deva iddhaḥ | agnir manv iddhaḥ | rathīr adhvarāṇāmṇ | atūrto hotā | tūrṇir havyavāṭ | ā devo devān vakṣat | yakṣad agnir devo devān | so adhvarā karati jāta vedo pra vo devāya ity ājyam |
1_veda/5_vedang/1_srauta/sankhssu.txt	3337	ā			vāyur agregā yajñaprīḥ sākam gan manasā yajñam | śivo niyudbhiḥ śivābhiḥ | iti sakṛt śastvā vāyav ā yāhi darśata iti tisṛṇām triḥ prathamām |
1_veda/5_vedang/1_srauta/sankhssu.txt	3341	ā			kāvyayor ājāneṣu kratvā dakṣasya duroṇe | riśādasā sadhasya ā | mitram huva iti tisraḥ |
1_veda/5_vedang/1_srauta/sankhssu.txt	3343	ā			daivyāv adhvaryū ā gatam rathena sūrya tvacā | madhvā yajñam samañjāthe | aśvinā yajvarīr iṣa iti tisraḥ |
1_veda/5_vedang/1_srauta/sankhssu.txt	3347	ā			viśvān devān havāmahe asmin yajñe sajoṣasaḥ | ta imam yajñam āgaman devāso devyo dhiyā | ye yajñasya tanū kṛto viśva ā soma pītaye | omāsaś carṣaṇīdhṛta iti tisraḥ |
1_veda/5_vedang/1_srauta/sankhssu.txt	3355	ā			ā no mitā varuṇā no gantam iti stotriya anurūpau maitrāvaruṇasya |
1_veda/5_vedang/1_srauta/sankhssu.txt	3361	ā			ā yāhi suṣuma iti brāhmaṇācchaṃsinaḥ stotriya anurūpau |
1_veda/5_vedang/1_srauta/sankhssu.txt	3369	ā			indra agnī ā gatam sutam ity acchāvākasya stotriya anurūpau |
1_veda/5_vedang/1_srauta/sankhssu.txt	3375	ā			iyam vāmasya manmana iti navānām uttamayā paridhāya indra agnī ā gatam sutam iti yajati |
1_veda/5_vedang/1_srauta/sankhssu.txt	3405	ā			abhi tvā deva savitar yuñjate mana uta yuñjate dhiya ā tū na indra kṣumantam ā no bhara dakṣiṇena upa kramasva ā bhara |
1_veda/5_vedang/1_srauta/sankhssu.txt	3405	ā			abhi tvā deva savitar yuñjate mana uta yuñjate dhiya ā tū na indra kṣumantam ā no bhara dakṣiṇena upa kramasva ā bhara |
1_veda/5_vedang/1_srauta/sankhssu.txt	3405	ā			abhi tvā deva savitar yuñjate mana uta yuñjate dhiya ā tū na indra kṣumantam ā no bhara dakṣiṇena upa kramasva ā bhara |
1_veda/5_vedang/1_srauta/sankhssu.txt	3407	ā			ā pyāyasva sametu ta ity āpyāyitavatīnām tisṛṇām prathamām abhiṣṭutya arbudasya dve |
1_veda/5_vedang/1_srauta/sankhssu.txt	3415	ā			ā kalaśā anūṣatā kalaśeṣu dhāvati pari pra soma te rasa iti kalaśavatīr abhiṣṭutya |
1_veda/5_vedang/1_srauta/sankhssu.txt	3509	ā			asmad rātā madhumatīr devatrā gacchata pradātāram ā viśata iti dattvā japati |
1_veda/5_vedang/1_srauta/sankhssu.txt	3525	ā			ā tvā ratham yathā ūtaya iti prātipadam tṛcam śastvā āhūya |
1_veda/5_vedang/1_srauta/sankhssu.txt	3803	ā			ā vo vahantv iti potā |
1_veda/5_vedang/1_srauta/sankhssu.txt	3845	ā			ā no bhadrā iti vaiśvadevasya uttame śiṣṭvā nividam |
1_veda/5_vedang/1_srauta/sankhssu.txt	3883	ā			ā te pitar ity ekā |
1_veda/5_vedang/1_srauta/sankhssu.txt	4051	ā			ā vām mitrā varuṇā tat su vām mitrā varuṇā o mitrā varuṇā iti puronuvākyāḥ |
1_veda/5_vedang/1_srauta/sankhssu.txt	4107	ā			bhakṣayitvā ca ā stotra prasavāt |
1_veda/5_vedang/1_srauta/sankhssu.txt	4109	ā			prasava prabhṛti ca ā anuvaṣaṭ kārāt |
1_veda/5_vedang/1_srauta/sankhssu.txt	4137	ā			citraś citrābhir ūtibhiḥ | śravad brahmāṇy ā avasā gamat |
1_veda/5_vedang/1_srauta/sankhssu.txt	4157	ā			pra imām devī deva hūtim avatām devyā dhiyā | pra idam brahma pra idam kṣatram | pra imam sunvantam yajamānam avatām | citre citrābhir ūtibhiḥ | śrutām brahāṇy ā avasā gatām |
1_veda/5_vedang/1_srauta/sankhssu.txt	4163	ā			pra idam brahma pra idam kṣatram | pra imam sunvantam yajamānam avantu | citrāś citrābhir ūtibhiḥ | śravan brahmāṇy ā avasā gaman |
1_veda/5_vedang/1_srauta/sankhssu.txt	4171	ā			tāvatīr gnāḥ | tāvanto abhiṣācaḥ | tāvanto rātiṣācaḥ | ato vā devā bhūyāṃsa stha | mā vo devo aviśasā mā viśasāyur ā vṛkṣi | viśve devā iha śravann iha somasya matsan | pra imām devā iti samānam |
1_veda/5_vedang/1_srauta/sankhssu.txt	4179	ā			ā yo dyām bhātyā pṛthivīm | ā urv antarikṣam | jyotiṣā yajñiyāya śarma yaṃsat | agnir vaiśvānara iha śravad iha somasya matsat | pra imām deva iti samānam |
1_veda/5_vedang/1_srauta/sankhssu.txt	4179	ā			ā yo dyām bhātyā pṛthivīm | ā urv antarikṣam | jyotiṣā yajñiyāya śarma yaṃsat | agnir vaiśvānara iha śravad iha somasya matsat | pra imām deva iti samānam |
1_veda/5_vedang/1_srauta/sankhssu.txt	4193	ā			asya made jaritar indraḥ somasya matsat | asya made jaritar indro ahim ahan | asya made jaritar indro vṛtram ahan | asya made jaritar indra ud dyām astabhnād aprathayat pṛthivīm | asya made jaritar indro vy antarikṣam atirad ā sūryam divyair ayat | asya made jaritar indra udāryam varṇam atirad ava dāsam varṇam ahan |
1_veda/5_vedang/1_srauta/sankhssu.txt	4231	ā			ā vām rājānau |
1_veda/5_vedang/1_srauta/sankhssu.txt	4257	ā			ṣoḍaśine stoṣyamāṇeṣu | yasmāj jāto na paro anyo asti ya ā babhūva bhuvanāni viśvā | prajāpatiḥ prajayā saṃrarāṇas trīṇi jyotīṃṣi sacate sa ṣoḍaśī | iti yajamānaḥ ṣoḍaśi graham upatiṣṭhate |
1_veda/5_vedang/1_srauta/sankhssu.txt	4267	ā			ā tvā vahantu harayaḥ svādor itthā iti gāyatram tṛcam pāṅktam ca viharati |
1_veda/5_vedang/1_srauta/sankhssu.txt	4287	ā			ā dhūrṣu urum na iti dvipadām ca viṃśaty akṣarām triṣṭubham ca viharati |
1_veda/5_vedang/1_srauta/sankhssu.txt	4315	ā			ā yat patanti ity ekā |
1_veda/5_vedang/1_srauta/sankhssu.txt	4329	ā			pāntam ā vo andhasa iti stotriya anurūpau hotuḥ prathameṣu rātri paryāyeṣu |
1_veda/5_vedang/1_srauta/sankhssu.txt	4371	ā			ā tū na indra kṣumantam ā tū na indra vṛtrahann iti maitrāvaruṇasya |
1_veda/5_vedang/1_srauta/sankhssu.txt	4371	ā			ā tū na indra kṣumantam ā tū na indra vṛtrahann iti maitrāvaruṇasya |
1_veda/5_vedang/1_srauta/sankhssu.txt	4373	ā			ā indra sānasim ity uktha mukham |
1_veda/5_vedang/1_srauta/sankhssu.txt	4381	ā			ā tū na indra madryag ity uktha mukham |
1_veda/5_vedang/1_srauta/sankhssu.txt	4401	ā			ā tv etā ni ṣīdata ā tv aśatravā gahi iti maitrā varuṇasya |
1_veda/5_vedang/1_srauta/sankhssu.txt	4401	ā			ā tv etā ni ṣīdata ā tv aśatravā gahi iti maitrā varuṇasya |
1_veda/5_vedang/1_srauta/sankhssu.txt	4419	ā			upa naḥ sutam ā gahi somam indra ity uktha mukham |
1_veda/5_vedang/1_srauta/sankhssu.txt	4429	ā			ā tvā viśantv indava ā tvā viśantv āśava ity uttame |
1_veda/5_vedang/1_srauta/sankhssu.txt	4429	ā			ā tvā viśantv indava ā tvā viśantv āśava ity uttame |
1_veda/5_vedang/1_srauta/sankhssu.txt	4521	ā			brahma prajāvad ā bhara brahma ca te jāta veda ity agnaye brahmaṇvate |
1_veda/5_vedang/1_srauta/sankhssu.txt	4551	ā			ā te vatso mano yamat tubhyam tā aṅgirastama agniḥ pareṣu dhāmasv iti puronuvākyā vayam te adya aśyāma tam īḍe ca tvā ity āgneyasya |
1_veda/5_vedang/1_srauta/sankhssu.txt	4583	ā			agnir hotā gṛha patir havyavāḍ agnir ā viśva devam na pramiya indram vayam mahā dhana urum naḥ |
1_veda/5_vedang/1_srauta/sankhssu.txt	4631	ā			ā indra yāhi haribhiḥ sakhe viṣṇo |
1_veda/5_vedang/1_srauta/sankhssu.txt	4691	ā			ā yātv indro avasa iti marutvatīyam |
1_veda/5_vedang/1_srauta/sankhssu.txt	4693	ā			ā na indro dūrād iti niṣkevalyam |
1_veda/5_vedang/1_srauta/sankhssu.txt	4715	ā			vāyo ye te sahasriṇa iti dve tīvrāḥ somāsa ā gahi ity ekā śukrasya ādyā ity ekā ubhā devā divispṛśa iti dve ayam vām mitrā varuṇā iti catvāri tṛcāny uta syā naḥ sarasvatī ghorā iti prauga tṛcāni |
1_veda/5_vedang/1_srauta/sankhssu.txt	4731	ā			ā viśva devam ity anucaraḥ |
1_veda/5_vedang/1_srauta/sankhssu.txt	4745	ā			vāyav ā yāhi vītaya ity ekā vāyo yāhi śiva iti dve indraś ca vāyav eṣām sutānām iti dve ayam somaś camū suta ity ekā mitre varuṇe aśvināv ā iha gacchatam ā yāhy adribhiḥ sajūr viśvebhir devebhir uta naḥ priya iti prauga tṛcāni |
1_veda/5_vedang/1_srauta/sankhssu.txt	4745	ā			vāyav ā yāhi vītaya ity ekā vāyo yāhi śiva iti dve indraś ca vāyav eṣām sutānām iti dve ayam somaś camū suta ity ekā mitre varuṇe aśvināv ā iha gacchatam ā yāhy adribhiḥ sajūr viśvebhir devebhir uta naḥ priya iti prauga tṛcāni |
1_veda/5_vedang/1_srauta/sankhssu.txt	4745	ā			vāyav ā yāhi vītaya ity ekā vāyo yāhi śiva iti dve indraś ca vāyav eṣām sutānām iti dve ayam somaś camū suta ity ekā mitre varuṇe aśvināv ā iha gacchatam ā yāhy adribhiḥ sajūr viśvebhir devebhir uta naḥ priya iti prauga tṛcāni |
1_veda/5_vedang/1_srauta/sankhssu.txt	4775	ā			vāyo śukro ayāmi ta ity ekā vi hi hotrā iti dve indraś ca vāyav eṣām somānām yaś ciketā no viśvābhir ūtibhir ā tvā giro apatyam ity ekā yūyam hi ṣṭha iti dve iyam adadād iti prauga tṛcāni |
1_veda/5_vedang/1_srauta/sankhssu.txt	4813	ā			ā devo yātu savitā suratnaḥ pra dyāvā yajñaiḥ pṛthivī namobhiḥ pra ṛbhubhyaḥ pra śukra etu devi iti vaiśvadeve vikāraḥ |
1_veda/5_vedang/1_srauta/sankhssu.txt	4827	ā			ā no yajñam divispṛśam iti dve ā no vāyav ity ekā avām sahasrma iti tisra ṛdhag itthā iti dve pra mitrāya ity ekā imā u vām diviṣṭaya ā no viśvā suhavyo devam devam vo avase devam devam iyam adadād iti prauga tṛcāni |
1_veda/5_vedang/1_srauta/sankhssu.txt	4827	ā			ā no yajñam divispṛśam iti dve ā no vāyav ity ekā avām sahasrma iti tisra ṛdhag itthā iti dve pra mitrāya ity ekā imā u vām diviṣṭaya ā no viśvā suhavyo devam devam vo avase devam devam iyam adadād iti prauga tṛcāni |
1_veda/5_vedang/1_srauta/sankhssu.txt	4827	ā			ā no yajñam divispṛśam iti dve ā no vāyav ity ekā avām sahasrma iti tisra ṛdhag itthā iti dve pra mitrāya ity ekā imā u vām diviṣṭaya ā no viśvā suhavyo devam devam vo avase devam devam iyam adadād iti prauga tṛcāni |
1_veda/5_vedang/1_srauta/sankhssu.txt	4855	ā			mūrdhānam ā rudrāsa imam ūṣv iti nava iti samūḍhe |
1_veda/5_vedang/1_srauta/sankhssu.txt	4861	ā			ā tvā juva ā vām dhiya ity aindrā vāyavasya puronuvākye |
1_veda/5_vedang/1_srauta/sankhssu.txt	4861	ā			ā tvā juva ā vām dhiya ity aindrā vāyavasya puronuvākye |
1_veda/5_vedang/1_srauta/sankhssu.txt	4863	ā			stīrṇam barhir ā vām ratha iti yājye |
1_veda/5_vedang/1_srauta/sankhssu.txt	4869	ā			vṛṣann indra tām vām dhenum viśveṣu hi tvā mo ṣu vo asmad ā yan naḥ patnīs tā no rāsann iti neṣṭur dvipadā triṣṭup ca agnim hotāram dadhyan ha iti prātaḥ savane prasthitānām yajanti |
1_veda/5_vedang/1_srauta/sankhssu.txt	4887	ā			stīrṇam barhir ā vām ratho ayam mitrāya yuvām stomebhir vṛṣann indra ity ekā avar maha indra iti dve o ṣu ṇo agna iyam adadād iti prauga tṛcāni |
1_veda/5_vedang/1_srauta/sankhssu.txt	4899	ā			ā indra yāhy upa pra ghā nv asya upa no haribhir iti tisra iti niṣkevalyam |
1_veda/5_vedang/1_srauta/sankhssu.txt	4935	ā			pra vīrayā te satyena ud vām cakṣur ā gomatā no deva pra vo yajñeṣu pra codasā iti prauga tṛcāni |
1_veda/5_vedang/1_srauta/sankhssu.txt	4961	ā			vaiśvānaro na ūtaye | vaiśvānaro na ā gamad imam yajñam sajūr upa | agnir ukthena vāhasā |
1_veda/5_vedang/1_srauta/sankhssu.txt	4963	ā			vaiśvānaro aṅgirasām stomam yajñam ca jījanat | ā eṣu dyumnam svaryamat | pra yad vas triṣṭubham iti pañcadaśa nava vā arcantas tvā ity āgnimārute |
1_veda/5_vedang/1_srauta/sankhssu.txt	4971	ā			kuvid aṅga iti prathamā tṛtīye ā vāyo bhūṣa iti ca ekā yāvattaraḥ prati vām sūra udite apa svasur ayam somaḥ pra brahmāṇa uta syā naḥ sarasvatī juṣāṇā iti prauga tṛcāni |
1_veda/5_vedang/1_srauta/sankhssu.txt	4989	ā			ā vāyo bhūṣa iti prathamā tṛtīye ca uttamā ca dvitīyā caturthyau ca arvanto na śravasa iti ca divi kṣayantā viśva vārā indram nara ūrdhvo agniḥ pra kṣodasā iti prauga tṛcāni |
1_veda/5_vedang/1_srauta/sankhssu.txt	4993	ā			ā satyo yātv asmā id u ya indra tat ta indriyam aham bhuvam viśvajita iti niṣkevalyam |
1_veda/5_vedang/1_srauta/sankhssu.txt	4995	ā			abhi tvā deva pra vām mahi dyavī iti tṛcāv indra iṣa ity ekā te no ratnāni iti dve agnir uktha iti prabhṛti pañca manoḥ sūktāni ye triṃśati ity upottamām uddhṛtya na hi vo asty arbhaka ity ekā aśarmā iti catasro babhrur eka iti vā manu pravalho viśve devāsa ā gata iti tṛcam bhāradvājam iti vaiśvadeve vikāraḥ |
1_veda/5_vedang/1_srauta/sankhssu.txt	5065	ā			sakhāya ā śiṣāmahi iti nava |
1_veda/5_vedang/1_srauta/sankhssu.txt	5067	ā			ā dhūrṣv asmai vajram eka iti ca dvipade |
1_veda/5_vedang/1_srauta/sankhssu.txt	5077	ā			purastāc ca ā no bhadrīyāt pra śukrīyam iti vaiśvadeve vikāraḥ |
1_veda/5_vedang/1_srauta/sankhssu.txt	5111	ā			vācaspate hṛdvidhe nāman | vācaspatiḥ somam apād ā asmāsu nṛmṇam dhāḥ |
1_veda/5_vedang/1_srauta/sankhssu.txt	5131	ā			tena indram vīram ajanayat tata enān asurān abhyabhavat prajāpatiḥ | sa yeṣām vā evam vidvān hotā bhavati | ā vai tasya hotur vīro jāyate | ā teṣām yajamānānām vīrā jāyante | abhi vai sa hotā dviṣantam bhrātṛvyam bhavati | abhi te yajamānā dviṣato bhrātṛvyām bhavanti yeṣām evam vidvān hotā bhavati iti |
1_veda/5_vedang/1_srauta/sankhssu.txt	5131	ā			tena indram vīram ajanayat tata enān asurān abhyabhavat prajāpatiḥ | sa yeṣām vā evam vidvān hotā bhavati | ā vai tasya hotur vīro jāyate | ā teṣām yajamānānām vīrā jāyante | abhi vai sa hotā dviṣantam bhrātṛvyam bhavati | abhi te yajamānā dviṣato bhrātṛvyām bhavanti yeṣām evam vidvān hotā bhavati iti |
1_veda/5_vedang/1_srauta/sankhssu.txt	5229	ā			apidhāya sadaso dvārau śālāyāś ca adhvaryur vācam upākaroti | vāg yatāḥ sammīlya asata ā nakṣatrāṇām darśanāt |
1_veda/5_vedang/1_srauta/sankhssu.txt	5313	ā			ā yāhy arvān iti niṣkevalyam |
1_veda/5_vedang/1_srauta/sankhssu.txt	5343	ā			vāyo yāhi śivā vām sahasram tā vām viśvasyā vām vāhiṣṭhaḥ sakhāya ā śiṣāmahy uta no devy aditir uta naḥ priya iti prauga tṛcāni |
1_veda/5_vedang/1_srauta/sankhssu.txt	5355	ā			ā rudrāsas tvām agna ṛtāyava ity āgni mārutam |
1_veda/5_vedang/1_srauta/sankhssu.txt	5385	ā			agram piba tava vāyo sa tvam no deva iti tṛcaḥ śatena ā na ā no mitrā varuṇā no gomantam ataś cid indra ṇo viśve devā ṛtāvṛdha iti tṛcāni |
1_veda/5_vedang/1_srauta/sankhssu.txt	5385	ā			agram piba tava vāyo sa tvam no deva iti tṛcaḥ śatena ā na ā no mitrā varuṇā no gomantam ataś cid indra ṇo viśve devā ṛtāvṛdha iti tṛcāni |
1_veda/5_vedang/1_srauta/sankhssu.txt	5399	ā			vāyav ā yāhi darśata rathena pṛthu pājasā yad adya sūra udite prati vām sūra udita iti vā puru priyā ṇa upa no haribhir viśve devāsa ā gata iti bhāradvājam iti tṛcāni |
1_veda/5_vedang/1_srauta/sankhssu.txt	5399	ā			vāyav ā yāhi darśata rathena pṛthu pājasā yad adya sūra udite prati vām sūra udita iti vā puru priyā ṇa upa no haribhir viśve devāsa ā gata iti bhāradvājam iti tṛcāni |
1_veda/5_vedang/1_srauta/sankhssu.txt	5457	ā			ā yajñair bṛhad vayo agna ojiṣṭham ity ājyāni sarvatra uttamāḥ parihāpya |
1_veda/5_vedang/1_srauta/sankhssu.txt	5605	ā			ā satyo yātu |
1_veda/5_vedang/1_srauta/sankhssu.txt	5625	ā			samānam ā ukthya mukhīyāyāḥ |
1_veda/5_vedang/1_srauta/sankhssu.txt	5633	ā			ā indra yāhi haribhir iti pañcadaśa uddhṛtya sāvyam |
1_veda/5_vedang/1_srauta/sankhssu.txt	5675	ā			ā no bhadrīyam eka ahasya |
1_veda/5_vedang/1_srauta/sankhssu.txt	5691	ā			ā no mitrā varuṇā mitram vayam mitram huve ayam vām mitrā varuṇā purūruṇā cit prati vām sūra udite pra vo mitrāya yad adya sūra udite pra mitrayos tā naḥ śaktam iti stotriyā maitrā varuṇasya |
1_veda/5_vedang/1_srauta/sankhssu.txt	5693	ā			ā yāhi suṣuma indram id gāthina indreṇa sam hi indro dadhīca ut tiṣṭhann ojasā saha bhindhi viśvāḥ pra saṃrājam carṣaṇīnām tam indram vājayāmasi mahān indro ya ojasā yuñjanti bradhnam iti brāhmaṇācchaṃsinaḥ |
1_veda/5_vedang/1_srauta/sankhssu.txt	5695	ā			indra agnī ā gatam sutam indre agnā namo bṛhad iyam vām asya manas tā huve yayor idam indra agnī yuvām ime yajñasya hi stha ṛtvijā iyam vām asya manmanas tā huve yayor idam indre agnā namo bṛhat tam īḍiṣva tā hi śaśvanta iti vā acchāvākasya |
1_veda/5_vedang/1_srauta/sankhssu.txt	5723	ā			yuvam dakṣam ā no barhī riśādaso yam rakṣanti kathā rādhāma ṛju nītī no mā kasya adbhuta kratū mitro no atyaṃhitam mahi vo mahatām somasya mirā varuṇā te naḥ santu yujaḥ pra yo vām mitrā varuṇā mahitrīṇām ity eka pātinyaḥ |
1_veda/5_vedang/1_srauta/sankhssu.txt	5733	ā			yat soma ā suta iti dve |
1_veda/5_vedang/1_srauta/sankhssu.txt	5767	ā			sadyo hā na indro dūrād ā na āsād iti caturthe |
1_veda/5_vedang/1_srauta/sankhssu.txt	5775	ā			ā naḥ stuta upa vājebhir ūtyā satyo yātv iti ṣaṣṭhe |
1_veda/5_vedang/1_srauta/sankhssu.txt	5795	ā			ā dhūrṣv asmā iti ca dvipadā |
1_veda/5_vedang/1_srauta/sankhssu.txt	5821	ā			ā yāhi kṛṇavāma yo na indra abhita iti tṛcau |
1_veda/5_vedang/1_srauta/sankhssu.txt	5851	ā			tvām id ā vayam enam id ā hya iti stotriya anurūpau pragāthau |
1_veda/5_vedang/1_srauta/sankhssu.txt	5851	ā			tvām id ā vayam enam id ā hya iti stotriya anurūpau pragāthau |
1_veda/5_vedang/1_srauta/sankhssu.txt	5989	ā			tam vo dasmam tat tvā yāmy abhi pra vaḥ pra suśrutam ā tvā sahasram ā mandrair indra yo rājā nakiṣ ṭam na tvā bṛhantas tvam indra yaśās tvam indra pratūrtiṣu pibā sutasya rasino adhvaryo drāvaya iti vā |
1_veda/5_vedang/1_srauta/sankhssu.txt	5989	ā			tam vo dasmam tat tvā yāmy abhi pra vaḥ pra suśrutam ā tvā sahasram ā mandrair indra yo rājā nakiṣ ṭam na tvā bṛhantas tvam indra yaśās tvam indra pratūrtiṣu pibā sutasya rasino adhvaryo drāvaya iti vā |
1_veda/5_vedang/1_srauta/sankhssu.txt	6011	ā			ā vām rājānāv iti paryāsas tṛtīya pañcamayor madhyame ca chandome |
1_veda/5_vedang/1_srauta/sankhssu.txt	6023	ā			ā te agna idhīmahi so agnir yo vasur agnim tam manya iti stotriyaḥ | ā te agna ṛcā ity anurūpaḥ |
1_veda/5_vedang/1_srauta/sankhssu.txt	6023	ā			ā te agna idhīmahi so agnir yo vasur agnim tam manya iti stotriyaḥ | ā te agna ṛcā ity anurūpaḥ |
1_veda/5_vedang/1_srauta/sankhssu.txt	6057	ā			ā te vatso mano yamad ā agnir agāmi iti stotriya anurūpa prathame chandome |
1_veda/5_vedang/1_srauta/sankhssu.txt	6057	ā			ā te vatso mano yamad ā agnir agāmi iti stotriya anurūpa prathame chandome |
1_veda/5_vedang/1_srauta/sankhssu.txt	6065	ā			ā ghā ye agnim indhata imā abhi pra ṇonuma iti vā |
1_veda/5_vedang/1_srauta/sankhssu.txt	6117	ā			idam janā upa śruta narāśaṃsa staviṣyate | ṣaṣṭhim shasrā navatim ca kaurama ā ruśameṣu dadmahe |
1_veda/5_vedang/1_srauta/sankhssu.txt	6139	ā			praṣṭim dhāvantam haryor auccaihśravasam abruvan | svasty aśva jaitrāya indram ā vaha susrajam |
1_veda/5_vedang/1_srauta/sankhssu.txt	6149	ā			rājño viśva janīnasya yo devo martyān ati | vaiśvānarasya suṣṭutim ā śṛṇotā parikṣitaḥ |
1_veda/5_vedang/1_srauta/sankhssu.txt	6151	ā			parikṣin naḥ kṣemam akar uttama āsanam ā caran | kulāyam kṛṇvan kauravyaḥ patir vadati jāyayā |
1_veda/5_vedang/1_srauta/sankhssu.txt	6153	ā			katarat ta ā harāṇi dadhi manthām parisrutam | jāyā patim vi pṛcchati rāṣṭre rājñaḥ parikṣitaḥ |
1_veda/5_vedang/1_srauta/sankhssu.txt	6161	ā			etā aśvā ā plavante |
1_veda/5_vedang/1_srauta/sankhssu.txt	6243	ā			vitatau kiraṇau dvau tāv ā pinaṣṭi pūruṣaḥ | na vai kumāri tat tathā yathā kumāri manyase |
1_veda/5_vedang/1_srauta/sankhssu.txt	6299	ā			tvam na indrā bhara tad indra ava ā bhara iti stotriya anurūpau |
1_veda/5_vedang/1_srauta/sankhssu.txt	6305	ā			ā indra no gadhyed u madhvo madintaram iti madhye |
1_veda/5_vedang/1_srauta/sankhssu.txt	7825	ā			agna ā yāhy agnibhiḥ pra vo yahvam iti pragāthau |
1_veda/5_vedang/1_srauta/sankhssu.txt	7887	ā			ā vo rājānam iti raudryāḥ |
1_veda/5_vedang/1_srauta/sankhssu.txt	7891	ā			ā no yajñam divi spṛśam ā no vāyav ity agniṣṭoma sāmnaḥ stotriya anurūpau pragāthau |
1_veda/5_vedang/1_srauta/sankhssu.txt	7891	ā			ā no yajñam divi spṛśam ā no vāyav ity agniṣṭoma sāmnaḥ stotriya anurūpau pragāthau |
1_veda/5_vedang/1_srauta/sankhssu.txt	7921	ā			ā ha vā eṣa sarvābhyo devatābhyo vṛścyate yo agni ṣṭutā yajate |
1_veda/5_vedang/1_srauta/sankhssu.txt	8093	ā			ā ya aindrāgna aindro vṛṣṇiḥ | sārasvatī meṣī | marudbhya ujjeṣebhyo vaśā pṛśniḥ pañcamī kratu paśūnām |
1_veda/5_vedang/1_srauta/sankhssu.txt	8141	ā			ā tvā ratham yathā ūtaya ity eva pratipadyeta |
1_veda/5_vedang/1_srauta/sankhssu.txt	8197	ā			tatra purastād ā no bhadrīyasya madhu nāḍyau vihared iti paiṅgyam |
1_veda/5_vedang/1_srauta/sankhssu.txt	8341	ā			eṣo uṣā dūrād iha eva udīrāthām ā me havam ity anupūrvam navarcāni |
1_veda/5_vedang/1_srauta/sankhssu.txt	8343	ā			ā bhāti iti hotuḥ |
1_veda/5_vedang/1_srauta/sankhssu.txt	8347	ā			ā gomata iti brāhmaṇācchaṃsinaḥ |
1_veda/5_vedang/1_srauta/sankhssu.txt	8355	ā			ime somāsa ime mandrāso atyā yātam nivata ā no gacchatam havana iti yājyāḥ |
1_veda/5_vedang/1_srauta/sankhssu.txt	8763	ā			ya imā viśvā jātāny ā devo yātu savitā suratno viśvāni deva savitaḥ sa ghā no devaḥ savitā viśva devam na pramiye |
1_veda/5_vedang/1_srauta/sankhssu.txt	8905	ā			utsakthyor ava gudam dhehy arvāñcam añjim ā bhara | yaḥ strīṇām jīva bhojanaḥ | iti |
1_veda/5_vedang/1_srauta/sankhssu.txt	8935	ā			pṛcchāmi tvā citaye deva sakha yadi tvam atra manasā jagantha | keṣu viṣṇus triṣu padeṣv iṣṭaḥ keṣu viśvam bhuvanam ā viveśa |
1_veda/5_vedang/1_srauta/sankhssu.txt	8937	ā			api teṣu triṣu padeṣv asmi yeṣu viśvam bhuvanam ā viveśa | sadyaḥ paryemi pṛthivīm uta dyām ekena aṅgena divo asya pṛṣṭham |
1_veda/5_vedang/1_srauta/sankhssu.txt	8939	ā			keṣv antaḥ puruṣa ā viveśa kāny antaḥ puruṣe arpitāni | etad brahmann upa vaḍhām asi tvā kim svin naḥ prativocāsy atra |
1_veda/5_vedang/1_srauta/sankhssu.txt	8941	ā			pañcasv antaḥ puruṣa ā viveśa tāny antaḥ puruṣe arpitāni | etat tvā atra prati manvāno asmi na māyayā bhavasy uttaro mat |
1_veda/5_vedang/1_srauta/sankhssu.txt	9177	ā			ā sa etu ya īvadā iti ca sūktam |
1_veda/5_vedang/1_srauta/sankhssu.txt	9245	ā			uta devā avahitam muñcāmi tvā haviṣā jīvanāya kamakṣībhyām te nāsikābhyām vāta ā vātu bheṣajam ity anupūrvam sūktaiḥ |
1_veda/5_vedang/1_srauta/sankhssu.txt	9377	ā			āvir maryā ā vājam vājino agman | devasya savituḥ save svargān arvanto jayat | iti ca |
1_veda/5_vedang/1_srauta/sankhssu.txt	9421	ā			parikarmiṇa ārohanti | te juhvaty ā udayāt |
1_veda/5_vedang/1_srauta/sankhssu.txt	9557	ā			ā hy ekā jagatī te dve gāyatryau |
1_veda/5_vedang/1_srauta/sankhssu.txt	9991	ā			ā tvā ratham yathā ūtaya iti marutvatīyasya pratipat |
1_veda/5_vedang/1_srauta/sankhssu.txt	10161	ā			sa visṛṣṭa vān matsaram vininīṣamāṇa āsta ā stotrasya pravadanāt |
1_veda/5_vedang/1_srauta/sankhssu.txt	10177	ā			prokte hotā vācam yacchaty ā anuvaṣaṭ kārāt |
1_veda/5_vedang/1_srauta/sankhssu.txt	10269	ā			ya eka idd havyaś carṣaṇīnām iti sūktam tat pacchas tasya dvitīyām uddhṛtya viśvo hy anyo arir ā jagāma iti yā etasya dvitīyā tām iha dvitīyām karoti sūktam śastvā atha sūda dohasam |
1_veda/5_vedang/1_srauta/sankhssu.txt	10287	ā			viśvo hy anyo arir ā jagāma iti sūktam tat pacchas tasya dvitīyām uddhṛtya ya eka idd havyaś carṣaṇīnām iti yā etasya dvitīyā tām iha dvitīyām karoti |
1_veda/5_vedang/1_srauta/sankhssu.txt	10319	ā			ā ghā ye agnim indhata iti caturdaśa |
1_veda/5_vedang/1_srauta/sankhssu.txt	10331	ā			ā tvā viśantv indava iti catvāri |
1_veda/5_vedang/1_srauta/sankhssu.txt	10375	ā			ā vṛṣasva purūvaso iti dvau |
1_veda/5_vedang/1_srauta/sankhssu.txt	10417	ā			ā no viśvāsu havya iti trayaḥ |
1_veda/5_vedang/1_srauta/sankhssu.txt	10419	ā			tvām id ā hyo nara iti catvāraḥ |
1_veda/5_vedang/1_srauta/sankhssu.txt	10423	ā			teṣām dvau pragāthā utsṛjati indra nihavam ca vaiśvadevam ca ā no viśve sajoṣasa iti |
1_veda/5_vedang/1_srauta/sankhssu.txt	10431	ā			ayam te astu haryata ā mandrair indra haribhir iti sūkte |
1_veda/5_vedang/1_srauta/sankhssu.txt	10443	ā			sakhāya ā śiṣāmahi iti nava |
1_veda/5_vedang/1_srauta/sankhssu.txt	10445	ā			ya eka id vidayata ā yāhy adribhiḥ sutam iti dve tṛce |
1_veda/5_vedang/1_srauta/sankhssu.txt	10455	ā			ā tū na indra vṛtrahann ity eka viṃśatiḥ |
1_veda/5_vedang/1_srauta/sankhssu.txt	10457	ā			ā va indram krivim yathā yad indra aham yathā tvam iti pañcadaśarce |
1_veda/5_vedang/1_srauta/sankhssu.txt	10461	ā			ā pra drava parāvata iti nava |
1_veda/5_vedang/1_srauta/sankhssu.txt	10493	ā			ā yāhi vanasā saha iti catasraḥ |
1_veda/5_vedang/1_srauta/sankhssu.txt	10497	ā			pra va indrāya vṛtrahantamāya viprā gātham gāyata yaj jujoṣati | arcanty arkam marutaḥ svarkā ā stobhati śruto yuvā sa indraḥ |
1_veda/5_vedang/1_srauta/sankhssu.txt	10499	ā			upaprakṣe madhumati kṣiyantaḥ puṣyema rayim dhīmahe ta indra | viśvato dāvan viśvato na ā bhara yam tvā śaviṣṭham īmahe | sa supraṇītī nṛtamaḥ svarāḍ asi maṃhiṣṭho vāja sātaye | tvam hi rādhasyata eka īśiṣe sanād amṛkta ojasā | iti ṣaṭ |
1_veda/5_vedang/1_srauta/sankhssu.txt	10501	ā			ā dhūrṣv asmai vajram eko ayā vājam deva hitam sanema iti |
1_veda/5_vedang/1_srauta/sankhssu.txt	10531	ā			asāvi soma indra ta iti ṣaṭ | ā nas te gantu matsara iti catasraḥ |
1_veda/5_vedang/1_srauta/sankhssu.txt	10543	ā			ā indra yāhi haribhir iti pañcadaśa |
1_veda/5_vedang/1_srauta/sankhssu.txt	10549	ā			ā tvā giro rathīr iva iti sarvam |
1_veda/5_vedang/1_srauta/sankhssu.txt	10565	ā			ā yāhy arvān upa vandhureṣṭhā yudhmasya te vṛṣabhasya svarāja iti sūkte |
1_veda/5_vedang/1_srauta/sankhssu.txt	10569	ā			ā satyo yātu maghavān ṛjīṣī iti sarvam |
1_veda/5_vedang/1_srauta/sankhssu.txt	10631	ā			tat śastvā ā no bhadrīye nividam dadhāti |
1_veda/5_vedang/1_srauta/vaitss_u.txt	39	ā			uttarato 'gner dakṣiṇato 'parāgnibhyāṃ prapadyāsādaṃ vīks | ya ahe daidhiṣavya ityādy ā dyāvāpṛthivyoḥ samīkṣaṇāt ||
1_veda/5_vedang/1_srauta/vaitss_u.txt	43	ā			praṇītāsu praṇīyamānāsu vācaṃ yacchaty ā haviṣkṛta udvādanāt ||
1_veda/5_vedang/1_srauta/vaitss_u.txt	83	ā			ā devānām iti sauviṣṭakṛtam ||
1_veda/5_vedang/1_srauta/vaitss_u.txt	501	ā			yad atrāpi rasasya me parā papātāsmṛtam | tad ihopahvayāmahe tan ma ā pyāyatāṃ punaḥ iti retasaḥ ||
1_veda/5_vedang/1_srauta/vaitss_u.txt	557	ā			tā upaspṛśya somam āpyāyayanti aṃśur aṃśuṣ ṭe deva somāpyāyatām indrāyaikadhanavide | ā tubhyam indraḥ pyāyatām ā tvam indrāya pyāyasva || āpyāyayāsmānt sakhīnt sanyā medhayā prajayā dhanena | svasti te deva soma sutyām udṛcam aśīya iti ||
1_veda/5_vedang/1_srauta/vaitss_u.txt	557	ā			tā upaspṛśya somam āpyāyayanti aṃśur aṃśuṣ ṭe deva somāpyāyatām indrāyaikadhanavide | ā tubhyam indraḥ pyāyatām ā tvam indrāya pyāyasva || āpyāyayāsmānt sakhīnt sanyā medhayā prajayā dhanena | svasti te deva soma sutyām udṛcam aśīya iti ||
1_veda/5_vedang/1_srauta/vaitss_u.txt	573	ā			gharmaṃ tapāmy amṛtasya dhārayā devebhyo havyaṃ paridāṃ savitre | śukraṃ devāḥ śṛtam adantu havyam āsañ juhvānam amṛtasya yonau || devānām adhipā eti gharma ṛtena bhrājann amṛtaṃ vicaṣṭe | hiraṇyavarṇo nabhaso deva sūryo gharmo bhrājan divo antān paryeṣi vidyutā || vaiśvānaraḥ samudraṃ paryeti śukro gharmo bhrājan tejasā rocamānaḥ | nudañ chatrūn pradahan me sapatnān ādityo dyām adhyarukṣad vipaścit || vi dyotate dyotata ā ca dyotata apsv antar amṛto gharma udyan || hantā vṛtrasya haritām anīkam anādhṛṣṭās tanvaḥ sūryasya || gharmaḥ paścād uta gharmaḥ purastād ayodaṃṣṭrāya dviṣato 'pi dadhmaḥ | vaiśvānaraḥ śītarūre vasānaḥ sapatnān me dviṣato hantu sarvān | ṛtūn ṛtubhiḥ śrapayati brahmaṇaikavīro gharmaḥ śucānaḥ samidhā samiddhaḥ || brahma tvā tapati brahmaṇā tejasā ca || gharmaḥ sāhasraḥ samidhā samiddhaḥ | asapatnāḥ pradiśo me bhavantu | sapatnān sarvān me sūryo hantu vaiśvānaro hariḥ || gharmas taptaḥ pra dahatu bhrātṛvyān dviṣato vṛṣā | udyan me śukra ādityo vimṛdho hantu sūryaḥ || brahma jajñānam iyaṃ pitryā iti śastravad ardharcaśa āhāvapratigaravarjam ||
1_veda/5_vedang/1_srauta/vaitss_u.txt	677	ā			stutasya stutam asy ūrjasvat payasvat | ūrjaṃ mahyaṃ stutaṃ duhām ā mā stutasya stutaṃ gamet | indriyāvanto havāmahe dhukṣīmahi prajām iṣam | sā me satyāśīr deveṣv astu | brahmavarcasaṃ mā gamayet iti stotram anumantrayate ||
1_veda/5_vedang/1_srauta/vaitss_u.txt	745	ā			anuvaṣaṭkārāṇām ā devānām iti | anuhomāṃś ca | maitrāvaruṇam aindraṃ mārutaṃ tvāṣṭram āgneyam ||
1_veda/5_vedang/1_srauta/vaitss_u.txt	757	ā			bhakṣita ātmānaṃ pratyabhimṛśanti śaṃ no bhava hṛda ā pīta indro piteva soma sūnave suśevaḥ | sakheva sakhya uruśaṃsa dhīraḥ pra ṇa āyur jīvase soma tārīḥ || hinvā me gātrā harivo gaṇān me mā vyarīriṣaḥ | śivo me saptarṣīn upatiṣṭha mā me 'vāg nābhir abhi gāḥ iti ||
1_veda/5_vedang/1_srauta/vaitss_u.txt	759	ā			camasān āpyāyayanty ā pyāyasva saṃ te payāṃsi iti ||
1_veda/5_vedang/1_srauta/vaitss_u.txt	785	ā			mano nv ā hvāmahi iti mana upāhvayante ||
1_veda/5_vedang/1_srauta/vaitss_u.txt	809	ā			ukthapratigaram āha | ukthasaṃpatsu om ukthaśā ukthaśā yajokthaśāḥ iti | sāmnā śastram upasaṃtanoti | ardharcaśo mandrayā vācā | balīyasyā mādhyaṃdine | baliṣṭhatamayā tṛtīyasavane | uttariṇyottariṇyotsahed ā samāpanāt ||
1_veda/5_vedang/1_srauta/vaitss_u.txt	811	ā			ā yāhi suṣumā hi te ā no yāhi sutāvataḥ iti stotriyānurūpau ||
1_veda/5_vedang/1_srauta/vaitss_u.txt	811	ā			ā yāhi suṣumā hi te ā no yāhi sutāvataḥ iti stotriyānurūpau ||
1_veda/5_vedang/1_srauta/vaitss_u.txt	857	ā			hiraṇyahasto yajamāno bahirvedi dakṣiṇā āyatīḥ ā gāvaḥ iti pratyuttiṣṭhati ||
1_veda/5_vedang/1_srauta/vaitss_u.txt	925	ā			hāriyojanahomam ā mandraiḥ iti ||
1_veda/5_vedang/1_srauta/vaitss_u.txt	1015	ā			ṣoḍaśini graham upatiṣṭhante ya ā babhūva bhuvanāni viśvā yasmād anyan na paraṃ kiṃ canāsti | prajāpatiḥ prajābhiḥ saṃvidānas trīṇi jyotīṃṣi dadhate sa ṣoḍaśī iti
1_veda/5_vedang/1_srauta/vaitss_u.txt	1069	ā			tīrthadeśe rathacakram āruhyāparājitābhimukho 'śvarathān īkṣamāṇa āsīno vājasāmābhigāyati triḥ āvir maryā ā vājaṃ vājino 'gman | devasya savituḥ save svargam arvanto jayema iti ||
1_veda/5_vedang/1_srauta/vaitss_u.txt	1075	ā			mādhyaṃdine indra kratuṃ na ā bhara iti stotriyaḥ | indra jyeṣṭham ud u tye madhumattamāḥ iti vā ||
1_veda/5_vedang/1_srauta/vaitss_u.txt	1089	ā			yuñjanti bradhnam aruṣam iti stotriyam | abhitaḥ ā yāhi iti ||
1_veda/5_vedang/1_srauta/vaitss_u.txt	1091	ā			bhindhi viśvā apa dviṣaḥ ity anurūpam | abhitaḥ ā no yāhi iti ||
1_veda/5_vedang/1_srauta/vaitss_u.txt	1109	ā			ā nūnam aśvinā yuvam taṃ vāṃ ratham iti sūkte | pūrvasya daśamīṃ dvādaśīm uttaraṃ ca pacchaḥ ||
1_veda/5_vedang/1_srauta/vaitss_u.txt	1143	ā			ā tvāhārṣam ity unnītam ||
1_veda/5_vedang/1_srauta/vaitss_u.txt	1149	ā			ā no bhara iti vanīvāhane vācayati ||
1_veda/5_vedang/1_srauta/vaitss_u.txt	1319	ā			abhiplave ā yāhi suṣumā hi te iti ṣaḍ ājyastotriyā ārambhaṇīyāparyāsavarjam ||
1_veda/5_vedang/1_srauta/vaitss_u.txt	1321	ā			vātrahatyāya śavase śuṣmintamaṃ na ūtaye ā tū na indra madryak upa naḥ sutam ā gahi yad indrāhaṃ yathā tvam aśīya apām ūrmir madann iva iti tṛcān āvapate ||
1_veda/5_vedang/1_srauta/vaitss_u.txt	1321	ā			vātrahatyāya śavase śuṣmintamaṃ na ūtaye ā tū na indra madryak upa naḥ sutam ā gahi yad indrāhaṃ yathā tvam aśīya apām ūrmir madann iva iti tṛcān āvapate ||
1_veda/5_vedang/1_srauta/vaitss_u.txt	1371	ā			etā aśvā ā plavante ity aitaśapralāpaṃ padāvagrāham | tāsām uttamena pādena praṇauti ||
1_veda/5_vedang/1_srauta/vaitss_u.txt	1407	ā			svarasāmasu ā yāhi suṣumā hi te indram id gāthino bṛhat indreṇa saṃ hi dṛkṣase iti ||
1_veda/5_vedang/1_srauta/vaitss_u.txt	1413	ā			citraṃ devānām ud agād anīkam tat sūryasya devatvaṃ tan mahitvam iti pṛṣṭhastotriyānurūpau | baṇ mahā | m asi sūrya śrāyanta iva sūryam iti vā | indra kratuṃ na ā bhara indra jyeṣṭhaṃ na ā bhara iti vā ||
1_veda/5_vedang/1_srauta/vaitss_u.txt	1413	ā			citraṃ devānām ud agād anīkam tat sūryasya devatvaṃ tan mahitvam iti pṛṣṭhastotriyānurūpau | baṇ mahā | m asi sūrya śrāyanta iva sūryam iti vā | indra kratuṃ na ā bhara indra jyeṣṭhaṃ na ā bhara iti vā ||
1_veda/5_vedang/1_srauta/vaitss_u.txt	1421	ā			ukte yonī | indra kratuṃ na ā bhara iti tṛtīyām ||
1_veda/5_vedang/1_srauta/vaitss_u.txt	1431	ā			surūpakṛtnum ūtaye iti dvādaśarcaḥ | sa ghā no yoga ā bhuvat iti dvātriṃśatam | vīlu cid ārujatnubhiḥ iti ṣaṭtriṃśatam āvapate ||
1_veda/5_vedang/1_srauta/vaitss_u.txt	1435	ā			uttarayor aṣṭarcam ā satyo yātu maghavā | m ṛjīṣī iti cāvapate ||
1_veda/5_vedang/1_srauta/vaitss_u.txt	1441	ā			tṛtīye adhvaryavo 'ruṇam yo adribhit prathamajā ṛtāvā ā yātv indraḥ svapatir madāya iti ||
1_veda/5_vedang/1_srauta/vaitss_u.txt	1605	ā			tau yajamāno 'bhimethati svargeṇa lokena saṃprorṇuvāthām adhāma sakthyor ava gudaṃ dhehi | arvāñcam añjim ā bhara yat strīṇāṃ jīvabhojanam iti ||
1_veda/5_vedang/1_srauta/vaitss_u.txt	1663	ā			atha bhaiṣajyāya yajamānam akṣībhyāṃ te muñcāmi tvā uta devāḥ yasyās te apeta etu vāta ā vātu iti | methane brahmā suprapāṇā ca veśantā iti ||
1_veda/5_vedang/1_srauta/vaitss_u.txt	1705	ā			vrātyastomeṣu ā tvetā ni ṣīdata adhā hīndra girvaṇaḥ iti ||
1_veda/5_vedang/1_srauta/vaitss_u.txt	1707	ā			agniṣṭutsu īlenyo namasyaḥ agniṃ dūtaṃ vṛṇīmahe agnim īliṣvāvase agna ā yāhy agnibhiḥ iti ||
1_veda/5_vedang/1_srauta/vaitss_u.txt	1711	ā			gosavavivadhavaiśyastomeṣu indraṃ vo viśvatas pari ā no viśvāsu havya indraḥ iti ||
1_veda/5_vedang/1_srauta/vaitss_u.txt	1719	ā			indrastome indra kratuṃ na ā bhara tava tyad indriyaṃ bṛhat iti ||
1_veda/5_vedang/1_srauta/vaitss_u.txt	1755	ā			viṣuvati indra kratuṃ na ā bhara iti ||
1_veda/5_vedang/1_srauta/vaitss_u.txt	1819	ā			tanūpṛṣṭhe abhi tvā śūra nonumaḥ tvām id dhi havāmahe yad dyāva indra te śatam pibā somam indra mandatu tvā kayā naś citra ā bhuvat revatīr naḥ sadhamāde iti ||
1_veda/5_vedang/1_srauta/vaitss_u.txt	1829	ā			dvyahaprabhṛtayo 'hīnā ā dvādaśāhāt | anyatarato 'tirātrāt ||
1_veda/5_vedang/2_grhya/asvgs_u.txt	11	ā			ā te agna || ṛcā havirhṛdā taṣṭam bharāmasi || te te bhavantu ukṣaṇa ṛṣabhāso vaśā uta || iti | eta eva ma ukṣāṇaś ca ṛṣabhāś ca vaśāś ca bhavanti ya imam svādhyāyam adhīyata iti |
1_veda/5_vedang/2_grhya/asvgs_u.txt	157	ā			vivāha agnim upasamādhāya paścād asya anaḍuham carma āstīrya prāg grīvam uttara loma tasminn upaviṣṭāyām mananvārabdhāyām || ā naḥ prajām janayatu prajāpatir || iti catasṛbhiḥ pratyṛcam hutvā || sam añjantu viśve devā || iti dadhnaḥ prāśya pratiprayacched ājya śeṣeṇa vā anakti hṛdaye |
1_veda/5_vedang/2_grhya/asvgs_u.txt	327	ā			abhivādanīyam ca samīkṣeta tan mātā pitarau vidyātām ā upanayanāt |
1_veda/5_vedang/2_grhya/asvgs_u.txt	409	ā			ā ṣoḍaśād brāhmaṇasya anatītaḥ kālaḥ |
1_veda/5_vedang/2_grhya/asvgs_u.txt	411	ā			ā dvāviṃśāt kṣatriyasya |
1_veda/5_vedang/2_grhya/asvgs_u.txt	413	ā			ā caturviṃśād vaiṣyasya |
1_veda/5_vedang/2_grhya/asvgs_u.txt	563	ā			na māṃsam aśnīyur na striyam upeyu ā krator apavargāt |
1_veda/5_vedang/2_grhya/asvgs_u.txt	659	ā			na enam antarā vyaveyur ā paridānāt |
1_veda/5_vedang/2_grhya/asvgs_u.txt	661	ā			sarpa deva janebhyaḥ svāhā iti sāyam prātar balim hared ā pratyavarohaṇāt |
1_veda/5_vedang/2_grhya/asvgs_u.txt	849	ā			atha enām ucchrīyamāṇām anumantrayeta iha eva tiṣṭha nimitā tilvakās tām irāvatīm | madhye poṣasva tiṣṭhanti imā tvā prāpann aghāyavaḥ || ā tvā kumāras taruṇa ā vatso jāyatām saha | ā tvā pariśritaḥ kumbha ā dadhnaḥ kalaśair ayann iti |
1_veda/5_vedang/2_grhya/asvgs_u.txt	849	ā			atha enām ucchrīyamāṇām anumantrayeta iha eva tiṣṭha nimitā tilvakās tām irāvatīm | madhye poṣasva tiṣṭhanti imā tvā prāpann aghāyavaḥ || ā tvā kumāras taruṇa ā vatso jāyatām saha | ā tvā pariśritaḥ kumbha ā dadhnaḥ kalaśair ayann iti |
1_veda/5_vedang/2_grhya/asvgs_u.txt	849	ā			atha enām ucchrīyamāṇām anumantrayeta iha eva tiṣṭha nimitā tilvakās tām irāvatīm | madhye poṣasva tiṣṭhanti imā tvā prāpann aghāyavaḥ || ā tvā kumāras taruṇa ā vatso jāyatām saha | ā tvā pariśritaḥ kumbha ā dadhnaḥ kalaśair ayann iti |
1_veda/5_vedang/2_grhya/asvgs_u.txt	849	ā			atha enām ucchrīyamāṇām anumantrayeta iha eva tiṣṭha nimitā tilvakās tām irāvatīm | madhye poṣasva tiṣṭhanti imā tvā prāpann aghāyavaḥ || ā tvā kumāras taruṇa ā vatso jāyatām saha | ā tvā pariśritaḥ kumbha ā dadhnaḥ kalaśair ayann iti |
1_veda/5_vedang/2_grhya/asvgs_u.txt	993	ā			sāyam uttara apara abhimukho anvaṣṭama deśam sāvitrīm japed ardha astamite maṇḍala ā nakṣatra darśanāt |
1_veda/5_vedang/2_grhya/asvgs_u.txt	997	ā			prān mukhas tiṣṭhann ā maṇḍala darśanāt |
1_veda/5_vedang/2_grhya/asvgs_u.txt	1069	ā			ā mandrair indra haribhir || iti ca |
1_veda/5_vedang/2_grhya/asvgs_u.txt	1097	ā			ā tvā ahārṣam || iti paścād rathasya avasthāya |
1_veda/5_vedang/2_grhya/asvgs_u.txt	1289	ā			yatra udakam avahad bhavati tat prāpya sakṛd unmajjya eka añjalim utsṛjya tasya gotram nāma ca gṛhītvā uttīrya anyāni vāsāṃsi paridhāya sakṛd enāny āpīḍya udag daśāni visṛjya āsata ā nakṣatra darśanāt |
1_veda/5_vedang/2_grhya/asvgs_u.txt	1355	ā			tam dīpayamānā āsata ā śānta rātrād āyuṣmatām kathāḥ kīrtayanto māṅgalyāni itihāsa purāṇāni ity ākhyāpayamānāḥ |
1_veda/5_vedang/2_grhya/asvgs_u.txt	1357	ā			uparateṣu śabdeṣu sampraviṣṭeṣu vā gṛham niveśanam vā dakṣiṇād dvāra pakṣāt prakramya avicchinām udaka dhārām haret || tantum tanvan rajaso bhānum anvihi || ity ā uttarasmāt |
1_veda/5_vedang/2_grhya/asvgs_u.txt	1375	ā			āsate asvapanta ā udayāt |
1_veda/5_vedang/2_grhya/asvgs_u.txt	1455	ā			śirasta ā bhasataḥ |
1_veda/5_vedang/2_grhya/asvgs_u.txt	1485	ā			caturbhiḥ sūktaiś catasro diśa upatiṣṭheta || kad rudrāya imā || rudrāyā te || pitaram ā rudrāya sthira dhanvana || iti |
1_veda/5_vedang/2_grhya/jaimigsu.txt	145	ā			ā vāsasaḥ paridhānādbṛhaspatirviśve devā abhirakṣantu paścātsvāhā ||
1_veda/5_vedang/2_grhya/jaimigsu.txt	171	ā			ā naḥ prajāṃ janayatu prajāpatirājarasāya samanatkaryamā |
1_veda/5_vedang/2_grhya/jaimigsu.txt	349	ā			śanaiścarastu saurāṣṭro rāhustu pūrvadeśikaḥ ketuḥ parvata ityete deśānāṃ grahajāta iti arkasamidhamādityāya prādeśamātrābhidhāritānāmyādibhirjuhuyāt khādiramaṅgārakāya pālāśaṃ somāyāpāmārgaṃ budhāyāśvatthaṃ bṛhaspataya audumbaraṃ śukrāya śamīṃ śanaiścarāya rāhordūrvāḥ ketoḥ kuśāgramityaṣṭāviṃśatimājyāhutīrjuhotyetābhiḥ pakvāgnerjuhotyādityāya ilodanaṃ haviṣyamannamaṅgārakāya somāya ghṛtapāyasaṃ payodanaṃ bṛhaspataye kṣīrodanaṃ śukrāya dadhyodanaṃ budhāya tilapiṣṭamāṣodanaṃ śanaiścarāya rāhormāṃsodanaṃ ketościtrodanamiti ā satyenetyādityāya agnirmūrdhā diva ityaṅgārakāya āpyāyasva sametu iti somāya brahma jajñānamiti budhāya bṛhaspate ati yadarya iti bṛhaspataye asya pratnāmanu dyutamiti śukrāya śaṃ no devīrabhiṣṭaya iti śanaiścarāya kayā naścitra ābhuvaditi rāhoḥ ketuṃ kṛṇavannaketava ithi ketoḥ raktaṃ dhenumādityāya raktamanaḍvāhamaṅgārakāya somāya śaṅkhaṃ budhāya kāñcanaṃ bṛhaspataye vāsaḥ śukrāya hayaṃ nīlāṃ gāṃ śanaiścarāya rāhoḥ kṛṣṇāyasaṃ ketoḥ kuñjaramiti sarveṣāmapi hiraṇyaṃ vā yena vā tuṣyatyācāryastaddadāti yathā samutthitaṃ yantraṃ yantreṇa pratihanyate |
1_veda/5_vedang/2_grhya/kaussu_u.txt	93	ā			ulūkhalamusalaṃ śūrpaṃ prakṣālitaṃ carmaṇi ādhāya vrīhīn ulūkhala opyāvaghnaṃs trir haviṣkṛtā vācaṃ visṛjati haviṣkṛd ā dravehi iti
1_veda/5_vedang/2_grhya/kaussu_u.txt	119	ā			purastād agner āstīrya teṣāṃ mūlāni apareṣāṃ prāntair avachādayan parisarpati dakṣiṇenāgnim ā paścārdhāt
1_veda/5_vedang/2_grhya/kaussu_u.txt	155	ā			abhighārya udañcam udvāsayati ud vāsayāgneḥ śṛtam akarma havyam ā sīda pṛṣṭham amṛtasya dhāma iti
1_veda/5_vedang/2_grhya/kaussu_u.txt	181	ā			darbhaiḥ sruvaṃ nirmṛjya niṣṭaptaṃ rakṣo niṣṭaptā arātayaḥ pratyuṣṭaṃ rakṣaḥ pratyuṣṭā arātayaḥ iti pratapya mūle sruvaṃ gṛhītvā japati viṣṇor hasto asi dakṣiṇaḥ pūṣṇā datto bṛhaspateḥ | taṃ tvāhaṃ sruvam ā dade devānāṃ havyavāhanam || ayaṃ sruvo vi dadhāti homān śatākṣarachandasā jāgatena | sarvā yajñasya samanakti viṣṭhā bārhaspatyā iṣṭiḥ śarmaṇā daivyena iti
1_veda/5_vedang/2_grhya/kaussu_u.txt	261	ā			ā devānām api panthām aganma yac chaknavāma tad anupravoḍhum | agnir vidvān sa yajāt sa id dhotā so 'dhvarān sa ṛtūn kalpayāti || agnaye sviṣṭakṛte svāhā ity uttarapūrvārdhe avayutaṃ hutvā sarvaprāyaścittīyān homān juhoti
1_veda/5_vedang/2_grhya/kaussu_u.txt	263	ā			svāheṣṭebhyaḥ svāhā | vaṣaḍ aniṣṭebhyaḥ svāhā | bheṣajaṃ sviṣṭyai svāhā | niṣkṛtir duriṣṭyai svāhā | daivībhyas tanūbhyaḥ svāhā | ayāś cāgne 'sy anabhiśastiś ca satyam it tvam ayā asi | ayāsā manasā kṛto 'yās san havyam ūhiṣe | ā ayā | no dhehi bheṣajam || svāhā iti | oṃ svāhā bhūḥ svāhā bhuvaḥ svāhā svaḥ svāhoṃ bhūr bhuvaḥ svaḥ svāhā iti
1_veda/5_vedang/2_grhya/kaussu_u.txt	435	ā			grahaṇam ā grahaṇāt
1_veda/5_vedang/2_grhya/kaussu_u.txt	443	ā			stuvānam idaṃ haviḥ nissālām arāyakṣayaṇam śaṃ no devī pṛśniparṇī ā paśyati tānt satyaujāḥ tvayā pūrvam purastād yuktaḥ rakṣohaṇam iti anuvākaś cātanāni
1_veda/5_vedang/2_grhya/kaussu_u.txt	767	ā			acikradat ā tvā gan iti yasmād rāṣṭrād avaruddhas tasyāśāyāṃ śayanavidhaṃ puroḍāśaṃ darbheṣūdake ninayati
1_veda/5_vedang/2_grhya/kaussu_u.txt	807	ā			kṛtasaṃpannān akṣān ā tṛtīyaṃ vicinoti
1_veda/5_vedang/2_grhya/kaussu_u.txt	871	ā			ā no bhara iti dhānāḥ
1_veda/5_vedang/2_grhya/kaussu_u.txt	921	ā			ambayo yanty śaṃbhumayobhubhyāṃ brahma jajñānam ā gāvo ekā ca me iti gā lavaṇaṃ pāyayaty upatāpinīḥ
1_veda/5_vedang/2_grhya/kaussu_u.txt	1043	ā			ā bhaktayātanāt
1_veda/5_vedang/2_grhya/kaussu_u.txt	1049	ā			ā gāvo iti gā āyatīḥ pratyuttiṣṭhati
1_veda/5_vedang/2_grhya/kaussu_u.txt	1103	ā			niśāyām āgrayaṇataṇḍulān udakyān madhumiśrān nidadhāty ā yavānāṃ paṅkteḥ
1_veda/5_vedang/2_grhya/kaussu_u.txt	1149	ā			yasyedam ā ity āyojanānām apyayaḥ
1_veda/5_vedang/2_grhya/kaussu_u.txt	1485	ā			ā paśyati iti sadaṃpuṣpāmaṇiṃ badhnāti
1_veda/5_vedang/2_grhya/kaussu_u.txt	1565	ā			ā yaṃ viśanti iti vayoniveśanaśṛtaṃ kṣīraudanam aśnāti
1_veda/5_vedang/2_grhya/kaussu_u.txt	1639	ā			apacitaḥ ā susrasaḥ iti kiṃstyādīni
1_veda/5_vedang/2_grhya/kaussu_u.txt	1709	ā			aṅgādaṅgāt ity ā prapadāt
1_veda/5_vedang/2_grhya/kaussu_u.txt	1785	ā			ā no agne ity āgamakṛśaram āśayati
1_veda/5_vedang/2_grhya/kaussu_u.txt	1803	ā			ayam ā yāty iti purā kākasaṃpātād aryamṇe juhoti
1_veda/5_vedang/2_grhya/kaussu_u.txt	1939	ā			ā te dade iti mantroktāni saṃspṛśati
1_veda/5_vedang/2_grhya/kaussu_u.txt	1987	ā			dadhi navenāśnāti ā saṃharaṇāt
1_veda/5_vedang/2_grhya/kaussu_u.txt	2125	ā			ā vṛṣāyasva ity ubhayam apyeti
1_veda/5_vedang/2_grhya/kaussu_u.txt	2141	ā			ayaṃ te yonir ā no bhara dhītī vā ity artham utthāsyann upadadhīta
1_veda/5_vedang/2_grhya/kaussu_u.txt	2249	ā			vāstoṣ pate prati jānīhy asmān svāveśo anamīvo na edhi | yat tvemahe prati nas taj juṣasva catuṣpado dvipada ā veśayeha || anamīvo vāstoṣ pate viśvā rūpāṇy āviśan | sakhā suśeva edhi naḥ || iti vāstoṣpataye kṣīraudanasya juhoti
1_veda/5_vedang/2_grhya/kaussu_u.txt	2491	ā			prehi pra hara vā dāvān gṛhebhyaḥ svastaye | kapiñjala pradakṣiṇaṃ śatapattrābhi no vada || bhadraṃ vada dakṣiṇato bhadram uttarato vada | bhadraṃ purastān no vada bhadraṃ paścāt kapiñjala || śunaṃ vada dakṣiṇataḥ śunam uttarato vada | śunaṃ purastān no vada śunaṃ paścāt kapiñjala || bhadraṃ vada putrair bhadraṃ vada gṛheṣu ca | bhadram asmākaṃ vada bhadraṃ no abhayaṃ vada || āvadaṃs tvaṃ śakune bhadram ā vada tūṣṇīm āsīnaḥ sumatiṃ cikiddhi naḥ | yad utpatan vadasi karkarir yathā bṛhad vadema vidathe suvīrāḥ || yauvanāni mahayasi jigyuṣām iva dundubhiḥ | kapiñjala pradakṣiṇaṃ śatapattrābhi no vada || iti kāpiñjalāni svastyayanāni bhavanti
1_veda/5_vedang/2_grhya/kaussu_u.txt	2581	ā			paścād agneḥ śarabhṛṣṭīr nidhāya udag vrajati ā svedajananāt
1_veda/5_vedang/2_grhya/kaussu_u.txt	2943	ā			ehy aśmānam ā tiṣṭha iti dakṣiṇena pādenāśmamaṇḍalam āsthāpya pradakṣiṇam agnim anupariṇīya
1_veda/5_vedang/2_grhya/kaussu_u.txt	2981	ā			laukikaṃ ca samānām ā paridhānāt
1_veda/5_vedang/2_grhya/kaussu_u.txt	3005	ā			asmin vasu vasavo dhārayantu viśve devā vasavo ā yatu mitra amutrabhūyād antakāya mṛtyave ā rabhasva prāṇāya namo viṣāsahim ity abhimantrayate
1_veda/5_vedang/2_grhya/kaussu_u.txt	3005	ā			asmin vasu vasavo dhārayantu viśve devā vasavo ā yatu mitra amutrabhūyād antakāya mṛtyave ā rabhasva prāṇāya namo viṣāsahim ity abhimantrayate
1_veda/5_vedang/2_grhya/kaussu_u.txt	3007	ā			athāpi paritvaramāṇa ā yātu mitra ity api khalu etavatā eva upanīto bhavati
1_veda/5_vedang/2_grhya/kaussu_u.txt	3045	ā			yathāpaḥ pravatā yanti yathā māsā aharjaram | evā mā brahmacāriṇo dhātar ā yantu sarvadā || svāhā ity ācāryaḥ samidham ādadhāti
1_veda/5_vedang/2_grhya/kaussu_u.txt	3099	ā			edho 'sy ity ūṣmabhakṣaṃ bhakṣayati ā nidhanāt
1_veda/5_vedang/2_grhya/kaussu_u.txt	3111	ā			bhadrāya karṇaḥ krośatu bhadrāyākṣi vi vepatām | parā duḥṣvapnyaṃ suva yad bhadraṃ tan na ā suva || akṣivepaṃ duḥṣvapnyam ārtiṃ puruṣareṣiṇīm | tad asmad aśvinā yuvam apriye prati muñcatam || yat pārśvād uraso me aṅgādaṅgād avavepate | aśvinā puṣkarasrajā tasmān naḥ pātam aṃhasaḥ iti karṇaṃ krośantam anumantrayate
1_veda/5_vedang/2_grhya/kaussu_u.txt	3115	ā			vi devā jarasā uta devā āvatas ta upa priyaṃ antakāya mṛtyave ā rabhasva prāṇāya namo viṣāsahiṃ ity abhimantrayate
1_veda/5_vedang/2_grhya/kaussu_u.txt	3131	ā			ghṛtād ulluptam ā tvā cṛtatv ṛtubhiṣ ṭvā muñcāmi tvā uta devā āvatas ta upa priyaṃ antakāya mṛtyave ā rabhasva prāṇāya namo viṣāsahiṃ ity abhimantrayate
1_veda/5_vedang/2_grhya/kaussu_u.txt	3131	ā			ghṛtād ulluptam ā tvā cṛtatv ṛtubhiṣ ṭvā muñcāmi tvā uta devā āvatas ta upa priyaṃ antakāya mṛtyave ā rabhasva prāṇāya namo viṣāsahiṃ ity abhimantrayate
1_veda/5_vedang/2_grhya/kaussu_u.txt	3137	ā			ā rabhasvemām ity avichinnām udakadhārām ālambhayati
1_veda/5_vedang/2_grhya/kaussu_u.txt	3185	ā			ā tvāhārṣam dhruvā dyaur iti dhrauvyakāmaḥ
1_veda/5_vedang/2_grhya/kaussu_u.txt	3187	ā			tyam ū ṣu trātāram ā mandrair iti svastyayanakāmaḥ
1_veda/5_vedang/2_grhya/kaussu_u.txt	3195	ā			yasyedam ā rajo atharvāṇaṃ aditir dyaur diteḥ putrāṇām bṛhaspate savitar ity abhyuditaṃ brahmacāriṇaṃ bodhayati
1_veda/5_vedang/2_grhya/kaussu_u.txt	3345	ā			punar ā yantu śūrpam ity udvapati
1_veda/5_vedang/2_grhya/kaussu_u.txt	3415	ā			ghṛtena gātrā ā siñca sarpir iti sarpiṣā viṣyandayati
1_veda/5_vedang/2_grhya/kaussu_u.txt	3501	ā			ā nayaitam ity aparājitād ajamānīyamānam anumantrayate
1_veda/5_vedang/2_grhya/kaussu_u.txt	3513	ā			ā siñca ity āsiñcantam
1_veda/5_vedang/2_grhya/kaussu_u.txt	3543	ā			ā nayaitam iti sūktena saṃpātavantam
1_veda/5_vedang/2_grhya/kaussu_u.txt	3669	ā			kartṛdātārau ā samāpanāt kāmaṃ na bhuñjīran saṃtatāś cet syuḥ
1_veda/5_vedang/2_grhya/kaussu_u.txt	3715	ā			ā pyāyasva saṃ te payāṃsi iti dvābhyāṃ pratiṣiñcet
1_veda/5_vedang/2_grhya/kaussu_u.txt	3717	ā			ā pyāyasva sam etu te visvataḥ soma vṛṣṇyam | bhavā vājasya saṃgathe || saṃ te payāṃsi sam u yantu vājāḥ saṃ vṛṣṇyāny abhimātiṣāhaḥ | āpyāyamāno amṛtāya soma divi śravāṃsy uttamāni dhiṣva || iti
1_veda/5_vedang/2_grhya/kaussu_u.txt	3795	ā			ayam agniḥ satpatir naḍam ā roha ity anuvākaṃ mahāśāntiṃ ca śāntyudaka āvapate
1_veda/5_vedang/2_grhya/kaussu_u.txt	3831	ā			manthāmi tvā jātavedaḥ sujātaṃ jātavedasam | sa no jīveṣv ā bhaja dīrgham āyuś ca dhehi naḥ || jāto 'janiṣṭhā yaśasā sahāgre prajāṃ paśūṃs tejo rayim asmāsu dhehi | ānandino modamānāḥ suvīrā anāmayāḥ sarvam āyur gamema || apāsmat tama uchatv apa hrītamukho jahy apa durhārddiśo jahi || ihaivaidhi dhanasanir iha tvā sam idhīmahi | ihaidhi puṣṭivardhana iha tvā sam idhīmahi iti
1_veda/5_vedang/2_grhya/kaussu_u.txt	3869	ā			naḍam ā roha sam indhate iṣīkāṃ jaratīm pratyañcam arkaṃ ity upasamādadhāti
1_veda/5_vedang/2_grhya/kaussu_u.txt	3875	ā			naḍam ā roha iti catasro agne akravyād imaṃ kravyād yo no aśveṣu anyebhyas tvā hiraṇyapāṇiṃ iti śamayati
1_veda/5_vedang/2_grhya/kaussu_u.txt	3905	ā			ā rohata savitur nāvam etāṃ sutrāmāṇaṃ mahīm ū ṣu iti sahiraṇyāṃ sayavāṃ nāvam ārohayati
1_veda/5_vedang/2_grhya/kaussu_u.txt	3925	ā			ā rohatāyur ity ārohati
1_veda/5_vedang/2_grhya/kaussu_u.txt	3933	ā			paraṃ mṛtyo vyākaromi ā rohata antardhir pratyañcam arkaṃ ye agnayo namo devavadhebhyo agne 'bhyāvartinn agne jātavedaḥ saha rayyā punar ūrjā iti
1_veda/5_vedang/2_grhya/kaussu_u.txt	3935	ā			agne 'bhyāvartinn abhi na ā vavṛtsva | āyuṣā varcasā sanyā medhayā prajayā dhanena || agne jātavedaḥ śataṃ te sahasraṃ ta upāvṛtaḥ | adhā puṣṭasyeśānaḥ punar no rayim ā kṛdhi || saha rayyā ni vartasvāgne pinvasva dhārayā | viśvapsnyā viśvatas pari || punar ūrjā vavṛtsva punar agna iṣāyuṣā | punar naḥ pāhy aṃhasaḥ ||
1_veda/5_vedang/2_grhya/kaussu_u.txt	3935	ā			agne 'bhyāvartinn abhi na ā vavṛtsva | āyuṣā varcasā sanyā medhayā prajayā dhanena || agne jātavedaḥ śataṃ te sahasraṃ ta upāvṛtaḥ | adhā puṣṭasyeśānaḥ punar no rayim ā kṛdhi || saha rayyā ni vartasvāgne pinvasva dhārayā | viśvapsnyā viśvatas pari || punar ūrjā vavṛtsva punar agna iṣāyuṣā | punar naḥ pāhy aṃhasaḥ ||
1_veda/5_vedang/2_grhya/kaussu_u.txt	4071	ā			atha prāśnāti | bhadrān naḥ śreyaḥ sam anaiṣṭa devās tvayāvasena sam aśīmahi tvā | sa naḥ pito madhumā | m ā viveśa śivas tokāya tanvo na ehi iti
1_veda/5_vedang/2_grhya/kaussu_u.txt	4085	ā			ūrdhvaṃ kārttikyā ā vaiśākhyāḥ
1_veda/5_vedang/2_grhya/kaussu_u.txt	4167	ā			tam ā tiṣṭha ity āsthāpya
1_veda/5_vedang/2_grhya/kaussu_u.txt	4185	ā			ā roha talpaṃ bhagas tatakṣa iti talpa upaveśayati
1_veda/5_vedang/2_grhya/kaussu_u.txt	4239	ā			tam ā tiṣṭha ity āsthāpya
1_veda/5_vedang/2_grhya/kaussu_u.txt	4257	ā			tad ā rohatu ity ārohayati
1_veda/5_vedang/2_grhya/kaussu_u.txt	4287	ā			ā roha talpaṃ ity ārohayati
1_veda/5_vedang/2_grhya/kaussu_u.txt	4389	ā			tāḥ pṛthag agnibhiḥ saṃtāpayanti ā śakṛdādīpanāt
1_veda/5_vedang/2_grhya/kaussu_u.txt	4393	ā			atha videśe pretasya ā rohata janitrīṃ jātavedasaḥ iti pṛthag araṇīṣu agnīn samāropayanti
1_veda/5_vedang/2_grhya/kaussu_u.txt	4397	ā			apivānyavatsāyā vā saṃdhinīkṣīreṇa ekaśalākena vā manthenāgnihotraṃ juhoti ā dahanāt
1_veda/5_vedang/2_grhya/kaussu_u.txt	4473	ā			tāni anumantrayate juhūr dadhāra dyām dhruva ā roha iti
1_veda/5_vedang/2_grhya/kaussu_u.txt	4525	ā			mainam agne vi dahaḥ śaṃ tapa ā rabhasva prajānantaḥ iti kaniṣṭha ādīpayati
1_veda/5_vedang/2_grhya/kaussu_u.txt	4549	ā			ā roha janitrīṃ jātavedasaḥ iti pañcadaśabhir āhitāgnim
1_veda/5_vedang/2_grhya/kaussu_u.txt	4635	ā			ā pra cyavethām iti gāvau upayachati
1_veda/5_vedang/2_grhya/kaussu_u.txt	4703	ā			anastamite ā yāta ity āyāpayati
1_veda/5_vedang/2_grhya/kaussu_u.txt	4799	ā			etad ā roha dadāmi iti kaniṣṭho nivapati
1_veda/5_vedang/2_grhya/kaussu_u.txt	4857	ā			ā rohata savitur nāvam etāṃ sutrāmāṇaṃ mahīm ū ṣu iti sahiraṇyāṃ sayavāṃ nāvam ārohayati
1_veda/5_vedang/2_grhya/kaussu_u.txt	4861	ā			śarkarādi ā samidādhānāt
1_veda/5_vedang/2_grhya/kaussu_u.txt	4877	ā			ulūkhalamusalaṃ śūrpaṃ caruṃ kaṃsaṃ prakṣālaya barhir udakumbham ā hara iti
1_veda/5_vedang/2_grhya/kaussu_u.txt	4987	ā			mano nv ā hvāmahe nārāśaṃsena stomena | pitṝṇāṃ ca manmabhiḥ || ā na etu manaḥ punaḥ kratve dakṣāya jīvase | jyok ca sūryaṃ dṛśe || punar naḥ pitaro mano dadātu daivyo janaḥ | jīvaṃ vrātaṃ sacemahi || vayaṃ soma vrate tava manas tanūṣu bibhrataḥ prajāvantaḥ sacemahi || ye sajātāḥ sumanaso jīvā jīveṣu māmakāḥ | teṣā | m śrīr mayi kalpatām asmin goṣṭhe śata | m samāḥ etc | iti
1_veda/5_vedang/2_grhya/kaussu_u.txt	4987	ā			mano nv ā hvāmahe nārāśaṃsena stomena | pitṝṇāṃ ca manmabhiḥ || ā na etu manaḥ punaḥ kratve dakṣāya jīvase | jyok ca sūryaṃ dṛśe || punar naḥ pitaro mano dadātu daivyo janaḥ | jīvaṃ vrātaṃ sacemahi || vayaṃ soma vrate tava manas tanūṣu bibhrataḥ prajāvantaḥ sacemahi || ye sajātāḥ sumanaso jīvā jīveṣu māmakāḥ | teṣā | m śrīr mayi kalpatām asmin goṣṭhe śata | m samāḥ etc | iti
1_veda/5_vedang/2_grhya/kaussu_u.txt	4997	ā			ā dhatta pitaro garbhaṃ kumāraṃ puṣkarasrajam | yatheha puruṣo 'sat || etc | ā tvārukṣad vṛṣabhaḥ pṛśnir agriyo medhāvinaṃ pitaro garbham ā dadhuḥ | ā tvāyaṃ puruṣo gamet puruṣaḥ puruṣād adhi | sa te śraiṣṭhyāya jāyatāṃ sa some sāma gāyatu iti
1_veda/5_vedang/2_grhya/kaussu_u.txt	4997	ā			ā dhatta pitaro garbhaṃ kumāraṃ puṣkarasrajam | yatheha puruṣo 'sat || etc | ā tvārukṣad vṛṣabhaḥ pṛśnir agriyo medhāvinaṃ pitaro garbham ā dadhuḥ | ā tvāyaṃ puruṣo gamet puruṣaḥ puruṣād adhi | sa te śraiṣṭhyāya jāyatāṃ sa some sāma gāyatu iti
1_veda/5_vedang/2_grhya/kaussu_u.txt	4997	ā			ā dhatta pitaro garbhaṃ kumāraṃ puṣkarasrajam | yatheha puruṣo 'sat || etc | ā tvārukṣad vṛṣabhaḥ pṛśnir agriyo medhāvinaṃ pitaro garbham ā dadhuḥ | ā tvāyaṃ puruṣo gamet puruṣaḥ puruṣād adhi | sa te śraiṣṭhyāya jāyatāṃ sa some sāma gāyatu iti
1_veda/5_vedang/2_grhya/kaussu_u.txt	4997	ā			ā dhatta pitaro garbhaṃ kumāraṃ puṣkarasrajam | yatheha puruṣo 'sat || etc | ā tvārukṣad vṛṣabhaḥ pṛśnir agriyo medhāvinaṃ pitaro garbham ā dadhuḥ | ā tvāyaṃ puruṣo gamet puruṣaḥ puruṣād adhi | sa te śraiṣṭhyāya jāyatāṃ sa some sāma gāyatu iti
1_veda/5_vedang/2_grhya/kaussu_u.txt	5011	ā			antarupātītya samidho 'bhyādadhāti | ayaṃ no agnir adhyakṣo 'yaṃ no vasuvittamaḥ | asyopasadye mā riṣāmāyaṃ rakṣatu naḥ prajām || asmin sahasraṃ puṣyāsmaidhamānāḥ sve gṛhe | imaṃ sam indhiṣīmahy āyuṣmantaḥ suvarcasaḥ || tvam agna īḍito ā tvāgna indhīmahi iti
1_veda/5_vedang/2_grhya/kaussu_u.txt	5331	ā			ayāś cāgne 'sy anabhiśastiś ca satyam it tvam ayā asi | ayāsā manasā kṛto 'yās san havyam ūhiṣe | ā ayā | no dhehi bheṣajam || svāhā ity agnau hutvā
1_veda/5_vedang/2_grhya/kaussu_u.txt	5347	ā			ā tvāhārṣam dhruvā dyaur satyaṃ bṛhad ity etenānuvākena juhuyāt
1_veda/5_vedang/2_grhya/kaussu_u.txt	5419	ā			kumudvatī puṣkariṇī sītā sarvāṅgaśobhanī | kṛṣiḥ sahasraprakārā pratyaṣṭā śrīr iyaṃ mayi || urvīṃ tvāhur manuṣyāḥ śriyaṃ tvā manaso viduḥ | āśaye 'nnasya no dhehy anamīvasya śuṣmiṇaḥ || parjanyapatni hariṇyabhijitāsy abhi no vada | kālanetre haviṣo no juṣasva tṛptiṃ no dhehi dvipade catuṣpade || yābhir devā asurān akalpayan yātūn manūn gandharvān rākṣasāṃś ca | tābhir no adya sumanā upā gahi sahasrāpoṣaṃ subhage rarāṇā || hiraṇyasrakpuṣkariṇī śyāmā sarvāṅgaśobhanī | kṛṣir hiraṇyaprakārā pratyaṣṭā śrīr iyaṃ mayi || aśvibhyāṃ devi saha saṃvidānā indreṇa rādhena saha puṣṭyā na ā gahi | viśas tvā rāsantāṃ pradiśo 'nu sarvā ahorātrārdhamāsamāsā ārtavā ṛtubhiḥ saha || bhartrī devānām uta martyānāṃ bhartrī prajānām uta mānuṣāṇām | hastibhir itarāsaiḥ kṣetrasārathibhiḥ saha | hiraṇyair aśvair ā gobhiḥ pratyaṣṭā śrīr iyaṃ mayi ||
1_veda/5_vedang/2_grhya/kaussu_u.txt	5419	ā			kumudvatī puṣkariṇī sītā sarvāṅgaśobhanī | kṛṣiḥ sahasraprakārā pratyaṣṭā śrīr iyaṃ mayi || urvīṃ tvāhur manuṣyāḥ śriyaṃ tvā manaso viduḥ | āśaye 'nnasya no dhehy anamīvasya śuṣmiṇaḥ || parjanyapatni hariṇyabhijitāsy abhi no vada | kālanetre haviṣo no juṣasva tṛptiṃ no dhehi dvipade catuṣpade || yābhir devā asurān akalpayan yātūn manūn gandharvān rākṣasāṃś ca | tābhir no adya sumanā upā gahi sahasrāpoṣaṃ subhage rarāṇā || hiraṇyasrakpuṣkariṇī śyāmā sarvāṅgaśobhanī | kṛṣir hiraṇyaprakārā pratyaṣṭā śrīr iyaṃ mayi || aśvibhyāṃ devi saha saṃvidānā indreṇa rādhena saha puṣṭyā na ā gahi | viśas tvā rāsantāṃ pradiśo 'nu sarvā ahorātrārdhamāsamāsā ārtavā ṛtubhiḥ saha || bhartrī devānām uta martyānāṃ bhartrī prajānām uta mānuṣāṇām | hastibhir itarāsaiḥ kṣetrasārathibhiḥ saha | hiraṇyair aśvair ā gobhiḥ pratyaṣṭā śrīr iyaṃ mayi ||
1_veda/5_vedang/2_grhya/kaussu_u.txt	5547	ā			vāta ā vātu bheṣajaṃ etc | ity etena sūktena juhuyāt
1_veda/5_vedang/2_grhya/kaussu_u.txt	5549	ā			vāta ā vātu bheṣajaṃ śaṃbhu mayobhu no hṛde | pra ṇa āyūṃṣi tāriṣat || uta vāta pitāsi na uta bhrātota naḥ sakhā | sa no jīvātave kṛdhi || yad ado vāta te gṛhe nihitaṃ bheṣajaṃ guhā | tasya no dehi jīvase ity etena sūktena juhuyāt
1_veda/5_vedang/2_grhya/kaussu_u.txt	5667	ā			vāyav ā rundhi no mṛgān asmabhyaṃ mṛgayadbhyaḥ | sa no nediṣṭham ā kṛdhi vāto hi raśanākṛtaḥ iti vāyavyasya
1_veda/5_vedang/2_grhya/kaussu_u.txt	5667	ā			vāyav ā rundhi no mṛgān asmabhyaṃ mṛgayadbhyaḥ | sa no nediṣṭham ā kṛdhi vāto hi raśanākṛtaḥ iti vāyavyasya
1_veda/5_vedang/2_grhya/kaussu_u.txt	5671	ā			prati tyaṃ cārum adhvaraṃ gopīthāya pra hūyase | marudbhir agna ā gahi iti mārutasya
1_veda/5_vedang/2_grhya/kaussu_u.txt	5745	ā			tatrāṅgārān vā kapālaṃ vā upanidadhāti ā saṃtapanāt
1_veda/5_vedang/2_grhya/kaussu_u.txt	5757	ā			asau vai nāma te mātāsau vai nāma te pitā | asau vai nāma te dūtaḥ svavaṃśam adhi tiṣṭhati || uttamarātrī ṇāma mṛtyo te mātā tasya te antakaḥ pitā | samaṃdadhānas te dūtaḥ svavaṃśam adhi tiṣṭhati || bahavo 'sya pāśā vitatāḥ pṛthivyām asaṃkhyeyā aparyantā anantāḥ | yābhir vaṃśān abhinidadhāti prāṇināṃ yān kāṃś cemān prāṇabhṛtāṃ jighāṃsan | sa imaṃ dūtaṃ nudatu vaṃśapṛṣṭhāt sa me gachatu dviṣato niveśaṃ mṛtyave svāhā || bṛhaspatir āṅgiraso brahmaṇaḥ putro viśve devāḥ pra dadur viśvam ejat | sa imaṃ dūtaṃ nudatu vaṃśapṛṣṭhāt sa me gachatu dviṣato niveśaṃ bṛhaspataya āṅgirasāya svāhā || yasya te 'nnaṃ na kṣīyate bhūya evopajātaye | yasmai bhūtaṃ ca bhavyaṃ ca sarvam etat pratiṣṭhitam | sa imaṃ dūtaṃ nudatu vaṃśapṛṣṭhāt sa me gachatu dviṣato niveśam indrāya svāhā || mukhaṃ devānām iha yo babhūva yo jānāti vayunānāṃ samīpe | yasmai hutaṃ devatā bhakṣayanti vāyunetraḥ supraṇītiḥ sunītiḥ | sa imaṃ dūtaṃ nudatu vaṃśapṛṣṭhāt sa me gachatu dviṣato niveśam agnaye svāhā || yaḥ pṛthivyāṃ cyāvayann eti vṛkṣān prabhañjanena rathena saha saṃvidānaḥ | rasān gandhān bhāvayann eti devo mātariśvā bhūtabhavyasya kartā | sa imaṃ dūtaṃ nudatu vaṃśapṛṣṭhāt sa me gachatu dviṣato niveśaṃ vāyave svāhā || brahmacārī carati brahmacaryam ṛcaṃ gāthāṃ brahma paraṃ jigāṃsan | taṃ vighnā anupariyanti sarve ye antarikṣe ye ca divi śritāsaḥ | taṃ viśo anuparyanti sarvāḥ karmāṇi loke parimohayanti | sa imaṃ dūtaṃ nudatu vaṃśapṛṣṭhāt sa me gachatu dviṣato niveśam ādityāya svāhā || yo nakṣatraiḥ sarathaṃ yāti devaḥ saṃsiddhena rathena saha saṃvidānaḥ | rūpaṃrūpaṃ kṛṇvānaś citrabhānuḥ subhānuḥ | sa imaṃ dūtaṃ nudatu vaṃśapṛṣṭhāt sa me gachatu dviṣato niveśaṃ candrāya svāhā || oṣadhayaḥ somarājñīr yaśasvinīḥ | tā imaṃ dūtaṃ nudantu vaṃśapṛṣṭhāt sa me gachatu dviṣato niveśam oṣadhībhyaḥ somarājñībhyaḥ svāhā || oṣadhayo varuṇarājñīr yaśasvinīḥ | tā imaṃ dūtaṃ nudantu vaṃśapṛṣṭhāt sa me gachatu dviṣato niveśam oṣadhībhyo varuṇarājñībhyaḥ svāhā || aṣṭasthūṇo daśapakṣo yadṛchajo vanaspate | putrāṃś caiva paśūṃś cābhi rakṣa vanaspate || yo vanaspatīnām upatāpo babhūva yad vā gṛhān ghoram utā jagāma tan nir jagāma haviṣā ghṛtena śaṃ no astu dvipade śaṃ catuṣpade || yo vanaspatīnām upatāpo na āgad yad vā yajñaṃ no 'dbhutam ā jagāma | sarvaṃ tad agne hutam astu bhāgaśaḥ śivān vayam ut taremābhi vājān || tvaṣṭre svāhā | iti hutvā
1_veda/5_vedang/2_grhya/kaussu_u.txt	5827	ā			devasya tvā savituḥ prasave aśvinor bāhubhyāṃ pūṣṇo hastābhyām ā dade iti lekhanam ādāya yatrāgniṃ nidhāsyan bhavati tatra lakṣaṇaṃ karoti
1_veda/5_vedang/2_grhya/kaussu_u.txt	5851	ā			agnir bhūmyām oṣadhīṣv agnir diva ā tapaty agnivāsāḥ pṛthivy asitajñūr etam idhmaṃ samāhitaṃ juṣāṇo asmai kṣatrāṇi dhārayantam agne iti pañcabhi staraṇam
1_veda/5_vedang/2_grhya/kaussu_u.txt	5981	ā			ā tvāhārṣam dhruvā dyaur viśas tvā sarvā vāñchantu iti sarvato apramattā dhārayeran
1_veda/5_vedang/2_grhya/kaussu_u.txt	6045	ā			saptakṛtvo varṣeṇa virata ā prātarāśam
1_veda/5_vedang/2_grhya/kaussu_u.txt	6053	ā			jyotiṣā upasarjana ṛtau api ā kālam
1_veda/5_vedang/2_grhya/kaussu_u.txt	6073	ā			apartudaivam ā kālam
1_veda/5_vedang/2_grhya/kauthgsu.txt	83	ā			athātaḥ prāyaścittānāṃ gṛhastho brahmacāro surāpānacaṇḍālābhigamanaṃ gurutalpakabrahmahatyāgovadhaṃ suvarṇasteyaṃ duṣpratigrahaṃ parānnaṃ vainalaghutvārthe brāhmaṇasya hittīrthaṃ prāyaścittaṃ vakṣyāmīti trirātramupavāsaḥ samidhaḥ śrapayitvā tato vapanaṃ kārayitvā kamaṇgalunodakaṃ gṛhītvā saritaḥ snāpayitvā kṛṣṇagomayaṃ gṛhītvā gohṛdaye jāta sthitā bhuvanaṃ pāvanīkṛte tasmātapāvanībhūtaḥ sarvapāpakṣayaṃ kurvityanena gomayaṃ gṛhītvā adbhiḥ saṃyūya pālāśaparṇaṃ gṛhītvā dvādaśasagṛhītaṃ pūrayitvā praṇamavaśatenābhimantrya mastake 'nulipya brahmasāgniparyantaṃ homatrayaṃ sarvatrābhyastatadupahṛtapāvana pūrvavat punarabhyāsa iti vā brahmacāryamadyapānamadhuprāśanam pratyarātraṃ muktyahīna iti nopavīta digambaraṃ dvārapālanaṃ kramukṣaṇaṃ divāmaithunaṃ divā punarbhojanaṃ caṇḍālasaṃbhāṣaṇamanyatṛtamanyocchiṣṭabhojanaṃ pārvaṇaprāśanaṃ sapiṇḍīmahaikoddiṣṭaṃ teṣu punarbrahmacaryaṃ kṛtsnatvāt pramādālaghutvamiti jñāyate dharmakterna kuryāt tadabhāśvamāśrayaṅgam vitatho bhavati tasmāddharmaparo nityakusumagranthābhyāsam tathā bhūtvā tayo punarācamayay prapadāntaṃ kṛtvā idhmāṅgaṃ hutvā tato 'nvābdhāyāṃ vyāhṛtibhistisṛbhiḥ hutvāgne vratādi paṃcabhirā cāryo juhuyāt śiṣyo mantraṃ vāyayitvācāryaḥ svasthāne tiṣṭhan yuvā śiṣyaḥ prāṅmukha udbhāvaṃ jalaṃ kārayitvā pitāñjaliṃ brahma pūrayitvā ācārya ā gantre mantramutkā śiṣyāḍjaliṃ prekṣet ko nāmetyācāryo manasā pṛcchet śiṣyayo nakṣatrāśrayaṃ nāma ityupāṃśasu tayoḥ svasthānamupaviśya tatopariṣṭāddhomaṃ samāpya sāvitropradānārthe tatsaviturvṛṇīmahe sūryo devasya dhīmahi bhāno so 'haṃ saṃpracodayāt iti tūṣṇī pālāśadaṇḍaṃ dadyāt tato brāhmaṇabhojanaṃ tato brāhmaṇabhojanam ||
1_veda/5_vedang/2_grhya/kauthgsu.txt	93	ā			ṣaṇmāsān payobhakṣaḥ samudramavahagāhya pūrvavannāndadīmukhaṃ kṛtvā tato vapanaṃ kārayitvā aṣṭo brahmaṇānniyojya aṣṭo mṛnmayeṣu dadhimadhvājyapayaḥ śarkarīdakaṃ nālikerajalaṃ puroṣaṃ gaṃgātoyaṃ etānpūrayitvāhatena vāsasā pariveśyā ā pyāyasveti kṣīrapātramabhimantrya dadhikrāviṇeti dadhipātraṃ śukramasasīti ghṛtapātraṃ madhaduścunnadhanamiti madhupātram āpo hi ṣṭheti śarkarām kayā naścitra iti nālikeram gāyatre gomūtraṃ evaṃ deveti ścarṇodapātramiti ||
1_veda/5_vedang/2_grhya/manavgsu.txt	1655	ā			ā vatse jagato saha ā dadhnaḥ kalaśamairayam ||
1_veda/5_vedang/2_grhya/manavgsu.txt	1655	ā			ā vatse jagato saha ā dadhnaḥ kalaśamairayam ||
1_veda/5_vedang/2_grhya/sankhgsu.txt	71	ā			ā paurṇamāsād darśasya anatītaḥ kālaḥ ā darśāt paurṇamāsasya |
1_veda/5_vedang/2_grhya/sankhgsu.txt	71	ā			ā paurṇamāsād darśasya anatītaḥ kālaḥ ā darśāt paurṇamāsasya |
1_veda/5_vedang/2_grhya/sankhgsu.txt	131	ā			ā naḥ prajām || iti tvayi kanyāyā ācārya utthāya mūrdhani karoti || prajām tvayi dadhāmi paśūṃs tvayi dadhāmi tejo brahma varcasam tvayi dadhāmi || iti |
1_veda/5_vedang/2_grhya/sankhgsu.txt	303	ā			cittir ā upabarhaṇam || iti āñjana kośam ādatte |
1_veda/5_vedang/2_grhya/sankhgsu.txt	347	ā			ehy aśmānam ā tiṣṭha aśmā iva tvam sthirā bhava | abhitiṣṭha pṛtanyataḥ sahasva pṛtanāyata || iti dakṣiṇena prapadena aśmānam ākramayya |
1_veda/5_vedang/2_grhya/sankhgsu.txt	453	ā			atra ha eke kumāram utsaṅgam ānayanty ubhayataḥ sujātam || ā te yonim || iti etayā |
1_veda/5_vedang/2_grhya/sankhgsu.txt	465	ā			vāg yatāv āsīyātām ā dhruva darśanāt |
1_veda/5_vedang/2_grhya/sankhgsu.txt	533	ā			ā te yonim garbha etu pumān bāṇa iva iṣudhim |
1_veda/5_vedang/2_grhya/sankhgsu.txt	535	ā			ā te vīro atra jāyatām putras te daśa māsyaḥ |
1_veda/5_vedang/2_grhya/sankhgsu.txt	553	ā			abhi kranda vīḍayasva garbham ā dhehi sādhaya |
1_veda/5_vedang/2_grhya/sankhgsu.txt	555	ā			vṛṣāṇam vṛṣann ā dhehi prajāyai tvā havāmahe |
1_veda/5_vedang/2_grhya/sankhgsu.txt	665	ā			dakṣiṇe pāṇāv apinahya ā utthānāt |
1_veda/5_vedang/2_grhya/sankhgsu.txt	865	ā			ā ṣoḍaśād varṣād brāhmaṇasya anatītaḥ kālaḥ |
1_veda/5_vedang/2_grhya/sankhgsu.txt	867	ā			ā dvāviṃśāt kṣatriyasya |
1_veda/5_vedang/2_grhya/sankhgsu.txt	869	ā			ā caturviṃśād vaiśyasya |
1_veda/5_vedang/2_grhya/sankhgsu.txt	965	ā			brahma cāry asi samidham ā dhehi apo aśāna karma kuru mā divā suṣupthāḥ vācam yaccha ā samid ādhānāt |
1_veda/5_vedang/2_grhya/sankhgsu.txt	965	ā			brahma cāry asi samidham ā dhehi apo aśāna karma kuru mā divā suṣupthāḥ vācam yaccha ā samid ādhānāt |
1_veda/5_vedang/2_grhya/sankhgsu.txt	1079	ā			araṇye samit pāṇiḥ saṃdhyām āste nityam vāg yata uttara apara abhimukho anvaṣṭamadeśam ā nakṣatrāṇām darśanāt |
1_veda/5_vedang/2_grhya/sankhgsu.txt	1083	ā			evam prātaḥ prān mukhas tiṣṭhann ā maṇḍala darśanāt |
1_veda/5_vedang/2_grhya/sankhgsu.txt	1093	ā			agnaye samidham ahārṣam bṛhate jāta vedase | sa me śraddhām ca medhām ca jāta vedā prayacchatu svāhā | edho asy edhiṣīmahi samad asi tejo asi tejo mayi dhehi svāhā | samiddho mām samardhaya prajayā ca dhanena ca svāhā || eṣā te agne samit tayā vardhasva ca ā ca pyāyasva | vardhiṣīmahi ca vayam ā ca pyāsiṣīmahi svāhā iti |
1_veda/5_vedang/2_grhya/sankhgsu.txt	1093	ā			agnaye samidham ahārṣam bṛhate jāta vedase | sa me śraddhām ca medhām ca jāta vedā prayacchatu svāhā | edho asy edhiṣīmahi samad asi tejo asi tejo mayi dhehi svāhā | samiddho mām samardhaya prajayā ca dhanena ca svāhā || eṣā te agne samit tayā vardhasva ca ā ca pyāyasva | vardhiṣīmahi ca vayam ā ca pyāsiṣīmahi svāhā iti |
1_veda/5_vedang/2_grhya/sankhgsu.txt	1281	ā			ā uda pātrāt tu dātavyam ā kāṣṭhāj juhuyād api ā sūktād ā anuvākād vā brahma yajño vidhīyate |
1_veda/5_vedang/2_grhya/sankhgsu.txt	1281	ā			ā uda pātrāt tu dātavyam ā kāṣṭhāj juhuyād api ā sūktād ā anuvākād vā brahma yajño vidhīyate |
1_veda/5_vedang/2_grhya/sankhgsu.txt	1281	ā			ā uda pātrāt tu dātavyam ā kāṣṭhāj juhuyād api ā sūktād ā anuvākād vā brahma yajño vidhīyate |
1_veda/5_vedang/2_grhya/sankhgsu.txt	1281	ā			ā uda pātrāt tu dātavyam ā kāṣṭhāj juhuyād api ā sūktād ā anuvākād vā brahma yajño vidhīyate |
1_veda/5_vedang/2_grhya/sankhgsu.txt	1317	ā			ā rohata || ity upānahau |
1_veda/5_vedang/2_grhya/sankhgsu.txt	1345	ā			imam vi minve amṛtasya śākhām madhor dhārām prataraṇīm vasūnām | enām śiśuḥ krandaty ā kumāra enām dhenuḥ krandatu nitya vatsa || ity udumbara śākhām ghṛtena aktām dakṣiṇe dvārye garte nidadhāti |
1_veda/5_vedang/2_grhya/sankhgsu.txt	1347	ā			imam uc chrayāmi bhuvanasya śākhām madhor dhārām prataraṇīm vasūnām | enām śiśuḥ krandaty ā kumāra enām dhenuḥ krandatu pāka vatsa ity uttarataḥ |
1_veda/5_vedang/2_grhya/sankhgsu.txt	1351	ā			imām aham asya vṛkṣasya śākhām ghṛtam ukṣantīm amṛte minomi | enām śiśuḥ krandaty ā kumāra ā syandantām dhenavo nitya vatsa iti sthūṇā rājam ucchrayati |
1_veda/5_vedang/2_grhya/sankhgsu.txt	1351	ā			imām aham asya vṛkṣasya śākhām ghṛtam ukṣantīm amṛte minomi | enām śiśuḥ krandaty ā kumāra ā syandantām dhenavo nitya vatsa iti sthūṇā rājam ucchrayati |
1_veda/5_vedang/2_grhya/sankhgsu.txt	1353	ā			enam kumāras taruṇa ā vatsa bhuvanas patri | enam parisrutaḥ kumbhyā ā dadhnaḥ kalaśair gaman |
1_veda/5_vedang/2_grhya/sankhgsu.txt	1353	ā			enam kumāras taruṇa ā vatsa bhuvanas patri | enam parisrutaḥ kumbhyā ā dadhnaḥ kalaśair gaman |
1_veda/5_vedang/2_grhya/sankhgsu.txt	1407	ā			imān me mitrāvaruṇau gṛhān gopāyatam yuvam | avinaṣṭān avibrutān pūṣā enān abhi rakṣatv ā asmākam punar āgamād |
1_veda/5_vedang/2_grhya/sankhgsu.txt	1427	ā			bhadrān naḥ śreyaḥ sam anaiṣṭa devās tvayā jvasena sam aśīmahi tvā | sa no mayobhūḥ pitav ā viśasva śam no bhava dvipade śam catuṣpada ity adbhir abhyutsiñcan triḥ prāśnāti |
1_veda/5_vedang/2_grhya/sankhgsu.txt	1439	ā			pari vaḥ sainyād vadhād vy ā vṛñjantu ghoṣiṇyaḥ | samānas tasya gopater gāvo aṃśo na vo riṣat || pūṣā gā anv etu na || iti gāḥ praiṣṭhamānā anumantrayeta |
1_veda/5_vedang/2_grhya/sankhgsu.txt	1443	ā			yāsām ūdhaś catur bilam madhoḥ pūrṇam ghṛtasya ca | tā naḥ santu payasvatīr bahvīr goṣṭhe ghṛtācya iti || ā gāvo agamann || iti ca pratyāgatāsu |
1_veda/5_vedang/2_grhya/sankhgsu.txt	1611	ā			nāndī mukhān pitṝn ā vāhayiṣya ity āvāhane |
1_veda/5_vedang/2_grhya/sankhgsu.txt	1637	ā			kuṣumbhakas tad abravīd āvadaṃs tvam śakune bhadram ā vada gṛṇānā jamadagninā dhāman te viśvam bhuvanam adhiśritam gantā no yajñam yajñiyāḥ suśami yo naḥ svo araṇaḥ prati cakṣva vi cakṣva ā agne yāhi marut sakhā yat te rājan śṛtam havir iti dvṛcāḥ |
1_veda/5_vedang/2_grhya/sankhgsu.txt	1637	ā			kuṣumbhakas tad abravīd āvadaṃs tvam śakune bhadram ā vada gṛṇānā jamadagninā dhāman te viśvam bhuvanam adhiśritam gantā no yajñam yajñiyāḥ suśami yo naḥ svo araṇaḥ prati cakṣva vi cakṣva ā agne yāhi marut sakhā yat te rājan śṛtam havir iti dvṛcāḥ |
1_veda/5_vedang/2_grhya/sankhgsu.txt	1639	ā			tat śamyor ā vṛṇīmaha ity ekā |
1_veda/5_vedang/2_grhya/sankhgsu.txt	1761	ā			keśa śmaśrūṇi vāpana ā snānād |
1_veda/5_vedang/2_grhya/sankhgsu.txt	2007	ā			divyānām sarpāṇām adhipatir ā badhnītām divyāḥ sarpā ā badhnatām iti sumanasa upaharati |
1_veda/5_vedang/2_grhya/sankhgsu.txt	2007	ā			divyānām sarpāṇām adhipatir ā badhnītām divyāḥ sarpā ā badhnatām iti sumanasa upaharati |
1_veda/5_vedang/2_grhya/sankhgsu.txt	2009	ā			divyānām sarpāṇām adhipatir ā chādayatām divyāḥ sarpā ā chādayantām iti sūtra tantum upaharati |
1_veda/5_vedang/2_grhya/sankhgsu.txt	2009	ā			divyānām sarpāṇām adhipatir ā chādayatām divyāḥ sarpā ā chādayantām iti sūtra tantum upaharati |
1_veda/5_vedang/2_grhya/sankhgsu.txt	2025	ā			evam ahar ahar akṣata saktūnām darveṇa upaghātam ā pratyavarohaṇād rātrau vāg yataḥ sa udakam balim haret |
1_veda/5_vedang/2_grhya/sankhgsu.txt	2039	ā			atha pṛṣātakasya || ā gāvo agmann || ity etena sūktena pratyṛcam juhuyāt |
1_veda/5_vedang/2_grhya/sankhgsu.txt	2103	ā			ehi me prāṇān ā roha iti sakṛt sakṛn mantreṇa dvirdvis tūṣṇīm |
1_veda/5_vedang/2_grhya/sankhgsu.txt	2287	ā			ā vāmadevyam uttara śāntiḥ |
1_veda/5_vedang/2_grhya/vargs_u.txt	145	ā			putraṃ jātam anvakṣaṃ snātaṃ na mātopahanyād ā mantraprayogāt ||
1_veda/5_vedang/2_grhya/vargs_u.txt	443	ā			jyeṣṭharājaṃ brahmāṇaṃ brahmaṇaspata ā naḥ kṛṇvann ūtibhiḥ sīda sādanam |
1_veda/5_vedang/2_grhya/vargs_u.txt	457	ā			ā devo yātu savitā suratna iti triṣṭubhaṃ kṣatriyāya |
1_veda/5_vedang/2_paris/avpari_u.txt	149	ā			annaṃ pūrvā rāsatāṃ me aṣāḍhā ūrjaṃ dehy uttarā ā vahantu | abhijin me rāsatāṃ puṇyam eva śravaṇaḥ śraviṣṭhāḥ kurvatāṃ supuṣṭim ||
1_veda/5_vedang/2_paris/avpari_u.txt	151	ā			ā me mahac chatabhisag varīya āme dvayā proṣṭhapadā suśarma | ā revatī cāśvayujau bhagaṃ ma ā me rayiṃ bharaṇya ā vahantu ||
1_veda/5_vedang/2_paris/avpari_u.txt	151	ā			ā me mahac chatabhisag varīya āme dvayā proṣṭhapadā suśarma | ā revatī cāśvayujau bhagaṃ ma ā me rayiṃ bharaṇya ā vahantu ||
1_veda/5_vedang/2_paris/avpari_u.txt	151	ā			ā me mahac chatabhisag varīya āme dvayā proṣṭhapadā suśarma | ā revatī cāśvayujau bhagaṃ ma ā me rayiṃ bharaṇya ā vahantu ||
1_veda/5_vedang/2_paris/avpari_u.txt	151	ā			ā me mahac chatabhisag varīya āme dvayā proṣṭhapadā suśarma | ā revatī cāśvayujau bhagaṃ ma ā me rayiṃ bharaṇya ā vahantu ||
1_veda/5_vedang/2_paris/avpari_u.txt	407	ā			senāṃ ced abhyutthitāṃ vāto 'nuvāyād vijeṣyatīti vidyād vāta ā vatv ity anumantrayet ||
1_veda/5_vedang/2_paris/avpari_u.txt	851	ā			ā rātri pārthivam iṣirā yoṣā trāyamāna ity rātryāṇi ||
1_veda/5_vedang/2_paris/avpari_u.txt	861	ā			ehy aśmānam ā tiṣṭheti pañcamīm adhiṣṭhāpayet ||
1_veda/5_vedang/2_paris/avpari_u.txt	887	ā			ā rātri pārthivam iṣirā yoṣeti sūktadvayena rātrim upasthāya ||
1_veda/5_vedang/2_paris/avpari_u.txt	995	ā			ā mā puṣṭe ca poṣe cety etābhir upasthāya ||
1_veda/5_vedang/2_paris/avpari_u.txt	1421	ā			ā gāva iti sūktenājyaṃ juhuyāt ||
1_veda/5_vedang/2_paris/avpari_u.txt	1435	ā			ā gāvo mām upatiṣṭhantām ity upatiṣṭhet ||
1_veda/5_vedang/2_paris/avpari_u.txt	1707	ā			atha indram utthāpayanti ā tvā ahārṣam antar dhruvādyaur viśas tvā sarvā vāñchantu iti sarvato 'pramattā dhārayerann
1_veda/5_vedang/2_paris/avpari_u.txt	1997	ā			ā skandhād uraso vāpi iti staudāyanaiḥ smṛtā | bāhumātrā devadarśair jājalair ūrumātrikā ||
1_veda/5_vedang/2_paris/avpari_u.txt	2669	ā			cātanaḥ stuvānam idaṃ havir ye 'māvāsyām upa prāgān niḥsālām arāyakṣayaṇaṃ śaṃ no devī pṛśniparṇy ā paśyati tānt satyaujās tvayā pūrvaṃ purastād yukto antardāve juhuta prāgnaye rakṣohaṇam ity anuvākaś cātanāni || iti cātanagaṇaḥ ||
1_veda/5_vedang/2_paris/avpari_u.txt	2671	ā			mātṛnāmā divyo gandharva ā paśyatīmaṃ me agne yau te māteti mātṛnāmāni || iti mātṛgaṇaḥ ||
1_veda/5_vedang/2_paris/avpari_u.txt	2681	ā			āyuṣyo yathā dyauḥ prāṇāpānāv ojo 'si tubhyam evākṣībhyāṃ te muñcāmi tvota devā āvatas ta upa priyam antakāya mṛtyava ā rabhasva prāṇāya namo viṣāsahim ity āyuṣyāṇi || iti āyuṣyagaṇaḥ ||
1_veda/5_vedang/2_paris/avpari_u.txt	2685	ā			svastyayano amūḥ pāre pātaṃ na indrāpūṣaṇā tvaṣṭā me daivyaṃ yena soma namo devavadhebhyo 'bhayaṃ mitrāvaruṇāv upa prāgāt sahasrākṣo 'namitraṃ no adharād yamomṛtyur bṛhaspatir naḥ pari pātu tyam ū ṣu trātāram indraḥ sutrāmā sa sutrāmā ā mandrair indra marmāṇi te varma me dyāvāpṛthivī aindrāgnaṃ varma girayas te yat te madhyaṃ yās te prācīr mā naḥ paścād iti svastyayanāni || iti svastyayanagaṇaḥ ||
1_veda/5_vedang/2_paris/avpari_u.txt	2687	ā			abhayaḥ svastidā viśāṃ brāhmaṇena paryuktāsi na tā arvā reṇukakāṭo abhayaṃ mitrāvaruṇāv abhayaṃ dyāvāpṛthivī asmai grāmāya hataṃ tardaṃ pūṣemā āśā indraḥ sutrāmā maitaṃ panthāṃ svastidā viśāṃ patir nama te ghoṣiṇībhya ā te rāṣṭram idam uc chreyo yata indra bhayāmaha ity abhayāni || ity abhayagaṇaḥ ||
1_veda/5_vedang/2_paris/avpari_u.txt	2699	ā			citrāgaṇo mā no vidann adārasṛt svastidā viśām amūhoāre aghadviṣṭā agne yat te tapa iti pañca sūktāni rudra jalāṣabheṣaja ye 'syāṃ prācī dig vi devā uta devā agner manva itiprabhṛtīni mṛgārasūktāny uttamaṃ varjayitvāpa naḥ śośucad aghaṃ pṛthivyām agnaye mamāgne vrahma jajñānam anāptā ye sahasradhāre savitā prasavānāṃ nava prāṇān pātaṃ nas tvaṣṭā me yena soma namo devavadhebhyo 'bhayaṃ mitrāvaruṇāv upa prāgāt sahasrākṣaḥ siṃhe vyāghre 'bhayaṃ dyāvāpṛthivī grīṣmo hemanto 'naḍudbhyas tvaṃ mahyam āpo vaiśvānaro yamo mṛtyur abhi tvendra viśvajit trāyamāṇāyai imaṃ me agne viṣāṇā pāśān śakadhūmaṃ somārudreti dve bṛhaspatir nas tyam ū ṣu trātāram indraḥ sutrāmā ā mandrair indra marmāṇi te antakāya mṛtyavā ā rabhasvāyaṃ pratisaro 'yaṃ me varaṇo bhavāśarvau mṛḍataṃ prāṇāya namo 'gniṃ brūma ity arthasūktaṃ satyaṃ bṛhad iti dve prathame girayas te yat te madhyaṃ yās te prācīr mā naḥ paścād grīṣmas te bhūme varṣāṇy upasthās te bhūme mātaḥ sahasraśṛṅgo vṛṣabho jātavedā mā pra gāma patho yo yajñasya tasmai prācyā diśo antardeśād iti paryāyaś citrāgaṇaḥ || iti citrāgaṇaḥ ||
1_veda/5_vedang/2_paris/avpari_u.txt	2699	ā			citrāgaṇo mā no vidann adārasṛt svastidā viśām amūhoāre aghadviṣṭā agne yat te tapa iti pañca sūktāni rudra jalāṣabheṣaja ye 'syāṃ prācī dig vi devā uta devā agner manva itiprabhṛtīni mṛgārasūktāny uttamaṃ varjayitvāpa naḥ śośucad aghaṃ pṛthivyām agnaye mamāgne vrahma jajñānam anāptā ye sahasradhāre savitā prasavānāṃ nava prāṇān pātaṃ nas tvaṣṭā me yena soma namo devavadhebhyo 'bhayaṃ mitrāvaruṇāv upa prāgāt sahasrākṣaḥ siṃhe vyāghre 'bhayaṃ dyāvāpṛthivī grīṣmo hemanto 'naḍudbhyas tvaṃ mahyam āpo vaiśvānaro yamo mṛtyur abhi tvendra viśvajit trāyamāṇāyai imaṃ me agne viṣāṇā pāśān śakadhūmaṃ somārudreti dve bṛhaspatir nas tyam ū ṣu trātāram indraḥ sutrāmā ā mandrair indra marmāṇi te antakāya mṛtyavā ā rabhasvāyaṃ pratisaro 'yaṃ me varaṇo bhavāśarvau mṛḍataṃ prāṇāya namo 'gniṃ brūma ity arthasūktaṃ satyaṃ bṛhad iti dve prathame girayas te yat te madhyaṃ yās te prācīr mā naḥ paścād grīṣmas te bhūme varṣāṇy upasthās te bhūme mātaḥ sahasraśṛṅgo vṛṣabho jātavedā mā pra gāma patho yo yajñasya tasmai prācyā diśo antardeśād iti paryāyaś citrāgaṇaḥ || iti citrāgaṇaḥ ||
1_veda/5_vedang/2_paris/avpari_u.txt	2715	ā			ayaṃ te yonir ā no bhara dhītī vā ya ity arthasūktam utthāpano gaṇaḥ || ity utthāpanagaṇaḥ ||
1_veda/5_vedang/2_paris/avpari_u.txt	2727	ā			ya āśānām āśāpālebhyo agner manva iti sapta sūktāni yā oṣadhayaḥ somarājñīr vaiśvānaro na ā gamac chumbhanī dyāvāpṛthivī yad arvācīnam agniṃ brūmo vanaspatīn iti muñcantu nā bhavāśārvā yā devīr yan mātalī rathakrītam ity etāś catasro varjayitvā aṃholiṅgagaṇaḥ ||
1_veda/5_vedang/2_paris/avpari_u.txt	2793	ā			agnim īle purohitam agna ā yāhi vītaye | bṛhaspatir na ity ekā bṛhaspate yuvaṃ tathā ||
1_veda/5_vedang/2_paris/avpari_u.txt	2879	ā			śūdrās tu lavaṇamiśrai rājikāṃ piṣṭayed budhaḥ | ā saptāhāt sarva ete āsurīhomato vaśāḥ ||
1_veda/5_vedang/2_paris/avpari_u.txt	3141	ā			tyam ū ṣu trātāram indraḥ sutrāmā sa sutrāmā ā mandrair indra marmāṇi te varmaṇā chādayāmīti ulūkhalamusale saṃpātān ānīya saṃsthāpya homān ulūkhalam annenaiva pūrayitvā pratipravartayed ulūkhalamusalaṃ vasanaṃ ca gāṃ ca kartre dadyāt sā tatra prāyaścittiḥ ||
1_veda/5_vedang/2_paris/avpari_u.txt	3143	ā			atha yat kāko 'bhimṛśati tan mṛtyum āśaṅkyaṃ bhavati || tad apy etad ṛcoktam || antakāya mṛtyava ā rabhasva prāṇāya nama iti svāheti agnau hutvā sā tatra prāyaścittiḥ ||
1_veda/5_vedang/2_paris/avpari_u.txt	3235	ā			gāyatryāhṛtya gomūtraṃ gandhadvāreti gomayam | ā pyāyasveti ca kṣīraṃ dadhikrāvṇeti vai dadhi ||
1_veda/5_vedang/2_paris/avpari_u.txt	3275	ā			japtvā tu dhenum ānītāṃ pibantīm anumantrayet | ā gāva iti sūktena tārayet tu tathaiva gām ||
1_veda/5_vedang/2_paris/avpari_u.txt	4031	ā			ā yāteti hi tisṛbhiḥ pitṝn āvāhayet tataḥ | ud īratām iti tisṛbhiḥ pitṛbhyo dadyāt tilodakam ||
1_veda/5_vedang/2_paris/avpari_u.txt	4035	ā			parā yātety etayā pitṝṃs tṛptān visarjayet | mano nv ā hvāmahīty evaṃ pañcabhir mana upāhvayeta ||
1_veda/5_vedang/2_paris/avpari_u.txt	4053	ā			ekoddiṣṭaṃ saṃcayanaprabhṛty ā sapiṇḍīkaraṇāt ||
1_veda/5_vedang/2_paris/avpari_u.txt	4085	ā			āvāhaya saumyās te santv ity anujñātaḥ pūrvaṃ devān āvāhayed viśve devāsa ā gateti ||
1_veda/5_vedang/2_paris/avpari_u.txt	4087	ā			viśve devāsa ā gata śṛṇutā ma imaṃ havam | edaṃ barhir ni ṣīdata iti ||
1_veda/5_vedang/2_paris/avpari_u.txt	4089	ā			ā yāteti pitṝn āvāhayed ācyā jānv ity upaveśayet saṃ viśaṃtv iti saṃveśayed iti ||
1_veda/5_vedang/2_paris/avpari_u.txt	4131	ā			evaṃ varān vācayitvā namo vaḥ pitara ity evamādi mano nv ā hvāmahīty evamantaṃ samānaṃ piṇḍapitṛyajñena madhyamapiṇḍapradānaṃ ceti ||
1_veda/5_vedang/2_paris/avpari_u.txt	4289	ā			agna ā yāhi vītaye gṛṇāno gavyadātaye | ni hotā satsi barhiṣi ||
1_veda/5_vedang/2_paris/avpari_u.txt	4293	ā			ye triṣaptā vasyobhūyāya ye triṣaptā marmāṇi te vasyobhūyāya ye triṣaptā ye diśāṃ marmāṇi te yāṃ devā vasyobhūyāya ye triṣaptāḥ samānāṃ māsām ā te nayatv ā arjanyasya ye diśāṃ kṛtyākṛtaṃ valaginam akṣitās te marmāṇi te viṣam evendraṃ mitraṃ vaśāṃ devā yāṃ deyāḥ sūrya enam annādyena yaśasā pra budhyasvāhnā pratyag vasyobhūyāya ||
1_veda/5_vedang/2_paris/avpari_u.txt	4293	ā			ye triṣaptā vasyobhūyāya ye triṣaptā marmāṇi te vasyobhūyāya ye triṣaptā ye diśāṃ marmāṇi te yāṃ devā vasyobhūyāya ye triṣaptāḥ samānāṃ māsām ā te nayatv ā arjanyasya ye diśāṃ kṛtyākṛtaṃ valaginam akṣitās te marmāṇi te viṣam evendraṃ mitraṃ vaśāṃ devā yāṃ deyāḥ sūrya enam annādyena yaśasā pra budhyasvāhnā pratyag vasyobhūyāya ||
1_veda/5_vedang/2_paris/avpari_u.txt	4295	ā			ye triṣaptāḥ śaṃ na āpo yathā vāto yadi no gāṃ haṃsy apendra dviṣataḥ putram attu samānāṃ vṛṣāyamāṇaḥ sūryam ṛtaṃ paripāṇam asy ā harāmiye krimaya
1_veda/5_vedang/2_paris/avpari_u.txt	4297	ā			ā te nayatu parṇo 'sīndraputre viśvāhā te gosaniṃ vy asmai mitrāvaruṇāv ā parjānyasya svapna svapnābhikaraena devānām asthi mahāntaṃ kośaṃ yo antarikṣeṇopa śreṣṭhā aham eva vāta ivāva bādhe ye diśām
1_veda/5_vedang/2_paris/avpari_u.txt	4297	ā			ā te nayatu parṇo 'sīndraputre viśvāhā te gosaniṃ vy asmai mitrāvaruṇāv ā parjānyasya svapna svapnābhikaraena devānām asthi mahāntaṃ kośaṃ yo antarikṣeṇopa śreṣṭhā aham eva vāta ivāva bādhe ye diśām
1_veda/5_vedang/2_paris/avpari_u.txt	4333	ā			viṣāsahiṃ sahamānam agnir mā goptā o cit sakhāyam ita eta udāruhan dhanur hastād etad ā roha candramā apsv iti ||
1_veda/5_vedang/2_paris/avpari_u.txt	4375	ā			brahmajyeṣṭhā saṃbhṛtā vīryāṇi brahmāgre jyeṣṭhaṃ divam ā tatāna | bhūtānāṃ brahmā prathamo 'tha jajñe tenārhati brahmaṇā spardhituṃ kaḥ ||
1_veda/5_vedang/2_paris/avpari_u.txt	4435	ā			brahmajyeṣṭhā saṃbhṛtā vīryāṇi brahmāgre jyeṣṭhaṃ divam ā tatāna | bhūtānāṃ brahmā prathamo 'tha jajñe tenārhati brahmanā spardhituṃ ka iti ||
1_veda/5_vedang/2_paris/avpari_u.txt	4541	ā			ā vayati | ā vayati | bharvati | babhasti | venati | veti | veveṣṭi | aviṣyan | praga psāti | bapsati | bhasathaḥ | babdhām |
1_veda/5_vedang/2_paris/avpari_u.txt	4541	ā			ā vayati | ā vayati | bharvati | babhasti | venati | veti | veveṣṭi | aviṣyan | praga psāti | bapsati | bhasathaḥ | babdhām |
1_veda/5_vedang/2_paris/avpari_u.txt	4605	ā			sevati | ā krośati | sparśe ||
1_veda/5_vedang/2_paris/avpari_u.txt	5225	ā			candragrahanimittāni śuklapakśāṣṭamīparam | ā paurṇamāsyā dṛśyeran sūryasya ca tathobhayoḥ ||
1_veda/5_vedang/2_paris/avpari_u.txt	5267	ā			gṛhītāstamitayos tu na bhuñjīran dvijātayaḥ | ā punardarśanāt tābhyāṃ japahomau vivartayet ||
1_veda/5_vedang/2_paris/avpari_u.txt	5757	ā			lohitākṣau kṣurakrānte saraśmau pītamaṇḍale | ā pradoṣād vimadhyāhnād ā nakṣatrāntagāmini ||
1_veda/5_vedang/2_paris/avpari_u.txt	5757	ā			lohitākṣau kṣurakrānte saraśmau pītamaṇḍale | ā pradoṣād vimadhyāhnād ā nakṣatrāntagāmini ||
1_veda/5_vedang/2_paris/avpari_u.txt	6203	ā			vāyurūpam idaṃ sarvam adbhutaṃ parikīrtitam | vāta ā vātu bheṣajaṃ vāyau ā yāhi darśata iti sthālīpākasya homayet ||
1_veda/5_vedang/2_paris/avpari_u.txt	6203	ā			vāyurūpam idaṃ sarvam adbhutaṃ parikīrtitam | vāta ā vātu bheṣajaṃ vāyau ā yāhi darśata iti sthālīpākasya homayet ||
1_veda/5_vedang/2_paris/avpari_u.txt	6345	ā			ā kaṇṭhaṃ majjate yo hi mānavaḥ śoṇitārṇave | rathena siṃhayuktena parvataṃ cādhirohati ||
1_veda/5_vedang/2_paris/avpray_u.txt	109	ā			atha yatraivāvaskannaṃ bhavati taṃ deśam abhivimṛjya vimṛgvarīṃ pṛthivīm ā vadāmi iti prāṅmukhopaviśya agnir bhūmyām iti tisṛbhir ālabhyābhimantrayeta |
1_veda/5_vedang/2_paris/avpray_u.txt	377	ā			divaṃ pṛthivīm ity abhimantryāthāhavanīya ājyāhutīr juhuyād vāta ā vātu bheṣajam iti sūktena |
1_veda/5_vedang/2_paris/avpray_u.txt	427	ā			atha yasyāsamāpte karmaṇi yūpe dhvāṅkṣo nipatet tatra juhuyāt ā pavasva hiraṇyavad aśvāvat soma vīravat | vājaṃ gomantam ā bhara svāhā iti madhyata opya saṃsrāvabhāgaiḥ saṃsthāpayet |
1_veda/5_vedang/2_paris/avpray_u.txt	427	ā			atha yasyāsamāpte karmaṇi yūpe dhvāṅkṣo nipatet tatra juhuyāt ā pavasva hiraṇyavad aśvāvat soma vīravat | vājaṃ gomantam ā bhara svāhā iti madhyata opya saṃsrāvabhāgaiḥ saṃsthāpayet |
1_veda/5_vedang/2_paris/avpray_u.txt	487	ā			saṃsthitahomeṣu | vidyotate dyotate | vidyuto 'gnir jihvā | vidyutā bhrājanti dyotata ā ca dyotata | iti madhyata opya saṃsrāvabhāgaiḥ saṃsthāpayet |
1_veda/5_vedang/2_paris/avpray_u.txt	885	ā			atra yajamānāsane mārjālīye vā camasau nidhāya tatrāsya bhakṣakāle bhakṣāṇy upasthāpayeyur ā samiṣṭayajuṣo homāt |
1_veda/5_vedang/2_paris/avpray_u.txt	1171	ā			yadi na viramayed agnaye suśīryatamo juṣasva svāhā | ity aparaṃ dvādaśarātraṃ niśāyāḥ sāyamāhuter atipattir prātarāśe prātarāhuter āsādyāgnihotram ā tamitor āsīta |
1_veda/5_vedang/2_paris/avpray_u.txt	1207	ā			āyāhi tapasā janiṣv agne pāvako arciṣā | upemāṃ suṣṭutiṃ mama | ā no yāhi tapasā janeṣv āgne pāvaka dīdyat | havyā deveṣu no dadhat iti havīṃṣi dadyāt |
1_veda/5_vedang/2_paris/avpray_u.txt	1331	ā			yasmāt kṛṇoti ketum ā naktaṃ cid dūra ā sate | pāvako yad vanaspatīn yasmān minoty ajaro iti dve |
1_veda/5_vedang/2_paris/avpray_u.txt	1331	ā			yasmāt kṛṇoti ketum ā naktaṃ cid dūra ā sate | pāvako yad vanaspatīn yasmān minoty ajaro iti dve |
1_veda/5_vedang/2_paris/avpray_u.txt	1391	ā			adhvaryur upastabhnuyād yathāprakṛti stambhānopamānau sam aśvinor avasā nūtanena mayobhuvā supraṇītī gamema | ā no rayiṃ vahatam ota vīrān ā viśvāny amṛtā saubhagāni etc ||
1_veda/5_vedang/2_paris/avpray_u.txt	1391	ā			adhvaryur upastabhnuyād yathāprakṛti stambhānopamānau sam aśvinor avasā nūtanena mayobhuvā supraṇītī gamema | ā no rayiṃ vahatam ota vīrān ā viśvāny amṛtā saubhagāni etc ||
1_veda/5_vedang/2_paris/avpray_u.txt	1651	ā			ā bharataṃ śikṣataṃ vajrabāhū asmān indrāgnī avataṃ śacībhiḥ | ime nu te raśmayaḥ sūryasya yebhiḥ sapitvaṃ pitaro na āsan | indrāgnibhyāṃ svāhā | indrāviṣṇubhyāṃ svāhā |
1_veda/5_vedang/3_pratis/rgvidh_u.txt	661	ā			ā | te | sūktena | raudreṇa | pratyṛcam | vāg | yataḥ | śuciḥ ||
1_veda/5_vedang/3_pratis/rgvidh_u.txt	1127	ā			ā | gāva | iti | sūktena | goṣṭhagā | loka | mātaraḥ ||
1_veda/5_vedang/3_pratis/rgvidh_u.txt	1401	ā			ā | tu | sūktena | satatam | dhanam | yāvat | puraṃdaram ||
1_veda/5_vedang/3_pratis/rgvidh_u.txt	2817	ā			ā | tvā | ahārṣam | antaredhī | ity | atha | enam | abhimantrayet ||
1_veda/5_vedang/3_pratis/rgvidh_u.txt	2861	ā			tac | śamyor | ā | vṛṇīmaha | iti | svastyayane | japet ||
2_epic/mbh/ext/hv_apppu.txt	30875	ā			harivaṃśasya vai śrotā punāty ā saptamaṃ kulam ||
2_epic/mbh/ext/hv_apppu.txt	46189	ā			ā brahmabhavanāc cāpi yaśaḥ khyātim asaṃśayam |
2_epic/mbh/ext/hv_conpu.txt	163	ā			teṣāṃ pūrvavisṛṣṭiṃ ca vicitrām ā prajāpateḥ ||
2_epic/mbh/ext/hv_conpu.txt	215	ā			ā vṛṣṇivaṃśād vakṣyāmi bhūtasargam anuttamam ||
2_epic/mbh/ext/hv_conpu.txt	2351	ā			ā kacagrahaṇād devi ā śāpān naiva karhicit |
2_epic/mbh/ext/hv_conpu.txt	2351	ā			ā kacagrahaṇād devi ā śāpān naiva karhicit |
2_epic/mbh/ext/hv_conpu.txt	7967	ā			ā bhūmipālān bhojān svān atiṣṭhan kiṃkiṇīkinaḥ ||
2_epic/mbh/ext/hv_conpu.txt	8471	ā			ā brahmabhavanāc cāpi yaśaḥkhyātir na saṃśayaḥ |
2_epic/mbh/mbh_01_u.txt	14497	ā			ā pṛṣṭhatāpāc ca tadā jajāpa japatāṃ varaḥ
2_epic/mbh/mbh_01_u.txt	21275	ā			etām eva kathāṃ divyām ā prajāpatito manoḥ
2_epic/mbh/mbh_01_u.txt	24997	ā			ā caturdaśamād varṣān na bhaviṣyati pātakam
2_epic/mbh/mbh_01_u.txt	25469	ā			ā pṛṣṭhatāpād ādityam upatasthe sa vīryavān
2_epic/mbh/mbh_01_u.txt	40897	ā			ā garbhād anukṛntantaś ceruś caiva vasuṃdharām
2_epic/mbh/mbh_02_u.txt	313	ā			locanair anujagmus te tam ā dṛṣṭipathāt tadā
2_epic/mbh/mbh_02_u.txt	13631	ā			taṃ tu yajñaṃ mahābāhur ā samāpter janārdanaḥ
2_epic/mbh/mbh_02_u.txt	16961	ā			ā gopālāvipālebhyaḥ sarvaṃ veda kṛtākṛtam
2_epic/mbh/mbh_03_u.txt	5303	ā			ā mātṛstanapānāc ca yāvac chayyopasarpaṇam
2_epic/mbh/mbh_03_u.txt	5445	ā			ā mṛtyoḥ śriyam anvicchen naināṃ manyeta durlabhām
2_epic/mbh/mbh_03_u.txt	20969	ā			ā janmaśatasāhasrād yat pāpaṃ kurute naraḥ
2_epic/mbh/mbh_03_u.txt	41529	ā			ā gopālāvipālebhyaḥ sarvaṃ veda kṛtākṛtam
2_epic/mbh/mbh_03_u.txt	44981	ā			ā brahmabhavanād ete doṣā maudgalya dāruṇāḥ
2_epic/mbh/mbh_04_u.txt	1943	ā			ā gopālāvipālebhya ācakṣāṇāḥ paraṃtapāḥ
2_epic/mbh/mbh_04_u.txt	17621	ā			pārthena sṛṣṭaḥ sa tu gārdhrapatra | ā puṅkhadeśāt praviveśa nāgam
2_epic/mbh/mbh_05_u.txt	9235	ā			ā gopālāvipālebhyo nandamānaṃ yudhiṣṭhiram
2_epic/mbh/mbh_05_u.txt	15073	ā			ā keśagrahaṇān mitram akāryāt saṃnivartayan
2_epic/mbh/mbh_05_u.txt	16183	ā			ā prajānāṃ nisargād vai nodbhidyati na sarpati
2_epic/mbh/mbh_05_u.txt	22101	ā			ā pṛṣṭhatāpāj japtvā sa parivṛtya yatavrataḥ
2_epic/mbh/mbh_06_u.txt	5107	ā			ā brahmabhuvanāl lokāḥ punarāvartino 'rjuna
2_epic/mbh/mbh_07_u.txt	4075	ā			ā gulphebhyo 'vasīdanta narāḥ śoṇitakardame
2_epic/mbh/mbh_07_u.txt	42221	ā			ā keśāgrān nakhāgrāc ca vaktavyo vaktum icchasi
2_epic/mbh/mbh_08_u.txt	5049	ā			ā tumbād avasīdanti rathacakrāṇi māriṣa
2_epic/mbh/mbh_08_u.txt	8639	ā			ā keśāgrān nakhāgrāc ca vaktavyeṣu kuvartmasu
2_epic/mbh/mbh_08_u.txt	9831	ā			ā matsyebhyaḥ kurupāñcāladeśyā | ā naimiṣāc cedayo ye viśiṣṭāḥ
2_epic/mbh/mbh_08_u.txt	9831	ā			ā matsyebhyaḥ kurupāñcāladeśyā | ā naimiṣāc cedayo ye viśiṣṭāḥ
2_epic/mbh/mbh_08_u.txt	9891	ā			ā pāñcālebhyaḥ kuravo naimiṣāś ca | matsyāś caivāpy atha jānanti dharmam
2_epic/mbh/mbh_08_u.txt	10609	ā			ā gulphāc cātra sīdantīṃ narāñ śoṇitakardame
2_epic/mbh/mbh_08_u.txt	11643	ā			vikṛṣya balavac cāpam ā karṇād atimārutiḥ
2_epic/mbh/mbh_08_u.txt	17751	ā			ā devāt tvatsamaṃ teṣāṃ na paśyāmi śṛṇomi vā
2_epic/mbh/mbh_09_u.txt	6491	ā			svarṇapuṅkhaiḥ śilādhautair ā karṇāt prahitaiḥ śaraiḥ
2_epic/mbh/mbh_09_u.txt	7137	ā			ā gopālāvipālebhyo dravanto nagaraṃ prati
2_epic/mbh/mbh_10_u.txt	3203	ā			ā garbhāt pāṇḍaveyānāṃ kṛtvā pātaṃ vinaṅkṣyati
2_epic/mbh/mbh_12_u.txt	23665	ā			na hi vairāṇi śāmyanti kuleṣv ā daśamād yugāt
2_epic/mbh/mbh_12_u.txt	37315	ā			ā dehād apramādāc ca dehāntād vipramucyate
2_epic/mbh/mbh_12_u.txt	42317	ā			kriyā syād ā samāvṛtter ācārye vedapārage
2_epic/mbh/mbh_12_u.txt	42325	ā			ā vimokṣāc charīrasya so 'nutiṣṭhed yathāvidhi
2_epic/mbh/mbh_13_u.txt	12715	ā			ā dehapatanād gaṅgām upāste yaḥ pumān iha
2_epic/mbh/mbh_13_u.txt	13597	ā			ā pṛṣṭhatāpāt svādhyāye yuktās tān pūjayāmy aham
2_epic/mbh/mbh_13_u.txt	15455	ā			tasmād ā grahaṇāt pāṇer yācayanti parasparam
2_epic/mbh/mbh_13_u.txt	17579	ā			ā garbhād anukṛntanto daivadaṇḍanipīḍitāḥ
2_epic/mbh/mbh_13_u.txt	20333	ā			ā jātito yaś ca gavāṃ nameta | idaṃ phalaṃ śakra nibodha tasya
2_epic/mbh/mbh_13_u.txt	20669	ā			ā janmamaraṇād yas tu brahmacārī bhaved iha
2_epic/mbh/mbh_13_u.txt	26515	ā			aprakṣālitapādas tu pāṇim ā maṇibandhanāt
2_epic/mbh/mbh_13_u.txt	26731	ā			ā dehapatanād evaṃ śuśrūṣārtham atandritaiḥ
2_epic/mbh/mbh_13_u.txt	29659	ā			ā ṣoḍaśād ṛtur mukhyaḥ putrajanmani śabditaḥ
2_epic/mbh/mbh_13_u.txt	40071	ā			tam arthaṃ vimṛśed buddhyā svayam ā tattvadarśanāt
2_epic/mbh/mbh_13_u.txt	42455	ā			ā samāpteḥ svapāpasya kurvantīti viniścayaḥ
2_epic/mbh/mbh_14_u.txt	2173	ā			ā siddher ā prajāsargād ātmano me gatiḥ śubhā
2_epic/mbh/mbh_14_u.txt	2173	ā			ā siddher ā prajāsargād ātmano me gatiḥ śubhā
2_epic/mbh/mbh_14_u.txt	5767	ā			pravṛttam udakaṃ vāyuṃ sarvaṃ vāneyam ā tṛṇāt
2_epic/mbh/mbh_14_u.txt	6903	ā			ā cakṣurviṣayāc cainaṃ dadarśa ca punaḥ punaḥ
2_epic/mbh/mbh_14_u.txt	12819	ā			ā samāpter jagannātho yajñaṃ rakṣitavān hariḥ
2_epic/mbh/mbh_14_u.txt	15999	ā			ā śvāsamokṣāt praṇavaṃ japed vā mām anusmaran
2_epic/mbh/mbh_14_u.txt	17941	ā			ā samudrāc ca yat pūrvād ā samudrāc ca paścimāt
2_epic/mbh/mbh_14_u.txt	17941	ā			ā samudrāc ca yat pūrvād ā samudrāc ca paścimāt
2_epic/mbh/mbh_14_u.txt	18165	ā			aham āhavanīyo 'gnir ā homād yasya vai mukhe
2_epic/mbh/mbh_14_u.txt	18193	ā			ā homād yo 'gnihotreṣu yajñe vā yatra sarvaśaḥ
2_epic/mbh/mbh_14_u.txt	18553	ā			prakṣālya pādāv ā jānvor hastāv ākūrparaṃ punaḥ
2_epic/ramayana/ram_02_u.txt	3481	ā			ā pañcamāyāḥ kakṣyāyā nainaṃ kaś cid avārayat
2_epic/ramayana/ram_06_u.txt	4585	ā			nānirbhinnaṃ na cāstabdham ā karāgrād ajihmagaiḥ
3_purana/agp_bi_u.txt	3838	ā			namo bhagavate cādau a ā aṃ aḥ svavījakāḥ |
3_purana/agp_bi_u.txt	23200	ā		a | dha | śa | pū | u | re | atra saptaviṃśatinakṣatrāṇi jñeyāni	a | bha | kṛ | ro | mṛ | ā | pu | pu | a | ma | pū | u | ha | ci | svā | vi | a | jye | mū | pū | u |
3_purana/agp_bi_u.txt	24072	ā			a stanakṣīrā ā moṭo lambodaryudare ca tha |
3_purana/agp_bi_u.txt	24221	ā			ā vedinī i rūpī vai śāntirmūrtiḥ kalākulā ||
3_purana/agp_bi_u.txt	38619	ā			ā no bhadrā ity anena dīrghamāyuravāpnuyāt |
3_purana/agp_bi_u.txt	39263	ā			ā kṛṣṇeti tathaitasya karmavyāhṛtivadbhavet ||
3_purana/agp_bi_u.txt	47015	ā		o au aṃ aḥ | ka kha ga gha ṅa ca cha ja jha ña ṭa ṭha ḍa ḍha ṇa ta	oṃ chaṃ nityaklinne madadrave oṃ oṃ | a ā i ī u ū ṛ ṝ ḷ ḹ e ai
3_purana/agp_bi_u.txt	50724	ā			sīmāyāmathāvyayaṃ ā bhavetsaṃkrodhapīḍayoḥ
3_purana/agp_bi_u.txt	52180	ā	niṣṭhurāślīlaparuṣaṃ grāmyaṃ vai sunṛtaṃ priye		|| ā ||
3_purana/agp_bi_u.txt	52184	ā			āravārāvasaṃrāvavirāvā atha marmaraḥ || ā ||
3_purana/agp_bi_u.txt	52189	ā	vīṇāyā nikvaṇaḥ kvāṇaḥ tiraścāṃ vāśitaṃ rutaṃ		|| ā ||
3_purana/agp_bi_u.txt	52194	ā	strī pratiśrut pratidhvāne tantrīkaṇṭhānnisādakaḥ		|| ā ||
3_purana/agp_bi_u.txt	52198	ā			kalo mantrastu gambhīre tāro 'tyuccaistrayastriṣu || ā ||
3_purana/agp_bi_u.txt	52203	ā	vipañcī sā tu tantrībhiḥ saptabhiḥ parivādinī		|| ā ||
3_purana/agp_bi_u.txt	52208	ā	vaṃśyādikantu śuṣiraṃ kāṇsyatālādikaṃ ghanaṃ		|| ā ||
3_purana/agp_bi_u.txt	52213	ā	mṛdaṅgā murajā bhedāstvaṅkyāliṅgyo 'rdhakāstrayaḥ		|| ā ||
3_purana/agp_bi_u.txt	52218	ā	ānakaḥ paṭaho bhedā jharjharīḍiṇḍimādayaḥ		|| ā ||
3_purana/agp_bi_u.txt	52223	ā	layaḥ sāmyaṃ tāṇḍavantu nāṭyaṃ lāsyañca nartanaṃ		|| ā ||
3_purana/agp_bi_u.txt	52228	ā	rājā bhaṭṭārako devaḥ sābhiṣekā ca devyapi		|| ā ||
3_purana/agp_bi_u.txt	52233	ā	vībhatsaraudre ca rasāḥ śṛṅgāraḥ śucirujjvalaḥ		|| ā ||
3_purana/agp_bi_u.txt	52238	ā	kṛpā dayā cānukampāpyanukrośo 'pyatho hasaḥ		|| ā ||
3_purana/agp_bi_u.txt	52320	ā			ā pragṛhyaḥ smṛtau vākye 'pyāstu syāt kopapīḍyoḥ
3_purana/bhagp/bhp_05u.txt	1581	ā			tasyāpi praiyavrata evādhipatir nāmnā medhātithiḥ so 'pi vibhajya sapta varṣāṇi putra nāmāni teṣu svātmajān purojava manojava pavamāna dhūmrānīka citrarepha bahurūpa viśvadhāra saṃjñān nidhāpyādhipatīn svayaṃ bhagavaty ananta ā veśita matis tapovanaṃ praviveśa
3_purana/bhagp/bhp_10u.txt	2967	ā			ā kalpam ārkam arhan bhagavan namas te
3_purana/bhagp/bhp_10u.txt	3387	ā			ā bāla vṛddha vanitāḥ sarve 'ṅga paśu vṛttayaḥ
3_purana/bhagp/bhp_10u.txt	4385	ā			ā kaṇṭha magnāḥ śītode vepamānās tam abruvan
3_purana/bhagp/bhp_10u.txt	7271	ā			teṣu hi prākṛtāḥ protā ā brahma sthāvarādayaḥ
3_purana/bhagp/bhp_10u.txt	16091	ā			ā koṣṭhaṃ jyāṃ samutkṛṣya petur eke 'munāhatāḥ
3_purana/bhagp/bhp_10u.txt	16445	ā			tataḥ sv alaṅkṛto varṇān ā śvabhyo 'nnena pūjayat
3_purana/bhagp/bhp_10u.txt	16685	ā			dadhāra pādāv avanijya taj jalaṃ sa vṛnda ā brahma punad yad ambu ha
3_purana/bhagp/bhp_10u.txt	17083	ā			dharma jñāna śamopetam ā kalpād āsthitas tapaḥ
3_purana/bhagp/bhp_10u.txt	17217	ā			sad iva manas tri vṛt tvayi vibhāty asad ā manujāt
3_purana/bhagp/bhp_11u.txt	2595	ā			tyaktaṃ bhramāya na bhavet smṛtir ā nipātāt
3_purana/bhagp/bhp_11u.txt	3553	ā			ā dehāntāt kvacit khyātis tataḥ sampadyate mayā
3_purana/bhagp/bhp_11u.txt	3677	ā			karmaṇāṃ pariṇāmitvād ā viriñcyād amaṅgalam
3_purana/bhagp/bhp_11u.txt	3973	ā			ā brahma sthāvarādīnāṃ śārīrā ātma saṃyutāḥ
3_purana/bhagp/bhp_11u.txt	4853	ā			tamasādho 'dha ā mukhyād rajasāntara cāriṇaḥ
3_purana/bhagp/bhp_11u.txt	5309	ā			evaṃ dehādayo bhāvā yacchanty ā mṛtyuto bhayam
3_purana/bhagp/bhp_11u.txt	5425	ā			karoti karma kriyate ca jantuḥ kenāpy asau codita ā nipatāt
3_purana/bhagp/bhp_11u.txt	5561	ā			praṇamed daṇḍa vad bhūmāv ā śva cāṇḍāla go kharam
3_purana/bhagp/bhp_12u.txt	147	ā			anu gaṅgam ā prayāgaṃ guptāṃ bhokṣyati medinīm
3_purana/bhagp/bhp_12u.txt	1837	ā			ā kalpāntād yaśaḥ puṇyam ajarāmaratā tathā
3_purana/brahmap/brahmppu.txt	1769	ā			ā kacagrahaṇād devi ā śāpān naiva karhicit |
3_purana/brahmap/brahmppu.txt	1769	ā			ā kacagrahaṇād devi ā śāpān naiva karhicit |
3_purana/brahmap/brahmppu.txt	8783	ā			ā kacagrahaṇād devi ā śāpān naiva karhicit |
3_purana/brahmap/brahmppu.txt	8783	ā			ā kacagrahaṇād devi ā śāpān naiva karhicit |
3_purana/brahmap/brahmppu.txt	49797	ā			viṣāṇavarjaṃ śirasa ā pādād āśiṣāmahe |
3_purana/brndp2_u.txt	1673	ā			pṛthivyāṃ prathamaskandha ā meghebyo ya āvahaḥ ||
3_purana/garup1_u.txt	2885	ā			a ā nyasettu pādāgre i ī gulaphe 'tha jānuni |
3_purana/garup1_u.txt	9026	ā			ā ī ū ai au svarāṃśca likhetpañcāgnikoṣṭhake |
3_purana/garup1_u.txt	13704	ā			ā śmaśānādanuvrajya itarairjñātibhiryutaḥ |
3_purana/garup1_u.txt	21718	ā			bāla ā ṣoḍaśānmadhyaḥ saptatervṛddha ucyate ||
3_purana/garup1_u.txt	27482	ā			ā bodhātsvapanaṃ yāvat gṛhidharmaṃ ca vacmi te ||
3_purana/garup2_u.txt	1909	ā			ādantajananatsadya ā caulānnaiśikī smṛtā |
3_purana/garup2_u.txt	6913	ā			tato jāte vipanne tu ā cūḍākaraṇācchiśoḥ ||
3_purana/garup2_u.txt	6917	ā			ā cūḍātpañcavarṣe tu dehadāho vidhīyate ||
3_purana/garup2_u.txt	6997	ā			ā pañca varṣātkaumāraḥ paugaṇḍo navahāṃyanaḥ ||
3_purana/lip_1_pu.txt	1441	ā			ā dehāntaṃ mṛdālipya tīrthatoyeṣu sarvadā ||
3_purana/lip_1_pu.txt	1887	ā			aupasargikam ā brahma bhuvaneṣu parityajet |
3_purana/lip_1_pu.txt	1991	ā			aupasargikam ā brahma | bhuvaneṣu parityajet |
3_purana/lip_1_pu.txt	3745	ā			ā tārārkendunakṣatraṃ śūnyaṃ lokamavekṣya ca |
3_purana/lip_1_pu.txt	5069	ā			saritsarastaḍāgeṣu sarveṣv ā pralayaṃ naraḥ |
3_purana/lip_1_pu.txt	8017	ā			eṣā caturyugāvṛttir ā sahasrād guṇīkṛtā ||
3_purana/lip_1_pu.txt	8021	ā			anārjavaṃ jaḍībhāvo bhūtānām ā yugakṣayāt ||
3_purana/lip_1_pu.txt	10325	ā			ā bhānorvai bhuvaḥ svastu ā dhruvānmunisattamāḥ |
3_purana/lip_1_pu.txt	10325	ā			ā bhānorvai bhuvaḥ svastu ā dhruvānmunisattamāḥ |
3_purana/lip_1_pu.txt	10339	ā			yojanānāṃ mahīpṛṣṭhād ūrdhvaṃ pañcadaśa ā dhruvāt ||
3_purana/lip_1_pu.txt	15465	ā			ā bhūtasamplavāvasthā yairiyaṃ vidhṛtā mahī ||
3_purana/lip_1_pu.txt	16055	ā			sārdhaṃ tair ījyamānās te sthāsyantīha ā yugakṣayāt ||
3_purana/lip_1_pu.txt	22939	ā			ā ṣoḍaśāt tataḥ strīṇāṃ mūtravacchaucamiṣyate ||
3_purana/lip_1_pu.txt	23193	ā			ā mastakatalādyas tu nimajjetpaṅkasāgare |
3_purana/lip_1_pu.txt	23537	ā			ā mūlāt phalanicitaiḥ kvacidviśālair uttuṅgaiḥ panasamahīruhairupetam ||
3_purana/lip_1_pu.txt	24531	ā			ā brahmabhuvanād viprāḥ pracacāla ca suvratāḥ ||
3_purana/lip_1_pu.txt	24535	ā			dhairyaṃ balaṃ ca samavāpya yayurvisṛjya ā diṅmukhāntam asurakṣaṇatatparāś ca ||
3_purana/lip_2__u.txt	4467	ā			ā ī ū e tathā aṃbānukrameṇātmarūpiṇam ||
3_purana/mtp176pu.txt	12093	ā			ā saptarātrodayam etadasya dātavyametatsakalaṃ nareṇa |
3_purana/mtp176pu.txt	15413	ā			ā vo rājeti rudrasya balihomaṃ samācaret |
3_purana/mtp176pu.txt	17363	ā			ā prayāgapratiṣṭhānād āpurādvāsukerhradāt |
3_purana/mtp176pu.txt	18563	ā			mālyavānvai sahasraika ā nīlaniṣadhāyataḥ |
3_purana/mtp176pu.txt	25415	ā			karmasveteṣu ye saktā vartanty ā dehapātanāt |
3_purana/mtp176pu.txt	26525	ā			ā pādatalamastako navatālo bhavettu yaḥ ||
3_purana/nardp1_u.txt	19381	ā			ā evaṃ ca prakṛtyaite tiṣṭanti munisattama |
3_purana/nardp1_u.txt	19685	ā			paraṃ vyavahitāścāpi gatisaṃjñāstathā hi ā ||
3_purana/skp031pu.txt	7311	ā			ā mūlātphalanicitaiḥ kvacidviśālair uttuṅgaiḥ panasamahīruhairupetam ||
3_purana/vd2127_u.txt	123	ā			ā no agna ity etac ca kathitaṃ patilābhadam ||
4_rellit/buddh/asmahsuu.txt	4650	ā			caturvidhe sattvārthe bodhisattvānāmabandhyaḥ prayogo veditavyaḥ | gambhirodāradharmatrāsa ā | yoge | bodhicittasamutpāde | utpāditabodhicittānāṃ saṃśayopacchedane | pāramitāpratipattyavavāde ca |
4_rellit/buddh/asmahsuu.txt	4658	ā			vinā ā | rūpyaṃ tathā dhyānaṃ prajñā copāyasaṃhitā |
4_rellit/buddh/asmahsuu.txt	4712	ā			tatra pudgalabhedena vyākaraṇaṃ gotrasthotpāditacittasaṃmukhāsamakṣapudgalavyākaraṇāt | kālabhedena parimitāparimitakālavyākaraṇāt | punarbodhau vyākaraṇaṃ bhavati | vyākaraṇe vā evaṃnāmā tathāgata evamamuṣminkāle vyākariṣyatīti | anyatpunarmahāvyākaraṇaṃ yadaṣṭamyāṃ bhūmāvanutpattikadharmakṣāntilābhataḥ | ahaṃ buddho bhaviṣyāmīti mānaprahāṇataḥ | sarvanimitta ā | bhogaprahāṇataḥ | sarvabuddhabodhisatvaitvaśca sārdhamekībhāvopagamanataḥ | tadātmasaṃtānabhedādarśanāt | punaḥ kṣetrādibhirvyākaraṇamīdṛśe buddhakṣetre evaṃnāmā iyatā kālena buddho bhaviṣyati | evaṃnāmake kalpe īdṛśaścāsya parivāro bhaviṣyati | etāvadantaraṃ kālamasya saddharmānuvṛttirbhaviṣyatīti |
4_rellit/buddh/asmahsuu.txt	5054	ā			śūnyatā paramātmasya karma ā | nāśe vyavasthitiḥ |
4_rellit/buddh/divyav_u.txt	1897	ā			sa saṃlakṣayati || amaṅgalo 'yaṃ muṇḍakaḥ śramaṇako mayā dṛṣṭa iti viditvā ā karṇād dhanuḥ pūrayitvā yenāyuṣmān pūrṇastena pradhāvitaḥ |
4_rellit/buddh/divyav_u.txt	29619	ā			rājñā ā karṇāddhanuḥ pūrayitvā śaraḥ kṣiptaḥ |
4_rellit/buddh/vinsutru.txt	29	ā			kañcit pariśuddhya tīti pṛṣṭvā śuddham ā rocayet
4_rellit/buddh/vinsutru.txt	171	ā			parivāsamūlaparivāsamānāpy amūlamānāpy āvartaṇārthini niḥśraye ho vata saṃghasya parivāsādi catuṣkaṃ dadyād ā bṛhet iti
4_rellit/buddh/vinsutru.txt	2880	ā			ā phalaparyantād ekatvaṃ
4_rellit/buddh/vinsutru.txt	11512	ā			arhastu kālatve ntarvarṣam ā gato lābhe
4_rellit/buddh/vinv_06u.txt	42	ā			rājagṛhe nidānam | āyuṣmān pilindavatso yataḥ pravrajito bahvābādhaḥ | sa bhikṣubhir ucyate | sthavira evaṃ te ābādhaḥ | sa kathayati | āyuṣmantaḥ satatam ahaṃ bahvābādhaḥ | niryāṇaprakaraṇaṃ nāsti | te kathayanti | sthavira purā kiṃ dhṛtam | sa kathayati | bhaiṣajyaṃ kacchapuṭam | idānīṃ kiṃ na dhārayasi | bhagavatā nānujñātam | etat prakaraṇaṃ bhikṣavo bhagavata ārocayanti | bhagavān āha | evaṃ saty anujñātam | bhikṣūṇāṃ bhaiṣajyaṃ kacchapuṭaṃ dhārayitavyam | bhikṣūṇāṃ mūlapuṣpagaṇḍaphalabhaiṣajyāni dhārayitavyāni | te sarvatra bhaiṣajyāni kacchapuṭe na dāpayanti | bhagavān āha | phalabhaiṣajyāni kacchapuṭe sthāpayitavyāni | mūlapuṣpagaṇḍabhaiṣajyāni varaṇḍikāṃ baddhvā nāgadantake sthāpayitavyāni | bhagavān āha | kāle kāle śoṣayitavyāni | te ātape śoṣayanti | nirvīryaṃ bhavati | bhagavān āha | nātape śoṣayitavyam | chāyāyāṃ śoṣayanti | tathāpi pūyyati | bhagavān āha | chāyātape śoṣayitavyam | te praviṣajitvā gacchanti | vātavarṣam āgacchati na praveśayanti | bhagavān āha || praveśayitavyaṃ | uktaṃ bhagavatā praveśayitavyam iti | te na jānanti kena praveśayitavyam iti | bhagavān āha | ā || na bhavati | śrāmaṇerakena | śrāmaṇerako na bhavati svayam eva praveśayitavyaṃ | miśrībhavanti | bhikṣavaḥ saṃpṛṣṭā iti kṛtvā na paribhuṃjanti | bhagavān āha | vicīya vicīya paribhoktavyaṃ nātra kaukṛtyaṃ karaṇīyam ||
4_rellit/buddh/vinv_06u.txt	1337	ā			ā dharmanikāmalābhī kṣīṇāsravo hy antimadehadhārī
4_rellit/buddh/vinv_06u.txt	2435	ā			bhojanena saha prādām ā ||
4_rellit/saiva/kubjt_pu.txt	3127	ā			ā sa randhragataṃ gṛhya ya sa madhyagataṃ punaḥ |
4_rellit/saiva/kubjt_pu.txt	3193	ā			saptāviṃśatimaṃ bhadre ā sa madhyagataṃ punaḥ ||
4_rellit/saiva/kubjt_pu.txt	7417	ā			o jā pū kā ḍi lam rṇa ma ā dha gi rū ṇa ra ri pū |
4_rellit/saiva/kubjt_pu.txt	7801	ā			aiṃ haḥ a paramānande haḥ ā siddhidānandane haḥ i parāpare hrūṃ phreṃ phaṭ kṣaḥ ī śrīkulāmbike ||
4_rellit/saiva/kubjt_pu.txt	7871	ā			ana aiṃ | ā tha hrīṃ | i ṛ a | ī ṛ gho | u ḷ re | ū ḹ hrīṃ |
4_rellit/saiva/kubjt_pu.txt	7885	ā			pa la he | pha ā ru | ba ṣa ru | bha kṣa ru | ma ma ru |
4_rellit/saiva/kubjt_pu.txt	9545	ā			ha haṃsāvali ā mahānanda āpakumbha bhairava
4_rellit/saiva/kubjt_pu.txt	9639	ā			ā vyāpakāvali ha śubhaṅkara hūhūka bhairava
4_rellit/saiva/kubjt_pu.txt	9677	ā			ā pralayāntakāvali ha bhuvanavīra
4_rellit/saiva/kubjt_pu.txt	9771	ā			ha yogāvali ā parāparavīra
4_rellit/saiva/kubjt_pu.txt	10683	ā			tha ma pra śa vi ā śa vi ā da bhiṃ da bhiṃ ya ||
4_rellit/saiva/kubjt_pu.txt	10683	ā			tha ma pra śa vi ā śa vi ā da bhiṃ da bhiṃ ya ||
4_rellit/saiva/kubjt_pu.txt	10885	ā			ā ananto maṇḍale vaktre a śrīkaṇṭho lalāṭagaḥ |
4_rellit/saiva/kubjt_pu.txt	10903	ā			āmoṭī tadgataṃ kṣīram ā varṇaṃ parikīrtitam ||
4_rellit/saiva/kubjt_pu.txt	11087	ā			prayāge tu mahākṣetre ā kṣā maṅgalasaṃyutā ||
4_rellit/saiva/malinivu.txt	607	ā			pa hṛc chalau stanau kṣīram ā sa jīvo visargayuk
4_rellit/saiva/malinivu.txt	2045	ā			ā yāgāntam ahaṃ kumbhe saṃsthito vighnaśāntaye
4_rellit/saiva/malinivu.txt	4451	ā			dīptibhis tasya tīvrābhir ā brahmabhuvanaṃ tataḥ
4_rellit/saiva/parakspu.txt	457	ā			ṣaṭkoṇe ā kṣā ī brahmāṇī | ī lā ī māheśvarī | ū hā ī kaumārī | ṝ sā ī vaiṣṇavī | ai śā ī indrāṇī | au vā ī cāmuṇḍā tasyaivāgreṣu madhye ca yamarayūṃ yāṃ yīṃ yūṃ yaiṃ yauṃ yaḥ yākini jambhaya jambhaya mama sarvaśatrūṇāṃ tvagdhātuṃ gṛhṇa gṛhṇa aṇimādivaśaṃ kuru kuru svāheti | anyāsāṃ dhātunāthānām apy evaṃ bīje nāmani dhātau tv ārādhanakarmaṇi mantrasannāmaḥ | ramarayūṃ rākiṇi raktadhātuṃ piba piba lamarayūṃ lākini māṃsadhātuṃ bhakṣaya bhakṣaya ḍamarayūṃ ḍākini medodhātuṃ grasa grasa kamarayūṃ kākini asthidhātuṃ jambhaya jambhaya samarayūṃ sākini majjādhātuṃ gṛhṇa gṛhṇa hamarayūṃ hākini śukradhātuṃ piba piba aṇimādivaśaṃ kuru kuru svāhā iti dhātunāthayajanam ||
4_rellit/vaisn/astavgpu.txt	265	ā			ā brahma stamba paryante bhūta grāme catur vidhe |
4_rellit/vaisn/astavgpu.txt	443	ā			ā brahma stamba paryantam aham eveti niścayī |
4_rellit/vaisn/ss2_bhgu.txt	3619	ā			prakāśarūpam | tasmād asya nāmnaḥ ā īṣad api jānantaḥ na tu samyag
4_rellit/vaisn/ss2_bhgu.txt	5343	ā			ā praveṣṭum aśakyaṃ tad brahmarudrādidaivataiḥ |
4_rellit/vaisn/ss2_bhgu.txt	8955	ā			jñānam | ā samīcīnā vidyā bhaktiḥ | rājavidyā rājaguhyam ity ādy ukteḥ
4_rellit/vaisn/ss4_krsu.txt	7291	ā			samānām ātmārāmāṇām api samasya sahacarasya śrībhagavato'pi vā | ā
4_rellit/vaisn/ss4_krsu.txt	8775	ā			tāpanīvākye śrīmaddaśākṣarasthanāmaniruktau ye gopījanās te ā
4_rellit/vaisn/ss4_krsu.txt	8941	ā			rādhikā | vibhrājante janeṣv ā | vibhrājante vibhrājate | ā sarvata iti śruti |
4_rellit/vaisn/ss4_krsu.txt	8941	ā			rādhikā | vibhrājante janeṣv ā | vibhrājante vibhrājate | ā sarvata iti śruti |
4_rellit/vaisn/ss5_bhku.txt	10721	ā			yat yāsu kathāsu jñānaṃ bhavati | kīdṛśaṃ | ā sarvataḥ pratinivṛttaṃ uparataṃ
4_rellit/vaisn/ss5_bhku.txt	10769	ā			anukramiṣye | tadanukrameṇa ā samyak pīyatām |
4_rellit/vaisn/ss6_priu.txt	12209	ā			pādamūlam iti tāsu nijotkarṣakhyāpanam | asmān punar atathābhūtān ā
4_rellit/vaisn/vaimp__u.txt	331	ā			somam ā vaha |
4_rellit/vaisn/vaimp__u.txt	539	ā			agnim ā vaha |
4_rellit/vaisn/vaimp__u.txt	1067	ā			ā go dānāt
4_rellit/vaisn/vaimp__u.txt	1101	ā			agna ā yāhy
4_rellit/vaisn/vaimp__u.txt	1153	ā			ā tvāhārṣam antar abhūḥ
4_rellit/vaisn/vaimp__u.txt	1343	ā			ā go dānāt
4_rellit/vaisn/vaimp__u.txt	1789	ā			ā tvāhārṣaṃ
4_rellit/vaisn/vaimp__u.txt	2311	ā			ā go dānāt
4_rellit/vaisn/vaimp__u.txt	2339	ā			ā go dānāt
4_rellit/vaisn/vaimp__u.txt	2343	ā			agna ā yāhi
4_rellit/vaisn/vaimp__u.txt	2355	ā			agna ā yāhi śaṃ no devīḥ
4_rellit/vaisn/vaimp__u.txt	2577	ā			agna ā yāhi śaṃ no devīḥ
4_rellit/vaisn/vaimp__u.txt	2591	ā			agna ā yāhy āyur dā agne 'gniṃ dūtam agnir mūrdhā
4_rellit/vaisn/vaimp__u.txt	2619	ā			agna ā yāhy
4_rellit/vaisn/vaimp__u.txt	2699	ā			śūro nṛ ṣātā śavasaś cakāna ā go mati vraje bhajā tvaṃ naḥ
4_rellit/vaisn/vaimp__u.txt	2717	ā			āpa undantu jīvase dīrghāyutvāya varcasa oṣadhe trayas vainaṃ svadhite mainaṃ hiṃsīr deva śrūr etāni pravape svasty uttarāṇy aśī yāpo asmān mātaraś śundhantu ghṛtena no ghṛta puvaḥ punantu viśvam asmat pravahantu ripram udābhyaś śucirā pūta emi somasya tanūr asi tanuvaṃ me pāhi mahīnāṃ payo 'si varco dhā asi varcomayi dhehi vṛtrasya kanīnikāsi cakṣuṣ pā asi cakṣur me pāhi cit patis tvā punātu vāk patis tvā punātu devas tvā savitā punātv acchidreṇa pavitreṇa vasos sūryasya raśmibhis tasya te pavitra pate pavitreṇa yasmai kaṃ pune tac chakeyam ā vo devāsa īmahe satya dharmāṇo adhvare yad vo devāsa āgure yajñiyāso havāmaha indrāgnī dyāvā pṛthivī āpa oṣadhīs tvaṃ dīkṣāṇām adhipatir asīha mā santaṃ pāhi
4_rellit/vaisn/vaimp__u.txt	2841	ā			yad bhadraṃ tan ma ā suva
4_rellit/vaisn/vaimp__u.txt	2863	ā			anuṣvadham ā vaha mādayasva svāhā kṛtaṃ vṛṣabha vakṣi havyam
4_rellit/vaisn/vaimp__u.txt	2877	ā			tridhā baddho vṛṣabho roravīti maho devo martyāṃ ā viveśa
4_rellit/vaisn/vaimp__u.txt	2973	ā			saṃtāpayati svaṃ deham ā pāda tala mastakam
4_rellit/vaisn/vaimp__u.txt	3059	ā			agna ā yāhi
4_rellit/vaisn/vaimp__u.txt	3129	ā			yo no dūre aghaśaṃso yo anty agne mākiṣ ṭe vyathir ā dadharṣīt
4_rellit/vaisn/vaimp__u.txt	3131	ā			ud agne tiṣṭha praty ā tanuṣva ny amitrāṃ oṣatāt tigmahete
4_rellit/vaisn/vaimp__u.txt	3151	ā			iha tvā bhūry ā cared upa tman doṣā vastar dīdivāṃsam anu dyūn
4_rellit/vaisn/vaimp__u.txt	3181	ā			rakṣo haṇaṃ vājinam ā jigharmi mitraṃ prathiṣṭham upa yāmi śarma
4_rellit/vaisn/vaimp__u.txt	3193	ā			mahāṃ indro nṛvad ā carṣaṇiprāḥ
4_rellit/vaisn/vaimp__u.txt	3259	ā			agna ā yāhi śaṃ no devīḥ
4_rellit/vaisn/vaimp__u.txt	3523	ā			agna ā yāhi vītaye gṛṇāno havyadātaye
4_rellit/vaisn/vaimp__u.txt	3577	ā			ā cakrur agnim ūtay || om
4_rellit/vaisn/vaimp__u.txt	3583	ā			ā juhota duvasyatāgniṃ prayaty adhvare
4_rellit/vaisn/vaimp__u.txt	6435	ā			candrāṃ prabhāsāṃ yaśas ā jvalantīṃ śriyaṃ loke deva juṣṭām udārām
4_rellit/vaisn/vaimp__u.txt	6475	ā			sūryāṃ hiraṇmayīṃ lakṣmīṃ jātavedo ma ā vaha svāhā
4_rellit/vaisn/vaimp__u.txt	6477	ā			tāṃ ma ā vaha jatavedo lakṣmīm anapagāmanīm
4_rellit/vaisn/vaimp__u.txt	6525	ā			sapta hotrās saptadhā tvā yajanti sapta yonīr ā pṛṇasvā ghṛtena svāhā
4_rellit/vaisn/vaimp__u.txt	6671	ā			mahāṃ indro nṛvad ā carṣaṇiprā uta dvibarhā aminas sahobhiḥ
4_rellit/vaisn/vaimp__u.txt	6811	ā			agna ā yāhi vītaye gṛṇāno havyadātaye
4_rellit/vaisn/vaimp__u.txt	6949	ā			svāṃ cāgne tanuvaṃ pipriyasvāsmabhyaṃ ca saubhagam ā yajasva svāhā
4_rellit/vaisn/vaimp__u.txt	7325	ā			ato devās sahasra śīrṣā hiraṇya varṇāṃ bhūmir bhūmnā svasti caiva trātāram indram udutyaṃ jagan naṃdiny ā sa ekaḥ pāvakā naś catur mukhī dātā ito devāś catur daśa
4_rellit/vaisn/vaimp__u.txt	8777	ā			viṣṇor nu kam ā tvāhārṣam ekākṣaraṃ sahasra śīrṣā puruṣaḥ
4_rellit/vaisn/vaimp__u.txt	8913	ā			ā go dānāt paṭhed idam
4_rellit/vaisn/vaimp__u.txt	8967	ā			ā mā vājasya śucī vo havyā
4_rellit/vaisn/vaimp__u.txt	9485	ā			ā vāta vāhi bheṣajaṃ vi vāta vāhi yad rapaḥ
4_rellit/vaisn/vaimp__u.txt	9797	ā			śriye jātaś śriya ā nir iyāya śriyaṃ vayo jaritṛbhyo dadhāti
4_rellit/vaisn/vaimp__u.txt	9889	ā			indra tāni ta ā vṛṇe
4_rellit/vaisn/vaimp__u.txt	9915	ā			ā mā vājasya prasavo jagamyād ā dyāvā pṛthivī viśva śambhū
4_rellit/vaisn/vaimp__u.txt	9915	ā			ā mā vājasya prasavo jagamyād ā dyāvā pṛthivī viśva śambhū
4_rellit/vaisn/vaimp__u.txt	9917	ā			ā mā gantāṃ pitarā mātarā cā mā somo amṛtatvāya gamyāt
4_rellit/vaisn/vaimp__u.txt	10001	ā			svā mā tanūr ā viśa
4_rellit/vaisn/vaimp__u.txt	10211	ā			ato devā agnim īḍe iṣe tvorje tvāgna ā yāhi śaṃ no devīḥ
4_rellit/vaisn/vaimp__u.txt	10221	ā			ā vāta vāhi bheṣajaṃ vi vāta vāhi yad rapaḥ
4_rellit/vaisn/vaimp__u.txt	10243	ā			ā mā vājasya citraṃ devānām ādityam āvāhayāmi
4_rellit/vaisn/vaimp__u.txt	10329	ā			trīdhā baddho vṛṣabho roravīti maho devo martyāṃ ā viveśa
4_rellit/vaisn/vaimp__u.txt	10347	ā			agnim īḍa iṣe tvorje tvāgna ā yāhi śaṃ no devīḥ
4_rellit/vaisn/vaimp__u.txt	10487	ā			agnim īḍa iṣe tvorje tvāgna ā yāhi śaṃ no devīḥ
4_rellit/vaisn/vaimp__u.txt	10513	ā			ā tvāhārṣam antar abhūḥ
4_rellit/vaisn/vaimp__u.txt	10557	ā			śūro nṛ ṣātā śavasaś cakāna ā go mati vraje bhajā tvaṃ naḥ
4_rellit/vaisn/vaimp__u.txt	10603	ā			ā pyāyasva sam etu te viśvatas soma vṛṣṇiyam
4_rellit/vaisn/vaimp__u.txt	10631	ā			śaṃ no devīr ā pyāyasva
4_rellit/vaisn/vaimp__u.txt	10675	ā			agnim īḍe iṣe tvorje tvāgna ā yāhi śaṃ no devīḥ
4_rellit/vaisn/vaimp__u.txt	10777	ā			agna ā yāhi
4_rellit/vaisn/vaimp__u.txt	10873	ā			ā vāyo bhūṣa śucipā upa nas sahasran te niyuto viśva vāra
4_rellit/vaisn/vaimp__u.txt	11115	ā			ā satyena
4_rellit/vaisn/vaimp__u.txt	11199	ā			agna ā yāhi
4_rellit/vaisn/vaimp__u.txt	11437	ā			ā krandaya balam ojo na ā dhā ni ṣṭanihi duritā bādhamānaḥ
4_rellit/vaisn/vaimp__u.txt	11437	ā			ā krandaya balam ojo na ā dhā ni ṣṭanihi duritā bādhamānaḥ
4_rellit/vaisn/vaimp__u.txt	11513	ā			śūro nṛ ṣātā śavasaś cakāna ā go mati vraje bhajā tvaṃ naḥ
4_rellit/vaisn/vaimp__u.txt	11517	ā			indra tāni ta ā vṛṇe
4_rellit/vaisn/vaimp__u.txt	11605	ā			agna ā yāhi vītaye gṛṇāno havyadātaye
4_rellit/vaisn/vaimp__u.txt	11651	ā			ā sīdatāṃ suprayate ha barhiṣy ūrjāya jātyai mama śatru hatyai
4_rellit/vaisn/vaimp__u.txt	11655	ā			ā sīdataṃ svam u lokaṃ vidāne svāsasthe bhavatam indave naḥ
4_rellit/vaisn/vaimp__u.txt	11663	ā			so no deveṣv ā yamad dīrgham āyuḥ pra jīvase
4_rellit/vaisn/vaimp__u.txt	11795	ā			tvām avasyur ā cake
4_rellit/vaisn/vaimp__u.txt	11797	ā			tat tvā yāmi brahmaṇā vandamānas tad ā śāste yajamāno havirbhiḥ
4_rellit/vaisn/vaimp__u.txt	11827	ā			ā vāyo bhūṣa śucipā upa nas sahasraṃ te niyuto viśva vāra
4_rellit/vaisn/vaimp__u.txt	11847	ā			ā no niyudbhiś śatinībhir adhvaraṃ sahasriṇībhir upa yāhi yajñam
4_rellit/vaisn/vaimp__u.txt	11853	ā			uta vā te sahasriṇo ratha ā yātu pājasā
4_rellit/vaisn/vaimp__u.txt	11957	ā			parame vṛkṣa āyudhaṃ nidhāya kṛttiṃ vasāna ā cara pinākaṃ bibhradā gahi
4_rellit/vaisn/vaimp__u.txt	11969	ā			ā vo rājānam adhvarasya rudraṃ hotāraṃ satya yajaṃ rodasyoḥ
4_rellit/vaisn/vaimp__u.txt	12011	ā			haviṣmāṃ ā vivāsati haviṣmāṃ astu sūryaḥ
4_rellit/vaisn/vaimp__u.txt	12237	ā			ā go dānāt paṭhed idaṃ brāhmīyaṃ brahma nirmitam
4_rellit/vaisn/vaimp__u.txt	12253	ā			ā go dānāt paṭhed aṣṭau ca
4_rellit/vaisn/vaimp__u.txt	12255	ā			omāsaś carṣaṇī dhṛto viśve devāsa ā gata
4_rellit/vaisn/vaimp__u.txt	12259	ā			viśve devāso apturas sutam ā gaṃta tūrṇayaḥ
4_rellit/vaisn/vaimp__u.txt	12315	ā			ā rātri pārthivaṃ rajaḥ pitur aprāyi dhāmabhiḥ
4_rellit/vaisn/vaimp__u.txt	12317	ā			divas sadāṃsi bṛhatī vi tiṣṭhasa ā tveṣaṃ vartate tamaḥ
4_rellit/vaisn/vaimp__u.txt	12349	ā			sa dyām aurṇod antarikṣaṃ sa suvas sa viśvā bhuvo abhavat sa ā bhavat
4_rellit/vaisn/vaimp__u.txt	12389	ā			vaṣaṭ te viṣṇav āsa ā kṛṇomi tan me juṣasva śipi viṣṭa havyam
4_rellit/vaisn/vaimp__u.txt	12409	ā			agnir divi havyam ā ta tanāgner dhāmāni vibhṛtā purutrā
4_rellit/vaisn/vaimp__u.txt	12411	ā			mā no mardhīr ā tū bhara
4_rellit/vaisn/vaimp__u.txt	12417	ā			uto na utpupūryā uktheṣu śavasas pata iṣaṃ stotṛbhya ā bhara
4_rellit/vaisn/vaimp__u.txt	12419	ā			vāyo śataṃ harīṇāṃ yuvasva poṣyāṇām uta vā te sahasriṇo ratha ā yātu pājasā
4_rellit/vaisn/vaimp__u.txt	12463	ā			ā rodasī apṛṇad asya majmanā pra vāvṛdhe
4_rellit/vaisn/vaimp__u.txt	13515	ā			tac chaṃ yor ā vṛṇīmahe gātuṃ yajñāya gātuṃ yajña pataye daivī svastir astu naḥ svastir mānuṣebhyaḥ
4_rellit/vaisn/vaimp__u.txt	13521	ā			tac chaṃyor ā vṛṇīmahe nava
4_rellit/vaisn/vaimp__u.txt	13573	ā			ā vāta vāhi bheṣajaṃ vi vāta vāhi yad rapaḥ
4_rellit/vaisn/vaimp__u.txt	13577	ā			dvāv imau vātau vāta ā sindhor ā parāvataḥ
4_rellit/vaisn/vaimp__u.txt	13577	ā			dvāv imau vātau vāta ā sindhor ā parāvataḥ
4_rellit/vaisn/vaimp__u.txt	13579	ā			dakṣaṃ me anya ā vātu parānyo vātu yad rapaḥ
4_rellit/vaisn/vaimp__u.txt	13587	ā			tato no maha āvaha vāta ā vātu bheṣajam
4_rellit/vaisn/vaimp__u.txt	13607	ā			kayā naś citra ā bhuvad ūtī sadāvṛdhas sakhā
4_rellit/vaisn/vaimp__u.txt	13691	ā			tam eka nemiṃ śaṅkhaṃ pratiṣṭhāpayāmi pūtaḥ pūtāntar bali rakṣakāy āgniś śuci vratatama yo vā saṃyoga idaṃ viṣṇus tejovat syāvas savitur devasya tvā viṣṇor nu kaṃ citran devānāṃ śaṃ no devī raktāmbara dharam āvāhayāmi nārāyaṇāyodyantaṃ vā tri kadrukebhir ā vo rājā notthitāya svāhā viśva jite nārāyaṇāya śaṃ no mitraṃ ṣaḍ uttara dvi śatatamam
5_poetry/1_natya/bharnatu.txt	9061	ā			tatra svarāścaturdaśa | a ā i ī u ū ṛ ṝ ḷ ḹ e ai
5_poetry/1_natya/bharnatu.txt	16833	ā			ā pañcamātpañcamādvā nātaḥparamiheṣyate ||
5_poetry/2_kavya/akadambu.txt	2185	ā			cakāra mukulākāre cakṣuṣī ā niśātyayāt ||
5_poetry/2_kavya/asvbuc2u.txt	359	ā			ā janmano janmajarāntakasya tasyātmajasyātmajitaḥ sa rājā |
5_poetry/2_kavya/bhakirpu.txt	443	ā			ā saṃsṛter asmi jagatsu jātas tvayy āgate yad bahumānapātram ||
5_poetry/2_kavya/bhakirpu.txt	575	ā			ādhidviṣām ā tapasāṃ prasiddher asmad vinā mā bhṛśam unmanībhūḥ ||
5_poetry/2_kavya/bhakirpu.txt	1291	ā			ā mūlād upanadi saikateṣu lebhe sāmagrī khurapadavī turaṅgamāṇām ||
5_poetry/2_kavya/bhattiku.txt	577	ā			ā tiṣṭhad gu japan sandhyā prakrāntāmāyatīgavam
5_poetry/2_kavya/bhattiku.txt	1171	ā			ā yatra tāpasān dharmaṃ sutīkṣṇaḥ śāsti | tatra sā |
5_poetry/2_kavya/bhattiku.txt	2459	ā			ā rāma darśanāt pāpa | vidyotasva striyaḥ prati
5_poetry/2_kavya/bhattiku.txt	3153	ā			ā trikūṭamakārṣur ye tvat kā nir jaṅgamaṃ jagat |
5_poetry/2_kavya/bhattiku.txt	3743	ā			ā danta niṣpīḍita pītaminduṃ ṣṭhīvāma śuṣkekṣu latāsthi kalpam |
5_poetry/2_kavya/kakumspu.txt	387	ā			katham apy ambhasām antar ā niṣpatteḥ pratīkṣate ||
5_poetry/2_kavya/kakumspu.txt	1599	ā			ā rasātalamūlāt tvam avālambiṣyathā na cet ||
5_poetry/2_kavya/kakumspu.txt	2325	ā			ruddhanirgamanam ā dinakṣayāt pūrvadṛṣṭatanucandrikāsmitam |
5_poetry/2_kavya/kakumspu.txt	2367	ā			muktaṣaṭpadavirāvam añjasā bhidyate kumudam ā nibandhanāt ||
5_poetry/2_kavya/kmeghdpu.txt	43	ā			ā kailāsād bisakisalayacchedapātheyavantaḥ saṃpatsyante nabhasi bhavato rājahaṃsāḥ sahāyāḥ ||
5_poetry/2_kavya/kragh_pu.txt	65	ā			rekhāmātram api kṣuṇṇād ā manor vartmanaḥ param |
5_poetry/2_kavya/kragh_pu.txt	361	ā			vadhūr bhaktimatī cainām arcitām ā tapovanāt |
5_poetry/2_kavya/kragh_pu.txt	365	ā			ity ā prasādād asyās tvaṃ paricaryāparo bhava |
5_poetry/2_kavya/kragh_pu.txt	1831	ā			kārāgṛhe nirjitavāsavena laṅkeśvareṇoṣitam ā prasādāt ||
5_poetry/2_kavya/kragh_pu.txt	2051	ā			utṣṛṣṛalīlāgatir ā gavākṣād yayau śalākām aparā vahantī ||
5_poetry/2_kavya/kragh_pu.txt	2067	ā			saṃprasnutābhyāṃ padavīṃ stanābhyāṃ siṣeca kācit payas ā gavākṣāt ||
5_poetry/2_kavya/kragh_pu.txt	2409	ā			na navaḥ prabhur ā phalodayāt sthirakarmā virarāma karmaṇaḥ |
5_poetry/2_kavya/kragh_pu.txt	2411	ā			na ca yogavidher navetaraḥ sthiradhīr ā paramātmadarśanāt ||
5_poetry/2_kavya/kragh_pu.txt	4273	ā			vaidehi paśy ā malayād vibhaktaṃ matsetunā phenilam amburāśim |
5_poetry/2_kavya/kragh_pu.txt	5975	ā			ā tīrthād apratīghātaṃ sa tasyāḥ phalam ānaśe ||
5_poetry/2_kavya/padnscpu.txt	287	ā			bhareṇa bhūmeḥ sphuṭam ā namantyāḥ pāṃsucchaṭāḥ śeṣaphaṇāmaṇīnām |
5_poetry/2_kavya/padnscpu.txt	365	ā			kāntyānuliptāni vilocanānām ā pāṭalānām atirodanena |
5_poetry/2_kavya/padnscpu.txt	1423	ā			jagatīpatim evam ā babhāṣe masṛṇaṃ mūrtimatī vidagdhateva ||
5_poetry/2_kavya/padnscpu.txt	2965	ā			tasyai śaśaṃsa nijam ā mṛgayāvihārād vṛttāntam antavirasaṃ sa viśuddhavṛttiḥ |
5_poetry/2_kavya/padnscpu.txt	2977	ā			tam ity avantīśvaram ā babhāṣe sā mekalakṣmādhararājakanyā ||
5_poetry/2_kavya/padnscpu.txt	3245	ā			ā mumoca nijakaṇkaṇaṃ bhuje jyākiṇāṅkakaṭhiṇīkṛtatvaci ||
5_poetry/4_narr/brkas_pu.txt	4907	ā			sa samāhṛtavān kāntāḥ | kumārīr ā mahodadheḥ ||
5_poetry/4_narr/brkas_pu.txt	14505	ā			ā mṛtyos tvatsamīpasthā | nayāmi divasān iti ||
5_poetry/4_narr/sokss_pu.txt	1143	ā			ā śiraḥ pādamaṅgeṣu tābhistattailakajjalam |
5_poetry/4_narr/sokss_pu.txt	1895	ā			ā saṃsāraṃ jagatyasminnekā nityā hyanityatā |
5_poetry/4_narr/sokss_pu.txt	4545	ā			ā tapovanamudvāṣpairanuyāto mṛgairapi ||
5_poetry/4_narr/sokss_pu.txt	8537	ā			ā vanāntarasaṃcāriraghavālokanāditi ||
5_poetry/4_narr/sokss_pu.txt	9449	ā			ā mūlataśca so 'pyasmai vipro vṛttāntamabravīt ||
5_poetry/4_narr/sokss_pu.txt	11285	ā			athavā daivasaṃsiddhāv ā sṛṣṭer viduṣām api |
5_poetry/4_narr/sokss_pu.txt	13419	ā			ā vatsarāntaṃ sarvaṃ hi dattam asyā mayāgrataḥ |
5_poetry/4_narr/sokss_pu.txt	14479	ā			tataḥ śivo 'bravīd rājann ā bālyāt tāpaso 'bhavam |
5_poetry/4_narr/sokss_pu.txt	15449	ā			tatas tasmai jagādaivam ā mūlāt sā manīṣitam |
5_poetry/4_narr/sokss_pu.txt	15795	ā			aśokadattaḥ sa tadā tad ā mūlād avarṇayat ||
5_poetry/4_narr/sokss_pu.txt	17053	ā			prāptavidyādharaiśvaryo yad ā mūlāt svayaṃ jagau ||
5_poetry/4_narr/sokss_pu.txt	17935	ā			ā śarīram ataḥ sarveṣv iṣṭeṣv āśānivartanāt |
5_poetry/4_narr/sokss_pu.txt	21095	ā			ā saṃsārādadṛṣṭaṃ tadasatyaṃ na tvabodhi sā |
5_poetry/4_narr/sokss_pu.txt	25919	ā			ā bahirdvāratastāramūcuḥ sarve 'pi bandinaḥ ||
5_poetry/4_narr/sokss_pu.txt	32285	ā			bahavo 'nye 'pi cājagmur ā saptamarasātalāt ||
5_poetry/4_narr/sokss_pu.txt	34083	ā			tatas tayor ā dināntaṃ sainyakṣayakaraṃ mahat |
5_poetry/4_narr/sokss_pu.txt	41967	ā			ā papakṣayametanme cakraṃ bhrāmyatu mūrdhani ||
5_poetry/4_narr/sokss_pu.txt	42535	ā			niragādrājapuruṣair ā sīmāntaṃ pravāsitaḥ ||
5_poetry/4_narr/sokss_pu.txt	44855	ā			ā śarīrānmayā sarvam idametasya sāṃpratam |
5_poetry/4_narr/sokss_pu.txt	49427	ā			ā sutāharaṇātsarvaṃ mene tadyogiceṣṭitam ||
5_poetry/4_narr/sokss_pu.txt	60825	ā			ā mūlād rātrivṛttāntaṃ cauraḥ sarvaṃ nyavedayat ||
5_poetry/4_narr/sokss_pu.txt	66749	ā			kṛtānuyātrām udbāṣpais tāpasair ā nijāśramāt ||
5_poetry/4_narr/sokss_pu.txt	68859	ā			ā bālyātsaha saṃvṛddhā babhūvuḥ pañca masntriṇaḥ ||
5_poetry/4_narr/sokss_pu.txt	71645	ā			ā rājacakraṃ śukaśārikāntaṃ so 'rañjayatsvāḥ prakṛtīḥ sapaurāḥ ||
5_poetry/4_narr/sokss_pu.txt	77007	ā			ā mūlācchṛṇu devaitadujjayinyāḥ kilaikadā |
5_poetry/4_narr/sokss_pu.txt	83229	ā			ā tatsamāpter asmābhiḥ sthātavyaṃ tatra ca priya ||
5_poetry/5_subhas/bharst_u.txt	2293	ā			ā saṃsārāt tribhuvanam idaṃ cinvatāṃ tāt tādṛṅnaivāsmākaṃ
5_poetry/5_subhas/msubhs_u.txt	10433	ā			ambhodhīnāṃ tamālaprabhavakisalayaśyāmavelāvanānām ā pārebhyaścaturṇāṃ caṭulatimikulakṣobhitāntarjalānām |
5_poetry/5_subhas/msubhs_u.txt	16919	ā			ā karṇamūlamapakṛtya dhanuḥ sabāṇaṃ mayyeva kiṃ praharasi smara baddhakopaḥ |
5_poetry/5_subhas/msubhs_u.txt	17015	ā			ā kalyād ā niśīthācca kukṣyarthaṃ vyāpriyāmahe |
5_poetry/5_subhas/msubhs_u.txt	17015	ā			ā kalyād ā niśīthācca kukṣyarthaṃ vyāpriyāmahe |
5_poetry/5_subhas/msubhs_u.txt	17291	ā			ā keśagrahaṇānmitram akāryāt saṃnivartayan |
5_poetry/5_subhas/msubhs_u.txt	17303	ā			ā kaumārād gurucaraṇaśuśrūṣayā brahmavidyā | svāsthāyāsthāmahaha | mahatīmarjitaṃ kauśalaṃ yat |
5_poetry/5_subhas/msubhs_u.txt	17591	ā			ā garbhād ā kulaparivṛḍhād ā caturvaktrato'pi tvatpādābjaprapadanaparān vetsi naścandramaule |
5_poetry/5_subhas/msubhs_u.txt	17591	ā			ā garbhād ā kulaparivṛḍhād ā caturvaktrato'pi tvatpādābjaprapadanaparān vetsi naścandramaule |
5_poetry/5_subhas/msubhs_u.txt	17591	ā			ā garbhād ā kulaparivṛḍhād ā caturvaktrato'pi tvatpādābjaprapadanaparān vetsi naścandramaule |
5_poetry/5_subhas/msubhs_u.txt	17907	ā			ā janmanaḥ kuśalamaṇvapi re kujanman pāṃso tvayā yadi kṛtaṃ vada tattvametat |
5_poetry/5_subhas/msubhs_u.txt	17911	ā			ā janmanaḥ pratimuhūrtaviśeṣaramyāṇy āceṣṭitāni tava saṃprati tāni tāni |
5_poetry/5_subhas/msubhs_u.txt	17915	ā			ā janmanaḥ śāṭhyamaśikṣito yas tasyāpramāṇaṃ vacanaṃ janasya |
5_poetry/5_subhas/msubhs_u.txt	17919	ā			ā janmanaḥ sahajatulyarvivartamāna | daurgatyato'sti paramo na suhṛnmamānyaḥ |
5_poetry/5_subhas/msubhs_u.txt	17923	ā			ā janmanaḥ saha nivāsitayā mayaiva mātuḥ payodharapayo'pi samaṃ nipīya |
5_poetry/5_subhas/msubhs_u.txt	17927	ā			ā janmano vihitabhaktirananyanāthaḥ sārathyakarmaṇi ca dakṣatayā niyuktaḥ |
5_poetry/5_subhas/msubhs_u.txt	17981	ā			ā jīvanāstāt praṇayāḥ kopāstatkṣaṇabhaṅgurāḥ |
5_poetry/5_subhas/msubhs_u.txt	18757	ā			ā darśanāt praviṣṭā sā me suralokasundarī hṛdayam |
5_poetry/5_subhas/msubhs_u.txt	18977	ā			ā dṛṣṭiprasarāt priyasya padavīmudvīkṣya nirviṇṇayā viśrānteṣu pathiṣvahaḥpariṇatau dhvānte samutsarpati |
5_poetry/5_subhas/msubhs_u.txt	19179	ā			ā dvīpāt parato'pyamī nṛpatayaḥ sarve samabhyāgatāḥ kanyeyaṃ kaladhautakomalaruciḥ kīrteśca lābhaḥ paraḥ |
5_poetry/5_subhas/msubhs_u.txt	19255	ā			ā dhūmād vinivartante suhṛdo bāndhavaiḥ saha |
5_poetry/5_subhas/msubhs_u.txt	19451	ā			ā nābheḥ sarasi natabhruvāvagāḍhe cāpalyādatha payasas taraṅgahastaiḥ |
5_poetry/5_subhas/msubhs_u.txt	19749	ā			ā paritoṣād viduṣāṃ na sādhu manye prayogavijñānam |
5_poetry/5_subhas/msubhs_u.txt	19817	ā			ā puṣpaprasavān manoharatayā viśvāsya viśvaṃ janaṃ haṃho dāḍima tāvadeva sahase vṛddhiṃ svakīyāmiha |
5_poetry/5_subhas/msubhs_u.txt	19849	ā			ā pūrvasmād viḍaujaḥkarivamathupayaḥsiktasānorgirīndrād ā ca pratyakpayodhervaruṇavaravadhūnābhiniṣpītavāraḥ |
5_poetry/5_subhas/msubhs_u.txt	19849	ā			ā pūrvasmād viḍaujaḥkarivamathupayaḥsiktasānorgirīndrād ā ca pratyakpayodhervaruṇavaravadhūnābhiniṣpītavāraḥ |
5_poetry/5_subhas/msubhs_u.txt	19851	ā			ā merorā ca setoravanitalamilanmaulivisraṃsamāna | sragdāmāno yadīyaṃ caraṇamaśaraṇāḥ paryupāsannarendrāḥ ||
5_poetry/5_subhas/msubhs_u.txt	19905	ā			ā prapadamā śiraskaṃ cāntaḥ kalimalamalīmase vapuṣi |
5_poetry/5_subhas/msubhs_u.txt	19909	ā			ā prātarghanatṛṣṇayā kavalitaṃ proddaṇḍacaṇḍātapair dagdhaṃ jīvanahānitaḥ kaluṣitaṃ cintābharaiḥ kīlitam |
5_poetry/5_subhas/msubhs_u.txt	19945	ā			ā bālyaṃ bhavatā samīra katidhā sārdhaṃ mṛṇālīdalaṃ bhuktaṃ kelikathāmṛtairapi tathā nītaṃ rahaḥ sādaram |
5_poetry/5_subhas/msubhs_u.txt	19949	ā			ā bālyādapi yo vidāritamadonmattebhakumbhasthalī | sthālīmadhyakavoṣṇaraktarasavanmuktāpulākapriyaḥ |
5_poetry/5_subhas/msubhs_u.txt	19953	ā			ā bālyād devabālāḥ suravarasadane kiṃnarīgīyamānaṃ yannāmākarṇya karṇe'maraguruvacanodgītagāthānibaddham |
5_poetry/5_subhas/msubhs_u.txt	20077	ā			ā madhyāhnaṃ nadīvāsaḥ samāje devatārcanam |
5_poetry/5_subhas/msubhs_u.txt	20105	ā			ā maraṇādapi virutaṃ kurvāṇāḥ spardhayā saha mayūraiḥ |
5_poetry/5_subhas/msubhs_u.txt	20157	ā			ā mūlato valitakuntalacārucūḍa | cūrṇālakaprakaralāñchitabhālabhāgaḥ |
5_poetry/5_subhas/msubhs_u.txt	20161	ā			ā mūlato vidrumarāgatāmraṃ sapallavāḥ puṣpacayaṃ dadhānāḥ |
5_poetry/5_subhas/msubhs_u.txt	20173	ā			ā mūlād ratnasānormalayavalayitādā ca kūlāt payodher yāvantaḥ santi kāvyapraṇayanapaṭavaste viśaṅkaṃ vadantu |
5_poetry/5_subhas/msubhs_u.txt	20181	ā			ā mṛtyuto naiva manorathānāṃ anto'sti vijñātamidaṃ mayādya |
5_poetry/5_subhas/msubhs_u.txt	21159	ā			ā laṅkānāthanārīstanataralapayovīcimudrāt samudrād ā svargaṅgātaraṅgāvaliviralaśilādustarāduttarādreḥ |
5_poetry/5_subhas/msubhs_u.txt	21159	ā			ā laṅkānāthanārīstanataralapayovīcimudrāt samudrād ā svargaṅgātaraṅgāvaliviralaśilādustarāduttarādreḥ |
5_poetry/5_subhas/msubhs_u.txt	21161	ā			ā prākśailāsurastrīsuratagativido magnabhāsvanmṛgāṅkād ā ca prācetasābdherbhavatu mama puraḥ ko'pi yadyasti vīraḥ ||
5_poetry/5_subhas/msubhs_u.txt	21161	ā			ā prākśailāsurastrīsuratagativido magnabhāsvanmṛgāṅkād ā ca prācetasābdherbhavatu mama puraḥ ko'pi yadyasti vīraḥ ||
5_poetry/5_subhas/msubhs_u.txt	21421	ā			ā lokāntāt pratihatatamovṛttirāsāṃ prajānāṃ tulyodyogas tava dinakṛtaś cādhikāro mato naḥ |
5_poetry/5_subhas/msubhs_u.txt	21577	ā			ā vindhyādā himādrarviracitavijayastīrthayātrāprasaṅgād udgrīveṣu prahartā nṛpatiṣu vinamatkandhareṣu prasannaḥ |
5_poetry/5_subhas/msubhs_u.txt	21621	ā			ā vivāhasamayād gṛhe vane śaiśave tadanu yauvane punaḥ |
5_poetry/5_subhas/msubhs_u.txt	21881	ā			ā śailendrāc śilāntaḥskhalitasuradhunīśīkarāsāraśīt ād ā tīrānnaikarāgasphuritamaṇiruco dakṣiṇasyārṇavasya |
5_poetry/5_subhas/msubhs_u.txt	21881	ā			ā śailendrāc śilāntaḥskhalitasuradhunīśīkarāsāraśīt ād ā tīrānnaikarāgasphuritamaṇiruco dakṣiṇasyārṇavasya |
5_poetry/5_subhas/msubhs_u.txt	21889	ā			ā śaiśavān mamatayā kalitas tvayāsau ānṛṇyamamba tava labdhumanā mṛgāṅkaḥ |
5_poetry/5_subhas/msubhs_u.txt	21929	ā			ā śmaśānān nivartante jñātayaḥ saha bāndhavaiḥ |
5_poetry/5_subhas/msubhs_u.txt	22109	ā			ā saṃpravṛddherapi vṛddhikāmaḥ samena saṃdhānamihopagacchet |
5_poetry/5_subhas/msubhs_u.txt	22133	ā			ā satyalokādā bhūmeḥ svairacārakṛtaśramāḥ |
5_poetry/5_subhas/msubhs_u.txt	22253	ā			ā saptateryasya vivāhapaṅktir vicchidyate nūnamapaṇḍito'sau |
5_poetry/5_subhas/msubhs_u.txt	22261	ā			ā samantāc caturdikṣu sannikṛṣṭāśca ye nṛpāḥ |
5_poetry/5_subhas/msubhs_u.txt	22269	ā			ā sargāt prativāsaraṃ rasaśatairyā bodhitā poṣitā kalpāntāvasare'tha saiva pṛthivī svaireva dagdhā karaiḥ |
5_poetry/5_subhas/msubhs_u.txt	22497	ā			ā stanyapānāj jananī paśūnām ā dāralābhācca narādhamānām |
5_poetry/5_subhas/msubhs_u.txt	22497	ā			ā stanyapānāj jananī paśūnām ā dāralābhācca narādhamānām |
5_poetry/5_subhas/msubhs_u.txt	22499	ā			āgehakarmāvadhi madhyamānām ā jīvitāt tīrthamivottamānām ||
5_poetry/5_subhas/msubhs_u.txt	22729	ā			ā svarlokāduraganagaraṃ nūtanālokalakṣmīm ātanvadbhiḥ kimiva sitatāṃ ceṣṭitais te na nītam |
5_poetry/5_subhas/msubhs_u.txt	23787	ā			yadi śabdāhvayaṃ jyotir ā saṃsārān na dīpyate ||
5_poetry/5_subhas/msubhs_u.txt	31571	ā			etasmin ghanacandanārdravapuṣo nidrākaṣāyekṣaṇā līlālolamṛdūllasadbhujalatāvyājṛmbhamāṇ ā muhuḥ |
5_poetry/5_subhas/msubhs_u.txt	31579	ā			etasmin dākṣiṇāśānilacalitalatālīnamattālimāl ā | pakṣakṣobhāvadhūtacyutabahalarajohlādihṛdye vasante |
5_poetry/5_subhas/msubhs_u.txt	38635	ā			kānte sāgasi kācidantikagate nirbhartsya roṣāruṇair bhrūbhaṅgīkṛṭilairapāṅgavalanairālokamān ā muhuḥ |
5_poetry/5_subhas/msubhs_u.txt	40453	ā			colastrīlolacelāñcalacalanakalākrāntakāntāstanānt ā vānti preyoviyogāturatararamaṇīvairiṇo'mī samīrāḥ ||
5_poetry/5_subhas/valsubhu.txt	3237	ā			ā sargātprativāsaraṃ rasaśatairyā bodhitā poṣitā
5_poetry/5_subhas/valsubhu.txt	3597	ā			ā bālyādapi yo vidāritamadonmattebhakumbhasthalī |
5_poetry/5_subhas/valsubhu.txt	5039	ā			ā mūlātpunareṣu baddhavṛtibhirvyālaistathā dūṣito
5_poetry/5_subhas/valsubhu.txt	5415	ā			ā strīśiśuprathitayaiṣa pipāsitebhyaḥ
5_poetry/5_subhas/valsubhu.txt	6243	ā			ā janmanaḥ kuśalamaṇvapi te kujanman |
5_poetry/5_subhas/vidsrgpu.txt	4069	ā			ā jñātaṃ madhulampaṭair madhukarair ābaddhakolāhale nūnaṃ sāhasikena cūtamukule dṛṣṭiḥ samāropitā ||
5_poetry/5_subhas/vidsrgpu.txt	4307	ā			kasyacit | sbhsu | ā | raviguptasya
5_poetry/5_subhas/vidsrgpu.txt	6631	ā			ā paritoṣād viduṣāṃ na sādhu manye prayogavijñānam |
5_poetry/5_subhas/vidsrgpu.txt	8713	ā			atirabhasakṛtānāṃ karmaṇām ā vipatter bhavati hṛdayadāhī śalyatulyo vipākaḥ ||
5_poetry/6_hist/jonart_pu.txt	9	ā			śrīgonandamukhair dharmasammukhair ā kaleḥ kila |
5_poetry/6_hist/jonart_pu.txt	627	ā			rājyam ā santater bhāvi kaśmīreṣu taveti saḥ |
5_poetry/6_hist/jonart_pu.txt	4595	ā			ā pradyumnagiriprāntād amareśapurāvadhi |
6_sastra/3_phil/buddh/nagmmk_u.txt	841	ā			tiṣṭhaty ā pākakālāc cet karma tan nityatām iyāt |
6_sastra/3_phil/buddh/pramanvu.txt	273	ā			ā nāśakāgamāt sthānaṃ tataśced vastudharmatā ||
6_sastra/3_phil/buddh/pramanvu.txt	5313	ā			ā sarṣapād gauravaṃ tu durlakṣitamanalpakam |
6_sastra/3_phil/buddh/vakobhau.txt	5881	ā			vyañjanamakṣaraṃ tadyathā a ā ityevamādi |
6_sastra/3_phil/buddh/vakobhau.txt	18723	ā			yadā sarvasmai sarvaṃ dadāti ā akṣṇaḥ ā majjāyāḥ kāruṇyānnābhyudayaviśeṣaṃ lipsamānaḥ iyatā dānapāramitā paripūrṇā bhavati |
6_sastra/3_phil/buddh/vakobhau.txt	18723	ā			yadā sarvasmai sarvaṃ dadāti ā akṣṇaḥ ā majjāyāḥ kāruṇyānnābhyudayaviśeṣaṃ lipsamānaḥ iyatā dānapāramitā paripūrṇā bhavati |
6_sastra/3_phil/saiva/tantralu.txt	2423	ā			ā ityavarṇādityādiyāvadvaisargikī kalā ||
6_sastra/3_phil/saiva/tantralu.txt	6549	ā			ā vīrabhadrabhuvanādbhadrakālyālayāttathā ||
6_sastra/3_phil/saiva/tantralu.txt	8881	ā			ā śivātsakalāntaṃ ye mātāraḥ sapta te dvidhā |
6_sastra/3_phil/saiva/tantralu.txt	11989	ā			ā tapanānmoṭakāntaṃ yasya mesti gurukramaḥ |
6_sastra/3_phil/saiva/tantralu.txt	12457	ā			ā tanmayatvasaṃvitterjalasnānamidaṃ matam |
6_sastra/3_phil/saiva/tantralu.txt	15035	ā			ā yāgāntamahaṃ kumbhe saṃsthito vighnaśāntaye |
6_sastra/3_phil/saiva/tantralu.txt	18141	ā			ā tanmayatvasaṃsiddherā cābhīṣṭaphalodayāt |
6_sastra/3_phil/yoga/patyog_u.txt	157	ā			yogāṅgānuṣṭhānād aśuddhikṣaye jñānadīptir ā vivekakhyāteḥ ||
6_sastra/4_dharma/smrti/angirspu.txt	3217	ā			jīvattāto 'pi kartā syād ā homātkaraṇaṃ smṛtam |
6_sastra/4_dharma/smrti/angirspu.txt	3735	ā			ā vo rājānamantraṃ vā madhutrayamathāpi vā ||
6_sastra/4_dharma/smrti/brhasppu.txt	1293	ā			ā janmanaś cā maraṇāt sukṛtaṃ yat tvayārjitam |
6_sastra/4_dharma/smrti/katy2p_u.txt	665	ā			tatra kālo bhavet puṃsām ā svadeśasamāgamāt |
6_sastra/4_dharma/smrti/manu2p_u.txt	561	ā			ā samudrāt tu vai pūrvād ā samudrāc ca paścimāt |
6_sastra/4_dharma/smrti/manu2p_u.txt	561	ā			ā samudrāt tu vai pūrvād ā samudrāc ca paścimāt |
6_sastra/4_dharma/smrti/manu2p_u.txt	625	ā			ā ṣodaśād brāhmaṇasya sāvitrī nātivartate |
6_sastra/4_dharma/smrti/manu2p_u.txt	627	ā			ā dvāviṃśāt kṣatrabandhor ā caturviṃśater viśaḥ ||
6_sastra/4_dharma/smrti/manu2p_u.txt	627	ā			ā dvāviṃśāt kṣatrabandhor ā caturviṃśater viśaḥ ||
6_sastra/4_dharma/smrti/manu2p_u.txt	907	ā			ā samāvartanāt kuryāt kṛtopanayano dvijaḥ ||
6_sastra/4_dharma/smrti/manu2p_u.txt	1141	ā			ā haiva sa nakhāgrebhyaḥ paramaṃ tapyate tapaḥ |
6_sastra/4_dharma/smrti/manu2p_u.txt	1159	ā			na hy asmin yujyate karma kiñ cid ā mauñjibandhanāt ||
6_sastra/4_dharma/smrti/manu2p_u.txt	1447	ā			yuktaḥ paricared enam ā śarīravimokṣaṇāt ||
6_sastra/4_dharma/smrti/manu2p_u.txt	1449	ā			ā samāpteḥ śarīrasya yas tu śuśrūṣate gurum |
6_sastra/4_dharma/smrti/manu2p_u.txt	2587	ā			pitryam ā nidhanāt kāryaṃ vidhivad darbhapāṇinā ||
6_sastra/4_dharma/smrti/manu2p_u.txt	3163	ā			ā mṛtyoḥ śriyam anvicchen naināṃ manyeta durlabhām ||
6_sastra/4_dharma/smrti/manu2p_u.txt	4005	ā			ādiṣṭī nodakaṃ kuryād ā vratasya samāpanāt |
6_sastra/4_dharma/smrti/manu2p_u.txt	4455	ā			ā nipātāc charīrasya yukto vāryanilāśanaḥ ||
6_sastra/4_dharma/smrti/manu2p_u.txt	7673	ā			kāmam ā maraṇāt tiṣṭhed gṛhe kanyā rtumaty api |
6_sastra/4_dharma/smrti/manu2p_u.txt	8919	ā			aśreyān śreyasīṃ jātiṃ gacchaty ā saptamād yugāt ||
6_sastra/4_dharma/smrti/manu2p_u.txt	9603	ā			nairṛtīṃ diśam ātiṣṭhed ā nipātād ajihmagaḥ ||
6_sastra/4_dharma/smrti/nars2_pu.txt	639	ā			garbhasthaiḥ sadṛśo jñeya ā varṣād aṣṭamāc chiṣuḥ |
6_sastra/4_dharma/smrti/nars2_pu.txt	641	ā			bāla ā ṣoḍaśāj jñeyaḥ pogaṇḍaś cāpi śabdyate ||
6_sastra/4_dharma/smrti/nars2_pu.txt	1125	ā			ā pañcamāt tathā siddhir yadṛcchopagatasya tu ||
6_sastra/4_dharma/smrti/nars2_pu.txt	1127	ā			ā tṛtīyāt tathā varṣāt siddhir gūḍhasya sākṣiṇaḥ |
6_sastra/4_dharma/smrti/nars2_pu.txt	1129	ā			ā vai saṃvatsarāt siddhiṃ vadanty uttarasākṣiṇaḥ ||
6_sastra/4_dharma/smrti/nars2_pu.txt	1599	ā			ā vidyāgrahaṇāc chiṣyaḥ śuśrūṣet prayato gurum |
6_sastra/4_dharma/smrti/nars2_pu.txt	2195	ā			ā saptamāt pañcamād vā bandhubhyaḥ pitṛmātṛtāḥ |
6_sastra/4_dharma/smrti/nars2_pu.txt	2517	ā			sakṛd ā garbhādhānād vā kṛte garbhe snuṣaiva sā ||
6_sastra/4_dharma/smrti/nars2_pu.txt	2737	ā			bharaṇam cāsya kurvīran strīṇām ā jīvitakṣayāt |
6_sastra/4_dharma/smrti/nars2_pu.txt	2743	ā			ā saṃskārād bhajed enāṃ parato bibhṛyāt patiḥ ||
6_sastra/4_dharma/smrti/nars2_pu.txt	2921	ā			padenānveṣaṇaṃ kuryur ā mūlāt tadvido janāḥ ||
6_sastra/4_dharma/smrti/pars2_pu.txt	393	ā			ā caturthād bhavet srāvaḥ pātaḥ pañcamaṣaṣṭhayoḥ |
6_sastra/4_dharma/smrti/pars2_pu.txt	401	ā			ā dantajanmanaḥ sadya ā cūḍān naiṣikī smṛtā |
6_sastra/4_dharma/smrti/pars2_pu.txt	401	ā			ā dantajanmanaḥ sadya ā cūḍān naiṣikī smṛtā |
6_sastra/4_dharma/smrti/pars2_pu.txt	403	ā			trirātram ā vratādeśād daśarātram ataḥ param ||
6_sastra/4_dharma/smrti/visnu_pu.txt	2117	ā			ādiṣṭī nodakaṃ kuryād ā vratasya samāpanāt |
6_sastra/4_dharma/smrti/visnu_pu.txt	2333	ā			mātṛtas tv ā pañcamāt puruṣāt pitṛtaś cā saptamāt pitṛtāś ||
6_sastra/4_dharma/smrti/visnu_pu.txt	2511	ā			ā ṣoḍaśād brāhmaṇasya sāvitrī nātivartate |
6_sastra/4_dharma/smrti/visnu_pu.txt	2513	ā			ā dvāviṃśāt kṣatrabandhor ā caturviṃśater viśaḥ ||
6_sastra/4_dharma/smrti/visnu_pu.txt	2513	ā			ā dvāviṃśāt kṣatrabandhor ā caturviṃśater viśaḥ ||
6_sastra/4_dharma/smrti/visnu_pu.txt	5103	ā			eta pitaraḥ sarvāṃs tān agra ā me yantv etad vaḥ pitara ity āvāhanaṃ kṛtvā | kuśatilamiśreṇa gandhodakena yās tiṣṭhanty amṛtā vāg iti yan me māteti ca pādyaṃ nivedya | arghyaṃ kṛtvā nivedya cānulepanaṃ kṛtvā kuśatilavastrapuṣpālaṃkāradhūpadīpair yathāśaktyā viprān samabhyarcya ghṛtaplutam annam ādāya ādityā rudrā vasava iti vīkṣya | agnau karavāṇīty uktvā tac ca vipraiḥ kurv ity ukte āhutitrayaṃ dadyāt ||
6_sastra/4_dharma/sutra/baudhd_u.txt	113	ā			na asya karma niyacchanti kiṃcid ā mauñji | bandhanāt |
6_sastra/4_dharma/sutra/baudhd_u.txt	127	ā			ā ṣoḍaśād ā dvāviṃśād ā caturviṃśād anātyaya eṣāṃ krameṇa ||
6_sastra/4_dharma/sutra/baudhd_u.txt	127	ā			ā ṣoḍaśād ā dvāviṃśād ā caturviṃśād anātyaya eṣāṃ krameṇa ||
6_sastra/4_dharma/sutra/baudhd_u.txt	127	ā			ā ṣoḍaśād ā dvāviṃśād ā caturviṃśād anātyaya eṣāṃ krameṇa ||
6_sastra/4_dharma/sutra/baudhd_u.txt	159	ā			adhastāj jānvor ā padbhyām ||
6_sastra/4_dharma/sutra/baudhd_u.txt	301	ā			api vā prati | śaucam ā maṇibandhāt śucir iti baudhāyanaḥ ||
6_sastra/4_dharma/sutra/baudhd_u.txt	343	ā			ā nābheḥ ||
6_sastra/4_dharma/sutra/baudhd_u.txt	607	ā			sapiṇḍeṣv ā daśa | aham āśaucam iti janana | maraṇayor adhikṛtyavadanty ṛtvig | dīkṣita | brahmacāri | varjam ||
6_sastra/4_dharma/sutra/baudhd_u.txt	609	ā			sapiṇḍatā tv ā saptamāt sapiṇḍeṣu ||
6_sastra/4_dharma/sutra/baudhd_u.txt	611	ā			ā sapta | māsād ā danta | jananād vā udaka | upasparśanam ||
6_sastra/4_dharma/sutra/baudhd_u.txt	611	ā			ā sapta | māsād ā danta | jananād vā udaka | upasparśanam ||
6_sastra/4_dharma/sutra/baudhd_u.txt	615	ā			ā danta | jananād vā api dahanaṃ ca na kārayet ||
6_sastra/4_dharma/sutra/baudhd_u.txt	651	ā			atha yadi daśa | rātrāḥ saṃnipateyur ādyaṃ daśa | rātramāśaucam ā navamād divasāt ||
6_sastra/4_dharma/sutra/baudhd_u.txt	939	ā			niṣādena niṣādyām ā pañcamāj jāto apahanti śūdratām ||
6_sastra/4_dharma/sutra/baudhd_u.txt	1117	ā			patanti narake ghore ghnanti ca ā saptamaṃ kulam |
6_sastra/4_dharma/sutra/baudhd_u.txt	1131	ā			bhojaneṣv ā jaraṇam ||
6_sastra/4_dharma/sutra/baudhd_u.txt	1207	ā			liṅgaṃ vā savṛṣaṇaṃ parivāsya añjalāv ādhāyadakṣiṇā | pratīcyor diśor antareṇa gacched ā nipatanāt ||
6_sastra/4_dharma/sutra/baudhd_u.txt	1479	ā			teṣām aprāpta | vyavahārāṇām aṃśān sa | upacayān suniguptānnidadhyur ā vyavahāra | prāpaṇāt ||
6_sastra/4_dharma/sutra/baudhd_u.txt	1953	ā			ahar | ahaḥ svāhā | kuryād ā kāṣṭhāt | tathā etaṃdeva | yajñaṃ samāpnoti ||
6_sastra/4_dharma/sutra/baudhd_u.txt	1955	ā			ahar | ahaḥ svadhā | kuryād ā uda | pātrāt | tathā etaṃpitṛ | yajñaṃ samāpnoti ||
6_sastra/4_dharma/sutra/baudhd_u.txt	1957	ā			ahar | ahar namas | kuryād ā puṣpebhyaḥ | tathā etambhūta | yajñaṃ samāpnoti ||
6_sastra/4_dharma/sutra/baudhd_u.txt	1959	ā			ahar | ahar brāhmaṇebhyo annaṃ dadyād ā mūla | phala | śākebhyaḥ | tathā etaṃ manuṣya | yajñaṃ samāpnoti ||
6_sastra/4_dharma/sutra/baudhd_u.txt	1961	ā			ahar | ahaḥ svādhyāyaṃ kuryād ā praṇavāt | tathā etaṃbrahma | yajñaṃ samāpnoti ||
6_sastra/4_dharma/sutra/baudhd_u.txt	1981	ā			brahmacārī guru | śuśrūṣī ā maraṇāt ||
6_sastra/4_dharma/sutra/baudhd_u.txt	2149	ā			atha enāṃs tila | miśrā apaḥ pratigrāhya gandhair mālyaiśca alaṃkṛtya | agnau kariṣyāmi iti | anujñāto gnim upasamādhāyasaṃparistīrya ā agnimukhāt kṛtvā annasya eva tisra āhutīr juhoti | somāya pitṛ | pītāya svadhā namaḥ svāhā | yamāya aṅgirasvate pitṛmate svadhā namaḥ svāhā | agnayekavya | vāhanāya sviṣṭakṛte svadhā namaḥ
6_sastra/4_dharma/sutra/baudhd_u.txt	2395	ā			evam eva eṣa ā śarīra | vimokṣaṇād vṛkṣa | mūlikoveda | saṃnyāsī ||
6_sastra/4_dharma/sutra/baudhd_u.txt	2419	ā			ā navavṛtteḥ ||
6_sastra/4_dharma/sutra/baudhd_u.txt	2571	ā			antar | āgāre agnim upasamādhāya saṃparistīrya ā agnimukhātkṛtvā atha ājya | āhutīr upajuhoti | kāmena kṛtaṃkāmaḥ karoti kāmāya eva idaṃ sarvaṃ yo mā kārayati tasmai svāhā | manasā kṛtaṃ manaḥ karoti manasa eva idaṃ sarvaṃ yo mā kārayati tasmaisvāhā | rajasā kṛtaṃ rajaḥ karoti rajasa eva idaṃ sarvaṃ yo mākārayati tasmai
6_sastra/4_dharma/sutra/baudhd_u.txt	2575	ā			jaya | prabhṛti siddham ā dhenu | vara | pradānāt ||
6_sastra/4_dharma/sutra/baudhd_u.txt	2579	ā			vyuṣṭāyāṃ jaghana | ardhād ātmānamapakṛṣya tīrthaṃ gatvā prasiddhaṃsnātvā antar | jala | gato aghamarṣaṇena ṣoḍaśa prāṇa | āyāmāndhārayitvā prasiddham ā āditya | upasthānāt kṛtvā ācāryasya gṛhāneti ||
6_sastra/4_dharma/sutra/baudhd_u.txt	2595	ā			sarvaṃ tarati sarvaṃ jayati sarva | kratu | phalam avāpnoti sarveṣutīrtheṣu snāto bhavati sarveṣu vedeṣu cīrṇa | vrato bhavati sarvairdevair jñāto bhavaty ā cakṣuṣaḥ paṅktiṃ punāti karmāṇi ca asyasidhyanti iti baudhāyanaḥ ||
6_sastra/4_dharma/sutra/baudhd_u.txt	2667	ā			pūrvāhṇe pākayajñika | dharmeṇa agnim upasamādhāyasaṃparistīrya ā agnimukhāt kṛtvā atha ājya | āhutīr upajuhoti | yad devā deva | heḍanam | yad adīvyann ṛṇam ahaṃ babhūva | āyuṣ ṭe viśvato dadhad iti | etaistribhir anuvākaiḥ ||
6_sastra/4_dharma/sutra/baudhd_u.txt	2675	ā			jaya | prabhṛti siddham ā dhenu | vara | pradānāt ||
6_sastra/4_dharma/sutra/baudhd_u.txt	2697	ā			agnim upasamādhāya saṃparistīrya ā agnimukhāt kṛtvāpakvāj juhoti ||
6_sastra/4_dharma/sutra/baudhd_u.txt	2711	ā			jaya | prabhṛti siddham ā dhenu | vara | pradānāt ||
6_sastra/4_dharma/sutra/baudhd_u.txt	2725	ā			evam eka | apacayena ā amāvāsyāyāḥ ||
6_sastra/4_dharma/sutra/baudhd_u.txt	2731	ā			evam eka | upacayena ā paurṇamāsyāḥ ||
6_sastra/4_dharma/sutra/baudhd_u.txt	2911	ā			ā keśa | antān nakha | agrāc ca tapas tapyata uttamam ||
6_sastra/4_dharma/sutra/baudhd_u.txt	3101	ā			ā pyāyasva iti ca kṣīraṃ dadhikrāvṇā iti vai dadhi |
6_sastra/4_dharma/sutra/gautdh_u.txt	25	ā			ā ṣoḍaśād brāhmaṇasyāpatitā sāvitrī |
6_sastra/4_dharma/sutra/gautdh_u.txt	879	ā			a | rakṣyaṃ bāladhanam ā vyavahāraprāpaṇāt |
6_sastra/4_dharma/sutra/gautdh_u.txt	1231	ā			na māṃsaṃ bhakṣayeyur ā pradānāt |
6_sastra/4_dharma/sutra/gautdh_u.txt	1761	ā			liṅgaṃ vā savṛṣaṇam utkṛtya añjalāv ādhāyadakṣiṇāpratīcīṃ vrajed ajihmam ā śarīranipātāt |
6_sastra/4_dharma/sutra/vasist_u.txt	125	ā			na hi asmin vidyate karma kim cit ā mauñji bandhanāt |
6_sastra/4_dharma/sutra/vasist_u.txt	337	ā			prakṣālya pādau pāṇī ca ā maṇi bandhāt prāk vā udak vā āsīnas aṅguṣṭha mūlasya uttara rekhā brāhmam tīrtham tena tris ācāmet a śabda vat ||
6_sastra/4_dharma/sutra/vasist_u.txt	475	ā			ā danta jananāt iti eke ||
6_sastra/4_dharma/sutra/vasist_u.txt	565	ā			sas abravīt varam vṛṇīdhvam iti | tās abruvan ṛtau prajām vindāmahe iti kāmam ā vijanitos saṃbhavāma iti | tathā iti tās pratijagṛhus sā eṣā bhrūṇahatyā māsimāsi āvis bhavati tasmāt rajasvalāyā annam na aśnīyāt bhrūṇahatyāyā eva eṣā rūpam pratimucya āste ||
6_sastra/4_dharma/sutra/vasist_u.txt	735	ā			brahamacārī ācāryam paricaret ā śarīra vimokṣaṇāt ||
6_sastra/4_dharma/sutra/vasist_u.txt	949	ā			ā sīmāntam anuvrajet anujñānāt vā ||
6_sastra/4_dharma/sutra/vasist_u.txt	965	ā			śrāddhe na udvāsanīyāni ucchiṣṭāni ā dina kṣayāt |
6_sastra/4_dharma/sutra/vasist_u.txt	1109	ā			ā ṣoḍaśāt brāhmaṇasya na atītas kālas ||
6_sastra/4_dharma/sutra/vasist_u.txt	1111	ā			ā dvāviṃśāt kṣatriyasya ||
6_sastra/4_dharma/sutra/vasist_u.txt	1113	ā			ā caturviṃśāt vaiśyasya ||
6_sastra/4_dharma/sutra/vasist_u.txt	1745	ā			yas ca an apatyās tāsām ā putra lābhāt ||
6_sastra/4_dharma/sutra/vasist_u.txt	2031	ā			guru talpa gas sa vṛṣaṇam śiśnam uddhṛtya añjalau ādhāya dakṣiṇā mukhas gacchet yatra eva pratihanyāt tatra tiṣṭhet ā pralayam ||
6_sastra/4_dharma/sutra/vasist_u.txt	2389	ā			ā loma agrāt nakha agrāt ca tapas tapyatu uttamam ||
6_sastra/5_artha/kautil_u.txt	607	ā			tasya saṃvaraṇam āyukta | puruṣa | rakṣaṇam ā | kārya | kālād iti ||
6_sastra/5_artha/kautil_u.txt	1207	ā			bāla | dravyaṃ grāma | vṛddhā vardhayeyur ā vyavahāra | prāpaṇāt | deva | dravyaṃ ca ||
6_sastra/5_artha/kautil_u.txt	1289	ā			vaprasya upari prākāraṃ viṣkambha | dviguṇa | utsedham aiṣṭakaṃ dvādaśa | hastād ūrdhvam ojaṃ yugmaṃ vā ā caturviṃśati | hastād iti kārayet |
6_sastra/5_artha/kautil_u.txt	1309	ā			prākāram ubhayato meṇḍhakam adhyardha | daṇḍaṃ kṛtvā pratolī | ṣaṭ | tulā | antaraṃ dvāraṃ niveśayet pañca | daṇḍād eka | uttaram ā | aṣṭa | daṇḍād iti catur | aśraṃ ṣaḍ | bhāgam āyāmād | adhikam aṣṭa | bhāgaṃ vā ||
6_sastra/5_artha/kautil_u.txt	1311	ā			pañca | daśa | hastād eka | uttaram ā | aṣṭādaśa | hastād iti tala | utsedhaḥ ||
6_sastra/5_artha/kautil_u.txt	1787	ā			prastutasya arthasya anuparodhād uttarasya vidhānam ā | samāpter iti sambandhaḥ ||
6_sastra/5_artha/kautil_u.txt	2275	ā			tataḥ śulba | kākaṇy | uttara | apasāritā ā | catuḥ | sīma | antād iti ṣoḍaśa varṇakāḥ ||
6_sastra/5_artha/kautil_u.txt	2769	ā			tata ā | śatād daśa | uttaraṃ kārayet ||
6_sastra/5_artha/kautil_u.txt	3157	ā			tuṣāra | pāyana | muṣṇa | śoṣaṇaṃ ca ā | sapta | rātrād iti dhānya | bījānām | tri | rātraṃ vā pañca | rātraṃ vā kośī | dhānyānām | madhu | ghṛta | sūkara | vasābhiḥ śakṛd | yuktābhiḥ kāṇḍa | bījānāṃ cheda | lepo | madhu | ghṛtena kandānām | asthi | bījānāṃ śakṛd | ālepaḥ | śākhināṃ garta | dāho go | asthi | śakṛdbhiḥ kāle dauhrdaṃ ca ||
6_sastra/5_artha/kautil_u.txt	3325	ā			sthān | viśeṣeṇa vā daṇḍa | vṛddhiḥ ā | niṣkraya | dvi | guṇāt ||
6_sastra/5_artha/kautil_u.txt	3535	ā			daśa | rātrād ūrdhvaṃ kiśorasya ghṛta | catur | bhāgaḥ saktu | kuḍubaḥ kṣīra | prasthaś ca āhāra ā | ṣaṇ | māsāt ||
6_sastra/5_artha/kautil_u.txt	3537	ā			tataḥ paraṃ māsa | uttaram ardha | vṛddhir yava | prastha ā | tri | varṣāt | droṇa ā | catur | varṣāt ||
6_sastra/5_artha/kautil_u.txt	3537	ā			tataḥ paraṃ māsa | uttaram ardha | vṛddhir yava | prastha ā | tri | varṣāt | droṇa ā | catur | varṣāt ||
6_sastra/5_artha/kautil_u.txt	3713	ā			tasmād eka | antara | avarā ā | ṣaḍ | antarād iti sapta rathāḥ ||
6_sastra/5_artha/kautil_u.txt	3717	ā			iṣv | astra | praharaṇa | āvaraṇa | upakaraṇa | kalpanāḥ sārathi | rathika | rathyānāṃ ca karmasv āyogaṃ vidyāt | ā | karmabhyaś ca bhakta | vetanaṃ bhṛtānām abhṛtānāṃ ca yogyā | rakṣā | anuṣṭhānam artha | māna | karma ca ||
6_sastra/5_artha/kautil_u.txt	4259	ā			pitṛ | dravyād avibhakta | upagatānāṃ putrāḥ pautrā vā ā | caturthād ity aṃśa | bhājaḥ ||
6_sastra/5_artha/kautil_u.txt	4289	ā			aprāpta | vyavahārāṇāṃ deya | viśuddhaṃ mātṛ | bandhuṣu grāma | vṛddheṣu vā sthāpayeyuḥ ā | vyavahāra | prāpaṇāt | proṣitasya vā ||
6_sastra/5_artha/kautil_u.txt	4461	ā			avaskaraṃ bhramam uda | pānaṃ vā na gṛha | ucitād anyatra | anyatra sūtikā | kūpād ā | nirdaśa | ahād iti ||
6_sastra/5_artha/kautil_u.txt	4931	ā			dāsam anurūpeṇa niṣkrayeṇa āryam akurvato dvādaśa | paṇo daṇḍaḥ | saṃrodhaś ca ā | karaṇāt ||
6_sastra/5_artha/kautil_u.txt	4967	ā			gṛhītvā vetanaṃ karma akurvato bhṛtakasya dvādaśa | paṇo daṇḍaḥ | saṃrodhaś ca ā | karaṇāt ||
6_sastra/5_artha/kautil_u.txt	5033	ā			sanānām ā | daśa | aho | rātrāt śeṣa | bhṛtāḥ karma kuryuḥ | anye vā sva | pratyayāḥ ||
6_sastra/5_artha/kautil_u.txt	5077	ā			ā | tri | pakṣād iti catuṣpadānām upāvartanam | ā | saṃvatsarād iti manuṣyāṇām ||
6_sastra/5_artha/kautil_u.txt	5077	ā			ā | tri | pakṣād iti catuṣpadānām upāvartanam | ā | saṃvatsarād iti manuṣyāṇām ||
6_sastra/5_artha/kautil_u.txt	5113	ā			sa ced apasāram adhigacched apasared ā | apasāra | kṣayāt ||
6_sastra/5_artha/kautil_u.txt	5925	ā			paṇya | bhūmibhyo vā rāja | paṇyaṃ māṣa | mūlyād ūrdhvam āpāda | mūlyād ity apaharato dvādaśa | paṇo daṇḍaḥ | ā | dvi | pāda | mūlyād iti catur | viṃśati | paṇaḥ | ā | tri | pāda | mūlyād iti ṣaṭ | triṃśat | paṇaḥ | ā | paṇa | mūlyād ity aṣṭa | catvāriṃśat | paṇaḥ | ā | dvi | paṇa | mūlyād iti pūrvaḥ sāhasa | daṇḍaḥ | ā | catuṣpaṇa | mūlyād iti madhyamaḥ | ā | aṣṭa | paṇa | mūlyād ity uttamaḥ | ā | daśa | paṇa | mūlyād
6_sastra/5_artha/kautil_u.txt	5925	ā			paṇya | bhūmibhyo vā rāja | paṇyaṃ māṣa | mūlyād ūrdhvam āpāda | mūlyād ity apaharato dvādaśa | paṇo daṇḍaḥ | ā | dvi | pāda | mūlyād iti catur | viṃśati | paṇaḥ | ā | tri | pāda | mūlyād iti ṣaṭ | triṃśat | paṇaḥ | ā | paṇa | mūlyād ity aṣṭa | catvāriṃśat | paṇaḥ | ā | dvi | paṇa | mūlyād iti pūrvaḥ sāhasa | daṇḍaḥ | ā | catuṣpaṇa | mūlyād iti madhyamaḥ | ā | aṣṭa | paṇa | mūlyād ity uttamaḥ | ā | daśa | paṇa | mūlyād
6_sastra/5_artha/kautil_u.txt	5925	ā			paṇya | bhūmibhyo vā rāja | paṇyaṃ māṣa | mūlyād ūrdhvam āpāda | mūlyād ity apaharato dvādaśa | paṇo daṇḍaḥ | ā | dvi | pāda | mūlyād iti catur | viṃśati | paṇaḥ | ā | tri | pāda | mūlyād iti ṣaṭ | triṃśat | paṇaḥ | ā | paṇa | mūlyād ity aṣṭa | catvāriṃśat | paṇaḥ | ā | dvi | paṇa | mūlyād iti pūrvaḥ sāhasa | daṇḍaḥ | ā | catuṣpaṇa | mūlyād iti madhyamaḥ | ā | aṣṭa | paṇa | mūlyād ity uttamaḥ | ā | daśa | paṇa | mūlyād
6_sastra/5_artha/kautil_u.txt	5925	ā			paṇya | bhūmibhyo vā rāja | paṇyaṃ māṣa | mūlyād ūrdhvam āpāda | mūlyād ity apaharato dvādaśa | paṇo daṇḍaḥ | ā | dvi | pāda | mūlyād iti catur | viṃśati | paṇaḥ | ā | tri | pāda | mūlyād iti ṣaṭ | triṃśat | paṇaḥ | ā | paṇa | mūlyād ity aṣṭa | catvāriṃśat | paṇaḥ | ā | dvi | paṇa | mūlyād iti pūrvaḥ sāhasa | daṇḍaḥ | ā | catuṣpaṇa | mūlyād iti madhyamaḥ | ā | aṣṭa | paṇa | mūlyād ity uttamaḥ | ā | daśa | paṇa | mūlyād
6_sastra/5_artha/kautil_u.txt	5925	ā			paṇya | bhūmibhyo vā rāja | paṇyaṃ māṣa | mūlyād ūrdhvam āpāda | mūlyād ity apaharato dvādaśa | paṇo daṇḍaḥ | ā | dvi | pāda | mūlyād iti catur | viṃśati | paṇaḥ | ā | tri | pāda | mūlyād iti ṣaṭ | triṃśat | paṇaḥ | ā | paṇa | mūlyād ity aṣṭa | catvāriṃśat | paṇaḥ | ā | dvi | paṇa | mūlyād iti pūrvaḥ sāhasa | daṇḍaḥ | ā | catuṣpaṇa | mūlyād iti madhyamaḥ | ā | aṣṭa | paṇa | mūlyād ity uttamaḥ | ā | daśa | paṇa | mūlyād
6_sastra/5_artha/kautil_u.txt	5925	ā			paṇya | bhūmibhyo vā rāja | paṇyaṃ māṣa | mūlyād ūrdhvam āpāda | mūlyād ity apaharato dvādaśa | paṇo daṇḍaḥ | ā | dvi | pāda | mūlyād iti catur | viṃśati | paṇaḥ | ā | tri | pāda | mūlyād iti ṣaṭ | triṃśat | paṇaḥ | ā | paṇa | mūlyād ity aṣṭa | catvāriṃśat | paṇaḥ | ā | dvi | paṇa | mūlyād iti pūrvaḥ sāhasa | daṇḍaḥ | ā | catuṣpaṇa | mūlyād iti madhyamaḥ | ā | aṣṭa | paṇa | mūlyād ity uttamaḥ | ā | daśa | paṇa | mūlyād
6_sastra/5_artha/kautil_u.txt	5925	ā			paṇya | bhūmibhyo vā rāja | paṇyaṃ māṣa | mūlyād ūrdhvam āpāda | mūlyād ity apaharato dvādaśa | paṇo daṇḍaḥ | ā | dvi | pāda | mūlyād iti catur | viṃśati | paṇaḥ | ā | tri | pāda | mūlyād iti ṣaṭ | triṃśat | paṇaḥ | ā | paṇa | mūlyād ity aṣṭa | catvāriṃśat | paṇaḥ | ā | dvi | paṇa | mūlyād iti pūrvaḥ sāhasa | daṇḍaḥ | ā | catuṣpaṇa | mūlyād iti madhyamaḥ | ā | aṣṭa | paṇa | mūlyād ity uttamaḥ | ā | daśa | paṇa | mūlyād
6_sastra/5_artha/kautil_u.txt	5937	ā			bāhyeṣu tu | pracchannam ahani kṣetra | khala | veśma | āpaṇebhyaḥ kupya | bhāṇḍam upaskaraṃ vā māṣa | mūlyād ūrdhvam ā | pāda | mūlyād ity apaharatas tri | paṇo daṇḍaḥ | gomaya | pradehena vā pralipya avaghoṣaṇam ā | dvi | pāda | mūlyād iti ṣaṭ | paṇaḥ | gomaya | bhasmanā vā pralipya avaghoṣaṇam | ā | tri | pāda | mūlyād iti nava | paṇaḥ | gomaya | bhasmanā vā pralipya avaghoṣaṇam |
6_sastra/5_artha/kautil_u.txt	5937	ā			bāhyeṣu tu | pracchannam ahani kṣetra | khala | veśma | āpaṇebhyaḥ kupya | bhāṇḍam upaskaraṃ vā māṣa | mūlyād ūrdhvam ā | pāda | mūlyād ity apaharatas tri | paṇo daṇḍaḥ | gomaya | pradehena vā pralipya avaghoṣaṇam ā | dvi | pāda | mūlyād iti ṣaṭ | paṇaḥ | gomaya | bhasmanā vā pralipya avaghoṣaṇam | ā | tri | pāda | mūlyād iti nava | paṇaḥ | gomaya | bhasmanā vā pralipya avaghoṣaṇam |
6_sastra/5_artha/kautil_u.txt	5937	ā			bāhyeṣu tu | pracchannam ahani kṣetra | khala | veśma | āpaṇebhyaḥ kupya | bhāṇḍam upaskaraṃ vā māṣa | mūlyād ūrdhvam ā | pāda | mūlyād ity apaharatas tri | paṇo daṇḍaḥ | gomaya | pradehena vā pralipya avaghoṣaṇam ā | dvi | pāda | mūlyād iti ṣaṭ | paṇaḥ | gomaya | bhasmanā vā pralipya avaghoṣaṇam | ā | tri | pāda | mūlyād iti nava | paṇaḥ | gomaya | bhasmanā vā pralipya avaghoṣaṇam |
6_sastra/5_artha/kautil_u.txt	5939	ā			śarāva | mekhalayā vā ā | paṇa | mūlyād iti dvādaśa | paṇaḥ | muṇḍanaṃ pravrājanaṃ vā ā | dvi | paṇa | mūlyād iti catur | viṃśati | paṇaḥ | muṇḍasya iṣṭakā | śakalena pravrājanaṃ vā ā | catuṣ | paṇa | mūlyād iti ṣaṭ | triṃśat | paṇah ā | pañca | paṇa | mūlyād
6_sastra/5_artha/kautil_u.txt	5939	ā			śarāva | mekhalayā vā ā | paṇa | mūlyād iti dvādaśa | paṇaḥ | muṇḍanaṃ pravrājanaṃ vā ā | dvi | paṇa | mūlyād iti catur | viṃśati | paṇaḥ | muṇḍasya iṣṭakā | śakalena pravrājanaṃ vā ā | catuṣ | paṇa | mūlyād iti ṣaṭ | triṃśat | paṇah ā | pañca | paṇa | mūlyād
6_sastra/5_artha/kautil_u.txt	5939	ā			śarāva | mekhalayā vā ā | paṇa | mūlyād iti dvādaśa | paṇaḥ | muṇḍanaṃ pravrājanaṃ vā ā | dvi | paṇa | mūlyād iti catur | viṃśati | paṇaḥ | muṇḍasya iṣṭakā | śakalena pravrājanaṃ vā ā | catuṣ | paṇa | mūlyād iti ṣaṭ | triṃśat | paṇah ā | pañca | paṇa | mūlyād
6_sastra/5_artha/kautil_u.txt	5939	ā			śarāva | mekhalayā vā ā | paṇa | mūlyād iti dvādaśa | paṇaḥ | muṇḍanaṃ pravrājanaṃ vā ā | dvi | paṇa | mūlyād iti catur | viṃśati | paṇaḥ | muṇḍasya iṣṭakā | śakalena pravrājanaṃ vā ā | catuṣ | paṇa | mūlyād iti ṣaṭ | triṃśat | paṇah ā | pañca | paṇa | mūlyād
6_sastra/5_artha/kautil_u.txt	5941	ā			ity aṣṭa | catvāriṃśat | paṇaḥ | ā | daśa | paṇa | mūlyād iti pūrvaḥ sāhasa | daṇḍah ā | viṃśati | paṇa | mūlyād it dviśatah ā | triṃśat | paṇa | mūlyād iti pañca | śatah ā | catvāriṃśat | paṇa | mūlyād iti sāhasrah ā | pañcāśat | paṇa | mūlyād iti vadhaḥ ||
6_sastra/5_artha/kautil_u.txt	5941	ā			ity aṣṭa | catvāriṃśat | paṇaḥ | ā | daśa | paṇa | mūlyād iti pūrvaḥ sāhasa | daṇḍah ā | viṃśati | paṇa | mūlyād it dviśatah ā | triṃśat | paṇa | mūlyād iti pañca | śatah ā | catvāriṃśat | paṇa | mūlyād iti sāhasrah ā | pañcāśat | paṇa | mūlyād iti vadhaḥ ||
6_sastra/5_artha/kautil_u.txt	5941	ā			ity aṣṭa | catvāriṃśat | paṇaḥ | ā | daśa | paṇa | mūlyād iti pūrvaḥ sāhasa | daṇḍah ā | viṃśati | paṇa | mūlyād it dviśatah ā | triṃśat | paṇa | mūlyād iti pañca | śatah ā | catvāriṃśat | paṇa | mūlyād iti sāhasrah ā | pañcāśat | paṇa | mūlyād iti vadhaḥ ||
6_sastra/5_artha/kautil_u.txt	5941	ā			ity aṣṭa | catvāriṃśat | paṇaḥ | ā | daśa | paṇa | mūlyād iti pūrvaḥ sāhasa | daṇḍah ā | viṃśati | paṇa | mūlyād it dviśatah ā | triṃśat | paṇa | mūlyād iti pañca | śatah ā | catvāriṃśat | paṇa | mūlyād iti sāhasrah ā | pañcāśat | paṇa | mūlyād iti vadhaḥ ||
6_sastra/5_artha/kautil_u.txt	5941	ā			ity aṣṭa | catvāriṃśat | paṇaḥ | ā | daśa | paṇa | mūlyād iti pūrvaḥ sāhasa | daṇḍah ā | viṃśati | paṇa | mūlyād it dviśatah ā | triṃśat | paṇa | mūlyād iti pañca | śatah ā | catvāriṃśat | paṇa | mūlyād iti sāhasrah ā | pañcāśat | paṇa | mūlyād iti vadhaḥ ||
6_sastra/5_artha/kautil_u.txt	6547	ā			daśa | paṇiko yojane dūto madhyamaḥ | daśa | uttare dvi | guṇa | vetana ā | yojana | śatād iti ||
6_sastra/5_artha/kautil_u.txt	7337	ā			aśuceḥ śuci | vṛttāt tu pratīkṣeta ā visarjanāt ||
6_sastra/5_artha/kautil_u.txt	7579	ā			ā | samāpteś ca enaṃ vāsayed yodhayec ca bala | vyasanebhyaś ca rakṣet ||
6_sastra/5_artha/kautil_u.txt	8419	ā			karśanīyaṃ vā asya mitraṃ madhyamo lipseta | pratistambhayed enaṃ ahaṃ tvā trāyeya iti ā karśanāt ||
6_sastra/5_artha/kautil_u.txt	9997	ā			tasya dvi | ratha | uttarā vṛddhir ā | eka | viṃśati | rathād iti ||
6_sastra/5_artha/kautil_u.txt	10003	ā			tasya api dvi | ratha uttarā vṛddhir ā | eka | viṃśati | rathād iti ||
6_sastra/5_artha/kautil_u.txt	10025	ā			para | āvāpāt pratyāvāpāc ca catur | guṇād ā | aṣṭa | guṇād iti vā vibhavataḥ sainyānām āvāpaḥ ||
6_sastra/5_artha/kautil_u.txt	10575	ā			tṛṇa | kāṣṭham ā | yojanād dāhayet ||
6_sastra/6_kama/kamasutu.txt	153	ā			|| brahmacaryam eva tv ā vidyā grahaṇāt ||
6_sastra/6_kama/kamasutu.txt	539	ā			|| prathama rate caṇḍa vegatā śīghra kālatā ca puruṣasya | tad viparītam uttareṣu | yoṣitaḥ punar etad eva viparītam | ā dhātu kṣayāt |
6_sastra/6_kama/kamasutu.txt	1129	ā			|| tasyāḥ prāg yantra yogāt kareṇa saṃbādhaṃ gaja eva kṣobhayet | ā mṛdubhāvāt | tato yantra yojanam ||
6_sastra/6_kama/kamasutu.txt	1439	ā			|| daivaṃ parīkṣaṇaṃ ca avadhiṃ sthāpayeyuḥ | ā pradāna niścayāt ||
6_sastra/6_kama/kamasutu.txt	1513	ā			|| vāryamāṇaś ca tvam api māṃ pariṣvajasva tato na evam ācariṣyāmi iti sthityā pariṣvañjayet | svaṃ ca hastam ā nābhi deśāt prasārya nirvartayet | krameṇa ca enām utsaṅgam āropya adhikam adhikam upakramet | apratipadyamānāṃ ca bhīṣayet ||
6_sastra/6_kama/kamasutu.txt	3411	ā			|| śatāvaryāḥ śvadaṃṣṭrāyāḥ śrīparṇī phalānāṃ ca kṣuṇṇānāṃ catur guṇe jale pāka ā prakṛty avasthānāt | tasya puṣpa ārambheṇa prātaḥ prāśanaṃ medhyaṃ vṛṣyam āyuṣyaṃ yukta rasam ity ācakṣate |
6_sastra/7_ayur/anandk_u.txt	7225	ā			dolāyantre pacetsamyagevam ā saptavārakam ||
6_sastra/7_ayur/anandk_u.txt	7603	ā			ā dvādaśābdaṃ dehasya valīpalitarogahā ||
6_sastra/7_ayur/anandk_u.txt	8041	ā			jīved ācandratāraṃ ca ā kalpamavilpakam ||
6_sastra/7_ayur/anandk_u.txt	8081	ā			prabuddho'sau bhavetsiddho jīved ā candrabhāskaram |
6_sastra/7_ayur/anandk_u.txt	8485	ā			ā nābhimātraṃ nikhaneddevatādvayamadhyataḥ |
6_sastra/7_ayur/anandk_u.txt	8681	ā			saptavāsaraparyantam ā tṛptiṃ vajravigrahaḥ |
6_sastra/7_ayur/anandk_u.txt	9361	ā			jitendriyaśca pathyāśī bhaved ā vatsaraṃ sudhīḥ |
6_sastra/7_ayur/anandk_u.txt	9395	ā			kuśaiḥ saṃveṣṭayetsamyag ā mūlāgraṃ ca lepayet |
6_sastra/7_ayur/anandk_u.txt	9897	ā			ā ṣaṇmāsaṃ parastāstu grāhyā caikaikaśo'nvaham ||
6_sastra/7_ayur/anandk_u.txt	12029	ā			ā candratārakaṃ jīvenmahābalayutaḥ sukham ||
6_sastra/7_ayur/anandk_u.txt	12327	ā			ā janma rañjayetkeśāṃstacca kāpālarañjanam |
6_sastra/7_ayur/anandk_u.txt	13285	ā			ā karṇapūrṇanayanavirājitamukhendubhiḥ ||
6_sastra/7_ayur/anandk_u.txt	15407	ā			vaśyaṃ karoti sāścaryam ā janmamaraṇāntikam ||
6_sastra/7_ayur/caraka_u.txt	117	ā			atha ataḥ dīrghaṃ jīvitīyam adhyāyaṃ vi ā khyāsyāma ityaṣṭapadatvam ||
6_sastra/7_ayur/caraka_u.txt	5753	ā			tāny ekaikabhallātakotkarṣāpakarṣeṇa daśabhallātakāny ā triṃśataḥ prayojyāni nātaḥ paramutkarṣaḥ |
6_sastra/7_ayur/vagaah_u.txt	3015	ā			ā janma sātmyāt kurute dhātūnāṃ prabalaṃ balam |
6_sastra/7_ayur/vagaah_u.txt	3571	ā			vyāpnoti sahasā deham ā pāda tala mastakam ||
6_sastra/7_ayur/vagaah_u.txt	3957	ā			ā tāmra pītam aty uṣṇaṃ rase kaṭukam a sthiram |
6_sastra/7_ayur/vagaah_u.txt	4947	ā			ā kaṇṭhaṃ pāyitān madyaṃ kṣīram ikṣu rasaṃ rasam ||
6_sastra/7_ayur/vagaah_u.txt	4949	ā			ā kaṇṭhaṃ pāyayen madyaṃ
6_sastra/7_ayur/vagaah_u.txt	5253	ā			ūne 'bde pañca pūrṇe 'sminn ā saptabhyo 'ṅgulāni ṣaṭ ||
6_sastra/7_ayur/vagaah_u.txt	5299	ā			ā saptater idaṃ mānaṃ daśaiva prasṛtāḥ param ||
6_sastra/7_ayur/vagaah_u.txt	5577	ā			ā mehanāntaṃ netraṃ ca niṣ kampaṃ guda vat tataḥ ||
6_sastra/7_ayur/vagaah_u.txt	5747	ā			ā bheṣaja kṣayād evaṃ dvis trir vā nasyam ācaret |
6_sastra/7_ayur/vagaah_u.txt	5799	ā			ā janma maraṇaṃ śastaḥ pratimarśas tu vasti vat |
6_sastra/7_ayur/vagaah_u.txt	6119	ā			ā karṇa bandhana sthānaṃ lalāṭe vastra veṣṭite ||
6_sastra/7_ayur/vagaah_u.txt	6127	ā			ā vaktra nāsikotkledād daśāṣṭau ṣaṭ calādiṣu ||
6_sastra/7_ayur/vagaah_u.txt	6129	ā			ā vaktra nāsikā kledād
6_sastra/7_ayur/vagaah_u.txt	6351	ā			ā pakṣmāgrād athonmeṣaṃ śanakais tasya kurvataḥ ||
6_sastra/7_ayur/vagaah_u.txt	6373	ā			svasthe tu dvy antaraṃ dadyād ā tṛpter iti yojayet ||
6_sastra/7_ayur/vagaah_u.txt	7109	ā			gāḍhaṃ karābhyām ā gulphaṃ caraṇe tasya copari |
6_sastra/7_ayur/vagaah_u.txt	7437	ā			vāmayed ā mukhaṃ bhasma | vāmayed vā mukhaṃ bhasma |
6_sastra/7_ayur/vagaah_u.txt	7571	ā			anulomaṃ su niśitaṃ śastram ā pūya darśanāt ||
6_sastra/7_ayur/vagaah_u.txt	7909	ā			harṣaṃ krodhaṃ bhayaṃ cāpi yāvad ā sthairya saṃbhavāt |
6_sastra/7_ayur/vagaah_u.txt	8453	ā			tathā rakta srutiṃ śuddhiṃ vastim ā māsato 'ṣṭamāt |
6_sastra/7_ayur/vagaah_u.txt	8623	ā			mṛdu pūrvaṃ pravāheta bāḍham ā prasavāc ca sā ||
6_sastra/7_ayur/vagaah_u.txt	9539	ā			vayas tv ā ṣo ḍaśād bālaṃ tatra dhātv indriyaujasām |
6_sastra/7_ayur/vagaah_u.txt	9541	ā			vṛddhir ā saptater madhyaṃ tatrā vṛddhiḥ paraṃ kṣayaḥ ||
6_sastra/7_ayur/vagaah_u.txt	9571	ā			tanu raktonnata nakhaṃ snigdhaṃ ā tāmra māṃsalam ||
6_sastra/7_ayur/vagaah_u.txt	11117	ā			kurvanto gātram ā śuṣkaṃ
6_sastra/7_ayur/vagaah_u.txt	13699	ā			pīta raktāsitābhāsaḥ pittād ā tāmra roma kṛt |
6_sastra/7_ayur/vagaah_u.txt	14255	ā			vyāyacchanti tanuṃ doṣāḥ sarvām ā pāda mastakam ||
6_sastra/7_ayur/vagaah_u.txt	14731	ā			tasmād ā doṣa pacanāj jvaritān upavāsayet ||
6_sastra/7_ayur/vagaah_u.txt	15065	ā			laṅghanādi kramaṃ tatra kuryād ā kapha saṃkṣayāt ||
6_sastra/7_ayur/vagaah_u.txt	15493	ā			tyajed ā bala lābhāc ca vyāyāma snāna maithunam |
6_sastra/7_ayur/vagaah_u.txt	20289	ā			ā jānu phalaka sthasya narasyāṅke vyapāśritam ||
6_sastra/7_ayur/vagaah_u.txt	20501	ā			tanūni tīkṣṇa lohasya pattrāṇy ā loha saṃkṣayāt |
6_sastra/7_ayur/vagaah_u.txt	20779	ā			tailam ā vraṇa saṃdhānāt sneha svedau ca śīlayet ||
6_sastra/7_ayur/vagaah_u.txt	21963	ā			tṛtīye 'hni caturthe vā yāvad ā ṣo ḍaśaṃ dinam |
6_sastra/7_ayur/vagaah_u.txt	24187	ā			ā darvī lepanāt siddhaṃ līḍhvā pracchardayet sukham ||
6_sastra/7_ayur/vagaah_u.txt	24655	ā			ā tāmra śyāva tīkṣṇoṣṇam āśu kāri vikāśi ca |
6_sastra/7_ayur/vagaah_u.txt	24913	ā			tṛṣṇā mūrchā madārtasya kuryād ā maraṇāt kriyām |
6_sastra/7_ayur/vagaah_u.txt	24917	ā			kuryād ā maraṇa kriyām tasyāpi prāṇa rakṣaṇīm
6_sastra/7_ayur/vagaah_u.txt	25427	ā			vyajed ā klama nāśāc ca prāṇāyāmaṃ ca kārayet |
6_sastra/7_ayur/vagaah_u.txt	25431	ā			vījet klama vināśāc ca vījed ā klama nāśāc ca vījyed
6_sastra/7_ayur/vagaah_u.txt	25433	ā			ā klama nāśāc ca
6_sastra/7_ayur/vagaah_u.txt	28569	ā			ā tāmra picchilāsra srud ā tāmra piṭikāti ruk |
6_sastra/7_ayur/vagaah_u.txt	28569	ā			ā tāmra picchilāsra srud ā tāmra piṭikāti ruk |
6_sastra/7_ayur/vagaah_u.txt	28573	ā			ā tāmra picchilāśruḥ syād ā tāmra picchilāsṛk syād
6_sastra/7_ayur/vagaah_u.txt	28573	ā			ā tāmra picchilāśruḥ syād ā tāmra picchilāsṛk syād
6_sastra/7_ayur/vagaah_u.txt	29671	ā			tasyānya doṣābhibhavād bhavaty ā nīla tā gadaḥ ||
6_sastra/7_ayur/vagaah_u.txt	29673	ā			bhavaty ā nīla tā gade bhavaty ā nīlikā gade
6_sastra/7_ayur/vagaah_u.txt	29673	ā			bhavaty ā nīla tā gade bhavaty ā nīlikā gade
6_sastra/7_ayur/vagaah_u.txt	29759	ā			yantraṇām anurudhyeta dṛṣṭer ā sthairya lābhataḥ |
6_sastra/7_ayur/vagaah_u.txt	30233	ā			viriktasya ca vartmānu nirlikhed ā viśuddhitaḥ |
6_sastra/7_ayur/vagaah_u.txt	30237	ā			viriktasya tu vartmānu vilikhed ā viśuddhitaḥ
6_sastra/7_ayur/vagaah_u.txt	32099	ā			ā madhyāhnaṃ vivardhiṣṇuḥ kṣud vataḥ sā viśeṣataḥ |
6_sastra/7_ayur/vagaah_u.txt	33509	ā			pāṇḍurā kiñ cid ā śyāvā kṛcchra pākā kaphānilāt |
6_sastra/7_ayur/vagaah_u.txt	34085	ā			ā gulpha karṇāt su mitasya jantos tasyāṣṭa bhāgaṃ khuḍakād vibhajya |
6_sastra/7_ayur/vagaah_u.txt	34281	ā			pittāt tāmrāntam ā nīlaṃ śvetāntaṃ kaṇḍu mat kaphāt ||
6_sastra/7_ayur/vagaah_u.txt	34285	ā			raktād raktāntam ā tāmraṃ sauṣaṃ cimicimāyate |
6_sastra/7_ayur/vagaah_u.txt	34315	ā			dāru kuṣṭha manohvālair ity ā pāṣāṇa gardabhāt |
6_sastra/7_ayur/vagaah_u.txt	34433	ā			ghṛtaṃ guḍaṃ ca go mūtre paced ā darvi lepanāt ||
6_sastra/7_ayur/vagaah_u.txt	35397	ā			ā rakta pīta pary antaḥ śyāva madhyo 'ti rug vraṇaḥ ||
6_sastra/7_ayur/vagaah_u.txt	36827	ā			dadyād yāvakam ā śuddheḥ purāṇa śakṛto 'tha vā ||
6_sastra/7_ayur/vagaah_u.txt	36903	ā			ā mūlaṃ veṣṭitaṃ darbhaiḥ padminī paṅka lepitam |
6_sastra/7_ayur/vagaah_u.txt	37109	ā			ā catvāriṃśatas tāni hrāsayed vṛddhi vat tataḥ |
6_sastra/7_ayur/vagaah_u.txt	37229	ā			tat tailaṃ saṃbhṛtaṃ bhūyaḥ paced ā salila kṣayāt ||
6_sastra/7_ayur/vagaah_u.txt	37659	ā			poṣaḥ śarīrasya bhavaty an alpo dṛḍhī bhavanty ā maraṇāc ca dantāḥ ||
6_sastra/8_jyot/brhajj_u.txt	653	ā			lagnād | ā | suta | lābha | randhra | navagaḥ | sa | antyaḥ | śaśa | aṅkāt | sitaḥ | svāt | sa | ājñeṣu | sukha | tri | dhī | nava | daśa | cchidra | āptigaḥ | sūryajāt |
6_sastra/8_jyot/brhats_u.txt	7919	ā			ā jānu lamba bāhuḥ śrīvatsa aṅkaḥ praśānta mūrtiś ca |
6_sastra/8_jyot/brhats_u.txt	8611	ā			kari kara sadṛśau vṛttāv ā jānv avalambinau samau pīnau |
6_sastra/8_jyot/brhats_u.txt	11443	ā			ā kāra rāvī samṛgaḥ kuraṅga
6_sastra/8_jyot/brhats_u.txt	11747	ā			phalam ā saptamād etad agrāhyaṃ parato rutam |
6_sastra/8_jyot/brhats_u.txt	11763	ā			śāntā tv a varṇāt param ā ruvantī
6_sastra/8_jyot/brhats_u.txt	11813	ā			patyur bhītās taskarān ā ruvantyaḥ ||
6_sastra/8_jyot/brhats_u.txt	12223	ā			gamana pratiṣedhikam ā kakhalā sadyo abhivarṣāya ||
1_veda/2_bra/gopbra_u.txt	617	a			udāttodāta dvipada a u ity ardhacatasro mātrā makāre vyañjanam ity āhuḥ
1_veda/2_bra/gopbra_u.txt	9533	a			tasmād a dvyukthaḥ
1_veda/2_bra/kausibru.txt	7491	a			vyāhvayante gāyatrīś ca jagatīś ca antare a |
1_veda/2_bra/pncvbr1u.txt	1621	a			airaṃ vai bṛhad aiḍaṃ rathantaraṃ mano vai bṛhad vāg rathantaraṃ sām a vai bṛhad ṛg rathantaraṃ prāṇo vai bṛhad apāno rathantaram asau vai loko bṛhad ayaṃ rathantaram etāni manasānvīkṣyodgāyet kḷptābhyām evābhyām udgāyati
1_veda/2_bra/pncvbr1u.txt	2167	a			devātithiḥ saputro 'śanāyaṃś carann araṇya urvārūṇy avindat tāny etena sāmnopāsīdat tā asmai gāvaḥ pṛśnayo bhūtvodatiṣṭhan yad etat sām a bhavati paśūnāṃ puṣṭyai
1_veda/2_bra/pncvbr2u.txt	1621	a			airaṃ vai brhad aiḍam rathantaraṃ mano vai brhad vāg rathantaram sām a vai brhad rg rathantaraṃ prāṇo vai brhad apāno rathantaram asau vai loko brhad ayam rathantaram etāni manasānvīkṣyodgāyet klptābhyām evābhyām udgāyati
1_veda/2_bra/pncvbr2u.txt	2167	a			devātithiḥ saputro 'śanāyamś carann araṇya urvārūṇy avindat tāny etena sāmnopāsīdat tā asmai gāvaḥ prśnayo bhūtvodatiṣṭhan yad etat sām a bhavati paśūnāṃ puṣṭyai
1_veda/2_bra/satapath/sb_01_u.txt	2329	a			a yajñamadhvaryurāśrāvayedvepano vā ha syādanyāṃ vārttimārcet
1_veda/2_bra/satapath/sb_01_u.txt	3049	a			tasya somapānamevaikam mukhamāsa | surāpāṇamekamanyasmā a
1_veda/2_bra/satapath/sb_03_u.txt	2007	a			a yatsatyamavadanyatsatyamakurvastasmādāha svite mā dhā iti
1_veda/2_bra/satapath/sb_09_u.txt	897	a			parigṛhy a hyetaṃ devā yajñamāyandevā devebhyo adhvaryanto asthurityadhvaro vai
1_veda/4_upa/chup___u.txt	4293	a			tasmād yady api bahava āsīrann a smaranto naiva te kaṃcana śṛṇuyur na manvīran na vijānīran |
1_veda/5_vedang/1_srauta/sankhssu.txt	115	a			ṣa kārāc ca uttaro a kāraḥ |
1_veda/5_vedang/1_srauta/sankhssu.txt	121	a			prakṛtyā a kāra iti jātūkarṇyaḥ |
1_veda/5_vedang/2_grhya/kaussu_u.txt	5087	a			oṃ bhūs tat savitur vareṇyaṃ bhūḥ svāhā e | a | iti prathamam
1_veda/5_vedang/2_grhya/kaussu_u.txt	5089	a			bhargo devasya dhīmahi bhuvaḥ svāhā e | a | iti dvitīyam
1_veda/5_vedang/2_grhya/kaussu_u.txt	5091	a			dhiyo yo naḥ pracodayāt svaḥ svāhā e | a | iti tṛtīyam
1_veda/5_vedang/2_grhya/kaussu_u.txt	5093	a			vayaṃ devasya dhīmahi janat svāhā e | a | iti caturtham
1_veda/5_vedang/2_paris/avpari_u.txt	43	a			ṣaḍ a nāgatayogīni sthitayogīni dvādaśa | navātikrāntayogīni tathā yogaḥ pradṛśyate ||
1_veda/5_vedang/2_paris/avpari_u.txt	419	a			prajāpatir yaḥ sasṛje prajā imā devānt sa sṛṣṭvā viniyoj y a karmasu | sa sarvabhuk sarvayogeṣu rohiṇī śivāḥ kriyāḥ kṛṇutāṃ karmasiddhaye ||
1_veda/5_vedang/2_paris/avpari_u.txt	603	a			evam uktāṃ nakṣatradakṣiṇāṃ yo dadātīha jīvaloke | a pahatya tamaḥ sarvaṃ brahmaloke mahīyate | yathā yaṣṭus tathādhyetur eṣā brāhmī pratiśrutir eṣā brāhmī pratiśrutir iti ||
2_epic/mbh/ext/hv_conpu.txt	13543	a			tataḥ sumbhanisumbhau a dānavau nagacārtiṇau |
2_epic/mbh/mbh_01_u.txt	37	a			acaturvadano brahmā dvibāhur a ||
2_epic/mbh/mbh_01_u.txt	29171	a			a || putrasaṃpattiṃ kva yāsyasi mahīpate
2_epic/mbh/mbh_03_u.txt	38353	a			tad brahmayogayuktātmā sukham a kṣayyam a śnute
2_epic/mbh/mbh_03_u.txt	38353	a			tad brahmayogayuktātmā sukham a kṣayyam a śnute
2_epic/ramayana/ram_03_u.txt	27	a			puṇyaiś a niyatāhāraiḥ śobhitaṃ paramarṣibhiḥ
2_epic/ramayana/ram_05_u.txt	9329	a			madāndhaś a na vedainam āryako 'yaṃ mameti saḥ
2_epic/ramayana/ram_06_u.txt	7913	a			padātayaś a bahavo mahānādā mahābalāḥ
2_epic/ramayana/ram_07_u.txt	1921	a			hastān dantāṃś a saṃpīḍya vākyam etad uvāca ha
3_purana/agp_bi_u.txt	3838	a			namo bhagavate cādau a ā aṃ aḥ svavījakāḥ |
3_purana/agp_bi_u.txt	23200	a		a | dha | śa | pū | u | re | atra saptaviṃśatinakṣatrāṇi jñeyāni	a | bha | kṛ | ro | mṛ | ā | pu | pu | a | ma | pū | u | ha | ci | svā | vi | a | jye | mū | pū | u |
3_purana/agp_bi_u.txt	23200	a		a | dha | śa | pū | u | re | atra saptaviṃśatinakṣatrāṇi jñeyāni	a | bha | kṛ | ro | mṛ | ā | pu | pu | a | ma | pū | u | ha | ci | svā | vi | a | jye | mū | pū | u |
3_purana/agp_bi_u.txt	23200	a		a | dha | śa | pū | u | re | atra saptaviṃśatinakṣatrāṇi jñeyāni	a | bha | kṛ | ro | mṛ | ā | pu | pu | a | ma | pū | u | ha | ci | svā | vi | a | jye | mū | pū | u |
3_purana/agp_bi_u.txt	23201	a	a | bha | kṛ | ro | mṛ | ā | pu | pu | a | ma | pū | u | ha | ci | svā | vi | a | jye | mū | pū | u |		a | dha | śa | pū | u | re | atra saptaviṃśatinakṣatrāṇi jñeyāni
3_purana/agp_bi_u.txt	24045	a			a syānnāgeśvarī vāci va kaṇṭhe śikhivāhinī ||
3_purana/agp_bi_u.txt	24072	a			a stanakṣīrā ā moṭo lambodaryudare ca tha |
3_purana/agp_bi_u.txt	24086	a			a śrīkaṇṭhaḥ śikhāyāṃ syādāvaktre syādanantakaḥ
3_purana/agp_bi_u.txt	47015	a		o au aṃ aḥ | ka kha ga gha ṅa ca cha ja jha ña ṭa ṭha ḍa ḍha ṇa ta	oṃ chaṃ nityaklinne madadrave oṃ oṃ | a ā i ī u ū ṛ ṝ ḷ ḹ e ai
3_purana/agp_bi_u.txt	48747	a			hy a tiyekanurumiti ña ||
3_purana/agp_bi_u.txt	50722	a			a viṣṇuḥ pratiṣedhaḥ syādā pitāmahavākyayoḥ
3_purana/agp_bi_u.txt	50857	a		nama jha bha ña gha dha ṣa ja va ga ḍa da śa kha pha cha ṭha tha ca ṭa ta	a i u ṇa ṛ ḷ ka e ṅa ai au ca ha ya va ra ṭa ṇa na ña ma ṅa ṇa
3_purana/agp_bi_u.txt	50894	a			prakṛtirno aho ehi a avehi i indrakaṃ ||
3_purana/bhagp/bhp_03u.txt	4581	a			a smābhipṛcche 'dya patiṃ prajānāṃ tvayāvatīrṇarṇa utāpta kāmaḥ
3_purana/bhagp/bhp_05u.txt	655	a			atha ta enam anavadya lakṣaṇam avamṛśya bhartṛ karma niṣpattiṃ manyamānā baddhvā raśanayā caṇḍikā gṛham upaninyur mudā vikasit a vadanāḥ
3_purana/bhagp/bhp_10u.txt	13719	a			tatra teṣv ātma pakṣeṣv a gṛṇatsu vijigīṣayā
3_purana/bhagp/bhp_11u.txt	3033	a			akṣarāṇām a kāro 'smi padāni cchandusām aham
3_purana/bhagp/bhp_12u.txt	989	a			tasya hy āsaṃs trayo varṇā a kārādyā bhṛgūdvaha
3_purana/garup1_u.txt	2885	a			a ā nyasettu pādāgre i ī gulaphe 'tha jānuni |
3_purana/garup1_u.txt	26914	a			devīgṛhamatho atra a avehi paṭū imau ||
3_purana/nardp1_u.txt	5871	a			a yaḥ stambhaṃ samāśsiṣya tiṣṭhantyabdasahasrakam ||
3_purana/nardp1_u.txt	18485	a			gurusvāraḥ savijñeyaḥ kṣaiprastatra na vidyate || a
3_purana/sivap7_u.txt	15369	a			a u meti trimātrābhiḥ parastāccārdhamātrayā ||
4_rellit/buddh/avsata_u.txt	1873	a			bhūtapūrvaṃ bhikṣavo 'tīte 'dhvani vārāṇasyāṃ nagaryāṃ brahmadatto nāma rājā rājyaṃ kārayati ṛddhaṃ ca sphītaṃ ca kṣemaṃ ca subhikṣaṃ ca ākīrṇabahujanamanuṣyaṃ ca praśāntakalikalahaḍimbaḍamaraṃ taskararogāpagataṃ śālīkṣugomahiṣīsaṃpannam akhilam akaṇṭakam | ekaputram iva rājyaṃ pālayati | tasya jyeṣṭhaḥ kumāro yuvarājaḥ | so 'pareṇa samayena vasantakālasamaye saṃpuṣpiteṣu pādapeṣu haṃsakrauñcamayūraśukaśārikākokilajīvañjīvakanirghoṣite vanaṣaṇḍe amātyaputraparivṛtaḥ krīḍati ramate | vayaso 'matyaputraḥ vayasyaḥ | so 'pareṇa puruṣeṇa sārdham akṣaiḥ krīḍitavān | tato 'mātyaputras tena puruṣeṇa pañca purāṇaśatāni nirjitaḥ | rājaputraś cāsya pratibhūr avasthitaḥ || there seem to be a long gap | tena me saṃsāre 'nantam bhogavyasanam anubhūtam |
4_rellit/buddh/bhivin_u.txt	203	a			ucchiṣṭapiṇḍaṃ bhojanānāṃ alpañ ca sulabhañ ca kalpikaṃ cānavadyañ a śramaṇīsārūpyañ ca | taṅ ca niśrāya pravrajyā upasaṃpadā bhikṣuṇībhāva yatrotsahantīyo śraddhāyo kuladhītāyo upasaṃpādīyanti | anutsahantīyo nopasaṃpādīyanti |
4_rellit/buddh/divyav_u.txt	22081	a			agnyādhānaṃ pākayajñaḥ samṛddhiprasavaśca yaḥ || a ||
4_rellit/buddh/vinsutru.txt	97	a			pātrañ copadarśya monam a || dhikaṃ pāṇḍapetīti saṃghe
4_rellit/buddh/vinsutru.txt	221	a			cared a niḥśritaḥ pañcavarṣaḥ paścimasamayogena samanvitajanapadacārikaṃ
4_rellit/buddh/vinsutru.txt	929	a			nāprakṣālya digdhaṃ mukhamalena pradeśam a vaguṇṭhya vā pāṃśunā dantajihvayoḥ yavanaṃ chorayet
4_rellit/buddh/vinsutru.txt	2018	a			na caṭitāṃ sphuṭitāṃ vā nārocya tatvam a rpyayeta
4_rellit/buddh/vinsutru.txt	2532	a			tata dvādaśakasaptako pramāṇām a ntarata
4_rellit/buddh/vinsutru.txt	2790	a			a pūrakatvam vijatiyasya varṇāditaḥ
4_rellit/buddh/vinsutru.txt	3180	a			pātrikatāmrasya duṣkṛtāṃ | a
4_rellit/buddh/vinsutru.txt	4108	a			|| aparājitaṃ sūtraṃvinayamātṛkādharam a nunaviṃśativarṣaṃ nāgaralapitam upanāmitakāyatve bhikṣuṇyā kṛtapratikriyāṃ bhikṣuṇyavavādakaṃ saṃmanyeran
4_rellit/buddh/vinsutru.txt	5177	a			ardhatvam a || nipatteḥ pṛthaktvañ cāhnaḥ
4_rellit/buddh/vinsutru.txt	5461	a			a sammukhe dvārasya
4_rellit/buddh/vinsutru.txt	6711	a			a nupasthāpane glānayoḥ
4_rellit/buddh/vinsutru.txt	7081	a			utsargaṃ vṛkṣarohañc a śaikṣā uddeśayos saha
4_rellit/buddh/vinsutru.txt	7701	a			gṛhiṇām a trāgatānāṃ dharmaṃ kathaṃ kuryāt
4_rellit/buddh/vinsutru.txt	8062	a			unmajjanam a vasāraṇe gṛhigṛhiṇyoḥ
4_rellit/buddh/vinsutru.txt	8436	a			taddinatvam a sya
4_rellit/buddh/vinsutru.txt	8454	a			tasmād a datvā cchandaṃ svapnasamāpatyoḥ saṃniṣaṇṇe syānutthānam āstārasyoddhṛteś ca prāk śruvaṇāt
4_rellit/buddh/vinsutru.txt	9332	a			sāmyam a bhyavahārye
4_rellit/buddh/vinv01_u.txt	153	a			anenānurakṣitāḥ api tu tiṣyeṇaiva brāhmaṇenāsmākaṃ prabhūtam upakṛtaṃ vādibhogānām upārdhaṃ dadatā tad asya śārikāṃ bhāryārtham anuprayacchāma iti | sā kathayati kasmād asya dīyate | etāv a |
4_rellit/buddh/vinv171u.txt	1655	a			udāyin made a monk
4_rellit/buddh/vinv171u.txt	2046	a			a the buddha subdues a nāga
4_rellit/buddh/vinv171u.txt	2046	a			a the buddha subdues a nāga
4_rellit/buddh/vinv172u.txt	1365	a			yadā ajātaśatruṇā rājño bimbisārasya kanakaḥ kṣiptaḥ tadā rājñā upālabdhaḥ | kumāra kimarthaṃ tvayā mama kanakaḥ kṣiptaḥ sa kathayati | deva roṣāt | devasya bhogāḥ saṃvidyante | mama na saṃvidyante | rājā kathayati | putra yady evaṃ gaccha campā sādhāraṇā tava bhavatu iti | sa hṛṣṭatuṣṭapramudito devadattasya sakāśaṃ gatvā kathayati | ārya mayā campā sādhāraṇā labdhā iti | sa kathayati | kumāra dṛṣṭaṃ te parākramasya phalam ārya dṛṣṭaṃ | bhūyaḥ parākramasva | ativṛddhis te bhaviṣyati iti | sa campāyāṃ prakarapratyayaiḥ pīḍayitum ārabdhaḥ | pīḍyamāno mahājanakāyaḥ niṣpalāyitum ārabdhaḥ | kecid rājagṛhaṃ gatāḥ | kecid deśāntaraṃ gatāḥ | amātyai rājño dūto 'nupreṣitaḥ | deva kumāraś campāṃ pīḍayati | janaḥ pīḍyamāno niṣpalāyate | tad arhati devaḥ kumārasya nivāraṇaṃ kartum iti | rājā kathayati | kumāra kasmāj janapadān pīḍayasi iti | sa kathayati | deva sādhanaṃ na puṣyati iti | rājā kathayati | yady evaṃ rājagṛham ekaṃ tyaktvā magadhaviṣayaṃ gṛhāṇa iti | magadhaviṣayaṃ gṛhītvā devadattasya sakāśaṃ gatvā kathayati | ārya mayā rājagṛham ekaṃ muktvā sarvo magadhaviṣayo labdhaḥ iti | sa kathayati | īdṛśaṃ parākramasya phalaṃ | bhūyaḥ parākramasva iti | sa magadhaviṣayaṃ nāśayitum ārabdhaḥ | magadhaviṣayanivāsinā janakāyena rājā bimbisāro vijñaptaḥ | deva kumāro magadhaviṣayaṃ nāśayati | nivartyatām iti | sa rājñā āhūyoktaḥ kumāra kimarthaṃ magadhaviṣayaṃ nāśayasi iti | sa kathayati deva prabhūto janakāyo na puṣyati iti | rājā kathayati | kumāra yady evaṃ kośam ekaṃ muktvā sarvaṃ tavaiva bhavatu iti | sa rājagṛham api gṛhītvā devadattasya sakāśaṃ gataḥ kathayati | ārya mayā kośam ekaṃ muktvā | sarvabhogā labdhāḥ iti | sa kathayati parākramaphalam etat | api tu kośabalino hi rājānaḥ | yasya kośaḥ sa rājā | kośārthaṃ parākramasva iti | sa rājagṛham api nāśayitum ārabdhaḥ | rājagṛhanivāsī janakāyaḥ anyaś ca magadhanivāsī campeyaś ca sarva eva santrastāḥ yathā ajātaśatrur na paśyati tathā dūtasaṃpreṣaṇena rājānaṃ vijñapayitum ārabdhāḥ | devena vayaṃ putravat paripālitāḥ | kumāreṇātyantaṃ niḥsvīkṛtāḥ | prāyo devasya janapadā niṣpalāyitāḥ | vayam api niṣpalāyāmaḥ iti | dharmapradhānaḥ sa rājā | karuṇātmakaś ca | tena samutpannamanyunā ajātaśatrur āhūya priyamadhuravaconukūlatayā śiras parāmṛśyoktaḥ | putra mayā tava sarvajanapadā dattāḥ | kimartham udvejayasi | pratipālaya iti | sa kathayati | deva kośabalino rājānaḥ | mama kośabalaṃ nāsti | kiṃ karomi iti | a kathayati | yady evam antaḥpuram ekaṃ muktvā sarvaṃ tavaiva bhavatu iti | tathāpy asau duṣṭaprakṛtiḥ pāpasahāyaś ca nāśayaty eva | nāvatiṣṭhate | rājñā sopālambham uktaḥ | sakośakoṣṭhāgārajanapadās tavaiva dattāḥ | idānīṃ kimarthaṃ nāśayasi iti
4_rellit/buddh/vinv172u.txt	1856	a			dhanapālaka in a previous birth
4_rellit/buddh/vinv_06u.txt	1335	a			dhyānāni catvāri balendriyāṇy a
4_rellit/saiva/kubjt_pu.txt	269	a			bindurūpāvadhūtārdhacandrākṛtis tvaṃ trikoṇā a u ma kāra i kāra
4_rellit/saiva/kubjt_pu.txt	1773	a			a cha madhyagataṃ śūlam uttānam ūrdhvavaktragam ||
4_rellit/saiva/kubjt_pu.txt	2975	a			chīṃ chāṃ padaṃ tṛtīyaṃ tu khimurāgho a caturthakam ||
4_rellit/saiva/kubjt_pu.txt	3007	a			yastrā a yaivvāṇāṅkako ccevi ṇiki ṇiki |
4_rellit/saiva/kubjt_pu.txt	3011	a			yacāvaka yaipārūhuba khimurāgho a me na ṇa ña ṅa |
4_rellit/saiva/kubjt_pu.txt	3049	a			stram a vvāṇāṅkako ccevi |
4_rellit/saiva/kubjt_pu.txt	3149	a			caturdaśoddhṛtaṃ bījam a cha sandhigataṃ punaḥ ||
4_rellit/saiva/kubjt_pu.txt	3281	a			oṃ hāsvā ṭpha hūṃ sagra yaramā kaṃmu a capa madha hada naha ṇiridhāṅgaṭvākhalapāka ṇikṣabhasamāṃradhiru līṇḍācāṣṭaju tivagabha mona oṃ ||
4_rellit/saiva/kubjt_pu.txt	3587	a			a u ma kārasaṃyuktaṃ praṇavedaṃ kriyātmakam ||
4_rellit/saiva/kubjt_pu.txt	7547	a			māyādevī i jihvā tu a vāg vāgeśvarī matā ||
4_rellit/saiva/kubjt_pu.txt	7801	a			aiṃ haḥ a paramānande haḥ ā siddhidānandane haḥ i parāpare hrūṃ phreṃ phaṭ kṣaḥ ī śrīkulāmbike ||
4_rellit/saiva/kubjt_pu.txt	7871	a			ana aiṃ | ā tha hrīṃ | i ṛ a | ī ṛ gho | u ḷ re | ū ḹ hrīṃ |
4_rellit/saiva/kubjt_pu.txt	7877	a			ka gha pe | kha ṅa hsauṃ | ga i gho | gha a ra | ṅa va mu |
4_rellit/saiva/kubjt_pu.txt	9543	a			kṣa krodhāvali a ananta ajara bhairava
4_rellit/saiva/kubjt_pu.txt	9641	a			a mahāmāyāvali kṣa pralayāntaka kṣayānta bhairava ||
4_rellit/saiva/kubjt_pu.txt	9773	a			kṣa anantākhyāvali a mahākṣayāntavīra
4_rellit/saiva/kubjt_pu.txt	10679	a			kaṃ mu a hūṃ hūṃ la jva la jva na śa nā ra gho ||
4_rellit/saiva/kubjt_pu.txt	10681	a			pa rū ra gho ra gho a ra śva the ma pra tha ma pra ||
4_rellit/saiva/kubjt_pu.txt	10885	a			ā ananto maṇḍale vaktre a śrīkaṇṭho lalāṭagaḥ |
4_rellit/saiva/kubjt_pu.txt	10923	a			va kaṇṭhe śikhivāhinyā a vāg vāgeśvarī matā ||
4_rellit/saiva/malinivu.txt	1415	a			a lalāṭe dvitīyaṃ ca vaktre saṃparikalpayet
4_rellit/saiva/malinivu.txt	4251	a			a mala tkeśa kam
4_rellit/saiva/sivsutru.txt	671	a			a i u ṛ ḷ vinyāsaiḥ kādimāntaṃ ca vācakam ||
4_rellit/saiva/svact_pu.txt	12419	a			is a pāda verse
4_rellit/saiva/svact_pu.txt	12421	a			is a pāda verse
4_rellit/vaisn/ss1_tatu.txt	1113	a			vinirṇayaḥ | vedārthatulyatvena viśiṣya nirṇayo yatreti | yasmād eva | a
4_rellit/vaisn/ss3_paru.txt	3455	a			vedaḥ karmaphala | a nityam abhipraiti | kintu lakṣaṇayā prāśastyamātram |
4_rellit/vaisn/vaimp__u.txt	2755	a			prajāpatiṃ prathamaṃ yajñiyānām c | a |
5_poetry/1_natya/bharnatu.txt	2709	a			a | ṅgavastunivṛtau tu varṇāntaranivṛttiṣu |
5_poetry/1_natya/bharnatu.txt	9061	a			tatra svarāścaturdaśa | a ā i ī u ū ṛ ṝ ḷ ḹ e ai
5_poetry/1_natya/bharnatu.txt	9079	a			a ku ha visarjanīyāḥ kaṇṭhyāḥ | i cu ya śāstālavyāḥ |
5_poetry/1_natya/bharnatu.txt	16223	a			paśuviśasanaṃ tatha a syādbahuvacanaghnaṃ prayogeṣu ||
5_poetry/2_kavya/bhattiku.txt	607	a			a sūryaṃ paśya rūpā tvaṃ kima bhīrurarāryase |
5_poetry/2_kavya/bhattiku.txt	637	a			a strīko 'sāvahaṃ strī mān | sa puṣyati tarāṃ tava
5_poetry/2_kavya/bhattiku.txt	667	a			a saṃskṛtrima saṃvyānāvanuptrima phalāśinau
5_poetry/2_kavya/bhattiku.txt	669	a			a bhṛtrima parīvārau paryabhūtāṃ tathāpi mām |
5_poetry/2_kavya/bhattiku.txt	699	a			bhayamupanidadhe sa rākṣasānām a khila kula kṣaya pūrva liṅga tulyaḥ |
5_poetry/2_kavya/bhattiku.txt	797	a			a bhinnaṃ śata dhā tmānaṃ manyate balinaṃ balī |
5_poetry/2_kavya/bhattiku.txt	811	a			a tulya mahasā sārdhaṃ rāmeṇa mama vigrahaḥ
5_poetry/2_kavya/bhattiku.txt	1119	a			a sīto rāvaṇaḥ kāsāṃcakre śastrair nirākulaḥ |
5_poetry/2_kavya/bhattiku.txt	1187	a			a kāle durmaramaho | yaj jīvāmas tayā vinā |
5_poetry/2_kavya/bhattiku.txt	1189	a			a kṣemaḥ parihāso 'yaṃ | parīkṣāṃ mā kṛthā mama |
5_poetry/2_kavya/bhattiku.txt	1355	a			a mṛṣodyaṃ vadan rucyo jagāhe dyāṃ niśā caraḥ
5_poetry/2_kavya/bhattiku.txt	1357	a			a kṛṣṭa pacyāḥ paśyantau tato dāśarathī latāḥ
5_poetry/2_kavya/bhattiku.txt	1371	a			a gṛhyāṃ vīta kāma tvād deva gṛhyāma ninditām
5_poetry/2_kavya/bhattiku.txt	1429	a			a jño yo | yasya vā nā sti priyaḥ | praglo bhaven na saḥ |
5_poetry/2_kavya/bhattiku.txt	1511	a			a mitaṃ pacamīśānaṃ sarva bhogīṇamuttamam
5_poetry/2_kavya/bhattiku.txt	1517	a			a sūryaṃ paśyayā mūrtyā hṛtā | tāṃ mṛgayāvahe |
5_poetry/2_kavya/bhattiku.txt	1561	a			a vārya prasaraḥ prātarudyanniva tamo'pahaḥ
5_poetry/2_kavya/bhattiku.txt	1773	a			a kampraṃ mārutir dīpraṃ namraḥ prāveśayad guhām
5_poetry/2_kavya/bhattiku.txt	1781	a			a bhīruravasaṃ strībhir bhāsurābhirīheśvaraḥ |
5_poetry/2_kavya/bhattiku.txt	1887	a			a pragrāhairivādityo vājibhir dūra pātibhiḥ |
5_poetry/2_kavya/bhattiku.txt	1911	a			a madāḥ sedurekasmin nitambe nikhilā gireḥ |
5_poetry/2_kavya/bhattiku.txt	1965	a			a kṛtvā nṛ pateḥ kāryaṃ pūjāṃ lapsyāmahe katham |
5_poetry/2_kavya/bhattiku.txt	1981	a			a bhāve bhavatāṃ yo 'smin jīvet | tasyāstva jīvaniḥ |
5_poetry/2_kavya/bhattiku.txt	1985	a			a kleśyamasinā gnyantaṃ kabandha vadhamabhyadhuḥ |
5_poetry/2_kavya/bhattiku.txt	2003	a			a ceṣṭā yadihā nyāyādanenā tsyāmahe vayaṃ
5_poetry/2_kavya/bhattiku.txt	2029	a			a kṛtārthā viśīdantaḥ para lokamupāsmahe |
5_poetry/2_kavya/bhattiku.txt	2055	a			a mṛḍitvā sahasrākṣaṃ kliśitvā kauśalair nijaiḥ
5_poetry/2_kavya/bhattiku.txt	2087	a			a marṣitamiva ghnantaṃ taṭādrīn malilormibhiḥ
5_poetry/2_kavya/bhattiku.txt	2159	a			a vyagramupatiṣṭhasva vīra | vāyorahaṃ suhṛt |
5_poetry/2_kavya/bhattiku.txt	2345	a			a trāsayan vana śayān suptān śākhāsu pakṣiṇaḥ |
5_poetry/2_kavya/bhattiku.txt	2553	a			a saṃprāpte daśa grīve praviṣṭo 'hamidaṃ vanam
5_poetry/2_kavya/bhattiku.txt	2559	a			a vināśāya kāryasya vicinvānaḥ parāparam |
5_poetry/2_kavya/bhattiku.txt	2701	a			a mliṣṭa nādā niraguḥ phāṇṭacitrāstra pāṇayaḥ
5_poetry/2_kavya/bhattiku.txt	2707	a			a vyarṇo giri kūṭābhānabhyarṇānārdidad drutam
5_poetry/2_kavya/bhattiku.txt	2989	a			a pratistabdha vikrāntama nistabdho mahāhave |
5_poetry/2_kavya/bhattiku.txt	3181	a			a sad bandhu vidhopajñaṃ vimuñca bali vigraham |
5_poetry/2_kavya/bhattiku.txt	3281	a			a cireṇa kṛtārthamāgataṃ tamamanyanta tathāpyatīva te |
5_poetry/2_kavya/bhattiku.txt	3343	a			a parīkṣita kāriṇā gṛhītāṃ tvamanāsevita vṛddha paṇḍitena
5_poetry/2_kavya/bhattiku.txt	3345	a			a virodhita niṣṭhureṇa sādhvīṃ dayitāṃ trātumalaṃ ghaṭasva rājan |
5_poetry/2_kavya/bhattiku.txt	3429	a			a parimita mahādbhutair vicitraś cyuta malinaḥ śucibhir mahāna laṅghyaiḥ
5_poetry/2_kavya/bhattiku.txt	3435	a			a viratamabhavat kṣaṇe kṣaṇe 'sau śikhari pṛthu prathita praśānta vīciḥ |
5_poetry/2_kavya/bhattiku.txt	3519	a			a śeṣa naṣṭa pratibhā paṭutvo gāḍhopagūḍho dayitair jano 'bhūt |
5_poetry/2_kavya/bhattiku.txt	3549	a			a vīta tṛṣṇo 'tha paraspareṇa kṣaṇādivāyāta niśāvasānaḥ
5_poetry/2_kavya/bhattiku.txt	3583	a			a śaṅkatā nyonya kṛtaṃ vyalīkaṃ viyoga bāhyo 'pi jano 'tirāgāt
5_poetry/2_kavya/bhattiku.txt	3737	a			a khaṇḍya mānaṃ parikhaṇḍya śakraṃ tvaṃ paṇḍitaṃ manyamudīrṇa daṇḍaḥ
5_poetry/2_kavya/bhattiku.txt	3807	a			a śaknuvan kartumarer vighātaṃ sva karma rakṣāṃ ca paraṃ ṣrayeta |
5_poetry/2_kavya/bhattiku.txt	3837	a			a pakva kumbhāviva bhaṅga bhājau rājanniyātāṃ maraṇaṃ samānau |
5_poetry/2_kavya/bhattiku.txt	3981	a			a nirvṛtaṃ bhūtiṣu gūḍha vairaṃ satkāra kāle 'pi kṛtā bhyasūyam
5_poetry/2_kavya/bhattiku.txt	4055	a			tuṅgā giri vara dehā | a gamaṃ salilaṃ | samīraṇo rasa hārī |
5_poetry/2_kavya/bhattiku.txt	4057	a			a himo ravi kiraṇa gaṇo | māyā saṃsāra kāraṇaṃ te paramā |
5_poetry/2_kavya/bhattiku.txt	4063	a			a sulabha hari saṃcāraṃ jala mūlaṃ bahala paṅka ruddhāyāmam
5_poetry/2_kavya/bhattiku.txt	4093	a			a bhayahari rāsa bhīmaṃ kari parimala cāru bahala kandara salilam |
5_poetry/2_kavya/bhattiku.txt	4135	a			a kampra brādhnāgra nitamba bhāgā mahārṇavaṃ bhūmi bhṛto 'vagāḍhāḥ
5_poetry/2_kavya/bhattiku.txt	4195	a			a mala maṇi hema ṭaṅkaṃ tuṅga mahā bhitti ruddha ruru paṅka gamam
5_poetry/2_kavya/bhattiku.txt	4291	a			a vāmaiḥ pusphure dehaiḥ | prasede citta vṛttibhiḥ |
5_poetry/2_kavya/bhattiku.txt	5277	a			a sandhitsos tavetyetad vibhīṣaṇa subhāṣitam |
5_poetry/2_kavya/bhattiku.txt	5375	a			a nimittānyathā paśyannasphuṭad ravi maṇḍalam |
5_poetry/2_kavya/bhattiku.txt	5475	a			a dharmān nā trasaḥ pāpa | loka vādān na cā bibheḥ |
5_poetry/2_kavya/bhattiku.txt	5535	a			a yuktamidam tyanye tamāptāḥ pratyavārayan |
5_poetry/2_kavya/bhattiku.txt	5807	a			a pathyamāyatau lobhādāmanantyanujīvinaḥ
5_poetry/2_kavya/bhattiku.txt	5855	a			a pṛṣṭo nu bravīti tvāṃ mantre mātāmaho hitam |
5_poetry/2_kavya/bhattiku.txt	5957	a			a śocyo'pi vrajannastaṃ sanābhir dunuyān na kim |
5_poetry/2_kavya/padnscpu.txt	261	a			a || hāse | lem | conj || bhāso | ed || hāso
5_poetry/2_kavya/padnscpu.txt	423	a			a | vyādhūti || lem | ed | || gṛhāt | lem | ed || grahāt | em |
5_poetry/2_kavya/padnscpu.txt	563	a			a | śilābheda || lem | ed | sirābheda | em |
5_poetry/2_kavya/padnscpu.txt	585	a			a || jyotsnayā | lem | em || jotsnayā | ed
5_poetry/2_kavya/padnscpu.txt	851	a			a | caṭula || lem | ed | catura || ed
5_poetry/2_kavya/padnscpu.txt	941	a			ayi | yad ayam avāmanasya bhūmir mukhadhṛtahāralataḥ kutūhalasy || a ||
5_poetry/2_kavya/padnscpu.txt	1425	a			a || kānti || lem | em || kānti || ed
5_poetry/2_kavya/padnscpu.txt	3461	a			a || śaraṃ | lem | em || śara | ed
5_poetry/2_kavya/padnscpu.txt	3833	a			a | hṛtā | lem | ed | hṛtvā | buh | | sarga | buh || lem sūrga | ed |
5_poetry/4_narr/sokss_pu.txt	20593	a			tatkiṃ tvayā hy a evaitadārabdhaṃ manniṣiddhayā ||
5_poetry/4_narr/sokss_pu.txt	21483	a			prārthito 'pi a tadbhartṛpramukhaiḥ so 'tha mantribhiḥ |
5_poetry/4_narr/sokss_pu.txt	54781	a			pratīhāramayūrasya nṛtyamuktaṃ hy a eva yast ||
5_poetry/5_subhas/msubhs_u.txt	21357	a			ālīcālitapadminīdalacalatsarvāṅgamaṅgīkṛt a | svāṅgāliṅganamarmarīkṛtanavāmbhojāliśay yā cirāt |
5_poetry/5_subhas/msubhs_u.txt	25221	a			dormūlaṃ khalu darśayet stanayuge vastraṃ samālambate a guṣṭhena likhenmahīṃ smitamukhī vrīḍāṃ vidhatte mṛṣā |
5_poetry/5_subhas/msubhs_u.txt	25779	a			āttasnāyvantranetraḥ prakaṭitadaśanaḥ pretara kaḥ kara kād a kasthādasthisaṃsthaṃ sthapuṭagatamapi kravyamavyagramatti ||
5_poetry/5_subhas/msubhs_u.txt	25895	a			udyānamaṇḍanataro sahakāra sa tvam a gārakārakaragocaratāṃ gato'si ||
5_poetry/5_subhas/msubhs_u.txt	26009	a			nārīṇāṃ śucibāhyānām a ganākhyāṃ vyadhād vidhiḥ ||
5_poetry/5_subhas/msubhs_u.txt	26709	a			a geṣvalabdhaparibhogasukho'ndhakāro gṛhṇāti keśaracanāsu ruṣeva nārīḥ ||
5_poetry/5_subhas/msubhs_u.txt	26797	a			utsṛjya gītamasamāpya vilāsalāsyam a kādapāsya sahasā maṇivallakīṃ ca |
5_poetry/5_subhas/msubhs_u.txt	26825	a			a gasa gāt tathā jīvo bhajate prākṛtān guṇān |
6_sastra/3_phil/buddh/vakobhau.txt	5881	a			vyañjanamakṣaraṃ tadyathā a ā ityevamādi |
6_sastra/3_phil/mimamsa/jaimsutu.txt	3895	a			utsargasya kratvarthatvāt pratiṣiddhasya karma syānn a ca gauṇaḥ prayojanam arthaḥ sa dakṣiṇānāṃ syāt |
6_sastra/3_phil/saiva/parmartu.txt	13	a			nijaśaktivaibhavabharād a | ṅdacatuṣṭayam idaṃ vibhāgena |
6_sastra/3_phil/saiva/parmartu.txt	183	a			a | ṅdatrayaṃ vicitraṃ sṛṣṭaṃ bahirātmalābhena ||
6_sastra/3_phil/saiva/tantralu.txt	2447	a			a iti brahma paramaṃ tatsaṃghaṭṭodayātmakam ||
6_sastra/4_dharma/sutra/baudhd_u.txt	591	a			na vai devān pīvaras a | saṃyata | ātmā rorūyamāṇaḥ kakudīsamaśnute |
6_sastra/4_dharma/sutra/baudhd_u.txt	663	a			maraṇe tu yathā | bālaṃ puraskṛtya yajñopavītāny apasavyānikṛtvā tīrtham avatīrya sakṛt sakṛt trir nimajjya unmajjya uttīrya ācamya tat | pratyayam udakam āsicya ata eva uttīrya ācamya gṛha | dvāryaṅgāram udkam iti saṃspṛśya a | kṣāra | lavaṇa | āśino daśa | ahaṃ kaṭamāsīran ||
6_sastra/4_dharma/sutra/baudhd_u.txt	881	a			a | cātvāla āhavanīya | utkarau ||
6_sastra/4_dharma/sutra/gautdh_u.txt	133	a			a | prāg upanayanāt kāmacāraḥ kāmavādaḥ kāmabhakṣaḥ |
6_sastra/4_dharma/sutra/gautdh_u.txt	141	a			a | nāsyācamanakalpo vidyate |
6_sastra/4_dharma/sutra/gautdh_u.txt	155	a			a | agnīndhanabhaikṣacaraṇe |
6_sastra/4_dharma/sutra/gautdh_u.txt	199	a			a | gacchantam anuvrajet |
6_sastra/4_dharma/sutra/gautdh_u.txt	613	a			a | snānaṃ sahadharmacāriṇīsaṃyogaḥ |
6_sastra/4_dharma/sutra/gautdh_u.txt	879	a			a | rakṣyaṃ bāladhanam ā vyavahāraprāpaṇāt |
6_sastra/4_dharma/sutra/gautdh_u.txt	979	a			a | varṇāśramāḥ svasvadharmaniṣṭhāḥ pretya karmaphalamanubhūya tataḥ śeṣena viśiṣṭadeśajātikularūpāyuḥśrutacitravittasukhamedhaso |
6_sastra/4_dharma/sutra/gautdh_u.txt	1279	a			a | upapatiḥ |
6_sastra/4_dharma/sutra/gautdh_u.txt	1289	a			a | bhojayed ūrdhvaṃ tribhyaḥ |
6_sastra/4_dharma/sutra/gautdh_u.txt	1615	a			a | hiraṇyaṃ brāhmaṇāyadadyāt |
6_sastra/4_dharma/sutra/vasist_u.txt	13	a			a gṛhyamāṇa kāraṇas dharmas ||
6_sastra/4_dharma/sutra/vasist_u.txt	61	a			atas hi dhruvas kula apakarṣas pretya ca a svargas ||
6_sastra/4_dharma/sutra/vasist_u.txt	119	a			dvayam u ha vai puruṣasya retas brāhmaṇasya ūrdhvam nābhes adhastāt avācīnam anyat tat yat ūrdhvam nābhes tena ha etat prajā jāyate yat brāhmaṇān upanayati yat adhyāpayati yat yājayati yat sādhukaroti | atha yat avācīnam nābhes tena iha asya aurasī prajā jāyate | tasmāt śrotriyam anūcānam a prajas asi iti
6_sastra/4_dharma/sutra/vasist_u.txt	133	a			asūyakāya an ṛjave a yatāya na mām brūyās vīryavatī tathā syām ||
6_sastra/4_dharma/sutra/vasist_u.txt	135	a			yam eva vidyās śucim a pramattam medhāvinam brahmacaryā upapannam |
6_sastra/4_dharma/sutra/vasist_u.txt	139	a			yas ātṛṇatti a vitathena karṇau a duḥkham kurvan amṛtam saṃprayacchan |
6_sastra/4_dharma/sutra/vasist_u.txt	139	a			yas ātṛṇatti a vitathena karṇau a duḥkham kurvan amṛtam saṃprayacchan |
6_sastra/4_dharma/sutra/vasist_u.txt	169	a			a jīvantas sva dharmeṇa anantarām yavīyasīm vṛttim ātiṣṭheran ||
6_sastra/4_dharma/sutra/vasist_u.txt	197	a			tasmāt sāṇḍābhyām a nasi otābhyām prāk prātar āśāt karṣī syāt ||
6_sastra/4_dharma/sutra/vasist_u.txt	265	a			a vratās hi anadhīyānās yatra bhaikṣa carās dvijās |
6_sastra/4_dharma/sutra/vasist_u.txt	283	a			a śrotriyāya dattam hi pitṝn na eti na devatās ||
6_sastra/4_dharma/sutra/vasist_u.txt	337	a			prakṣālya pādau pāṇī ca ā maṇi bandhāt prāk vā udak vā āsīnas aṅguṣṭha mūlasya uttara rekhā brāhmam tīrtham tena tris ācāmet a śabda vat ||
6_sastra/4_dharma/sutra/vasist_u.txt	347	a			hṛdayaṅgamābhis adbhis abudbudābhis a phenābhis brāhmaṇas ||
6_sastra/4_dharma/sutra/vasist_u.txt	363	a			oṣṭhau saṃspṛśya yatra a lomakau ||
6_sastra/4_dharma/sutra/vasist_u.txt	457	a			gāyatryā brāhmaṇam asṛjata triṣṭubhā rājanyam jagatyā vaiśyam na kena cit chandasā śūdram iti a saṃskāryas vijñāyate ||
6_sastra/4_dharma/sutra/vasist_u.txt	459	a			sarveṣām satyam a krodhas dānam ahiṃsā prajananam ca ||
6_sastra/4_dharma/sutra/vasist_u.txt	479	a			savya itarābhyām pāṇibhyam udaka kriyām kurvīran a yugmāsu dakṣiṇā mukhās ||
6_sastra/4_dharma/sutra/vasist_u.txt	543	a			a svatantrā strī puruṣa pradhānā ||
6_sastra/4_dharma/sutra/vasist_u.txt	601	a			ācārāt śriyam āpnoti ācāras hanti a lakṣaṇam ||
6_sastra/4_dharma/sutra/vasist_u.txt	647	a			dvātriṃśat tu gṛhasthasya a parimitam brahmacāriṇas ||
6_sastra/4_dharma/sutra/vasist_u.txt	659	a			dīrgha vairam asūyā ca a satyam brāhmaṇa dūṣaṇam |
6_sastra/4_dharma/sutra/vasist_u.txt	723	a			yam na santam na vā asantam na a śrutam na bahu śrutam |
6_sastra/4_dharma/sutra/vasist_u.txt	733	a			teṣām vedam adhītya vedau vedān vā a viśīrṇa brahmacaryas yam icchet tam āvaset ||
6_sastra/4_dharma/sutra/vasist_u.txt	763	a			gṛhasthas vinīta krodha harṣas guruṇā anujñātas snātvā a samāna ārṣeyām a spṛṣṭa maithunām avara vayasīm sadṛśīm bhāryām vindeta ||
6_sastra/4_dharma/sutra/vasist_u.txt	763	a			gṛhasthas vinīta krodha harṣas guruṇā anujñātas snātvā a samāna ārṣeyām a spṛṣṭa maithunām avara vayasīm sadṛśīm bhāryām vindeta ||
6_sastra/4_dharma/sutra/vasist_u.txt	785	a			śraddhā śīlas a spṛhayālus alam agnyādheyāya na anāhitāgnis syāt ||
6_sastra/4_dharma/sutra/vasist_u.txt	787	a			alam ca somāya na a soma yājī ||
6_sastra/4_dharma/sutra/vasist_u.txt	819	a			a kṛṣṭam mūla phalam sañcinvīta ||
6_sastra/4_dharma/sutra/vasist_u.txt	857	a			muṇḍas a mamas a parigrahas ||
6_sastra/4_dharma/sutra/vasist_u.txt	857	a			muṇḍas a mamas a parigrahas ||
6_sastra/4_dharma/sutra/vasist_u.txt	859	a			sapta āgārāṇi a saṅkalpitāni caret bhikṣām ||
6_sastra/4_dharma/sutra/vasist_u.txt	861	a			vi dhūme san a musale ||
6_sastra/4_dharma/sutra/vasist_u.txt	883	a			a vyakta liṅgas a vyakta ācāras ||
6_sastra/4_dharma/sutra/vasist_u.txt	883	a			a vyakta liṅgas a vyakta ācāras ||
6_sastra/4_dharma/sutra/vasist_u.txt	911	a			a jihmas a śaḍhas a śaraṇas a vasaṅkusukas ||
6_sastra/4_dharma/sutra/vasist_u.txt	911	a			a jihmas a śaḍhas a śaraṇas a vasaṅkusukas ||
6_sastra/4_dharma/sutra/vasist_u.txt	911	a			a jihmas a śaḍhas a śaraṇas a vasaṅkusukas ||
6_sastra/4_dharma/sutra/vasist_u.txt	911	a			a jihmas a śaḍhas a śaraṇas a vasaṅkusukas ||
6_sastra/4_dharma/sutra/vasist_u.txt	917	a			paiśunya matsara abhimāna ahaṅkāra a śraddhā an ārjava ātma stava para garhā dambha lobha moha krodha asūyā vivarjanam sarva āśramāṇam dharmas iṣṭas ||
6_sastra/4_dharma/sutra/vasist_u.txt	953	a			pūrvedyus brāhmaṇān sannipātya yatīn gṛhasthān sādhūn vā a pariṇata vayasas vikarma sthān śrotriyān a śiṣyān an antevāsinas ||
6_sastra/4_dharma/sutra/vasist_u.txt	953	a			pūrvedyus brāhmaṇān sannipātya yatīn gṛhasthān sādhūn vā a pariṇata vayasas vikarma sthān śrotriyān a śiṣyān an antevāsinas ||
6_sastra/4_dharma/sutra/vasist_u.txt	967	a			ścyotante hi sudhā dhārās tās pibanti a kṛta udakās ||
6_sastra/4_dharma/sutra/vasist_u.txt	979	a			annam preteṣu visṛjet a prajānām an āyuṣām ||
6_sastra/4_dharma/sutra/vasist_u.txt	985	a			tasmāt a śūnya hastena kuryāt annam upāgatam |
6_sastra/4_dharma/sutra/vasist_u.txt	999	a			śruta śīla upasaṃpannam sarva a lakṣaṇa varjitam ||
6_sastra/4_dharma/sutra/vasist_u.txt	1013	a			havis guṇās na vaktavyās pitaras yāvat a tarpitās |
6_sastra/4_dharma/sutra/vasist_u.txt	1023	a			trīṇi ca atra praśaṃsānti śaucam a krodham a tvarām ||
6_sastra/4_dharma/sutra/vasist_u.txt	1023	a			trīṇi ca atra praśaṃsānti śaucam a krodham a tvarām ||
6_sastra/4_dharma/sutra/vasist_u.txt	1101	a			sarveṣām vā tāntavam a raktam ||
6_sastra/4_dharma/sutra/vasist_u.txt	1121	a			dvau māsau yāvakena vartayet māsam payasā ardha māsam āmikṣayā aṣṭa rātram ghṛtena ṣaṭ rātram a yācitena tri rātram ab bhakṣas ahar rātram upavaset ||
6_sastra/4_dharma/sutra/vasist_u.txt	1139	a			na a yogyayā ||
6_sastra/4_dharma/sutra/vasist_u.txt	1175	a			a tiryak upeyāt ||
6_sastra/4_dharma/sutra/vasist_u.txt	1181	a			yā syāt a nitya cāreṇa ratis sā a dharma saṃśritā ||
6_sastra/4_dharma/sutra/vasist_u.txt	1181	a			yā syāt a nitya cāreṇa ratis sā a dharma saṃśritā ||
6_sastra/4_dharma/sutra/vasist_u.txt	1197	a			bhāryayā saha na aśnīyāt a vīryavat a patyam bhavati iti vājasaneyake vijñāyate ||
6_sastra/4_dharma/sutra/vasist_u.txt	1197	a			bhāryayā saha na aśnīyāt a vīryavat a patyam bhavati iti vājasaneyake vijñāyate ||
6_sastra/4_dharma/sutra/vasist_u.txt	1219	a			a prāmāṇyam ca vedānām ārṣāṇām ca eva kutsanam |
6_sastra/4_dharma/sutra/vasist_u.txt	1221	a			a vyavasthā ca sarvatra etat nāśanam ātmanas iti ||
6_sastra/4_dharma/sutra/vasist_u.txt	1223	a			na a vṛtas yajñam gacchet yadi vrajet pradakṣiṇam punar āvrajet ||
6_sastra/4_dharma/sutra/vasist_u.txt	1289	a			vāsasā maithuna vyapetena a nirṇiktena ||
6_sastra/4_dharma/sutra/vasist_u.txt	1329	a			pratyabhivādam āmantrite svaras antyas plavate sandhi akṣaram a pragṛhyam āya āva bhāvam ca āpadyate yathā bho bhāv iti ||
6_sastra/4_dharma/sutra/vasist_u.txt	1343	a			ṛtvij ācāryau a yājaka an adhyāpakau heyau anyatra hānāt patati ||
6_sastra/4_dharma/sutra/vasist_u.txt	1349	a			tām a rikthām upeyāt ||
6_sastra/4_dharma/sutra/vasist_u.txt	1355	a			śastram viṣam surā ca a pratigṛhyāṇi brāhmaṇasya ||
6_sastra/4_dharma/sutra/vasist_u.txt	1405	a			vijñāyate hi | agastyas varṣa sāhasrike satre mṛgayām cacāra | tasya a saṃstara samayās puroḍāśās mṛgapakṣiṇām praśastānām ||
6_sastra/4_dharma/sutra/vasist_u.txt	1425	a			ucchiṣṭam a guros a bhojyam ||
6_sastra/4_dharma/sutra/vasist_u.txt	1425	a			ucchiṣṭam a guros a bhojyam ||
6_sastra/4_dharma/sutra/vasist_u.txt	1437	a			a dṛṣṭam adbhis nirṇiktam yat ca vācā praśasyate ||
6_sastra/4_dharma/sutra/vasist_u.txt	1467	a			sandhinī kṣīram a vatsā kṣīram ||
6_sastra/4_dharma/sutra/vasist_u.txt	1493	a			khaḍge tu vivadanti a grāmya śūkare ca ||
6_sastra/4_dharma/sutra/vasist_u.txt	1519	a			a pātra saṅkarāt a kṛtsnam pātram ādāya dāsas a savarṇā putras vā bandhus a sadṛśas vā guṇa hīnas savyena pādena pravṛtta agrān darbhān lohitān vā upastīrya pūrṇa pātram asmai ninayet ||
6_sastra/4_dharma/sutra/vasist_u.txt	1519	a			a pātra saṅkarāt a kṛtsnam pātram ādāya dāsas a savarṇā putras vā bandhus a sadṛśas vā guṇa hīnas savyena pādena pravṛtta agrān darbhān lohitān vā upastīrya pūrṇa pātram asmai ninayet ||
6_sastra/4_dharma/sutra/vasist_u.txt	1519	a			a pātra saṅkarāt a kṛtsnam pātram ādāya dāsas a savarṇā putras vā bandhus a sadṛśas vā guṇa hīnas savyena pādena pravṛtta agrān darbhān lohitān vā upastīrya pūrṇa pātram asmai ninayet ||
6_sastra/4_dharma/sutra/vasist_u.txt	1519	a			a pātra saṅkarāt a kṛtsnam pātram ādāya dāsas a savarṇā putras vā bandhus a sadṛśas vā guṇa hīnas savyena pādena pravṛtta agrān darbhān lohitān vā upastīrya pūrṇa pātram asmai ninayet ||
6_sastra/4_dharma/sutra/vasist_u.txt	1557	a			a prāpta vyavahārāṇām ||
6_sastra/4_dharma/sutra/vasist_u.txt	1637	a			viprasya ca arthe hi anṛtam vadeyus pañca anṛtāni āhur a pātakāni ||
6_sastra/4_dharma/sutra/vasist_u.txt	1649	a			anantās putriṇām lokās na a putrasya lokas asti iti śrūyate ||
6_sastra/4_dharma/sutra/vasist_u.txt	1651	a			a pajās santu atriṇas iti abhiśāpas ||
6_sastra/4_dharma/sutra/vasist_u.txt	1685	a			vijñāyate a bhrātṛkā puṃsas pitṝn abhyeti pratīcīnam gacchati putra tvam ||
6_sastra/4_dharma/sutra/vasist_u.txt	1713	a			atha a dāyāda bandhūnām sahoḍhas eva prathamas ||
6_sastra/4_dharma/sutra/vasist_u.txt	1737	a			śūdrā putras eva ṣaṣṭhas bhavati iti āhur iti ete a dāyāda bāndhavās ||
6_sastra/4_dharma/sutra/vasist_u.txt	1773	a			preta patnī ṣaṭ māsān vrata cāriṇī a kṣāra lavaṇam bhuñjānā adhas śayīta ||
6_sastra/4_dharma/sutra/vasist_u.txt	1899	a			a sāmarthyāt ca ||
6_sastra/4_dharma/sutra/vasist_u.txt	1933	a			a karas śrotriyas rāja pumān a nātha pravrajita bāla vṛddha taruṇa prajātās ||
6_sastra/4_dharma/sutra/vasist_u.txt	1933	a			a karas śrotriyas rāja pumān a nātha pravrajita bāla vṛddha taruṇa prajātās ||
6_sastra/4_dharma/sutra/vasist_u.txt	1975	a			kṛcchram a daṇḍya daṇḍane purohitas ||
6_sastra/4_dharma/sutra/vasist_u.txt	2011	a			atha pracchan a pāpānām śāstā vaivasvatas yamas iti ||
6_sastra/4_dharma/sutra/vasist_u.txt	2055	a			bhrūṇahanam vakṣyāmas brāhmaṇam hatvā bhrūṇahā bhavati a vijñātam ca garbham ||
6_sastra/4_dharma/sutra/vasist_u.txt	2057	a			a vijñātās hi garbhās pumāṃsas bhavati tatmāt puṃs kṛtyās juhvati iti ||
6_sastra/4_dharma/sutra/vasist_u.txt	2161	a			brāhmaṇas cet aprekṣā pūrvam brāhmaṇa dārān abhigacchet a nivṛtta dharma karmaṇas kṛcchras nivṛtta dharma karmaṇas atikṛcchras ||
6_sastra/4_dharma/sutra/vasist_u.txt	2207	a			atha khalu ayam puruṣas mithyā vyākaroti a yājyam vā yājayati a pratigrāhyam vā pratigṛhṇāti an annam vā aśnāti an ācaraṇīyam eva ācarati ||
6_sastra/4_dharma/sutra/vasist_u.txt	2207	a			atha khalu ayam puruṣas mithyā vyākaroti a yājyam vā yājayati a pratigrāhyam vā pratigṛhṇāti an annam vā aśnāti an ācaraṇīyam eva ācarati ||
6_sastra/4_dharma/sutra/vasist_u.txt	2267	a			a kāmata upanatam madhu vājasaneyake na duṣyati iti vijñāyate ||
6_sastra/4_dharma/sutra/vasist_u.txt	2367	a			sa tat yat etat dharma śāstram na a putrāya na a śiṣyāya na a saṃvatsara uṣitāya dadyāt ||
6_sastra/4_dharma/sutra/vasist_u.txt	2367	a			sa tat yat etat dharma śāstram na a putrāya na a śiṣyāya na a saṃvatsara uṣitāya dadyāt ||
6_sastra/4_dharma/sutra/vasist_u.txt	2367	a			sa tat yat etat dharma śāstram na a putrāya na a śiṣyāya na a saṃvatsara uṣitāya dadyāt ||
6_sastra/4_dharma/sutra/vasist_u.txt	2489	a			evam tapas tu a vidyasya vidyā vā api a tapasvinas ||
6_sastra/4_dharma/sutra/vasist_u.txt	2489	a			evam tapas tu a vidyasya vidyā vā api a tapasvinas ||
6_sastra/4_dharma/sutra/vasist_u.txt	2515	a			a jñānāt ca pramādāt ca dahyate karma na itarat ||
6_sastra/4_dharma/sutra/vasist_u.txt	2541	a			a kṣāra lavaṇām rūkṣām pibet brāhmīm suvarcalām |
6_sastra/4_dharma/sutra/vasist_u.txt	2651	a			a śrotriyasya viprasya hastam dṛṣṭvā nirākṛtes ||
6_sastra/5_artha/kautil_u.txt	1797	a			a | kāra | ādayo varṇās triṣaṣṭiḥ ||
6_sastra/5_artha/kautil_u.txt	6047	a			mātṛ | pitṛ | putra | bhrātr | ācārya | tapasvi | ghātakaṃ vā a | tvak | śiraḥ | prādīpikaṃ ghātayet ||
6_sastra/6_kama/kamasutu.txt	137	a			a || saṃkṣepam imam uktvā asya vistaro ataḥ pravakṣyate |
6_sastra/6_kama/kamasutu.txt	271	a			a || ābhir abhyucchritā veśyā śīla rūpa guṇa anvitā |
6_sastra/6_kama/kamasutu.txt	275	a			a || pūjitā sā sadā rājñā guṇavadbhiś ca saṃstutā |
6_sastra/6_kama/kamasutu.txt	279	a			a || yogajñā rājaputrī ca mahāmātra sutā tathā |
6_sastra/6_kama/kamasutu.txt	283	a			a || tathā pativiyoge ca vyasanaṃ dāruṇaṃ gatā |
6_sastra/6_kama/kamasutu.txt	287	a			a || naraḥ kalāsu kuśalo vācālaś cāṭukārakaḥ |
6_sastra/6_kama/kamasutu.txt	291	a			a || kalānāṃ grahanād eva saubhāgyam upajāyate |
6_sastra/6_kama/kamasutu.txt	371	a			a || na atyantaṃ saṃskṛtena eva na atyantaṃ deśa bhāṣayā |
6_sastra/6_kama/kamasutu.txt	375	a			a || yā goṣṭhī loka vidviṣṭā yā ca svaira visarpiṇī |
6_sastra/6_kama/kamasutu.txt	379	a			a || loka citta anuvartinyā krīḍā mātra ekakāryayā |
6_sastra/6_kama/kamasutu.txt	497	a			a || saṃyoge yoṣitaḥ puṃsā kaṇḍūtir apanudyate |
6_sastra/6_kama/kamasutu.txt	509	a			a || suratā ante sukhaṃ puṃsāṃ strīṇāṃ tu satataṃ sukham |
6_sastra/6_kama/kamasutu.txt	527	a			a || jāter abhedād daṃpatyoḥ sadṛśaṃ sukham iṣyate |
6_sastra/6_kama/kamasutu.txt	543	a			a || mṛdutvād upamṛdyatvān nisargāc ca eva yoṣitaḥ |
6_sastra/6_kama/kamasutu.txt	547	a			a || etāvad eva yuktānāṃ vyākhyātaṃ sāṃprayogikam |
6_sastra/6_kama/kamasutu.txt	551	a			a || abhyāsād abhimānāc ca tathā saṃpratyayād api
6_sastra/6_kama/kamasutu.txt	555	a			a || śabda ādibhyo bahirbhūtā yā karma abhyāsa lakṣaṇā |
6_sastra/6_kama/kamasutu.txt	559	a			a || anabhyasteṣv api purā karmasv aviṣaya ātmikā |
6_sastra/6_kama/kamasutu.txt	563	a			a || prakṛter yā tṛtīyasyāḥ striyāś ca eva upariṣṭake |
6_sastra/6_kama/kamasutu.txt	567	a			a || na anyo ayam iti yatra syād anyasmin prīti kāraṇe |
6_sastra/6_kama/kamasutu.txt	571	a			a || pratyakṣā lokataḥ siddhā yā prītir viṣaya ātmikā |
6_sastra/6_kama/kamasutu.txt	575	a			a || prītīr etāḥ parāmṛśya śāstrataḥ śāstra lakṣaṇāḥ |
6_sastra/6_kama/kamasutu.txt	637	a			a || pṛcchatāṃ śṛṇvatāṃ vā api tathā kathayatām api |
6_sastra/6_kama/kamasutu.txt	641	a			a || ye api hy aśāstritāḥ ke cit saṃyogā rāga vardhanāḥ |
6_sastra/6_kama/kamasutu.txt	645	a			a || śāstrāṇāṃ viṣayas tāvad yāvan manda rasā narāḥ |
6_sastra/6_kama/kamasutu.txt	769	a			a || nakha kṣatāni paśyantyā gūḍha sthāneṣu yoṣitaḥ |
6_sastra/6_kama/kamasutu.txt	773	a			a || cira utsṛṣṭeṣu rāgeṣu prītir gacchet parābhavam |
6_sastra/6_kama/kamasutu.txt	777	a			a || paśyato yuvatiṃ dūrān nakha ucchiṣṭa payodharām |
6_sastra/6_kama/kamasutu.txt	781	a			a || puruṣaś ca pradeśeṣu nakha cihnair vicihnitaḥ |
6_sastra/6_kama/kamasutu.txt	785	a			a || na anyat paṭutaraṃ kiṃ cid asti rāga vivardhanam |
6_sastra/6_kama/kamasutu.txt	863	a			a || vāryamāṇaś ca puruṣo yat kuryāt tad anu kṣatam |
6_sastra/6_kama/kamasutu.txt	867	a			a || bindoḥ pratikriyā mālā mālāyāś ca abhra khaṇḍakam |
6_sastra/6_kama/kamasutu.txt	871	a			a || sakaca graham unnamya mukhaṃ tasya tataḥ pibet |
6_sastra/6_kama/kamasutu.txt	875	a			a || unnamya kaṇṭhe kāntasya saṃśritā vakṣasaḥ sthalīm |
6_sastra/6_kama/kamasutu.txt	879	a			a || divā api janasaṃbādhe nāyakena pradarśitam |
6_sastra/6_kama/kamasutu.txt	883	a			a || vikūṇayanti iva mukhaṃ kutsayanti iva nāyakam |
6_sastra/6_kama/kamasutu.txt	887	a			a || paraspara anukūlyena tad evaṃ lajjamānayoḥ |
6_sastra/6_kama/kamasutu.txt	1045	a			a || pāruṣyaṃ rabhasatvaṃ ca pauruṣaṃ teja ucyate |
6_sastra/6_kama/kamasutu.txt	1049	a			a || rāgāt prayoga sātmyāc ca vyatyayo api kva cid bhavet |
6_sastra/6_kama/kamasutu.txt	1301	a			a || pūrva prakaraṇa saṃbaddhaiḥ parihāsa anurāgair vacobhir anuvṛttiḥ |
6_sastra/6_kama/kamasutu.txt	1317	a			a || avasāne api ca prītir upacārair upaskṛtā |
6_sastra/6_kama/kamasutu.txt	1321	a			a || paraspara prīti karair ātma bhāva anuvartanaiḥ |
6_sastra/6_kama/kamasutu.txt	1325	a			a || hallīsaka krīḍanakair gāyanair lāṭarāsakaiḥ |
6_sastra/6_kama/kamasutu.txt	1329	a			a || ādye saṃdarśane jāte pūrvaṃ ye syur manorathāḥ |
6_sastra/6_kama/kamasutu.txt	1427	a			a || nakṣatra ākhyāṃ nadī nāmnīṃ vṛkṣa nāmnīṃ ca garhitām |
6_sastra/6_kama/kamasutu.txt	1721	a			a || kanyā abhiyujyamānā tu yaṃ manyeta āśrayaṃ sukham |
6_sastra/6_kama/kamasutu.txt	1725	a			a || anapekṣya guṇān yatra rūpa maucityam eva ca |
6_sastra/6_kama/kamasutu.txt	1729	a			a || tatra yukta guṇaṃ vaśyaṃ śaktaṃ balavad arthinam |
6_sastra/6_kama/kamasutu.txt	1733	a			a || varaṃ vaśyo daridro api nirguṇo apy ātma dhāraṇaḥ |
6_sastra/6_kama/kamasutu.txt	1737	a			a || prāyeṇa dhanināṃ dārā bahavo niravagrahāḥ |
6_sastra/6_kama/kamasutu.txt	1741	a			a || nīco yas tv abhiyuñjīta puruṣaḥ palito api vā |
6_sastra/6_kama/kamasutu.txt	1745	a			a || yad ṛcchayā abhiyukto yo dambha dyūta adhiko api vā |
6_sastra/6_kama/kamasutu.txt	1749	a			a || guṇa sāmye abhiyoktṝṇām eko varayitā varaḥ |
6_sastra/6_kama/kamasutu.txt	1807	a			a || pūrvaḥ pūrvaḥ pradhānaṃ syād vivāho dharmataḥ sthiteḥ |
6_sastra/6_kama/kamasutu.txt	1811	a			a || vyūḍhānāṃ hi vivāhānām anurāgaḥ phalaṃ yataḥ |
6_sastra/6_kama/kamasutu.txt	1815	a			a || sukhatvād abahukleśād api ca avaraṇād iha |
6_sastra/6_kama/kamasutu.txt	2195	a			|| kanyā kāle yatnena varitā kathaṃ cid alabdha abhiyuktā ca sā tadānīṃ samāna buddhi śīla medhā pratipatti sātmyā | prakṛtyā pakṣa pātinī | anaparādhe vimānitā | tulya rūpābhiś ca adhaḥ kṛtā | proṣita patikā iti | īrṣyālu pūti cokṣa klība dīrghasūtra kāpuruṣa kubja vāmana virūpa maṇikār a grāmya durgandhi rogi vṛddha bhāryāś ca iti || ślokāv atra
6_sastra/6_kama/kamasutu.txt	2615	a			a || dravyāṇām api nirhāre pānakānāṃ praveśane |
6_sastra/6_kama/kamasutu.txt	2627	a			a || parasparasya kāryāṇi jñātvā ca antaḥpura ālayāḥ |
6_sastra/6_kama/kamasutu.txt	2669	a			a || saṃdṛśya śāstrato yogān pāradārika lakṣitān |
6_sastra/6_kama/kamasutu.txt	2673	a			a || pākṣikatvāt prayogāṇām apāyānāṃ ca darśanāt |
6_sastra/6_kama/kamasutu.txt	2677	a			a || tad etad dāra gupty artham ārabdhaṃ śreyase nṛṇām |
6_sastra/6_kama/kamasutu.txt	3415	a			a || āyurvedāc ca vedāc ca vidyā tantrebhya eva ca |
6_sastra/6_kama/kamasutu.txt	3419	a			a || na prayuñjīta saṃdigdhān na śarīra atyaya avahān |
6_sastra/6_kama/kamasutu.txt	3423	a			a || tathā yuktān prayuñjīta śiṣṭair api na ninditān |
6_sastra/6_kama/kamasutu.txt	3483	a			|| aśvagandhā śabarakanda jala śūka bṛhatīphala māhiṣanavanīta hastikarṇ a vajravallī rasair ekaikena parimardanaṃ māsikaṃ vardhanam |
6_sastra/6_kama/kamasutu.txt	3531	a			a || pūrvaśāstrāṇi saṃdṛśya prayogān upasṛtya ca |
6_sastra/6_kama/kamasutu.txt	3535	a			a || dharmam arthaṃ ca kāmaṃ ca pratyayaṃ lokam eva ca |
6_sastra/6_kama/kamasutu.txt	3539	a			a || adhikāra vaśād uktā ye citrā rāga vardhanāḥ |
6_sastra/6_kama/kamasutu.txt	3543	a			a || na śāstram asti ity etena prayogo hi samīkṣyate |
6_sastra/6_kama/kamasutu.txt	3547	a			a || bābhravīyāṃś ca sūtra arthān āgamaṃ suvimṛśya ca |
6_sastra/6_kama/kamasutu.txt	3551	a			a || tad etad bramacaryeṇa pareṇa ca samādhinā |
6_sastra/6_kama/kamasutu.txt	3555	a			a || rakṣandharma arthakāmānāṃ sthitiṃ svāṃ lokavartinīm |
6_sastra/6_kama/kamasutu.txt	3559	a			a || tad etat kuśalo vidvān dharma athāv avalokayan |
6_sastra/7_ayur/vagaah_u.txt	1	a			rāgādi rogān satatānuṣaktān a śeṣa kāya prasṛtān a śeṣān |
6_sastra/7_ayur/vagaah_u.txt	1	a			rāgādi rogān satatānuṣaktān a śeṣa kāya prasṛtān a śeṣān |
6_sastra/7_ayur/vagaah_u.txt	83	a			rogas tu doṣa vaiṣamyaṃ doṣa sāmyam a roga tā |
6_sastra/7_ayur/vagaah_u.txt	133	a			a marma go 'lpa hetv agra rūpa rūpo 'n upadravaḥ ||
6_sastra/7_ayur/vagaah_u.txt	135	a			a tulya dūṣya deśartu prakṛtiḥ pāda saṃpadi |
6_sastra/7_ayur/vagaah_u.txt	149	a			hīnopakaraṇaṃ vyagram a vidheyaṃ gatāyuṣam ||
6_sastra/7_ayur/vagaah_u.txt	225	a			bhakṣayed danta pavanaṃ danta māṃsāny a bādhayan ||
6_sastra/7_ayur/vagaah_u.txt	229	a			nādyād a jīrṇa vamathu śvāsa kāsa jvarārditī |
6_sastra/7_ayur/vagaah_u.txt	251	a			viṣa mūrchā madārtānām a pathyaṃ śoṣiṇām api ||
6_sastra/7_ayur/vagaah_u.txt	259	a			varjyo 'bhyaṅgaḥ kapha grasta kṛta saṃśuddhy a jīrṇibhiḥ ||
6_sastra/7_ayur/vagaah_u.txt	321	a			a vṛtti vyādhi śokārtān anuvarteta śaktitaḥ |
6_sastra/7_ayur/vagaah_u.txt	333	a			kāle hitaṃ mitaṃ brūyād a visaṃvādi peśalam |
6_sastra/7_ayur/vagaah_u.txt	393	a			a saṃmārjitam ādarśam an upaskṛta kāminīm |
6_sastra/7_ayur/vagaah_u.txt	395	a			rajasvalāṃ ca nekṣeta sadā prātar a maṅgalam ||
6_sastra/7_ayur/vagaah_u.txt	543	a			a dṛṣṭa naṣṭa sūryeṣu maṇi kuṭṭima kāntiṣu |
6_sastra/7_ayur/vagaah_u.txt	547	a			a dṛṣṭā naṣṭa sūryeṣu
6_sastra/7_ayur/vagaah_u.txt	653	a			a pāda cārī surabhiḥ satataṃ dhūpitāmbaraḥ ||
6_sastra/7_ayur/vagaah_u.txt	701	a			a sātmya jā hi rogāḥ syuḥ sahasā tyāga śīlanāt || ū ||
6_sastra/7_ayur/vagaah_u.txt	881	a			nityaṃ hitāhāra vihāra sevī samīkṣya kārī viṣayeṣv a saktaḥ |
6_sastra/7_ayur/vagaah_u.txt	883	a			dātā samaḥ satya paraḥ kṣamā vān āptopasevī ca bhavaty a rogaḥ ||
6_sastra/7_ayur/vagaah_u.txt	889	a			tanv a vyakta rasaṃ mṛṣṭaṃ śītaṃ laghv amṛtopamam ||
6_sastra/7_ayur/vagaah_u.txt	895	a			yenābhivṛṣṭam a malaṃ śāly annaṃ rājate sthitam |
6_sastra/7_ayur/vagaah_u.txt	897	a			a klinnam a vi varṇaṃ ca tat peyaṃ gāṅgam anya thā ||
6_sastra/7_ayur/vagaah_u.txt	897	a			a klinnam a vi varṇaṃ ca tat peyaṃ gāṅgam anya thā ||
6_sastra/7_ayur/vagaah_u.txt	899	a			śāly annaṃ rājata sthitam a klinnam a vi varṇaṃ syāt
6_sastra/7_ayur/vagaah_u.txt	899	a			śāly annaṃ rājata sthitam a klinnam a vi varṇaṃ syāt
6_sastra/7_ayur/vagaah_u.txt	901	a			a klinnam a vivarṇaṃ vā
6_sastra/7_ayur/vagaah_u.txt	901	a			a klinnam a vivarṇaṃ vā
6_sastra/7_ayur/vagaah_u.txt	907	a			aindram ambu su pātra stham a vipannaṃ sadā pibet ||
6_sastra/7_ayur/vagaah_u.txt	909	a			tad a bhāve ca bhūmi ṣṭham āntarikṣānukāri yat |
6_sastra/7_ayur/vagaah_u.txt	913	a			tad a bhāve ca bhūyiṣṭham tad a bhāve pibed bhaumam
6_sastra/7_ayur/vagaah_u.txt	913	a			tad a bhāve ca bhūyiṣṭham tad a bhāve pibed bhaumam
6_sastra/7_ayur/vagaah_u.txt	955	a			nāmbu peyam a śaktyā vā sv alpam alpāgni gulmibhiḥ ||
6_sastra/7_ayur/vagaah_u.txt	1009	a			hitam aty agny a nidrebhyo garīyo māhiṣaṃ himam ||
6_sastra/7_ayur/vagaah_u.txt	1021	a			tarpaṇāścyotanair nasyair a hṛdyaṃ tūṣṇam āvikam ||
6_sastra/7_ayur/vagaah_u.txt	1039	a			rociṣṇu śastam a rucau śītake viṣama jvare ||
6_sastra/7_ayur/vagaah_u.txt	1149	a			a labdha pākam āśv eva tayor yasmān nivartate ||
6_sastra/7_ayur/vagaah_u.txt	1151	a			a labdha pākam evāśu
6_sastra/7_ayur/vagaah_u.txt	1155	a			tvag doṣa kṛd a cakṣuṣyaṃ sūkṣmoṣṇaṃ kapha kṛn na ca ||
6_sastra/7_ayur/vagaah_u.txt	1471	a			a kṛtaṃ kṛta yūṣaṃ ca tanu saṃskāritaṃ rasam |
6_sastra/7_ayur/vagaah_u.txt	1577	a			yoniṣv ajāvī vyāmiśra go cara tvād a niścite ||
6_sastra/7_ayur/vagaah_u.txt	1621	a			nāti śīta guru snigdhaṃ māṃsam ājam a doṣalam ||
6_sastra/7_ayur/vagaah_u.txt	1713	a			sa kṣāram agni jananaṃ hṛdyaṃ rucyam a pittalam ||
6_sastra/7_ayur/vagaah_u.txt	1815	a			yad bālam a vyakta rasaṃ kiñ cit kṣāraṃ sa tiktakam |
6_sastra/7_ayur/vagaah_u.txt	1937	a			saṃgrāhi mūtra śakṛtor a kaṇṭhyaṃ kapha pitta jit |
6_sastra/7_ayur/vagaah_u.txt	1941	a			a kaṇṭhyaṃ kapha pitta nut
6_sastra/7_ayur/vagaah_u.txt	1961	a			āsya śoṣānila śleṣma vibandha cchardy a rocakān |
6_sastra/7_ayur/vagaah_u.txt	2015	a			jantu juṣṭaṃ jale magnam a bhūmi jam an ārtavam |
6_sastra/7_ayur/vagaah_u.txt	2021	a			dhānyaṃ tyajet tathā śākaṃ rūkṣa siddham a komalam |
6_sastra/7_ayur/vagaah_u.txt	2023	a			a saṃjāta rasaṃ tad vac chuṣkaṃ cānya tra mūlakāt ||
6_sastra/7_ayur/vagaah_u.txt	2035	a			laghv an uṣṇaṃ dṛśaḥ pathyam a vidāhy agni dīpanam |
6_sastra/7_ayur/vagaah_u.txt	2067	a			pittāsṛg dūṣaṇaḥ pākī chedy a hṛdyo vidāraṇaḥ ||
6_sastra/7_ayur/vagaah_u.txt	2069	a			a pathyaḥ kaṭu lāvaṇyāc chukraujaḥ keśa cakṣuṣām |
6_sastra/7_ayur/vagaah_u.txt	2091	a			vibandhaṃ srotasāṃ gulmam ūru stambham a rocakam |
6_sastra/7_ayur/vagaah_u.txt	2189	a			odano viṣa vān sāndro yāty a visrāvya tām iva |
6_sastra/7_ayur/vagaah_u.txt	2423	a			a pathyam api hi tyaktaṃ śīlitaṃ pathyam eva vā |
6_sastra/7_ayur/vagaah_u.txt	2431	a			santo yānty a punar bhāvam a prakampyā bhavanti ca ||
6_sastra/7_ayur/vagaah_u.txt	2431	a			santo yānty a punar bhāvam a prakampyā bhavanti ca ||
6_sastra/7_ayur/vagaah_u.txt	2437	a			a hitair dūṣaṇaṃ bhūyo na vidvān kartum arhati ||
6_sastra/7_ayur/vagaah_u.txt	2451	a			vṛṣa tā klība tā jñānam a jñānaṃ jīvitaṃ na ca |
6_sastra/7_ayur/vagaah_u.txt	2453	a			a kāle 'ti prasaṅgāc ca na ca nidrā niṣevitā ||
6_sastra/7_ayur/vagaah_u.txt	2459	a			a rūkṣam an abhiṣyandi tv āsīna pracalāyitam |
6_sastra/7_ayur/vagaah_u.txt	2475	a			a jīrṇy abhihatonmattān divā svapnocitān api |
6_sastra/7_ayur/vagaah_u.txt	2479	a			a jīrṇābhihatonmattān
6_sastra/7_ayur/vagaah_u.txt	2485	a			a kāla śayanān moha jvara staimitya pīnasāḥ |
6_sastra/7_ayur/vagaah_u.txt	2515	a			a sātmyāj jāgarād ardhaṃ prātaḥ svapyād a bhukta vān ||
6_sastra/7_ayur/vagaah_u.txt	2515	a			a sātmyāj jāgarād ardhaṃ prātaḥ svapyād a bhukta vān ||
6_sastra/7_ayur/vagaah_u.txt	2517	a			a sātmya jāgarād ardhaṃ
6_sastra/7_ayur/vagaah_u.txt	2533	a			a priyām a priyācārāṃ duṣṭa saṃkīrṇa mehanām ||
6_sastra/7_ayur/vagaah_u.txt	2533	a			a priyām a priyācārāṃ duṣṭa saṃkīrṇa mehanām ||
6_sastra/7_ayur/vagaah_u.txt	2561	a			a parva maraṇaṃ ca syād anya thā gacchataḥ striyam ||
6_sastra/7_ayur/vagaah_u.txt	2695	a			a jīrṇaṃ ca kaphād āmaṃ tatra śopho 'kṣi gaṇḍayoḥ |
6_sastra/7_ayur/vagaah_u.txt	2717	a			a śraddhā hṛd vyathā śuddhe 'py udgāre rasa śeṣataḥ |
6_sastra/7_ayur/vagaah_u.txt	2723	a			svapyād a jīrṇī saṃjāta bubhukṣo 'dyān mitaṃ laghu |
6_sastra/7_ayur/vagaah_u.txt	2729	a			a jīrṇa liṅgaṃ sāmānyaṃ viṣṭambho gauravaṃ bhramaḥ |
6_sastra/7_ayur/vagaah_u.txt	2739	a			miśraṃ pathyam a pathyaṃ ca bhuktaṃ samaśanaṃ matam ||
6_sastra/7_ayur/vagaah_u.txt	2745	a			a kāle bahu cālpaṃ vā bhuktaṃ tu viṣamāśanam ||
6_sastra/7_ayur/vagaah_u.txt	2759	a			samīkṣya samyag ātmānam a nindann a bruvan dravam |
6_sastra/7_ayur/vagaah_u.txt	2759	a			samīkṣya samyag ātmānam a nindann a bruvan dravam |
6_sastra/7_ayur/vagaah_u.txt	2821	a			viparītaṃ yad annasya guṇaiḥ syād a virodhi ca |
6_sastra/7_ayur/vagaah_u.txt	2867	a			a vyakto 'nu rasaḥ kiñ cid ante vyakto 'pi ceṣyate |
6_sastra/7_ayur/vagaah_u.txt	3051	a			tiktaḥ svayam a rociṣṇur a ruciṃ kṛmi tṛḍ viṣam ||
6_sastra/7_ayur/vagaah_u.txt	3051	a			tiktaḥ svayam a rociṣṇur a ruciṃ kṛmi tṛḍ viṣam ||
6_sastra/7_ayur/vagaah_u.txt	3153	a			a pathyaṃ lavaṇaṃ prāyaś cakṣuṣo 'nya tra saindhavāt ||
6_sastra/7_ayur/vagaah_u.txt	3155	a			tiktaṃ kaṭu ca bhūyiṣṭham a vṛṣyaṃ vāta kopanam |
6_sastra/7_ayur/vagaah_u.txt	3211	a			dravyam ekaṃ ṣaḍ āsvādam a saṃyuktāś ca ṣaḍ rasāḥ ||
6_sastra/7_ayur/vagaah_u.txt	3229	a			anugṛhṇāty a vikṛtaḥ pittaṃ pakty ūṣma darśanaiḥ ||
6_sastra/7_ayur/vagaah_u.txt	3283	a			mūtraṃ tu vasti nistodaṃ kṛte 'py a kṛta saṃjña tām ||
6_sastra/7_ayur/vagaah_u.txt	3427	a			vṛddhāḥ kṣīṇāś ca bhūyiṣṭhaṃ lakṣayanty a budhās tu na ||
6_sastra/7_ayur/vagaah_u.txt	3521	a			iti prāyeṇa doṣāṇāṃ sthānāny a vikṛtātmanām ||
6_sastra/7_ayur/vagaah_u.txt	3543	a			liṅgānāṃ darśanaṃ sveṣām a svāsthyaṃ roga saṃbhavaḥ ||
6_sastra/7_ayur/vagaah_u.txt	3575	a			nānā rūpair a saṃkhyeyair vikāraiḥ kupitā malāḥ ||
6_sastra/7_ayur/vagaah_u.txt	3593	a			arthair a sātmyaiḥ saṃyogaḥ kālaḥ karma ca duṣ kṛtam |
6_sastra/7_ayur/vagaah_u.txt	3665	a			sraṃsa vyāsa vyadha svāp a sāda ruk toda bhedanam ||
6_sastra/7_ayur/vagaah_u.txt	3685	a			ity a śeṣāmaya vyāpi yad uktaṃ doṣa lakṣaṇam ||
6_sastra/7_ayur/vagaah_u.txt	3693	a			ratnādi sad a saj jñānaṃ na śāstrād eva jāyate ||
6_sastra/7_ayur/vagaah_u.txt	3759	a			udīrayet tarāṃ rogān saṃśodhanam a yogataḥ ||
6_sastra/7_ayur/vagaah_u.txt	3835	a			a yantraṇa sukhaṃ mitraṃ putraḥ saṃdigdha mugdha vāk |
6_sastra/7_ayur/vagaah_u.txt	3839	a			a yantraṇa mukhaṃ mitraṃ
6_sastra/7_ayur/vagaah_u.txt	3873	a			caya eva jayed doṣaṃ kupitaṃ tv a virodhayan |
6_sastra/7_ayur/vagaah_u.txt	3883	a			vyāyāmād ūṣmaṇas taikṣṇyād a hitācaraṇād api |
6_sastra/7_ayur/vagaah_u.txt	3895	a			tatrānya sthāna saṃstheṣu tadīyām a baleṣu tu |
6_sastra/7_ayur/vagaah_u.txt	3929	a			ūṣmaṇo 'lpa bala tvena dhātum ādyam a pācitam |
6_sastra/7_ayur/vagaah_u.txt	3957	a			ā tāmra pītam aty uṣṇaṃ rase kaṭukam a sthiram |
6_sastra/7_ayur/vagaah_u.txt	4035	a			yojyaṃ sa bhojyaṃ bhaiṣajyaṃ bhojyaiś citrair a rocake ||
6_sastra/7_ayur/vagaah_u.txt	4165	a			ati kārśyaṃ bhramaḥ kāsas tṛṣṇādhikyam a rocakaḥ |
6_sastra/7_ayur/vagaah_u.txt	4169	a			ati kārśyaṃ bhramaḥ śvāsa || tṛṣṇādhikyam a rocakaḥ
6_sastra/7_ayur/vagaah_u.txt	4195	a			a cintayā harṣaṇena dhruvaṃ saṃtarpaṇena ca |
6_sastra/7_ayur/vagaah_u.txt	4199	a			a cintayā praharṣeṇa svapna prasaṅgāc ca naro
6_sastra/7_ayur/vagaah_u.txt	4289	a			nihanti kapha pitta kuṣṭha jvarān viṣaṃ vamim a rocakaṃ kāmalām ||
6_sastra/7_ayur/vagaah_u.txt	4487	a			trayas triṃśad iti proktā vargās teṣu tv a lābhataḥ |
6_sastra/7_ayur/vagaah_u.txt	4489	a			yuñjyāt tad vidham anyac ca dravyaṃ jahyād a yaugikam ||
6_sastra/7_ayur/vagaah_u.txt	4511	a			mādhuryād a vidāhi tvāj janmādy eva ca śīlanāt |
6_sastra/7_ayur/vagaah_u.txt	4529	a			mūrchā chardy a ruci śleṣma tṛṣṇā madyaiś ca pīḍitāḥ ||
6_sastra/7_ayur/vagaah_u.txt	4567	a			yathokta hetv a bhāvāc ca nāccha peyo vicāraṇā ||
6_sastra/7_ayur/vagaah_u.txt	4611	a			dravoṣṇam an abhiṣyandi nāti snigdham a saṃkaram ||
6_sastra/7_ayur/vagaah_u.txt	4635	a			vātānulomyaṃ dīpto 'gnir varcaḥ snigdham a saṃhatam ||
6_sastra/7_ayur/vagaah_u.txt	4649	a			a mātrayā hito 'kāle mithyāhāra vihārataḥ |
6_sastra/7_ayur/vagaah_u.txt	4707	a			tad dhy abhiṣyandy a rūkṣaṃ ca sūkṣmam uṣṇaṃ vyavāyi ca |
6_sastra/7_ayur/vagaah_u.txt	4711	a			tad dhi viṣyandy a rūkṣaṃ ca
6_sastra/7_ayur/vagaah_u.txt	4717	a			snehān yathā svam eteṣāṃ yojayed a vikāriṇaḥ |
6_sastra/7_ayur/vagaah_u.txt	4743	a			snigdhoṣṇa vīryair mṛdubhiś carma paṭṭair a pūtibhiḥ ||
6_sastra/7_ayur/vagaah_u.txt	4747	a			a lābhe vāta jit pattra kauśeyāvika śāṭakaiḥ |
6_sastra/7_ayur/vagaah_u.txt	4881	a			a vāmyā garbhiṇī rūkṣaḥ kṣudhito nitya duḥkhitaḥ ||
6_sastra/7_ayur/vagaah_u.txt	4883	a			stanya rogordhva rogiṇaḥ a vāmyā garbhiṇī rūkṣa |
6_sastra/7_ayur/vagaah_u.txt	4905	a			dhūmāntaiḥ karmabhir varjyāḥ sarvair eva tv a jīrṇinaḥ ||
6_sastra/7_ayur/vagaah_u.txt	4959	a			rasāyanam ivarṣīṇām a marāṇām ivāmṛtam |
6_sastra/7_ayur/vagaah_u.txt	4987	a			gala tālv a rujan vegān a pravṛttān pravartayan ||
6_sastra/7_ayur/vagaah_u.txt	4987	a			gala tālv a rujan vegān a pravṛttān pravartayan ||
6_sastra/7_ayur/vagaah_u.txt	4991	a			a pravṛttān pravartayet
6_sastra/7_ayur/vagaah_u.txt	5007	a			vamet punaḥ punas tatra vegānām a pravartanam ||
6_sastra/7_ayur/vagaah_u.txt	5011	a			a yogas tena niṣṭhīva kaṇḍū koṭha jvarādayaḥ ||
6_sastra/7_ayur/vagaah_u.txt	5021	a			vaiparītyam a yogānāṃ na cāti mahatī vyathā ||
6_sastra/7_ayur/vagaah_u.txt	5041	a			a sneha lavaṇoṣaṇam
6_sastra/7_ayur/vagaah_u.txt	5047	a			peyāṃ vilepīm a kṛtaṃ kṛtaṃ ca yūṣaṃ rasaṃ trīn ubhayaṃ tathaikam |
6_sastra/7_ayur/vagaah_u.txt	5075	a			snigdhoṣṇa lavaṇair vāyāv a pravṛttau tu pāyayet ||
6_sastra/7_ayur/vagaah_u.txt	5081	a			a dṛḍha sneha koṣṭhas tu pibed ūrdhvaṃ daśāhataḥ |
6_sastra/7_ayur/vagaah_u.txt	5087	a			hṛt kukṣy a śuddhir a rucir utkleśaḥ śleṣma pittayoḥ ||
6_sastra/7_ayur/vagaah_u.txt	5087	a			hṛt kukṣy a śuddhir a rucir utkleśaḥ śleṣma pittayoḥ ||
6_sastra/7_ayur/vagaah_u.txt	5093	a			a yoga lakṣaṇaṃ yogo vaiparītye yathoditāt ||
6_sastra/7_ayur/vagaah_u.txt	5115	a			manda vahnim a saṃśuddham a kṣāmaṃ doṣa dur balam |
6_sastra/7_ayur/vagaah_u.txt	5115	a			manda vahnim a saṃśuddham a kṣāmaṃ doṣa dur balam |
6_sastra/7_ayur/vagaah_u.txt	5117	a			a dṛṣṭa jīrṇa liṅgaṃ ca laṅghayet pīta bheṣajam ||
6_sastra/7_ayur/vagaah_u.txt	5129	a			a pakvaṃ vamanaṃ dośān pacyamānaṃ virecanam ||
6_sastra/7_ayur/vagaah_u.txt	5145	a			a parijñāta koṣṭhaś ca piben mṛdv alpam auṣadham |
6_sastra/7_ayur/vagaah_u.txt	5147	a			varaṃ tad a sakṛt pītam anya thā saṃśayāvaham ||
6_sastra/7_ayur/vagaah_u.txt	5149	a			varaṃ tad a sakṛt pītaṃ nānya thā saṃśayāvaham
6_sastra/7_ayur/vagaah_u.txt	5155	a			kleśayanti ciraṃ te hi hanyur vainam a nirhṛtāḥ |
6_sastra/7_ayur/vagaah_u.txt	5159	a			hanyuś cainam a nirhṛtāḥ
6_sastra/7_ayur/vagaah_u.txt	5165	a			dīptāgnīnāṃ ca bhaiṣajyam a virecyaiva jīryati |
6_sastra/7_ayur/vagaah_u.txt	5251	a			go pucchākāram a cchidraṃ ślakṣṇarju guṭikā mukham |
6_sastra/7_ayur/vagaah_u.txt	5287	a			vasty a bhāve 'ṅka pādaṃ vā nyased vāso 'tha vā ghanam ||
6_sastra/7_ayur/vagaah_u.txt	5315	a			a snigdha rūkṣam aśitaṃ sānu pānaṃ dravādi ca ||
6_sastra/7_ayur/vagaah_u.txt	5329	a			ucchvāsya vaster vadane baddhe hastam a kampayan |
6_sastra/7_ayur/vagaah_u.txt	5349	a			yojyaḥ śīghraṃ nivṛtte 'nyaḥ sneho 'tiṣṭhann a kārya kṛt ||
6_sastra/7_ayur/vagaah_u.txt	5379	a			nirūhaṃ śodhanaṃ yuñjyād a snigdhe snehanaṃ tanoḥ ||
6_sastra/7_ayur/vagaah_u.txt	5483	a			punas tato 'py a yugmāṃs tu punar āsthāpanaṃ tataḥ ||
6_sastra/7_ayur/vagaah_u.txt	5833	a			uccair bhāṣaṇam āyāsam a jīrṇā sātmya bhojanam |
6_sastra/7_ayur/vagaah_u.txt	5855	a			dṛḍhendriyās tv a palitā
6_sastra/7_ayur/vagaah_u.txt	5859	a			jatrūrdhva kapha vātottha vikārāṇām a janmane |
6_sastra/7_ayur/vagaah_u.txt	6025	a			gaṇḍūṣam a piban kiñ cid unnatāsyo vidhārayet |
6_sastra/7_ayur/vagaah_u.txt	6029	a			a saṃcāryo mukhe pūrṇe gaṇḍūṣaḥ kavaḍo 'nya thā || ūab ||
6_sastra/7_ayur/vagaah_u.txt	6031	a			ūav a saṃcāryo mukhe 'pūrṇe
6_sastra/7_ayur/vagaah_u.txt	6051	a			hīnāj jāḍya kaphotkleśāv a rasa jñānam eva ca |
6_sastra/7_ayur/vagaah_u.txt	6061	a			a śuṣkasya sthitis tasya śuṣko dūṣayati cchavim |
6_sastra/7_ayur/vagaah_u.txt	6071	a			a rocake jāgarite sa tu hanti su yojitaḥ |
6_sastra/7_ayur/vagaah_u.txt	6073	a			a kāla palita vyaṅga valī timira nīlikāḥ ||
6_sastra/7_ayur/vagaah_u.txt	6131	a			mātrā sahasrāṇy a ruje tv ekaṃ skandhādi mardayet |
6_sastra/7_ayur/vagaah_u.txt	6139	a			rujaḥ syān mārdavaṃ yāvan mātrā śatam a vedane ||
6_sastra/7_ayur/vagaah_u.txt	6185	a			vikāra vṛddhim aty alpaṃ saṃrambham a parisrutam ||
6_sastra/7_ayur/vagaah_u.txt	6273	a			doṣam a srāvayet stabdhaṃ kaṇḍū jāḍyādi kāri tat ||
6_sastra/7_ayur/vagaah_u.txt	6275	a			doṣam a srāvayat stabdhaṃ doṣam a srāvayat stambha |
6_sastra/7_ayur/vagaah_u.txt	6275	a			doṣam a srāvayat stabdhaṃ doṣam a srāvayat stambha |
6_sastra/7_ayur/vagaah_u.txt	6283	a			a dṛṣṭe 'rke śiraḥ snāte pītayor dhūma madyayoḥ |
6_sastra/7_ayur/vagaah_u.txt	6285	a			a jīrṇe 'gny arka saṃtapte divā supte pipāsite ||
6_sastra/7_ayur/vagaah_u.txt	6523	a			śamy ākhyaṃ tādṛg a cchidraṃ yantram arśaḥ prapīḍanam |
6_sastra/7_ayur/vagaah_u.txt	6637	a			ūav nivartate sādhv avagāhate ca ūdv sthāneṣu sarveṣv a vikāri yac
6_sastra/7_ayur/vagaah_u.txt	6649	a			a karālāni su dhmāta su tīkṣṇāv artite 'yasi ||
6_sastra/7_ayur/vagaah_u.txt	6801	a			a lauhāny anu śastrāṇi tāny evaṃ ca vikalpayet ||
6_sastra/7_ayur/vagaah_u.txt	6855	a			tā apy a samyag vamanāt pratataṃ ca nipātanāt |
6_sastra/7_ayur/vagaah_u.txt	6903	a			a śuddhau srāvayed daṃśān haridrā guḍa mākṣikaiḥ ||
6_sastra/7_ayur/vagaah_u.txt	6909	a			a śuddhaṃ calitaṃ sthānāt sthitaṃ raktaṃ vraṇāśaye |
6_sastra/7_ayur/vagaah_u.txt	6957	a			madhuraṃ lavaṇaṃ kiñ cid a śītoṣṇam a saṃhatam |
6_sastra/7_ayur/vagaah_u.txt	6957	a			madhuraṃ lavaṇaṃ kiñ cid a śītoṣṇam a saṃhatam |
6_sastra/7_ayur/vagaah_u.txt	6981	a			a snigdhā sveditāty artha sveditānila rogiṇām ||
6_sastra/7_ayur/vagaah_u.txt	7041	a			gṛdhrasyām iva viśvācyāṃ yathoktānām a darśane ||
6_sastra/7_ayur/vagaah_u.txt	7103	a			prahṛṣṭe mehane jaṅghā sirāṃ jānuny a kuñcite |
6_sastra/7_ayur/vagaah_u.txt	7139	a			a samyag asre sravati vella vyoṣa niśā nataiḥ ||
6_sastra/7_ayur/vagaah_u.txt	7157	a			pittāt pītāsitaṃ visram a skandy auṣṇyāt sa candrikam ||
6_sastra/7_ayur/vagaah_u.txt	7159	a			a skandy auṣṇyāt sa candrakam
6_sastra/7_ayur/vagaah_u.txt	7163	a			makṣikāṇām a kāntaṃ ca raktaṃ bhavati paittikam ||
6_sastra/7_ayur/vagaah_u.txt	7171	a			a śuddhau balino 'py asraṃ na prasthāt srāvayet param |
6_sastra/7_ayur/vagaah_u.txt	7175	a			a śuddhaṃ balino 'py asraṃ
6_sastra/7_ayur/vagaah_u.txt	7183	a			a śuddhaṃ srāvayed bhūyaḥ sāyam ahny apare 'pi vā ||
6_sastra/7_ayur/vagaah_u.txt	7185	a			a śuddhau srāvayed bhūyaḥ
6_sastra/7_ayur/vagaah_u.txt	7199	a			rakte tv a tiṣṭhati kṣipraṃ stambhanīm ācaret kriyām |
6_sastra/7_ayur/vagaah_u.txt	7225	a			prasanna varṇendriyam indriyārthān icchantam a vyāhata paktṛ vegam |
6_sastra/7_ayur/vagaah_u.txt	7313	a			naṣṭe snāyu sirā sroto dhamanīṣv a same pathi ||
6_sastra/7_ayur/vagaah_u.txt	7325	a			a dṛśya śalya saṃsthānaṃ vraṇākṛtyā vibhāvayet ||
6_sastra/7_ayur/vagaah_u.txt	7345	a			a dṛśyaṃ vraṇa saṃsthānād grahītuṃ śakyate yataḥ |
6_sastra/7_ayur/vagaah_u.txt	7371	a			ity a śakye su balibhiḥ su gṛhītasya kiṅkaraiḥ ||
6_sastra/7_ayur/vagaah_u.txt	7377	a			tathāpy a śakye vāraṅgaṃ vakrī kṛtya dhanur jyayā |
6_sastra/7_ayur/vagaah_u.txt	7395	a			tair eva cānayen mārgam a mārgottuṇḍitaṃ tu yat |
6_sastra/7_ayur/vagaah_u.txt	7399	a			tenaiva vā nayen mārgam a mārgottuṇḍitaṃ ca yat
6_sastra/7_ayur/vagaah_u.txt	7413	a			jatu digdham a jātuṣam
6_sastra/7_ayur/vagaah_u.txt	7415	a			ānayej jātuṣaṃ kaṇṭhāj jatu digdhām a jātuṣam |
6_sastra/7_ayur/vagaah_u.txt	7419	a			jatu digdham a jātuṣam keśāṇḍakena pītena
6_sastra/7_ayur/vagaah_u.txt	7427	a			a śakyaṃ mukha nāsābhyām āhartuṃ parato nudet ||
6_sastra/7_ayur/vagaah_u.txt	7545	a			yaś chinatty āmam a jñānād yaś ca pakvam upekṣate ||
6_sastra/7_ayur/vagaah_u.txt	7551	a			śva pacāv iva vijñeyau tāv a niścita kāriṇau |
6_sastra/7_ayur/vagaah_u.txt	7555	a			śva pacāv iva jānīyāt dvāv a niścita kāriṇau prāk
6_sastra/7_ayur/vagaah_u.txt	7591	a			śauryam āśu kriyā tīkṣṇaṃ śastram a sveda vepathū ||
6_sastra/7_ayur/vagaah_u.txt	7593	a			śauryam āśu kriyā tīkṣṇa || śastram a sveda vepathū
6_sastra/7_ayur/vagaah_u.txt	7595	a			a saṃmohaś ca vaidyasya śastra karmaṇi śasyate |
6_sastra/7_ayur/vagaah_u.txt	7653	a			śukre vyavāya jān doṣān a saṃsarge 'py avāpnuyāt ||
6_sastra/7_ayur/vagaah_u.txt	7679	a			a jīrṇāt tv anilādīnāṃ vibhramo bala vān bhavet |
6_sastra/7_ayur/vagaah_u.txt	7683	a			a jīrṇe tv anilādīnāṃ
6_sastra/7_ayur/vagaah_u.txt	7685	a			navaṃ dhānyaṃ tilān māṣān madyaṃ māṃsam a jāṅgalam |
6_sastra/7_ayur/vagaah_u.txt	7689	a			madyaṃ māṃsaṃ tv a jāṅgalam
6_sastra/7_ayur/vagaah_u.txt	7743	a			gambhīreṣu pradeśeṣu māṃsaleṣv a caleṣu ca |
6_sastra/7_ayur/vagaah_u.txt	7849	a			a baddho daṃśa maśaka śīta vātādi pīḍitaḥ ||
6_sastra/7_ayur/vagaah_u.txt	7865	a			samo mṛdur a ruk śīghraṃ vraṇaḥ śudhyati rohati |
6_sastra/7_ayur/vagaah_u.txt	7871	a			a jīrṇa taruṇāc chidraiḥ samantāt su niveśitaiḥ ||
6_sastra/7_ayur/vagaah_u.txt	7873	a			a jīrṇā taruṇāc chidraiḥ
6_sastra/7_ayur/vagaah_u.txt	7875	a			dhautair a karkaśaiḥ kṣīri bhūrjārjuna kadamba jaiḥ |
6_sastra/7_ayur/vagaah_u.txt	7887	a			a rakṣayā vraṇe yasmin makṣikā nikṣipet kṛmīn ||
6_sastra/7_ayur/vagaah_u.txt	7907	a			rūḍhe 'py a jīrṇa vyāyāma vyavāyādīn vivarjayet ||
6_sastra/7_ayur/vagaah_u.txt	7925	a			duḥkhāvacārya śāstreṣu tena siddhim a yātsu ca |
6_sastra/7_ayur/vagaah_u.txt	7949	a			a jīrṇe 'nne śiśau vṛddhe dhamanī saṃdhi marmasu ||
6_sastra/7_ayur/vagaah_u.txt	8129	a			rogān nihanyād a cireṇa ghorān sa dhī matā samyag anuprayukto ||
6_sastra/7_ayur/vagaah_u.txt	8131	a			agniḥ kṣārād api śreṣṭhas tad dagdhānām a saṃbhavāt |
6_sastra/7_ayur/vagaah_u.txt	8147	a			śliṣṭa vartmany asṛk srāva nīly a samyag vyadhādiṣu ||
6_sastra/7_ayur/vagaah_u.txt	8149	a			śliṣṭa vartmany asṛk srāve nīly a samyag vyadhādiṣu
6_sastra/7_ayur/vagaah_u.txt	8203	a			a pramatto bhiṣak tasmāt tān samyag avacārayet ||
6_sastra/7_ayur/vagaah_u.txt	8251	a			rogy alpāyur a dhanyo vā garbho bhavati naiva vā ||
6_sastra/7_ayur/vagaah_u.txt	8263	a			kṛcchrāṇy etāny a sādhyaṃ tu tri doṣaṃ mūtra viṭ prabham |
6_sastra/7_ayur/vagaah_u.txt	8349	a			a vandhya evaṃ saṃyogaḥ syād apatyaṃ ca kāmataḥ ||
6_sastra/7_ayur/vagaah_u.txt	8371	a			āhir asy āyur asi sarvataḥ pratiṣṭhāsi || a ||
6_sastra/7_ayur/vagaah_u.txt	8401	a			a vyaktaḥ prathame māsi saptāhāt kalalī bhavet |
6_sastra/7_ayur/vagaah_u.txt	8433	a			a kāla jāgara svapnaṃ kaṭhinotkaṭakāsanam ||
6_sastra/7_ayur/vagaah_u.txt	8435	a			ati vyavāyaṃ vyāyāmaṃ a kāla jāgara svapna |
6_sastra/7_ayur/vagaah_u.txt	8463	a			vyādhīṃś cāsyā mṛdu sukhair a tīkṣṇair auṣadhair jayet |
6_sastra/7_ayur/vagaah_u.txt	8469	a			kṣāma tā garimā kukṣer mūrchā chardir a rocakaḥ ||
6_sastra/7_ayur/vagaah_u.txt	8485	a			deyam apy a hitaṃ tasyai hitopahitam alpakam ||
6_sastra/7_ayur/vagaah_u.txt	8593	a			adho guru tvam a ruciḥ praseko bahu mūtra tā |
6_sastra/7_ayur/vagaah_u.txt	8635	a			suvarcalāṃ viśalyāṃ vā jarāyv a patane 'pi ca |
6_sastra/7_ayur/vagaah_u.txt	8747	a			a saṃpūrṇa tri māsāyāḥ pratyākhyāya prasādhayet ||
6_sastra/7_ayur/vagaah_u.txt	8769	a			peyām a madya pā kalke sādhitāṃ pāñcakaulike |
6_sastra/7_ayur/vagaah_u.txt	8775	a			laghur a sneha lavaṇo dīpanīya yuto hitaḥ ||
6_sastra/7_ayur/vagaah_u.txt	8785	a			vṛddhim a prāpnuvan garbhaḥ koṣṭhe tiṣṭhati sa sphuraḥ ||
6_sastra/7_ayur/vagaah_u.txt	8821	a			garbhe 'ti doṣopacayād a pathyair daivato 'pi vā ||
6_sastra/7_ayur/vagaah_u.txt	8829	a			a ratiḥ srasta netra tvam āvīnām a samudbhavaḥ |
6_sastra/7_ayur/vagaah_u.txt	8829	a			a ratiḥ srasta netra tvam āvīnām a samudbhavaḥ |
6_sastra/7_ayur/vagaah_u.txt	8873	a			a bhinna śirasaṃ tv akṣi kūṭayor gaṇḍayor api |
6_sastra/7_ayur/vagaah_u.txt	9049	a			rasa jaṃ vapuṣo janma vṛttir vṛddhir a lola tā ||
6_sastra/7_ayur/vagaah_u.txt	9059	a			tāmasaṃ bhayam a jñānaṃ nidrālasyaṃ viṣādi tā |
6_sastra/7_ayur/vagaah_u.txt	9185	a			ity a vedhya vibhāgārthaṃ pratyaṅgaṃ varṇitāḥ sirāḥ ||
6_sastra/7_ayur/vagaah_u.txt	9187	a			a vedhyās tatra kārtsnyena dehe 'ṣṭā navatis tathā |
6_sastra/7_ayur/vagaah_u.txt	9221	a			prāṇa dhātu malāmbho 'nna vāhīny a hita sevanāt |
6_sastra/7_ayur/vagaah_u.txt	9273	a			bala vaty a balā tv annam āmam eva vimuñcati ||
6_sastra/7_ayur/vagaah_u.txt	9281	a			tatrāgnir hetur āhārān na hy a pakvād rasādayaḥ ||
6_sastra/7_ayur/vagaah_u.txt	9381	a			tīkṣṇo vahniḥ pacec chīghram a samyag api bhojanam ||
6_sastra/7_ayur/vagaah_u.txt	9447	a			netrāṇi caiṣāṃ khara dhūsarāṇi vṛttāny a cārūṇi mṛtopamāni |
6_sastra/7_ayur/vagaah_u.txt	9453	a			a dhanyā matsarādhmātāḥ stenāḥ prodbaddha piṇḍikāḥ |
6_sastra/7_ayur/vagaah_u.txt	9491	a			kṣut tṛḍ duḥkha kleśa gharmair a tapto buddhyā yuktaḥ sāttvikaḥ satya saṃdhaḥ ||
6_sastra/7_ayur/vagaah_u.txt	9547	a			a romaśāsita sthūla dīrgha tvaiḥ sa viparyayaiḥ |
6_sastra/7_ayur/vagaah_u.txt	9581	a			sva bhāva jaṃ sthiraṃ sat tvam a vikāri vipatsv api ||
6_sastra/7_ayur/vagaah_u.txt	9603	a			an utsekaṃ a dainyaṃ ca sukhaṃ duḥkhaṃ ca sevate |
6_sastra/7_ayur/vagaah_u.txt	9957	a			su vikṣato 'py ato jīved a marmaṇi na marmaṇi |
6_sastra/7_ayur/vagaah_u.txt	9961	a			a samagrābhighātāc ca so 'pi vaikalyam aśnute |
6_sastra/7_ayur/vagaah_u.txt	9983	a			a yaśo deha saṃdehaṃ svārtha hāniṃ ca yacchati ||
6_sastra/7_ayur/vagaah_u.txt	9995	a			ariṣṭe riṣṭa vijñānaṃ na ca riṣṭe 'py a naipuṇāt ||
6_sastra/7_ayur/vagaah_u.txt	9997	a			ke cit tu tad dvi dhety āhuḥ sthāyy a sthāyi vibhedataḥ |
6_sastra/7_ayur/vagaah_u.txt	10007	a			anyeṣv api ca bhāveṣu prākṛteṣv a nimittataḥ |
6_sastra/7_ayur/vagaah_u.txt	10083	a			a kasmād yuga pad gātre varṇau prākṛta vaikṛtau ||
6_sastra/7_ayur/vagaah_u.txt	10105	a			śīteṣu bhṛśam auṣṇyaṃ vā svedaḥ stambho 'py a hetukaḥ ||
6_sastra/7_ayur/vagaah_u.txt	10107	a			svedaḥ stambho 'ty a hetukaḥ
6_sastra/7_ayur/vagaah_u.txt	10127	a			a mūrtam iva mūrtaṃ ca mūrtaṃ cā mūrta vat sthitam ||
6_sastra/7_ayur/vagaah_u.txt	10129	a			tejasvy a tejas tad vac ca śuklaṃ kṛṣṇam a sac ca sat |
6_sastra/7_ayur/vagaah_u.txt	10129	a			tejasvy a tejas tad vac ca śuklaṃ kṛṣṇam a sac ca sat |
6_sastra/7_ayur/vagaah_u.txt	10131	a			a netra rogaś candraṃ ca bahu rūpam a lāñchanam ||
6_sastra/7_ayur/vagaah_u.txt	10131	a			a netra rogaś candraṃ ca bahu rūpam a lāñchanam ||
6_sastra/7_ayur/vagaah_u.txt	10133	a			tejasy a tejas tad vac ca a netra rogī candraṃ ca
6_sastra/7_ayur/vagaah_u.txt	10133	a			tejasy a tejas tad vac ca a netra rogī candraṃ ca
6_sastra/7_ayur/vagaah_u.txt	10147	a			śṛṇoty anyāṃś ca yaḥ śabdān a sato na sato 'pi vā ||
6_sastra/7_ayur/vagaah_u.txt	10173	a			roga vṛddhim a yuktyā ca dṛṣṭvā maraṇam ādiśet |
6_sastra/7_ayur/vagaah_u.txt	10265	a			a hāsya hāsī saṃmuhyan yo leḍhi daśana cchadau |
6_sastra/7_ayur/vagaah_u.txt	10303	a			bhaktiḥ śīlaṃ smṛtis tyāgo buddhir balam a hetukam ||
6_sastra/7_ayur/vagaah_u.txt	10309	a			naśyaty a jānan ṣaḍ ahāt keśa luñcana vedanām |
6_sastra/7_ayur/vagaah_u.txt	10325	a			yaiḥ purā ramate bhāvair a ratis tair na jīvati |
6_sastra/7_ayur/vagaah_u.txt	10335	a			a kṣāmaṃ sakta vacanaṃ raktākṣaṃ hṛdi śūlinam ||
6_sastra/7_ayur/vagaah_u.txt	10367	a			bahir jihvam a cetanam bahir jihvaṃ vi cetasam
6_sastra/7_ayur/vagaah_u.txt	10481	a			bala māṃsa kṣayas tīvro roga vṛddhir a rocakaḥ ||
6_sastra/7_ayur/vagaah_u.txt	10535	a			a kasmād anudhāvac ca vighṛṣṭaṃ tvak samāśrayam |
6_sastra/7_ayur/vagaah_u.txt	10549	a			a cūrṇaś cūrṇa kīrṇābho yatrākasmāc ca dṛśyate ||
6_sastra/7_ayur/vagaah_u.txt	10597	a			a kasmād varṇa gandhādeḥ svastho 'pi na sa jīvati |
6_sastra/7_ayur/vagaah_u.txt	10627	a			tayor apy a kṣayād dṛṣṭaṃ viṣamā parihāriṇām ||
6_sastra/7_ayur/vagaah_u.txt	10643	a			a maṅgalāhvayaṃ krūra karmāṇaṃ malinaṃ striyam |
6_sastra/7_ayur/vagaah_u.txt	10655	a			a śasta cintā vacane nagne chindati bhindati ||
6_sastra/7_ayur/vagaah_u.txt	10659	a			supte mukta kace 'bhyakte rudaty a prayate tathā ||
6_sastra/7_ayur/vagaah_u.txt	10661	a			rudaty a prayate 'tha vā
6_sastra/7_ayur/vagaah_u.txt	10695	a			paśyen nimittam a śubhaṃ taṃ ca nānuvrajed bhiṣak ||
6_sastra/7_ayur/vagaah_u.txt	10739	a			nyubjānām itareṣāṃ ca pātrādīnām a śobhanam |
6_sastra/7_ayur/vagaah_u.txt	10745	a			a yugmāś ca mṛgāḥ śastāḥ śastā nityaṃ ca darśane ||
6_sastra/7_ayur/vagaah_u.txt	10749	a			a śubhaṃ sarva tholūka biḍāla saraṭekṣaṇam ||
6_sastra/7_ayur/vagaah_u.txt	10755	a			dhanur aindraṃ ca lālāṭam a śubhaṃ śubham anyataḥ |
6_sastra/7_ayur/vagaah_u.txt	10759	a			dadhy a kṣatādi nirgacchad vakṣyamāṇaṃ ca maṅgalam |
6_sastra/7_ayur/vagaah_u.txt	10763	a			dūtādy a sādhu dṛṣṭvaivaṃ tyajed ārtam ato 'nya thā |
6_sastra/7_ayur/vagaah_u.txt	10769	a			dadhy a kṣatekṣu niṣpāva priyaṅgu madhu sarpiṣām |
6_sastra/7_ayur/vagaah_u.txt	10891	a			kāṣāyiṇām a saumyānāṃ nagnānāṃ daṇḍa dhāriṇām ||
6_sastra/7_ayur/vagaah_u.txt	10903	a			a rogaḥ saṃśayaṃ prāpya kaś cid eva vimucyate ||
6_sastra/7_ayur/vagaah_u.txt	10927	a			a kalyāṇam api svapnaṃ dṛṣṭvā tatraiva yaḥ punaḥ ||
6_sastra/7_ayur/vagaah_u.txt	10929	a			yāti pāpo 'py a phala tāṃ
6_sastra/7_ayur/vagaah_u.txt	10947	a			śuklāḥ su manaso vastram a medhyālepanaṃ phalam |
6_sastra/7_ayur/vagaah_u.txt	10953	a			pūrvottareṇa gamanam a gamyāgamanaṃ mṛtam ||
6_sastra/7_ayur/vagaah_u.txt	10973	a			cikitsāyām a nirvedas tad ārogyasya lakṣaṇam |
6_sastra/7_ayur/vagaah_u.txt	10995	a			liṅgam a vyaktam alpa tvād vyādhīnāṃ tad yathā yatham ||
6_sastra/7_ayur/vagaah_u.txt	11007	a			viparīto 'n upaśayo vyādhy a sātmyābhisaṃjñitaḥ ||
6_sastra/7_ayur/vagaah_u.txt	11039	a			a hitaṃ tri vidho yogas trayāṇāṃ prāg udāhṛtaḥ ||
6_sastra/7_ayur/vagaah_u.txt	11041	a			a hitas tri vidho yogas
6_sastra/7_ayur/vagaah_u.txt	11121	a			tasya prāg rūpam ālasyam a ratir gātra gauravam ||
6_sastra/7_ayur/vagaah_u.txt	11123	a			āsya vairasyam a ruci jṛmbhā sāsrākulākṣi tā |
6_sastra/7_ayur/vagaah_u.txt	11131	a			hitopadeśeṣv a kṣāntiḥ prītir amla paṭūṣaṇe ||
6_sastra/7_ayur/vagaah_u.txt	11135	a			śabdāgni śīta vātāmbu cchāyoṣṇeṣv a nimittataḥ ||
6_sastra/7_ayur/vagaah_u.txt	11157	a			a śaktir bhakṣaṇe hanvor jṛmbhaṇaṃ karṇayoḥ svanaḥ ||
6_sastra/7_ayur/vagaah_u.txt	11161	a			kaṣāyāsya tvam atha vā malānām a pravartanam ||
6_sastra/7_ayur/vagaah_u.txt	11185	a			viśeṣād a rucir jāḍyaṃ sroto rodho 'lpa vega tā |
6_sastra/7_ayur/vagaah_u.txt	11203	a			tāpa hāny a ruci parva śiro ruk pīnasa śvasana kāsa vibandhāḥ |
6_sastra/7_ayur/vagaah_u.txt	11259	a			a sādhyaḥ so 'nya thā kṛcchro bhaved vaikalya do 'pi vā ||
6_sastra/7_ayur/vagaah_u.txt	11285	a			abhiṣaṅgād graheṇāsminn a kasmād dhāsa rodane ||
6_sastra/7_ayur/vagaah_u.txt	11307	a			saṃnipāta jvarau ghorau tāv a sahya tamau matau |
6_sastra/7_ayur/vagaah_u.txt	11311	a			tāv a sādhya tamau matau
6_sastra/7_ayur/vagaah_u.txt	11351	a			sarva thā vikṛti jñāne prāg a sādhya udāhṛtaḥ ||
6_sastra/7_ayur/vagaah_u.txt	11353	a			jvaropadrava tīkṣṇa tvam a glānir bahu mūtra tā |
6_sastra/7_ayur/vagaah_u.txt	11399	a			śuddhy a śuddhau jvaraḥ kālaṃ dīrgham apy anuvartate ||
6_sastra/7_ayur/vagaah_u.txt	11401	a			śuddhy a śuddhyor jvaraḥ kālaṃ
6_sastra/7_ayur/vagaah_u.txt	11473	a			deho laghur vyapagata klama moha tāpaḥ pāko mukhe karaṇa sauṣṭhavam a vyatha tvam
6_sastra/7_ayur/vagaah_u.txt	11495	a			śiro guru tvam a ruciḥ śītecchā dhūmako 'mlakaḥ ||
6_sastra/7_ayur/vagaah_u.txt	11503	a			nīla lohita pītānāṃ varṇānām a vivecanam ||
6_sastra/7_ayur/vagaah_u.txt	11529	a			kapha māruta saṃsṛṣṭam a sādhyam ubhayāyanam |
6_sastra/7_ayur/vagaah_u.txt	11531	a			a śakya prātilomya tvād a bhāvād auṣadhasya ca ||
6_sastra/7_ayur/vagaah_u.txt	11531	a			a śakya prātilomya tvād a bhāvād auṣadhasya ca ||
6_sastra/7_ayur/vagaah_u.txt	11555	a			teṣāṃ bhaviṣyatāṃ rūpaṃ kaṇṭhe kaṇḍūr a rocakaḥ ||
6_sastra/7_ayur/vagaah_u.txt	11595	a			kaṇṭhopalepaḥ sadanaṃ pīnasa cchardy a rocakāḥ ||
6_sastra/7_ayur/vagaah_u.txt	11601	a			yuddhādyaiḥ sāhasais tais taiḥ sevitair a yathā balam ||
6_sastra/7_ayur/vagaah_u.txt	11631	a			a kasmād uṣṇa śītecchā bahv āśi tvaṃ bala kṣayaḥ ||
6_sastra/7_ayur/vagaah_u.txt	11681	a			kāsaṃ ghurghurakaṃ moham a rucim pīnasaṃ tṛṣam |
6_sastra/7_ayur/vagaah_u.txt	11727	a			ete sidhyeyur a vyaktā vyaktāḥ prāṇa harā dhruvam |
6_sastra/7_ayur/vagaah_u.txt	11739	a			karoti hidhmām a rujāṃ manda śabdāṃ kṣavānugām ||
6_sastra/7_ayur/vagaah_u.txt	11823	a			sthāly amatrānna pānādau śucāv apy a śucīkṣaṇam |
6_sastra/7_ayur/vagaah_u.txt	11827	a			hṛl lāsaś chardir a rucir aśnato 'pi bala kṣayaḥ |
6_sastra/7_ayur/vagaah_u.txt	11867	a			kaphād a rocakaś chardiḥ kāso mūrdhāṅga gauravam |
6_sastra/7_ayur/vagaah_u.txt	11879	a			kuryād a gacchan māṃsādīn asṛk cordhvaṃ pradhāvati ||
6_sastra/7_ayur/vagaah_u.txt	11919	a			a rocako bhaved doṣair jihvā hṛdaya saṃśrayaiḥ |
6_sastra/7_ayur/vagaah_u.txt	11957	a			pūty a medhyā śuci dviṣṭa darśana śravaṇādibhiḥ ||
6_sastra/7_ayur/vagaah_u.txt	11975	a			a kasmād dīna tā śoko bhayaṃ śabdā sahiṣṇu tā ||
6_sastra/7_ayur/vagaah_u.txt	12037	a			ādhmānaṃ śiraso jāḍyaṃ staimitya cchardy a rocakāḥ ||
6_sastra/7_ayur/vagaah_u.txt	12039	a			ālasyam a vipākaś ca sarvaiḥ syāt sarva lakṣaṇā |
6_sastra/7_ayur/vagaah_u.txt	12095	a			iyaṃ bhūmir a vadyānāṃ dauḥśīlyasyedam āspadam |
6_sastra/7_ayur/vagaah_u.txt	12099	a			iyaṃ bhūmir a vidyānāṃ
6_sastra/7_ayur/vagaah_u.txt	12113	a			yatraikaḥ smṛti vibhraṃśas tatra sarvam a sādhu yat |
6_sastra/7_ayur/vagaah_u.txt	12115	a			a yukti yuktam annaṃ hi vyādhaye maraṇāya vā ||
6_sastra/7_ayur/vagaah_u.txt	12255	a			a gādhe grāha bahule salilaugha ivāṭate |
6_sastra/7_ayur/vagaah_u.txt	12301	a			a sādhyāny evam ākhyātāḥ sarve rogāḥ kulodbhavāḥ ||
6_sastra/7_ayur/vagaah_u.txt	12347	a			prabhūtaṃ mūtram alpā viḍ a śraddhā dhūmako 'mlakaḥ ||
6_sastra/7_ayur/vagaah_u.txt	12371	a			a sāro vigata cchāyo jantu juṣṭa iva drumaḥ ||
6_sastra/7_ayur/vagaah_u.txt	12381	a			kṣāma bhinna svaro dhyāyan muhuḥ ṣṭhīvan a rocakī |
6_sastra/7_ayur/vagaah_u.txt	12483	a			pavanasyordhva gāmi tvaṃ tataś chardy a ruci jvarāḥ ||
6_sastra/7_ayur/vagaah_u.txt	12499	a			sthitāni tāny a sādhyāni yāpyante 'gni balādibhiḥ ||
6_sastra/7_ayur/vagaah_u.txt	12545	a			ādhmānam a vipākaś ca tatra vātena viḍ jalam ||
6_sastra/7_ayur/vagaah_u.txt	12575	a			kṛte 'py a kṛta saṃjñaś ca sarvātmā sarva lakṣaṇaḥ ||
6_sastra/7_ayur/vagaah_u.txt	12603	a			sāmaṃ sānnam a jīrṇe 'nne jīrṇe pakvaṃ tu naiva vā ||
6_sastra/7_ayur/vagaah_u.txt	12605	a			a kasmād vā muhur baddham a kasmāc chithilaṃ muhuḥ |
6_sastra/7_ayur/vagaah_u.txt	12605	a			a kasmād vā muhur baddham a kasmāc chithilaṃ muhuḥ |
6_sastra/7_ayur/vagaah_u.txt	12613	a			praseko vaktra vairasyam a rucis tṛṭ klamo bhramaḥ |
6_sastra/7_ayur/vagaah_u.txt	12641	a			śleṣmaṇā pacyate duḥkham annaṃ chardir a rocakaḥ ||
6_sastra/7_ayur/vagaah_u.txt	12649	a			udgāro duṣṭa madhuraḥ sadanaṃ strīṣv a harṣaṇam |
6_sastra/7_ayur/vagaah_u.txt	12653	a			a kṛśasyāpi daurbalyaṃ sarva je sarva saṃkaraḥ |
6_sastra/7_ayur/vagaah_u.txt	12711	a			mṛdnāti mehanaṃ nābhiṃ pīḍayaty a niśaṃ kvaṇan ||
6_sastra/7_ayur/vagaah_u.txt	12733	a			sthānāc cyutam a muktaṃ hi muṣkayor antare 'nilaḥ ||
6_sastra/7_ayur/vagaah_u.txt	12763	a			aṣṭhīlābhaṃ ghanaṃ granthiṃ karoty a calam unnatam |
6_sastra/7_ayur/vagaah_u.txt	12783	a			kuryāt tīvra rug ādhmānam a paktiṃ mala saṃgraham ||
6_sastra/7_ayur/vagaah_u.txt	12869	a			samāsam a kriya tayā mahātyaya tayāpi ca ||
6_sastra/7_ayur/vagaah_u.txt	12943	a			a vipāko 'ruciś chardir nidrā kāsaḥ sa pīnasaḥ |
6_sastra/7_ayur/vagaah_u.txt	13149	a			vāta pūrṇa dṛti sparśo rūkṣo vātād a hetu ruk |
6_sastra/7_ayur/vagaah_u.txt	13183	a			antra vṛddhir a sādhyo 'yaṃ vāta vṛddhi samākṛtiḥ ||
6_sastra/7_ayur/vagaah_u.txt	13225	a			piṇḍita tvād a mūrto 'pi mūrta tvam iva saṃśritaḥ ||
6_sastra/7_ayur/vagaah_u.txt	13237	a			a nirūpita saṃsthāna sthāna vṛddhi kṣaya vyathaḥ ||
6_sastra/7_ayur/vagaah_u.txt	13247	a			kaphāt staimityam a ruciḥ sadanaṃ śiśira jvaraḥ |
6_sastra/7_ayur/vagaah_u.txt	13321	a			udgāra bāhulya purīṣa bandha tṛpty a kṣama tvāntra vikūjanāni |
6_sastra/7_ayur/vagaah_u.txt	13323	a			āṭopam ādhmānam a pakti śaktim āsanna gulmasya vadanti cihnam ||
6_sastra/7_ayur/vagaah_u.txt	13325	a			āṭopam ādhmānam a pakty a śaktim
6_sastra/7_ayur/vagaah_u.txt	13325	a			āṭopam ādhmānam a pakty a śaktim
6_sastra/7_ayur/vagaah_u.txt	13331	a			a jīrṇān malinaiś cānnair jāyante mala saṃcayāt ||
6_sastra/7_ayur/vagaah_u.txt	13367	a			sarvaṃ tv a toyam aruṇam a śophaṃ nāti bhārikam ||
6_sastra/7_ayur/vagaah_u.txt	13367	a			sarvaṃ tv a toyam aruṇam a śophaṃ nāti bhārikam ||
6_sastra/7_ayur/vagaah_u.txt	13387	a			śyāvāruṇa tvag ādi tvam a kasmād vṛddhi hrāsa vat |
6_sastra/7_ayur/vagaah_u.txt	13477	a			sthiraṃ nīlāruṇa sirā rājī naddham a rāji vā ||
6_sastra/7_ayur/vagaah_u.txt	13551	a			balinas tad a jātāmbu yatna sādhyaṃ navotthitam ||
6_sastra/7_ayur/vagaah_u.txt	13593	a			a ruciḥ pīta mūtra tvaṃ svedā bhāvo 'lpa vahni tā ||
6_sastra/7_ayur/vagaah_u.txt	13617	a			srotāṃsy a pakvaivāpūrya kuryād ruddhvā ca pūrva vat |
6_sastra/7_ayur/vagaah_u.txt	13639	a			vāta pittād bhramas tṛṣṇā strīṣv a harṣo mṛdur jvaraḥ |
6_sastra/7_ayur/vagaah_u.txt	13671	a			mṛd grāmya māṃsa vallūram a jīrṇa śrama maithunam ||
6_sastra/7_ayur/vagaah_u.txt	13731	a			daṃṣṭrā danta nakhāpātād a viṣa prāṇinām api ||
6_sastra/7_ayur/vagaah_u.txt	13849	a			a sādhyau kṣata sarvotthau sarve cākrānta marmakāḥ ||
6_sastra/7_ayur/vagaah_u.txt	13951	a			a svedaṃ matsya śakala saṃnibhaṃ kiṭibhaṃ punaḥ ||
6_sastra/7_ayur/vagaah_u.txt	13985	a			sa sphoṭam a sparśa sahaṃ kaṇḍūṣā toda dāha vat |
6_sastra/7_ayur/vagaah_u.txt	14001	a			a kṛcchraṃ kapha vātāḍhyaṃ tvak stham eka malaṃ ca yat |
6_sastra/7_ayur/vagaah_u.txt	14021	a			nirdiṣṭam a parisrāvi tri dhātūdbhava saṃśrayam ||
6_sastra/7_ayur/vagaah_u.txt	14033	a			a śukla romā bahalam a saṃsṛṣṭaṃ mitho navam |
6_sastra/7_ayur/vagaah_u.txt	14033	a			a śukla romā bahalam a saṃsṛṣṭaṃ mitho navam |
6_sastra/7_ayur/vagaah_u.txt	14037	a			a śukla romā bahulam a saṃsṛṣṭam atho navam
6_sastra/7_ayur/vagaah_u.txt	14037	a			a śukla romā bahulam a saṃsṛṣṭam atho navam
6_sastra/7_ayur/vagaah_u.txt	14039	a			guhya pāṇi talauṣṭheṣu jātam apy a ciran tanam |
6_sastra/7_ayur/vagaah_u.txt	14083	a			hṛl lāsam āsya sravaṇam a vipākam a rocakam |
6_sastra/7_ayur/vagaah_u.txt	14083	a			hṛl lāsam āsya sravaṇam a vipākam a rocakam |
6_sastra/7_ayur/vagaah_u.txt	14089	a			a pādā vṛtta tāmrāś ca saukṣmyāt ke cid a darśanāḥ ||
6_sastra/7_ayur/vagaah_u.txt	14089	a			a pādā vṛtta tāmrāś ca saukṣmyāt ke cid a darśanāḥ ||
6_sastra/7_ayur/vagaah_u.txt	14125	a			a duṣṭa duṣṭaḥ pavanaḥ śarīrasya viśeṣataḥ ||
6_sastra/7_ayur/vagaah_u.txt	14131	a			tad a duṣṭau prayatnena yatitavyam ataḥ sadā |
6_sastra/7_ayur/vagaah_u.txt	14143	a			a saṃkhyam api saṃkhyāya yad aśītyā pureritam ab ||
6_sastra/7_ayur/vagaah_u.txt	14167	a			arūṃṣy annasya viṣṭambham a ruciṃ kṛśa tāṃ bhramam ||
6_sastra/7_ayur/vagaah_u.txt	14179	a			majja stho 'sthiṣu sauṣiryam a svapnaṃ saṃtatāṃ rujam ||
6_sastra/7_ayur/vagaah_u.txt	14181	a			a svapnaṃ stabdha tāṃ rujam
6_sastra/7_ayur/vagaah_u.txt	14219	a			aśnuvīta muhuḥ svāsthyaṃ muhur a svāsthyam āvṛte ||
6_sastra/7_ayur/vagaah_u.txt	14313	a			kṛtsno 'rdha kāyas tasya syād a karmaṇyo vi cetanaḥ ||
6_sastra/7_ayur/vagaah_u.txt	14325	a			a sādhyaṃ hata sarvehaṃ daṇḍa vad daṇḍakaṃ marut ||
6_sastra/7_ayur/vagaah_u.txt	14361	a			dhyānāṅga marda staimitya tandrā chardy a ruci jvaraiḥ ||
6_sastra/7_ayur/vagaah_u.txt	14405	a			prāyeṇa su kumārāṇām a caṅkramaṇa śīlinām |
6_sastra/7_ayur/vagaah_u.txt	14407	a			abhighātād a śuddheś ca nṛṇām asṛji dūṣite ||
6_sastra/7_ayur/vagaah_u.txt	14499	a			kaṇṭha rodha mano bhraṃśa cchardy a rocaka pīnasān |
6_sastra/7_ayur/vagaah_u.txt	14519	a			karoty a kāla śayana jāgarādyaiś ca dūṣitaḥ |
6_sastra/7_ayur/vagaah_u.txt	14561	a			calaḥ snigdho mṛduḥ śītaḥ śopho gātreṣv a rocakaḥ ||
6_sastra/7_ayur/vagaah_u.txt	14627	a			udāne guru gātra tvam a rucir vāk svara grahaḥ |
6_sastra/7_ayur/vagaah_u.txt	14635	a			samāne 'ti himāṅga tvam a svedo manda vahni tā ||
6_sastra/7_ayur/vagaah_u.txt	14667	a			tāratamya vikalpāc ca yāty āvṛtir a saṃkhya tām |
6_sastra/7_ayur/vagaah_u.txt	14765	a			a jīrṇa iva śūla ghnaṃ sāme tīvra ruji jvare |
6_sastra/7_ayur/vagaah_u.txt	14791	a			tatra sāma jvarākṛtyā jānīyād a viśoṣitam ||
6_sastra/7_ayur/vagaah_u.txt	14835	a			a sveda nidras tṛṣṇārtaḥ sitāmalaka nāgaraiḥ |
6_sastra/7_ayur/vagaah_u.txt	14839	a			a sveda nidrā tṛṣṇārtaḥ
6_sastra/7_ayur/vagaah_u.txt	14895	a			a pacyamānaṃ bhaiṣajyaṃ bhūyo jvalayati jvaram |
6_sastra/7_ayur/vagaah_u.txt	14899	a			a cira jvaritasyāpi bheṣajaṃ yojayet tadā |
6_sastra/7_ayur/vagaah_u.txt	15055	a			prāg alpa vahnir bhuñjāno na hy a jīrṇena pīḍyate |
6_sastra/7_ayur/vagaah_u.txt	15067	a			deha dhātv a bala tvāc ca jvaro jīrṇo 'nuvartate |
6_sastra/7_ayur/vagaah_u.txt	15099	a			a ruciṃ bhṛśa tāpam aṃsayor vamathuṃ pārśva śiro rujaṃ kṣayam ||
6_sastra/7_ayur/vagaah_u.txt	15265	a			a rucau mātuluṅgasya kesaraṃ sājya saindhavam |
6_sastra/7_ayur/vagaah_u.txt	15369	a			chardi mūrchā pipāsādīn a virodhāñ jvarasya tu || ab ||
6_sastra/7_ayur/vagaah_u.txt	15443	a			dhūpo jvareṣu sarveṣu kāryo 'yam a parājitaḥ |
6_sastra/7_ayur/vagaah_u.txt	15453	a			yathā svaṃ ca sirāṃ vidhyed a śāntau viṣama jvare |
6_sastra/7_ayur/vagaah_u.txt	15457	a			a śānte viṣama jvare | visphoṭābhihate jvare
6_sastra/7_ayur/vagaah_u.txt	15495	a			gurv a sātmya vidāhy annaṃ yac cānyaj jvara kāraṇam ||
6_sastra/7_ayur/vagaah_u.txt	15563	a			gala grahaṃ pūti nasyaṃ mūrchāyam a ruciṃ jvaram |
6_sastra/7_ayur/vagaah_u.txt	16079	a			vāta śleṣmottarān kāsān a cireṇa ciran tanān ||
6_sastra/7_ayur/vagaah_u.txt	16627	a			srotaḥsu ca viśuddheṣu caraty a vihato 'nilaḥ |
6_sastra/7_ayur/vagaah_u.txt	16643	a			a śāntau kṛta saṃśuddher dhūmair līnaṃ malaṃ haret |
6_sastra/7_ayur/vagaah_u.txt	16667	a			avaśyaṃ svedanīyānām a svedyānām api kṣaṇam ||
6_sastra/7_ayur/vagaah_u.txt	16889	a			laghum a cyuta vīryaṃ ca su jaraṃ bala kṛc ca yat || ab ||
6_sastra/7_ayur/vagaah_u.txt	17007	a			payo 'nu pānaṃ tat prāhṇe rasāyanam a yantraṇam ||
6_sastra/7_ayur/vagaah_u.txt	17075	a			vicitram annam a rucau hitair upahitaṃ hitam |
6_sastra/7_ayur/vagaah_u.txt	17089	a			vātād a rocake tatra pibec cūrṇaṃ prasannayā |
6_sastra/7_ayur/vagaah_u.txt	17199	a			a vidhārita vegasya yakṣmā na labhate 'ntaram |
6_sastra/7_ayur/vagaah_u.txt	17235	a			gandha mālyādikāṃ bhūṣām a lakṣmī nāśanīṃ bhajet ||
6_sastra/7_ayur/vagaah_u.txt	17643	a			snehād uṣṇāmbv a jīrṇāt tu jīrṇān maṇḍaṃ pipāsitaḥ ||
6_sastra/7_ayur/vagaah_u.txt	17827	a			a śāmyati rasais tṛpte rohiṇīṃ vyadhayet sirām |
6_sastra/7_ayur/vagaah_u.txt	17889	a			nā vikṣobhya mano madyaṃ śarīram a vihanya vā ||
6_sastra/7_ayur/vagaah_u.txt	17891	a			nā kṣobhya hi mano madyaṃ śarīram a vihatya vā
6_sastra/7_ayur/vagaah_u.txt	17945	a			mada śaktim a tyajantī
6_sastra/7_ayur/vagaah_u.txt	17979	a			a prasannāpi yā prītyai prasannā svarga eva yā |
6_sastra/7_ayur/vagaah_u.txt	17983	a			a nirdeśya sukhāsvādā svayaṃ vedyaiva yā param |
6_sastra/7_ayur/vagaah_u.txt	18013	a			madyaṃ sahāyam a prāpya samyak pariṇamet katham ||
6_sastra/7_ayur/vagaah_u.txt	18071	a			iti gataṃ dadhatībhir a saṃsthitaṃ taruṇa citta vilobhana kārmaṇam ||
6_sastra/7_ayur/vagaah_u.txt	18099	a			a nyūnādhikam ācaran uditenopacāreṇa sarvam
6_sastra/7_ayur/vagaah_u.txt	18147	a			a sāra saṃsāra sukhaṃ paramaṃ cādhigacchati ||
6_sastra/7_ayur/vagaah_u.txt	18181	a			upacārair a śiśirair yava godhūma bhuk pibet |
6_sastra/7_ayur/vagaah_u.txt	18235	a			sat tvasyālambanaṃ jñānam a gṛddhir viṣayeṣu ca ||
6_sastra/7_ayur/vagaah_u.txt	18281	a			śuciṃ kṛta svasty ayanaṃ mukta viṇ mūtram a vyatham |
6_sastra/7_ayur/vagaah_u.txt	18415	a			a vartamānam ucchūna kaṭhinebhyo hared asṛk ||
6_sastra/7_ayur/vagaah_u.txt	18857	a			dṛṣṭvāsra pittaṃ prabalam a balau ca kaphānilau |
6_sastra/7_ayur/vagaah_u.txt	19187	a			snehe ca yamake siddhaḥ khalo 'yam a parājitaḥ |
6_sastra/7_ayur/vagaah_u.txt	19403	a			a śāntāv ity atīsāre picchā vastiḥ paraṃ hitaḥ ||
6_sastra/7_ayur/vagaah_u.txt	19665	a			grahaṇīm āśritaṃ doṣam a jīrṇa vad upācaret |
6_sastra/7_ayur/vagaah_u.txt	19683	a			vāte svādv amla sāndra tvāt sadyaskam a vidāhi tat ||
6_sastra/7_ayur/vagaah_u.txt	19803	a			hatvā tikta laghu grāhi dīpanair a vidāhibhiḥ |
6_sastra/7_ayur/vagaah_u.txt	20037	a			muhur muhur a jīrṇe 'pi bhojyāny asyopahārayet ||
6_sastra/7_ayur/vagaah_u.txt	20061	a			a sakṛt pitta haraṇaṃ pāyasa pratibhojanam ||
6_sastra/7_ayur/vagaah_u.txt	20073	a			ity ādi a vijñāya yatheṣṭa ceṣṭāś caranti yat sāgni balasya śaktiḥ ||
6_sastra/7_ayur/vagaah_u.txt	20147	a			aśmany apy a cirotthāne vāta vasty ādikeṣu ca |
6_sastra/7_ayur/vagaah_u.txt	20277	a			a kriyāyāṃ dhruvo mṛtyuḥ kriyāyāṃ saṃśayo bhavet ||
6_sastra/7_ayur/vagaah_u.txt	20287	a			abhyakta svinna vapuṣam a bhuktaṃ kṛta maṅgalam |
6_sastra/7_ayur/vagaah_u.txt	20303	a			a dakṣiṇe gude 'ṅgulyau praṇidhāyānu sevani |
6_sastra/7_ayur/vagaah_u.txt	20353	a			mūtre tv a gacchati dahed aśmarī vraṇam agninā |
6_sastra/7_ayur/vagaah_u.txt	20385	a			a saṃśodhyasya tāny eva sarva meheṣu pāyayet |
6_sastra/7_ayur/vagaah_u.txt	20521	a			a dhanaś chattra pāda tra rahito muni vartanaḥ ||
6_sastra/7_ayur/vagaah_u.txt	20539	a			bṛṃhayed auṣadhāhārair a medo mūtralaiḥ kṛśam |
6_sastra/7_ayur/vagaah_u.txt	20543	a			a pakvā vraṇa vat pakvās tāsāṃ prāg rūpam eva ca |
6_sastra/7_ayur/vagaah_u.txt	20599	a			varuṇādi gaṇa kvātham a pakve 'bhyantarotthite |
6_sastra/7_ayur/vagaah_u.txt	20603	a			a pakve 'bhyantara sthite
6_sastra/7_ayur/vagaah_u.txt	20611	a			dattāvāpo yathā doṣam a pakvaṃ hanti vidradhim ||
6_sastra/7_ayur/vagaah_u.txt	20663	a			a samyag vahati klede varuṇādiṃ sukhāmbhasā ||
6_sastra/7_ayur/vagaah_u.txt	20691	a			a cirād vidradhiṃ hanti prātaḥ prātar niṣevitaḥ ||
6_sastra/7_ayur/vagaah_u.txt	20709	a			a jīrṇa kāsaṃ kṣaya pāṇḍu te tathā jvarātisāra grahaṇī gadāpacīḥ |
6_sastra/7_ayur/vagaah_u.txt	20713	a			bhūnimbārdha palaṃ niśā pala yuktaṃ dārvī pale dve tathā || a ||
6_sastra/7_ayur/vagaah_u.txt	20721	a			etad vatsaka sapta karṣa sahitaṃ su ślakṣṇa cūrṇī kṛtaṃ || a ||
6_sastra/7_ayur/vagaah_u.txt	20787	a			phala kośam a saṃprāpte cikitsā vāta vṛddhi vat ||
6_sastra/7_ayur/vagaah_u.txt	20805	a			vātātapādhva yānādi parihāryeṣv a yantraṇam |
6_sastra/7_ayur/vagaah_u.txt	20809	a			nṛṇāṃ strī vṛnda bhartṝṇām a lakṣmī kali nāśanam |
6_sastra/7_ayur/vagaah_u.txt	20837	a			mūlaṃ bilva kapitthayoḥ aralukasyāgner bṛhatyor dvayoḥ || a ||
6_sastra/7_ayur/vagaah_u.txt	20855	a			muhūrtaṃ vardhma medhāvī tat kṣaṇād a rujo bhavet ||
6_sastra/7_ayur/vagaah_u.txt	20973	a			vāta gulme kapho vṛddho hatvāgnim a ruciṃ yadi ||
6_sastra/7_ayur/vagaah_u.txt	20985	a			cūrṇāni mātuluṅgasya bhāvitāny a sakṛd rase ||
6_sastra/7_ayur/vagaah_u.txt	21201	a			śleṣma je vāmayet pūrvam a vamyam upavāsayet |
6_sastra/7_ayur/vagaah_u.txt	21345	a			mande 'gnāv a rucau sātmyair madyaiḥ sa sneham aśnatām ||
6_sastra/7_ayur/vagaah_u.txt	21433	a			a vartamāne rudhire hitaṃ gulma prabhedanam ||
6_sastra/7_ayur/vagaah_u.txt	21531	a			parikarte sa vṛkṣāmlair uṣṇāmbubhir a jīrṇake ||
6_sastra/7_ayur/vagaah_u.txt	21551	a			śvitre kuṣṭheṣv a jarake sadane viṣame 'nale ||
6_sastra/7_ayur/vagaah_u.txt	21705	a			a virecyasya śamanā vasti kṣīra ghṛtādayaḥ |
6_sastra/7_ayur/vagaah_u.txt	21805	a			tathā vrajaty a gada tāṃ śarīrāntaram eva vā |
6_sastra/7_ayur/vagaah_u.txt	21877	a			a śāntau gulma vidhinā yojayed agni karma ca ||
6_sastra/7_ayur/vagaah_u.txt	21879	a			a prāpta picchā salile plīhni vāta kapholbaṇe |
6_sastra/7_ayur/vagaah_u.txt	21917	a			pibed a jarake śophe pravṛddhe codakodare ||
6_sastra/7_ayur/vagaah_u.txt	21921	a			ity auṣadhair a praśame triṣu baddhodarādiṣu |
6_sastra/7_ayur/vagaah_u.txt	21971	a			niḥsrute laṅghitaḥ peyām a sneha lavaṇāṃ pibet ||
6_sastra/7_ayur/vagaah_u.txt	21983	a			varjyeṣu yantrito diṣṭe nāty a diṣṭe jitendriyaḥ |
6_sastra/7_ayur/vagaah_u.txt	22093	a			pāṇḍu rogaṃ jvaraṃ dāhaṃ kāsaṃ śvāsam a rocakam |
6_sastra/7_ayur/vagaah_u.txt	22125	a			kuṣṭhāny a jarakaṃ śopham ūru stambham a rocakam ||
6_sastra/7_ayur/vagaah_u.txt	22125	a			kuṣṭhāny a jarakaṃ śopham ūru stambham a rocakam ||
6_sastra/7_ayur/vagaah_u.txt	22139	a			kuṣṭhāny a jarakaṃ mehaṃ śophaṃ śvāsam a rocakam ||
6_sastra/7_ayur/vagaah_u.txt	22139	a			kuṣṭhāny a jarakaṃ mehaṃ śophaṃ śvāsam a rocakam ||
6_sastra/7_ayur/vagaah_u.txt	22335	a			śvayathu kṣavathūdarāgni sādair abhibhūto 'pi piban bhavaty a rogaḥ ||
6_sastra/7_ayur/vagaah_u.txt	22455	a			sroto vibandhe mande 'gnāv a rucau stimitāśayaḥ |
6_sastra/7_ayur/vagaah_u.txt	22491	a			grāmyāb jānūpaṃ piśitam a balaṃ śuṣka śākaṃ tilānnaṃ ||
6_sastra/7_ayur/vagaah_u.txt	22497	a			dhānā vallūraṃ samaśanam atho gurv a sātmyaṃ vidāhi ||
6_sastra/7_ayur/vagaah_u.txt	22517	a			a viśodhyasya doṣe 'lpe śamanaṃ candanotpalam ||
6_sastra/7_ayur/vagaah_u.txt	22531	a			amṛta vṛṣa paṭolaṃ mustakaṃ saptaparṇaṃ || a ||
6_sastra/7_ayur/vagaah_u.txt	22589	a			a śītoṣṇā hitā rūkṣā rakta pitte ghṛtānvitāḥ |
6_sastra/7_ayur/vagaah_u.txt	22673	a			visarpo na hy a saṃsṛṣṭaḥ sa sra pittena jāyate |
6_sastra/7_ayur/vagaah_u.txt	22775	a			pītvā tad eka divasāntaritaṃ su jīrṇe bhuñjīta kodravam a saṃskṛta kāñjikena |
6_sastra/7_ayur/vagaah_u.txt	22857	a			kuṣṭhī pītvā māsam a ruk syād guda kīlī ||
6_sastra/7_ayur/vagaah_u.txt	22945	a			stabdhāni supta suptāny a svedana kaṇḍulāni kuṣṭhāni |
6_sastra/7_ayur/vagaah_u.txt	23111	a			doṣe hy ati mātra hṛte vāyur hanyād a balam āśu ||
6_sastra/7_ayur/vagaah_u.txt	23123	a			niḥ saṃdehaṃ yāty a sādhya tvam evaṃ ||
6_sastra/7_ayur/vagaah_u.txt	23139	a			kuṣṭhād api bībhatsaṃ yac chīghra taraṃ ca yāty a sādhya tvam |
6_sastra/7_ayur/vagaah_u.txt	23277	a			sa pañca kola lavaṇam a sāndraṃ takram eva vā |
6_sastra/7_ayur/vagaah_u.txt	23343	a			a sakṛt taṃ punaḥ snehaiḥ svedaiś ca pratipādayet ||
6_sastra/7_ayur/vagaah_u.txt	23419	a			athāpatānakenārtam a srastākṣam a vepanam ||
6_sastra/7_ayur/vagaah_u.txt	23419	a			athāpatānakenārtam a srastākṣam a vepanam ||
6_sastra/7_ayur/vagaah_u.txt	23421	a			a stabdha meḍhram a svedaṃ bahir āyāma varjitam |
6_sastra/7_ayur/vagaah_u.txt	23421	a			a stabdha meḍhram a svedaṃ bahir āyāma varjitam |
6_sastra/7_ayur/vagaah_u.txt	23423	a			a khaṭvāghātinaṃ cainaṃ tvaritaṃ samupācaret ||
6_sastra/7_ayur/vagaah_u.txt	23443	a			vegāntareṣu mūrdhānam a sakṛc cāsya recayet ||
6_sastra/7_ayur/vagaah_u.txt	23541	a			śākair a lavaṇaiḥ śastāḥ kiñ cit tailair jalaiḥ śṛtaiḥ ||
6_sastra/7_ayur/vagaah_u.txt	23543	a			jāṅgalair a ghṛtair māṃsair madhv ambho 'riṣṭa pāyinaḥ |
6_sastra/7_ayur/vagaah_u.txt	23591	a			saṃpītaṃ nāśayet kṣipram a sādhyām api gṛdhrasīm ||
6_sastra/7_ayur/vagaah_u.txt	23721	a			plīha śoṣāv apasmāram a lakṣmīṃ ca praṇāśayet |
6_sastra/7_ayur/vagaah_u.txt	24219	a			romaśe kṣīra saṃtānaṃ dadhy uttaram a romaśe |
6_sastra/7_ayur/vagaah_u.txt	24229	a			kaphād a rocake kāse pāṇḍu tve rāja yakṣmaṇi ||
6_sastra/7_ayur/vagaah_u.txt	24285	a			kaphodbhave jvare kāse gala rogeṣv a rocake ||
6_sastra/7_ayur/vagaah_u.txt	24405	a			gambhīrānugataṃ ślakṣṇam a tiryag visṛtaṃ ca yat |
6_sastra/7_ayur/vagaah_u.txt	24409	a			a tiryag vistṛtaṃ ca yat
6_sastra/7_ayur/vagaah_u.txt	24471	a			gulmaṃ plīhodaraṃ kāsaṃ halīmakam a rocakam |
6_sastra/7_ayur/vagaah_u.txt	24489	a			paktvā mṛdv agninā khādet tato mātrām a yantraṇaḥ ||
6_sastra/7_ayur/vagaah_u.txt	24491	a			trīn guḍārdha tulonmitān tato mātrām a yantritaḥ
6_sastra/7_ayur/vagaah_u.txt	24493	a			mandāgni tvaṃ jvaraṃ mūrchāṃ mūtra kṛcchram a rocakam || ab ||
6_sastra/7_ayur/vagaah_u.txt	24513	a			a vipattir ayaṃ yogaḥ praśastaḥ pitta rogiṇām ||
6_sastra/7_ayur/vagaah_u.txt	24723	a			ati tīkṣṇa hima stokam a jīrṇe dur balena vā ||
6_sastra/7_ayur/vagaah_u.txt	24731	a			a jīrṇinaḥ śleṣma vato vrajaty ūrdhvaṃ virecanam |
6_sastra/7_ayur/vagaah_u.txt	24733	a			ati tīkṣṇoṣṇa lavaṇam a hṛdyam ati bhūri vā ||
6_sastra/7_ayur/vagaah_u.txt	24741	a			a snigdha svinna dehasya purāṇaṃ rūkṣam auṣadham ||
6_sastra/7_ayur/vagaah_u.txt	24743	a			anya tra sātmyād dhṛdyād ca a snigdhā svinna dehasya
6_sastra/7_ayur/vagaah_u.txt	24745	a			doṣān utkleśya nirhartum a śaktaṃ janayed gadān |
6_sastra/7_ayur/vagaah_u.txt	24759	a			tān eva janayed rogān a yogaḥ sarva eva saḥ ||
6_sastra/7_ayur/vagaah_u.txt	24905	a			a bhukte pittam ādiśet
6_sastra/7_ayur/vagaah_u.txt	25359	a			a snigdha svinna dehasya guru koṣṭhasya yojitaḥ |
6_sastra/7_ayur/vagaah_u.txt	25365	a			vastiḥ saṃkṣobhya taṃ doṣaṃ dur bala tvād a nirharan |
6_sastra/7_ayur/vagaah_u.txt	25367	a			karoty a yogaṃ tena syād vāta mūtra śakṛd grahaḥ ||
6_sastra/7_ayur/vagaah_u.txt	25373	a			kaṇḍūr gaṇḍāni vaivarṇyam a ratir vahni mārdavam ||
6_sastra/7_ayur/vagaah_u.txt	25417	a			a snigdha lavaṇoṣṇo vā vastir alpo 'lpa bheṣajaḥ |
6_sastra/7_ayur/vagaah_u.txt	25583	a			a bhukte śūna pāyau vā peyā mātrāśitasya vā ||
6_sastra/7_ayur/vagaah_u.txt	25673	a			a phāla kṛṣṭe 'n ākrānte pādapair bala vat taraiḥ ||
6_sastra/7_ayur/vagaah_u.txt	25679	a			jantv a jagdhaṃ davā dagdham a vidagdhaṃ ca vaikṛtaiḥ ||
6_sastra/7_ayur/vagaah_u.txt	25679	a			jantv a jagdhaṃ davā dagdham a vidagdhaṃ ca vaikṛtaiḥ ||
6_sastra/7_ayur/vagaah_u.txt	25681	a			jantv a juṣṭaṃ davā dagdham a vijagdhaṃ ca vaikṛtaiḥ
6_sastra/7_ayur/vagaah_u.txt	25681	a			jantv a juṣṭaṃ davā dagdham a vijagdhaṃ ca vaikṛtaiḥ
6_sastra/7_ayur/vagaah_u.txt	25701	a			sa kṣīraṃ tad a saṃpattāv an atikrānta vatsaram |
6_sastra/7_ayur/vagaah_u.txt	25763	a			sneha pāke tv a mānoktau catur guṇa vivardhitam |
6_sastra/7_ayur/vagaah_u.txt	25815	a			kalkī kuryāc ca bhaiṣajyam a nirūpita kalpanam ||
6_sastra/7_ayur/vagaah_u.txt	25817	a			aṅgān uktau tu mūlaṃ syād a prasiddhau tad eva tu |
6_sastra/7_ayur/vagaah_u.txt	25821	a			a nirdiṣṭā prasiddheṣu mūlaṃ grāhyaṃ tvag ādiṣu
6_sastra/7_ayur/vagaah_u.txt	25843	a			śabdānya tvam a bhinne 'rthe śuktir aṣṭamikā picū |
6_sastra/7_ayur/vagaah_u.txt	25847	a			śabdān evam a bhinne 'rthe śabdā hy amī a bhinne 'rthe
6_sastra/7_ayur/vagaah_u.txt	25847	a			śabdān evam a bhinne 'rthe śabdā hy amī a bhinne 'rthe
6_sastra/7_ayur/vagaah_u.txt	25939	a			stanya dhātryāv ubhe kārye tad a saṃpadi vatsale ||
6_sastra/7_ayur/vagaah_u.txt	25943	a			a vyaṅge brahma cāriṇyau varṇa prakṛtitaḥ same |
6_sastra/7_ayur/vagaah_u.txt	26061	a			rogāṃś cāsya jayet saumyair bheṣajair a viṣādakaiḥ |
6_sastra/7_ayur/vagaah_u.txt	26065	a			bheṣajair a viṣādikaiḥ bheṣajair a vipādikaiḥ bheṣajair
6_sastra/7_ayur/vagaah_u.txt	26065	a			bheṣajair a viṣādikaiḥ bheṣajair a vipādikaiḥ bheṣajair
6_sastra/7_ayur/vagaah_u.txt	26067	a			a vipādakaiḥ
6_sastra/7_ayur/vagaah_u.txt	26139	a			svāsthyaṃ tābhyām a duṣṭābhyāṃ duṣṭābhyāṃ roga saṃbhavaḥ ||
6_sastra/7_ayur/vagaah_u.txt	26159	a			śiśos tīkṣṇam a tīkṣṇaṃ ca
6_sastra/7_ayur/vagaah_u.txt	26365	a			a rocakaḥ pratiśyāyo jvaraḥ kāsaś ca jāyate ||
6_sastra/7_ayur/vagaah_u.txt	26373	a			śuṣyato madhu sarpirbhyām a rucy ādiṣu yojayet |
6_sastra/7_ayur/vagaah_u.txt	26497	a			pṛṣṭhārur guda kuṭṭaṃ ca ke cic ca tam a nāmikam ||
6_sastra/7_ayur/vagaah_u.txt	26499	a			ke cic ca tam a nāmakam vadanty anye 'pi pūtanam
6_sastra/7_ayur/vagaah_u.txt	26571	a			nakhair a kasmāt paritaḥ sva dhātry aṅga vilekhanam ||
6_sastra/7_ayur/vagaah_u.txt	26693	a			a rocako 'ṅga glapanaṃ go mūtra sama gandha tā |
6_sastra/7_ayur/vagaah_u.txt	26727	a			kṣata jihvaḥ kvaṇed bāḍham a sukhī sāśru locanaḥ ||
6_sastra/7_ayur/vagaah_u.txt	26733	a			a sukhī sāsra locanaḥ
6_sastra/7_ayur/vagaah_u.txt	26947	a			dig vāsas tvaṃ guror nindā rater a vidhi sevanam |
6_sastra/7_ayur/vagaah_u.txt	26949	a			a śucer devatārcādi para sūtaka saṃkaraḥ ||
6_sastra/7_ayur/vagaah_u.txt	26951	a			a śucer devatārāddhiḥ para sūtaka saṃkarāt
6_sastra/7_ayur/vagaah_u.txt	26983	a			phulla padmopama mukhaṃ saumya dṛṣṭim a kopanam |
6_sastra/7_ayur/vagaah_u.txt	26995	a			a nidram a pradhṛṣyaṃ ca vidyād deva vaśī kṛtam ||
6_sastra/7_ayur/vagaah_u.txt	26995	a			a nidram a pradhṛṣyaṃ ca vidyād deva vaśī kṛtam ||
6_sastra/7_ayur/vagaah_u.txt	27029	a			śvasantam a niśaṃ jihvā lolinaṃ sṛkkiṇī liham |
6_sastra/7_ayur/vagaah_u.txt	27039	a			matsya māṃsa ruciṃ hṛṣṭaṃ tuṣṭaṃ balinam a vyatham ||
6_sastra/7_ayur/vagaah_u.txt	27043	a			tuṣṭaṃ balinam a vyatham
6_sastra/7_ayur/vagaah_u.txt	27045	a			tuṣṭaṃ balinam a vyayam
6_sastra/7_ayur/vagaah_u.txt	27079	a			nir lajjam a śuciṃ śūraṃ krūraṃ paruṣa bhāṣiṇam |
6_sastra/7_ayur/vagaah_u.txt	27091	a			a svastha cittaṃ naika tra tiṣṭhantaṃ paridhāvinam |
6_sastra/7_ayur/vagaah_u.txt	27095	a			nirbhartsanād dīna mukhaṃ rudantam a nimittataḥ |
6_sastra/7_ayur/vagaah_u.txt	27167	a			a prasanna dṛśaṃ dīna vadanaṃ śuṣka tālukam |
6_sastra/7_ayur/vagaah_u.txt	27191	a			a svastha manasaṃ dairghya kālikaṃ sa grahaṃ tyajet ||
6_sastra/7_ayur/vagaah_u.txt	27195	a			bhūtaṃ jayed a hiṃsecchaṃ japa homa bali vrataiḥ |
6_sastra/7_ayur/vagaah_u.txt	27199	a			bhūtaṃ jayed a hiṃsotthaṃ tapaḥ śīla samādhyāna |
6_sastra/7_ayur/vagaah_u.txt	27333	a			ghṛtam a navam a śeṣa mūtrāṃśa siddhaṃ mataṃ bhūta rāvāhvayaṃ pānatas tad
6_sastra/7_ayur/vagaah_u.txt	27333	a			ghṛtam a navam a śeṣa mūtrāṃśa siddhaṃ mataṃ bhūta rāvāhvayaṃ pānatas tad
6_sastra/7_ayur/vagaah_u.txt	27565	a			śārīra mānasair duṣṭair a hitād anna pānataḥ |
6_sastra/7_ayur/vagaah_u.txt	27591	a			bhramaty a cintitārambhas tatra vātāt kṛśāṅga tā ||
6_sastra/7_ayur/vagaah_u.txt	27595	a			a sthāne rodanākrośa hasita smita nartanam |
6_sastra/7_ayur/vagaah_u.txt	27599	a			a sāmnā veṇu vīṇādi śabdānukaraṇaṃ muhuḥ |
6_sastra/7_ayur/vagaah_u.txt	27609	a			alaṅkāro 'n alaṅkārair a yānair gamanodyamaḥ |
6_sastra/7_ayur/vagaah_u.txt	27623	a			a satya jvalana jvālā tārakā dīpa darśanam ||
6_sastra/7_ayur/vagaah_u.txt	27625	a			netra tvak pīta varṇa tā a sati jvalane jvālā |
6_sastra/7_ayur/vagaah_u.txt	27627	a			a satya jvalanolkādi |
6_sastra/7_ayur/vagaah_u.txt	27629	a			kaphād a rocakaś chardir alpehāhāra vākya tā |
6_sastra/7_ayur/vagaah_u.txt	27647	a			rodity a kasmān mriyate tad guṇān bahu manyate |
6_sastra/7_ayur/vagaah_u.txt	27651	a			rodity a kasmāt smayate
6_sastra/7_ayur/vagaah_u.txt	27725	a			a retasy a prajasi vā daivopahata cetasi |
6_sastra/7_ayur/vagaah_u.txt	27725	a			a retasy a prajasi vā daivopahata cetasi |
6_sastra/7_ayur/vagaah_u.txt	27727	a			a medhasi skhalad vāci smṛti kāme 'lpa pāvake ||
6_sastra/7_ayur/vagaah_u.txt	27729	a			a retasy alpa rajasi
6_sastra/7_ayur/vagaah_u.txt	27923	a			paśyann a santi rūpāṇi praskhalan patati kṣitau |
6_sastra/7_ayur/vagaah_u.txt	27937	a			a śabda śravaṇaṃ svedo lālā siṅghāṇaka srutiḥ |
6_sastra/7_ayur/vagaah_u.txt	27939	a			a vipāko 'rucir mūrchā kukṣy āṭopo bala kṣayaḥ ||
6_sastra/7_ayur/vagaah_u.txt	28097	a			sarva roga nidānoktair a hitaiḥ kupitā malāḥ |
6_sastra/7_ayur/vagaah_u.txt	28099	a			a cakṣuṣyair viśeṣeṇa prāyaḥ pittānusāriṇaḥ ||
6_sastra/7_ayur/vagaah_u.txt	28115	a			karoty a ruṅ nimeṣo 'sau vartma yat tu nimīlyate ||
6_sastra/7_ayur/vagaah_u.txt	28171	a			yad vartmotkliṣṭam utkliṣṭam a kasmān mlāna tām iyāt |
6_sastra/7_ayur/vagaah_u.txt	28347	a			kartavyaṃ lagaṇe 'py etad a śāntāv agninā dahet |
6_sastra/7_ayur/vagaah_u.txt	28429	a			dahed a śāntau nirbhujya vartma doṣāśrayāṃ valīm |
6_sastra/7_ayur/vagaah_u.txt	28457	a			mahān a pākaḥ kaṇḍū mān upanāhaḥ sa nī rujaḥ |
6_sastra/7_ayur/vagaah_u.txt	28497	a			sarvaṃ śuklam a dāha ruk
6_sastra/7_ayur/vagaah_u.txt	28501	a			śuklārma śophas tv a rujaḥ sa varṇo bahalo 'mṛduḥ ||
6_sastra/7_ayur/vagaah_u.txt	28511	a			a śophāśrūpadehaṃ ca sirotpātaḥ sa śoṇitāt ||
6_sastra/7_ayur/vagaah_u.txt	28527	a			mṛdv āśu vṛddhy a ruṅ māṃsaṃ prastāri śyāva lohitam ||
6_sastra/7_ayur/vagaah_u.txt	28565	a			tṛtīya paṭala cchedād a sādhyaṃ nicitaṃ vraṇaiḥ |
6_sastra/7_ayur/vagaah_u.txt	28583	a			a nimittoṣṇa śītāccha ghanāsra sruc ca tat tyajet |
6_sastra/7_ayur/vagaah_u.txt	28711	a			kanīnaka vyadhād a sru |
6_sastra/7_ayur/vagaah_u.txt	28861	a			sirā śukre tv a dṛṣṭi ghne cikitsā vraṇa śukra vat |
6_sastra/7_ayur/vagaah_u.txt	28871	a			a śāntāv arma vac chastram ajakākhye ca yojayet |
6_sastra/7_ayur/vagaah_u.txt	28873	a			ajakāyām a sādhyāyāṃ śukre 'nya tra ca tad vidhe ||
6_sastra/7_ayur/vagaah_u.txt	28885	a			cūrṇaṃ śukreṣv a sādhyeṣu tad vaivarṇya ghnam añjanam |
6_sastra/7_ayur/vagaah_u.txt	28917	a			a vyaktam īkṣate rūpaṃ vyaktam apy a nimittataḥ ||
6_sastra/7_ayur/vagaah_u.txt	28917	a			a vyaktam īkṣate rūpaṃ vyaktam apy a nimittataḥ ||
6_sastra/7_ayur/vagaah_u.txt	28919	a			prathamaṃ paṭalaṃ gate a vyaktam īkṣyate rūpaṃ
6_sastra/7_ayur/vagaah_u.txt	28921	a			prāpte dvitīyaṃ paṭalaṃ a bhūtam api paśyati |
6_sastra/7_ayur/vagaah_u.txt	28965	a			kācī bhūte dṛg aruṇā paśyaty āsyam a nāsikam |
6_sastra/7_ayur/vagaah_u.txt	29027	a			timirādīn a kasmāc ca taiḥ syād vyaktākulekṣaṇaḥ ||
6_sastra/7_ayur/vagaah_u.txt	29307	a			nāgāñjanāśmāla śilārka vaṅgais triṃśad dvi pañca dvayam a dvikaikaiḥ |
6_sastra/7_ayur/vagaah_u.txt	29333	a			rasa kriyeyam a cirād andhānāṃ darśana pradā ||
6_sastra/7_ayur/vagaah_u.txt	29337	a			kṣīrārdra dagdham añjanam a pratisārākhyam uttamaṃ timire ||
6_sastra/7_ayur/vagaah_u.txt	29343	a			chāyayaiva guṭikāḥ pariśuṣkā nāśayanti timirāṇy a cireṇa ||
6_sastra/7_ayur/vagaah_u.txt	29589	a			saṃniveśya yakṛn madhye pippalīr a dahan pacet |
6_sastra/7_ayur/vagaah_u.txt	29617	a			tarpaṇaṃ kṣīra sarpiḥ syād a śāmyati sirā vyadhaḥ |
6_sastra/7_ayur/vagaah_u.txt	29647	a			a hitād aśanāt sadā nivṛttir bhṛśa bhās vac cala sūkṣma vīkṣaṇāc ca |
6_sastra/7_ayur/vagaah_u.txt	29689	a			na vidhyed a sirārhāṇāṃ na tṛṭ pīnasa kāsinām |
6_sastra/7_ayur/vagaah_u.txt	29715	a			vidhyet su viddhe śabdaḥ syād a ruk cāmbu lava srutiḥ ||
6_sastra/7_ayur/vagaah_u.txt	29723	a			a bādhamānaḥ śanakair nāsāṃ prati nudaṃs tataḥ |
6_sastra/7_ayur/vagaah_u.txt	29765	a			a hitair vedha doṣāc ca yathā svaṃ tān upācaret ||
6_sastra/7_ayur/vagaah_u.txt	29767	a			a hitair vedhya doṣāc ca yathā svaṃ tān upakramet
6_sastra/7_ayur/vagaah_u.txt	29851	a			vyathāṃ tīvrām a paicchilya rāga śophaṃ vilocanam ||
6_sastra/7_ayur/vagaah_u.txt	30087	a			a śāntau sarva thā manthe bhruvor upari dāhayet ||
6_sastra/7_ayur/vagaah_u.txt	30241	a			pillān a pillān kurute bahu varṣotthitān api ||
6_sastra/7_ayur/vagaah_u.txt	30295	a			pūyālase tv a śānte 'nte dāhaḥ sūkṣma śalākayā |
6_sastra/7_ayur/vagaah_u.txt	30299	a			pūyālase tv a śānte tu catur ṇavatir ity akṣṇor
6_sastra/7_ayur/vagaah_u.txt	30301	a			paras param a saṃkīrṇāḥ kārtsnyena gaditā gadāḥ |
6_sastra/7_ayur/vagaah_u.txt	30315	a			varjayed vega saṃrodham a jīrṇādhyaśanāni ca ||
6_sastra/7_ayur/vagaah_u.txt	30317	a			a jīrṇādhyaśanādi ca
6_sastra/7_ayur/vagaah_u.txt	30357	a			śrotraṃ śūnyam a kasmāc ca syāt saṃcāra vicāra vat ||
6_sastra/7_ayur/vagaah_u.txt	30385	a			nādān a kasmād vividhān karṇa nādaṃ vadanti tam ||
6_sastra/7_ayur/vagaah_u.txt	30471	a			eṣām a sādhyā yāpyaikā tantrikānyāṃs tu sādhayet |
6_sastra/7_ayur/vagaah_u.txt	30743	a			su varṣmāṇam a rogaṃ ca śanaiḥ karṇaṃ vivardhayet ||
6_sastra/7_ayur/vagaah_u.txt	30839	a			sarva jo lakṣaṇaiḥ sarvair a kasmād vṛddhi śānti mān ||
6_sastra/7_ayur/vagaah_u.txt	30857	a			kupyaty a kasmād bahu śo mukha daurgandhya śopha kṛt |
6_sastra/7_ayur/vagaah_u.txt	30909	a			kaphaḥ pravṛddho nāsāyāṃ ruddhvā srotāṃsy a pīnasam |
6_sastra/7_ayur/vagaah_u.txt	30963	a			laghv amla lavaṇaṃ snigdham uṣṇaṃ bhojanam a dravam ||
6_sastra/7_ayur/vagaah_u.txt	31115	a			a kasmān mlāna saṃśūna rujau viṣama pākinau |
6_sastra/7_ayur/vagaah_u.txt	31161	a			a dhāvanān malo dante kapho vā vāta śoṣitaḥ |
6_sastra/7_ayur/vagaah_u.txt	31183	a			a hetu tīvrārti śamaḥ sa saṃrambho 'sitaś calaḥ ||
6_sastra/7_ayur/vagaah_u.txt	31187	a			śleṣma raktena pūtīni vahanty asram a hetukam ||
6_sastra/7_ayur/vagaah_u.txt	31279	a			kacchapaḥ kacchapākāraś cira vṛddhiḥ kaphād a ruk ||
6_sastra/7_ayur/vagaah_u.txt	31339	a			jihvāvasāne kaṇṭhādāv a pākaṃ śvayathuṃ malāḥ ||
6_sastra/7_ayur/vagaah_u.txt	31511	a			a hiṃsan danta mūlāni dantebhyaḥ śarkarāṃ haret ||
6_sastra/7_ayur/vagaah_u.txt	31517	a			jayed visrāvaṇaiḥ svinnam a calaṃ kṛmi dantakam |
6_sastra/7_ayur/vagaah_u.txt	31521	a			a balaṃ kṛmi dantakam
6_sastra/7_ayur/vagaah_u.txt	31549	a			kriyā yogair bahu vidhair ity a śānta rujaṃ bhṛśam |
6_sastra/7_ayur/vagaah_u.txt	31665	a			ervāru bīja pratimaṃ vṛddhāyām a sirā tatam |
6_sastra/7_ayur/vagaah_u.txt	31685	a			a pakve tālu pāke tu kāsīsa kṣaudra tārkṣya jaiḥ |
6_sastra/7_ayur/vagaah_u.txt	31695	a			tālu śoṣe tv a tṛṣṇasya sarpir uttara bhaktikam |
6_sastra/7_ayur/vagaah_u.txt	31793	a			a śāntau pācayitvā ca sarvān vraṇa vad ācaret |
6_sastra/7_ayur/vagaah_u.txt	31797	a			a śāntau pāṭayitvā ca prayojyā mukha pāvanāḥ
6_sastra/7_ayur/vagaah_u.txt	31817	a			nave 'rbude tv a saṃvṛddhe chedite pratisāraṇam ||
6_sastra/7_ayur/vagaah_u.txt	31977	a			pītaḥ kaṣāyo madhunā nihanti mukhe sthitaś cāsya gadān a śeṣān ||
6_sastra/7_ayur/vagaah_u.txt	31979	a			mukhotthitāṃś cāśu gadān a śeṣān
6_sastra/7_ayur/vagaah_u.txt	31995	a			tasmāt teṣām a sakṛd rudhiraṃ visrāvayed duṣṭam ||
6_sastra/7_ayur/vagaah_u.txt	32023	a			a sātmya gandha duṣṭāma bhāṣyādyaiś ca śiro gatāḥ |
6_sastra/7_ayur/vagaah_u.txt	32027	a			a sātmya gandha duṣṭāmbu |
6_sastra/7_ayur/vagaah_u.txt	32055	a			a ruciḥ kapha je mūrdhno guru stimita śīta tā |
6_sastra/7_ayur/vagaah_u.txt	32101	a			a vyavasthita śītoṣṇa sukhā śāmyaty ataḥ param ||
6_sastra/7_ayur/vagaah_u.txt	32129	a			roma kūpān ruṇaddhy asya tenānyeṣām a saṃbhavaḥ ||
6_sastra/7_ayur/vagaah_u.txt	32153	a			doṣaiḥ sarvākṛtiḥ sarvair a sādhyā sā nakha prabhā |
6_sastra/7_ayur/vagaah_u.txt	32173	a			a sādhyā saṃnipātena khalatiḥ palitāni ca |
6_sastra/7_ayur/vagaah_u.txt	32221	a			ity a śāntau cale dāhaḥ kaphe ceṣṭo yathoditaḥ |
6_sastra/7_ayur/vagaah_u.txt	32303	a			a śāntau śirasaḥ śuddhyai yateta vamanādibhiḥ |
6_sastra/7_ayur/vagaah_u.txt	32497	a			paras param a saṃkīrṇaṃ vistareṇa prakāśitam ||
6_sastra/7_ayur/vagaah_u.txt	32607	a			pipāsūnām a nidrāṇāṃ śvāsinām a vipākinām ||
6_sastra/7_ayur/vagaah_u.txt	32607	a			pipāsūnām a nidrāṇāṃ śvāsinām a vipākinām ||
6_sastra/7_ayur/vagaah_u.txt	32615	a			asthi bhedāt sa śalya tvāt sa viṣa tvād a tarkitāt |
6_sastra/7_ayur/vagaah_u.txt	32619	a			kṣobhād a śuddha koṣṭha tvāt sauhityād ati karśanāt |
6_sastra/7_ayur/vagaah_u.txt	32659	a			śata dhauta ghṛtopetair muhur anyair a śoṣibhiḥ |
6_sastra/7_ayur/vagaah_u.txt	32691	a			a vidagdhas tathā śāntiṃ vidagdhaḥ pākam aśnute ||
6_sastra/7_ayur/vagaah_u.txt	32729	a			a viśuddhe viśuddhe tu nyagrodhādi tvag udbhavaḥ ||
6_sastra/7_ayur/vagaah_u.txt	32793	a			apeta pūti māṃsānāṃ māṃsa sthānām a rohatām ||
6_sastra/7_ayur/vagaah_u.txt	32973	a			a sādhyaṃ sphuṭitaṃ netram a dīrṇaṃ lambate tu yat |
6_sastra/7_ayur/vagaah_u.txt	32973	a			a sādhyaṃ sphuṭitaṃ netram a dīrṇaṃ lambate tu yat |
6_sastra/7_ayur/vagaah_u.txt	32975	a			saṃniveśya yathā sthānam a vyāviddha siraṃ bhiṣak ||
6_sastra/7_ayur/vagaah_u.txt	33079	a			a bhinno 'py āśayaḥ sūkṣmaiḥ srotobhir abhipūryate |
6_sastra/7_ayur/vagaah_u.txt	33121	a			vy upadravaḥ sa bhinne 'pi koṣṭhe jīvaty a saṃśayam ||
6_sastra/7_ayur/vagaah_u.txt	33123	a			a bhinnam antraṃ niṣkrāntaṃ praveśyaṃ na tv ato 'nya thā |
6_sastra/7_ayur/vagaah_u.txt	33221	a			pāta ghātādibhir dve dhā bhaṅgo 'sthnāṃ saṃdhy a saṃdhitaḥ |
6_sastra/7_ayur/vagaah_u.txt	33223	a			prasāraṇākuñcanayor a śaktiḥ saṃdhi mukta tā ||
6_sastra/7_ayur/vagaah_u.txt	33225	a			bhaṅgo 'sthnaḥ saṃdhy a saṃdhi gaḥ bhaṅgo 'sthnaḥ
6_sastra/7_ayur/vagaah_u.txt	33227	a			saṃdhy a saṃdhitaḥ
6_sastra/7_ayur/vagaah_u.txt	33231	a			a śaktiś ceṣṭite 'lpe 'pi pīḍyamāne sa śabda tā ||
6_sastra/7_ayur/vagaah_u.txt	33261	a			a saṃśliṣṭa kapālaṃ ca lalāṭaṃ cūrṇitaṃ tathā |
6_sastra/7_ayur/vagaah_u.txt	33287	a			āñched a vikṣiptam adho |
6_sastra/7_ayur/vagaah_u.txt	33289	a			saṃdhīñ charīra gān sarvāṃś calān apy a calān api |
6_sastra/7_ayur/vagaah_u.txt	33389	a			a saṃdhi bhagne rūḍhe tu viṣamolbaṇa sādhite |
6_sastra/7_ayur/vagaah_u.txt	33393	a			a saṃdhi bhagne rūḍhe ca viṣamolbaṇa sādhanaiḥ
6_sastra/7_ayur/vagaah_u.txt	33405	a			śāly ājya rasa dugdhādyaiḥ pauṣṭikair a vidāhibhiḥ |
6_sastra/7_ayur/vagaah_u.txt	33425	a			vigata tuṣān a rajaskān saṃcūrṇya su cūrṇitair yuñjyāt ||
6_sastra/7_ayur/vagaah_u.txt	33477	a			bhagandaraḥ sa sarvāṃś ca dārayaty a kriyā vataḥ |
6_sastra/7_ayur/vagaah_u.txt	33489	a			a pakvaṃ piṭikāṃ āhuḥ pāka prāptaṃ bhagandaram |
6_sastra/7_ayur/vagaah_u.txt	33701	a			aśva pṛṣṭha gamanaṃ cala rodhaṃ madya maithunam a jīrṇam a sātmyam |
6_sastra/7_ayur/vagaah_u.txt	33701	a			aśva pṛṣṭha gamanaṃ cala rodhaṃ madya maithunam a jīrṇam a sātmyam |
6_sastra/7_ayur/vagaah_u.txt	33719	a			sthānāt sthānāntara gatir a kasmād dhāni vṛddhi mān |
6_sastra/7_ayur/vagaah_u.txt	33761	a			a rūḍhe rūḍha mātre vā vraṇe sarva rasāśinaḥ |
6_sastra/7_ayur/vagaah_u.txt	33765	a			vāto 'sram a srutaṃ duṣṭaṃ saṃśoṣya grathitaṃ vraṇam |
6_sastra/7_ayur/vagaah_u.txt	33807	a			paripoṭa yutaṃ kṛṣṇam a nimitta rujaṃ kharam |
6_sastra/7_ayur/vagaah_u.txt	33815	a			kaphād guru snigdham a ruk citaṃ māṃsāṅkurair bṛhat |
6_sastra/7_ayur/vagaah_u.txt	33845	a			a bhedāt pakva śophasya vraṇe cā pathya sevinaḥ ||
6_sastra/7_ayur/vagaah_u.txt	33897	a			tathāpy a pakvaṃ chittvainaṃ sthite rakte 'gninā dahet |
6_sastra/7_ayur/vagaah_u.txt	33899	a			sādhv a śeṣaṃ sa śeṣo hi punar āpyāyate dhruvam ||
6_sastra/7_ayur/vagaah_u.txt	33951	a			traivṛtaṃ vā pibed evam a śāntāv agninā dahet ||
6_sastra/7_ayur/vagaah_u.txt	33977	a			granthīn a pakvān ālimpen nākulī paṭu nāgaraiḥ |
6_sastra/7_ayur/vagaah_u.txt	34005	a			a pakvān evo voddhṛtya kṣārāgnibhyām upācaret ||
6_sastra/7_ayur/vagaah_u.txt	34023	a			sidhyaty a sādhya kalpāpi pānābhyañjana nāvanaiḥ ||
6_sastra/7_ayur/vagaah_u.txt	34071	a			ity a śāntau gadasyānya pārśva jaṅghā samāśritam ||
6_sastra/7_ayur/vagaah_u.txt	34073	a			ity a śāntau gade cānya || pārśve jaṅghā samāśritam
6_sastra/7_ayur/vagaah_u.txt	34103	a			a śastra kṛtyām eṣiṇyā bhittvānte samyag eṣitām ||
6_sastra/7_ayur/vagaah_u.txt	34117	a			snug arka dugdhānvita eṣa kalko vartī kṛto hanty a cireṇa nāḍīm ||
6_sastra/7_ayur/vagaah_u.txt	34131	a			a gatir iva naśyati gatiś capalā capaleṣu bhūtir iva ||
6_sastra/7_ayur/vagaah_u.txt	34149	a			a vaktrā cālajī vṛttā stoka pūyā ghanonnatā ||
6_sastra/7_ayur/vagaah_u.txt	34151	a			yava prakhyā yavākārā a vaktrāś cālajī vṛttāḥ
6_sastra/7_ayur/vagaah_u.txt	34255	a			cipyam a kṣata rogaṃ ca vidyād upa nakhaṃ ca tam |
6_sastra/7_ayur/vagaah_u.txt	34265	a			kṛṣṇān a vedanāṃs tvak sthān māṣāṃs tān eva connatān |
6_sastra/7_ayur/vagaah_u.txt	34293	a			alpa kaṇḍūr a vikledā sā prasuptiḥ prasuptitaḥ ||
6_sastra/7_ayur/vagaah_u.txt	34297	a			a samyag vamanodīrṇa pitta śleṣmānna nigrahaiḥ |
6_sastra/7_ayur/vagaah_u.txt	34307	a			yān a vijñāya muhyeta cikitsāyāṃ cikitsakaḥ || ab ||
6_sastra/7_ayur/vagaah_u.txt	34311	a			visrāvayej jalaukobhir a pakvām ajagallikām |
6_sastra/7_ayur/vagaah_u.txt	34325	a			a śāntau vamanaṃ nasyaṃ lalāṭe ca sirā vyadhaḥ |
6_sastra/7_ayur/vagaah_u.txt	34491	a			anya yonim an icchantīm a gamyāṃ nava sūtikām |
6_sastra/7_ayur/vagaah_u.txt	34591	a			sroto mūtraṃ tato 'bhyeti manda dhāram a vedanam |
6_sastra/7_ayur/vagaah_u.txt	34693	a			nṛ dveṣiṇy a stanī ca syāt ṣaṇḍha saṃjñān upakramā |
6_sastra/7_ayur/vagaah_u.txt	34711	a			kapho 'bhiṣyandibhiḥ kruddhaḥ kuryād yonim a vedanām |
6_sastra/7_ayur/vagaah_u.txt	34733	a			upaplutā smṛtā yonir viplutākhyā tv a dhāvanāt |
6_sastra/7_ayur/vagaah_u.txt	34737	a			a kāla vāhanād vāyuḥ śleṣma rakta vimūrchitaḥ |
6_sastra/7_ayur/vagaah_u.txt	34841	a			sroto dvāram a siddhau tu vidvān śastreṇa pāṭayet |
6_sastra/7_ayur/vagaah_u.txt	34845	a			sroto dvāram a siddhau vā
6_sastra/7_ayur/vagaah_u.txt	35115	a			a duṣṭe prākṛte bīje jīvopakramaṇe sati |
6_sastra/7_ayur/vagaah_u.txt	35187	a			sthāvaraṃ jaṅgamaṃ ceti viṣaṃ proktam a kṛtrimam ||
6_sastra/7_ayur/vagaah_u.txt	35199	a			vikāṣi sūkṣmam a vyakta rasaṃ viṣama pāki ca |
6_sastra/7_ayur/vagaah_u.txt	35203	a			vikāśi sūkṣmam a vyakta | vikāsi sūkṣmam a vyakta |
6_sastra/7_ayur/vagaah_u.txt	35203	a			vikāśi sūkṣmam a vyakta | vikāsi sūkṣmam a vyakta |
6_sastra/7_ayur/vagaah_u.txt	35205	a			rasair yuktam a pāki ca
6_sastra/7_ayur/vagaah_u.txt	35255	a			sarpir madhubhyāṃ saṃyuktam a gadaṃ pāyayed drutam ||
6_sastra/7_ayur/vagaah_u.txt	35263	a			caturthe sneha saṃyuktam a gadaṃ pratiyojayet |
6_sastra/7_ayur/vagaah_u.txt	35307	a			dvi jān abhyarcya taiḥ puṣye kalpayed a gadottamam |
6_sastra/7_ayur/vagaah_u.txt	35319	a			etena satya vākyena a gado me prasidhyatu |
6_sastra/7_ayur/vagaah_u.txt	35333	a			a śeṣa viṣa vetāla graha kārmaṇa pāpmasu |
6_sastra/7_ayur/vagaah_u.txt	35357	a			vīryālpa bhāvād a vibhāvyam etat kaphāvṛtaṃ varṣa gaṇānubandhi |
6_sastra/7_ayur/vagaah_u.txt	35359	a			tenārdito bhinna purīṣa varṇo duṣṭāsra rogī tṛḍ a rocakārtaḥ ||
6_sastra/7_ayur/vagaah_u.txt	35377	a			dūṣī viṣārim a gadaṃ lehayen madhunāplutam ||
6_sastra/7_ayur/vagaah_u.txt	35403	a			kuryād a marma viddhasya hṛdayāvaraṇaṃ drutam |
6_sastra/7_ayur/vagaah_u.txt	35505	a			a jīrṇa varco drava tā pitta māruta vṛddhibhiḥ ||
6_sastra/7_ayur/vagaah_u.txt	35547	a			a yatnāc chleṣma gaṃ sādhyaṃ yatnāt pittāśayāśrayam ||
6_sastra/7_ayur/vagaah_u.txt	35549	a			a yatnāc chlaiṣmikaṃ sādhyaṃ a yatnāc chleṣmakaṃ sādhyaṃ
6_sastra/7_ayur/vagaah_u.txt	35549	a			a yatnāc chlaiṣmikaṃ sādhyaṃ a yatnāc chleṣmakaṃ sādhyaṃ
6_sastra/7_ayur/vagaah_u.txt	35553	a			su duḥ sādhyam a sādhyaṃ vā vātāśaya gataṃ viṣam || ūab ||
6_sastra/7_ayur/vagaah_u.txt	35631	a			ekaṃ daṃṣṭrā padaṃ dve vā vyālīḍhākhyam a śoṇitam |
6_sastra/7_ayur/vagaah_u.txt	35637	a			māṃsa cchedād a vicchinna rakta vāhīni daṣṭakam |
6_sastra/7_ayur/vagaah_u.txt	35641	a			nir viṣaṃ dvayam atrādyam a sādhyaṃ paścimaṃ vadet |
6_sastra/7_ayur/vagaah_u.txt	35643	a			viṣaṃ nāheyam a prāpya raktaṃ dūṣayate vapuḥ ||
6_sastra/7_ayur/vagaah_u.txt	35807	a			niṣpīḍyānūddhared daṃśaṃ marma saṃdhy a gataṃ tathā |
6_sastra/7_ayur/vagaah_u.txt	35825	a			aṅgaṃ sahaiva daṃśena lepayed a gadair muhuḥ ||
6_sastra/7_ayur/vagaah_u.txt	35839	a			sirāsv a dṛśyamānāsu yojyāḥ śṛṅga jalaukasaḥ ||
6_sastra/7_ayur/vagaah_u.txt	35845	a			a skanne viṣa vegād dhi mūrchāya mada hṛd dravāḥ |
6_sastra/7_ayur/vagaah_u.txt	35855	a			pibed ghṛtaṃ ghṛta kṣaudram a gadaṃ vā ghṛtāplutam |
6_sastra/7_ayur/vagaah_u.txt	35895	a			a gadaḥ phaṇināṃ ghore viṣe rājī matām api |
6_sastra/7_ayur/vagaah_u.txt	35905	a			sa kṣaudro maṇḍali viṣe viśeṣād a gado hitaḥ ||
6_sastra/7_ayur/vagaah_u.txt	35955	a			eṣa vyantara daṣṭānām a gadaḥ sārvakārmikaḥ ||
6_sastra/7_ayur/vagaah_u.txt	35971	a			a gadaṃ madhu sarpirbhyāṃ saṃyuktaṃ tvaritaṃ pibet ||
6_sastra/7_ayur/vagaah_u.txt	35985	a			a gadaṃ saptame tīkṣṇaṃ yuñjyād añjana nasyayoḥ ||
6_sastra/7_ayur/vagaah_u.txt	35993	a			a tīkṣṇam a gadaṃ ṣaṣṭhe gaṇaṃ vā padmakādikam ||
6_sastra/7_ayur/vagaah_u.txt	35993	a			a tīkṣṇam a gadaṃ ṣaṣṭhe gaṇaṃ vā padmakādikam ||
6_sastra/7_ayur/vagaah_u.txt	36105	a			sarveṣāṃ karṇikā śopho jvaraḥ kaṇḍūr a rocakaḥ ||
6_sastra/7_ayur/vagaah_u.txt	36135	a			khair vamañ choṇitaṃ kṛṣṇam indriyārthān a saṃvidan ||
6_sastra/7_ayur/vagaah_u.txt	36173	a			chardy a rocaka hṛl lāsa prasekotkleśa pīnasaiḥ |
6_sastra/7_ayur/vagaah_u.txt	36215	a			daśāṅgam a gadaṃ pītvā sarva kīṭa viṣaṃ jayet ||
6_sastra/7_ayur/vagaah_u.txt	36279	a			saindhavaṃ ca vinihanty a gado 'yaṃ lepato 'li kula jaṃ viṣam āśu ||
6_sastra/7_ayur/vagaah_u.txt	36311	a			kṛcchra sādhyā pṛthag doṣair a sādhyā nicayena sā |
6_sastra/7_ayur/vagaah_u.txt	36327	a			a sādhyāyāṃ tu hṛn moha śvāsa hidhmā śiro grahāḥ ||
6_sastra/7_ayur/vagaah_u.txt	36387	a			a vyakta varṇaḥ pracalaḥ kiñ cit kaṇḍū rujānvitaḥ ||
6_sastra/7_ayur/vagaah_u.txt	36425	a			lepayed dagdham a gadair madhu saindhava saṃyutaiḥ ||
6_sastra/7_ayur/vagaah_u.txt	36443	a			a śeṣa lūtā kīṭānām a gadaḥ sārvakārmikaḥ |
6_sastra/7_ayur/vagaah_u.txt	36443	a			a śeṣa lūtā kīṭānām a gadaḥ sārvakārmikaḥ |
6_sastra/7_ayur/vagaah_u.txt	36457	a			a gado mandaro nāma tathānyo gandha mādanaḥ |
6_sastra/7_ayur/vagaah_u.txt	36505	a			sneha kāryam a śeṣaṃ ca sarpiṣaiva samācaret |
6_sastra/7_ayur/vagaah_u.txt	36531	a			a gada varā vṛtta sthāḥ ku gatīr iva vārayanty ete ||
6_sastra/7_ayur/vagaah_u.txt	36623	a			yo 'dbhyas trasyed a daṣṭo 'pi śabda saṃsparśa darśanaiḥ ||
6_sastra/7_ayur/vagaah_u.txt	36733	a			pradihyād a gadais tais taiḥ purāṇaṃ ca ghṛtaṃ pibet ||
6_sastra/7_ayur/vagaah_u.txt	36779	a			a viśuddhe śarīre hi yukto rāsāyano vidhiḥ |
6_sastra/7_ayur/vagaah_u.txt	36871	a			medhā smṛti balopetā babhūvur a mitāyuṣaḥ ||
6_sastra/7_ayur/vagaah_u.txt	36917	a			athālpakair eva dinaiḥ su rūpaḥ strīṣv a kṣayaḥ kuñjara tulya vīryaḥ |
6_sastra/7_ayur/vagaah_u.txt	36995	a			upayujya bhavej jaḍo 'pi vāṅmī śruta dhārī pratibhāna vān a rogaḥ ||
6_sastra/7_ayur/vagaah_u.txt	36997	a			śruti dhārī pratibhāna vān a rogaḥ śruti dhārī pratibhāna vān
6_sastra/7_ayur/vagaah_u.txt	36999	a			a rogī
6_sastra/7_ayur/vagaah_u.txt	37127	a			piṣṭa svedanam a rujaiḥ pūrṇaṃ bhallātakair vijarjaritaiḥ |
6_sastra/7_ayur/vagaah_u.txt	37251	a			tenāsyordhvam adhas tāc ca doṣā yānty a sakṛt tataḥ |
6_sastra/7_ayur/vagaah_u.txt	37253	a			sāyam a sneha lavaṇāṃ yavāgūṃ śītalāṃ pibet ||
6_sastra/7_ayur/vagaah_u.txt	37255	a			doṣā yānty a sakṛt sakṛt
6_sastra/7_ayur/vagaah_u.txt	37457	a			a madya pas tv āranālaṃ phalāmbu parisikthakām ||
6_sastra/7_ayur/vagaah_u.txt	37491	a			a titikṣor a jīrṇaṃ ca laśuno vyāpade dhruvam ||
6_sastra/7_ayur/vagaah_u.txt	37491	a			a titikṣor a jīrṇaṃ ca laśuno vyāpade dhruvam ||
6_sastra/7_ayur/vagaah_u.txt	37493	a			māṃsa madyādi vidviṣaḥ a tityakṣor a jīrṇam ca
6_sastra/7_ayur/vagaah_u.txt	37493	a			māṃsa madyādi vidviṣaḥ a tityakṣor a jīrṇam ca
6_sastra/7_ayur/vagaah_u.txt	37495	a			ati rūkṣair a jīrṇe ca
6_sastra/7_ayur/vagaah_u.txt	37601	a			niṣevamāṇasya bhaven narasya tāruṇya lāvaṇyam a vipraṇaṣṭam ||
6_sastra/7_ayur/vagaah_u.txt	37623	a			niyamena narā niṣevitāro yadi jīvanty a rujaḥ kim atra citram ||
6_sastra/7_ayur/vagaah_u.txt	37625	a			tri phalāyā ghṛta mākṣikānvitāyāḥ yadi jīvanty a jarāḥ kim
6_sastra/7_ayur/vagaah_u.txt	37687	a			bhavanti rakṣobhir a dhṛṣya rūpā medhāvino nir mala mṛṣṭa vākyāḥ ||
6_sastra/7_ayur/vagaah_u.txt	37715	a			varjyaṃ yatnāt sarva kālaṃ tv a jīrṇaṃ varṣeṇaivaṃ yogam evopayuñjyāt ||
6_sastra/7_ayur/vagaah_u.txt	37721	a			bhavati vigata rogo yo 'py a sādhyāmayārtaḥ prabala puruṣa kāraḥ śobhate yo 'pi vṛddhaḥ
6_sastra/7_ayur/vagaah_u.txt	37751	a			vi mala khaṇḍa sitā madhubhiḥ pṛthag yutam a yuktam idaṃ yadi vā ghṛtam |
6_sastra/7_ayur/vagaah_u.txt	37783	a			gṛhṇāti sakṛd apy uktam a vilupta smṛtīndriyaḥ ||
6_sastra/7_ayur/vagaah_u.txt	37801	a			satya vādinam a krodham adhy ātma pravaṇendriyam |
6_sastra/7_ayur/vagaah_u.txt	37813	a			buddhir a skhalitārtheṣu paripūrṇaṃ rasāyanam ||
6_sastra/7_ayur/vagaah_u.txt	37823	a			vājīvāti balo yena yāty a pratihato 'ṅganāḥ ||
6_sastra/7_ayur/vagaah_u.txt	37863	a			a cchāyaḥ pūti kusumaḥ phalena rahito drumaḥ |
6_sastra/7_ayur/vagaah_u.txt	37867	a			skhalad gamanam a vyakta vacanaṃ dhūli dhūsaram |
6_sastra/7_ayur/vagaah_u.txt	37941	a			jāgarti rātriṃ sakalām a khinnaḥ khedayan striyaḥ ||
6_sastra/7_ayur/vagaah_u.txt	37943	a			bastāṇḍa siddhe payasi bhāvitān a sakṛt tilān |
6_sastra/7_ayur/vagaah_u.txt	37945	a			yaḥ khādet sa sitān gacchet sa strī śatam a pūrva vat ||
6_sastra/7_ayur/vagaah_u.txt	38031	a			ācarec ca sakalāṃ rati caryāṃ kāma sūtra vihitām an a vadyām |
6_sastra/7_ayur/vagaah_u.txt	38033	a			deśa kāla bala śakty anurodhād vaidya tantra samayokty a viruddhām ||
6_sastra/7_ayur/vagaah_u.txt	38035	a			kāma śāstra vihitām an a vadyām
6_sastra/7_ayur/vagaah_u.txt	38099	a			unmādaṃ ghṛtam a navaṃ śokaṃ madyaṃ vyapasmṛtiṃ brāhmī |
6_sastra/7_ayur/vagaah_u.txt	38113	a			nasyaṃ mūrdha vikārān vidradhim a cirotthitam asra visrāvaḥ ||
6_sastra/7_ayur/vagaah_u.txt	38151	a			ity ātreyād āgamayyārtha sūtraṃ tat sūktānāṃ peśalānām a tṛptaḥ |
6_sastra/7_ayur/vagaah_u.txt	38159	a			tat sūktīnāṃ peśalānām a tṛptaḥ
6_sastra/7_ayur/vagaah_u.txt	38167	a			hitā hita vibhāgasya phalaṃ tasmād a niścitam ||
6_sastra/7_ayur/vagaah_u.txt	38237	a			etad dhi mṛtyu pāśānām a kāṇḍe chedanaṃ dṛḍham |
6_sastra/7_ayur/vagaah_u.txt	38239	a			rogottrāsita bhītānāṃ rakṣā sūtram a sūtrakam ||
6_sastra/7_ayur/vagaah_u.txt	38249	a			a jñāta śāstra sad bhāvāñ chāstra mātra parāyaṇān |
6_sastra/7_ayur/vagaah_u.txt	38265	a			cikitsā śāstram a khilaṃ vyāpya yat paritaḥ sthitam ||
6_sastra/7_ayur/vagaah_u.txt	38299	a			etat paṭhan saṃgraha bodha śaktaḥ sv abhyasta karmā bhiṣag a prakampyaḥ |
6_sastra/7_ayur/vagaah_u.txt	38307	a			atha caraka vihīnaḥ prakriyāyām a klinnaḥ kim iva khalu karotu vyādhitānāṃ varākaḥ ||
6_sastra/7_ayur/vagaah_u.txt	38317	a			paṭhatu yatna paraḥ puruṣāyuṣaṃ sa khalu vaidyakam ādyam a nirvidaḥ ||
6_sastra/8_jyot/brhats_u.txt	9261	a			a puruṣa lakṣaṇam uktam idam mayā
6_sastra/8_jyot/brhats_u.txt	9481	a			a bhadrapadāsu bhayaṃ salila utthaṃ
6_sastra/8_jyot/brhats_u.txt	11763	a			śāntā tv a varṇāt param ā ruvantī
6_sastra/8_jyot/brhats_u.txt	12409	a			varṇās tv a kāra prabhavā raveḥ syuḥ ||
6_sastra/8_jyot/brhats_u.txt	12657	a			raver a kārāt kramaśaḥ svarāḥ syuḥ ||
1_veda/2_bra/gopbra_u.txt	375	u			tad u ha smāha prajāpatiḥ
1_veda/2_bra/gopbra_u.txt	421	u			tad u ha smāhātharvā devo vijānan yajñaviriṣṭānandānīty upaśamayeran yajñe prāyaścittiḥ kriyate 'pi ca yad u bahv iva yajñe vilomaṃ kriyate na caivāsya kā canārtir bhavati na ca yajñaviṣkandham upayāty apahanti punarmṛtyum apātyeti punārājātiṃ kāmacāro 'sya sarveṣu lokeṣu bhāti ya evaṃ veda yaś caivaṃvidvān brahmā bhavati yasya caivaṃvidvān brahmā dakṣiṇataḥ sado 'dhyāste yasya caivaṃvidvān brahmā dakṣiṇata udaṅmukha āsīno yajña ājyāhutīr juhotīti brāhmaṇam ||
1_veda/2_bra/gopbra_u.txt	421	u			tad u ha smāhātharvā devo vijānan yajñaviriṣṭānandānīty upaśamayeran yajñe prāyaścittiḥ kriyate 'pi ca yad u bahv iva yajñe vilomaṃ kriyate na caivāsya kā canārtir bhavati na ca yajñaviṣkandham upayāty apahanti punarmṛtyum apātyeti punārājātiṃ kāmacāro 'sya sarveṣu lokeṣu bhāti ya evaṃ veda yaś caivaṃvidvān brahmā bhavati yasya caivaṃvidvān brahmā dakṣiṇataḥ sado 'dhyāste yasya caivaṃvidvān brahmā dakṣiṇata udaṅmukha āsīno yajña ājyāhutīr juhotīti brāhmaṇam ||
1_veda/2_bra/gopbra_u.txt	617	u			udāttodāta dvipada a u ity ardhacatasro mātrā makāre vyañjanam ity āhuḥ
1_veda/2_bra/gopbra_u.txt	949	u			tad u te prabravīmi pracodayāt savitā yābhir etīti
1_veda/2_bra/gopbra_u.txt	2391	u			ayam u vai yaḥ pavate sa yajñas
1_veda/2_bra/gopbra_u.txt	2415	u			tad u ha smāha śvetaketur āruṇeyo brahmāṇaṃ dṛṣṭvā bhāṣamāṇam ardhaṃ me 'sya yajñasyāntaragād iti
1_veda/2_bra/gopbra_u.txt	2749	u			etac ced vettha gautama hutaṃ te yady u na vetthāhutaṃ ta iti brāhmaṇam ||
1_veda/2_bra/gopbra_u.txt	3137	u			tam u girijāya bābhravyāyānyo manuṣyebhyaḥ provāca
1_veda/2_bra/gopbra_u.txt	3213	u			atha vā u evaṃ dīkṣayiṣyatha saṃ vai tarhi mohiṣyatha
1_veda/2_bra/gopbra_u.txt	3217	u			atha vā u ekaṃ dīkṣayiṣyatha te vā ahīnartvijo gṛhapatayo bhaviṣyatha
1_veda/2_bra/gopbra_u.txt	3323	u			gṛhapatā u eva sarve sattriṇaḥ pratiṣṭhitāḥ
1_veda/2_bra/gopbra_u.txt	3883	u			evam u haiva tad apareṣāṃ sviditamahnāṃ pareṣām ity apareṣāṃ caiva pareṣāṃ ceti brūyāt ||
1_veda/2_bra/gopbra_u.txt	3899	u			evam u haiva tad apareṣāṃ sviditamahnāṃ pareṣām ity apareṣāṃ caiva pareṣāṃ ceti brūyāt
1_veda/2_bra/gopbra_u.txt	4887	u			tasmād u samupyāgnīṃs tena yajeran
1_veda/2_bra/gopbra_u.txt	4941	u			ṛṣer yajñasya caturvidhasya śraddhāṃ yaḥ śreyasīṃ lokam amuṃ jigāya | yasmai vedāḥ prasṛtāḥ somabindu yuktā vahanti sukṛtām u lokam ||
1_veda/2_bra/gopbra_u.txt	5195	u			tad u haika āhur indrāya paryaharann iti
1_veda/2_bra/gopbra_u.txt	5595	u			tad u haika ekādaśānvāhuḥ
1_veda/2_bra/gopbra_u.txt	5739	u			sa u vai payobhājanas
1_veda/2_bra/gopbra_u.txt	5921	u			yady u na mathyate paurṇamāsam eva tantraṃ bhavati
1_veda/2_bra/gopbra_u.txt	6671	u			tad u haike saptāhutīr juhvati sapta chandāṃsi pravṛttāni pratimantram iti vadantaḥ
1_veda/2_bra/gopbra_u.txt	6713	u			agnir vai draṣṭā tasmā u evātmānaṃ paridadāti
1_veda/2_bra/gopbra_u.txt	6721	u			tasmā u evātmānaṃ paridadāti
1_veda/2_bra/gopbra_u.txt	6729	u			tasmā u evātmānaṃ paridadāti
1_veda/2_bra/gopbra_u.txt	6737	u			tasmā u evātmānaṃ paridadāti
1_veda/2_bra/gopbra_u.txt	6809	u			evam u haitā aindryo bhavanti
1_veda/2_bra/gopbra_u.txt	6835	u			evam u haitā abhitṛṇavatyo bhavanti
1_veda/2_bra/gopbra_u.txt	6887	u			evam u haitā aindrārbhavyo bhavanti
1_veda/2_bra/gopbra_u.txt	6891	u			yad u jagatprāsāhā jāgatam u vai tṛtīyasavanam
1_veda/2_bra/gopbra_u.txt	6891	u			yad u jagatprāsāhā jāgatam u vai tṛtīyasavanam
1_veda/2_bra/gopbra_u.txt	6909	u			yady u vai svayaṃ vai dṛṣṭaṃ bhavati na bahūnāṃ janānām eṣa śraddadhāti
1_veda/2_bra/gopbra_u.txt	6951	u			sa u eṣa somasya sviṣṭakṛdbhāgo yad anuvaṣaṭkaroti ||
1_veda/2_bra/gopbra_u.txt	6973	u			tad u ha smāha vaida etāni vā etena ṣaṭ pratiṣṭhāpayati
1_veda/2_bra/gopbra_u.txt	7047	u			sa u eṣa prahṛto 'śānto dīdāya tasya ha na sarva eva śāntiṃ veda no pratiṣṭhām
1_veda/2_bra/gopbra_u.txt	7057	u			tad u smāha dīrgham evaitait sadaprabhv ojaḥ saha oja ity anumantrayeta
1_veda/2_bra/gopbra_u.txt	7151	u			tad u tatra śāsanaṃ vedayante
1_veda/2_bra/gopbra_u.txt	7163	u			tasmād u hiṃkriyate
1_veda/2_bra/gopbra_u.txt	7165	u			tasmād u ya eva pitā putrāṇāṃ sūrkṣati sa śreṣṭho bhavati
1_veda/2_bra/gopbra_u.txt	7197	u			tasmād u hiṃkṛtyādhvaryavaḥ somam abhiṣuṇvanti
1_veda/2_bra/gopbra_u.txt	7205	u			tasmād u hiṃkriyate
1_veda/2_bra/gopbra_u.txt	7367	u			tasmād u ya eva pūrvam āsīdati sa tat stṛṇute vidvān
1_veda/2_bra/gopbra_u.txt	7427	u			ayam u tvā vicarṣaṇe ity ukthamukham
1_veda/2_bra/gopbra_u.txt	7693	u			yad u virājaṃ daśinīm abhisaṃpadyetāṃ tasmād āhur virāji yajño daśinyāṃ pratiṣṭhita iti
1_veda/2_bra/gopbra_u.txt	7695	u			yad u bṛhatyā pratipadyate bārhato vā eṣa ya eṣa tapati
1_veda/2_bra/gopbra_u.txt	7879	u			ud u tye madhumattamā giraḥ iti bārhataḥ pragāthaḥ
1_veda/2_bra/gopbra_u.txt	7895	u			ud u brahmāṇy airata śravasyā iti paryāsaḥ
1_veda/2_bra/gopbra_u.txt	8111	u			yad u miśram iva caranty añjalinā saktūn pradāvye juhuyāt
1_veda/2_bra/gopbra_u.txt	8183	u			evam u ha yajamāno 'pramāyuko bhavati
1_veda/2_bra/gopbra_u.txt	8271	u			tasmād u evaitāḥ pañca devatā ukthe śasyante ||
1_veda/2_bra/gopbra_u.txt	8275	u			yad u cedaṃ kiṃ ca pāṅktam
1_veda/2_bra/gopbra_u.txt	8293	u			tā u evaitāḥ pañca devatā ukthe śasyante ||
1_veda/2_bra/gopbra_u.txt	8369	u			vayam u tvām apūrvya yo na idamidaṃ purā iti brāhmaṇācchaṃsina stotriyānurūpau
1_veda/2_bra/gopbra_u.txt	8379	u			jāgatam u vai tṛtīyasavanam
1_veda/2_bra/gopbra_u.txt	8497	u			tad yat samavatībhiḥ paridadhaty anto vai paryāso 'nta udarko 'ntaḥ sajāyā u ha vā avaināya
1_veda/2_bra/gopbra_u.txt	8769	u			yāvad u ha vai na vā stuvate na vā śasyate tāvad īśvarā asurā rakṣāṃsi ca yajñam anvavanayanti
1_veda/2_bra/gopbra_u.txt	9179	u			asmā id u pra tavase turāya iti brāhmaṇācchaṃsī
1_veda/2_bra/gopbra_u.txt	9231	u			sadyo ha jāto vṛṣabhaḥ kanīnaḥ ud u brahmāṇy airata śravasyā abhi taṣṭeva dīdhayā manīṣām iti viśvamitraḥ
1_veda/2_bra/gopbra_u.txt	9319	u			ud u brahmāṇy airata śravasyā iti brāhmaṇācchaṃsī
1_veda/2_bra/gopbra_u.txt	9327	u			tad u vai ṣaḍṛcam
1_veda/2_bra/gopbra_u.txt	9353	u			yad u vai daśarcaṃ daśa vai prāṇāḥ
1_veda/2_bra/gopbra_u.txt	9359	u			yad u vai daśarcam
1_veda/2_bra/gopbra_u.txt	9369	u			yad u vai daśarcam
1_veda/2_bra/gopbra_u.txt	9417	u			tad u tathā na kuryāt
1_veda/2_bra/gopbra_u.txt	9673	u			tasmād u kṣatriyo bhūyiṣṭhaṃ hi paśūnām īśate
1_veda/2_bra/gopbra_u.txt	9917	u			sa u mārutaḥ
1_veda/2_bra/gopbra_u.txt	10041	u			chandasām u ha ṣaṣṭhenāhnāktānāṃ raso 'tyanedat
1_veda/2_bra/gopbra_u.txt	10133	u			yady u vai gāthā agner eva gāthāḥ saṃvatsarasya veti brūyāt
1_veda/2_bra/gopbra_u.txt	10135	u			yady u vai mantro 'gnir eva mantraḥ saṃvatsarasya veti brūyāt
1_veda/2_bra/gopbra_u.txt	10299	u			tām u ha jaritaḥ pratyāyan iti prati hi te 'mum āyan
1_veda/2_bra/gopbra_u.txt	10305	u			tām u ha jaritar naḥ pratyagṛbhṇa iti pragṛhyādityam agṛbhṇan
1_veda/2_bra/gopbra_u.txt	10401	u			tad u haike pāvamānībhir eva pūrvaṃ śastvā tata uttarā dādhikrīṃ śaṃsantīyaṃ vāg annādyā yaḥ pavata iti vadantas
1_veda/2_bra/gopbra_u.txt	10403	u			tad u tathā na kūryād upanaśyati ha vāg aśanāyatī
1_veda/2_bra/gopbra_u.txt	10445	u			tad u tathā na kuryāt
1_veda/2_bra/kausibru.txt	291	u			tad u vā āhur yad aśanasya eva juhuyāt |
1_veda/2_bra/kausibru.txt	515	u			ya u vai ke ca ānandāḥ |
1_veda/2_bra/kausibru.txt	599	u			satyamayā u devāḥ |
1_veda/2_bra/kausibru.txt	605	u			rātryā u śīrṣant satyam vadati |
1_veda/2_bra/kausibru.txt	611	u			rātryā u hi śīrṣant satyam vadati |
1_veda/2_bra/kausibru.txt	621	u			satyamayā u devāḥ |
1_veda/2_bra/kausibru.txt	627	u			ahna u śīrṣant satyam vadati |
1_veda/2_bra/kausibru.txt	633	u			ahna u hi śīrṣant satyam vadati |
1_veda/2_bra/kausibru.txt	725	u			tad u ha sma āha kauṣītakiḥ |
1_veda/2_bra/kausibru.txt	781	u			uttarām u ha vai samudro vijate somam anu daivatam |
1_veda/2_bra/kausibru.txt	921	u			tena u ha eva asya svo mahimā iṣṭo bhavati |
1_veda/2_bra/kausibru.txt	1597	u			yady u nakṣatram upepset |
1_veda/2_bra/kausibru.txt	1827	u			sa u vai payo bhojanaḥ |
1_veda/2_bra/kausibru.txt	1971	u			parāñca u vai pitaraḥ |
1_veda/2_bra/kausibru.txt	2027	u			atho parām u vai parāvatam pitaro gatāḥ |
1_veda/2_bra/kausibru.txt	2113	u			yady u na mathyate paurṇamāsam eva tantram bhavati |
1_veda/2_bra/kausibru.txt	2539	u			sarvam ha vā u sa veda ya etā vyāhṛtīr veda |
1_veda/2_bra/kausibru.txt	2789	u			tad yathā haviṣo yāta yāmasya aśnīyād evam u tat |
1_veda/2_bra/kausibru.txt	2799	u			yad u so anyasya nāma na gṛhṇāti |
1_veda/2_bra/kausibru.txt	2893	u			tad u ha sma āha kauṣītakiḥ |
1_veda/2_bra/kausibru.txt	2915	u			dīkṣayaty u ha eva etā yāḥ puruṣe devatāḥ |
1_veda/2_bra/kausibru.txt	2933	u			etām u ha eva tat keśī dārbhyo hiraṇmayāya śakunāya sakṛd iṣṭasya akṣitim provāca |
1_veda/2_bra/kausibru.txt	2973	u			prāñca u eva asminn āsīnā juhvati |
1_veda/2_bra/kausibru.txt	3021	u			udañca u eva yanti vācam śikṣitum |
1_veda/2_bra/kausibru.txt	3163	u			tasmād u śamyvantam bhavati |
1_veda/2_bra/kausibru.txt	3353	u			tad u ha eva asya vaiṣṇavam rūpam |
1_veda/2_bra/kausibru.txt	3373	u			upamānuka u eva enam ratho bhavati ya ete kurute |
1_veda/2_bra/kausibru.txt	3405	u			upanāmuka u eva enam uttaro yajño bhavati yaḥ prthama yajñe na pravṛṇakti |
1_veda/2_bra/kausibru.txt	3523	u			tena u sā ānantaritā bhavati |
1_veda/2_bra/kausibru.txt	3551	u			gāyatra u vai prāṇaḥ |
1_veda/2_bra/kausibru.txt	3595	u			ud u ṣya devaḥ savitā hiraṇyayā ity udyamyamāna udyatavatīm abhirūpām abhiṣṭauti |
1_veda/2_bra/kausibru.txt	3615	u			etam u ha viśantam jagad anu sarvam viśati |
1_veda/2_bra/kausibru.txt	3735	u			kim u devatām anvāvāhya jayed iti |
1_veda/2_bra/kausibru.txt	3865	u			sā prāyaṇīye tām u tatra no bhava |
1_veda/2_bra/kausibru.txt	3867	u			sā kraye tām u tatra no bhava |
1_veda/2_bra/kausibru.txt	3869	u			sā ātithye tām u tara no bhava |
1_veda/2_bra/kausibru.txt	3873	u			tasmād u tatra upāṃśu careyuḥ |
1_veda/2_bra/kausibru.txt	3881	u			tasmād u tatra prathamata eva uccair anubrūyāt |
1_veda/2_bra/kausibru.txt	3895	u			agne viśvebhiḥ svanīka devaiḥ sīda hotaḥ sva u loke cikitvān nihotā hotṛ ṣadane vidāna iti sannavatībhiḥ sannam anustauti |
1_veda/2_bra/kausibru.txt	3897	u			tvam dūtas tvam u naḥ paraspā iti dūtavatyā paridadhāti |
1_veda/2_bra/kausibru.txt	4003	u			tad u hotāram abhibhāṣante yathā hotar abhayam asat tathā kurv iti |
1_veda/2_bra/kausibru.txt	4011	u			ata u ha cakrāṇām abhyācāraḥ |
1_veda/2_bra/kausibru.txt	4013	u			tata u ha tasmā ardhāya abhayam bhavati |
1_veda/2_bra/kausibru.txt	4041	u			tad u vā āhur āsīna eva hotā etām prathamām anubrūyāt |
1_veda/2_bra/kausibru.txt	4129	u			yady u vā aparayā |
1_veda/2_bra/kausibru.txt	4193	u			tad u vā āhur na mined yūpam |
1_veda/2_bra/kausibru.txt	4209	u			yajña u vai prajāpatiḥ |
1_veda/2_bra/kausibru.txt	4293	u			tad u vā āhus tiṣṭhed eva |
1_veda/2_bra/kausibru.txt	4325	u			tasmād u tasya na aśnīyāt |
1_veda/2_bra/kausibru.txt	4329	u			tad u vā āhur havir havir vā ātma niṣkrayaṇam |
1_veda/2_bra/kausibru.txt	4335	u			tasmād u kāma eva aśitavyam |
1_veda/2_bra/kausibru.txt	4421	u			parśava u ha vai vaṅkrayaḥ |
1_veda/2_bra/kausibru.txt	4473	u			etā ha vā u teṣām puronuvākyā etā yājyāḥ |
1_veda/2_bra/kausibru.txt	4581	u			sa u vai payo bhājanaḥ |
1_veda/2_bra/kausibru.txt	4755	u			tena u na kasyai cana devatāyā āvṛścyate |
1_veda/2_bra/kausibru.txt	4827	u			eta u ha vai chandaḥ pravāhā avaram chandaḥ param chando atipravahanti |
1_veda/2_bra/kausibru.txt	4897	u			yad u eva ekaviṃśatiḥ |
1_veda/2_bra/kausibru.txt	4949	u			tad u ha sma āha kauṣītakiḥ |
1_veda/2_bra/kausibru.txt	4953	u			aparimita u vai prajāpatiḥ |
1_veda/2_bra/kausibru.txt	4971	u			udara saceyam u vā anna adyam |
1_veda/2_bra/kausibru.txt	4987	u			tad u vā āhur bahum eva anubrūyāt |
1_veda/2_bra/kausibru.txt	5045	u			tata u ha etad arvāk svasty ariṣṭyāḥ punaḥ pratyāyanti |
1_veda/2_bra/kausibru.txt	5131	u			tata u ha ime nirāgā iva menire |
1_veda/2_bra/kausibru.txt	5151	u			ta u ha strī kāmāḥ |
1_veda/2_bra/kausibru.txt	5157	u			upanāmuka u eva enam yajño bhavati |
1_veda/2_bra/kausibru.txt	5175	u			tad u ha prātaḥ savana rūpān na apaiti |
1_veda/2_bra/kausibru.txt	5231	u			tasmād u na anūttiṣṭhet |
1_veda/2_bra/kausibru.txt	5247	u			atha pavamāne ha vā u prātaḥ sarvā devatāḥ saṃtṛpyanti |
1_veda/2_bra/kausibru.txt	5305	u			tad u vā āhur ati tad indram bhājayanti |
1_veda/2_bra/kausibru.txt	5347	u			ata u ha eke vanaspatim āvāhayanti |
1_veda/2_bra/kausibru.txt	5353	u			tad u vā āhur ātmā vai paśuḥ |
1_veda/2_bra/kausibru.txt	5575	u			eta vā u daśa soma aṃśavaḥ |
1_veda/2_bra/kausibru.txt	5793	u			ya u vai na bhakṣayet |
1_veda/2_bra/kausibru.txt	5803	u			tad u tatra śāsanam vedayante |
1_veda/2_bra/kausibru.txt	5879	u			tad u vā āhur añjayo vai prātaḥ savanam vahanti |
1_veda/2_bra/kausibru.txt	6205	u			anv id u vaṣaṭ karavad anvid u vaṣaṭ karavat |
1_veda/2_bra/kausibru.txt	6205	u			anv id u vaṣaṭ karavad anvid u vaṣaṭ karavat |
1_veda/2_bra/kausibru.txt	6351	u			etad u vā eṣa jāyate yo yajate |
1_veda/2_bra/kausibru.txt	6629	u			tā u tara no eva |
1_veda/2_bra/kausibru.txt	6839	u			nirukta u vai candramāḥ |
1_veda/2_bra/kausibru.txt	7055	u			eṣa vā u kāmāya kāmāya āhriyate |
1_veda/2_bra/kausibru.txt	7217	u			etat pratirūpam u ha eke anurūpam kurvanti |
1_veda/2_bra/kausibru.txt	7219	u			tad u vā āhur asau vai ṣoḍaśī yo asau tapati |
1_veda/2_bra/kausibru.txt	7353	u			tad u vā āhur upeyād eva etat |
1_veda/2_bra/kausibru.txt	7515	u			yāvad u ha vai na vā stūyate na vā śasyate |
1_veda/2_bra/kausibru.txt	7561	u			tata u ha etad uta rāsabho na sarvam iva javam dhāvati |
1_veda/2_bra/kausibru.txt	7571	u			idam u ha saṃdhe rūpam yat tisro bṛhatyaḥ |
1_veda/2_bra/kausibru.txt	7975	u			yady u vai payasyā |
1_veda/2_bra/kausibru.txt	8017	u			yady u vā aṣṭā kapālaḥ paurṇamāsam eva tantram bhavati |
1_veda/2_bra/kausibru.txt	8055	u			agnaya u ha eke kāmāya kurvanti |
1_veda/2_bra/kausibru.txt	8343	u			avadhṛtam vā u tatra mahā vratam |
1_veda/2_bra/kausibru.txt	8345	u			bṛhad u vā āyatanena mahā vratasya pṛṣṭham bhavati |
1_veda/2_bra/kausibru.txt	8419	u			kim u śreṣṭhaḥ kim yaviṣṭho na ājagann ity ārbham |
1_veda/2_bra/kausibru.txt	8467	u			ṣaḍ aho vā u sarvaḥ saṃvatsara iti vadantaḥ |
1_veda/2_bra/kausibru.txt	8501	u			ete vā u stoma sāhe sūkte yat kayāśubhīya tadidāsīye |
1_veda/2_bra/kausibru.txt	8641	u			imā u tvā purutamasya kāror iti udvat tasya uktam brāhmaṇam |
1_veda/2_bra/kausibru.txt	8675	u			tatam me apas tad u tāyate punar ity ārbhavam udvat tasya uktam brāhmaṇam |
1_veda/2_bra/kausibru.txt	8767	u			ud u ṣya devaḥ savitā hiraṇyayā iti sāvitram |
1_veda/2_bra/kausibru.txt	8937	u			ud u ṣya devaḥ savitā hiraṇyayā iti sāvitram |
1_veda/2_bra/kausibru.txt	8945	u			tatam me apas tad u tāyate punar ity ārbhavam |
1_veda/2_bra/kausibru.txt	9033	u			kim u śreṣṭhaḥ kim yaviṣṭho na ājagann ity ārbhavam |
1_veda/2_bra/kausibru.txt	9043	u			abudhram u tya indravanto agnaya iti vaiśvadevam |
1_veda/2_bra/kausibru.txt	9223	u			tad u ha sma āha kauṣītakiḥ |
1_veda/2_bra/kausibru.txt	9425	u			ud u ṣya devaḥ savitā hiraṇyayā ghṛtavatī bhuvanānām abhiśriyā iti ghṛtavatī tayor uktam brāhmaṇam |
1_veda/2_bra/kausibru.txt	9517	u			tad u ha prātaḥ savana rūpān na apaiti |
1_veda/2_bra/kausibru.txt	9627	u			tyam u vaḥ satrāsāham iti niṣkevalyam |
1_veda/2_bra/kausibru.txt	9787	u			anirukta u vai prajāpatiḥ |
1_veda/2_bra/kausibru.txt	9821	u			pratyasmai pipīṣate yo rayivo rayiṃtamas tyam u vo aprahaṇam iti trayas tṛcāḥ |
1_veda/2_bra/kausibru.txt	9861	u			ud u ṣya deva savitā damūnā iti sāvitram |
1_veda/2_bra/kausibru.txt	9985	u			tad u ha sma āha kauṣītakiḥ |
1_veda/2_bra/kausibru.txt	9999	u			ta u ha tūṣṇīm āsuḥ |
1_veda/2_bra/kausibru.txt	10001	u			tatra u ha uttara ardhāt sadasaś citro gauśrāyaṇir abhiparovāca |
1_veda/2_bra/kausibru.txt	10011	u			tena u ahno na agāma iti |
1_veda/2_bra/kausibru.txt	10033	u			anirukta u vai prajāpatiḥ |
1_veda/2_bra/kausibru.txt	10061	u			anirukta u vai prajāpatiḥ |
1_veda/2_bra/kausibru.txt	10143	u			ud u ṣya devaḥ savitā savāya iti sāvitram |
1_veda/2_bra/kausibru.txt	10163	u			kim u śreṣṭhaḥ kim yaviṣṭho na ājagann ity ārbhavam |
1_veda/2_bra/kausibru.txt	10241	u			tad u ha anv iva eva ṣaṣañja |
1_veda/2_bra/kausibru.txt	10245	u			viśvam ajaiṣma iti vā u viśvajit |
1_veda/2_bra/kausibru.txt	10285	u			tad u vā āhuḥ kim tad ubhau sampravayet |
1_veda/2_bra/kausibru.txt	10311	u			yady u bṛhat |
1_veda/2_bra/kausibru.txt	10317	u			pibā somam abhi yam ugra tardas tam u ṣṭuhi yo abhibhūty ojā ity abhivatī |
1_veda/2_bra/kausibru.txt	10409	u			yaj jāyathā apūrvyā ity etasminn u ha eke bṛhatī tṛtīye stotriye anvaham svarāṇy anvāyātayanti |
1_veda/2_bra/kausibru.txt	10429	u			ity u vā u prathamasya |
1_veda/2_bra/kausibru.txt	10429	u			ity u vā u prathamasya |
1_veda/2_bra/kausibru.txt	10445	u			ity u vā u dvitīyasya |
1_veda/2_bra/kausibru.txt	10445	u			ity u vā u dvitīyasya |
1_veda/2_bra/kausibru.txt	10447	u			imā u tvā prūravaso iti pragāthaḥ pāvaka varṇāḥ kavarṇā iti kadvāṃs tasya uktam brāhmaṇam |
1_veda/2_bra/kausibru.txt	10463	u			ity u vā u tṛtīyasya |
1_veda/2_bra/kausibru.txt	10463	u			ity u vā u tṛtīyasya |
1_veda/2_bra/kausibru.txt	10471	u			yady u bṛhad rathantare pṛṣṭhe kuryuḥ |
1_veda/2_bra/kausibru.txt	10485	u			apādita ud u naś citratama iti dvitīya udvati bārhate |
1_veda/2_bra/kausibru.txt	10567	u			antareṇa u ha vā etam aśanāyā ca punar mṛtyuś ca |
1_veda/2_bra/kausibru.txt	10635	u			eṣa vā u vāsiṣṭhas tṛca klṛptas traiṣṭubhaḥ praugaḥ |
1_veda/2_bra/kausibru.txt	10693	u			yady u sūryavati pragāthe bṛhat kuryuḥ |
1_veda/2_bra/kausibru.txt	10697	u			yady u sūryavati pragāthe bṛhat kuryuḥ |
1_veda/2_bra/kausibru.txt	10717	u			bṛhatīṣu syād ity u ha eka āhuḥ |
1_veda/2_bra/kausibru.txt	10735	u			jāgatam u vai samānam chandaḥ |
1_veda/2_bra/kausibru.txt	10761	u			yady u vai bṛhat sva yonau kuryuḥ |
1_veda/2_bra/kausibru.txt	10801	u			tam u ṣṭuhi yo abhibhūty ojā iti traiṣṭubham |
1_veda/2_bra/kausibru.txt	10949	u			kim u śreṣṭhaḥ kim yaviṣṭho na ājagann ity ārbhavam |
1_veda/2_bra/kausibru.txt	10997	u			tad u ha sma āha kauṣītakiḥ |
1_veda/2_bra/kausibru.txt	11007	u			tad u tayoḥ samṛddham iti |
1_veda/2_bra/kausibru.txt	11101	u			yajña u vai prajāpatir viśvajit |
1_veda/2_bra/kausibru.txt	11199	u			ekāha u ced viśvajid rātri satrasya vā viṣuvān atirātra eva syāt |
1_veda/2_bra/kausibru.txt	11207	u			sarva parājid u ha eva sa yo anyatra sarva vedasād vā satrād vā kriyate |
1_veda/2_bra/kausibru.txt	11215	u			sarvam u ced viśvajid eva |
1_veda/2_bra/kausibru.txt	11337	u			ūrdhvam vā u vayam saṃvatsaram rohāma iti vadantaḥ |
1_veda/2_bra/kausibru.txt	11371	u			tad yad eva idam dvitīyam ahar yac ca tṛtīyam ete vā u go āyuṣī |
1_veda/2_bra/kausibru.txt	11383	u			mano vā etad yad aparimitam prajāpatir vai mano yajña u vai prajāpatiḥ svayam vai tad yajño yajñasya juṣate yan mano manasas tasmād ānantaryāt prayogaḥ syād iti ha sma āha kauṣītakir |
1_veda/2_bra/kausibru.txt	11401	u			ta u ha tūṣṇīm āsus teṣām alīkayur vācaspato brahmā āsa sa ha uvāca na aham etad veda hanta pūrveṣām ācāryam sthaviram jātūkarṇyam pṛchāni iti |
1_veda/2_bra/kausibru.txt	11477	u			tad u ha sma āha kauṣītakiḥ |
1_veda/2_bra/kausibru.txt	11523	u			yady u kaṇva rathantaram kuryuḥ |
1_veda/2_bra/kausibru.txt	11529	u			tam u ṣṭuhi yo abhibhūty ojā tyam meṣam puru hūtam ṛgmiyam ity ubhe abhivatī |
1_veda/2_bra/kausibru.txt	11667	u			imā u tvā purutamasya kāror iti dvitīyam |
1_veda/2_bra/kausibru.txt	11833	u			vyāpto ha vā u tatra stomo bhavati yatra nivid vā purorug vā śasyate |
1_veda/2_bra/kausibru.txt	11929	u			ete vā u vāsiṣṭhās tṛca ṛklptās traiṣṭubhāḥ praugāḥ |
1_veda/2_bra/kausibru.txt	11993	u			asmā id u pra tavase turāya iti dvitīyam |
1_veda/2_bra/kausibru.txt	12153	u			tad u vā āhur vy eva brūyāt |
1_veda/2_bra/kausibru.txt	12347	u			etasyā u eva vikṣareṇa chandomāḥ stomataś ca śastrataś ca vardhante |
1_veda/2_bra/kausibru.txt	12349	u			yad u vai veda tanmayaḥ sambhavati |
1_veda/2_bra/kausibru.txt	12413	u			anirukta u vai prajāpatiḥ |
1_veda/2_bra/kausibru.txt	12415	u			āhuti saṃsthe u vai stuta śastre |
1_veda/2_bra/kausibru.txt	12465	u			eṣa u devo apahata pāpmā |
1_veda/2_bra/kausibru.txt	12517	u			te nv ā u vayam uttareṇa eva havir dhāne parīma iti ha sma āha kauṣītakiḥ |
1_veda/2_bra/kausibru.txt	12523	u			sa u ha ebhyaḥ kāmaḥ samṛdhyate |
1_veda/2_bra/kausibru.txt	12525	u			atha ya u bahu kāmā bhavanti |
1_veda/2_bra/kausibru.txt	12561	u			samūḍha u ha eva agra āsa |
1_veda/2_bra/kausibru.txt	12611	u			etāvate ha vā u praiṣāś ca nigadāś ca |
1_veda/2_bra/kausibru.txt	12657	u			etā ha vā u teṣām puronuvākyā etā yājyāḥ |
1_veda/2_bra/kausibru.txt	12691	u			ṣaḍ u ha eke prātaḥ savana unnīyamānebhyo anvāhuḥ |
1_veda/2_bra/kausibru.txt	13193	u			atho apṛṣṭham vā u tad yad anyatra bṛhatyai kriyate |
1_veda/2_bra/kausibru.txt	13195	u			cyavanta u vā atra bṛhatyai pṛṣṭhāni |
1_veda/2_bra/kausibru.txt	13245	u			ud u brahmāṇy airata śravasya ity ahar ahaḥ paryāsaḥ |
1_veda/2_bra/kausibru.txt	13271	u			anirukta u vai prajāpatiḥ |
1_veda/2_bra/kausibru.txt	13277	u			eka u vai prajāpatiḥ |
1_veda/2_bra/kausibru.txt	13567	u			tata u ha ādityāḥ svar īyuḥ |
1_veda/2_bra/kausibru.txt	13631	u			anantarhitā u ha iem ātmanaḥ prāṇāḥ |
1_veda/2_bra/kausibru.txt	13639	u			vāla mātrā u hi ime prāṇā asambhinnāḥ |
1_veda/2_bra/kausibru.txt	13817	u			avīryo ha vā u sa praiṣo yo apuronuvākhyaḥ |
1_veda/2_bra/pncvbr1u.txt	997	u			devakṣetraṃ vā ete 'bhyārohanti ye svarṇidhanam upayanti sa u vai sattriṇaḥ sattram upanayed ity āhur ya enān devakṣetram abhyārohed iti na vai devakṣetra āsīna ārtim ārchati yat svarṇidhanam anvahaṃ bhavati naiva kāṃ canārtim ārchanti
1_veda/2_bra/pncvbr1u.txt	1089	u			sa urasta eva bāhubhyāṃ pañcadaśam asṛjata taṃ triṣṭup chando 'nvasṛjyatendro devatā rājanyo manuṣyo grīṣma ṛtus tasmād rājanyasya pañcadaśa stomas triṣṭup chanda indro devatā grīṣma ṛtus tasmād u bāhuvīryo bāhubhyāṃ hi sṛṣṭaḥ
1_veda/2_bra/pncvbr1u.txt	1093	u			sa madhyata eva prajananāt saptadaśam asṛjata taṃ jagatī cchando 'nvasṛjyata viśve devā devatā vaiśyo manuṣyo varṣā ṛtus tasmād vaiśyo 'dyamāno na kṣīyate prajananād dhi sṛṣṭas tasmād u bahupaśur vaiśvadevo hi jāgato varṣā hy asyartus tasmād brāhmaṇasya ca rājanyasya cādyo 'dharo hi sṛṣṭaḥ
1_veda/2_bra/pncvbr1u.txt	1471	u			grāmyebhyo vā etat paśubhyaḥ stuvanti yad ājyaiḥ punarabhyāvartaṃ stuvanti tasmāt parāñcaḥ prājyante pratyañcaḥ prajāyante tasmād u pretya punar āyanti
1_veda/2_bra/pncvbr1u.txt	1545	u			yair u kaiś ca cchandobhir madhyandine stuvanti tāni triṣṭubham abhi saṃpadyante tasmāt triṣṭubho nayanti mādhyandināt savanāt
1_veda/2_bra/pncvbr1u.txt	1659	u			yas te goṣu mahimā yas te apsu rathe vā te stanayitnau ya u te yas te agnau mahimā tena saṃbhava rathantara draviṇavan na edhi
1_veda/2_bra/pncvbr1u.txt	1945	u			tasmād u gāyatrīṣu gāyatracchandā hy agniḥ
1_veda/2_bra/pncvbr1u.txt	2139	u			vayam u tvā tad id arthā iti kāṇvam
1_veda/2_bra/pncvbr1u.txt	2173	u			kutsaś ca luśaś cendraṃ vyahvayetāṃ sa indraḥ kutsam upāvartata taṃ śatena vārdhrībhir āṇḍayor abadhnāt taṃ luśo 'bhyavadat pramucyasva pari kutsād ihāgahi kim u tvāvān āṇḍayor baddha āsātā iti tās saṃcchidya prādravat sa etat kutsaḥ sāmāpaśyat tenainam anvavadat sa upāvartata
1_veda/2_bra/pncvbr1u.txt	2285	u			mādhyandinaṃ vā eṣa savanaṃ nikāmayamāno 'bhyatiricyate yaḥ prātassavanād atiricyate tasmān marutvatīṣu stuvanti marutvad dhi mādhyandinaṃ savanaṃ tasmād u gāyatrīṣu gāyatraṃ hi prātassavanam
1_veda/2_bra/pncvbr1u.txt	2295	u			tṛtīyasavanaṃ vā eṣa nikāmayamāno 'bhyatiricyate yo mādhyandināt savanād atiricyate tasmād ādityavatīṣu stuvanty ādityaṃ hi tṛtīyasavanaṃ tasmād u bṛhatīṣu bārhataṃ hi mādhyandinaṃ savanam
1_veda/2_bra/pncvbr1u.txt	2379	u			tam u pratiṣṭhetyāhus trivṛd dhy evaiṣu lokeṣu pratiṣṭhitaḥ
1_veda/2_bra/pncvbr1u.txt	2391	u			tam u prajāpatir ity āhuḥ saṃvatsaraṃ hi prajāḥ paśavo 'nuprajāyante
1_veda/2_bra/pncvbr1u.txt	2397	u			tam u devatalpa ity āhuḥ pra devatalpam āpnoti ya evaṃv veda
1_veda/2_bra/pncvbr1u.txt	2403	u			tam u puṣṭir ity āhus trivṛd dhy evaiṣa puṣṭaḥ
1_veda/2_bra/pncvbr1u.txt	2409	u			tam u nāka ity āhur na hi prajāpatiḥ kasmai canākam
1_veda/2_bra/pncvbr1u.txt	2415	u			tān u puṣṭir ity āhuḥ paśavo hi chandomāḥ
1_veda/2_bra/pncvbr1u.txt	2455	u			dvātriṃśadakṣarā vā eṣānuṣṭub vāg anuṣṭup catuṣpādaḥ paśavo vācā paśūn dādhāra tasmād vācā siddhā vācāhūtā āyanti tasmād u nāma jānate
1_veda/2_bra/pncvbr1u.txt	2559	u			ṣaḍ ahāni vibhajanti ṣaḍ ṛtava ṛtūnāṃ dhṛtyā ṛtūnāṃ pratiṣṭhityā atho ṛtūnām eva tad rūpaṃ kriyate ṣaḍ u puruṣā yān agnir anuvihriyate
1_veda/2_bra/pncvbr1u.txt	2671	u			yad u caivānuṣtṭubhasya madhye nidhanasya brāhmaṇaṃ tad du caitasya
1_veda/2_bra/pncvbr1u.txt	2691	u			pūrvam u tad rūpam apareṇa rūpeṇānuvadati yat pūrvaṃ rūpam apareṇa rūpeṇānuvadati tad anurūpasyānurūpatvam
1_veda/2_bra/pncvbr1u.txt	2779	u			tad u sīdantīyam iy āhur etena vai prajāpatir ūrdhva imān lokān asīdad yad asīdat tat sīdantīyasya sīdantīyatvam ūrdhva imān lokān sīdati sīdantīyena tuṣṭuvānaḥ
1_veda/2_bra/pncvbr1u.txt	2819	u			tad u samānaṃ vadantīṣu kriyate samṛddhyai
1_veda/2_bra/pncvbr1u.txt	2837	u			pūrvam u caiva tad repam apareṇa rūpeṇānuvadati yat pūrvaṃ rūpam apareṇa rūpaṇo 'nuvadati tad anurūpasyānurūpatvam anurūpa enaṃ putro jāyate ya evaṃ veda
1_veda/2_bra/pncvbr1u.txt	3057	u			pūrvam u caiva tad rūpam apareṇa rūpeṇānuvadati tad anurūpasyānurūpatvam
1_veda/2_bra/pncvbr1u.txt	3131	u			vṛṣaṇvatyo gāyatrayo bhavanti tad u traiṣṭubhād rūpān nayanti stomaḥ
1_veda/2_bra/pncvbr1u.txt	3211	u			sāmārṣeyeṇa praśastaṃ tvaṃ hīty annādyasyāvarudhyai hīti vā annaṃ pradīyate ṣoḍaśinam u caivaitenodyacchati
1_veda/2_bra/pncvbr1u.txt	3223	u			ṣoḍaśākṣareṇa prastauti ṣoḍaśinam u caivaitenodyacchati
1_veda/2_bra/pncvbr1u.txt	3241	u			vayam u tvām apūrvya | ity apūrvāṃ hy etarhi prajāpates tanūm agacchann apūrvam evaitayā yajamānaṃ gamayanti
1_veda/2_bra/pncvbr1u.txt	3341	u			pūrvam u caiva tad rūpam apareṇa rūpeṇānuvadati yat pūrvaṃ rūpeṇānuvadati tad anurūpasyānurūpatvam | anurūpa enaṃ putro jāyate ya evaṃ veda stotrīyānurupau tṛcau bhavataḥ prāṇāpānānām avarudhyai
1_veda/2_bra/pncvbr1u.txt	3421	u			viṣṇumatyo gāyatryo bhavanti tad u traiṣṭubhād rūpān na yanti stomaḥ
1_veda/2_bra/pncvbr1u.txt	3559	u			pūrvam u caiva tad rūpam apareṇa rūpeṇānuvadati yat pūrvaṃ rūpam apareṇa rūpeṇānuvadati tad anurūpasyānurūpatvam anurūpa enaṃ putro jāyate ya evaṃ veda stotrīyānurūpau tṛcau bhavataḥ prāṇāpānānām avarudhyai
1_veda/2_bra/pncvbr1u.txt	3597	u			etam u tyaṃ daśa kṣipa ity ādityā ādityā vā imāḥ prajās tāsām eva madhyataḥ pratitiṣṭhati
1_veda/2_bra/pncvbr1u.txt	3645	u			marutvatyo gāyatryo bhavanti tad u traiṣṭubhād rūpān na yanti stomaḥ
1_veda/2_bra/pncvbr1u.txt	3707	u			tad u dīrgham ity āhur āyur vai dīrgham āyuṣo 'varudhyai
1_veda/2_bra/pncvbr1u.txt	3755	u			kḷpta upariṣṭād ṛk sāma ca vimucyete abhy u svareṇa saptamam ahaḥ svarati santatyai
1_veda/2_bra/pncvbr1u.txt	3999	u			tad u dhurāṃ sāmety āhuḥ prāṇā vai dhuraḥ prāṇānām avarudhyai
1_veda/2_bra/pncvbr1u.txt	4271	u			tad u saṃvad ity āhuḥ saṃvatā vai devāḥ svargaṃ lokaṃ prāyann udvatodāyan
1_veda/2_bra/pncvbr1u.txt	4381	u			tad u vyavavadyaṃ yathā śreṣṭhāya baliṃ hriyamāṇaṃ panthānaṃ paryanuvedayati gatyai tathā tat
1_veda/2_bra/pncvbr1u.txt	4441	u			ud u tye madhumattamā ity udvatya udayanīye 'hany etad āśiṣo hy evaitarhi
1_veda/2_bra/pncvbr1u.txt	4895	u			tā u catasras saṃpadyante catuṣpādāḥ paśavaḥ paśuṣv eva pratitiṣṭhati
1_veda/2_bra/pncvbr1u.txt	5219	u			tat tā u eva dakṣiṇāḥ
1_veda/2_bra/pncvbr1u.txt	5343	u			etam u tyaṃ daśa kṣipa ity ādityā ādityā vā imāḥ prajās tāsām eva madhyataḥ sūyate
1_veda/2_bra/pncvbr1u.txt	5459	u			tā u pañca pañca bhavanti pāṅkto yajñaḥ pāṅktā paśavo yajña eva paśuṣu pratitiṣṭhati
1_veda/2_bra/pncvbr1u.txt	5899	u			tad āhur brahmavādinaḥ kiyāṃs trirātra itīyān iti brūyād iyaddhayetad abhy atho iyān iti brūyād iyaddhayevaitad abhiparāṅ arvāṅ ity āhuḥ parāṅ iti brūyāt parāṅ hi vadati parāṅ paśyati parāṅ prāṇity ekā dvā u trayā ity āhur eka iti brūyāt samāno hy eṣa yat prāṇo 'pāno vyānas tad yathā vā ado maṇau sūtram otam evam eṣu lokeṣu trirātra otaḥ śobhate 'sya mukhaṃ ya evaṃ veda
1_veda/2_bra/pncvbr1u.txt	6057	u			abhitvā vṛṣabhā suta iti tṛtīyasyāhno rathantaraṃ kastam indra tvā vasava iti vāmadevyaṃ yajñā yathā apūrva iti caturthasyāhno bṛhat ed u madhor madintaram iti vāmadevyaṃ chandasāṃ nānāvīryatāyai nānāvīryāṇy ahāni kāroti
1_veda/2_bra/pncvbr1u.txt	6791	u			yat pṛṣṭhyāḥ stomāḥ sa sṛṣṭās tasmād ajāvayaḥ paśūnāṃ saha caranti tasmād u gardabho vaḍavāyā reto dadhāti
1_veda/2_bra/pncvbr1u.txt	6977	u			te ha saptadaśebhya evādhyuttasthus ta u hocur yo naḥ prajāyām ṛdhyātai sa etat sattraṃ samāpayād iti tad etat samīpsanto brāhmaṇās sattram āsate
1_veda/2_bra/pncvbr2u.txt	997	u			devakṣetraṃ vā ete 'bhyārohanti ye svarṇidhanam upayanti sa u vai sattriṇaḥ sattram upanayed ity āhur ya enān devakṣetram abhyārohed iti na vai devakṣetra āsīna ārtim ārchati yat svarṇidhanam anvahaṃ bhavati naiva kāṃ canārtim ārchanti
1_veda/2_bra/pncvbr2u.txt	1089	u			sa urasta eva bāhubhyāṃ pañcadaśam asrjata taṃ triṣṭup chando 'nvasrjyatendro devatā rājanyo manuṣyo grīṣma rtus tasmād rājanyasya pañcadaśa stomas triṣṭup chanda indro devatā grīṣma rtus tasmād u bāhuvīryo bāhubhyām hi srṣṭaḥ
1_veda/2_bra/pncvbr2u.txt	1093	u			sa madhyata eva prajananāt saptadaśam asrjata taṃ jagatī cchando 'nvasrjyata viśve devā devatā vaiśyo manuṣyo varṣā rtus tasmād vaiśyo 'dyamāno na kṣīyate prajananād dhi srṣṭas tasmād u bahupaśur vaiśvadevo hi jāgato varṣā hy asyartus tasmād brāhmaṇasya ca rājanyasya cādyo 'dharo hi srṣṭaḥ
1_veda/2_bra/pncvbr2u.txt	1471	u			grāmyebhyo vā etat paśubhyaḥ stuvanti yad ājyaiḥ punarabhyāvartam stuvanti tasmāt parāñcaḥ prājyante pratyañcaḥ prajāyante tasmād u pretya punar āyanti
1_veda/2_bra/pncvbr2u.txt	1545	u			yair u kaiś ca cchandobhir madhyandine stuvanti tāni triṣṭubham abhi saṃpadyante tasmāt triṣṭubho nayanti mādhyandināt savanāt
1_veda/2_bra/pncvbr2u.txt	1659	u			yas te goṣu mahimā yas te apsu rathe vā te stanayitnau ya u te yas te agnau mahimā tena saṃbhava rathantara draviṇavan na edhi
1_veda/2_bra/pncvbr2u.txt	1945	u			tasmād u gāyatrīṣu gāyatracchandā hy agniḥ
1_veda/2_bra/pncvbr2u.txt	2139	u			vayam u tvā tad id arthā iti kāṇvam
1_veda/2_bra/pncvbr2u.txt	2173	u			kutsaś ca luśaś cendraṃ vyahvayetām sa indraḥ kutsam upāvartata tam śatena vārdhrībhir āṇḍayor abadhnāt taṃ luśo 'bhyavadat pramucyasva pari kutsād ihāgahi kim u tvāvān āṇḍayor baddha āsātā iti tās saṃcchidya prādravat sa etat kutsaḥ sāmāpaśyat tenainam anvavadat sa upāvartata
1_veda/2_bra/pncvbr2u.txt	2285	u			mādhyandinaṃ vā eṣa savanaṃ nikāmayamāno 'bhyatiricyate yaḥ prātassavanād atiricyate tasmān marutvatīṣu stuvanti marutvad dhi mādhyandinam savanaṃ tasmād u gāyatrīṣu gāyatram hi prātassavanam
1_veda/2_bra/pncvbr2u.txt	2295	u			trtīyasavanaṃ vā eṣa nikāmayamāno 'bhyatiricyate yo mādhyandināt savanād atiricyate tasmād ādityavatīṣu stuvanty ādityam hi trtīyasavanaṃ tasmād u brhatīṣu bārhatam hi mādhyandinam savanam
1_veda/2_bra/pncvbr2u.txt	2379	u			tam u pratiṣṭhetyāhus trivrd dhy evaiṣu lokeṣu pratiṣṭhitaḥ
1_veda/2_bra/pncvbr2u.txt	2391	u			tam u prajāpatir ity āhuḥ saṃvatsaram hi prajāḥ paśavo 'nuprajāyante
1_veda/2_bra/pncvbr2u.txt	2397	u			tam u devatalpa ity āhuḥ pra devatalpam āpnoti ya evamv veda
1_veda/2_bra/pncvbr2u.txt	2403	u			tam u puṣṭir ity āhus trivrd dhy evaiṣa puṣṭaḥ
1_veda/2_bra/pncvbr2u.txt	2409	u			tam u nāka ity āhur na hi prajāpatiḥ kasmai canākam
1_veda/2_bra/pncvbr2u.txt	2415	u			tān u puṣṭir ity āhuḥ paśavo hi chandomāḥ
1_veda/2_bra/pncvbr2u.txt	2455	u			dvātriṃśadakṣarā vā eṣānuṣṭub vāg anuṣṭup catuṣpādaḥ paśavo vācā paśūn dādhāra tasmād vācā siddhā vācāhūtā āyanti tasmād u nāma jānate
1_veda/2_bra/pncvbr2u.txt	2559	u			ṣaḍ ahāni vibhajanti ṣaḍ rtava rtūnāṃ dhrtyā rtūnāṃ pratiṣṭhityā atho rtūnām eva tad rūpaṃ kriyate ṣaḍ u puruṣā yān agnir anuvihriyate
1_veda/2_bra/pncvbr2u.txt	2671	u			yad u caivānuṣtṭubhasya madhye nidhanasya brāhmaṇaṃ tad du caitasya
1_veda/2_bra/pncvbr2u.txt	2691	u			pūrvam u tad rūpam apareṇa rūpeṇānuvadati yat pūrvam rūpam apareṇa rūpeṇānuvadati tad anurūpasyānurūpatvam
1_veda/2_bra/pncvbr2u.txt	2779	u			tad u sīdantīyam iy āhur etena vai prajāpatir ūrdhva imān lokān asīdad yad asīdat tat sīdantīyasya sīdantīyatvam ūrdhva imān lokān sīdati sīdantīyena tuṣṭuvānaḥ
1_veda/2_bra/pncvbr2u.txt	2819	u			tad u samānaṃ vadantīṣu kriyate samrddhyai
1_veda/2_bra/pncvbr2u.txt	2837	u			pūrvam u caiva tad repam apareṇa rūpeṇānuvadati yat pūrvaṃ rūpam apareṇa rūpaṇo 'nuvadati tad anurūpasyānurūpatvam anurūpa enaṃ putro jāyate ya evaṃ veda
1_veda/2_bra/pncvbr2u.txt	3057	u			pūrvam u caiva tad rūpam apareṇa rūpeṇānuvadati tad anurūpasyānurūpatvam
1_veda/2_bra/pncvbr2u.txt	3131	u			vrṣaṇvatyo gāyatrayo bhavanti tad u traiṣṭubhād rūpān nayanti stomaḥ
1_veda/2_bra/pncvbr2u.txt	3211	u			sāmārṣeyeṇa praśastaṃ tvaṃ hīty annādyasyāvarudhyai hīti vā annaṃ pradīyate ṣoḍaśinam u caivaitenodyacchati
1_veda/2_bra/pncvbr2u.txt	3223	u			ṣoḍaśākṣareṇa prastauti ṣoḍaśinam u caivaitenodyacchati
1_veda/2_bra/pncvbr2u.txt	3241	u			vayam u tvām apūrvya | ity apūrvāṃ hy etarhi prajāpates tanūm agacchann apūrvam evaitayā yajamānaṃ gamayanti
1_veda/2_bra/pncvbr2u.txt	3341	u			pūrvam u caiva tad rūpam apareṇa rūpeṇānuvadati yat pūrvaṃ rūpeṇānuvadati tad anurūpasyānurūpatvam | anurūpa enaṃ putro jāyate ya evaṃ veda stotrīyānurupau trcau bhavataḥ prāṇāpānānām avarudhyai
1_veda/2_bra/pncvbr2u.txt	3421	u			viṣṇumatyo gāyatryo bhavanti tad u traiṣṭubhād rūpān na yanti stomaḥ
1_veda/2_bra/pncvbr2u.txt	3559	u			pūrvam u caiva tad rūpam apareṇa rūpeṇānuvadati yat pūrvaṃ rūpam apareṇa rūpeṇānuvadati tad anurūpasyānurūpatvam anurūpa enaṃ putro jāyate ya evaṃ veda stotrīyānurūpau trcau bhavataḥ prāṇāpānānām avarudhyai
1_veda/2_bra/pncvbr2u.txt	3597	u			etam u tyaṃ daśa kṣipa ity ādityā ādityā vā imāḥ prajās tāsām eva madhyataḥ pratitiṣṭhati
1_veda/2_bra/pncvbr2u.txt	3645	u			marutvatyo gāyatryo bhavanti tad u traiṣṭubhād rūpān na yanti stomaḥ
1_veda/2_bra/pncvbr2u.txt	3707	u			tad u dīrgham ity āhur āyur vai dīrgham āyuṣo 'varudhyai
1_veda/2_bra/pncvbr2u.txt	3755	u			klpta upariṣṭād rk sāma ca vimucyete abhy u svareṇa saptamam ahaḥ svarati santatyai
1_veda/2_bra/pncvbr2u.txt	3999	u			tad u dhurāṃ sāmety āhuḥ prāṇā vai dhuraḥ prāṇānām avarudhyai
1_veda/2_bra/pncvbr2u.txt	4271	u			tad u saṃvad ity āhuḥ saṃvatā vai devāḥ svargaṃ lokaṃ prāyann udvatodāyan
1_veda/2_bra/pncvbr2u.txt	4381	u			tad u vyavavadyaṃ yathā śreṣṭhāya baliṃ hriyamāṇaṃ panthānaṃ paryanuvedayati gatyai tathā tat
1_veda/2_bra/pncvbr2u.txt	4441	u			ud u tye madhumattamā ity udvatya udayanīye 'hany etad āśiṣo hy evaitarhi
1_veda/2_bra/pncvbr2u.txt	4895	u			tā u catasras saṃpadyante catuṣpādāḥ paśavaḥ paśuṣv eva pratitiṣṭhati
1_veda/2_bra/pncvbr2u.txt	5219	u			tat tā u eva dakṣiṇāḥ
1_veda/2_bra/pncvbr2u.txt	5343	u			etam u tyaṃ daśa kṣipa ity ādityā ādityā vā imāḥ prajās tāsām eva madhyataḥ sūyate
1_veda/2_bra/pncvbr2u.txt	5459	u			tā u pañca pañca bhavanti pāṅkto yajñaḥ pāṅktā paśavo yajña eva paśuṣu pratitiṣṭhati
1_veda/2_bra/pncvbr2u.txt	5899	u			tad āhur brahmavādinaḥ kiyāṃs trirātra itīyān iti brūyād iyaddhayetad abhy atho iyān iti brūyād iyaddhayevaitad abhiparāṅ arvāṅ ity āhuḥ parāṅ iti brūyāt parāṅ hi vadati parāṅ paśyati parāṅ prāṇity ekā dvā u trayā ity āhur eka iti brūyāt samāno hy eṣa yat prāṇo 'pāno vyānas tad yathā vā ado maṇau sūtram otam evam eṣu lokeṣu trirātra otaḥ śobhate 'sya mukhaṃ ya evaṃ veda
1_veda/2_bra/pncvbr2u.txt	6057	u			abhitvā vrṣabhā suta iti trtīyasyāhno rathantaraṃ kastam indra tvā vasava iti vāmadevyaṃ yajñā yathā apūrva iti caturthasyāhno brhat ed u madhor madintaram iti vāmadevyaṃ chandasāṃ nānāvīryatāyai nānāvīryāṇy ahāni kāroti
1_veda/2_bra/pncvbr2u.txt	6791	u			yat prṣṭhyāḥ stomāḥ sa srṣṭās tasmād ajāvayaḥ paśūnāṃ saha caranti tasmād u gardabho vaḍavāyā reto dadhāti
1_veda/2_bra/pncvbr2u.txt	6977	u			te ha saptadaśebhya evādhyuttasthus ta u hocur yo naḥ prajāyām rdhyātai sa etat sattraṃ samāpayād iti tad etat samīpsanto brāhmaṇās sattram āsate
1_veda/2_bra/satapath/sb_01_u.txt	317	u			yuṣmā indro 'vṛṇīta vṛtratūrya iti | etā u hīndro 'vṛṇīta vṛtreṇa spardhamāna
1_veda/2_bra/satapath/sb_01_u.txt	321	u			yūyamindramavṛṇīdhvaṃ vṛtratūrya iti | etā u hīndramavṛṇata vṛtreṇa
1_veda/2_bra/satapath/sb_01_u.txt	473	u			atha havirnirvapati | prati tvā varṣavṛddhaṃ vettviti varṣavṛddhā u hyevaite yadi
1_veda/2_bra/satapath/sb_01_u.txt	659	u			oṣadhayastā u hyetadubhayyaḥ sampṛcyante sam madhumatīrmadhumatībhiḥ
1_veda/2_bra/satapath/sb_01_u.txt	679	u			ātmano yajñasya yadājyamardho yadiha havirbhavati sa yaścāsāvardho ya u
1_veda/2_bra/satapath/sb_01_u.txt	693	u			tam prathayati | uruprathā uru prathasveti prathayatyevainametadur | u te yajñapatiḥ
1_veda/2_bra/satapath/sb_01_u.txt	757	u			ta u haita ūcuḥ | upaivema eno gacantu ye 'sya badhyasyāvediṣuriti kimiti yajña
1_veda/2_bra/satapath/sb_01_u.txt	763	u			ta u hāptyā ūcuḥ | atyeva vayamidamasmatparo nayāmeti kamabhīti ya evādakṣiṇena
1_veda/2_bra/satapath/sb_01_u.txt	765	u			haviṣā yajātā iti tasmānnādakṣiṇena haviṣā yajetāptyeṣu ha yajño mṛṣṭa āptyā u
1_veda/2_bra/satapath/sb_01_u.txt	887	u			ya u eva yajamānāyārātīyati | yaścainaṃ dveṣṭi tamevaitadebhiśca
1_veda/2_bra/satapath/sb_01_u.txt	1105	u			śreyāṃsa āsustato 'śraddhā manuṣyānviveda ye yajante pāpīyāṃsaste bhavanti ya u na
1_veda/2_bra/satapath/sb_01_u.txt	1115	u			yajemahi ye yajante pāpīyāṃsaste bhavanti ya u na yajante śreyāṃsaste bhavantīti
1_veda/2_bra/satapath/sb_01_u.txt	1347	u			rūpeṇa gṛhṇāti kasmā u hyādiśedyataḥ sarvābhya eva devatābhyo 'vadyati
1_veda/2_bra/satapath/sb_01_u.txt	1381	u			tadāhuḥ | kasmā u tarhyupabhṛti gṛhṇīyādyadupabhṛtā na juhotīti sa yaddhopabhṛtā
1_veda/2_bra/satapath/sb_01_u.txt	1509	u			ta u haita ūcuḥ | idamu cedasmānyajñe yuṅkthāstvevāsmākamapi yajñe bhāga iti
1_veda/2_bra/satapath/sb_01_u.txt	1721	u			saṃvatsarasyāhorātrāṇi saṃtatānyavyavacinnāni pariplavante dviṣata u
1_veda/2_bra/satapath/sb_01_u.txt	1805	u			tadu haitarhi | kṣetrataramiva brāhmaṇā u hi nūnamenadyajñairasiṣvadaṃtsāpi
1_veda/2_bra/satapath/sb_01_u.txt	1855	u			taṃ tvā samidbhiraṅgira iti | samidbhirhyetamaṅgirasa aindhatāṅgira ityaṅgirā u
1_veda/2_bra/satapath/sb_01_u.txt	1993	u			bhāratetyeṣa hi devebhyo havyaṃ bharati tasmādbharato 'gnirityāhureṣa u vā imāḥ
1_veda/2_bra/satapath/sb_01_u.txt	2001	u			parastādarvākpravṛṇīte | parastāddhyarvācyaḥ prajāḥ prajāyante jyāyasaspataya u
1_veda/2_bra/satapath/sb_01_u.txt	2361	u			bharatavaditi | eṣa hi devebhyo havyam bharati tasmādbharato 'gnirityāhureṣa u vā
1_veda/2_bra/satapath/sb_01_u.txt	2369	u			parastādarvākpravṛṇīte | parastāddhyarvācyaḥ prajāḥ prajāyante jyāyasaspataya u
1_veda/2_bra/satapath/sb_01_u.txt	2653	u			tasmādvarṣā iḍo varṣā eva taddevā avṛñjata varṣābhyaḥ sapatnānantarāyanvarṣā u
1_veda/2_bra/satapath/sb_01_u.txt	3021	u			yuhvatyagnā u ceddhoṣyantsyātkimanyasyai devatāyā ādiśettasmādagnaya eva
1_veda/2_bra/satapath/sb_01_u.txt	3123	u			sarvamannādyaṃ sarvā śrīsteneṣṭvendra etadabhavadyadidamindra eṣa u
1_veda/2_bra/satapath/sb_01_u.txt	3147	u			tā u haitā devatā ūcuḥ | yā imā agnīṣomāvanvājagmuragnīṣomau yuvaṃ vai no
1_veda/2_bra/satapath/sb_01_u.txt	3231	u			vlinātyāhutibhiḥ prātardaivameṣa u paurṇamāsasyopacāraḥ
1_veda/2_bra/satapath/sb_01_u.txt	3347	u			sa yathāṃśurāpyāyet | evamāpyāyatāpa pāpmānaṃ harimāṇamahataiṣa u āmāvāsyasā
1_veda/2_bra/satapath/sb_01_u.txt	3593	u			vā devatā anvāyattānyatiriktaṃ ha tadavadānaṃ yatpañcamaṃ kasmā u hi
1_veda/2_bra/satapath/sb_01_u.txt	3649	u			atha triṣṭubhā yajati | tadanayā yajanniyaṃ hi yājyāmuṣyā adhi vaṣaṭkarotyasā u hi
1_veda/2_bra/satapath/sb_01_u.txt	4177	u			u vai yajñapatiṃ vardhanti yasya hyete bhūyiṣṭhā bhavanti sa hi yajñapatirvardhate
1_veda/2_bra/satapath/sb_01_u.txt	4329	u			brūyātpāyayatainatsuhitaṃ kurutetyeṣa u vāhanasyāpahnavaḥ
1_veda/2_bra/satapath/sb_01_u.txt	4775	u			ha na bahirdhā yajñādbhavati yatho evādaḥ pracarannantareṇa saṃcarati sa u
1_veda/2_bra/satapath/sb_02_u.txt	379	u			eṣa u vai prāṇaḥ | taṃ vai tathaiva hareyuryathainameṣa pratyaṅṅupācaretpratyaṅ
1_veda/2_bra/satapath/sb_02_u.txt	393	u			eṣa u vai prāṇaḥ | te vai tathaiva hareyuryathainameṣa pratyaṅṅupācaretpratyaṅ
1_veda/2_bra/satapath/sb_02_u.txt	529	u			pratibubudhire ya u tarhyṛṣaya āsurasarveṇa vai na ātmanāgnirabhyupāvṛtaditi tasmā
1_veda/2_bra/satapath/sb_02_u.txt	835	u			sa yajati | agnervasuvane vasudheyasya vetu vaukagagnā u vasuvane vasudheyasya
1_veda/2_bra/satapath/sb_02_u.txt	925	u			ta u haita ūcuḥ | vayaṃ vai prajāpatim pitaramanu smo hanta vayaṃ tatsṛjāmahai
1_veda/2_bra/satapath/sb_02_u.txt	1777	u			vatsyāmītyathāsminnete śreyāṃso vasanti devā agnayaḥ ka u tānarhati vaktumidam
1_veda/2_bra/satapath/sb_02_u.txt	1809	u			kariṣyanvā syādeṣa u gṛhāṇāmupacāraḥ
1_veda/2_bra/satapath/sb_02_u.txt	1993	u			ta u ha viśve devā ūcuḥ | anayorvā ayaṃ dyāvāpṛthivyo raso hanteme
1_veda/2_bra/satapath/sb_02_u.txt	2027	u			bhāgamakalpayanta tamu caivaibhya eṣa etadbhāgaṃ karotīmā u
1_veda/2_bra/satapath/sb_02_u.txt	2297	u			sa aikṣata prajāpatiḥ | parā me pūrvāḥ prajā abhūvannimā u cedime vimathnate na
1_veda/2_bra/satapath/sb_02_u.txt	2307	u			yājyānuvākye na vindanti sa u khalu māruta eva syātsa vā eṣa prajābhya evāhiṃsāyai
1_veda/2_bra/satapath/sb_02_u.txt	2939	u			tadvasanto grīṣmo varṣāḥ | ete te ye vyajayanta śaraddhemantaḥ śiśirasta u te
1_veda/2_bra/satapath/sb_02_u.txt	2971	u			gniṣvāttā eta u ye pitaraḥ
1_veda/2_bra/satapath/sb_02_u.txt	3275	u			te vā aktāḥ syuḥ | aktaṃ hi havista u vā anaktā eva syurabhimānuko ha rudraḥ
1_veda/2_bra/satapath/sb_02_u.txt	3391	u			devānāṃ śrīrāsītsākamedhairījānānāṃ vijigyānānāṃ ya u ca saṃvatsarasya prajitasya
1_veda/2_bra/satapath/sb_02_u.txt	3405	u			devānāṃ śrīrāsītsākamedhairījānānāṃ vijigyānānāṃ ya u ca saṃvatsarasya prajitasya
1_veda/2_bra/satapath/sb_02_u.txt	3529	u			sa yasminhartāvamuṃ lokameti | sa enamṛtuḥ parasmā ṛtave prayacati para u parasmā
1_veda/2_bra/satapath/sb_03_u.txt	65	u			vicakṣvemamiti vicakṣvetyeṣa u tatra dīkṣitasyopacāraḥ
1_veda/2_bra/satapath/sb_03_u.txt	231	u			ta u haita ūcuḥ | devā ādityā yadasmānanvajanimā tadamuyeva bhūddhantemaṃ
1_veda/2_bra/satapath/sb_03_u.txt	1981	u			patati pari ca patatyetasmā u hi gṛhṇāti tasmādāhāpataye tvā paripataye gṛhṇāmīti
1_veda/2_bra/satapath/sb_03_u.txt	1983	u			tanūnaptre śākvarāyeti | yo vā ayam pavata eṣa tanūtaptā śākvara etasmā u hi gṛhṇāti
1_veda/2_bra/satapath/sb_03_u.txt	1987	u			śakvana ojiṣṭhāyeti | eṣa vai śakvaujiṣṭha etasmā u hi gṛhṇāti tasmādāha śakvana
1_veda/2_bra/satapath/sb_03_u.txt	2643	u			evedaṃ sarvaṃ pratitiṣṭhatyatha yadasminviśve devā asīdaṃstasmātsado nāma ta u
1_veda/2_bra/satapath/sb_03_u.txt	2921	u			evedaṃ sarvam pratitiṣṭhatyatha yadasminviśve devā asīdaṃstasmātsado nāma ta u
1_veda/2_bra/satapath/sb_03_u.txt	2951	u			kevalyaḥ khāditā na dhinvantyoṣadhaya u hāpāṃ rasastasmādāpaḥ pītāḥ kevalyo na
1_veda/2_bra/satapath/sb_03_u.txt	3091	u			vijāmāno haivāsya dhiṣṇyāḥ | ime samaṅkā ye vai samaṅkāste vijāmāna eta u
1_veda/2_bra/satapath/sb_03_u.txt	3201	u			teṣāṃ vā ardhānupakiranti | ardhānanudiśantyeta u haivaitaddadhrire 'rdhānna
1_veda/2_bra/satapath/sb_03_u.txt	3211	u			te vai dvināmāno bhavanti | eta u haivaitaddadhrire na vā ebhirnāmabhirarātsma
1_veda/2_bra/satapath/sb_03_u.txt	3283	u			athāptave dvitīyāmāhutiṃ juhoti | juṣāṇo apturājyasya vetu svāhetyeṣa u
1_veda/2_bra/satapath/sb_03_u.txt	4357	u			pūṣṇā raṃhyā iti | eṣa vai pūṣṇo raṃhiretasmā u hi gṛhṇāti tasmādāha pūṣṇo raṃhyā
1_veda/2_bra/satapath/sb_03_u.txt	4361	u			ūṣmaṇo vyathiṣaditi | eṣa vā ūṣmaitasmā u hi gṛhṇāte tasmādāhoṣmaṇo
1_veda/2_bra/satapath/sb_03_u.txt	4607	u			sa aikṣatārikṣyaham | asmā u kāmāyāsṛkṣi na me sa kāmaḥ samārdhi parācyo
1_veda/2_bra/satapath/sb_03_u.txt	4629	u			prajāpatiḥ sa u eva yajamānastasmādāgneyo bhavati
1_veda/2_bra/satapath/sb_03_u.txt	4915	u			yābhya u caivaitāṃ devatābhya āhutiṃ juhoti tā evaitatprīṇāti tā asmai tṛptāḥ prītā
1_veda/2_bra/satapath/sb_03_u.txt	4973	u			tamapo yācati yābhya u caivaitāṃ devatābhya āhutiṃ juhoti tā evaitatprīṇāti tā asmai
1_veda/2_bra/satapath/sb_04_u.txt	271	u			tā u ha carakāḥ | nānaiva mantrābhyāṃ juhvati prāṇodānau vā asyaitau nānāvīryau
1_veda/2_bra/satapath/sb_04_u.txt	1523	u			tiṣṭhanpratigṛṇīyātparāgu haivaitadretaḥ siktam praṇaśyettanna prajāyeta samyañcā u
1_veda/2_bra/satapath/sb_04_u.txt	1699	u			māhendraṃ grahaṃ gṛhṇāti śu pātreṇa gṛhṇātyeṣa vai śukro ya eṣa tapatyeṣa u eva
1_veda/2_bra/satapath/sb_04_u.txt	2107	u			eṣa vai savitā ya eṣa tapati | eṣa u eva sarva ṛtavastadṛtavaḥ saṃvatsarastṛtīyasavane
1_veda/2_bra/satapath/sb_04_u.txt	2487	u			havīṃṣīti taddevatā vyavasṛjati bharamāṇā aha te yantu ye 'vāhanā vahamānā u te
1_veda/2_bra/satapath/sb_04_u.txt	2551	u			atha vācayati | uruṃ hi rājā varuṇaścakāra sūryāya panthāmanvetavā u iti
1_veda/2_bra/satapath/sb_04_u.txt	3105	u			tasmādimāḥ prajāḥ punarabhyāvartam prajāyanta eṣa vai śukro ya eṣa tapatyeṣa u
1_veda/2_bra/satapath/sb_04_u.txt	3363	u			etatṣaṣṭhamaharbhavatyeṣa vai śukro ya eṣa tapatyeṣa u evendrastasmācukrāgrān
1_veda/2_bra/satapath/sb_04_u.txt	3375	u			etatsaptamamaharbhavatyeṣa vai śukro ya eṣa tapatyeṣa u eva
1_veda/2_bra/satapath/sb_05_u.txt	737	u			ayamabhūdyo 'bhyaṣeci yadvai māyaṃ nāvadṛṇīyādityeṣa u hāsyai bibheti yadvai
1_veda/2_bra/satapath/sb_05_u.txt	785	u			na kuryātprajāpaternveva sarvamannamanavaruddhaṃ ka u tasmai manuṣyo yaḥ
1_veda/2_bra/satapath/sb_05_u.txt	1061	u			indrāgnī u haivaitatsamūdāte utpibante vā imāni dikṣu nāṣṭrā rakṣāṃsi hantaibhyo
1_veda/2_bra/satapath/sb_05_u.txt	1315	u			tā u hyapi samānayonī
1_veda/2_bra/satapath/sb_05_u.txt	2251	u			bhyaṣeci yadvai māyaṃ nāvadṛṇīyāditi varuṇa u ha pṛthivyai bibhayāṃ cakāra yadvai
1_veda/2_bra/satapath/sb_05_u.txt	2259	u			bhyaṣeci yadvai māyaṃ nāvadṛṇīyādityeṣa u hāsyai bibheti yadvai meyaṃ
1_veda/2_bra/satapath/sb_05_u.txt	2297	u			bhavati mitrāvaruṇā u hi bāhū tasmānmaitrāvaruṇī bhavati
1_veda/2_bra/satapath/sb_05_u.txt	2707	u			kṣaitrapatyaścarurvāruṇaścarurādityaścarureta u ṣaḍuttare caravaḥ
1_veda/2_bra/satapath/sb_06_u.txt	193	u			so syaiṣa citya āsīt | cetavyo hyasyāsīttasmāccityaścitya u evāyaṃ yajamānasya
1_veda/2_bra/satapath/sb_06_u.txt	319	u			atho gauriti brūyāt | ime vai lokā gauryaddhi kiṃ ca gacatīmāṃstallokāngacatīma u
1_veda/2_bra/satapath/sb_06_u.txt	1111	u			vā ādityo bṛhajjyotireṣa u eṣo 'gniretamvete saṃskariṣyanto bhavanti savitā
1_veda/2_bra/satapath/sb_06_u.txt	1721	u			saṃskaroti sīda hota sva u loke cikitvānityagnirvai hotā tasyaiṣa svo loko
1_veda/2_bra/satapath/sb_06_u.txt	1983	u			somo vai parṇaścandramā u vai soma etadu vā
1_veda/2_bra/satapath/sb_06_u.txt	2599	u			ivaiva dadhati reta u etadnasthikaṃ yadarcistasmādenāmarcirevārohet
1_veda/2_bra/satapath/sb_06_u.txt	2713	u			yajatrami ti yajñiyamityetajjetāramagnim pṛtanāsu sāsahimiti jetā hyagniḥ pṛtanā u
1_veda/2_bra/satapath/sb_06_u.txt	2813	u			sa vai samidhamādhāyātha vratayati | daivo vā asyaiṣa ātmā mānuṣo 'yaṃ devā u vā
1_veda/2_bra/satapath/sb_06_u.txt	2859	u			vardhayasva stayāḥ santu yajamānasya kāmā iti ghṛtenāha tvaṃ vardhayasva yebhya u
1_veda/2_bra/satapath/sb_06_u.txt	2891	u			nirbādhā bāhyata u vā etasya raśmayaḥ
1_veda/2_bra/satapath/sb_06_u.txt	3021	u			yadvevainanamiṇḍvābhyām parigṛhṇāti | asau vā āditya eṣo 'gnirimā u lokāviṇḍve
1_veda/2_bra/satapath/sb_06_u.txt	3557	u			āpo devīḥ | pratigṛbhṇīta bhasmaitatsyone kṛṇudhvaṃ surabhā u loka iti jagdhaṃ vā
1_veda/2_bra/satapath/sb_07_u.txt	3	u			ya u vai ke cāgnicito 'syāmeva te 'vasitāstadyadvyudūhatyavasitāneva tadvyudūhati
1_veda/2_bra/satapath/sb_07_u.txt	17	u			akrannimam pitaro lokamasmā iti | kṣatraṃ vai yamo viśaḥ pitaro yasmā u vai
1_veda/2_bra/satapath/sb_07_u.txt	235	u			yoniratho ayaṃ vai loko gārhapatyaḥ parimaṇḍala u vā ayaṃ lokaḥ
1_veda/2_bra/satapath/sb_07_u.txt	411	u			thehānyatarā pariśiṣyate sa gārhapatyaḥ sā pratiṣṭhā sa u ayaṃ lokaḥ
1_veda/2_bra/satapath/sb_07_u.txt	421	u			gniḥ sa prāṇaḥ so 'sāvādityo 'tha ya āgnīdhrīye 'gniḥ sa vyānaḥ sa u ayaṃ vāyuryo
1_veda/2_bra/satapath/sb_07_u.txt	423	u			yam pavate 'tha yo gārhapatye 'gniḥ sa udānaḥ sa u ayaṃ yo 'yamasmiṃloke
1_veda/2_bra/satapath/sb_07_u.txt	429	u			taccatustriṃśadagnireva pañcatriṃśo nākṣarāccando vyetyekasmānna dvābhyāṃ sa u
1_veda/2_bra/satapath/sb_07_u.txt	439	u			ntarikṣaloka u asmāllokādanantarhito 'tha kasmādgārhapatyaṃ citvāhavanīyaṃ
1_veda/2_bra/satapath/sb_07_u.txt	583	u			devāḥ karmākurvata tasyā etannamo 'kurvanbhūtyā u evāyametatkarma kurute tasyā
1_veda/2_bra/satapath/sb_07_u.txt	1129	u			tadāhuḥ | kathamasyaitāḥ pakvāḥ śṛtā upahitā bhavantīti raso vā etāḥ svayaṃśṛta u vai
1_veda/2_bra/satapath/sb_07_u.txt	1209	u			bhavantīti raso vai candāṃsyārdra u vai rasastadyadenāścandobhirnivapatyevamu
1_veda/2_bra/satapath/sb_07_u.txt	1393	u			tam pratyañcaṃ yantam | etāṃ citimavaghrāpayatyasau vā āditya eṣo 'śva imā u
1_veda/2_bra/satapath/sb_07_u.txt	1401	u			yadvevāvaghrāpayati | asau vā āditya eṣo 'śva ima u lokā etāḥ
1_veda/2_bra/satapath/sb_07_u.txt	1775	u			kakudityeṣa u so 'gnirgāyatryā gāyatro 'gniryāvānagniryāvatyasya mātrā
1_veda/2_bra/satapath/sb_07_u.txt	1785	u			netetyeṣa u sa indraḥ sā yadāgneyyagnikarma hyatha yattriṣṭuptraiṣṭubho hīndra
1_veda/2_bra/satapath/sb_07_u.txt	1873	u			viśvasmai prāṇāyāpānāya | vyānāyodānāyeti prāṇo vai svayamātṛṇā sarvasmā u vā
1_veda/2_bra/satapath/sb_07_u.txt	1875	u			etasmai prāṇaḥ pratiṣṭhāyai caritrāyetīme vai lokāḥ svayamātṛṇā ima u lokāḥ
1_veda/2_bra/satapath/sb_07_u.txt	2027	u			viśvasmai prāṇāyāpānāya | vyānāyeti prāṇo vai viśvajyotiḥ sarvasmā u etasmai prāṇo
1_veda/2_bra/satapath/sb_07_u.txt	2039	u			tadyadete atropadadhāti | saṃvatsara eṣo 'gnirima u lokāḥ saṃvatsarastasyāyameva
1_veda/2_bra/satapath/sb_07_u.txt	2045	u			yadvevaite atropadadhāti | prajāpatireṣo 'gniḥsaṃvatsara u prajāpatistasya
1_veda/2_bra/satapath/sb_07_u.txt	2527	u			vāruṇo hyaśvo 'śvaṃ jajñānaṃ sarirasya madhya ityāpo vai sariramapsujā u vā aśvaḥ
1_veda/2_bra/satapath/sb_07_u.txt	2529	u			śiśuṃ nadīnāṃ harimadribudhnamiti girirvā adrirgiribudhnā u vā āpo 'gne mā hiṃsīḥ
1_veda/2_bra/satapath/sb_07_u.txt	2555	u			śokātpṛthivyā u ta vā divasparīti yadvai prajāpateḥ śokādajāyata taddivaśca pṛthivyai
1_veda/2_bra/satapath/sb_08_u.txt	177	u			etadvai tadannam | yattatprāṇāśca prajāpatiścāsṛjantaitāvānvai sarvo yajño yajña u
1_veda/2_bra/satapath/sb_08_u.txt	215	u			hyeva stuvate tā u evānuśaṃsatyevamu hāsyātrāpi śastramupahitam bhavati
1_veda/2_bra/satapath/sb_08_u.txt	227	u			apānabhṛto 'tha yā dakṣiṇatastā manobhṛtastā u vyānabhṛto 'tha yā uttaratastāḥ
1_veda/2_bra/satapath/sb_08_u.txt	229	u			śrotrabhṛtastā udānabhṛto 'tha yā madhye tā vāgbhṛtastā u samānabhṛtaḥ
1_veda/2_bra/satapath/sb_08_u.txt	239	u			saṃcaratyapāna u ha prāṇo bhūtvāṅgulyagrebhya iti saṃcarati tadyatpurastādupadhāya
1_veda/2_bra/satapath/sb_08_u.txt	247	u			saṃcaratyudāna u ha vyāno bhūtvāṅgulyagrebhya iti saṃcarati tadyaddakṣiṇata
1_veda/2_bra/satapath/sb_08_u.txt	277	u			pūrṇastā u evaitasmādanantarhitāḥ
1_veda/2_bra/satapath/sb_08_u.txt	475	u			tadyadete atropadadhāti | saṃvatsara eṣo 'gnirima u lokāḥ saṃvatsarastasya
1_veda/2_bra/satapath/sb_08_u.txt	481	u			yadvevaite atropadadhāti | prajāpatireṣo 'gniḥ saṃvatsara u prajāpatistasya
1_veda/2_bra/satapath/sb_08_u.txt	811	u			viśvasmai prāṇāyāpānāya | vyānāyodānāyeti prāṇo vai svayamātṛṇā sarvasmā u vā
1_veda/2_bra/satapath/sb_08_u.txt	813	u			etasmai prāṇaḥ pratiṣṭhāyai caritrāyetīme vai lokāḥ svayamātṛṇā ima u lokāḥ
1_veda/2_bra/satapath/sb_08_u.txt	823	u			vāyurdigbhiranantarhitābhirupaittā etāstā evaitadupadadhāti tā u evāmūḥ
1_veda/2_bra/satapath/sb_08_u.txt	885	u			viśvasmai prāṇāyāpānāya | vyānāyeti prāṇo vai viśvajyotiḥ sarvasmā u vā etasmai
1_veda/2_bra/satapath/sb_08_u.txt	913	u			tadyadetā | atropadadhāti saṃvatsara eṣo 'gnirima u lokāḥ
1_veda/2_bra/satapath/sb_08_u.txt	921	u			yadvevaitā atropadadhāti | prajāpatireṣo 'gniḥ saṃvatsara u prajāpatistasya
1_veda/2_bra/satapath/sb_08_u.txt	1107	u			tadyāḥ purastādupadadhāti | śiro 'sya tāstā daśa bhavanti daśa vai prāṇāḥ prāṇā u vai
1_veda/2_bra/satapath/sb_08_u.txt	1149	u			prāṇā vai stomāḥ prāṇā u vai brahma brahmaivaitadupadadhāti
1_veda/2_bra/satapath/sb_08_u.txt	1161	u			prāṇā vai stomāḥ prāṇā u vai prajāpatiḥ prajāpatimevaitadupadadhāti
1_veda/2_bra/satapath/sb_08_u.txt	1167	u			prāṇā u vā ṛṣaya ṛṣīnevaitadupadadhāti
1_veda/2_bra/satapath/sb_08_u.txt	1441	u			tadyadete atropadadhāti | saṃvatsara eṣo 'gnirima u lokāḥ saṃvatsarastasya
1_veda/2_bra/satapath/sb_08_u.txt	1449	u			yadvevaite atropadadhāti | prajāpatireṣo 'gniḥ saṃvatsara u prajāpatistasya
1_veda/2_bra/satapath/sb_08_u.txt	1545	u			āsanniti ta u evātrādhipataya āsan
1_veda/2_bra/satapath/sb_08_u.txt	1655	u			dakṣiṇata u haika upadadhati | tadetāḥ puṇyā lakṣmīrdakṣiṇato dadhmaha iti
1_veda/2_bra/satapath/sb_08_u.txt	1995	u			yajamānalokānnudante yaṃ vā etamagnimāharantyeṣa eva yajamāna āyatanenaiṣa u
1_veda/2_bra/satapath/sb_08_u.txt	2037	u			lokampṛṇetyasau vā ādityo lokampṛṇaiṣa u eṣā citiḥ saiṣā svayaṃ lokampṛṇā citiratha
1_veda/2_bra/satapath/sb_08_u.txt	2045	u			tā u vai ṣaḍeva | yaddhi vikarṇī ca svayamātṛṇā ca ṣaṣṭhyā eva tacciteḥ
1_veda/2_bra/satapath/sb_08_u.txt	2047	u			tā u vai pañcaiva | yajuṣānyāsu purīṣaṃ nivapati tūṣṇīmatra tenaiṣā na citiratho
1_veda/2_bra/satapath/sb_08_u.txt	2051	u			tā u vai tisra eva | ayameva lokaḥ prathamā citirdyauruttamātha yā
1_veda/2_bra/satapath/sb_08_u.txt	2167	u			etāvānvai sarvo yajñaḥ | yajña u devānāmātmā yajñameva taddevā ātmānaṃ
1_veda/2_bra/satapath/sb_08_u.txt	2173	u			atha pañcacūḍā upadadhāti | yajño vai nākasado yajña u eva pañcacūḍāstadya ime
1_veda/2_bra/satapath/sb_08_u.txt	2191	u			yadveva nākasatpañcacūḍā upadadhāti | diśo vai nākasado diśa u eva
1_veda/2_bra/satapath/sb_08_u.txt	2293	u			tā vā etāḥ | daśeṣṭakā upadadhāti daśākṣarā virāḍvirāḍeṣā citistā u vai pañcaiva
1_veda/2_bra/satapath/sb_08_u.txt	2655	u			tadyadete atropadadhāti | saṃvatsara eṣo 'gnirima u lokāḥ saṃvatsarastasya dyaureva
1_veda/2_bra/satapath/sb_08_u.txt	2661	u			yadvevaite atropadadhāti | prajāpatireṣo 'gniḥ saṃvatsara u prajāpatistasya śira eva
1_veda/2_bra/satapath/sb_08_u.txt	2705	u			recayantyetā u eva saṃyānyaḥ
1_veda/2_bra/satapath/sb_08_u.txt	2745	u			viśvasmai prāṇāyāpānāya | vyānāyeti prāṇo vai viśvajyotiḥ sarvasmā u vā etasmai
1_veda/2_bra/satapath/sb_08_u.txt	2761	u			recayantyetā u eva saṃyānyaḥ
1_veda/2_bra/satapath/sb_08_u.txt	2891	u			hīme lokā aparimitālikhite dve raso haite citī aparimita u vai rasaḥ sarvāstveva
1_veda/2_bra/satapath/sb_08_u.txt	3027	u			viśvasmai praṇāyāpānāya | vyānāyodānāyeti prāṇo vai svayamātṛṇā sarvasmā u vā
1_veda/2_bra/satapath/sb_08_u.txt	3029	u			etasmai prāṇaḥ pratiṣṭhāyai caritrāyetīme vai lokāḥ svayamātṛṇā ima u lokāḥ
1_veda/2_bra/satapath/sb_09_u.txt	291	u			saṃvatsaramagnimāpnotyevaṃ saṃvatsareṇāgninā sampadyata etāvatsa u vai śāṇḍile
1_veda/2_bra/satapath/sb_09_u.txt	683	u			ye devā devānām | yajñiyā yajñiyānāmiti devā hyete devānāṃ yajñiyā u yajñiyānāṃ
1_veda/2_bra/satapath/sb_09_u.txt	915	u			bhuvanāni gopā ityeṣa vā idaṃ sarvaṃ sampaśyatyeṣa u evāsya sarvasya bhuvanasya
1_veda/2_bra/satapath/sb_09_u.txt	921	u			evaitatsamārohaṃstā u evaitadyajamāno dviṣato bhrātṛvyasya vṛṅkte 'tho tā
1_veda/2_bra/satapath/sb_09_u.txt	987	u			evaitatsamārohaṃstā u evaitadyajamāno dviṣato bhrātṛvyasya vṛṅkte 'tho tā
1_veda/2_bra/satapath/sb_09_u.txt	1019	u			viśvatodhāra eta u eva suvidvāṃso ya etaṃ vitanvate
1_veda/2_bra/satapath/sb_09_u.txt	1031	u			evaitatsamārohaṃstā u evaitadyajamāno dviṣato bhrātṛvyasya vṛṅkte 'tho tā
1_veda/2_bra/satapath/sb_09_u.txt	1393	u			vai devānāmātmā yajña u eva yajamānasya sa yadāha yajñena kalpantamityātmanā
1_veda/2_bra/satapath/sb_09_u.txt	1531	u			sampadyata etāvatya u vai śāṇḍile 'gnau madhyato yajuṣmatya iṣṭakā upadhīyante
1_veda/2_bra/satapath/sb_09_u.txt	1627	u			āhavanīya u haike 'bhiṣiñcati | svargo vai loka āhavanīyastadenaṃ svarge loke
1_veda/2_bra/satapath/sb_09_u.txt	1655	u			agnau hutvāthainamabhiṣiñcati | daivo vā asyaiṣa ātmā mānuṣo 'yaṃ devā u vā agre
1_veda/2_bra/satapath/sb_09_u.txt	1691	u			rājāna u ete devāstasmādetā rāṣṭrabhṛtaḥ
1_veda/2_bra/satapath/sb_09_u.txt	1715	u			mithunā u ete devāstasmādetā rāṣṭrabhṛta ājyena dvādaśagṛhītena tā u
1_veda/2_bra/satapath/sb_09_u.txt	1715	u			mithunā u ete devāstasmādetā rāṣṭrabhṛta ājyena dvādaśagṛhītena tā u
1_veda/2_bra/satapath/sb_09_u.txt	1785	u			rājā bhavati na sa yasmai nājyena pañcagṛhītena tā u pañcaivāhutayo hutā bhavanti
1_veda/2_bra/satapath/sb_09_u.txt	2127	u			agnau hutvātha bhakṣayati | daivo vā asyaiṣa ātmā mānuṣo 'yaṃ devā u vā agre 'tha
1_veda/2_bra/satapath/sb_09_u.txt	2227	u			agnau hutvātha bhakṣayati | daivo vā asyaiṣa ātmā mānuṣo 'yaṃ devā u vā agre 'tha
1_veda/2_bra/satapath/sb_09_u.txt	2237	u			te devā utsṛjyānṛtam | satyamanvālebhire 'surā u hotsṛjya satyamanṛtamanvālebhire
1_veda/2_bra/satapath/sb_09_u.txt	2361	u			yadvevaitāni havīṃṣi nirvapati | diśa eṣo 'gnistā u evāmūḥ purastāddarbhastambaṃ
1_veda/2_bra/satapath/sb_09_u.txt	2509	u			prāṇodānā u vai retaḥ siktaṃ vikurutaḥ payasyā bhavati payo hi reto yajño bhavati
1_veda/2_bra/satapath/sb_09_u.txt	2521	u			sa svayamātṛṇā evopadadhīta | ime vai lokāḥ svayamātṛṇā ima u lokā eṣo 'gniścitaḥ
1_veda/2_bra/satapath/sb_09_u.txt	2525	u			viśvajyotiṣa evopadadhīta | etā vai devatā viśvajyotiṣa etā u devatā eṣo 'gniścitaḥ
1_veda/2_bra/satapath/sb_09_u.txt	2595	u			tadevāsyaitena sarvamāptam bhavati yadasya kiṃ cānāptaṃ ya u tasyāmanuṣṭubhyṛci
1_veda/2_bra/satapath/sb_09_u.txt	2695	u			vā ātmā tadaṅgāni yatro aṅgāni tadātmā yadi vā ṛtvijo 'lokā bhavantyaloka u tarhi
1_veda/2_bra/satapath/sb_10_u.txt	43	u			citeryaścite'gnirnidhīyate tanmithunam mithuna u evāyamātmā
1_veda/2_bra/satapath/sb_10_u.txt	455	u			evamasādhayannetadeva bubhūṣantasta u evāpyetarhi sādhayanti
1_veda/2_bra/satapath/sb_10_u.txt	461	u			suparṇo aṅgaṃ saviturgarutmān pūrvo jātaḥ sa u asyānu dharmeti prajāpatirvai
1_veda/2_bra/satapath/sb_10_u.txt	809	u			svakāmī preyādalokyaṃ haita u vāva lokā yadahorātrāṇyardhamāsā māsā ṛtavaḥ
1_veda/2_bra/satapath/sb_10_u.txt	833	u			sa u vā iṣṭakaikaśatavidhaḥ yāḥ pañcāśatprathamā iṣṭakā yāścottamāstāḥ śataṃ
1_veda/2_bra/satapath/sb_10_u.txt	837	u			sa u eva yajustejāḥ yajurekaśatavidho yāni pañcāśatprathamāni yajūṃṣi yāni
1_veda/2_bra/satapath/sb_10_u.txt	857	u			sa u eva prāṇatejāḥ prāṇaikaśatavidho'nvaṅgamaṅge'ṅge hi prāṇaḥ sa yaḥ
1_veda/2_bra/satapath/sb_10_u.txt	1133	u			ya u haivaṃvidaṃ sveṣu pratipratirbubhūṣati na haivālam bhāryebhyo bhavatyatha
1_veda/2_bra/satapath/sb_10_u.txt	1187	u			kṣipra u haivāvidaṃ gacati sa ha yajureva bhavati yajuṣainamācakṣate
1_veda/2_bra/satapath/sb_10_u.txt	1213	u			tanmahāvrataṃ sāmata eṣa u evoktasyaitadannaṃ thaṃ tadukthamṛktastadetadekaṃ
1_veda/2_bra/satapath/sb_10_u.txt	1291	u			sāmata eṣa u evoktadannaṃ thaṃ tadukthamṛktastadetadekaṃ sattredhākhyāyate
1_veda/2_bra/satapath/sb_10_u.txt	1331	u			yajuṣṭa eṣa eva mahāṃstasyaitadannaṃ vrataṃ tanmahāvrataṃ sāmata eṣa u
1_veda/2_bra/satapath/sb_10_u.txt	1341	u			eṣa eva mahāṃstasyaitadannaṃ vrataṃ tanmahāvrataṃ sāmata eṣa u
1_veda/2_bra/satapath/sb_10_u.txt	1349	u			māhāṃstasyānnameva vrataṃ tanmahāvrataṃ sāmataḥ prāṇa u evoktasyānnameva thaṃ
1_veda/2_bra/satapath/sb_10_u.txt	1467	u			sa es u triṣu lokeṣūkhāyām yonau reto bhūtamātmānamasiñcaccandomayaṃ
1_veda/2_bra/satapath/sb_10_u.txt	1527	u			eṣa u evāntakaḥ eṣa hi martyānāmahorātrābhyāmāyuṣo'ntaṃ gacatyatha mriyante
1_veda/2_bra/satapath/sb_10_u.txt	1631	u			u
1_veda/2_bra/satapath/sb_10_u.txt	1685	u			pavate'tha yaṃ tam pāpmānamatyapavatedaṃ tacarīraṃ ka u tasmai manuṣyo yaḥ
1_veda/2_bra/satapath/sb_10_u.txt	1729	u			celaka u ha smāha śāṇḍilyāyanaḥ ima eva lokāstisraḥ svayamātṛṇavatyaścitayo
1_veda/2_bra/satapath/sb_10_u.txt	1749	u			daivamamṛtamāpnoti tā u sarvā iṣṭakā ityevācakṣate neṣṭaka iti neṣṭakamiti vāco
1_veda/2_bra/satapath/sb_10_u.txt	1869	u			eṣa u eva prāṇaḥ eṣa hīmāḥ sarvāḥ prajā praṇayati tasyaite prāṇāḥ svāḥ sa yadā
1_veda/2_bra/satapath/sb_10_u.txt	2155	u			yatsarvaiścandobhirayamagniścitastadaticandāstā u sarvā iṣṭakā eveṣṭaketi
1_veda/2_bra/satapath/sb_10_u.txt	2213	u			bhavanti ṣaṣṭiśca ha vai trīṇi ca śatānyādityaṃ nāvyāḥ samantam pariyanti nāvyā u
1_veda/2_bra/satapath/sb_10_u.txt	2279	u			svargaṃ lokamabhivakṣyatyasvargya u te bhaviṣyatīti
1_veda/2_bra/satapath/sb_10_u.txt	2301	u			atha haika uvāca prāṇā vai śiraḥ prāṇānasya nirauhītkṣipre'muṃ lokameṣyatīti sa u
1_veda/2_bra/satapath/sb_11_u.txt	109	u			sarvā u hi mṛdho nāṣṭrāḥ paurṇamāsena hanti
1_veda/2_bra/satapath/sb_11_u.txt	431	u			patnīsaṃyājairajayannavāntaradiśa u evaiṣa etairjayati
1_veda/2_bra/satapath/sb_11_u.txt	1203	u			tasmā u haitaduvāca dvāvāghārau pañca prayājā āgneya ājyabhāgo'ṣṭama ete'ṣṭau
1_veda/2_bra/satapath/sb_11_u.txt	1335	u			pārśvata u haike srucamupāvahṛtya hutvā paryāhṛtyopabhṛtyadhinidadhati na tathā
1_veda/2_bra/satapath/sb_11_u.txt	1371	u			saṃvatsare'dhvaryurabhūranupetāyaiva ta etadbravāṇīti tasmā u haitadeva
1_veda/2_bra/satapath/sb_11_u.txt	1595	u			taṃ hetarā pratyuvāca purūravo mā mṛthā mā prapapto mā tvā vṛkāso aśivāsa u
1_veda/2_bra/satapath/sb_11_u.txt	1607	u			sā hovāca saṃvatsaratamīṃ rātrimāgacatāttanma ekāṃ rātrimante śayitāse jāta u
1_veda/2_bra/satapath/sb_11_u.txt	2237	u			sarvasmādyajñānnirbhajati bahirdhā karoti ya u evametadveda
1_veda/2_bra/satapath/sb_11_u.txt	2727	u			hādityamuvāca yajai tvayā tvā labhā iti tatheti hovāca ya u ta ete nācīkamanta kimu
1_veda/2_bra/satapath/sb_11_u.txt	2779	u			prāyaścittiṃ veda sa u ta etādṛkcaiva kāmayate'taśca pāpīya iti
1_veda/2_bra/satapath/sb_11_u.txt	2805	u			tasmā u haitaduvāca spṛtīrhutvānyāmājateti brūtātsā te samrāḍdughā syāditi
1_veda/2_bra/satapath/sb_13_u.txt	649	u			ka u svijjāyate punariti candramā vai jāyate punarāyurevāsmiṃstaddhattaḥ
1_veda/2_bra/satapath/sb_13_u.txt	711	u			na vā u etanmriyase na riṣyasīti praśvāsayatyevainaṃ taddevāṃ ideṣi pathibhiḥ
1_veda/2_bra/satapath/sb_13_u.txt	845	u			caivāsmiṃloke devā ya u cāmuṣmiṃstānevaitatprīṇāti ta enamubhaye devāḥ prītāḥ
1_veda/2_bra/satapath/sb_13_u.txt	1149	u			kṣatriyasyartuḥ kṣatriyayajña u vā eṣa yadaśvamedha iti
1_veda/2_bra/satapath/sb_13_u.txt	1151	u			tadvai vasanta evābhyārabheta vasanto vai brahmaṇasyarturya u vai kaśca yajate
1_veda/2_bra/satapath/sb_13_u.txt	1205	u			agnimukhā u vai sarvā devatāḥ sarve kāmā aśvamedhe mukhataḥ sarvāndevānprītvā
1_veda/2_bra/satapath/sb_13_u.txt	1355	u			pratyāvartayantyeṣa vā eṣa tapati ka u hyetamarhati pratyā | vayituṃ yadyenam
1_veda/2_bra/satapath/sb_13_u.txt	1639	u			saṃśaṃsati yaśca bārhate prauge kāmo ya u ca mādhucandase tayorubhayoḥ
1_veda/2_bra/satapath/sb_13_u.txt	2309	u			agniṣṭudagniṣṭomo'gnimukhā u vai sarve devāḥ sarveṣāṃ devānāmāptyai tasyāgneyā
1_veda/2_bra/satapath/sb_13_u.txt	2377	u			tacmaśānamityācakṣate parokṣaṃ śmaśā u haiva nāma pitṝṇāmattāraste
1_veda/2_bra/satapath/sb_13_u.txt	2539	u			ityetasmā u hi karmaṇa usriyā yujyante
1_veda/2_bra/satapath/sb_13_u.txt	2561	u			ityetasmā u hi karmaṇa usriyā yujyante taddakṣiṇodasyatyudagitaraddaivaṃ caiva
1_veda/2_bra/satapath/sb_14_u.txt	55	u			sa u eva makhaḥ sa viṣṇuḥ tata indro makhavānabhavanmakhavānha vai tam
1_veda/2_bra/satapath/sb_14_u.txt	113	u			samvatsaravāsine'nubrūyāt eṣa vai samvatsaro ya eṣa tapatyeṣa u
1_veda/2_bra/satapath/sb_14_u.txt	119	u			tapatyeṣa u pravargyastadetamevaitatprīṇāti tasmāttisro rātrīrvrataṃ carati
1_veda/2_bra/satapath/sb_14_u.txt	253	u			samvatsarasya samvatsara eṣa ya eṣa tapatyeṣa u pravargyastadetamevaitatprīṇāti
1_veda/2_bra/satapath/sb_14_u.txt	259	u			vai brahmaṇaspatirya eṣa tapatyeṣa u pravargyastadetamevaitatprīṇāti tasmādāha
1_veda/2_bra/satapath/sb_14_u.txt	319	u			u prathamaḥ pravargyastadetamevaitatprīṇāti tasmādāharjave tveti
1_veda/2_bra/satapath/sb_14_u.txt	323	u			u dvitīyaḥ pravargyastadetamevaitatprīṇāti tasmādāha sādhave tveti
1_veda/2_bra/satapath/sb_14_u.txt	327	u			agnirvai sukṣitiragnirhyevāsmiṃloke sarvāṇi bhūtāni kṣiyatyeṣa u tṛtīyaḥ
1_veda/2_bra/satapath/sb_14_u.txt	365	u			purastājjāyata eṣa u pravargyastadetamevaitatprīṇāti tasmādāha brahma jajñānam
1_veda/2_bra/satapath/sb_14_u.txt	371	u			yamayatyetenedaṃ sarvaṃ yatameṣa u pravargyastadetamevaitatprīṇāti tasmādāha
1_veda/2_bra/satapath/sb_14_u.txt	375	u			makhāya tveti eṣa vai makho ya eṣa tapatyeṣa u pravargyastadetamevaitatprīṇāti
1_veda/2_bra/satapath/sb_14_u.txt	495	u			svāhākāraṃ karoti parāṃ devatāmeṣa vai svāhākāro ya eṣa tapatyeṣa u
1_veda/2_bra/satapath/sb_14_u.txt	507	u			tapatyeṣa u pravargyastadetamevaitatprīṇāti tasmāttrayodaśa sampādayati
1_veda/2_bra/satapath/sb_14_u.txt	557	u			gṛhṇātyetenedaṃ sarvaṃ gṛbhītameṣa u pravargyastadetamevaitatprīṇāti tasmādāha
1_veda/2_bra/satapath/sb_14_u.txt	621	u			pitā no'si pitā no bodhīti eṣa vai pitā ya eṣa tapatyeṣa u
1_veda/2_bra/satapath/sb_14_u.txt	667	u			puṣyatyeṣa u pravargyastadetamevaitatprīṇāti tasmādāha pūṣāsīti
1_veda/2_bra/satapath/sb_14_u.txt	821	u			eṣa tapatyeṣa u pravargyastadetamevaitatprīṇāti tasmāddvādaśa bhavanti
1_veda/2_bra/satapath/sb_14_u.txt	825	u			tapatyeṣa u pravargyastadetamevaitatprīṇāti tasmādāha svāhā gharmāyetyavaraṃ
1_veda/2_bra/satapath/sb_14_u.txt	873	u			hīmāṃlokāṃstantramivānusañcaratyeṣa u pravargyastadetamevaitatprīṇāti tasmādāha
1_veda/2_bra/satapath/sb_14_u.txt	909	u			hīdaṃ sarvaṃ dhārayatyetenedaṃ sarvaṃ dhṛtameṣa u
1_veda/2_bra/satapath/sb_14_u.txt	923	u			u prāṇaḥ prāṇamevāsminnetaddadhāti tasmādāha svāhā pūṣṇe śarasa ityavaraṃ
1_veda/2_bra/satapath/sb_14_u.txt	1193	u			athāha vārṣāharaṃ sāma gāyati eṣa vai vṛṣā harirya eṣa tapatyeṣa u
1_veda/2_bra/satapath/sb_14_u.txt	1527	u			ya u haivamvidam sveṣu pratipratirbubhūṣati na haivālam bhāryebhyo bhavatyatha
1_veda/2_bra/satapath/sb_14_u.txt	1539	u			eṣa u eva bṛhaspatiḥ vāgvai bṛhatī tasyā eṣa patistasmādu bṛhaspatiḥ
1_veda/2_bra/satapath/sb_14_u.txt	1541	u			eṣa u eva brahmaṇaspatiḥ vāgvai brahma tasyā eṣa patistasmādu ha brahmaṇaspatiḥ
1_veda/2_bra/satapath/sb_14_u.txt	1543	u			eṣa u eva sāma vāgvai sāmaiṣa sā cāmaśceti tatsāmnaḥ sāmatvaṃ yadveva samaḥ
1_veda/2_bra/satapath/sb_14_u.txt	1549	u			eṣa u vā udgīthaḥ prāṇo vā utprāṇena hīdaṃ sarvamuttabdham vāgeva gīthocca
1_veda/2_bra/satapath/sb_14_u.txt	1647	u			tadyadidamāhuḥ amuṃ yajāmuṃ yajetyekaikaṃ devametasyaiva sā visṛṣṭireṣa u
1_veda/2_bra/satapath/sb_14_u.txt	1721	u			rājā paramatāṃ gacati brahmaivāntata upaniśrayati svāṃ yoniṃ ya u enaṃ hinasti svāṃ
1_veda/2_bra/satapath/sb_14_u.txt	1953	u			yasminkule bhavati ya evaṃ veda ya u haivaṃvidā spardhate'nuśuṣya haivāntato
1_veda/2_bra/satapath/sb_14_u.txt	1967	u			prāṇe'stameti taṃ devāścakrire dharmaṃ sa evādya sa u śva iti yadvā
1_veda/2_bra/satapath/sb_14_u.txt	3127	u			dhānāruha u vai vṛkṣo'nyataḥ pretya sambhavaḥ yatsamūlamudvṛheyurvṛkṣaṃ na
1_veda/2_bra/satapath/sb_14_u.txt	3629	u			andhaṃ tamaḥ praviśanti ye'sambhūtimupāsate tato bhūya iva te tamo ya u
1_veda/2_bra/satapath/sb_14_u.txt	3647	u			sarvasya kartā tasya lokaḥ sa u loka eva
1_veda/2_bra/satapath/sb_14_u.txt	4029	u			tasmā u haitaduvāca vītyannaṃ vai vyanne hīmāni sarvāṇi bhūtāni viṣṭāni ramiti
1_veda/2_bra/satapath/sb_14_u.txt	4101	u			etadeva turīyaṃ darśatam padam parorajā ya eṣa tapati naiva kena canāpyaṃ kuta u
1_veda/3_ara/sankharu.txt	1	u			prajāpatir vai saṃvatsaraḥ | tasyaiṣa ātmā yan mahāvratam | tasmād enat parasmai na śaṃsen net sarveṣāṃ bhūtānām ātmānaṃ parasmin dadhānīti || atho indrasyaiṣa ātmā yan mahāvratam | tasmād enat parasmai na śaṃsen ned indrasyātmānaṃ parasmin dadhānīti || atho yam evaitam ṛṅmayaṃ yajurmayaṃ sāmamayaṃ puruṣaṃ saṃskurvanti tasyaiṣa ātmā yan mahāvratam | tasmād enat parasmai na śaṃsen net sarveṣāṃ chandasām ātmanaṃ parasmin dadhānīti || kāmaṃ tu sattriṇāṃ hotā śaṃset | pitre vācāryāya vātmane haivāsya tacchandastaṃ bhavati | ātmanaiva tad yajñaṃ samardhayati | tasya pañcaviśaḥ stomaḥ | caturviṃśatir vai saṃvatsarasyārdhamāsāḥ | saṃvatsarasyaivāptyai | atho prajāpatir vai saṃvatsaraḥ pañcaviṃśaḥ | atho caturviṃśo vai purastāt kṛto bhavati tasyaiṣa gatir yat pañcaviṃśaḥ | aindraśca ṛṣabhaḥ prājāpatyaścāja upālabhyau | aindraṃ vā etad ahaḥ | indra u vai prajāpatiḥ | tat prājāpatyaṃ rūpam | atho etad eva paśuṣvaindraṃ rūpaṃ yad ṛṣabhaḥ ||
1_veda/3_ara/sankharu.txt	3	u		mahadvad | mahadvad dhyetad ahaḥ | ko vastrāta vasavaḥ kau varūteti vaiśvadevaṃ sahīyaso varuṇa mitra martād ityetena rūpeṇa | uta syā naḥ sarasvatī juṣāṇeti sarasvataṃ dvārāvṛtasya subhago vyāvar ityetena rūpeṇa || prajāpatir vai vāmadevaḥ prajāpatāveva tat sarvān kāman ṛdhnuvanti | tad āhur na traiṣṭubhaṃ prātaḥsavanaṃ syāt | mohayati klptachandaso yajñamukham | aikāhikam eva syāt | brahma vā ekāhaḥ | brahmaitad ahaḥ | brahmaṇaiva tad brahma samardhayati ||	tasya viśoviśo vo atithim iti dvādaśarcam ājyam | dvādaśa vai māsāḥ saṃvatsaraḥ saṃvatsarasyaivāptyai | tasmin vai dve chandasī bhavato gāyatryaścānuṣṭubhaśca | agniṃ naro dīdhitibhiraraṇyor ityetat pañcaviṃśatyṛcam upasaṃśaṃsati | pañcaviṃśo hi stomaḥ | tad vai śastraṃ samṛddhaṃ yat stomena saṃpadyate | tasmin vai dve chandasī bhavato virājaśca triṣṭubhaśca | tāni catvāri saṃpadyante | catuṣṭayaṃ vā idaṃ sarvam asyaiva sarvasyāptyai || indrasyaivaitacchando yat triṣṭup | yad enaṃ svena chandasā samardhayati | kuvid aṅga namasā ye vṛdhāsa ity vāyavyaṃ mahadvad vṛdhavat | mahadvat | mahadvad dhyetad ahaḥ | ata evottaraṃ tṛcam aindravāyavaṃ yāvattarastanvo yāvadoja iti yāvannaraścakṣasā dīdhyānā ityetena rūpeṇa | ud vāṃ cakṣurvaruṇa supratīkam iti maitrāvaruṇaṃ devayoreti sūryastatanvān ityetena rūpeṇa | ka u śravat katamo yajñiyānām ityāśvinaṃ yaṃ suryasya duhitāvṛṇītetyetena rūpeṇa | kathā mahām avṛdhat kasya hotur ityaindraṃ mahadvad vṛdhavat
1_veda/3_ara/sankharu.txt	6	u			ā tvā rathaṃ yathotaya iti marutvatīyasya pratipat | idaṃ vaso sutam andha ityanucaraḥ | eṣa eva nitya ekāhātānaḥ | tasyoktaṃ brāhmaṇam | asat su me jaritaḥ sābhivega iti vāsukraṃ pūrvaṃ śastvā mahāṃ indro nṛvad ā carṣaṇiprā ityetasmiṃstraiṣṭubhe nividaṃ dadhāti | tad yad vāsukraṃ pūrvaṃ śaṃsati | indra u vai vasukraḥ | atha yad mahāṃ indro nṛvad ā carṣaṇiprā iti mahadvat | mahadvad dhyetad ahaḥ ||
1_veda/3_ara/sankharu.txt	14	u			viśvāmitro ha vā indrasya priyaṃ dhāmopajagāma śastreṇa ca vratacaryayā | taṃ hendra uvāca viśvāmitra varaṃ vṛṇīṣveti | sa hovāca viśvāmitras tvām eva vijānīyām iti | dvitīyam iti | tvām eveti | tṛtīyam iti | tvām eveti | taṃ hendra uvāca mahāṃśca mahatī cāsmi | devaśca devī cāsmi | brahma ca brāhmaṇī cāsmīti | tata u ha viśvāmitro vijijñāsām eva cakre | taṃ hendra uvācaitad vā aham asmi yad etad avocaṃ yad vā ṛṣe 'to bhūyo 'tapās tadeva tat syād yad aham iti | tad vā indro vyāhṛtīr ūce tā upāptā āsann iti | athopanidhāya preṅkhaphalakaṃ trir abhyanya trir abhyavān iti ||
1_veda/3_ara/sankharu.txt	16	u		apracyutyām | atha trit abhanya trir abhyavān iti | athopari preṅkhaphalake dakṣiṇottariṇam upasthaṃ kṛtvā dakṣiṇena prādeśena paścāt prāṅ preṅkhaphalakam upaspṛśati | prajāpatiṣ ṭvā rohatu vāyuḥ preṅkhayatv iti | prajāpatir vā etad ārohati vāyuḥ preṅkhayati yaj jīvam | atha trir abhanya trir abhavān iti | atha prāñcau pāṇī parigṛhya japati ||	tad vā audumbaraṃ bhavati | ūrg vā annādyam udumbara ūrjo 'nnādyasyopāptyai | athainad urasā saṃspṛśya dakṣiṇaṃ bhāgam ātmano 'tiharañ japati | arko 'si vasavastvā gāyatreṇa cchandasārohantu te ta āroḍhāra ityeva tad āha | tān aham anvārohāmi rājyāyeti | rājyaṃ ha vā idam u haiva cakṣate | athottaraṃ bhāgam ātmano 'tiharañ japati | rudrāstvā traiṣṭubhena chandasārohantu te ta āroḍhāra ityeva tad āha | tān aham anvārohāmi svārājyāyeti | svārājyaṃ ha vai rājyād adhitarām iva | atha dakṣiṇaṃ bhāgam ātmano 'tiharañ japati | ādityāstvā jagatena cchandasārohantu te ta āroḍhāra ityeva tad āha | tān aham anvārohāmi sāmrājyāyeti | sāmrājyaṃ ha vai svārājyād adhitarām iva | athottaraṃ bhāgam ātmano 'tiharañ japati | viśve tvā devā ānuṣṭubhena chandasārohantu te ta āroḍhāra ityeva tad āha | tān aham anvārohāmi kāmaprāyeti | kāmapraṃ ha vai sarveṣāṃ parārdhyam | atha samadhisṛpya prāñcau pādā upāvahṛtya bhūmau pratiṣṭhāpayati | udyatataro ha vā eṣo 'smāl lokād bhavati | tad yat pratiṣṭhāpayati | tad asmiṃl loke pratitiṣṭhati pratiṣṭhāyām
1_veda/3_ara/sankharu.txt	24	u			hiṃkāreṇa pratipadyata etad uktham | prāṇo vai hiṃkāraḥ prāṇenaivaitad ukthaṃ pratipadyate | atho ūrg vai raso hiṃkāra ūrjam eva tad rasam etasmin ukthe dadhāti | atho amṛtatvaṃ vai hiṃkāro 'mṛtatvam eva tad ātman dhatte | rājanaṃ pṛṣṭhaṃ bhavati | etad vai pratyakṣaṃ sāma yad rājanam | tad enat svena sāmnā samardhayati | tad aniruktāsu bhavati | anirukta u vai prajāpatiḥ | tat prājāpatyaṃ rūpam | kavatīṣu syād iti haika āhuḥ | ko vai prajāpatiḥ | tat prājāpatyaṃ rūpam | athaitaṃ tūṣṇīṃśaṃsam upāṃśu śaṃsati | vāg vā etad ahar manas tūṣṇīṃśaṃsaḥ | manasaiva tad vācaṃ samardhayati | tad id āsa bhuvaneṣu jyeṣṭham iti stotriyastṛcaḥ | vāvṛdhānaḥ śavasā bhūryojā iti vṛdhavan mahadvat | mahadvad dhyetad ahaḥ |
1_veda/3_ara/sankharu.txt	61	u		provācāṅgirā dīrghatamase | tata u ha dīrghatamā daśa puruṣāyuṣāṇi jijīva | tad apyetad ṛṣir āha dīrghatamā māmateyo jujurvān daśame yuga iti | tad etay āyuṣkāmasya śastram iti ha smāha kauṣītakiḥ | tad ya evaṃ vidvān etad ahaḥ śaṃsati sarvam āyur asmiṃl loka eti | āpnotyamṛtatvam akṣitiṃ svarge loke ||	tad etat sakṛcchastāyāṃ sūdadohasi | yāvacchastraṃ upasarjanyāṃ saṃkhyāyamānāyām ṛte tūṣṇīṃśaṃsaṃ bṛhatīsahasraṃ saṃpadyate | tasya vā etasya bṛhatīsahasrasya ṣaṭtriṃśad akṣarāṇāṃ sahasrāṇi bhavanti | tāvanti śatasaṃvatsarasyāhāni bhavanti | tac chatasaṃvatsarasyāhānyāpnoti | anuṣṭupsaṃpannam u haike | vāg vā etad ahaḥ | vāg anuṣṭup | vāg gha sarvāṇi bhūtāni | atho vāg idaṃ sarvam iti | bṛhatīsaṃpannam iti tveva sthitam | bārhato vā eṣa ya eṣa tapati | tad enaṃ svena chandasā samardhayati | trir evāhvayate | trayo vā ime lokāḥ | imān eva tal lokān āpnoti | ekāhikī yājyā pratiṣṭhā vā ekāhaḥ pratiṣṭhityā eva | ananuvaṣaṭkṛta eva preṅkhaṃ śrathnanti | sagraham evāyaṃ taṃ prāṅ upāvarohati pratyaṅ preṅkhaphalakam apohati | parāmṛśan grahaṃ japati | yam imaṃ prajayaṃ prājaiṣaṃ tam anvasānīti ned asmāt prajayād ātmānam apādadhānīti | vaiśvakarmaṇo 'tigrāhyaḥ | prājāpatyaṃ vā etad ahaḥ | prajāpatir viśvakarmā tad enaṃ svena rūpeṇa samardhayati | tad dhaitad ahar indro 'girase
1_veda/3_ara/sankharu.txt	62	u	tad etat sakṛcchastāyāṃ sūdadohasi | yāvacchastraṃ upasarjanyāṃ saṃkhyāyamānāyām ṛte tūṣṇīṃśaṃsaṃ bṛhatīsahasraṃ saṃpadyate | tasya vā etasya bṛhatīsahasrasya ṣaṭtriṃśad akṣarāṇāṃ sahasrāṇi bhavanti | tāvanti śatasaṃvatsarasyāhāni bhavanti | tac chatasaṃvatsarasyāhānyāpnoti | anuṣṭupsaṃpannam u haike | vāg vā etad ahaḥ | vāg anuṣṭup | vāg gha sarvāṇi bhūtāni | atho vāg idaṃ sarvam iti | bṛhatīsaṃpannam iti tveva sthitam | bārhato vā eṣa ya eṣa tapati | tad enaṃ svena chandasā samardhayati | trir evāhvayate | trayo vā ime lokāḥ | imān eva tal lokān āpnoti | ekāhikī yājyā pratiṣṭhā vā ekāhaḥ pratiṣṭhityā eva | ananuvaṣaṭkṛta eva preṅkhaṃ śrathnanti | sagraham evāyaṃ taṃ prāṅ upāvarohati pratyaṅ preṅkhaphalakam apohati | parāmṛśan grahaṃ japati | yam imaṃ prajayaṃ prājaiṣaṃ tam anvasānīti ned asmāt prajayād ātmānam apādadhānīti | vaiśvakarmaṇo 'tigrāhyaḥ | prājāpatyaṃ vā etad ahaḥ | prajāpatir viśvakarmā tad enaṃ svena rūpeṇa samardhayati | tad dhaitad ahar indro 'girase		provācāṅgirā dīrghatamase | tata u ha dīrghatamā daśa puruṣāyuṣāṇi jijīva | tad apyetad ṛṣir āha dīrghatamā māmateyo jujurvān daśame yuga iti | tad etay āyuṣkāmasya śastram iti ha smāha kauṣītakiḥ | tad ya evaṃ vidvān etad ahaḥ śaṃsati sarvam āyur asmiṃl loka eti | āpnotyamṛtatvam akṣitiṃ svarge loke ||
1_veda/3_ara/sankharu.txt	64	u		pratiṣṭhā vā ekāhaḥ pratiṣṭhityā eva | prayajyavo maruto bhrājadṛṣṭaya iti mārutam | bṛhan mahānta urviyā vi rājatheti bṛhadvat | mahadvat | mahadvat dhyetad ahaḥ | baḍa ityā tad vapeṣu dhāyi darśitam iti jātavedasīyaṃ tasya astāvyagniḥ śimīvadbhir arkair ity arkavatyuttamā | tad etasyāhno rūpam ityagnimārutasūktānīti | etasyāhnaḥ sūktāni | tad agniṣṭomaḥ saṃtiṣṭhate | brahma vā agniṣṭomaḥ | brahmaitad ahaḥ | brahmanyeva tad brahma pratiṣṭhāpyanti | te 'mṛtatvam āpnuvanti ya etad ahar upayanti ya etad ahar upayanti ||	tat savitur vṛṇīmaha iti vaiśvadevasya pratipat | vṛṇīmaha iti mahadvatī | mahadvat | mahadvat dhyetad ahaḥ | adyā no deva savitar ityanucaraḥ | viśvā vāmāni dhīmahīti mahadvat | mahadvad dhyetad ahaḥ | tad devasya savitur vāryaṃ mahad iti sāvitraṃ mahadvat | mahadvad dhyetad ahaḥ | te hi dyāvāpṛthivī viśvaśaṃbhuva iti dyāvāpṛthivīyam uruvyacaso mahinī asaścateti mahadvat | mahadvad dhyetad ahaḥ | kim u śreṣṭhaḥ kiṃ yaviṣṭho na ājagann ityārbhavam | na nindima camasaṃ yo mahākula iti mahadvat | mahadvad dhyetad ahaḥ | asya vāmasya palitasya hotur iti salilaṃ vaiśvadevam | salilaṃ hyetad devānām | aikāhike nividaṃ dadhāti | pratiṣṭhā vā ekāhaḥ pratiṣṭhityā eva | aikāhikaṃ vaiśvānarīyam |
1_veda/3_ara/sankharu.txt	96	u			ukthaṃ brahmeti ha smāha śuṣkabhṛṅgāraḥ | tad ṛg ityupāsīta | sarvāṇi hāsmai bhūtani śraiṣṭhyāyābhyacyante | tad yajur ityupāsīta | sarvāṇi hāsmai bhūtāni śraiṣṭhyāya yujyante | tat sāma ityupāsīta | sarvāṇi hāsmai bhūtāni śraiṣṭhyāya saṃnamante | tac chrīr ityupāsīt | tad yaśa ityupāsīta | tat teja ityupāsīta | tad yathaitac chrīmattamaṃ yaśasvitamaṃ tejasvitamam iti śastreṣu bhavati | evaṃ haiva sa sarveṣu bhūteṣu śrīmattamo yaśasvitamas tejasitamo bhavati ya evaṃ veda | tad etad aiṣṭikaṃ karma yam ātmānam adhvaryuḥ saṃskaroti | tasmin yajurmayaṃ pravayati | yajurmaya ṛṅmayaṃ hotā | ṛṅmaye sāmamayam udgātā | sa eṣa trayyai vidyāyā ātmā | eṣa u evaitad indrasyātmā bhavati ya evaṃ veda ||
1_veda/3_ara/sankharu.txt	100	u			atha māsimāsyāvāsyāyāṃ vṛttāyāṃ paścāc candramasaṃ dṛśyamānam upatiṣṭhetaitayaivāvṛtā | haritatṛṇe vā pratyasya | yan me susīmaṃ hṛdayaṃ divi candramasi śritam | manye 'haṃ māṃ tad vidvāṃsaṃ māhaṃ putryam aghaṃ rudam || iti | na hyasmāt pūrvā prajā praitīti nu jātaputrasya | athājātaputrasya | āpyāyasva sametu te | saṃ te payāṃsi sam u yantu vājāḥ | yam ādityā aṃśum āpyāyayantītyetās tisra ṛco japitvā | māsmākaṃ prāṇena prajayā paśubhir āpyāyayiṣṭhāḥ | yo smān dveṣṭi yaṃ ca vayaṃ dviṣmas tasya prāṇena prajayā paśubhir āpyāyayasvetyaindrīm āvṛtam āvarta ādityasyāvṛtam anvāvarta iti dakṣiṇaṃ bāhum anvāvartate ||
1_veda/3_ara/sankharu.txt	115	u	athātaḥ pitāputrīyaṃ saṃpradānam iti cācakṣate | pitā putraṃ preṣyann āhvayati | navais tṛṇair agāraṃ saṃstīryāgnim upasamādhāyodakumbhaṃ sapātram upanidhāyāhatena vāsasā saṃpracchannaḥ pitā śete | etya putra upariṣṭād abhinipadyata indriyair indriyāṇi saṃspṛśya | api vāsmā āsīnāyābhimukhāyaiva saṃpradadyāt | athāsmai saṃprayacchati | vācaṃ me tvayi dadhānīti pitā | vācaṃ te mayi dadha iti putraḥ | prāṇaṃ me tvayi dadhānīti pitā | prāṇaṃ te mayi dadha iti putraḥ | cakṣur me tvayi dadhānīti pitā | cakṣus te mayi dadha iti putraḥ | śrotraṃ me tvayi dadhānīti pitā | śrotraṃ te mayi dadha iti putraḥ | annarasān me tvayi dadhānīti pitā | annarasāṃs te mayi dadha iti putraḥ | karmāṇi me tvayi dadhānīti	putraḥ | atha dakṣiṇāvṛd upaniṣkrāmati | taṃ pitrānumantrayate | yaśo brahmavarcasaṃ kīrtis tvā juṣatām iti | athetaraḥ savyam anvaṃsam abhyavekṣate | pāṇināntardhāya vasanāntena vā pracchādya svargāṃl lokān kāmān āpnuhīti | sa yadyugadaḥ syāt putrasyaiśvarye pitā vaset | pari vā vrajet | yadyu vai preyāt tathaivainaṃ samāpayeyuḥ | yathā samāpayitavyo bhavati yathā samāpayitavyo bhavati ||	pitā | karmāṇi te mayi dadha iti putraḥ | sukhaduḥkhe me tvayi dadhānīti pitā | sukhaduḥkhe te mayi dadha iti putraḥ | ānandaṃ ratiṃ prajātiṃ me tvayi dadhānīti pitā | ānandaṃ ratiṃ prajātiṃ te mayi dadha iti putraḥ | ityāṃ me tvayi dadhānīti pitā | ityāṃ te mayi dadha iti putraḥ | dhiyo vijñātavyaṃ kāmān me tvayi dadhānīti pitā | dhiyo vijñātavyaṃ kāmāṃs te mayi dadha iti putraḥ | mano me tvayi dadhānīti pitā | manas te mayi dadha iti putraḥ | prajñāṃ me tvayi dadhānīti pitā | prajñāṃ te mayi dadha iti putraḥ | yad u vā upābhigadaḥ syāt samāsenaiva brūyāt | prāṇān me tvayi dadhānīti pitā | prāṇāṃs te mayi dadha iti
1_veda/3_ara/sankharu.txt	122	u			sa hovāca prāṇo 'smi prajñātmā | taṃ mām āyur amṛtam ityupāsva | āyuḥ prāṇaḥ | prāṇo vā āyuḥ | yāvad dhyasmin śarīre prāṇo bhavati yāvad āyuḥ | prāṇena hyevāsmiṃl loke 'mṛtatvam āpnoti | prajñayā satyaṃ saṃkalpaṃ | sa yo mām āyur amṛtam ityupāste | sarvam āyur asmil loka eti | āpnotyamṛtatvam akṣitiṃ svarge loke | tad dhaika āhur ekabhūyaṃ vai prāṇā gacchantīti | na hi kaścana śaknuyāt sakṛd vācā nāma prajñāpayituṃ cakṣuṣā rūpaṃ śrotreṇa śabdaṃ manasā dhyātum | ekabhūyaṃ vai prāṇā bhūtvaivaikaikam etāni sarvāṇi prajñāpayantīti | vācaṃ vadantīṃ sarve prāṇā anuvadanti | cakṣuḥ paśyat sarve prāṇā anupaśyanti | śrotraṃ śṛṇvat sarve prāṇā anuśṛṇvanti | mano dhyāyat sarve prāṇā anudhyāyanti | prāṇaṃ prāṇantaṃ sarve prāṇā anuprāṇanti | evam u haitad iti hendra uvāca | asti tveva prāṇānāṃ niḥśreyasam iti ||
1_veda/3_ara/sankharu.txt	137	u	na vācaṃ vijijñāsīti | vaktāraṃ vidyāt | na gandhaṃ vijijñāsīti | ghrātāraṃ vidyāt | na rūpaṃ vijijñāsīti | draṣṭāraṃ vidyāt | na śabdaṃ vijijñāsīti | śrotāraṃ vidyāt | nānnarasaṃ vijijñāsīti | annarasasya vijñātāraṃ vidyāt | na karma vijijñāsīti | kartāraṃ vidyāt | na sukhaduḥkhe vijijñāsīti | sukhaduḥkhayor vistāraṃ vidyāt | nānandaṃ na ratiṃ na prajātiṃ vijijñāsīti | ānandasya rateḥ prajāter vijñātāraṃ vidyāt | netyāṃ vijijñāsīti | etāraṃ vidyāt | na mano vijijñāsīti | mantāraṃ vidyāt | tā vā etā daśaiva bhūtamātrā adhiprajñam | daśa prajñāmātrā adhibhutam | yad dhi bhūtamātrā na syur na prajñāmātrāḥ syuḥ | yad vā prajñāmātrā na syur na bhūtamātrāḥ syuḥ |		na hyanyatarato rūpaṃ kiṃcana sidhyet | no eta nānā | tad yathā rathasyāreṣu nemir arpitaḥ | nābhāvarā arpitāḥ | evam evaitā bhūtāmātrāḥ prajñāmātrāsvarpitāḥ | prajñāmātrāḥ prāṇe 'rpitāḥ | sa eṣa prāṇa eva prajñātmānanto 'jaro 'mṛto na sādhunā karmaṇā bhūyān bhavati np evāsādhunā kanīyān | eṣa hyeva sādhu karma kārayati taṃ yam ebhyo lokebhya unninīṣate | eṣa u evāsādhu karma kārayati taṃ yam adho ninīṣate | eṣa lokapālaḥ | eṣa lokādhipatiḥ | eṣa lokeśaḥ | sa ma ātmeti vidyāt sa ma ātmeti vidyāt ||
1_veda/3_ara/sankharu.txt	141	u			atha gārgyo bālākir anūcānaḥ saṃspaṣṭa āsa | so 'vasad uśīnareṣu so 'vasan matsyeṣu kurupañcāleṣu kāśivideheṣviti | sa hājātaśatruṃ kāśyam āvrajyovāca | brahma te bravāṇīti | taṃ hovācājataśatruḥ | sahasraṃ dadmi ta ityetasyāṃ vāci | janako janaka iti vā u janā dhāvantīti ||
1_veda/3_ara/sankharu.txt	177	u		piṅgalasyāṇimnyas tiṣṭhanti śuklasya kṛṣṇasya pītasya lohitasya ca | tāsu tadā bhavati yadā suptaḥ svapnaṃ na kaṃcana paśyati ||	tata u ha bālākis tūṣṇīm āsa | taṃ hovācājātaśatruḥ | etāvān nu bālākā iti | etāvad iti hovāca bālākiḥ | taṃ hovācājātaśatruḥ | mṛṣā vai khalu mā saṃvādayiṣṭhā brahma te bravāṇīti | sa hovāca | yo vai bālāka eteṣāṃ puruṣāṇāṃ kartā yasya vaitat karma sa vai veditavya iti | tata u ha bālākiḥ samitpāṇiḥ praticakrama upāyānīti | taṃ hovācājātaśatruḥ | pratilomarūpam eva tan manye yat kṣatriyo brāhmaṇam upanayeta | ehi vyeva tvā jñapayiṣyāmīti | taṃ ha pāṇāvabhipadya pravavrāja | tau ha suptaṃ puruṣam ājagmatuḥ | taṃ hājātaśatrur āmantrayāñcakre | bṛhan pāṇḍaravāsaḥ soma rājann iti | sa u ha śiśya eva | tat u hainaṃ yaṣṭyā vicikṣepa | sa tata eva samuttasthau | taṃ hovācājātaśatruḥ | kvaiṣa etad bālāke puruṣo 'śayiṣṭa | yatraitad abhūt | yata etad āgād iti | hitā nama puruṣasya nāḍyo hṛdayāt purītatam abhipratanvanti tad yathā sahasradhā keśo vipāṭitastvāvad aṇvyaḥ |
1_veda/3_ara/sankharu.txt	177	u		piṅgalasyāṇimnyas tiṣṭhanti śuklasya kṛṣṇasya pītasya lohitasya ca | tāsu tadā bhavati yadā suptaḥ svapnaṃ na kaṃcana paśyati ||	tata u ha bālākis tūṣṇīm āsa | taṃ hovācājātaśatruḥ | etāvān nu bālākā iti | etāvad iti hovāca bālākiḥ | taṃ hovācājātaśatruḥ | mṛṣā vai khalu mā saṃvādayiṣṭhā brahma te bravāṇīti | sa hovāca | yo vai bālāka eteṣāṃ puruṣāṇāṃ kartā yasya vaitat karma sa vai veditavya iti | tata u ha bālākiḥ samitpāṇiḥ praticakrama upāyānīti | taṃ hovācājātaśatruḥ | pratilomarūpam eva tan manye yat kṣatriyo brāhmaṇam upanayeta | ehi vyeva tvā jñapayiṣyāmīti | taṃ ha pāṇāvabhipadya pravavrāja | tau ha suptaṃ puruṣam ājagmatuḥ | taṃ hājātaśatrur āmantrayāñcakre | bṛhan pāṇḍaravāsaḥ soma rājann iti | sa u ha śiśya eva | tat u hainaṃ yaṣṭyā vicikṣepa | sa tata eva samuttasthau | taṃ hovācājātaśatruḥ | kvaiṣa etad bālāke puruṣo 'śayiṣṭa | yatraitad abhūt | yata etad āgād iti | hitā nama puruṣasya nāḍyo hṛdayāt purītatam abhipratanvanti tad yathā sahasradhā keśo vipāṭitastvāvad aṇvyaḥ |
1_veda/3_ara/sankharu.txt	177	u		piṅgalasyāṇimnyas tiṣṭhanti śuklasya kṛṣṇasya pītasya lohitasya ca | tāsu tadā bhavati yadā suptaḥ svapnaṃ na kaṃcana paśyati ||	tata u ha bālākis tūṣṇīm āsa | taṃ hovācājātaśatruḥ | etāvān nu bālākā iti | etāvad iti hovāca bālākiḥ | taṃ hovācājātaśatruḥ | mṛṣā vai khalu mā saṃvādayiṣṭhā brahma te bravāṇīti | sa hovāca | yo vai bālāka eteṣāṃ puruṣāṇāṃ kartā yasya vaitat karma sa vai veditavya iti | tata u ha bālākiḥ samitpāṇiḥ praticakrama upāyānīti | taṃ hovācājātaśatruḥ | pratilomarūpam eva tan manye yat kṣatriyo brāhmaṇam upanayeta | ehi vyeva tvā jñapayiṣyāmīti | taṃ ha pāṇāvabhipadya pravavrāja | tau ha suptaṃ puruṣam ājagmatuḥ | taṃ hājātaśatrur āmantrayāñcakre | bṛhan pāṇḍaravāsaḥ soma rājann iti | sa u ha śiśya eva | tat u hainaṃ yaṣṭyā vicikṣepa | sa tata eva samuttasthau | taṃ hovācājātaśatruḥ | kvaiṣa etad bālāke puruṣo 'śayiṣṭa | yatraitad abhūt | yata etad āgād iti | hitā nama puruṣasya nāḍyo hṛdayāt purītatam abhipratanvanti tad yathā sahasradhā keśo vipāṭitastvāvad aṇvyaḥ |
1_veda/3_ara/sankharu.txt	177	u		piṅgalasyāṇimnyas tiṣṭhanti śuklasya kṛṣṇasya pītasya lohitasya ca | tāsu tadā bhavati yadā suptaḥ svapnaṃ na kaṃcana paśyati ||	tata u ha bālākis tūṣṇīm āsa | taṃ hovācājātaśatruḥ | etāvān nu bālākā iti | etāvad iti hovāca bālākiḥ | taṃ hovācājātaśatruḥ | mṛṣā vai khalu mā saṃvādayiṣṭhā brahma te bravāṇīti | sa hovāca | yo vai bālāka eteṣāṃ puruṣāṇāṃ kartā yasya vaitat karma sa vai veditavya iti | tata u ha bālākiḥ samitpāṇiḥ praticakrama upāyānīti | taṃ hovācājātaśatruḥ | pratilomarūpam eva tan manye yat kṣatriyo brāhmaṇam upanayeta | ehi vyeva tvā jñapayiṣyāmīti | taṃ ha pāṇāvabhipadya pravavrāja | tau ha suptaṃ puruṣam ājagmatuḥ | taṃ hājātaśatrur āmantrayāñcakre | bṛhan pāṇḍaravāsaḥ soma rājann iti | sa u ha śiśya eva | tat u hainaṃ yaṣṭyā vicikṣepa | sa tata eva samuttasthau | taṃ hovācājātaśatruḥ | kvaiṣa etad bālāke puruṣo 'śayiṣṭa | yatraitad abhūt | yata etad āgād iti | hitā nama puruṣasya nāḍyo hṛdayāt purītatam abhipratanvanti tad yathā sahasradhā keśo vipāṭitastvāvad aṇvyaḥ |
1_veda/3_ara/sankharu.txt	206	u			athāto nirbhujapravādāḥ | pṛthivyāyatanaṃ nirbhujaṃ divāyatanaṃ pratṛṇṇam antartikṣāyatanam ubhayam antareṇa | sa ya enaṃ nirbhujaṃ bruvan param upavadet | pṛthivīṃ devatām āraḥ pṛthivī tvā devatāriṣyatītyenaṃ brūyāt | atha yadi pratṛṇṇam bruvan param upavaded divaṃ devatām āro dyaus tvā devatāriṣyatītyenaṃ brūyāt | atha yadyubhayam antareṇa bruvan param upavaded antarikṣaṃ devatām āra antarikṣaṃ tvā devatāriṣyatītiyenaṃ brūyāt | yad dhi saṃdhiṃ vivartayati tan nirbhujasya rūpam | atha yac chuddhe akṣare abhivyāharati tat pratṛṇṇasyāgra u eva | ubhayam antareṇobhayaṃ vyāptaṃ bhavati | annādyakāmo nirbhujaṃ brūyāt svargakāṃaḥ pratṛṇṇam ubhayakāma ubhayamantareṇa | sa ya enaṃ nirbhujaṃ bruvan param upavaded acyoṣṭhā avarābhyāṃ sthānābhyām ityenaṃ brūyāt | atha yadi pratṛṇṇam bruvan param upavaded acyoṣṭhā uttarābhyāṃ sthānābhyām ityevainaṃ brūyāt | yastvevobhayam antareṇāha tasya tasya nāstyupavādaḥ | yathā nu kathā ca bruvan vābruvan vā brūyād abhyāśam kuśalād brāhmaṇaṃ brūyād atidyumna evaṃ brāhmaṇaṃ brūyān nātidyumne ca na brāhmaṇaṃ brūyāt | namo 'stu brāhmaṇebhya iti śauravīro māṇḍūkeyaḥ ||
1_veda/3_ara/sankharu.txt	222	u			vāk saṃhiteti pañcālacaṇḍaḥ | vācā vai vedāḥ saṃdhīyante vācā chandāṃsi vācā mitrāṇi saṃdadhati | tad yatraitad adhīte vā bhāṣate vā vāci tadā prāṇo bhavati | vāk tadā prāṇaṃ reḍhi | atha yat svapiti vā tūṣṇīṃ vā bhavati prāṇe tadā vāg bhavati prāṇastadā vācaṃ reḍhi | tāv anyonyaṃ rīḍhaḥ | tad etad ṛcābhyuditam | ekaḥ suparṇaḥ sa samudram āviveśa | sa idaṃ viśvaṃ bhuvanaṃ vicaṣṭe | taṃ pākena manasāpaśyam antitas | taṃ mātā reḍhi sa u reḍhi mātaram || iti | vāg vai mātā prāṇo vatsaḥ | sa ya evam etāṃ saṃhitāṃ veda saṃdhīyate prajayā paśubhir yaśasā brahmavarcasena svargeṇa lokena sarvam āyur eti ||
1_veda/3_ara/sankharu.txt	224	u			bṛhadrathaṃtareṇa rūpeṇa saṃhitā saṃdhīyata iti tārkṣyaḥ | vāg vai rathaṃtarasya rūpaṃ prāṇo bṛhataḥ | ubhābhyām u khalu saṃhitā saṃdhīyate vācā ca prāṇena ca | etasyāṃ ha smopaniṣadi saṃvatsaraṃ gā rakṣayata iti tārkṣyaḥ | sa ya evam etāṃ saṃhitāṃ veda saṃdhīyate prajayā paśubhir yaśasā brahmavarcasena svargeṇa lokena sarvam āyur eti ||
1_veda/3_ara/sankharu.txt	236	u			atha kauṣṭharavyaḥ | trīṇi ṣaṣṭiśatānyakṣarāṇām | trīṇi ṣaṣṭiśatānyūṣmaṇām | trīṇi ṣaṣṭiśatāni saṃdhīnām | yānyakṣarāṇyavocāmāhāni tāni | yān ūṣmaṇo rātrayastāḥ | yān saṃdhīn avocāmāhorātrāṇāṃ te saṃdhayaḥ | ityadhidaivatam | athādhyātmam | yānyakṣarāṇyadhidaivatam avocāmāsthīni tānyadhyātmam | yān ūṣmaṇo 'dhidaivatam avocāma majjānas te 'dhyātmam | eṣa u ha vai saṃpratiprāṇo yan majjā etad retaḥ na vā ṛte prāṇād retasaḥ siddhir asti | yad vā ṛte prāṇād retaḥ sicyeta tat pūyen na saṃbhavet | yān saṃdhīn adhidaivatam avocāma parvāṇi tānyadhyātmam | tasyaitasyāsthnāṃ majjā parvaṇām iti pañcetaścatvāriṃśacchatāni bhavanti | saṃdhīnāṃ pañcetastadaśītisahasraṃ bhavati | aśītisahasraṃ vārkalino bṛhatīr aharahani saṃpādayanti | sa eṣo 'haḥsaṃmānaś cakṣurmayaś śrotramayaś chandomayo manomayo vāṅmaya ātmā | sa ya evam etad ahaḥsaṃmānaṃ cakṣurmayaṃ śrotramayaṃ chandomayaṃ manomayaṃ vāmayam ātmānaṃ veda ahnāṃ sāyaujyaṃ salokatāṃ sarūpatāṃ sabhakṣatām aśnute | putrī paśumān bhavati sarvam āyur eti ||
1_veda/3_ara/sankharu.txt	240	u			citraṃ devānām udagād anīkaṃ cakṣur mitrasya varuṇasyāgneḥ | āprā dyāvāpṛthivī antarikṣaṃ sūrya ātmā jagatas tasthuṣaś ca || iti | etām evānuvidyāṃ saṃhitāṃ saṃdhīyamānāṃ manya iti ha smāha vātsyaḥ || etam u haiva bahvṛcā mahadukthe mīmāṃsanta etam agnāv adhvaryava etaṃ mahāvrate chandogā etam asyām etam antarikṣa etaṃ divi etam agnāv etaṃ vāyāv etaṃ candramasy etaṃ nakṣatreṣv etam apsv etam oṣadhīṣv etaṃ sarveṣu bhūteṣv etam akṣareṣv etam eva brahmetyupāsate | tad etad ṛcābhyuditam ||
1_veda/3_ara/sankharu.txt	249	u			pṛthivyā rūpaṃ sparśā antarikṣasyoṣmāṇo divaḥ svarāḥ | agne rūpaṃ sparśā vāyor ūṣmāṇa ādityasya svarāḥ | ṛgvedasya rūpaṃ sparśā yajurvedasyoṣmāṇaḥ sāmavedasya svarāḥ | rathantarasya rūpaṃ sparśā vāmadevyasyoṣmāṇo bṛhataḥ svarāḥ | prāṇasya rūpaṃ sparśā apānasyoṣmāṇo manasaḥ svarāḥ | prāṇasya rūpaṃ sparśā apānasyoṣmāṇa udānasya svarāḥ svarā iti punardattaḥ | eṣa u haiva sarvāṃ vācaṃ veda ya evaṃ veda ||
1_veda/3_ara/sankharu.txt	262	u			yo ha vai jyeṣṭhaṃ ca śreṣṭhaṃ ca veda jyeṣṭhaś ca ha vai śreṣṭhaś ca svānāṃ bhavati | prāṇo vai jyeṣṭhaś ca śreṣṭhaś ca | yo ha vai vasiṣṭhāṃ veda vasiṣṭho ha svānāṃ bhavati vāg vai vasiṣṭhā | yo ha vai pratiṣṭhāṃ veda prati ha tiṣṭhaty asmiṃś ca loke 'muṣmiṃś ca cakṣur ha pratiṣṭhā | yo ha vai saṃpadaṃ veda saṃ hāsmai kāmāḥ saṃpadyante śrotraṃ ha vā u saṃpat | yo ha vā āyatanaṃ vedāyatano ha svānāṃ bhavati mano vā āyatanam | atha hemā devatāḥ prajāpatiṃ pitaram etyābruvan ko vai naḥ śreṣṭha iti | sa hovāca prajāpatir yasmin va utkrānte śarīraṃ pāpiṣṭham iva manyate sa vai śreṣṭha iti ||
1_veda/3_ara/sankharu.txt	336	u			athāto vairāgyasaṃskṛte śarīre brahmayajñaniṣṭho bhavet | apa punarmṛtyuṃ jayati | tad u ha vātmā draṣṭavyaḥ śrotavyo mantavyo nididhyāsitavya iti | tam etaṃ vedānuvacanena vividiṣanti brahmacaryeṇa tapasā śraddhayā yajñenānāśakena ceti māṇḍūkeyaḥ | tasmād evaṃvic chānto dānta uparatas titikṣuḥ śraddhāvitto bhūtvātmany evātmānaṃ paśyed iti māṇḍavyaḥ | yo 'yaṃ vijñānamayaḥ puruṣaḥ prāṇeṣu sa eṣa neti nety ātmā na gṛhya idaṃ brahmedaṃ kṣatram ime devā ime vedā ime lokā imāni sarvāṇi bhūtānīdaṃ sarvaṃ yad ayam ātmā | sa eṣa tat tvam asīty ātmāvagamyo 'haṃ brahmāsmīti | tad etad brahmāpūrvam aparam anaparam anantaram abāhyam ayam ātmā brahma sarvānubhūr ity anuśāsanam iti yājñavalkyaḥ | tad etan nāputrāya nānantevāsine vā brūyād iti | ya imām adbhiḥ parigṛhītāṃ vasumatīṃ dhanasya pūrṇāṃ dadyād idam eva tato bhūya idam eva tato bhūya ity anuśāsanam | tām etām upaniṣadaṃ vedaśiro na yathā kathaṃ cana vadet | tad etad ṛcābhyuditam ||
1_veda/4_upa/brup___u.txt	247	u			evam u khalv etā devatāḥ pāpmabhir upāsṛjan |
1_veda/4_upa/brup___u.txt	339	u			ya u haivaṃvidaṃ sveṣu pratir bubhūṣati na haivālaṃ bhāryebhyo bhavati |
1_veda/4_upa/brup___u.txt	353	u			eṣa u eva bṛhaspatiḥ |
1_veda/4_upa/brup___u.txt	357	u			tasyā eṣa patis tasmād u bṛhaspatiḥ ||
1_veda/4_upa/brup___u.txt	359	u			eṣa u eva brahmaṇaspatiḥ |
1_veda/4_upa/brup___u.txt	363	u			tasyā eṣa patis tasmād u brahmaṇaspatiḥ ||
1_veda/4_upa/brup___u.txt	365	u			eṣa u eva sāma |
1_veda/4_upa/brup___u.txt	375	u			eṣa u vā udgīthaḥ |
1_veda/4_upa/brup___u.txt	417	u			anna ity u haika āhuḥ ||
1_veda/4_upa/brup___u.txt	441	u			tasmād u teṣu varaṃ vṛṇīta |
1_veda/4_upa/brup___u.txt	539	u			eṣa u hy eva sarve devāḥ |
1_veda/4_upa/brup___u.txt	543	u			tad u soma |
1_veda/4_upa/brup___u.txt	595	u			kim u tad brahmāved yasmāt tat sarvam abhavad iti ||
1_veda/4_upa/brup___u.txt	625	u			ekasminn eva paśāv ādīyamāne 'priyaṃ bhavati kim u bahuṣu |
1_veda/4_upa/brup___u.txt	645	u			ya u enaṃ hinasti svāṃ sa yonim ṛcchati |
1_veda/4_upa/brup___u.txt	1019	u			yad u kiñcemāḥ prajāḥ śocanty amaivāsāṃ tad bhavati |
1_veda/4_upa/brup___u.txt	1065	u			ya u haivaṃvidā spardhate 'nuśuṣyati |
1_veda/4_upa/brup___u.txt	1091	u			taṃ devāś cakrire dharmaṃ sa evādya sa u śva iti |
1_veda/4_upa/brup___u.txt	1099	u			yady u caret samāpipayiṣet teno etasyai devatāyai sāyujyaṃ salokatāṃ jayati ||
1_veda/4_upa/brup___u.txt	1303	u			tad u ha na mene gārgyaḥ ||
1_veda/4_upa/brup___u.txt	3647	u			tato bhūya iva te tamo ya u vidyāyāṃ ratāḥ ||
1_veda/4_upa/brup___u.txt	3659	u			sa viśvakṛt sa hi sarvasya kartā tasya lokaḥ sa u loka eva ||
1_veda/4_upa/brup___u.txt	4313	u			tasmā u haitad uvāca vīti |
1_veda/4_upa/brup___u.txt	4375	u			etad u haivāsyā etat |
1_veda/4_upa/brup___u.txt	4383	u			etad u haivāsyā etat |
1_veda/4_upa/brup___u.txt	4391	u			etad u haivāsyā etat |
1_veda/4_upa/brup___u.txt	4401	u			parorajā iti sarvam u hy evaiṣa raja upary upari tapati |
1_veda/4_upa/brup___u.txt	4463	u			kuta u etāvat pratigṛhṇīyāt ||
1_veda/4_upa/brup___u.txt	5035	u			etam u haiva vājasaneyo yājnavalkyo madhukāya paiṅgyāyāntevāsina uktvovāca || api ya enaṃ śuṣke sthāṇau niṣiñcej jāyerañ chākhāḥ praroheyuḥ palāśānīti ||
1_veda/4_upa/brup___u.txt	5037	u			etam u haiva madhukaḥ paiṅgyaś cūlāya bhāgavittaye 'ntevāsina uktvovāca || api ya enaṃ śuṣke sthāṇau niṣiñcej jāyerañ chākhāḥ praroheyuḥ palāśānīti ||
1_veda/4_upa/brup___u.txt	5039	u			etam u haiva cūlo bhāgavittir jānakaya āyaḥsthūṇāyāntevāsina uktvovāca || api ya enaṃ śuṣke sthāṇau niṣiñcej jāyerañ chākhāḥ praroheyuḥ palāśānīti ||
1_veda/4_upa/brup___u.txt	5041	u			etam u haiva jānakir āyasthūṇaḥ satyakāmāya jābālāyāntevāsina uktvovāca || api ya enaṃ śuṣke sthāṇau niṣiñcej jāyerañ chākhāḥ praroheyuḥ palāśānīti ||
1_veda/4_upa/brup___u.txt	5043	u			etam u haiva satyakāmo jābālo 'ntevāsibhya uktvova || acāpi ya enaṃ śuṣke sthāṇau niṣiñcej jāyerañ chākhāḥ praroheyuḥ palāśānīti |
1_veda/4_upa/chup___u.txt	125	u			etam u evāntato 'vittvotkrāmati |
1_veda/4_upa/chup___u.txt	131	u			etam u evāṅgirasaṃ manyante 'ṅgānāṃ yad rasaḥ ||
1_veda/4_upa/chup___u.txt	135	u			etam u eva bṛhaspatiṃ manyante |
1_veda/4_upa/chup___u.txt	141	u			etam u evāyāsyaṃ manyante |
1_veda/4_upa/chup___u.txt	165	u			samāna u evāyaṃ cāsau ca |
1_veda/4_upa/chup___u.txt	269	u			tān u tatra mṛtyur yathā matsyam udake paripaśyed evaṃ paryapaśyad ṛci sāmni yajuṣi |
1_veda/4_upa/chup___u.txt	275	u			eṣa u svaro yad etad akṣaram etad amṛtam abhayam |
1_veda/4_upa/chup___u.txt	289	u			etam u evāham abhyagāsiṣaṃ tasmān mama tvam eko 'sīti ha kauṣītakiḥ putram uvāca |
1_veda/4_upa/chup___u.txt	303	u			etam u evāham abhyagāsiṣaṃ tasmān mama tvam eko 'sīti ha kauṣītakiḥ putram uvāca |
1_veda/4_upa/chup___u.txt	489	u			tasmād u haivaṃvid udgātā brūyāt ||
1_veda/4_upa/chup___u.txt	2107	u			tam u ha paraḥ pratyuvāca kam v ara enam etat santaṃ sayugvānam iva raikvam āttha iti |
1_veda/4_upa/chup___u.txt	2115	u			tad u ha jānaśrutiḥ pautrāyaṇa upaśuśrāva |
1_veda/4_upa/chup___u.txt	2137	u			tad u ha jānaśrutiḥ pautrāyaṇaḥ ṣaṭ śatāni gavāṃ niṣkam aśvatarīrathaṃ tad ādāya praticakrame |
1_veda/4_upa/chup___u.txt	2145	u			tam u ha paraḥ pratyuvācāha hāretvā śūdra tavaiva saha gobhir astv iti |
1_veda/4_upa/chup___u.txt	2147	u			tad u ha punar eva jānaśrutiḥ pautrāyaṇaḥ sahasraṃ gavāṃ niṣkam aśvatarīrathaṃ duhitaraṃ tad ādāya praticakrame ||
1_veda/4_upa/chup___u.txt	2193	u			tasmā u ha na dadatuḥ ||
1_veda/4_upa/chup___u.txt	2203	u			tad u ha śaunakaḥ kāpeyaḥ pratimanvānaḥ pratyeyāya |
1_veda/4_upa/chup___u.txt	2211	u			tasmai u ha daduḥ |
1_veda/4_upa/chup___u.txt	2563	u			eṣa u eva vāmanīḥ |
1_veda/4_upa/chup___u.txt	2569	u			eṣa u eva bhāmanīḥ |
1_veda/4_upa/chup___u.txt	2575	u			atha yad u caivāsmiñ chavyaṃ kurvanti yadi ca nārciṣam evābhisaṃbhavanti |
1_veda/4_upa/chup___u.txt	2935	u			tasmād u sarveṣu lokeṣu kṣatrasyaiva praśāsanam abhūd iti |
1_veda/4_upa/chup___u.txt	3371	u			tasmād u haivaṃvid yady api caṇḍālāya ucchiṣṭaṃ prayacchet |
1_veda/4_upa/chup___u.txt	3505	u			yad u rohitam ivābhūd iti tejasas tad rūpam iti tad vidāṃ cakruḥ |
1_veda/4_upa/chup___u.txt	3507	u			yad u śuklam ivābhūd ity apāṃ rūpam iti tad vidāṃ cakruḥ |
1_veda/4_upa/chup___u.txt	3509	u			yad u kṛṣṇam ivābhūd ity annasya rūpam iti tad vidāṃ cakruḥ ||
1_veda/4_upa/chup___u.txt	4021	u			tām u nāmnīyūati |
1_veda/4_upa/chup___u.txt	4073	u			tām u nāmnīyūati |
1_veda/4_upa/chup___u.txt	4191	u			yady u ha jīvet |
1_veda/4_upa/chup___u.txt	4769	u			eṣa u evaiṣu sarveṣvannteṣu parikhyāyata iti hovāca ||
1_veda/4_upa/isup___u.txt	19	u			tad antar asya sarvasya tad u sarvasyāsya bāhyataḥ ||
1_veda/4_upa/isup___u.txt	47	u			tato bhūya iva te tamo ya u sambhūtyāṃ ratāḥ ||
1_veda/4_upa/kathop_u.txt	57	u			pra te bravīmi tad u me nibodha svargyam agniṃ naciketaḥ prajānan |
1_veda/4_upa/kathop_u.txt	127	u			tayoḥ śreya ādadānasya sādhu bhavati hīyate 'rthād ya u preyo vṛṇīte ||
1_veda/4_upa/kathop_u.txt	345	u			taṃ devāḥ sarve arpitās tad u nātyeti kaścana ||
1_veda/4_upa/kathop_u.txt	365	u			īśāno bhūtabhavyasya sa evādya sa u śvaḥ ||
1_veda/4_upa/kathop_u.txt	415	u			tasmiṃl lokāḥ śritāḥ sarve tad u nātyeti kaścana ||
1_veda/4_upa/kathop_u.txt	441	u			kathaṃ nu tad vijānīyāṃ kim u bhāti vibhāti vā ||
1_veda/4_upa/kathop_u.txt	453	u			tasmiṃl lokāḥ śritāḥ sarve tad u nātyeti kaścana ||
1_veda/4_upa/prasup_u.txt	67	u			atheme anya u pare vicakṣaṇaṃ saptacakre ṣaḍara āhurarpitamiti ||
1_veda/4_upa/svetu_pu.txt	131	u			eṣa ha devaḥ pradiśo 'nu sarvāḥ pūrvo ha jātaḥ sa u garbhe antaḥ |
1_veda/4_upa/svetu_pu.txt	231	u			tad evāgnis tad ādityas tad vāyus tad u candramāḥ |
1_veda/5_vedang/1_srauta/apsulb_u.txt	219	u			tad u ha vai saptavidham eva cinvīta | saptavidho vāva prākṛto 'gniḥ | tata ūrdhvam ekottarān iti vijñāyate ||
1_veda/5_vedang/1_srauta/asvss_u.txt	1177	u			ā viśva devam satpatim vāmam adya savitar vāmam u śvaḥ pūṣan tava vrate vayam śukram te anyad yajatam te anyad iheha vaḥ sva tavasaḥ pra citram arkam gṛṇate turāya iti |
1_veda/5_vedang/1_srauta/asvss_u.txt	1229	u			nihite agnau sīda hotaḥ sva u loke cikitvān ni hotā hotṛ ṣadane vidāna iti dve paridhāya tasminn eva āsana upaviśya bhūr bhuvaḥ svar iti vācam visṛjeta |
1_veda/5_vedang/1_srauta/asvss_u.txt	2091	u			tad u pratyakṣatamam asya karma ātmanvan nabho duhyate ghṛtam paya uttiṣṭha brahmaṇaspata ity etām uktvā avatiṣṭhate dugdhāyām adhukṣat pipyuṣīm iṣam ity āhriyamāṇa upadrava payasā godhug oṣam ā gharme siñca paya usriyāyāḥ |
1_veda/5_vedang/1_srauta/asvss_u.txt	2095	u			mahā vīram ādāya uttiṣṭhatsu ud u ṣya devaḥ savitā hiraṇyayā ity anūttiṣṭhet praitu brahmaṇaspatir ity anuvrajed gandharva ity āpadam asya rakṣati iti kharam avekṣya tam atikramya nāke suparṇam upa yat patantam iti samāpya praṇavena upaviśed anirasya tṛṇam preṣito yajati |
1_veda/5_vedang/1_srauta/asvss_u.txt	2229	u			yady u sarva pṛṣṭhāny agnir gāyatras trivṛd rāthantaro vāsantika indras traiṣṭubhaḥ pañcadaśo bārhato graiṣmo viśve devā jāgatāḥ saptadaśā vairūpā vārṣikā |
1_veda/5_vedang/1_srauta/asvss_u.txt	2301	u			kā u upetar iti sūkte hiraṇya keśa iti tisro apaśyam asya mahata iti sūkte dve virūpe iti sūkte agne naya agre bṛhann ity aṣṭānām uttamād uttamās tisra uddharet |
1_veda/5_vedang/1_srauta/asvss_u.txt	2319	u			idam śreṣṭham pṛthū ratha iti sūkte pratyarcir ity aṣṭau dyuta dyāmānam uṣo vājena idam u tyad ud u śriya iti sūkte vyuṣā ā vo divijā iti ṣaḍ iti traiṣṭubham |
1_veda/5_vedang/1_srauta/asvss_u.txt	2319	u			idam śreṣṭham pṛthū ratha iti sūkte pratyarcir ity aṣṭau dyuta dyāmānam uṣo vājena idam u tyad ud u śriya iti sūkte vyuṣā ā vo divijā iti ṣaḍ iti traiṣṭubham |
1_veda/5_vedang/1_srauta/asvss_u.txt	2321	u			praty u adarśi saha vāmena iti bārhatam uṣas tac citram ābhara iti tisra auṣṇiham | etā ūtyā iti catasro jāgatam mahe no adya iti pāṅktam ity uṣasyaḥ kratuḥ |
1_veda/5_vedang/1_srauta/asvss_u.txt	2331	u			ābhāty āgnir iti sūkte grāvāṇeva nāsatyābhyām iti trīṇi dhenuḥ pratnasya ka u śravad iti sūkte |
1_veda/5_vedang/1_srauta/asvss_u.txt	2335	u			imā u vām ayam vāam o tyam ahva ā ratahm iti sapta dyumnī vām yatstha iti bārhatam | aśvināvāvartir asmad āśvināv eha gacchatām iti tṛcau |
1_veda/5_vedang/1_srauta/asvss_u.txt	2337	u			yuvor u ṣū ratham huva iti pañcadaśa ity auṣṇiham | abodhy agnir jmam eṣasya bhanur āvām ratham abhūd idam yo vām parijma iti trīṇi triścin no adya iḍe dyāvā pṛthivī iti jāgatam prati priyatamam iti pāṅktam |
1_veda/5_vedang/1_srauta/asvss_u.txt	2385	u			āgatam adhvaryum aver apo adhvaryā u iti pṛcchati | utemanan namur iti pratyukto nigadam bruvan pratiniṣkrāmet |
1_veda/5_vedang/1_srauta/asvss_u.txt	2607	u			āpyāyasva sametu te santu payāṃsi sam u yantu vājā iti | camasān ādya upādyān pūrvayoḥ savanayoḥ |
1_veda/5_vedang/1_srauta/asvss_u.txt	2677	u			bhūr agnir jyotir jyotir agnom | indro jyotir bhuvo jyotir indrom || sūryo jyotir jyotiḥ svaḥ sūryom iti tripadas tūṣṇīm śaṃsaḥ | yady u vai ṣaṭpadaḥ pūrvair jyotiḥ śabdair agre avasyet |
1_veda/5_vedang/1_srauta/asvss_u.txt	2809	u			āpyāyasva sametu ta iti tisro mṛjanti tvā daśa kṣipa etam u tyam daśa kṣipo mṛjyamānaḥ suhastyā daśabhir vivasvato duhanti sapta ekām adhukṣat pipyuṣīm iṣam ā kalaśeṣu dhāvati pavitre pariṣicyata ity ekā kalaśeṣu dhāvati śyeno varma vigāhata iti dve | etāsām arbudasya caturthīm uddhṛtya tṛca anteṣu tṛcān avadadhyāt |
1_veda/5_vedang/1_srauta/asvss_u.txt	2925	u			yady u vai bṛhat tvām id dhi havāmahe tvam hy ehi cerava iti |
1_veda/5_vedang/1_srauta/asvss_u.txt	2967	u			hotrakāṇām kayā naś citra ābhuvat kayā tvam na ūtyā kas tam indra tvā vasum sadyo ha jāta evā tvām indra uśann u ṣu ṇaḥ sumanā upāka iti yājyā |
1_veda/5_vedang/1_srauta/asvss_u.txt	3051	u			vayam u tvām apūrvya yo na idam idam purā iti pragāthau sarvāḥ kakubhaḥ pramanhiṣṭhāya udapruto acchāma indram bṛhaspate yuvam indraś ca vasva iti yājyā |
1_veda/5_vedang/1_srauta/asvss_u.txt	3151	u			pāntam ā vo andhaso apād u śipry andhasas tyam u vaḥ satrāham iti sūkta śeṣo abiḥ tyam meṣam adhvaryavo bharata indrāya somam iti yājyā |
1_veda/5_vedang/1_srauta/asvss_u.txt	3151	u			pāntam ā vo andhaso apād u śipry andhasas tyam u vaḥ satrāham iti sūkta śeṣo abiḥ tyam meṣam adhvaryavo bharata indrāya somam iti yājyā |
1_veda/5_vedang/1_srauta/asvss_u.txt	3155	u			vayam u tvā tad id arthā vayam indra tvāyavo abhi vārtrahatyāya ity uttamām uddhared indro aṅga mahad bhayam abhi ny ū ṣu vācam apsu dhūtasya harivaḥ piba iha iti yājyā |
1_veda/5_vedang/1_srauta/asvss_u.txt	3217	u			sūryo no diva ud u tyam jāta vedasam iti nava citram devānām namo mitrasya indra kratum na ā bhara | abhi tvā śūra nonumo bahavaḥ sūra cakṣasa iti pragāthā mahī dyauḥ pṛthivī ca nas te hi dyāvā pṛthivī viśva śambhuvā | viśvasya devī mṛcayasya janmano anayā roṣāti na grabhad iti dvipadā |
1_veda/5_vedang/1_srauta/asvss_u.txt	3281	u			mādhyaṃdine baṇ mahān asi sūrya ud u tyad darśatam vapur iti pragāthau stotriya anurūpau | mahān indro nṛvad viṣṇor nu kam yā viśvāsām janitārā matīnām iti yājyā |
1_veda/5_vedang/1_srauta/asvss_u.txt	3431	u			harivatas te hāriyojanasya stuta stomasya śastvā ukthasya iṣṭayajuṣo yo bhakṣo go sanir aśva sanis tasya u upahūtasya upahūto bhakṣayāmi iti prāṇa bhakṣam bhakṣayitvā |
1_veda/5_vedang/1_srauta/asvss_u.txt	3673	u			indro madāya vāvṛdhe made made hi no dadiḥ surūpa kṛtnum ūtaye śuṣmintamam na ūtaye śrāyanta iva sūryam baṇ mahān asi sūrya ud u tyad darśatam vapur ud u tye madhumattamās tvam indra pratūrtiṣu tvam indra yaśā asi indra kratum na ā bhara indra jyeṣṭham na ā bhara ā tvā sahasramā śatam mama tvā sūra udita iti brāhmaṇācchaṃsinaḥ |
1_veda/5_vedang/1_srauta/asvss_u.txt	3673	u			indro madāya vāvṛdhe made made hi no dadiḥ surūpa kṛtnum ūtaye śuṣmintamam na ūtaye śrāyanta iva sūryam baṇ mahān asi sūrya ud u tyad darśatam vapur ud u tye madhumattamās tvam indra pratūrtiṣu tvam indra yaśā asi indra kratum na ā bhara indra jyeṣṭham na ā bhara ā tvā sahasramā śatam mama tvā sūra udita iti brāhmaṇācchaṃsinaḥ |
1_veda/5_vedang/1_srauta/asvss_u.txt	3683	u			ūrdhvam ārambhaṇīyābhyaḥ sadyo ha jāta ity ahar ahaḥ śasyam maitrāvaruṇo asmā id u pratavase śāsad vahnir iti itrāv ahīna sūkte |
1_veda/5_vedang/1_srauta/asvss_u.txt	3685	u			ā satyo yātv ity ahīna sūktam dvitīyam maitrāvaruṇa ud u brahmāṇy abhitaṣ ṭe vā iti itarāv ahar ahaḥ śasye |
1_veda/5_vedang/1_srauta/asvss_u.txt	3691	u			ud u ṣya devaḥ savitā hiraṇyayā iti tisras te hi dyāvā pṛthivī yajñasya vo rathyam iti vaiśvadevam |
1_veda/5_vedang/1_srauta/asvss_u.txt	3773	u			ghṛtavatī bhuvanānām abhiśriyā indra ṛbhubhir vājavadbhir iti tṛcau kad u priyāya iti vaiśvadevam |
1_veda/5_vedang/1_srauta/asvss_u.txt	3787	u			atha brāhmaṇācchaṃsino abhrātṛvyo anā tvam mām te amājuro yathā evā hy asi vīrayur evā hy asya sūnṛtā tam te madam gṛṇīmasi tām v abhi pra gāyata vayam u tvām apūrvya |
1_veda/5_vedang/1_srauta/asvss_u.txt	3789	u			yo na idam idam purā indrāya sāma gāyata sakhāya āśiṣāmahi ya eka id vidayate ya indra soma pātam endra no gadhy ed u madhvo madintaram eto nv indram stavāma sakhāya |
1_veda/5_vedang/1_srauta/asvss_u.txt	3791	u			stuhi indram vyaśvavad tvam na indra ā bhara vayam u tvām apūrvya yo na idam idam purā ā yāhīma indava iti samāhāryo anurūpo abhrātṛvyo anā tvam mā te amājuro yathā iti | samā
1_veda/5_vedang/1_srauta/asvss_u.txt	3799	u			imā u vām bhṛmayo manyamānā iti tisra indrā ko vām iti sūkte śruṣṭī vām yajño yuvām narā punīṣe vām imāni vām bhāgadheyāni ity etasya yathā artham maitrāvaruṇaḥ |
1_veda/5_vedang/1_srauta/asvss_u.txt	3857	u			vāyo śukro ayāmi te vihi hotrā avītā vāyo śatam harīṇām indraś ca vāyav eṣām somānām ācikitā na sukratū ā no viśvābhir ūtibhis tyam u vo aprahaṇam apatyam vṛjinam ripum ambitam enadītama ity ānuṣṭubham praugam |
1_veda/5_vedang/1_srauta/asvss_u.txt	3907	u			ā no yajñam divispṛśam iti dve ā no vayo mahetana ity ekā rathena pṛthu pājasā bahavaḥ sūra cakṣasa imā u vām diviṣṭayaḥ pibā sutasya rasino devam devam vo avase devam devam bṛhad u gāyiṣe vāca iti bārhatam praugam |
1_veda/5_vedang/1_srauta/asvss_u.txt	3907	u			ā no yajñam divispṛśam iti dve ā no vayo mahetana ity ekā rathena pṛthu pājasā bahavaḥ sūra cakṣasa imā u vām diviṣṭayaḥ pibā sutasya rasino devam devam vo avase devam devam bṛhad u gāyiṣe vāca iti bārhatam praugam |
1_veda/5_vedang/1_srauta/asvss_u.txt	3969	u			abhi tyam devam savitāram oṇyor ity ekā tat savitur avareṇyam iti dve doṣo āgād bṛhad gāya dyumad dyumaddhyehy ātharvaṇa stuhi devam savitāram tam u ṣṭuhy antaḥ sindhum sūnum satyasya yuvānam |
1_veda/5_vedang/1_srauta/asvss_u.txt	4155	u			pibā somam tam u ṣṭuhi iti madhyaṃdinaḥ |
1_veda/5_vedang/1_srauta/asvss_u.txt	4203	u			nṛṇām u tvā nṛtamam gīrbhir ukthair iti tisro yas tigma śṛṅgo abhi tyam meṣam indrasya nu vīryāṇi iti |
1_veda/5_vedang/1_srauta/asvss_u.txt	4275	u			apūrvyā purutamāni tām sute kīrtim tvam mahān indra yo ha divaś cid asya tvam mahān indra tubhyam iti niṣkevalyam tṛtīyasya indraḥ svāhā gāyat sāma tiṣṭhā harī pramandina imā u tvā iti marutvatīyam |
1_veda/5_vedang/1_srauta/asvss_u.txt	4283	u			imam nu mayinam huve tyam u vaḥ satrāsaham ṃrutvān indra mīḍhvas tam indram vājayāmasy ayam ha yena vā idam upa no haribhiḥ sutam iti |
1_veda/5_vedang/1_srauta/asvss_u.txt	4291	u			pañcamasya ud u ṣya devaḥ savitā damūnā iti tisro mahī dyāvā pṛthivī iha jyeṣṭhe iti catasra ṛbhur vibhvā stuṣe janam iti vaiśvadevam |
1_veda/5_vedang/1_srauta/asvss_u.txt	4297	u			ṣaṣṭhasya ud u ṣya deva iti gārtsamadam kim u śreṣṭha upa no vājā iti trayodaśa ārbhavam catasraś ca vaiśvadeva sūkte tṛcam antyam uddhared iti vaiśvadevam |
1_veda/5_vedang/1_srauta/asvss_u.txt	4297	u			ṣaṣṭhasya ud u ṣya deva iti gārtsamadam kim u śreṣṭha upa no vājā iti trayodaśa ārbhavam catasraś ca vaiśvadeva sūkte tṛcam antyam uddhared iti vaiśvadevam |
1_veda/5_vedang/1_srauta/asvss_u.txt	4699	u			agnir deveṣu rājati ity ājyam yas tastambha dhunotaya iti sūkta mukhīye indra marutva iha nṛṇām u tvā iti madhyaṃdina ud u ṣya devaḥ savitā hiraṇyayā ghṛtavatī bhuvanānām abhiśriyā indra ṛbhubhir vājavadbhiḥ samukṣitam svasti no mimītām aśvinā bhaga iti vaiśvadevam vaiśvānaram manasā agnim nicāyya prayantu vājās taviṣībhir agnayaḥ samiddham agnim samidhā girā gṛṇa ity āgnimārutam hotrakā ūrdhvam stotriya anurūpebhyaḥ prathama uttamāṃs tṛcān śaṃseyuḥ |
1_veda/5_vedang/1_srauta/asvss_u.txt	4699	u			agnir deveṣu rājati ity ājyam yas tastambha dhunotaya iti sūkta mukhīye indra marutva iha nṛṇām u tvā iti madhyaṃdina ud u ṣya devaḥ savitā hiraṇyayā ghṛtavatī bhuvanānām abhiśriyā indra ṛbhubhir vājavadbhiḥ samukṣitam svasti no mimītām aśvinā bhaga iti vaiśvadevam vaiśvānaram manasā agnim nicāyya prayantu vājās taviṣībhir agnayaḥ samiddham agnim samidhā girā gṛṇa ity āgnimārutam hotrakā ūrdhvam stotriya anurūpebhyaḥ prathama uttamāṃs tṛcān śaṃseyuḥ |
1_veda/5_vedang/1_srauta/asvss_u.txt	4739	u			yady u vai yajñāyajñīya yonau sarvair eva ukthya sāmabhiḥ prakṛtyā syāt tathā sati |
1_veda/5_vedang/1_srauta/asvss_u.txt	4793	u			imā u tvā ya eka id iti madhyaṃdina indra agnyoḥ kulāyena prajāti kāmaḥ |
1_veda/5_vedang/1_srauta/asvss_u.txt	4795	u			tiṣṭhā harī tam u ṣṭuhi iti madhyaṃdina ṛṣabheṇa vijigīṣamāṇaḥ |
1_veda/5_vedang/1_srauta/asvss_u.txt	4805	u			imā u tvā dyaur naya indra iti madhyaṃdino yaḥ kāmayeta naiṣṇihyam pāpmana iyām iti sa ṛtapeyena yajeta |
1_veda/5_vedang/1_srauta/asvss_u.txt	4969	u			īḍe dyāvā pṛthivī ubhā u nūnam daivyā hotārā prathamā purohita iti paridhānīyā ayam vām bhāgo nihito yajatra iti yājyā |
1_veda/5_vedang/1_srauta/asvss_u.txt	4973	u			tad vo gāya sute sacā stotram indrāya gāyata tyam u vaḥ satrāsāham satrā te anu kṛṣṭaya iti vā stotriya anurūpāḥ |
1_veda/5_vedang/1_srauta/asvss_u.txt	5265	u			kaḥ svid ekākī carati ka u svij jāyate punaḥ | kim svid himasya bheṣajam kim svid āvapanam mahad iti hotā adhvaryum pṛcchati |
1_veda/5_vedang/1_srauta/asvss_u.txt	5867	u			tām vā etām paśor vibhaktim śrauta ṛṣir deva bhāgo vidām cakāra tām u ha aprocya eva asmāl lokād uccakrāma tām u ha girijāya bābhravyāyā manuṣyaḥ provāca tato ha enām etad arvān manuṣyā adhīyate |
1_veda/5_vedang/1_srauta/asvss_u.txt	5867	u			tām vā etām paśor vibhaktim śrauta ṛṣir deva bhāgo vidām cakāra tām u ha aprocya eva asmāl lokād uccakrāma tām u ha girijāya bābhravyāyā manuṣyaḥ provāca tato ha enām etad arvān manuṣyā adhīyate |
1_veda/5_vedang/1_srauta/asvss_u.txt	5921	u			kaṇvānām āṅgirasa ājamīḍha kāṇva iti ghoram u ha eke bruvate avakṛṣya ājamīḍham āṅgirasa ghaura kāṇva iti |
1_veda/5_vedang/1_srauta/sankhssu.txt	441	u			ā pyāyasva sam te payāṃsi iha tvaṣṭāram tan nas turīpam devānām patnīr uta gnā vyantu rākām aham yās te rāke sinīvāli yāsu bāhur agnir hotā gṛhapatir vayam u tvā gṛha pata iti |
1_veda/5_vedang/1_srauta/sankhssu.txt	1099	u			vayam u tvā pathas pate pathas pathaḥ |
1_veda/5_vedang/1_srauta/sankhssu.txt	1905	u			yajño babhūva sa ā babhūva sa pra jajñe sa u vāvṛdhe punaḥ | sa devānām adhipatir babhūva so asmān adhipatīn kṛṇotu | iti japitvā |
1_veda/5_vedang/1_srauta/sankhssu.txt	2385	u			dohena gām duhanti saptā daśabhir ātmanvat | samiddho agnir aśvinā tapto vām gharma ā gatam | duhyante gāvo vṛṣaṇa iha dhenavo dasrā madanti kāravaḥ | tad u prayakṣatamam iti duhyamānāyām |
1_veda/5_vedang/1_srauta/sankhssu.txt	2393	u			ud u ṣya devaḥ savitā hiraṇyayā ity udyamyamāne |
1_veda/5_vedang/1_srauta/sankhssu.txt	2455	u			agnir vṛtrāṇi ya ugra iva | tvam soma kratubhir aṣāḍham yutsu | yaḥ pūrvyāya tam u stotāraḥ |
1_veda/5_vedang/1_srauta/sankhssu.txt	2833	u			praty u adarśi | saha vāmena |
1_veda/5_vedang/1_srauta/sankhssu.txt	2841	u			etā u tyā iti catasraḥ |
1_veda/5_vedang/1_srauta/sankhssu.txt	2859	u			grāvāṇā iva | dhenuḥ pratnasya | ka u śravad iti sūkte | stuṣe nara iti sūkte parihāpya pañcapadām | ā vām ratho rodasī badbadhāna iti pañca sūktāni |
1_veda/5_vedang/1_srauta/sankhssu.txt	2863	u			imā u vām diviṣṭayaḥ | ayam vām madhumattama iti prathamā tṛtīyā pañcamī ca |
1_veda/5_vedang/1_srauta/sankhssu.txt	2867	u			yuvor u ṣū ratham iti pañca |
1_veda/5_vedang/1_srauta/sankhssu.txt	3413	u			mṛjanti tvā daśa kṣipa etam u tyam daśa kṣipa etam mṛjanti marjyam iti mṛṣṭavatīr abhiṣṭutya |
1_veda/5_vedang/1_srauta/sankhssu.txt	3577	u			tam u ṣṭuhi iti bṛhat pṛṣṭhe |
1_veda/5_vedang/1_srauta/sankhssu.txt	3621	u			ud u tye madhumattamā iti sāma pragāthaḥ |
1_veda/5_vedang/1_srauta/sankhssu.txt	3627	u			ud u brahmāṇi iti samānam |
1_veda/5_vedang/1_srauta/sankhssu.txt	4237	u			vayam u tvām apūrvya yo na idam idam iti stotriya anurūpau pragāthau |
1_veda/5_vedang/1_srauta/sankhssu.txt	4345	u			vayam u tvā tad id arthā vayam u tvā divā suta iti brāhmaṇācchaṃsinaḥ |
1_veda/5_vedang/1_srauta/sankhssu.txt	4345	u			vayam u tvā tad id arthā vayam u tvā divā suta iti brāhmaṇācchaṃsinaḥ |
1_veda/5_vedang/1_srauta/sankhssu.txt	4473	u			ud u tyam jātavedasam iti nava |
1_veda/5_vedang/1_srauta/sankhssu.txt	4613	u			dhātā prajāyā uta rāya īśe dhātā idam viśvam bhuvanam jajāna | dhātā putram yajamānāya dātā tasmā u havyam ghṛtavaj juhota | iti |
1_veda/5_vedang/1_srauta/sankhssu.txt	4765	u			ud u ṣya devaḥ savitā hiraṇyayā ghṛtavatī bhuvanānām iti tṛcāv anaśvo jātaḥ parāvata iti vaiśvadeve vikāraḥ |
1_veda/5_vedang/1_srauta/sankhssu.txt	4807	u			kuha śruto yudhmasya te tyam u vaḥ satrāsāham iti tisra iti niṣkevalyam |
1_veda/5_vedang/1_srauta/sankhssu.txt	4827	u			ā no yajñam divispṛśam iti dve ā no vāyav ity ekā avām sahasrma iti tisra ṛdhag itthā iti dve pra mitrāya ity ekā imā u vām diviṣṭaya ā no viśvā suhavyo devam devam vo avase devam devam iyam adadād iti prauga tṛcāni |
1_veda/5_vedang/1_srauta/sankhssu.txt	4843	u			praty asmai pipīṣate yo rayivo rayiṃtamas tyam u vo aprahaṇam iti trayas tṛcā asmā asmā iti daśamy evā hy asi vīrayur iti vā so anurūpaḥ |
1_veda/5_vedang/1_srauta/sankhssu.txt	4851	u			ud u ṣya devaḥ savitā damūnā iti tisro mahī dyāvā pṛthivī iti catasra ṛbhur vibhvā ko nu vām mitrā varuṇau pra śaṃtama iti vā vaiśvadeve vikāraḥ |
1_veda/5_vedang/1_srauta/sankhssu.txt	4909	u			ud u ṣya devaḥ savitā savāya katarā pūrvā kim u śreṣṭha idam itthā ity uttame pariśiṣya ye yajñena iti śastvā pariśiṣṭe śaṃsati iti vaiśvadeve vikāraḥ |
1_veda/5_vedang/1_srauta/sankhssu.txt	4909	u			ud u ṣya devaḥ savitā savāya katarā pūrvā kim u śreṣṭha idam itthā ity uttame pariśiṣya ye yajñena iti śastvā pariśiṣṭe śaṃsati iti vaiśvadeve vikāraḥ |
1_veda/5_vedang/1_srauta/sankhssu.txt	4953	u			tam u ṣṭuhy abhi tyam meṣam iti niṣkevalyam |
1_veda/5_vedang/1_srauta/sankhssu.txt	4973	u			mahān indro nṛvad imā u tvā purutamasya kva sya vīra iti sarvatra catasra uttamāḥ parihāpya mahaś cit tam asya dyāvā pṛthivī iti marutvatīyam |
1_veda/5_vedang/1_srauta/sankhssu.txt	4993	u			ā satyo yātv asmā id u ya indra tat ta indriyam aham bhuvam viśvajita iti niṣkevalyam |
1_veda/5_vedang/1_srauta/sankhssu.txt	5005	u			yo jāta iti tam u ṣṭuhīyāt |
1_veda/5_vedang/1_srauta/sankhssu.txt	5325	u			imām u tvā iti marutvatīyam dvitīyam |
1_veda/5_vedang/1_srauta/sankhssu.txt	5407	u			abudhram u tya iti vaiśvadevam |
1_veda/5_vedang/1_srauta/sankhssu.txt	5441	u			eka sūkte vā | pibā somam abhi tam u ṣṭuhi iti | pūrvasya uttamām utsṛjati |
1_veda/5_vedang/1_srauta/sankhssu.txt	5465	u			kam navya iti prathame kad ū nv asya iti dvitīya imā u tvā purūvaso iti tṛtīye bṛhataś ca yoniḥ |
1_veda/5_vedang/1_srauta/sankhssu.txt	5467	u			yas te sādhiṣṭha ity uttamām parihāpya arvāg ratham iti ca prathame gāyanti tvā apād ita ud u naiś citratama iti dvitīya indram viśvāḥ sam ca tve jagmur iti tṛtīye |
1_veda/5_vedang/1_srauta/sankhssu.txt	5569	u			baṇ mahān ud u tyad darśatam iti vā stotriya anurūpau pragāthau |
1_veda/5_vedang/1_srauta/sankhssu.txt	5599	u			tam u ṣṭuhi ity uddhṛta bṛhad rathantare |
1_veda/5_vedang/1_srauta/sankhssu.txt	5801	u			ud u brahmāṇi iti sadā paryāsaḥ |
1_veda/5_vedang/1_srauta/sankhssu.txt	5829	u			asmā id u pra tavasa iti ṣaṣṭhe |
1_veda/5_vedang/1_srauta/sankhssu.txt	5839	u			ud u tye madhumattamā ud in nv asya ricyata iti stotriya anurūpau pragāthau daśame ahani |
1_veda/5_vedang/1_srauta/sankhssu.txt	5997	u			baṇ mahān ud u tyad darśatam iti stotriya anurūpau pragāthau vikarṇasya |
1_veda/5_vedang/1_srauta/sankhssu.txt	6073	u			imā u vām bhṛmaya ity ubhayos tisraḥ |
1_veda/5_vedang/1_srauta/sankhssu.txt	6141	u			araṅgaro vāvadīti tredhā baddho varatrayā | irām u ha pra śaṃsaty anirām apa sedhati |
1_veda/5_vedang/1_srauta/sankhssu.txt	6201	u			ādityā ha jaritar aṅgirobhyo aśvam dakṣiṇām anayan | tām ha janitar na pratyāyaṃs tām u ha jaritaḥ pratyāyan | tām ha jaritar na pratyagṛbhṇaṃs tām u ha jaritaḥ pratyagṛbhṇan |
1_veda/5_vedang/1_srauta/sankhssu.txt	6201	u			ādityā ha jaritar aṅgirobhyo aśvam dakṣiṇām anayan | tām ha janitar na pratyāyaṃs tām u ha jaritaḥ pratyāyan | tām ha jaritar na pratyagṛbhṇaṃs tām u ha jaritaḥ pratyagṛbhṇan |
1_veda/5_vedang/1_srauta/sankhssu.txt	6219	u			yad bhadrasya puruṣasya putro bhavati dādhṛṣiḥ | tad vipro abravīd u tad gandharvaḥ kāmyam vacaḥ |
1_veda/5_vedang/1_srauta/sankhssu.txt	6305	u			ā indra no gadhyed u madhvo madintaram iti madhye |
1_veda/5_vedang/1_srauta/sankhssu.txt	6483	u			baṇ mahān ud u tyad darśatam iti stotriya anurūpau pragāthau |
1_veda/5_vedang/1_srauta/sankhssu.txt	6983	u			nṛṇām u tvā nṛtamam gīrbhir ukthair iti tṛcam niṣkevalyam |
1_veda/5_vedang/1_srauta/sankhssu.txt	6993	u			ud u ṣya devaḥ savitā hiraṇyayā | ghṛtavatī bhuvanānām | indra ṛbhubhir vājavadbhiḥ | svasti no mimītām | vaiśvānaram manasā | pra yantu vājāḥ | samiddham agnim samidhā girā gṛṇa iti tṛcāni vaiśvadeva āgni mārutayoḥ sūktānām sthāne |
1_veda/5_vedang/1_srauta/sankhssu.txt	7219	u			tam u ha bharadvājāya jīrṇāya provāca | anena vā aham iṣṭvā dīrgha āyutvam agaccham anena api tvam yaja iti | tena ha bharadvāja iṣṭvā sarva āyutvam agacchat | sarvam āyur eti ya evam veda ya u ca etena yajate |
1_veda/5_vedang/1_srauta/sankhssu.txt	7219	u			tam u ha bharadvājāya jīrṇāya provāca | anena vā aham iṣṭvā dīrgha āyutvam agaccham anena api tvam yaja iti | tena ha bharadvāja iṣṭvā sarva āyutvam agacchat | sarvam āyur eti ya evam veda ya u ca etena yajate |
1_veda/5_vedang/1_srauta/sankhssu.txt	7375	u			pibā somam abhi yam ugra tardas tam u ṣṭuhi yo abhibūty ojā iti nividdhāne |
1_veda/5_vedang/1_srauta/sankhssu.txt	7385	u			imā u tvā purutamasya indram stava iti nividdhāne |
1_veda/5_vedang/1_srauta/sankhssu.txt	7473	u			tiṣṭhā harī tam u ṣṭuhi iti nividdhāne |
1_veda/5_vedang/1_srauta/sankhssu.txt	7749	u			janiṣṭhā ugraḥ sahase turāya tam u ṣṭuhi yo abhibhūty ojā iti nividdhāne |
1_veda/5_vedang/1_srauta/sankhssu.txt	7757	u			imā u tvā purutamasya kāror havyam vīra havyā havante ya eka iddhavyaś carṣaṇīnām iti hūtavatī nividdhāne | tad etasya ahno rūpam |
1_veda/5_vedang/1_srauta/sankhssu.txt	7761	u			sa yo anahar jātaḥ syād yam vā pāpī vāg abhivadet so agni ṣṭutā yajeta | tasya agniḥ sarvām anahar jātatām sarvām pāpīm alakṣmīm nirdahati ya evam veda ya u ca enena yajate |
1_veda/5_vedang/1_srauta/sankhssu.txt	7913	u			graheṣv avikṛteṣu tiṣṭhā harī tam u ṣṭuhi iti nividdhāne |
1_veda/5_vedang/1_srauta/sankhssu.txt	7933	u			imā u tvā purutamasya vṛṣā mada indra iti nividdhāne |
1_veda/5_vedang/1_srauta/sankhssu.txt	7987	u			imā u tvā purutamasya dyaur na ya indra iti nividdhāne |
1_veda/5_vedang/1_srauta/sankhssu.txt	8171	u			yajña u vai prajāpatir vājapeyaḥ |
1_veda/5_vedang/1_srauta/sankhssu.txt	8331	u			tyam u vaḥ satrāsāham iti maitrāvaruṇasya |
1_veda/5_vedang/1_srauta/sankhssu.txt	8519	u			tad u tathā na kuryād āsuram tat |
1_veda/5_vedang/1_srauta/sankhssu.txt	8539	u			vy u kṣatriyāya ucchati yo abhiṣekam prāpnoti |
1_veda/5_vedang/1_srauta/sankhssu.txt	8545	u			tena u ha triṣṭomena vṛddha dyumna ābhipratāriṇa īje |
1_veda/5_vedang/1_srauta/sankhssu.txt	8547	u			tam u ha brāhmaṇo anuvyājahāra | na kṣatrasya dhṛtinā ayaṣṭa imam eva prati samaram kuravaḥ kuru kṣetrāc cyoṣyanta iti |
1_veda/5_vedang/1_srauta/sankhssu.txt	8549	u			tad u kila tathā eva āsa yathā eva enam provāca |
1_veda/5_vedang/1_srauta/sankhssu.txt	8575	u			kim nu malam kim ajinam kim u śmaśrūṇi kim tapaḥ | putram brahmāṇa icchadhvam sa vai loko avadāvadaḥ |
1_veda/5_vedang/1_srauta/sankhssu.txt	8603	u			sa na ity uktvā dhanur ādāya araṇyam upātasthau | sa saṃvatsaram araṇye cacāra | atha ha aikṣvākam rājānam varuṇo jagrāha | tasya ha udaram jajñe | tad u ha rohitaḥ śuśrāva | so araṇyād grāma eyāya | tam indraḥ puruṣa rūpeṇa paryetya uvāca |
1_veda/5_vedang/1_srauta/sankhssu.txt	8929	u			kaḥ svid ekākī carati ka u svij jāyate punaḥ | kim svidd himasya bheṣajam kim svid āvapanam mahat |
1_veda/5_vedang/1_srauta/sankhssu.txt	9551	u			eṣa u parākaḥ |
1_veda/5_vedang/1_srauta/sankhssu.txt	9757	u			tasya ha tat śvetaketuḥ śriyam abhidhyāya pitaram adhyūhe palita yajña kāmān yān vā u śriyā yaśasā samardhayitum vā ittha no ātmānam iti |
1_veda/5_vedang/1_srauta/sankhssu.txt	9761	u			tad u kila tathā eva āsa yathā eva enam provāca |
1_veda/5_vedang/1_srauta/sankhssu.txt	9975	u			ka u śravat katamo yajñiyānām ity āśvinam |
1_veda/5_vedang/1_srauta/sankhssu.txt	10001	u			iti nvā u marutvatīyam |
1_veda/5_vedang/1_srauta/sankhssu.txt	10235	u			indram id gāthina indreṇa sam hi indro dadhīca uttiṣṭhann ojasā saha ud ghed abhi śrutām agham ud u tyam jāta vedasam ity eteṣām tṛcānām yeṣu sāmagāḥ stuvīraṃs tāni śaṃset |
1_veda/5_vedang/1_srauta/sankhssu.txt	10237	u			ud u tyam jāta vedasam ity etasminn u ha eke navarce stuvate |
1_veda/5_vedang/1_srauta/sankhssu.txt	10237	u			ud u tyam jāta vedasam ity etasminn u ha eke navarce stuvate |
1_veda/5_vedang/1_srauta/sankhssu.txt	10241	u			ud u tyam jāta vedasam ity etasya u ha eke prathame tṛce stuvate |
1_veda/5_vedang/1_srauta/sankhssu.txt	10241	u			ud u tyam jāta vedasam ity etasya u ha eke prathame tṛce stuvate |
1_veda/5_vedang/1_srauta/sankhssu.txt	10329	u			apād u śipry andhasa iti pañca |
1_veda/5_vedang/1_srauta/sankhssu.txt	10341	u			yady u vai na kuryur ud eva haret |
1_veda/5_vedang/1_srauta/sankhssu.txt	10465	u			vayam u tvām apūrvyā ity aṣṭau kākubhāḥ pragāthāḥ |
1_veda/5_vedang/1_srauta/sankhssu.txt	10567	u			nṛṇām u tvā nṛtamam gīrbhir ukthair iti tṛcam |
1_veda/5_vedang/1_srauta/sankhssu.txt	10571	u			yoniṣ ṭa indra sadane akāry ud u brahmāṇi iti sūkte |
1_veda/5_vedang/1_srauta/sankhssu.txt	10627	u			kim u śreṣṭhaḥ kim yaviṣṭho na ājagann ity ārbhavam |
1_veda/5_vedang/1_srauta/sankhssu.txt	10635	u			iti nvā u vaiśvadevam |
1_veda/5_vedang/1_srauta/sankhssu.txt	10647	u			yady u vā iḍāṃdam agne tava śravo vaya iti stotriyas tṛco ata eva uttaraḥ sūkta anurūpaḥ |
1_veda/5_vedang/1_srauta/sankhssu.txt	10649	u			yady u sarvasmin ṣaḍarce stuvīran na agnim na svavṛktibhir ity etasya ṣaḍ anurūpam kurvīta |
1_veda/5_vedang/1_srauta/sankhssu.txt	10653	u			yady u vā aticchandahsu kuryur agnim hotāram manye dāsvantam iti stotriyas tṛco ata eva uttaraḥ sūkta anurūpaḥ |
1_veda/5_vedang/1_srauta/sankhssu.txt	10701	u			yady u dhakṣyanto atra eva syāt |
1_veda/5_vedang/1_srauta/vaitss_u.txt	199	u			purīṣyo 'si viśvabharāḥ | atharvā tvā prathamo nir amanthad agne || tvām agne puṣkarād adhy atharvā nir amanthata | mūrdhno viśvasya vāghataḥ || tam u tvā dadhyaṅṅ ṛṣiḥ putra īdhe atharvaṇaḥ | vṛtrahaṇaṃ puraṃdaram || tam u tvā pāthyo vṛṣā samīdhe dasyuhantamam | dhanaṃjayaṃ raṇeraṇe iti mathyamānam anumantrayate ||
1_veda/5_vedang/1_srauta/vaitss_u.txt	199	u			purīṣyo 'si viśvabharāḥ | atharvā tvā prathamo nir amanthad agne || tvām agne puṣkarād adhy atharvā nir amanthata | mūrdhno viśvasya vāghataḥ || tam u tvā dadhyaṅṅ ṛṣiḥ putra īdhe atharvaṇaḥ | vṛtrahaṇaṃ puraṃdaram || tam u tvā pāthyo vṛṣā samīdhe dasyuhantamam | dhanaṃjayaṃ raṇeraṇe iti mathyamānam anumantrayate ||
1_veda/5_vedang/1_srauta/vaitss_u.txt	813	u			ayam u tvā vicarṣaṇe ity ukthamukham | uddhed abhi śrutām agham iti paryāsaḥ | uttamā paridhānīyā ||
1_veda/5_vedang/1_srauta/vaitss_u.txt	855	u			gārhapatye dākṣiṇahomāv ud u tyaṃ citraṃ devānām iti ||
1_veda/5_vedang/1_srauta/vaitss_u.txt	883	u			ud u tye madhumattamāḥ iti sāmapragāthaḥ svaravatyā ||
1_veda/5_vedang/1_srauta/vaitss_u.txt	887	u			ud u brahmāṇy airata śravasya iti paryāsaḥ ||
1_veda/5_vedang/1_srauta/vaitss_u.txt	953	u			yat te grāvā bāhucyuto acucyon naro yad vā te hastayor adhukṣan | tat ta āpyāyatāṃ tat te niṣṭyāyatāṃ soma rājan || yat te grāvṇā cicchiduḥ soma rājan priyāṇy aṅgā sukṛtā purūṇi | tat saṃdhatsvājyenota vardhayasvānāgaso yathā sadam it saṃkṣiyema || yāṃ te tvacaṃ bibhidur yāṃ ca yoniṃ yad vā sthānāt pracyuto yadi vāsuto 'si | tvayā soma kḷptam asmākam etad upa no rājan sukṛte hvayasva | saṃ prāṇāpānābhyāṃ sam u cakṣuṣā saṃ śrotreṇa gacchasva soma rājan | yat te viriṣṭaṃ samu tat ta etaj jānītān naḥ saṃgamane pathīnām || ahāḥ śarīraṃ payasā samety anyo anyo bhavati varṇo asya | tasmai ta indo haviṣā vidhema vayaṃ syāma patayo rayīṇām || abhikṣaranti juhvo ghṛtenāṅgā parūṃṣi tava vardhayanti | tasmai te soma nama id vaṣaṭ copa no rājan sukṛte hvayasva ||
1_veda/5_vedang/1_srauta/vaitss_u.txt	997	u			vayam u tvām apūrvya yo na idam idaṃ purā iti stotriyānurupau ||
1_veda/5_vedang/1_srauta/vaitss_u.txt	1031	u			vayam u tvā tad id arthāḥ vayam indra tvāyavaḥ iti stotriyānurūpau ||
1_veda/5_vedang/1_srauta/vaitss_u.txt	1075	u			mādhyaṃdine indra kratuṃ na ā bhara iti stotriyaḥ | indra jyeṣṭham ud u tye madhumattamāḥ iti vā ||
1_veda/5_vedang/1_srauta/vaitss_u.txt	1315	u			asmā id u pra tavase turāya ity ahīnasūktam āvapate ||
1_veda/5_vedang/1_srauta/vaitss_u.txt	1411	u			viṣuvati sauryapṛṣṭhe ud u tyaṃ jātavedasam iti ṣaṭ stotriyaḥ ||
1_veda/5_vedang/1_srauta/vaitss_u.txt	1449	u			ud u tye madhumattamāḥ ud in nv asya ricyate iti pṛṣṭhastotriyānurūpau ||
1_veda/5_vedang/1_srauta/vaitss_u.txt	1599	u			bahiṣpavamānād aśvaṃ niyujyamānam anumantrayate saṃ tvāṃ gandharvāḥ sam u yuñjantv āpo nadyoḥ sāṃvaidye parivatsarāya | ye tvā rakṣanti sadam apramādaṃ tebhya āyuḥ savitā bodhi gopāya | iti ||
1_veda/5_vedang/1_srauta/vaitss_u.txt	1709	u			tīvrasudupaśadopahavyeṣu ayam u te samatasi imā u tvā purūvaso iti | vyuṣṭidvyahe ca ||
1_veda/5_vedang/1_srauta/vaitss_u.txt	1709	u			tīvrasudupaśadopahavyeṣu ayam u te samatasi imā u tvā purūvaso iti | vyuṣṭidvyahe ca ||
1_veda/5_vedang/1_srauta/vaitss_u.txt	1723	u			sūryastuti ud u tyaṃ jātavedasam citraṃ devānāṃ ketur anīkam iti ||
1_veda/5_vedang/1_srauta/vaitss_u.txt	1783	u			saṃsarpacaturvīrayoḥ ayam u te samatasi imā u tvā purūvaso iti ||
1_veda/5_vedang/1_srauta/vaitss_u.txt	1783	u			saṃsarpacaturvīrayoḥ ayam u te samatasi imā u tvā purūvaso iti ||
1_veda/5_vedang/1_srauta/vaitss_u.txt	1929	u			ya imau kalpāv adhīte ya u caivaṃ veda tena sarvaiḥ kratubhir iṣṭaṃ bhavati sarvāṃś ca kāmān āpnoti ||
1_veda/5_vedang/2_grhya/asvgs_u.txt	203	u			yady u vai samopya vyuddhāram juhuyāt |
1_veda/5_vedang/2_grhya/asvgs_u.txt	269	u			yady u vai videśastham palāśa dūtena |
1_veda/5_vedang/2_grhya/asvgs_u.txt	857	u			araṅgaro vāvadīti tredhā baddho varatrayā | irām u ha praśaṃsaty anirām apabādhatām iti vā |
1_veda/5_vedang/2_grhya/asvgs_u.txt	1001	u			vayam u tvā pathaspata || ity artha caryām cariṣyan |
1_veda/5_vedang/2_grhya/jaimigsu.txt	305	u			yadvā u viśpatiḥ śitaḥ |
1_veda/5_vedang/2_grhya/kaussu_u.txt	917	u			tam u cen na vinded atha sattrasyāyatane yajñāyatanam iva kṛtvā
1_veda/5_vedang/2_grhya/kaussu_u.txt	2493	u			yo abhy u babhruṇāyasi svapantam atsi puruṣaṃ śayānam agatsvalam | ayasmayena brahmaṇāśmamayena varmaṇā pary asmān varuṇo dadhat ity abhyavakāśe saṃviśati abhyavakāśe saṃviśati
1_veda/5_vedang/2_grhya/kaussu_u.txt	3717	u			ā pyāyasva sam etu te visvataḥ soma vṛṣṇyam | bhavā vājasya saṃgathe || saṃ te payāṃsi sam u yantu vājāḥ saṃ vṛṣṇyāny abhimātiṣāhaḥ | āpyāyamāno amṛtāya soma divi śravāṃsy uttamāni dhiṣva || iti
1_veda/5_vedang/2_grhya/kaussu_u.txt	3793	u			atha enān abhivyāhārayati adhrigo śamīdhvam | suśami śamīdhvam | śamīdhvam adhrigā o u iti triḥ
1_veda/5_vedang/2_grhya/kaussu_u.txt	4285	u			mahīm u ṣu iti talpam ālambhayati
1_veda/5_vedang/2_grhya/kaussu_u.txt	4825	u			idam id vā u na upa sarpa asau hā iti cinvanti
1_veda/5_vedang/2_grhya/kaussu_u.txt	5691	u			somo rājā savitā ca rājā bhuvo rājā bhuvanaṃ ca rājā | śarvo rājā śarma ca rājā ta u naḥ śarma yachantu devāḥ || ādityair no bṛhaspatir bhagaḥ somena naḥ saha | viśve devā urv antarikṣaṃ ta u naḥ śarma yachantu devāḥ || utāvidvān niṣkṛdayāthosraghnī yathāyatham | mā no viśve devā maruto hetim ichata
1_veda/5_vedang/2_grhya/kaussu_u.txt	5691	u			somo rājā savitā ca rājā bhuvo rājā bhuvanaṃ ca rājā | śarvo rājā śarma ca rājā ta u naḥ śarma yachantu devāḥ || ādityair no bṛhaspatir bhagaḥ somena naḥ saha | viśve devā urv antarikṣaṃ ta u naḥ śarma yachantu devāḥ || utāvidvān niṣkṛdayāthosraghnī yathāyatham | mā no viśve devā maruto hetim ichata
1_veda/5_vedang/2_grhya/kauthgsu.txt	73	u			chandogaṃ vedavidbrāhmaṇaṃ niyakṣā sadbrāhmaṇa udayādarvāk grāmānniṣkramya saśirataṃ sthāpayitvā śaketā svarṇakalaśamādāya kāṃśya vā mṛnmayavarja jānumātramavagāhyāpo hi ṣṭhati tṛcona pūrayitvā śannī devoriti mantreṇāddhṛtyamiti śirasi vinidhāya yaḥ pāvamānoriti jalaṃ niṣkramya vāmadevyena grāmaṃ praviśet sarvatra na saṃbhāṣaṇaṃ nopahyasya sumunaso bhūtvā yajamānagṛhe devasabhāsamīpe goṣṭamadhye vā tāmudapātrāṃ cāsane nidhāyopari kuśaiḥ chādayitvā taṃ brāhmaṇayajamānādivāvabhujjan yāntī vā ityete āstamayād ahassahasirasaṃ sthāpayitvā tatra yajamānaḥ niṣkramya gṛhādbahiḥ śucau deśe caturasraṃ sthaṇḍilamupalipya dakṣiṇābhimukho bhūtvā hā u ya candreti maṇḍalaṃ praviśya prāṅmukhopaviśya svastivācanaṃ kṛtvā yajamānaṃ puṣpāñjaliṃ pūrayitvā candrābhimukhastiṣṭhan tato mātā ca kumāramuddhṛtya dakṣiṇataḥ pratyaṅmukhobhūtvā taṃ kumāraṃ pratihaste pradāya pṛṣṭhato gatvottarataḥ tiṣṭhed yajamānaḥ puṣpāñjalyuparikumāraṃ dhārayatyate sukomaṃta iti tisṛbhirupasthāyodañca mātre pradāya karābhyāmañjaliṃ kuryāt tamañjaliṃ brahmapraṇavena pūrayitvā padaścedapāñjaliṃ avasicet punastūṣṇīṃ pūrayitvā tathā dvistūṣṇīmutsṛjya pratyaṅmukhopaviśya vāmadevyaṃ gītvā tato brāhmaṇabhojanaṃ tato brāhmaṇabhojanam ||
1_veda/5_vedang/2_grhya/sankhgsu.txt	601	u			dhātā putram yajamānāya dātā tasmā u havyam ghṛtavaj johota || iti |
1_veda/5_vedang/2_grhya/sankhgsu.txt	1665	u			ud u tyam jātavedasam || citram devānām || namo mitrasya || sūryo no divas pātv || iti sauryāṇi japitvā |
1_veda/5_vedang/2_grhya/sankhgsu.txt	2335	u			praty asmai pipīṣate || yo rayivo rayitamas || tyam u vo aprahaṇam || iti trayas tṛcāḥ || asmā asmā id andhasa || ity || evā hy asi vīrayur || ity abhitaḥ śakvarīṇām |
1_veda/5_vedang/2_grhya/vargs_u.txt	247	u			śaṃ naḥ samudryā āpaḥ śam u naḥ santu kūpyāḥ |
1_veda/5_vedang/2_paris/avpari_u.txt	415	u			yo abhy u babhruṇāyasi svapantam atsi puruṣaṃ śayānam agasvalam | ayasmayena brahmaṇāśmamayena varmaṇā pary asmān varuṇo dadhad || ity abhyavakāśe saṃviśati | abhyavakāśe saṃviśati ||
1_veda/5_vedang/2_paris/avpari_u.txt	3415	u			ud u tyaṃ citraṃ devānām iti madhyaṃdine
1_veda/5_vedang/2_paris/avpray_u.txt	171	u			ayaṃ no agnir adhyakṣa iti dvābhyām etena u vā asya saṃtvaramāṇasyāhavanīyagārhapatyau janitāv ayaṃ mā loko 'nusaṃtanutām ity |
1_veda/5_vedang/2_paris/avpray_u.txt	1447	u			yās te agna ārdrā yonayo yāḥ kulāyinīḥ | ye te agna indavo yā u nābhayaḥ | yās te agne tanva ūrjo nāma tābhiṣ ṭvam ubhayībhiḥ saṃvidānaḥ śataṃ cinvānas tanvā niṣīdata |
1_veda/5_vedang/3_pratis/rgvidh_u.txt	1159	u			vayam | u | tvā | iti | sūktam | tu | pauṣṇam | draviṇa | vardhanam ||
1_veda/5_vedang/3_pratis/rgvidh_u.txt	2425	u			na | vā | u | devā | ity | etaj | japeta | niyata | vrataḥ ||
2_epic/mbh/ext/hv_apppu.txt	11709	u			yuṣmadāgamanād viprāḥ kim u vaktavyam atra ha ||
2_epic/mbh/ext/hv_apppu.txt	12621	u			kim u nābhāṣase mādya sukhenotpalagandhinā ||
2_epic/mbh/ext/hv_apppu.txt	12717	u			kim u tatkāraṇaṃ yena tvam evam ativiklavā ||
2_epic/mbh/ext/hv_apppu.txt	21995	u			vaktavyaṃ kim u deveśa yadi bhaktāsmi keśava |
2_epic/mbh/ext/hv_apppu.txt	22231	u			sarvān etān vijeṣyāmi kim u pauṇḍraṃ nṛpottamam |
2_epic/mbh/ext/hv_conpu.txt	4177	u			u mā iti niṣedhantī mātṛsnehena duḥkhitā ||
2_epic/mbh/ext/hv_conpu.txt	21791	u			kim u sainyāni sarvāṇi vitrastānīti kā kathā |
2_epic/mbh/ext/hv_conpu.txt	25721	u			striyo 'pi yasyāṃ yudhyeran kim u vṛṣṇimahārathāḥ ||
2_epic/mbh/mbh_01_u.txt	29	u			vāgīśādyāḥ sumanasaḥ sarvārthānām u ||
2_epic/mbh/mbh_01_u.txt	20563	u			so 'haṃ yadaivākṛtapūrvaṃ careyaṃ | vivitsamānaḥ kim u tatra sādhu
2_epic/mbh/mbh_01_u.txt	20609	u			kuryām apūrvaṃ na kṛtaṃ yad anyair | vivitsamānaḥ kim u tatra sādhu
2_epic/mbh/mbh_01_u.txt	20635	u			kuryāṃ na caivākṛtapūrvam anyair | vivitsamānaḥ kim u tatra sādhu
2_epic/mbh/mbh_01_u.txt	42583	u			alaṃ vijetuṃ kim u mānuṣān nṛpān
2_epic/mbh/mbh_01_u.txt	45845	u			trailokyenāpi bhūpāla kim u taiḥ khalu mānavaiḥ
2_epic/mbh/mbh_01_u.txt	48513	u			tava saṃdarśanāt svāminn aprāpyaṃ na hi tat kim u
2_epic/mbh/mbh_02_u.txt	3267	u			śramo hi vaḥ parājayyāt kim u tatra viceṣṭitam
2_epic/mbh/mbh_05_u.txt	7871	u			chandovidas te ya u tān adhītya | na vedyavedasya vidur na vedyam
2_epic/mbh/mbh_05_u.txt	11515	u			tvaṃ pāṇḍavānāṃ nipuṇaṃ vettha sarvaṃ | kim eṣāṃ jyāyaḥ kim u teṣāṃ kanīyaḥ
2_epic/mbh/mbh_05_u.txt	18811	u			apy anyaṃ prākṛtaṃ kiṃ cit kim u tān pāṇḍavarṣabhān
2_epic/mbh/mbh_05_u.txt	25879	u			maulāpi puruṣavyāghra kim u nānā samutthitā
2_epic/mbh/mbh_06_u.txt	2239	u			mahārathe naravyāghre kim u āsīn manas tadā
2_epic/mbh/mbh_06_u.txt	9869	u			pāṇḍuputrān raṇe hantuṃ sasainyān kim u saṃhatāḥ
2_epic/mbh/mbh_06_u.txt	11951	u			kim u pāṇḍusutān yuddhe sabalān sapadānugān
2_epic/mbh/mbh_06_u.txt	14273	u			kim u pāṇḍusutān yuddhe hīnavīryaparākramān
2_epic/mbh/mbh_06_u.txt	16259	u			sarvāṃs tavārthāya sadevadaityāṃl | lokān daheyaṃ kim u śatrūṃs taveha
2_epic/mbh/mbh_06_u.txt	20109	u			kim u pāṇḍusutān vīrān sasuhṛdgaṇabāndhavān
2_epic/mbh/mbh_06_u.txt	22231	u			nihanyād arjunaḥ saṃkhye kim u bhīṣmaṃ narādhipa
2_epic/mbh/mbh_06_u.txt	22249	u			tvayā nāthena govinda kim u bhīṣmaṃ mahāhave
2_epic/mbh/mbh_06_u.txt	23075	u			kim u bhīṣmo raṇe vīrā gatasattvo 'lpajīvitaḥ
2_epic/mbh/mbh_06_u.txt	24675	u			kim u pārthā mahātmānaṃ martyabhūtās tathābalāḥ
2_epic/mbh/mbh_06_u.txt	25291	u			māṃ caiva śaktā nirjetuṃ kim u martyāḥ sudurbalāḥ
2_epic/mbh/mbh_07_u.txt	1013	u			kim u pāṇḍusutān yuddhe hīnavīryaparākramān
2_epic/mbh/mbh_07_u.txt	9969	u			krūraṃ karmāhitaṃ kuryāṃ mūḍheva kim u jānatī
2_epic/mbh/mbh_07_u.txt	11961	u			nūnaṃ jātena martavyaṃ kim u śocasi bālavat
2_epic/mbh/mbh_07_u.txt	21875	u			kim u caitat samāsādya vīra saṃyugagoṣpadam
2_epic/mbh/mbh_07_u.txt	25745	u			kim u pāṇḍusutā rājan gatasattvā vicetasaḥ
2_epic/mbh/mbh_07_u.txt	33497	u			kim u pārthāḥ sapāñcālāḥ satyam etad vaco mama
2_epic/mbh/mbh_07_u.txt	34345	u			nirjayet tridaśān yuddhe kim u pārthān sasomakān
2_epic/mbh/mbh_07_u.txt	38145	u			kim u mānuṣamātreṇa śakyaḥ syāt prativīkṣitum
2_epic/mbh/mbh_07_u.txt	41929	u			kim u teṣāṃ bilvaphalaṃ mukhe hy āsīn mahātmanām
2_epic/mbh/mbh_08_u.txt	285	u			pāṇḍuputrān raṇe hantuṃ sasainyān kim u saṃhatāḥ
2_epic/mbh/mbh_08_u.txt	3133	u			samāptavidyena yathābhibhūtau | hatau svid etau kim u menire 'nye
2_epic/mbh/mbh_08_u.txt	5939	u			kim u pāṇḍusutā rājan raṇe mānuṣayonayaḥ
2_epic/mbh/mbh_08_u.txt	8111	u			jugupiṣava ihaitya pāṇḍavaṃ | kim u bahunā saha tair jayāmi tam
2_epic/mbh/mbh_08_u.txt	8143	u			sagurugurusutāḥ sabhīṣmakāḥ | kim u na jitaḥ sa tadā tvayārjunaḥ
2_epic/mbh/mbh_08_u.txt	9537	u			tathāpi me bhayaṃ na syāt kim u pārthāt sakeśavāt
2_epic/mbh/mbh_08_u.txt	18483	u			prāpayeyaṃ paraṃ lokaṃ kim u karṇaṃ mahāraṇe
2_epic/mbh/mbh_08_u.txt	20121	u			ekākinaṃ kim u kṛṣṇābhiguptaṃ
2_epic/mbh/mbh_08_u.txt	23149	u			samāghnatābhidravatāhitān imān | sabāṇaśabdān kim u joṣam āsyate
2_epic/mbh/mbh_09_u.txt	1401	u			yodhayeyaṃ raṇamukhe saṃkruddhaḥ kim u pāṇḍavān
2_epic/mbh/mbh_09_u.txt	1433	u			martyadharmāṇa iha tu kim u somakasṛñjayān
2_epic/mbh/mbh_09_u.txt	9615	u			vismayaṃ paramaṃ jagmuḥ kim u mānuṣayonayaḥ
2_epic/mbh/mbh_12_u.txt	12431	u			antyāyām apy avasthāyāṃ kim u sphītasya bhārata
2_epic/mbh/mbh_12_u.txt	13751	u			mithyopetasya yajñasya kim u śraddhā kariṣyati
2_epic/mbh/mbh_12_u.txt	13809	u			puruṣeṇāsahāyena kim u rājyaṃ pitāmaha
2_epic/mbh/mbh_12_u.txt	16687	u			rathaṃ sūryasahasrābhaṃ kim u yoddhuṃ tvayā saha
2_epic/mbh/mbh_13_u.txt	41581	u			asamarthāś ca tān bhoktuṃ bhavanti kim u kāraṇam
2_epic/mbh/mbh_13_u.txt	44367	u			suśobhanaṃ bhaved devi kim u dharmavyapekṣayā
2_epic/mbh/mbh_13_u.txt	46823	u			martyasya kim u tair dāraiḥ putrair bhogaiḥ priyair api
2_epic/mbh/mbh_14_u.txt	1931	u			kim u yatra jano 'yaṃ vai pṛthā cāmitrakarśana
2_epic/mbh/mbh_14_u.txt	16045	u			ud u tyaṃ ca japen mantraṃ citraṃ taccakṣur ity api
2_epic/mbh/mbh_15_u.txt	3483	u			kim u lokāntaragatān rājño darśayituṃ sutān
2_epic/mbh/mbh_16_u.txt	1371	u			prasahed anyathā kartuṃ kim u śāpaṃ manīṣiṇām
2_epic/ramayana/ram_01_u.txt	2147	u			kaṃ ca te paramaṃ kāmaṃ karomi kim u harṣitaḥ
3_purana/agp_bi_u.txt	11650	u			uttare hāñca yakṣebhya īśāne hāṃ grahebhya u |
3_purana/agp_bi_u.txt	11675	u			gaṇebhya u iti ga | cihnitapustakapāṭhaḥ
3_purana/agp_bi_u.txt	12175	u			digvāsibhyo digīśebhyo bhūtamātṛgaṇebhya u ||
3_purana/agp_bi_u.txt	18746	u			sutebhya u iti kha || cha || ca
3_purana/agp_bi_u.txt	23200	u		a | dha | śa | pū | u | re | atra saptaviṃśatinakṣatrāṇi jñeyāni	a | bha | kṛ | ro | mṛ | ā | pu | pu | a | ma | pū | u | ha | ci | svā | vi | a | jye | mū | pū | u |
3_purana/agp_bi_u.txt	23200	u		a | dha | śa | pū | u | re | atra saptaviṃśatinakṣatrāṇi jñeyāni	a | bha | kṛ | ro | mṛ | ā | pu | pu | a | ma | pū | u | ha | ci | svā | vi | a | jye | mū | pū | u |
3_purana/agp_bi_u.txt	23201	u	a | bha | kṛ | ro | mṛ | ā | pu | pu | a | ma | pū | u | ha | ci | svā | vi | a | jye | mū | pū | u |		a | dha | śa | pū | u | re | atra saptaviṃśatinakṣatrāṇi jñeyāni
3_purana/agp_bi_u.txt	24043	u			u śikhā dantavinyāsā ī māyā jihvayā smṛtā |
3_purana/agp_bi_u.txt	24090	u			u dakṣakarṇe 'marauśa ū karṇerghāṃśako 'pare
3_purana/agp_bi_u.txt	24223	u			ṛ khaḍginī u balitā ḷ kulā ḹ tathā yadi |
3_purana/agp_bi_u.txt	47015	u		o au aṃ aḥ | ka kha ga gha ṅa ca cha ja jha ña ṭa ṭha ḍa ḍha ṇa ta	oṃ chaṃ nityaklinne madadrave oṃ oṃ | a ā i ī u ū ṛ ṝ ḷ ḹ e ai
3_purana/agp_bi_u.txt	50857	u		nama jha bha ña gha dha ṣa ja va ga ḍa da śa kha pha cha ṭha tha ca ṭa ta	a i u ṇa ṛ ḷ ka e ṅa ai au ca ha ya va ra ṭa ṇa na ña ma ṅa ṇa
3_purana/agp_bi_u.txt	50896	u			u uttiṣṭha kavī etau vāyu etau vane ime |
3_purana/bhagp/bhp_01u.txt	2523	u			yatsannidhāvaham u khāṇḍavam agnaye 'dām indraṃ ca sāmaragaṇaṃ tarasā vijitya
3_purana/bhagp/bhp_02u.txt	1267	u			tiryagjanā api kim u śrutadhāraṇā ye
3_purana/bhagp/bhp_03u.txt	1135	u			tatremaṃ ka upāsīran ka u svid anuśerate
3_purana/bhagp/bhp_03u.txt	1217	u			tal loka padmaṃ sa u eva viṣṇuḥ prāvīviśat sarva guṇāvabhāsam
3_purana/bhagp/bhp_03u.txt	1227	u			upāśritaḥ kañjam u loka tattvaṃ nātmānam addhāvidad ādi devaḥ
3_purana/bhagp/bhp_05u.txt	81	u			atha ca duhitaraṃ prajāpater viśvakarmaṇa upayeme barhiṣmatīṃ nāma tasyām u ha vāva ātmajān ātma samāna śīla guṇa karma rūpa vīryodārān daśa bhāvayām babhūva kanyāṃ ca yavīyasīm ūrjasvatīṃ nāma
3_purana/bhagp/bhp_05u.txt	87	u			tasminn u ha vā upaśama śīlāḥ paramarṣayaḥ sakala jīva nikāyāvāsasya bhagavato vāsudevasya bhītānāṃ śaraṇa bhūtasya śrīmac caraṇāravindāvirata smaraṇāvigalita parama bhakti yogānu bhāvena paribhāvitāntar hṛdayādhigate bhagavati sarveṣāṃ bhūtānām ātma bhūte pratyag ātmany evātmanas tādātmyam aviśeṣeṇa samīyuḥ
3_purana/bhagp/bhp_05u.txt	95	u			ye vā u ha tad ratha caraṇa nemi kṛta parikhātās te sapta sindhava āsan yata eva kṛtāḥ sapta bhuvo dvīpāḥ
3_purana/bhagp/bhp_05u.txt	229	u			tasyām u ha vā ātmajān sa rāja vara āgnīdhro nābhi kimpuruṣa harivarṣelāvṛta ramyaka hiraṇmaya kuru bhadrāśva ketumāla saṃjñān nava putrān ajanayat
3_purana/bhagp/bhp_05u.txt	269	u			yad u ha vāva tava punar adabhra kartar iha samāhūtas tatrārtha dhiyāṃ mandānāṃ nas tad yad deva helanaṃ deva devārhasi sāmyena sarvān prativoḍhum aviduṣām
3_purana/bhagp/bhp_05u.txt	435	u			yeṣāṃ kim u syād itareṇa teṣām akiñcanānāṃ mayi bhakti bhājām
3_purana/bhagp/bhp_05u.txt	439	u			sambhāvitavyāni pade pade vo vivikta dṛgbhis tad u hārhaṇaṃ me
3_purana/bhagp/bhp_05u.txt	537	u			tasyām u ha vā ātmajān kārtsnyenānurūpān ātmanaḥ pañca janayām āsa bhūtādir iva bhūta sūkṣmāṇi sumatiṃ rāṣṭrabhṛtaṃ sudarśanam āvaraṇaṃ dhūmraketum iti
3_purana/bhagp/bhp_05u.txt	559	u			itthaṃ dhṛta bhagavad vrata aiṇeyājina vāsasānusavanābhiṣekārdra kapiśa kuṭila jaṭā kalāpena ca virocamānaḥ sūryarcā bhagavantaṃ hiraṇmayaṃ puruṣam ujjihāne sūrya maṇḍale 'bhyupatiṣṭhann etad u hovāca
3_purana/bhagp/bhp_05u.txt	637	u			sa cāpi tad u ha pitṛ sannidhāv evāsadhrīcīnam iva sma karoti chandāṃsy adhyāpayiṣyan saha vyāhṛtibhiḥ sapraṇava śiras tripadīṃ sāvitrīṃ graiṣma vāsantikān māsān adhīyānam apy asamaveta rūpaṃ grāhayām āsa
3_purana/bhagp/bhp_05u.txt	677	u			na vayaṃ nara deva pramattā bhavan niyamānupathāḥ sādhv eva vahāmaḥ ayam adhunaiva niyukto 'pi na drutaṃ vrajati nānena saha voḍhum u ha vayaṃ pārayāma iti
3_purana/bhagp/bhp_05u.txt	1005	u			yasyām u ha vā ete ṣaḍ indriya nāmānaḥ karmaṇā dasyava eva te tad yathā puruṣasya dhanaṃ yat kiñcid dharmaupayikaṃ bahu kṛcchrādhigataṃ sākṣāt parama puruṣārādhana lakṣaṇo yo 'sau dharmas taṃ tu sāmparāya udāharanti tad dharmyaṃ dhanaṃ darśana sparśana śravaṇāsvādanāvaghrāṇa saṅkalpa vyavasāya gṛha grāmyopabhogena kunāthasyājitātmano yathā sārthasya vilum panti
3_purana/bhagp/bhp_05u.txt	1077	u			etasmin saṃsārādhvani nānā kleśopasarga bādhita āpanna vipanno yatra yas tam u ha vāvetaras tatra visṛjya jātaṃ jātam upādāya śocan muhyan bibhyad vivadan krandan saṃhṛṣyan gāyan nahyamānaḥ sādhu varjito naivāvartate 'dyāpi yata ārabdha eṣa nara loka sārtho yam adhvanaḥ pāram upadiśanti
3_purana/bhagp/bhp_05u.txt	1115	u			bharatasyātmajaḥ sumatir nāmābhihito yam u ha vāva kecit pākhaṇḍina ṛṣabha padavīm anuvartamānaṃ cānāryā aveda samāmnātāṃ devatāṃ sva manīṣayā pāpīyasyā kalau kalpayiṣyanti
3_purana/bhagp/bhp_05u.txt	1165	u			bhagavato guṇamaye sthūla rūpa āveśitaṃ mano hy aguṇe 'pi sūkṣmatama ātma jyotiṣi pare brahmaṇi bhagavati vāsudevākhye kṣamam āveśituṃ tad u haitad guro 'rhasy anuvarṇayitum iti
3_purana/bhagp/bhp_05u.txt	1203	u			yad u ha vāva vibudhādayaḥ saha yuvatibhir mukuṭa kaṭaka kaṭi sūtrādy ābharaṇa rūpeṇa khalu dhārayanti
3_purana/bhagp/bhp_05u.txt	1727	u			etad u haiva bhagavato viṣṇoḥ sarva devatāmayaṃ rūpam aharahaḥ sandhyāyāṃ prayato vāgyato nirīkṣamāṇa upatiṣṭheta namo jyotir lokāya kālāyanāyānimiṣāṃ pataye mahā puruṣāyābhidhīmahīti
3_purana/bhagp/bhp_05u.txt	1795	u			tato 'dhastāt pātāle nāga loka patayo vāsuki pramukhāḥ śaṅkha kulika mahāśaṅkha śveta dhanañjaya dhṛtarāṣṭra śaṅkhacūḍa kambalāśvatara devadattādayo mahā bhogino mahāmarṣā nivasanti yeṣām u ha vai pañca sapta daśa śata sahasra śīrṣāṇāṃ phaṇāsu viracitā mahā maṇayo rociṣṇavaḥ pātāla vivara timira nikaraṃ sva rociṣā vidhamanti
3_purana/bhagp/bhp_05u.txt	1821	u			nānādhāt katham u ha veda tasya vartma
3_purana/bhagp/bhp_10u.txt	1283	u			kṛṣṇa bhukta stana kṣīrāḥ kim u gāvo 'numātaraḥ
3_purana/bhagp/bhp_10u.txt	2903	u			asantam apy anty ahim antareṇa santaṃ guṇaṃ taṃ kim u yanti santaḥ
3_purana/bhagp/bhp_10u.txt	4411	u			yūyaṃ vivastrā yad apo dhṛta vratā vyagāhataitat tad u deva helanam
3_purana/bhagp/bhp_10u.txt	7597	u			kā tvaṃ varorv etad u hānulepanaṃ kasyāṅgane vā kathayasva sādhu naḥ
3_purana/bhagp/bhp_10u.txt	8885	u			nāyaṃ śriyo 'ṅga u nitānta rateḥ prasādaḥ
3_purana/bhagp/bhp_10u.txt	9193	u			rājan svenāpi dehena kim u jāyātmajādibhiḥ
3_purana/bhagp/bhp_10u.txt	11765	u			mām īkṣase tad u ha naḥ paramānukampā
3_purana/bhagp/bhp_10u.txt	14021	u			vibhūtibhir vābhibhaved devo 'pi kim u pārthivaḥ
3_purana/bhagp/bhp_10u.txt	17029	u			tapasā vidyayā tuṣṭyā kim u mat kalayā yutaḥ
3_purana/bhagp/bhp_10u.txt	17561	u			kṣemī syāt kim u viśveśe kṛtāgasko jagad gurau
3_purana/bhagp/bhp_11u.txt	1391	u			nirviṇṇa dhīr aham u he vṛjinābhitapto
3_purana/bhagp/bhp_11u.txt	5017	u			viduṣāṃ cāpy avisrabdhaḥ ṣaḍ vargaḥ kim u mādṛśām
3_purana/bhagp/bhp_12u.txt	1101	u			yad u ha vāva vibudharṣabha savitar adas tapaty anusavanam ahar
3_purana/bhagp/bhp_12u.txt	1503	u			tan māyayāvṛta matiḥ sa u eva sākṣād
3_purana/bhagp/bhp_12u.txt	1787	u			śudhyerann antya jāś cāpi kim u sambhāṣaṇādibhiḥ
3_purana/bhagp/bhp_12u.txt	1863	u			saṃśrāvayet saṃśṛṇuyād u tāv ubhau tayor na karmāśaya saṃsṛtir bhavet
3_purana/bhagp/bhp_12u.txt	2281	u			tad eva satyaṃ tad u haiva maṅgalaṃ tad eva puṇyaṃ bhagavad guṇodayam
3_purana/brahmap/brahmppu.txt	19899	u			tvam eva sarvaṃ kim u vāgvilāsaiḥ
3_purana/brahmap/brahmppu.txt	23823	u			kiṃ tu mūlaṃ kim u jalaṃ kiṃ tu śmaśrūṇi kiṃ tapaḥ |
3_purana/brahmap/brahmppu.txt	24701	u			ko deśaḥ kim u tīrthaṃ vā yatra śreyaḥ samāpyate |
3_purana/brahmap/brahmppu.txt	28205	u			sarvā eva viśeṣeṇa kim u māyāmayī tu sā |
3_purana/garup1_u.txt	2887	u			u ū e ai kaṭitaṭe o nābhau hṛdi au nyaset ||
3_purana/garup3_u.txt	2185	u			iti śrīgā | ma | u | tṛ | dha | viṣṇustutirdevatāramyādi | aṣṭamo 'dhyāyaḥ
3_purana/lip_2__u.txt	3801	u			eṣo hi devaḥ pradiśo 'nusarvāḥ pūrvo hi jātaḥ sa u garbhe antaḥ |
3_purana/mtp176pu.txt	3883	u			smaraṇādapi lokānāṃ kim u śrāddhakṛtāṃ nṛṇām |
3_purana/mtp176pu.txt	4093	u			vāgīśo 'pi na śaknoti vistarāt kim u mānuṣaḥ ||
3_purana/mtp176pu.txt	6877	u			kuryāmapūrvaṃ na kṛtaṃ yadanyair vivitsamānaḥ kim u tatra sādhuḥ |
3_purana/mtp176pu.txt	11865	u			kṛtamatha varuṇena nandinā vā kim u jananātha tato yadudbhavaḥ syāt ||
3_purana/nardp1_u.txt	9711	u			śrāddhārthaṃ samanujñāto viprānbhūyo nimantrayet || u
3_purana/nardp1_u.txt	26607	u			sanaṃ | u
3_purana/sivap7_u.txt	15369	u			a u meti trimātrābhiḥ parastāccārdhamātrayā ||
3_purana/vipce_pu.txt	2655	u			trailokyāntargataṃ sthānaṃ kim u vatsottamottamam ||
3_purana/vipce_pu.txt	3083	u			mayy arpitamanā bāla kim u svargādikaṃ padam |
3_purana/vipce_pu.txt	9273	u			kim u pādādikaṃ tvaṃ vai tavaitat kiṃ mahīpate ||
3_purana/vipce_pu.txt	11871	u			kim u vācāsthibandho 'pi nāsti teṣu vyavāyinām ||
4_rellit/buddh/bhivin_u.txt	3167	u			aṣṭābhir bhikṣuṇībhir yathāvṛddhikāya upaveṣṭavyam u śiṣṭābhi yathāgatikāya ||
4_rellit/buddh/udanav_u.txt	4123	u			|| u || brāhmaṇam | tam | bravīmy | aham ||
4_rellit/buddh/vinsutru.txt	65	u			abhyupagatāv u pādhyāyasya yājñāyāṃ tad udbhūti
4_rellit/buddh/vinsutru.txt	699	u			u ttiṣṭhator vihāraparigaṇayor na khananena bhitteḥ
4_rellit/buddh/vinsutru.txt	1733	u		ārddhamūlyena ca	u
4_rellit/buddh/vinsutru.txt	6995	u			na varṣakam u t | krameṇa dadyāt
4_rellit/buddh/vinsutru.txt	12624	u			utsargaṃ vṛkṣārohaś ca śaikṣā u ddeśāyos saha
4_rellit/buddh/vinv_06u.txt	2629	u			|| pr | gṛ | || || u | dh | tt ||
4_rellit/saiva/kubjt_pu.txt	269	u			bindurūpāvadhūtārdhacandrākṛtis tvaṃ trikoṇā a u ma kāra i kāra
4_rellit/saiva/kubjt_pu.txt	1981	u			i u madhyena sambhinnam aḥ au madhya m alaṅkṛtam |
4_rellit/saiva/kubjt_pu.txt	3587	u			a u ma kārasaṃyuktaṃ praṇavedaṃ kriyātmakam ||
4_rellit/saiva/kubjt_pu.txt	4151	u			āṭṭi vasaṃ viha pūrvasa aṭṭi masi ālitto u ||
4_rellit/saiva/kubjt_pu.txt	7803	u			aiṃ haḥ u kālarudrasthe haḥ ū ṛddhibalānvite haḥ ṛ śirohāre hrūṃ phreṃ phaṭ kṣaḥ ṝ śrīkulāmbike ||
4_rellit/saiva/kubjt_pu.txt	7871	u			ana aiṃ | ā tha hrīṃ | i ṛ a | ī ṛ gho | u ḷ re | ū ḹ hrīṃ |
4_rellit/saiva/kubjt_pu.txt	7873	u			ṛ ca hsaḥ | ṛ dha pa | ḷ ṇa ra | ḹ u ma |
4_rellit/saiva/kubjt_pu.txt	9551	u			śa saṃhārāvali u udyāna ulkāsya bhairava
4_rellit/saiva/kubjt_pu.txt	9633	u			u mahāghoṣāvali śa mahāyaśa śukatuṇḍa bhairava
4_rellit/saiva/kubjt_pu.txt	9683	u			u mohāvali śa mahā ajayavīra
4_rellit/saiva/kubjt_pu.txt	9765	u			śa sitāvali u kālāgnivīra
4_rellit/saiva/kubjt_pu.txt	10881	u			ū arghīśo vāmakarṇe u amarīśas tu dakṣiṇe |
4_rellit/saiva/kubjt_pu.txt	10935	u			prajñā ca mohanī caiva ū u bhūṣaṇa m īkṣagau ||
4_rellit/saiva/malinivu.txt	1417	u			i ī netradvaye dattvā u ū karṇadvaye nyaset
4_rellit/saiva/sivsutru.txt	671	u			a i u ṛ ḷ vinyāsaiḥ kādimāntaṃ ca vācakam ||
4_rellit/saiva/svact_pu.txt	3781	u			mātrāyogo yathā cāsya pramāṇaṃ hṛdayādis | u |
4_rellit/vaisn/hbhvil_u.txt	853	u			oṃ munayo ha vai brahmāṇam ūcuḥ | kaḥ paramo devaḥ | kuto mṛtyur bibheti | kasya jñānenākhilaṃ jñātaṃ bhavati | kenedaṃ viśvaṃ saṃsaratīti | tān u hovāca brāhmaṇaḥ || kṛṣṇo vai paramaṃ daivatam | govindān mṛtyur bibheti | gopījanavallabhajñānenākhilaṃ jñātaṃ bhavati | svāhayedaṃ saṃsaratīti | tam u hocuḥ | kaḥ kṛṣṇo govindaḥ ko 'sau gopījanavallabhaḥ kaḥ kā svāheti | tān uvāca brāhmaṇaḥ pāpakarṣaṇo gobhūmivedavidito veditā gopījanāvidyākalāprerakas tanmāyā ceti | sakalaṃ paraṃ brahmaiva tat | yo dhyāyati rasati bhajati so 'mṛto bhavati so 'mṛto bhavatīti | te hocuḥ || kiṃ tadrūpaṃ kiṃ rasanaṃ kathaṃ vāho tadbhajanaṃ | tat sarvaṃ vividiṣatām ākhyāhīti | tad u hovāca hairaṇyaḥ || gopaveśam abhrābhaṃ taruṇaṃ kalpadrumāśritam ||
4_rellit/vaisn/hbhvil_u.txt	853	u			oṃ munayo ha vai brahmāṇam ūcuḥ | kaḥ paramo devaḥ | kuto mṛtyur bibheti | kasya jñānenākhilaṃ jñātaṃ bhavati | kenedaṃ viśvaṃ saṃsaratīti | tān u hovāca brāhmaṇaḥ || kṛṣṇo vai paramaṃ daivatam | govindān mṛtyur bibheti | gopījanavallabhajñānenākhilaṃ jñātaṃ bhavati | svāhayedaṃ saṃsaratīti | tam u hocuḥ | kaḥ kṛṣṇo govindaḥ ko 'sau gopījanavallabhaḥ kaḥ kā svāheti | tān uvāca brāhmaṇaḥ pāpakarṣaṇo gobhūmivedavidito veditā gopījanāvidyākalāprerakas tanmāyā ceti | sakalaṃ paraṃ brahmaiva tat | yo dhyāyati rasati bhajati so 'mṛto bhavati so 'mṛto bhavatīti | te hocuḥ || kiṃ tadrūpaṃ kiṃ rasanaṃ kathaṃ vāho tadbhajanaṃ | tat sarvaṃ vividiṣatām ākhyāhīti | tad u hovāca hairaṇyaḥ || gopaveśam abhrābhaṃ taruṇaṃ kalpadrumāśritam ||
4_rellit/vaisn/hbhvil_u.txt	853	u			oṃ munayo ha vai brahmāṇam ūcuḥ | kaḥ paramo devaḥ | kuto mṛtyur bibheti | kasya jñānenākhilaṃ jñātaṃ bhavati | kenedaṃ viśvaṃ saṃsaratīti | tān u hovāca brāhmaṇaḥ || kṛṣṇo vai paramaṃ daivatam | govindān mṛtyur bibheti | gopījanavallabhajñānenākhilaṃ jñātaṃ bhavati | svāhayedaṃ saṃsaratīti | tam u hocuḥ | kaḥ kṛṣṇo govindaḥ ko 'sau gopījanavallabhaḥ kaḥ kā svāheti | tān uvāca brāhmaṇaḥ pāpakarṣaṇo gobhūmivedavidito veditā gopījanāvidyākalāprerakas tanmāyā ceti | sakalaṃ paraṃ brahmaiva tat | yo dhyāyati rasati bhajati so 'mṛto bhavati so 'mṛto bhavatīti | te hocuḥ || kiṃ tadrūpaṃ kiṃ rasanaṃ kathaṃ vāho tadbhajanaṃ | tat sarvaṃ vividiṣatām ākhyāhīti | tad u hovāca hairaṇyaḥ || gopaveśam abhrābhaṃ taruṇaṃ kalpadrumāśritam ||
4_rellit/vaisn/hbhvil_u.txt	929	u			tad u hovāca brāhmaṇo 'sāv anavarataṃ me dhyātaḥ stutaḥ parārdhānte so 'budhyata | gopaveśo me puruṣaḥ purastād āvirbabhūva | tataḥ praṇatena mayānukūlena hṛdā mahyam aṣṭādaśārṇaṃ svarūpaṃ sṛṣṭaye dattvāntarhitaḥ | punaḥ sisṛkṣā me prādurabhūt | teṣv akṣareṣu bhaviṣyajjagadrūpaṃ prakāśayat | tad iha kād āpo | lāt pṛthivī | īto 'gniḥ | bindor induḥ | tannādād arka iti klīṃkārād asṛjam | kṛṣṇād ākāśaṃ yad vāyur ity uttarāt surabhiṃ vidyāṃ prādurakārṣam | taduttarāt taduttarāt strīpumādi cedaṃ sakalam idaṃ iti ||
4_rellit/vaisn/hbhvil_u.txt	4531	u			naktaṃ dinaṃ nimajjyāpsu kaivartāḥ kim u pāvanāḥ |
4_rellit/vaisn/hbhvil_u.txt	8093	u			stotrair vā arhaṇābhir vā kim u dhyānena kathyate ||
4_rellit/vaisn/hbhvil_u.txt	17153	u			śudhyerann antyajāś cāpi kim u sambhāṣaṇādibhiḥ ||
4_rellit/vaisn/hbhvil_u.txt	17693	u			kiṃ vedaiḥ kim u vā śāstraiḥ kim u tīrthaniṣevaṇaiḥ |
4_rellit/vaisn/hbhvil_u.txt	17693	u			kiṃ vedaiḥ kim u vā śāstraiḥ kim u tīrthaniṣevaṇaiḥ |
4_rellit/vaisn/hbhvil_u.txt	19907	u			kim u vācāsthibandho 'pi nāsti teṣu vyavāyinām ||
4_rellit/vaisn/hbhvil_u.txt	20145	u			trailokyāntargataṃ sthānaṃ kim u sarvottamottamam ||
4_rellit/vaisn/hbhvil_u.txt	20223	u			labhante paramaṃ sthānaṃ kim u śuśrūṣaṇe rataḥ ||
4_rellit/vaisn/hbhvil_u.txt	20227	u			sa yāti paramaṃ sthānaṃ kim u śuśrūṣaṇe rataḥ ||
4_rellit/vaisn/hbhvil_u.txt	21763	u			dahaty enāṃsi sarvāṇi prasaṅgāt kim u bhaktitaḥ ||
4_rellit/vaisn/hbhvil_u.txt	21935	u			oṃ tam u stotāraḥ pūrvaṃ yathāvida
4_rellit/vaisn/hbhvil_u.txt	21993	u			yataḥ khyātiṃ yātaṃ katham u sahate tadvigarhām |
4_rellit/vaisn/hbhvil_u.txt	22469	u			kubjāyāḥ kim u nāma rūpam adhikaṃ kiṃ tat sudāmno dhanam |
4_rellit/vaisn/ss2_bhgu.txt	3061	u			paśyāmy amuṣminn u ha viśvamūrtau || itīdam |
4_rellit/vaisn/ss2_bhgu.txt	3081	u			āha | u aho ha sphuṭam amuṣmiṃs tvayi no'smāṃs trilokāṃś ca saha paśyāmi
4_rellit/vaisn/ss2_bhgu.txt	3295	u			etaṃ saṃyad vāma ity āvakṣate etaṃ sarvāṇi vāmāni nayati eṣa u eva
4_rellit/vaisn/ss2_bhgu.txt	5337	u			yas taṃ na veda kim ṛcā kariṣyati ya u tad vidus ta ime samāsate ||
4_rellit/vaisn/ss2_bhgu.txt	7681	u			ka u svid anuśerata || iti |
4_rellit/vaisn/ss3_paru.txt	615	u			tallokapadmaṃ sa u eva viṣṇuḥ
4_rellit/vaisn/ss3_paru.txt	903	u			sa u eva viṣṇur iti | śrutiś ca puruṣo vai nārāyaṇo'kāmayata atha
4_rellit/vaisn/ss3_paru.txt	2203	u			ka u svid anuśerate || ity anena |
4_rellit/vaisn/ss4_krsu.txt	813	u			prasiddhārthe nāyaṃ śriyo'ṅga u nitāntarateḥ prasādaḥ svaryoṣitāṃ nalina |
4_rellit/vaisn/ss4_krsu.txt	2127	u			kaḥ paramo devaḥ ity ādyanantaraṃ tad u hovāca brāhmaṇaḥ |
4_rellit/vaisn/ss4_krsu.txt	6379	u			tad u hovāca hairaṇyo gopaveśam abhrābhaṃ taruṇaṃ kalpadrumāśritam |
4_rellit/vaisn/ss4_krsu.txt	6783	u			asmabhyaṃ nijaprāptisādhanam upadiśasi | tarhi svayaṃ kim u prakaṭam eva
4_rellit/vaisn/ss4_krsu.txt	8703	u			mām īkṣase tad u ha naḥ paramānukampā ||
4_rellit/vaisn/ss5_bhku.txt	4087	u			tiryagjanā api kim u śrutadhāraṇā ye || iti |
4_rellit/vaisn/ss5_bhku.txt	4257	u			kiṃ vedaiḥ kim u śāstrair vā kiṃ vā tīrthaniṣevaṇaiḥ |
4_rellit/vaisn/ss5_bhku.txt	4961	u			vāco ha vācaṃ sa u prāṇasya prāṇaḥ |
4_rellit/vaisn/ss5_bhku.txt	6209	u			yeṣāṃ kim u syād itareṇa teṣām
4_rellit/vaisn/ss5_bhku.txt	11115	u			yataḥ khyātiṃ yātaṃ katham u sahate tadvigarhām |
4_rellit/vaisn/ss5_bhku.txt	11425	u			tad eva satyaṃ tad u haiva maṅgalaṃ
4_rellit/vaisn/ss6_priu.txt	2221	u			sarvātmani nitarāṃ nirantaraṃ nirvṛtamanasaḥ katham u ha vā ete
4_rellit/vaisn/ss6_priu.txt	5503	u			nāyaṃ śriyo 'ṅga u nitāntarateḥ prasādaḥ
4_rellit/vaisn/ss6_priu.txt	11093	u			nāyaṃ śriyo 'ṅga u nitāntarateḥ prasādaḥ
4_rellit/vaisn/vaimp__u.txt	897	u			ud u tyaṃ jāta vedasaṃ citraṃ devānām
4_rellit/vaisn/vaimp__u.txt	1283	u			ud u tyaṃ jāta vedasaṃ
4_rellit/vaisn/vaimp__u.txt	3189	u			uta svānāso divi ṣantv agnes tigmāyudhā rakṣase hantavā u
4_rellit/vaisn/vaimp__u.txt	6693	u			asmākaṃ vīrā uttare bhavantv asmān u devā avatā haveṣu svāhā
4_rellit/vaisn/vaimp__u.txt	6795	u			ud u tyaṃ jāta vedasaṃ devaṃ vahanti ketavaḥ
4_rellit/vaisn/vaimp__u.txt	6977	u			tāṃ vidyutāṃ samyag u tarpayāmi svāhā
4_rellit/vaisn/vaimp__u.txt	7071	u			samyag u tarpayāmi svāhā na hiṃsī svāhā juhomi svāhā hotus svāhā idan tu svāhā ṣaṭ ca
4_rellit/vaisn/vaimp__u.txt	8807	u			ud vayaṃ tamasa ud u tyaṃ jāta vedaśam
4_rellit/vaisn/vaimp__u.txt	10573	u			ud u tyaṃ citram
4_rellit/vaisn/vaimp__u.txt	11655	u			ā sīdataṃ svam u lokaṃ vidāne svāsasthe bhavatam indave naḥ
4_rellit/vaisn/vaimp__u.txt	11701	u			ye ceha satyenecchante ya u cānṛta vādinaḥ
4_rellit/vaisn/vaimp__u.txt	12289	u			nir u svasāram askṛtoṣasaṃ devyāyatī
4_rellit/vaisn/vaimp__u.txt	12291	u			aped u hāsate tamaḥ
4_rellit/vaisn/vaimp__u.txt	12361	u			vāmam adya savitar vāmam u śvo dive dive vāmam asmabhyaṃ sāvīḥ
4_rellit/vaisn/vaimp__u.txt	12427	u			revāṃ id revatas stotā syāt tvāvato maghonaḥ pred u harivas śrutasya
5_poetry/1_natya/bharnatu.txt	9061	u			tatra svarāścaturdaśa | a ā i ī u ū ṛ ṝ ḷ ḹ e ai
5_poetry/1_natya/bharnatu.txt	9081	u			ṛ ṭu ra ṣā mūrdhanyāḥ | ḷ tu la sā dantyāḥ | u
5_poetry/2_kavya/bhakirpu.txt	371	u			sahate na jano 'py adhaḥkriyāṃ kim u lokādhikadhāma rājakam ||
5_poetry/2_kavya/bhakirpu.txt	453	u			nirāspadaṃ praśnakutūhalitvam asmāsv adhīnaṃ kim u niḥspṛhāṇām |
5_poetry/2_kavya/bhakirpu.txt	469	u			sutā na yūyaṃ kim u tasya rājñaḥ suyodhanaṃ vā na guṇair atītāḥ |
5_poetry/2_kavya/bhakirpu.txt	3223	u			amuṣya māyāvihataṃ nihanti naḥ pratīpam āgatya kim u svam āyudham ||
5_poetry/2_kavya/jaygit2u.txt	423	u			malayajarajo nedaṃ bhasma priyārahite mayi prahara na harabhrāntyānaṅga krudhā kim u dhāvasi ||
5_poetry/2_kavya/kakumspu.txt	103	u			u meti mātrā tapaso niṣiddhā paścād umākhyāṃ sumukhī jagāma ||
5_poetry/2_kavya/padnscpu.txt	1117	u			kim u vipulam imaṃ manuṣyalokaṃ puram uta parvatapakṣaśātanasya |
5_poetry/2_kavya/padnscpu.txt	1119	u			kim u yuvatir iyaṃ bhujaṅgabhartur bhuvanam alaṅkurute śaśiprabheti ||
5_poetry/2_kavya/padnscpu.txt	1245	u			iyaṃ kim u syād vanadevatāgatā | gatā dharāṃ vyomavadhūr iyaṃ kim u ||
5_poetry/2_kavya/padnscpu.txt	1245	u			iyaṃ kim u syād vanadevatāgatā | gatā dharāṃ vyomavadhūr iyaṃ kim u ||
5_poetry/2_kavya/padnscpu.txt	1247	u			avekṣituṃ hāram iheyam āgatā śaśiprabhāvāravilāsinī kim u ||
5_poetry/2_kavya/padnscpu.txt	1441	u			kim u tat kathayāmi sammataṃ cet kriyatāṃ me svayam ājñayā prasādaḥ ||
5_poetry/2_kavya/padnscpu.txt	1749	u			parato 'stu śaras tvadarthitā sā kim u na tyāgavaśaṃvadā dadāti ||
5_poetry/2_kavya/padnscpu.txt	3403	u			pratibhāti kiṃ cana mamaiva tatra te kim u nirmukheṅgitavidas tadiṅgitam ||
5_poetry/4_narr/brkas_pu.txt	15537	u			sarvam apy ujjhati sphītaṃ | kim u grantham anarthakam ||
5_poetry/4_narr/hitop_u.txt	51	u			ekaikam apy anarthāya kim u yatra catuṣṭayam ||
5_poetry/5_subhas/bharst_u.txt	165	u			kiṃ sarpair yadi durjanāḥ kim u dhanair vidyā navadyā yadi
5_poetry/5_subhas/bharst_u.txt	167	u			vrīḍā cet kim u bhūṣaṇaiḥ sukavitā yady asti rājyena kim ||
5_poetry/5_subhas/bharst_u.txt	1127	u			sevyā nitambāḥ kim u bhūdharāṇāmata
5_poetry/5_subhas/bharst_u.txt	1357	u			maitrī sphurati kṛtinas tasya kim u taiḥ |
5_poetry/5_subhas/msubhs_u.txt	32179	u			etau dvau daśakaṇṭhakaṇṭhakadalīkāntārakānticchida u vaidehīkucakumbhakuṅkumarajaḥsāndrāruṇāṅkāṅkitau |
5_poetry/5_subhas/vidsrgpu.txt	2079	u			āścaryam ūrjitam idaṃ kim u kiṃ madīyaś cittabhramo yad ayam indur anambare 'pi |
5_poetry/5_subhas/vidsrgpu.txt	2181	u			mamāpy eṣā bhrāntiḥ prathamam abhavad bhṛṅga kim u te kṛtaṃ yatnair ebhyo virama viramety añjalir ayam ||
5_poetry/5_subhas/vidsrgpu.txt	3003	u			tapobhir bhūyobhiḥ kim u na kamanīyaṃ sukṛtinām idaṃ ramyaṃ vāmyaṃ madanavivaśāyā mṛgadṛśaḥ ||
5_poetry/5_subhas/vidsrgpu.txt	3391	u			yadi vinihitā śūnyā dṛṣṭiḥ kim u sthirakautukā yadi viracito maune yatnaḥ kim u sphurito 'dharaḥ |
5_poetry/5_subhas/vidsrgpu.txt	3391	u			yadi vinihitā śūnyā dṛṣṭiḥ kim u sthirakautukā yadi viracito maune yatnaḥ kim u sphurito 'dharaḥ |
5_poetry/5_subhas/vidsrgpu.txt	3955	u			idānīṃ tīvrābhir dahana iva bhābhiḥ parigatoaḥ mamāścaryaṃ sūryaḥ kim u sakhi rajanyām udayate |
5_poetry/5_subhas/vidsrgpu.txt	4007	u			talpādṛśyakaraṅkapañjaram idaṃ jīvena liptaṃ manāṅ muñcantī kim u kartum icchasi kuru premānyadeśagate ||
5_poetry/5_subhas/vidsrgpu.txt	4639	u			pṛthugaganakabandhaskandhacakraṃ kim etat kim u rudhirakapālaṃ kālakāpālikasya |
5_poetry/5_subhas/vidsrgpu.txt	6339	u			u | rā | ca |
5_poetry/5_subhas/vidsrgpu.txt	7173	u			kiṃ nojjvalaḥ kim u kalāḥ sakalā na dhatte datte na kiṃ nayanayor mudam unmayūkhaḥ |
5_poetry/5_subhas/vidsrgpu.txt	7707	u			niṣkandāḥ kim u kandarodarabhuvaḥ kṣīṇās tarūṇāṃ tvacaḥ kiṃ śuṣkāḥ saritaḥ sphuradgirigurugrāvaskhaladvīcayaḥ |
5_poetry/5_subhas/vidsrgpu.txt	7859	u			idānīṃ vāk tūṣṇīṃ bhava kim u mudhaiva pralapasi kva pūjāsaṃbhāraḥ kva ca tava guṇollāsarabhasaḥ ||
5_poetry/5_subhas/vidsrgpu.txt	8099	u			lakpāvasānapavanollasitasya sindhor ambho ruṇaddhi kim u saikatasetubandhaḥ ||
5_poetry/5_subhas/vidsrgpu.txt	8651	u			nāgarakaḥ kim u milito na hi na hi sakhi haimanaḥ pavanaḥ ||
5_poetry/5_subhas/vidsrgpu.txt	8979	u			tad api kaveḥ kim u kāvyaṃ kāṇḍo vā dhanvināṃ kim asau ||
5_poetry/6_hist/jonart_pu.txt	4573	u			kiṃ pūtaṃ mānasenedam amunā kim u mānasam ||
6_sastra/4_dharma/smrti/angirspu.txt	4707	u			tādṛkpitṛkriyākartā sa u bhraṣṭapitā smṛtaḥ ||
6_sastra/4_dharma/smrti/angirspu.txt	4733	u			sa u tyaktapitā jñeyas ta ete tanayāḥ sadā ||
6_sastra/4_dharma/sutra/baudhd_u.txt	1141	u			dvayam u ha vai suśravaso anūcānasya retobrāhmaṇasya ūrdhvaṃ nābher adhastād anyat | sa yad ūrdhvaṃ nābhestena ha etat prajāyate yad brāhmaṇān upanayati yad adhyāpayati yadyājayati yat sādhu karoti | sarvā asya eṣā prajā bhavati | atha yadavācīṇaṃ nābhes tena ha asya aurasī prajā bhavati | tasmāt śrotriyamanūcānam aprajo asi iti
6_sastra/4_dharma/sutra/baudhd_u.txt	1621	u			uddhṛtya vā api trīn piṇḍān kuryād āpatsu na u sadā |
6_sastra/4_dharma/sutra/baudhd_u.txt	1811	u			sāyaṃ prātaḥ sadā saṃdhyāṃ ye viprā na u upāsate |
6_sastra/4_dharma/sutra/baudhd_u.txt	1871	u			atha ādityam upatiṣṭhate | ud vayaṃ tamasas pari | ud u tyam | citram | tac cakṣur devahitam | ya udagād iti ||
6_sastra/4_dharma/sutra/baudhd_u.txt	2325	u			atha | ud u tyam | citram iti | dvābhyām ādityam upatiṣṭhate ||
6_sastra/4_dharma/sutra/baudhd_u.txt	2349	u			atha bhaikṣa | caryād upāvṛtya śucau deśenyasya hasta | pādān prakṣālya ādityasya agraṃ nivedayet | ud u tyam | citram iti | brahmaṇe nivedayate | brahma jajñānam iti ||
6_sastra/4_dharma/sutra/baudhd_u.txt	2463	u			yathā u etat ṣaṇṇivartanī iti ||
6_sastra/4_dharma/sutra/baudhd_u.txt	2747	u			nakṣatrāṇāṃ dyutiṃ sūryā | candramasor eva eva sāyujyaṃ salokatām āpnoti ya u ca enad adhīte | ya u ca enad adhīte ||
6_sastra/4_dharma/sutra/baudhd_u.txt	2747	u			nakṣatrāṇāṃ dyutiṃ sūryā | candramasor eva eva sāyujyaṃ salokatām āpnoti ya u ca enad adhīte | ya u ca enad adhīte ||
6_sastra/4_dharma/sutra/vasist_u.txt	119	u			dvayam u ha vai puruṣasya retas brāhmaṇasya ūrdhvam nābhes adhastāt avācīnam anyat tat yat ūrdhvam nābhes tena ha etat prajā jāyate yat brāhmaṇān upanayati yat adhyāpayati yat yājayati yat sādhukaroti | atha yat avācīnam nābhes tena iha asya aurasī prajā jāyate | tasmāt śrotriyam anūcānam a prajas asi iti
6_sastra/7_ayur/vagaah_u.txt	11519	u			kim u tiktāḥ kaṣāyā vā ye nisargāt kaphāpahāḥ ||
6_sastra/7_ayur/vagaah_u.txt	23331	u			śakyaṃ karmaṇya tāṃ netuṃ kim u gātrāṇi jīvatām |
6_sastra/7_ayur/vagaah_u.txt	37009	u			sarpiś catuṣ kuvalayaṃ sa hiraṇya pattraṃ medhyaṃ gavām api bhavet kim u mānuṣāṇām
1_veda/2_bra/satapath/sb_09_u.txt	881	e			pos | e ca yajñapatimābhajantīrityetadrāyaspoṣe adhi yajño asthāditi rayyāṃ ca poṣe
1_veda/5_vedang/1_srauta/sankhssu.txt	101	e			e kāra o kārau ca pragṛhyau |
1_veda/5_vedang/2_grhya/kaussu_u.txt	5087	e			oṃ bhūs tat savitur vareṇyaṃ bhūḥ svāhā e | a | iti prathamam
1_veda/5_vedang/2_grhya/kaussu_u.txt	5089	e			bhargo devasya dhīmahi bhuvaḥ svāhā e | a | iti dvitīyam
1_veda/5_vedang/2_grhya/kaussu_u.txt	5091	e			dhiyo yo naḥ pracodayāt svaḥ svāhā e | a | iti tṛtīyam
1_veda/5_vedang/2_grhya/kaussu_u.txt	5093	e			vayaṃ devasya dhīmahi janat svāhā e | a | iti caturtham
1_veda/5_vedang/2_grhya/sankhgsu.txt	1045	e			smṛtim bho anubrūhi || iti itaraḥ || smṛtim e anubravīmi || iti ācāryaḥ |
1_veda/5_vedang/3_pratis/rgvidh_u.txt	681	e			apy | adṛṣṭvā | eva | japtavyam | etat | taskara | mohanam || e
1_veda/5_vedang/3_pratis/rgvidh_u.txt	1433	e			snātvā | śuciḥ | śucau | deśe | sapavitraḥ | sakāñcanaḥ || e
1_veda/5_vedang/3_pratis/rgvidh_u.txt	2361	e			oṣadhīś | ca | jayen | nityam | ṣaṇ | māsān | eva | nityaśaḥ || e
3_purana/agp_bi_u.txt	815	e			e ity ādimahāpurāṇe āgneye praśno nāma prathamodhyāyaḥ ||
3_purana/agp_bi_u.txt	913	e			e ity ādimahāpurāṇe āgneye matsyāvatāro nāma dvitīyo 'dhyāyaḥ
3_purana/agp_bi_u.txt	1036	e		dhyāyaḥ ||	e ity ādimahāpurāṇe āgneye kūrmāvatāro nāma tṛtīyo
3_purana/agp_bi_u.txt	1157	e		caturtho 'dhyāyaḥ	e ity ādimahāpurāṇe āgneye varāhanṛsiṃhādyavatāro nāma
3_purana/agp_bi_u.txt	1226	e		nāma pañcamo 'dhyāyaḥ	e ity ādimahāpurāṇe āgneye rāmāyaṇe bālakāṇḍavarṇanaṃ
3_purana/agp_bi_u.txt	1461	e		yodhyākāṇḍavarṇanaṃ nāma ṣaṣṭho 'dhyāyaḥ ||	e ity ādimahāpurāṇe āgneye rāmāyaṇe
3_purana/agp_bi_u.txt	1570	e		āraṇyakakāṇḍavarṇanaṃ nāma saptamo 'dhyāyaḥ	e ity ādimahāpurāṇe āgneye rāmāyaṇe
3_purana/agp_bi_u.txt	1663	e		kiṣkindhākāṇḍavarṇanaṃ nāma aṣṭamo 'dhyāyaḥ	e ity ādimahāpurāṇe āgneye rāmāyāṇe
3_purana/agp_bi_u.txt	1803	e		nāma navamo 'dhyāyaḥ	e ity ādimahāpurāṇe āgneye rāmāyaṇe sundarakāṇḍavarṇanaṃ
3_purana/agp_bi_u.txt	1954	e		nāma daśamo 'dhyāyaḥ	e ity ādimahāpurāṇe āgneye rāmāyaṇe yuddhakāṇḍavarṇanaṃ
3_purana/agp_bi_u.txt	2019	e		nāma ekādaśo 'dhyāyaḥ	e ity ādimahāpurāṇe āgneye rāmāyaṇe uttarakāṇḍavarṇanaṃ
3_purana/agp_bi_u.txt	2252	e		dhyāyaḥ	e ity ādimahāpurāṇe āgneye harivaṃśavarṇanaṃ nāma dvādaśo
3_purana/agp_bi_u.txt	2389	e		dhyāyaḥ	e ity ādimahāpurāṇe āgneye ādiparvādivarṇanaṃ nāma trayodaśo
3_purana/agp_bi_u.txt	2513	e		dhyāyaḥ	e ity ādimahāpurāṇe āgneye mahābhāratavarṇanaṃ nāma caturdaśo
3_purana/agp_bi_u.txt	2584	e		pañcadaśo 'dhyāyaḥ	e ity ādimahāpurāṇe āgneye mahābhāratavarṇanaṃ nāma
3_purana/agp_bi_u.txt	2647	e		ṣoḍaśo 'dhyāyaḥ	e ity ādimahāpurāṇe āgneye buddhakalkyavatāravarṇanaṃ nāma
3_purana/agp_bi_u.txt	2737	e		dhyāyaḥ	e ity ādimahāpurāṇe āgneye jagatsargavarṇanaṃ nāma saptadaśo
3_purana/agp_bi_u.txt	2973	e		aṣṭādaśo 'dhyāyaḥ	e ity ādimāhāpurāṇe āgneye jagatsargavarṇanaṃ nāma
3_purana/agp_bi_u.txt	3124	e		ūnaviṃśatitamo 'dhyāyaḥ	e ity ādimāhāpurāṇe āgneye pratisargavarṇanaṃ nāma
3_purana/agp_bi_u.txt	3233	e		dhyāyaḥ	e ity ādimahāpurāṇe āgneye jagatsargavarṇanaṃ nāma viṃśatitamo
3_purana/agp_bi_u.txt	3379	e		ekaviṃśatitamo 'dhyāyaḥ	e ity ādimahāpurāṇe āgneye vāsudevādipūjākathanaṃ nāma
3_purana/agp_bi_u.txt	3427	e		dvāviṃśodhyāyaḥ	e ity ādimahāpurāṇe āgneye snānavidhikathanaṃ nāma
3_purana/agp_bi_u.txt	3548	e		trayoviṃśo 'dhyāyaḥ	e ity ādimahāpurāṇe āgneye ādimūrtyādipūjāvidhirnāma
3_purana/agp_bi_u.txt	3823	e		dhyāyaḥ	e ity ādimahāpurāṇe āgneye agnikāryādikathanaṃ nāma caturviṃśo
3_purana/agp_bi_u.txt	4086	e		dhyāyaḥ	e ity ādimahāpurāṇe āgneye mantrapradarśanaṃ nāma pañcaviṃśo
3_purana/agp_bi_u.txt	4131	e		ṣaḍviṃśo 'dhyāyaḥ	e ity ādimahāpurāṇe āgneye mudrāpradarśanaṃ nāma
3_purana/agp_bi_u.txt	4515	e		saptaviṃśodhyāyaḥ	e ity ādimahāpurāṇe āgneye sarvadīkṣākathanaṃ nāma
3_purana/agp_bi_u.txt	4548	e		aṣṭāviṃśo 'dhyāyaḥ	e ity ādimahāpurāṇe āgneye ācāryābhiṣeko nāma
3_purana/agp_bi_u.txt	4780	e		ūnatriṃśo 'dhyāyaḥ	e ity ādimahāpurāṇe āgneye maṇḍalādilakṣaṇaṃ nāma
3_purana/agp_bi_u.txt	4934	e		dhyāyaḥ	e ity ādimahāpurāṇe āgneye maṇḍalādivarṇanaṃ nāma triṃśo
3_purana/agp_bi_u.txt	5167	e		dhyāyaḥ	e ity ādimahāpurāṇe āgneye kuśāpamārjanaṃ nāma ekatriṃśo
3_purana/agp_bi_u.txt	5228	e		nāma dvātriṃśo 'dhyāyaḥ	e ity ādimahāpurāṇe āgneye aṣṭacatvāriṃśatsaṃskārakathanaṃ
3_purana/agp_bi_u.txt	5551	e		śrīdharanityapūjākathanaṃ nāma trayastriṃśodhyāyaḥ	e ity ādimahāpurāṇe āgneye pavitrārohaṇe
3_purana/agp_bi_u.txt	5728	e		dhyāyaḥ ||	e ity ādimahāpurāṇe āgneye agnikāryakathanaṃ nāma caturtriṃśo
3_purana/agp_bi_u.txt	5819	e		dhyāyaḥ ||	e ity ādimahāpurāṇe āgneye pavitrādhivāsanaṃ nāma pañcatriṃśo
3_purana/agp_bi_u.txt	5929	e		ṣaṭtriṃśo 'dhyāyaḥ ||	e ity ādimahāpurāṇe āgneye viṣṇupavitrārohaṇaṃ nāma
3_purana/agp_bi_u.txt	6002	e		saptatriṃśo 'dhyāyaḥ ||	e ity ādimahāpurāṇe āgneye saṅkṣepapavitrārohaṇaṃ nāma
3_purana/agp_bi_u.txt	6238	e		aṣṭatriṃśodhyāyaḥ ||	e ity ādimahāpurāṇe āgneye devālayādimāhātmyavarṇanaṃ nāma
3_purana/agp_bi_u.txt	6342	e		nāmonacatvāriṃśodhyāyaḥ ||	e ity ādimahāpurāṇe āgneye pratiṣṭhāyāṃ bhūparigraho
3_purana/agp_bi_u.txt	6487	e		dhyāyaḥ ||	e ity ādimahāpurāṇe āgneye arghyadānakathanaṃ nāma catvāriṃśo
3_purana/agp_bi_u.txt	6661	e		ekacatvāriṃśo 'dhyāyaḥ ||	e ity ādimahāpurāṇe āgneye pātālayogakathanaṃ nāma
3_purana/agp_bi_u.txt	6783	e		dvācattvāriṃśo 'dhyāyaḥ	e ity ādimahāpurāṇe āgneye prāsādalakṣaṇaṃ nāma
3_purana/agp_bi_u.txt	6929	e		tricatvāriṃśo 'dhyāyaḥ ||	e ity ādi mahāpurāṇe āgneye śāntyādivarṇanaṃ nāma
3_purana/agp_bi_u.txt	7143	e		catvāriṃśodhyāyaḥ ||	e ity ādimahāpurāṇe āgneye pratimālakṣaṇaṃ nāma catuś
3_purana/agp_bi_u.txt	7220	e		nāma pañcacatvāriṃśo 'dhyāyaḥ	e ity ādimahāpurāṇe āgneye piṇḍikālakṣmādilakṣaṇaṃ
3_purana/agp_bi_u.txt	7285	e		ṣaṭcatvāriṃśo 'dhyāyaḥ	e ity ādimahāpurāṇe āgneye śālagrāmādimūrtilakṣaṇaṃ nāma
3_purana/agp_bi_u.txt	7357	e		saptacatvāriṃśo 'dhyāyaḥ ||	e ity ādimahāpurāṇe āgneye śālagrāmādipūjākathanaṃ nāma
3_purana/agp_bi_u.txt	7428	e		aṣṭācatvāriṃśo 'dhyāyaḥ ||	e ity ādimahāpurāṇe āgneye caturviṃśatimūrtistotraṃ nāma
3_purana/agp_bi_u.txt	7563	e		ūnapañcāśo 'dhyāyaḥ ||	e ity ādimahāpurāṇe āgneye pratimālakṣaṇaṃ nāma
3_purana/agp_bi_u.txt	7756	e		pañcāśo 'dhyāyaḥ ||	e ity ādimahāpurāṇe āgneye devīpratimālakṣaṇaṃ nāma
3_purana/agp_bi_u.txt	7852	e		dhyāyaḥ ||	e ity ādimahāpurāṇe āgneye pratimālakṣaṇaṃ nāma ekapañcāśo
3_purana/agp_bi_u.txt	7953	e		dvipañcāśattamo 'dhyāyaḥ ||	e ity ādimahāpurāṇe āgneye pratimālakṣaṇaṃ nāma
3_purana/agp_bi_u.txt	8076	e		tripañcāśattamodhyāyaḥ ||	e ity ādimahāpurāṇe āgneye liṅgalakṣaṇaṃ nāma
3_purana/agp_bi_u.txt	8330	e		catuḥpañcāśattamo 'dhyāyaḥ	e ity ādimahāpurāṇe āgneye vyaktāvyaktalakṣaṇaṃ nāma
3_purana/agp_bi_u.txt	8387	e		pañcapañcāśattamo 'dhyāyaḥ ||	e ity ādimahāpurāṇe āgneye piṇḍikālakṣaṇaṃ nāma
3_purana/agp_bi_u.txt	8538	e		ṣaṭpañcāśattamodhyāyaḥ ||	e ity ādimahāpurāṇe āgneye dikpatiyāgo nāma
3_purana/agp_bi_u.txt	8667	e		saptapañcāśattamo 'dhyāyaḥ ||	e ity ādimahāpurāṇe āgneye kalaśādhivāso nāma
3_purana/agp_bi_u.txt	8823	e		aṣṭapañcāśo 'dhyāyaḥ ||	e ity ādimahāpurāṇe āgneye snapanādividhānaṃ nāma
3_purana/agp_bi_u.txt	9112	e		dhyāyaḥ ||	e ity ādimahāpurāṇe āgneye adhivāsanaṃ nāma ūnaṣaṣṭitamo
3_purana/agp_bi_u.txt	9295	e		ṣaṣṭitamo 'dhyāyaḥ ||	e ity ādimahāpurāṇe āgneye vāsudevapratiṣṭhādikathanaṃ nāma
3_purana/agp_bi_u.txt	9556	e		ekaṣaṣṭitamo 'dhyāyaḥ	e ity ādimahāpurāṇe āgneye dhvajārohaṇaṃ nāma
3_purana/agp_bi_u.txt	9637	e		dviṣaṣṭitamo 'dhyāyaḥ	e ity ādimahāpurāṇe āgneye lakṣmīsthāpanaṃ nāma
3_purana/agp_bi_u.txt	9785	e		devādipratiṣṭhāpustakapratiṣṭhākathanaṃ nāma	e ity ādimahāputrāṇe āgneye
3_purana/agp_bi_u.txt	9991	e		kūpavāpītaḍāgādipratiṣṭhākathanaṃ nāma	e ity ādimahāpurāṇe āgneye
3_purana/agp_bi_u.txt	10101	e		pañcaṣaṣṭitamo 'dhyāyaḥ ||	e ity ādimahāpurāṇe āgneye sabhāgṛhasthāpanaṃ nāma
3_purana/agp_bi_u.txt	10251	e		ṣaṭṣaṣṭitamo 'dhyāyaḥ ||	e ity ādimahāpurāṇe āgneye samudāyapratiṣṭhākathanaṃ nāma
3_purana/agp_bi_u.txt	10282	e		saptaṣaṣṭitamo 'dhyāyaḥ ||	e ity ādimahāpurāṇe āgneye jīrṇoddhārakathanaṃ nāma
3_purana/agp_bi_u.txt	10372	e		aṣṭaṣaṣṭitamo 'dhyāyaḥ ||	e ity ādimahāpurāṇe āgneye devayātrotsavakathanaṃ nāma
3_purana/agp_bi_u.txt	10482	e		ūnasaptatitamo 'dhyāyaḥ ||	e ity ādimahāpurāṇe āgneye yajñāvabhṛtasnānaṃ nāma
3_purana/agp_bi_u.txt	10531	e		nāma saptatitamo 'dhyāyaḥ ||	e ity ādimāhāpurāṇe āgneye pādapārāmapratiṣṭhākathanaṃ
3_purana/agp_bi_u.txt	10579	e		ekasaptatitamo 'dhyāyaḥ ||	e ity ādimahāpurāṇe āgneye vināyakapūjākathanaṃ nāma
3_purana/agp_bi_u.txt	10817	e		dhyāyaḥ ||	e ity ādimahāpurāṇe āgneye snānādividhirnāma dvisaptatitamo
3_purana/agp_bi_u.txt	10914	e		dhyāyaḥ ||	e ity ādimahāpurāṇe āgneye sūryapūjā nāma trisaptatitamo
3_purana/agp_bi_u.txt	11332	e		dhyāyaḥ ||	e ity ādimahāpurāṇe āgneye śivapūjā nāma catuḥsaptatitamo
3_purana/agp_bi_u.txt	11670	e		dhyāyaḥ ||	e ity ādimahāpurāṇe āgneye agnikāryaṃ nāma pañcasaptatitamo
3_purana/agp_bi_u.txt	11756	e		ṣaṭsaptatitamo 'dhyāyaḥ ||	e ity ādimahāpurāṇe āgneye caṇḍapūjākathanaṃ nāma
3_purana/agp_bi_u.txt	11876	e		saptasaptatitamo 'dhyāyaḥ ||	e ity ādimahāpurāṇe āgneye vāstupūjākathanaṃ nāma
3_purana/agp_bi_u.txt	12230	e		aṣṭasaptatitamo 'dhyāyaḥ ||	e ity ādimahāpurāṇe āgneye pavitrādhivāsanavidhirnāma
3_purana/agp_bi_u.txt	12444	e		dhyāyaḥ ||	e ity ādimahāpurāṇe āgneye pavitrārohaṇaṃ nāma ekonāśītitamo
3_purana/agp_bi_u.txt	12513	e		dhyāyaḥ ||	e ity ādimahāpurāṇe āgneye damanakārohaṇavidhirnāma aśītitamo
3_purana/agp_bi_u.txt	12954	e		ekāśītitamo 'dhyāyaḥ ||	e ity ādimahāpurāṇe āgneye samayadīkṣākathanaṃ nāma
3_purana/agp_bi_u.txt	13080	e		dvyaśītitamo 'dhyāyaḥ ||	e ity ādimahāpurāṇe āgneye samayadīkṣākathanaṃ nāma
3_purana/agp_bi_u.txt	13357	e		nāma tryaśītitamo 'dhyāyaḥ ||	e ity ādimāhāpurāṇe āgneye nirvāṇadīkṣāyāmadhivāsanaṃ
3_purana/agp_bi_u.txt	13686	e		nivṛttikalāśodhanaṃ nāma caturaśītitamo 'dhyāyaḥ ||	e ity ādimahāpurāṇe āgneye nirvāṇadīkṣāyāṃ
3_purana/agp_bi_u.txt	13886	e		pratiṣṭhākalāśodhanaṃ nāma pañcāśītitamo 'dhyāyaḥ ||	e ity ādimahāpurāṇe āgneye nirvāṇadīkṣāyāṃ
3_purana/agp_bi_u.txt	14002	e		vidyāviśodhanaṃ nāma ṣaḍaśītitamo 'dhyāyaḥ ||	e ity ādimahāpurāṇe āgneye nirvāṇadīkṣāyāṃ
3_purana/agp_bi_u.txt	14132	e		śāntiśodhanaṃ nāma saptaśītitamo 'dhyāyaḥ ||	e ity ādimahāpurāṇe āgneye nirvāṇadīkṣāyāṃ
3_purana/agp_bi_u.txt	14410	e		aṣṭāśītitamo 'dhyāyaḥ ||	e ity ādimahāpurāṇe āgneye nirvāṇadīkṣāsamāpanaṃ nāma
3_purana/agp_bi_u.txt	14439	e		ūnanavatitamo 'dhyāyaḥ	e ity ādimahapurāṇe āgneye ekatattvadīkṣākathanaṃ nāma
3_purana/agp_bi_u.txt	14522	e		dhyāyaḥ ||	e ity ādimahāpurāṇe āgneye abhiṣekādikathanaṃ nāma navatitamo
3_purana/agp_bi_u.txt	14606	e		ekanavatitamo 'dhyāyaḥ ||	e ity ādimahāpurāṇe āgneye nānāmantrādikathanaṃ nāma
3_purana/agp_bi_u.txt	14983	e		dhyāyaḥ ||	e ity ādimahāpurāṇe āgneye śilānyāsakathanaṃ nāma dvinavatitamo
3_purana/agp_bi_u.txt	15241	e		dhyāyaḥ ||	e ity ādimahapurāṇe āgneye vāstupūjākathanaṃ nāma trinavatitamo
3_purana/agp_bi_u.txt	15364	e		caturṇavatitamo 'dhyāyaḥ ||	e ity ādimahāpurāṇe āgneye śilānyāsakathanaṃ nāma
3_purana/agp_bi_u.txt	15760	e		dhyāyaḥ ||	e ity āgneye mahāpurāṇe pratiṣṭhāsāmagrī nāma pañcanavatitamo
3_purana/agp_bi_u.txt	16735	e		dhyāyaḥ	e ity āgneye mahāpurāṇe adhivāsanavidhirnāma ṣaṇṇavatitamo
3_purana/agp_bi_u.txt	17329	e		dhyāyaḥ ||	e ity āgneye mahāpurāṇe śivapratiṣṭhā nāma saptanavatitamo
3_purana/agp_bi_u.txt	17418	e		dhyāyaḥ	e ity āgneye mahāpurāṇe gaurīpratiṣṭhā nāmāṣṭanavatitamo
3_purana/agp_bi_u.txt	17463	e		dhyāyaḥ ||	e ity āgneye mahāpurāṇe sūryapratiṣṭhā nāmaikonaśatatamo
3_purana/agp_bi_u.txt	17526	e		dhyāyaḥ ||	e ity āgneye mahāpurāṇe dvārapratiṣṭhā nāma śatatamo
3_purana/agp_bi_u.txt	17633	e		nāmaikādhikaśatatamo 'dhyāyaḥ	e ity āgneye mahāpurāṇe prāsādakṛtyapratiṣṭhā
3_purana/agp_bi_u.txt	17854	e		dvyadhikaśatatamo 'dhyāyaḥ	e ity āgneye mahāpurāṇe dhvajārohaṇādividhirnāma
3_purana/agp_bi_u.txt	18010	e		dhyāyaḥ ||	e ity āgneye mahapurāṇe jīrṇoddhāro nāma tryadhikaśatatamo
3_purana/agp_bi_u.txt	18232	e		caturadhikaśatatamo 'dhyāyaḥ	e ity āgneye mahāpurāṇe sāmānyaprāsādalakṣaṇaṃ nāma
3_purana/agp_bi_u.txt	18530	e		dhyāyaḥ ||	e ity āgneye mahāpurāṇe gṛhādivāsturnāma pañcādhikaśatatamo
3_purana/agp_bi_u.txt	18679	e		dhyāyaḥ ||	e ity āgeneye mahāpurāṇe nagarādivāsturnāma ṣaḍadhikaśatatamo
3_purana/agp_bi_u.txt	18781	e		saptādhikaśatatamo 'dhyāyaḥ ||	e ity āgneye mahāpurāṇe svāyambhuvaḥ sargo nāma
3_purana/agp_bi_u.txt	19110	e		navādhikaśatatamo 'dhyāyaḥ	e ity āgneye mahāpurāṇe tīrthayātrā māhātmyaṃ nāma
3_purana/agp_bi_u.txt	19156	e		daśādhikaśatatamo 'dhyāyaḥ	e ity āgneye mahāpurāṇe gaṅgāmāhātmyaṃ nāma
3_purana/agp_bi_u.txt	19248	e		ekādaśādhikaśatatamo 'dhyāyaḥ ||	e ity āgneye mahāpurāṇe prayāgamāhātmyaṃ nāma
3_purana/agp_bi_u.txt	19295	e		dvādaśādhikaśatatamo 'dhyāyaḥ ||	e ity āgneye mahāpurāṇe vārāṇasīmāhātmyaṃ nāma
3_purana/agp_bi_u.txt	19356	e		trayodaśādhikaśatatamo 'dhyāyaḥ ||	e ity āgneye mahāpurāṇe narmadāśrīparvatādimāhātmyaṃ nāma
3_purana/agp_bi_u.txt	19596	e		caturdaśādhikaśatatamo 'dhyāyaḥ	e ity āgneye mahāpurāṇe gayāmāhātmyaṃ nāma
3_purana/agp_bi_u.txt	20018	e		pañcadaśādhikaśatatamo 'dhyāyaḥ ||	e ity āgneye mahāpurāṇe gayāmāhātmye gayayātrā nāma
3_purana/agp_bi_u.txt	20242	e		ṣoḍaśādhikaśatatamo 'dhyāyaḥ ||	e ity āgneye mahāpurāṇe gayāmāhātmye gayāyātrā nāma
3_purana/agp_bi_u.txt	20578	e		dhyāyaḥ ||	e ity āgneye mahāpurāṇe śrāddhakalpo nāma saptadaśādhikaśatatamo
3_purana/agp_bi_u.txt	20625	e		nāmāṣṭādaśādhikaśatatamo 'dhyāyaḥ ||	e ity āgneye mahāpurāṇe bhāratavarṣaṃ
3_purana/agp_bi_u.txt	20772	e		nāmaikonaviṃśatyadhikaśatatamo 'dhyāyaḥ ||	e ity āgneye mahapurāṇe dvīpādivarṇanaṃ
3_purana/agp_bi_u.txt	20992	e		dhyāyaḥ ||	e ity āgneye mahāpurāṇe bhuvanakoṣo nāma viṃśatyadhikaśatatamo
3_purana/agp_bi_u.txt	21399	e		ekaviṃśatyadhikaśatatamo 'dhyāyaḥ ||	e ity āgneye mahāpurāṇe jyotiḥśastrasāro nāma
3_purana/agp_bi_u.txt	21529	e		dvāviṃśatyadhikaśatatamo 'dhyāyaḥ ||	e ity āgneye mahāpurāṇe kālagaṇanaṃ nāma
3_purana/agp_bi_u.txt	21692	e		trayoviṃśatyadhikaśatatamo 'dhyāyaḥ ||	e ity āgneye mahāpurāṇe nānāyogā nāma
3_purana/agp_bi_u.txt	21820	e		caturviṃśatyadhikaśatatamo 'dhyāyaḥ ||	e ity āgneye mahāpurāṇe yuddhajayārṇave jyotiḥśāstrasāro nāma
3_purana/agp_bi_u.txt	22093	e		pañcaviṃśatyadhikaśatatamo 'dhyāyaḥ ||	e ity āgneye mahāpurāṇe yuddhajayārṇave nānācakrāṇi nāma
3_purana/agp_bi_u.txt	22289	e		ṣaḍviṃśatyadhikaśatatamo 'dhyāyaḥ ||	e ity āgneye mahāpurāṇe nakṣatranirṇayo nāma
3_purana/agp_bi_u.txt	22392	e		saptaviṃśatyadhikaśatatamo 'dhyāyaḥ ||	e ity āgneye mahāpurāṇe yuddhajayārṇave nānābalāni nāma
3_purana/agp_bi_u.txt	22455	e		nāmāṣṭāviṃśatyadhikaśatatamo 'dhyāyaḥ ||	e ity āgneye mahāpurāṇe yuddhajayārṇave koṭacakraṃ
3_purana/agp_bi_u.txt	22484	e		ūnatriṃśadadhikaśatatamo 'dhyāyaḥ ||	e ity āgneye mahāpurāṇe arghakāṇḍaṃ nāma
3_purana/agp_bi_u.txt	22575	e		triṃśadadhikaśatatamo 'dhyāyaḥ ||	e ity āgneye mahāpurāṇe yuddhajayārṇave maṇḍalaṃ nāma
3_purana/agp_bi_u.txt	22672	e		ghātacakrādirnāmaikatriṃśadadhikaśatatamo 'dhyāyaḥ ||	e ity āgneye mahāpurāṇe
3_purana/agp_bi_u.txt	22803	e		dvātriṃśadadhikaśatatamo 'dhyāyaḥ ||	e ity āgneye mahāpurāṇe yuddhajayārṇave sevācakraṃ nāma
3_purana/agp_bi_u.txt	23025	e		trayastriṃśadadhikaśatatamo 'dhyāyaḥ ||	e ity āgneye mahāpurāṇe yuddhajayārṇave nānābalāni nāma
3_purana/agp_bi_u.txt	23072	e		caturtriṃśadadhikaśatatamo 'dhyāyaḥ ||	e ity āgneye mahāpurāṇe yuddhajayārṇave trailokyavijayavidyā nāma
3_purana/agp_bi_u.txt	23162	e		pañcatriṃśadadhikaśatatamo 'dhyāyaḥ ||	e ity āgneye mahāpurāṇe yuddhārṇave saṅgrāmavijayavidyā nāma
3_purana/agp_bi_u.txt	23203	e		ṣaṭtriṃśadadhikaśatatamo 'dhyāyaḥ ||	e ity āgneye mahāpurāṇe yuddhajayārṇave nakṣatracakraṃ nāma
3_purana/agp_bi_u.txt	23301	e		saptatriṃśadadhikaśatatamo 'dhyāyaḥ ||	e ity āgneye mahāopurāṇe yuddhajayārṇave mahāmārī nāma
3_purana/agp_bi_u.txt	23372	e		nāmāṣṭatriṃśadadhikaśatatamo 'dhyāyaḥ ||	e ity āgneye mahāpurāṇe yuddhajayārṇave ṣaṭkarmāṇi
3_purana/agp_bi_u.txt	23433	e		nāma ūnacatvāriṃśadadhikaśatatamo 'dhyāyaḥ ||	e ity āgneye mahāpurāṇe yuddhajayārṇave ṣaṣṭisaṃvatsarāṇi
3_purana/agp_bi_u.txt	23522	e		catvāriṃśadadhikaśatatamo 'dhyāyaḥ ||	e ity āgneye mahāpurāṇe yuddhajayārṇave ṣoḍaśapadakā nāma
3_purana/agp_bi_u.txt	23601	e		ṣaṭtriṃśatpadakajñānaṃ nāma ekacatvāriṃśadadhikaśatatamo	e ity āgneye mahāpurāṇe yuddhajayārṇave
3_purana/agp_bi_u.txt	23709	e		catvāriṃśadadhikaśatatamo 'dhyāyaḥ ||	e ity āgneye mahāpurāṇe yuddhajayārṇave mantrauṣadhādirnāma hi
3_purana/agp_bi_u.txt	23789	e		tricatvāriṃśadadhikaśatatamo 'dhyāyaḥ ||	e ity āgneye mahāpurāṇe yuddhajayārṇave kubjikākramapūjā nāma
3_purana/agp_bi_u.txt	23995	e		catvāriṃśadadhikaśatatamo 'dhyāyaḥ ||	e ity āgneye mahāpurāṇe yuddhajayārṇave kubjikāpūjā nāma catuś
3_purana/agp_bi_u.txt	24138	e		pañcacatvāriṃśadadhikaśatatamo 'dhyāyaḥ ||	e ity āgneye mahāpurāṇe mālinīmantrādinyāso nāma
3_purana/agp_bi_u.txt	24277	e		ṣaṭcatvāriṃśadadhikaśatatamo 'dhyāyaḥ ||	e ity āgneye mahāpurāṇe aṣṭāṣṭakādirnāma
3_purana/agp_bi_u.txt	24357	e		saptacatvāriṃśadadhikaśatatamo 'dhyāyaḥ ||	e | ity āgneye mahāpurāṇe yuddhajayārṇave tvaritāpūjādirnāma
3_purana/agp_bi_u.txt	24398	e		nāma aṣṭacatvāriṃśadadhikaśatatamo 'dhyāyaḥ ||	e ity āgneye mahāpurāṇe yuddhajayārṇave saṅgrāmavijayapūjā
3_purana/agp_bi_u.txt	24471	e		nāmonapañcāśadadhikaśatatamo 'dhyāyaḥ ||	e ity āgneye mahāpurāṇe yuddhajayārṇave ayutalakṣakoṭihomo
3_purana/agp_bi_u.txt	24606	e		pañcāśadadhikaśatatamo 'dhyāyaḥ ||	e ity āgneye mahāpurāṇe manvantarāṇi nāma
3_purana/agp_bi_u.txt	24691	e		nāmaikapañcāśadadhikaśatatamo 'dhyāyaḥ ||	e ity āgneye mahāpurāṇe varṇāntaradharmā
3_purana/agp_bi_u.txt	24722	e		vripañcāśadadhikaśatatamo 'dhyāyaḥ ||	e ity āgneye mahāpurāṇe gṛhasthavṛttayo nāma
3_purana/agp_bi_u.txt	24803	e		tripañcāśadadhikaśatatamo 'dhyāyaḥ ||	e ity āgneye mahāpurāṇe brahmacaryāśramo nāma
3_purana/agp_bi_u.txt	24894	e		satuḥpañcāśadadhikaśatatamo 'dhyāyaḥ ||	e ity āgneye mahāpurāṇe vivāho nāma
3_purana/agp_bi_u.txt	25057	e		pañcapañcāśadadhikaśatatamo 'dhyāyaḥ ||	e ity āgneye mahāpurāṇe ācārādhyāyo nāma
3_purana/agp_bi_u.txt	25132	e		ṣaṭpañcāśadadhikaśatatamo 'dhyāyaḥ ||	e ity āgneye mahāpurāṇe dravyaśuddhirnāma
3_purana/agp_bi_u.txt	25320	e		saptapañcāśadādhikaśatatamo 'dhyāyaḥ ||	e ity āgneye mahāpurāṇe śāvāśaucaṃ nāma
3_purana/agp_bi_u.txt	25627	e		aṣṭapañcāśadadhikaśatatamo 'dhyāyaḥ ||	e ity āgneye mahāpurāṇe srāvādyaśaucaṃ nāma
3_purana/agp_bi_u.txt	25703	e		nāmaikonaṣṭyadhikataśatatamo 'dhyāyaḥ ||	e ity ādyāgneye mahāpurāṇe śaucaṃ
3_purana/agp_bi_u.txt	25736	e		ṣaṣṭyadhikaśatatamo 'dhyāyaḥ ||	e ity āgneye mahāpurāṇe vānaprasthāśramo nāma
3_purana/agp_bi_u.txt	25894	e		nāmaikaṣaṣṭyadhikaśatatamo 'dhyāyaḥ ||	e ity āgneye mahāpurāṇe yatirdharmā
3_purana/agp_bi_u.txt	25991	e		dviṣaṣṭyadhikaśatatamo 'dhyāyaḥ ||	e ity āgneye mahāpurāṇe dharmaśāstraṃ nāma
3_purana/agp_bi_u.txt	26183	e		triṣaṣṭyadhikaśatatamo 'dhyāyaḥ ||	e ity āgneye mahāpurāṇe śrāddhakalpo nāma
3_purana/agp_bi_u.txt	26256	e		catuḥṣaṣṭyadhikaśatatamo 'dhyāyaḥ ||	e ity āgneye mahāpurāṇe navagrahahomo nāma
3_purana/agp_bi_u.txt	26396	e		pañcaṣaṣṭyadhikaśatatamo 'dhyāyaḥ ||	e ity āgneye mahāpurāṇe nānādhamā nāma
3_purana/agp_bi_u.txt	26503	e		ṣaṭṣaṣṭyadhikaśatatamo 'dhyāyaḥ ||	e ity āgneye mahāpurāṇe varṇadharmādirnāma
3_purana/agp_bi_u.txt	26697	e		saptaṣaṣṭyadhikaśatatamo 'dhyāyaḥ ||	e ity āgneye mahapurāṇe 'yutalakṣakoṭihomā nāma
3_purana/agp_bi_u.txt	26888	e		nāmāṣṭaṣaṣṭyadhikaśatatamo 'dhyāyaḥ ||	e ity āgneye mahāpurāṇe mahāpātakādikathanaṃ
3_purana/agp_bi_u.txt	27069	e		ekonasaptatyadhikaśatatamo 'dhyāyaḥ ||	e ity āgneye mahāpurāṇe prāyaścittāni nāma
3_purana/agp_bi_u.txt	27286	e		dhyāyaḥ ||	e ity āgneye mahāpurāṇe prāyaścittāni nāma saptatyadhikaśatatamo
3_purana/agp_bi_u.txt	27376	e		ekasaptatyadhikaśatatamo 'dhyāyaḥ ||	e ity āgneye mahāpureṇe rahasyādiprāyaśvittaṃ nāma
3_purana/agp_bi_u.txt	27482	e		nāma dvisaptatyadhikaśatatamo 'dhyāyaḥ ||	e ity āgneye mahāpurāṇe sarvapāpaprāyaścitte pāpanāśanastotraṃ
3_purana/agp_bi_u.txt	27717	e		dhyāyaḥ ||	e ity āgneye mahāpurāṇe prāyaścittāni nāma trisaptatyadhikaśatatamo
3_purana/agp_bi_u.txt	27835	e		catuḥsaptatyadhikaśatatamo 'dhyāyaḥ ||	e ity āgneye mahāpurāṇe prāyaścittāni nāma
3_purana/agp_bi_u.txt	28124	e		pañcasaptatyadhikaśatatamo 'dhyāyaḥ ||	e ity āgneye mahāpurāṇe vrataparibhāṣānāma
3_purana/agp_bi_u.txt	28165	e		ṣaṭsaptatyadhikaśatatamo 'dhyāyaḥ ||	e ity āgneye mahāpurāṇe pratipadvratāni nāma
3_purana/agp_bi_u.txt	28274	e		saptasaptatyadhikaśatatamo 'dhyāyaḥ ||	e ity āgneye mahāpurāṇe dvitīyāvratāni nāma
3_purana/agp_bi_u.txt	28438	e		aṣṭasaptatyadhikaśatatamo 'dhyāyaḥ ||	e ity āgneye mahāpurāṇe tṛtīyāvratāni nāma
3_purana/agp_bi_u.txt	28477	e		ekonāśītyadhikaśatatamo 'dhyāyaḥ ||	e ity āgneye mahapurāṇe caturthīvratāni nāma
3_purana/agp_bi_u.txt	28505	e		aśītyadhikaśatatamo 'dhyāyaḥ ||	e ity āgneye mahāpurāṇe pañcamīvratāni nāma
3_purana/agp_bi_u.txt	28532	e		ekāśītyadhikaśatatamo 'dhyāyaḥ ||	e ity āgneye mahāpurāṇe ṣaṣṭhīvratāni nāma
3_purana/agp_bi_u.txt	28557	e		dvyaśītyadhikaśatatamo 'dhyāyaḥ ||	e ity āgneye mahāpurāṇe saptamīvratāni nāma
3_purana/agp_bi_u.txt	28644	e		tryaśītyadhikaśatatamo 'dhyāyaḥ ||	e ity āgneye mahāpurāṇe jayantyaṣṭamīvrataṃ nāma
3_purana/agp_bi_u.txt	28779	e		caturaśītyadhikaśatatamo 'dhyāyaḥ ||	e ity āgneye mahāpurāṇe aṣṭamīvratāni nāma
3_purana/agp_bi_u.txt	28865	e		pañcāśītyadhikaśatatamo 'dhyāyaḥ ||	e ity āgneye mahāpurāṇe navamīvratāni nāma
3_purana/agp_bi_u.txt	28880	e		ṣaḍaśītyadhikaśatatamo 'dhyāyaḥ ||	e ity āgneye mahāpurāṇe daśamīvratāni nāma
3_purana/agp_bi_u.txt	28935	e		saptāśītyadhikaśatatamo 'dhyāyaḥ ||	e ity āgnyeye mahāpurāṇe ekādaśīvrataṃ nāma
3_purana/agp_bi_u.txt	29011	e		nāmāṣṭāśītyadhikaśatatamo 'dhyāyaḥ ||	e ity āgneye mahāpurāṇe nānādvādaśīvratāni
3_purana/agp_bi_u.txt	29095	e		nāmaikonanavatyadhikaśatatmo 'dhyāyaḥ ||	e ity āgneye mahāpurāṇe śravaṇadvādaśīvrataṃ
3_purana/agp_bi_u.txt	29132	e		navatyadhikaśatatamo 'dhyāyaḥ ||	e ity āgneye mahāpurāṇe akhaṇḍadvādaśīvrataṃ nāma
3_purana/agp_bi_u.txt	29194	e		nāmaikanavatyadhikaśatatamo 'dhyāyaḥ ||	e ity āgneye mahāpurāṇe trayodaśī vratāni
3_purana/agp_bi_u.txt	29251	e		dvinavatyadhikaśatatamo 'dhyāyaḥ ||	e ity āgneye mahāpurāṇe nānācaturdaśīvratāni nāma
3_purana/agp_bi_u.txt	29293	e		dhyāyaḥ ||	e ity āgneye mahāpurāṇe śivarātrivrataṃ nāma trinavatyadhikaśatatamo
3_purana/agp_bi_u.txt	29336	e		dhyāyaḥ ||	e ity āgneye mahāpurāṇe tithivratāni nāma caturnavatyadhikataśatatamo
3_purana/agp_bi_u.txt	29367	e		dhyāyaḥ ||	e ity āgneye mahāpurāṇe vāravratāni nāma pañcavanatyadhikaśatatamo
3_purana/agp_bi_u.txt	29484	e		ṣaṇṇavatyadhikaśatatamo 'dhyāyaḥ ||	e ity āgneye mahāpurāṇe nakṣatravratakāni nāma
3_purana/agp_bi_u.txt	29568	e		dhyāyaḥ ||	e ity āgneye mahapurāṇe divasavratāni nāma saptanavatyadhikaśatatamo
3_purana/agp_bi_u.txt	29654	e		aṣṭanavatyadhikaśatatamo 'dhyāyaḥ ||	e ity āgneye mahāpurāṇe māsavratāni nāma
3_purana/agp_bi_u.txt	29713	e		dhyāyaḥ ||	e ity āgneye mahāpurāṇe nānāvratāni nāma ekonaśatādhikaśatatamo
3_purana/agp_bi_u.txt	29804	e		dhyāyaḥ ||	e ity āgneye mahāpurāṇe dīpadānavrataṃ nāma dviśatatamo
3_purana/agp_bi_u.txt	29885	e		ekādhikadviśatatamo 'dhyāyaḥ ||	e ity āgneye mahāpurāṇe navavyūhārcanaṃ nāma
3_purana/agp_bi_u.txt	30007	e		dhyāyaḥ ||	e ity āgneye mahāpurāṇe puṣpādhyāyo nāma dvyadhikadviśatatamo
3_purana/agp_bi_u.txt	30117	e		tryadhikadviśatatamo 'dhyāyaḥ ||	e ity āgneye mahāpurāṇe narakasvarūpavarṇanaṃ nāma
3_purana/agp_bi_u.txt	30212	e		caturadhikadviśatatamo 'dhyāyaḥ ||	e ity āgneye mahāpurāṇe māsopavāsavrataṃ nāma
3_purana/agp_bi_u.txt	30259	e		pañcādhikadviśatatamo 'dhyāyaḥ ||	e ity āgneye mahāpurāṇe bhīṣmapañcakaṃ nāma
3_purana/agp_bi_u.txt	30375	e		ṣaḍadhikadviśatatamo 'dhyāyaḥ ||	e ity āgneye mahāpurāṇe agastyārghyadānavrataṃ nāma
3_purana/agp_bi_u.txt	30406	e		dhyāyaḥ ||	e ity āgneye mahāpurāṇe kaumudavrataṃ nāma saptādhikadviśatatamo
3_purana/agp_bi_u.txt	30469	e		aṣṭādhikadviśatatamo 'dhyāyaḥ ||	e ity āgenye mahāpurāṇe vratadānasamuccayo nāma
3_purana/agp_bi_u.txt	30750	e		navādhikadviśatatamo 'dhyāyaḥ ||	e ity āgneye mahāpurāṇe dānaparibhāṣā nāma
3_purana/agp_bi_u.txt	30904	e		dhyāyaḥ ||	e ity āgneye mahāpurāṇe mahādānāni nāma daśādhikadviśatatamo
3_purana/agp_bi_u.txt	31240	e		nāmaikādaśādhikadviśatatamo 'dhyāyaḥ ||	e ity āgneye mahāpurāṇe nānādānāni
3_purana/agp_bi_u.txt	31402	e		dvādaśādhikadviśatatamo 'dhyāyaḥ ||	e ity āgneye mahāpurāṇe merudānāni nāma
3_purana/agp_bi_u.txt	31451	e		trayodaśādhikadviśatatamo 'dhyāyaḥ ||	e ity āgneye mahāpurāṇe pṛthvīdānāni nāma
3_purana/agp_bi_u.txt	31640	e		caturdaśādhikadviśatatamo 'dhyāyaḥ ||	e ity āgneye mahāpurāṇe mantramāhātmyaṃ nāma
3_purana/agp_bi_u.txt	31856	e		pañcadaśādhikadviśatatamo 'dhyāyaḥ ||	e ity āgneye mahāpurāṇe sandhyāvidhirnāma
3_purana/agp_bi_u.txt	31941	e		ṣoḍaśādhikadviśatatamo 'dhyāyaḥ ||	e ity āgneye mahāpurāṇe gāyatrīnirvāṇaṃ nāma
3_purana/agp_bi_u.txt	32010	e		saptadaśādhikadviśatatamo 'dhyāyaḥ ||	e ity āgneye mahāpurāṇe gāyatrīnirvāṇaṃ nāma
3_purana/agp_bi_u.txt	32192	e		aṣṭādaśādhikadviśatatamo 'dhyāyaḥ ||	e ity āgneye mahāpurāṇe rājābhiṣeko nāma
3_purana/agp_bi_u.txt	32516	e		nāmonaviṃśatyadhikadviśatatamo 'dhyāyaḥ ||	e ity āgneye mahāpurāṇe abhiṣekamantrā
3_purana/agp_bi_u.txt	32629	e		viṃśatyadhikadviśatatamo 'dhyāyaḥ ||	e ity āgneye mahāpurāṇe sahāyasampattirnāma
3_purana/agp_bi_u.txt	32702	e		viṃśatyadhikadviśatatamo 'dhyāyaḥ ||	e ity āgneye mahāpurāṇe anujīvivṛttaṃ nāma
3_purana/agp_bi_u.txt	32815	e		ekaviṃśatyadhikadviśatatamo 'dhyāyaḥ ||	e ity āgneye mahāpurāṇe rājadharmo nāma
3_purana/agp_bi_u.txt	32982	e		dvāviṃśatyadhikadviśatatamo 'dhyāyaḥ ||	e ity āgneye mahāpurāṇe rājadharmo nāma
3_purana/agp_bi_u.txt	33192	e		trayoviṃśatyadhikadviśatatamo 'dhyāyaḥ ||	e ity āgneye mahāopurāṇe strīrakṣādikāmaśāstraṃ nāma
3_purana/agp_bi_u.txt	33341	e		caturviṃśatyadhikadviśatatamo 'dhyāyaḥ ||	e ity āgneye mahāpurāṇe rājadharmo nāma
3_purana/agp_bi_u.txt	33436	e		pañcaviṃśatyadhikadviśatatamo 'dhyāyaḥ ||	e ity āgneye mahāpurāṇe sāmādyupāyo nāma
3_purana/agp_bi_u.txt	33724	e		ṣaḍviṃśatyadhikadviśatatamo 'dhyāyaḥ ||	e ity āgneye mahāpurāṇe daṇḍapraṇayanaṃ nāma
3_purana/agp_bi_u.txt	33773	e		dhyāyaḥ ||	e ity āgneye mahāpurāṇe yātrā nāma saptaviṃśatyadhikadviśatatamo
3_purana/agp_bi_u.txt	33924	e		aṣṭāviṃśatyadhikadviśatatamo 'dhyāyaḥ ||	e ity āgneye mahāpurāṇe svapnādhyāyī nāma
3_purana/agp_bi_u.txt	33987	e		ekonatriṃśadadhikadviśatatamo 'dhyāyaḥ ||	e ity āgneye mahāpurāṇe māṅgalyādhyāyo nāma
3_purana/agp_bi_u.txt	34145	e		dhyāyaḥ ||	e ity āgneye mahāpurāṇe śakunāni nāma triṃśadadhikadviśatatamo
3_purana/agp_bi_u.txt	34323	e		ekatriṃśadadhikadviśatatamo 'dhyāyaḥ ||	e ity āgneye mahāpurāṇe śakunāni nāma
3_purana/agp_bi_u.txt	34444	e		dvātriṃśadadhikadviśatatamo 'dhyāyaḥ ||	e ity āgneye mahāopurāṇe yātrāmaṇḍalacintādirnāma
3_purana/agp_bi_u.txt	34559	e		trayastriṃśadadhikadviśatatamo 'dhyāyaḥ ||	e ity āgneye mahāpurāṇe upāyaṣaḍguṇādirnāma
3_purana/agp_bi_u.txt	34649	e		catustriṃśadadhikadviśatatamo 'dhyāyaḥ ||	e ity āgneye mahāpurāṇe ājasrikaṃ nāma
3_purana/agp_bi_u.txt	34948	e		pañcatriṃaśadhikadviśatatamo 'dhyāyaḥ ||	e ity āgneye mahāpurāṇe raṇadīkṣā nāma
3_purana/agp_bi_u.txt	35052	e		ṣaṭtriṃśadadhikadviśatatamo 'dhyāyaḥ ||	e ity agneye mahāpurāṇe śrīstotraṃ nāma
3_purana/agp_bi_u.txt	35159	e		saptatriṃśadadhikadviśatatamo 'dhyāyaḥ ||	e ity āgneye mahāpurāṇe rāmoktanītirnāma
3_purana/agp_bi_u.txt	35397	e		aṣṭatriṃśadadhikadviśatatamo 'dhyāyaḥ ||	e ity āgneye mahāpurāṇe rājadharmo nāma
3_purana/agp_bi_u.txt	35548	e		ekonacatvārtiṃśadadhikadviśatatamo 'dhyāyaḥ ||	e ity āgneye mahāpurāṇe ṣāḍguṇyaṃ nāma
3_purana/agp_bi_u.txt	35853	e		catvāriṃśadadhkadviśatatamo 'dhyāyaḥ ||	e ity āgneye mahāpurāṇe sāmādirnāma
3_purana/agp_bi_u.txt	36164	e		ekacatvāriṃśadadhikadviśatatamo 'dhyāyaḥ ||	e ity āgneye mahāpurāṇe rāmoktarājanītirnāma
3_purana/agp_bi_u.txt	36287	e		dvicatvāriṃśadadhikadviśatatamo 'dhyāyaḥ ||	e ity āgneye mahāpurāṇe puruṣalakṣaṇaṃ nāma
3_purana/agp_bi_u.txt	36324	e		tricatvāriṃśadadhikadviśatatamo 'dhyāyaḥ ||	e ity āgneye mahāpurāṇe strīlakṣaṇaṃ nāma
3_purana/agp_bi_u.txt	36462	e		catvāriṃśadadhikadviśatatamo 'dhyāyaḥ ||	e ity āgneye mahāpurāṇe āyudhalakṣaṇādirnāma catuś
3_purana/agp_bi_u.txt	36531	e		pañcacatvāriṃśadadhikadviśatatamo 'dhyāyaḥ ||	e ity āgneye mahāpurāṇe ratnaparīkṣā nāma
3_purana/agp_bi_u.txt	36676	e		ṣaṭtacatvāriṃśadadhikadviśatatamo 'dhyāyaḥ ||	e ity āgneye mahāpurāṇe vāstvādirnāma
3_purana/agp_bi_u.txt	36713	e		saptacatvāriṃśadadhikadviśatatamo 'dhyāyaḥ ||	e ity āgneye mahāpurāṇe puṣpādipūjāphalaṃ nāma
3_purana/agp_bi_u.txt	36877	e		aṣṭacatvāriṃśadadhikadviśatatamo 'dhyāyaḥ ||	e ity āgenye mahāpurāṇe dhanurvedo nāma
3_purana/agp_bi_u.txt	36966	e		nāmonapañcāśadadhikadviśatatamo 'dhyāyaḥ ||	e ity āgneye mahāpurāṇe dhanurvede
3_purana/agp_bi_u.txt	37025	e		dhyāyaḥ ||	e ity āgneye mahāpurāṇe dhanurvedo nāma pañcāśadadhikadviśatatamo
3_purana/agp_bi_u.txt	37183	e		nāmaikapañcāśadadhikadviśatatamo 'dhyāyaḥ ||	e ity āgneye mahāpurāṇe dhanurvedo
3_purana/agp_bi_u.txt	37462	e		dvipañcāśadadhikadviśatatamo 'dhyāyaḥ ||	e ity āgneye mahāpurāṇe vyavahāro nāma
3_purana/agp_bi_u.txt	37584	e		tripañcāśadadhikadviśatatamo 'dhyāyaḥ ||	e ity āgneye mahāpurāṇe vyavahāro nāma
3_purana/agp_bi_u.txt	37794	e		catuḥpañcāśadadhikadviśatatamo 'dhyāyaḥ ||	e ity āgneye mahāpurāṇe divyāni pramāṇāni nāma
3_purana/agp_bi_u.txt	37947	e		pañcapañcāśadadhikadviśatatamo 'dhyāyaḥ ||	e ity āgneye mahāpurāṇe dāyavibhāgo nāma
3_purana/agp_bi_u.txt	38170	e		ṣaṭpañcāśadadhikadviśatatamo 'dhyāyaḥ ||	e ity āgneye mahāpurāṇe sīmāvivādādinirṇayo nāma
3_purana/agp_bi_u.txt	38520	e		saptapañcāśadadhikadviśatatmo 'dhyāyaḥ ||	e ity āgneye mahāpurāṇe vākpāruṣyādiprakaraṇaṃ nāma
3_purana/agp_bi_u.txt	38943	e		nāmāṣṭapañcāśadadhikadviśatatamo 'dhyāyaḥ ||	e ity āgneye mahāpurāṇe ṛgvidhānaṃ
3_purana/agp_bi_u.txt	39313	e		nāmonaṣaṣṭyadhikadviśatatamo 'dhyāyaḥ ||	e ity āgeneye mahāpurāṇe yajurvidhānaṃ
3_purana/agp_bi_u.txt	39434	e		ṣaṣṭyadhikadviśatatamo 'dhyāyaḥ ||	e ity āgneye mahāpurāṇe sāmavidhānaṃ nāma
3_purana/agp_bi_u.txt	39547	e		nāmaikaṣaṣṭyadhikadviśatatamo 'dhyāyaḥ	e ity āgneye mahāpurāṇe atharvavidhānaṃ
3_purana/agp_bi_u.txt	39696	e		dviṣaṣṭyadhikadviśatatamo 'dhyāyaḥ ||	e ity āgneye mahāpurāṇe utpātaśāntirnāma
3_purana/agp_bi_u.txt	39838	e		triṣaṣṭyadhikadviśatatamo 'dhyāyaḥ ||	e ity āgneye mahāpurāṇe devapūjāvaiśvadevabalirnāma
3_purana/agp_bi_u.txt	39925	e		catuḥṣaṣṭhyadhikadviśatatamo 'dhyāyaḥ ||	e ity āgneye mahāpurāṇe dikpālādisnānaṃ nāma
3_purana/agp_bi_u.txt	40021	e		pañcaṣaṣṭyadhikadviśatatamo 'dhyāyaḥ ||	e ity āgneye mahāpurāṇe vināyakasnānaṃ nāma
3_purana/agp_bi_u.txt	40136	e		ṣaṭṣaṣṭyadhikadviśatatamo 'dhyāyaḥ ||	e ity āgneye mahāpurāṇe maheśvarasnānalakṣakoṭihomādayo nāma
3_purana/agp_bi_u.txt	40271	e		saptaṣaṣṭyadhikadviśatatamo 'dhyāyaḥ ||	e ity āgneye mahāpurāṇe nīrājanāvidhirnāma
3_purana/agp_bi_u.txt	40436	e		nāmāṣṭaṣaṣṭhyadhikadviśatatamo 'dhyāyaḥ ||	e ity āgneye mahāpurāṇe chatrādimantrādayaḥ
3_purana/agp_bi_u.txt	40521	e		nāmonasapratyadhikadviśatatamo 'dhyāyaḥ	e ity āgneye mahāpurāṇe viṣṇupañjaraṃ
3_purana/agp_bi_u.txt	40922	e		dvisaptatyadhikadviśatatamo 'dhyāyaḥ	e ity āgneye mahāpurāṇe suryavaṃśakīrtanaṃ nāma
3_purana/agp_bi_u.txt	41029	e		trisaptatyadhikadviśatatamo 'dhyāyaḥ	e ity āgneye mahāpurāṇe somavaṃśavarṇanaṃ nama
3_purana/agp_bi_u.txt	41261	e		catuḥsaptatyadhikadviśatatamo 'dhyāyaḥ	e ity āgneye mahāpurāṇe yaduvaṃśavarṇanaṃ nāma
3_purana/agp_bi_u.txt	41372	e		pañcasaptatyadhikadviśatatamo 'dhyāyaḥ	e ity āgneye mahāpurāṇe dvādaśasaṅgrāmā nāma
3_purana/agp_bi_u.txt	41457	e		ṣaṭsaptatyadhikadviśatatamo 'dhyāyaḥ	e ity āgneye mahāpurāṇe rājavaṃśavarṇanaṃ nāma
3_purana/agp_bi_u.txt	41648	e		saptasaptatyadhikadviśatatamo 'dhyāyaḥ ||	e ity āgneye mahāpurāṇe puruvaṃśavarṇanaṃ nāma
3_purana/agp_bi_u.txt	41934	e		nāmāṣṭsaptatyadhikadviśatatamo 'dhyāyaḥ	e ity āgneye mahāpurāṇe siddhauṣadhāni
3_purana/agp_bi_u.txt	42135	e		nāmonāśītyadhikadviśatatamo 'dhyāyaḥ	e ity āgneye mahāpurāṇe sarvarogaharāṇyauṣadhāni
3_purana/agp_bi_u.txt	42285	e		nāmāśītyadhikadvisatatamo 'dhyāyaḥ ||	e ity āgneye mahāpurāṇe rasādilakṣaṇaṃ
3_purana/agp_bi_u.txt	42352	e		nāmaikāśītyadhikadviśatatamo 'dhyāyaḥ ||	e ity āgneye mahāpurāṇe vṛkṣāyurvedo
3_purana/agp_bi_u.txt	42575	e		dvyaśītyadhikadviśatatamo 'dhyāyaḥ ||	e ity āgneye mahāpurāṇe nānārogaharāṇyauṣadhāni nāma
3_purana/agp_bi_u.txt	42643	e		tryaśītyadhikadviśatatamo 'dhyāyaḥ	e ity āgneye mahāpurāṇe mantrarūpauṣadhakathanaṃ nāma
3_purana/agp_bi_u.txt	42999	e		caturaśītyadhikadviśatatamo 'dhyāyaḥ	e ity āgneye mahāpurāṇe mṛtasañjīvanīkarasiddhayogo nāma
3_purana/agp_bi_u.txt	43116	e		pañcāśītyadhikadviśatatamo 'dhyāyaḥ	e ity āgneye mahāpurāṇe kalpasāgaro nāma
3_purana/agp_bi_u.txt	43267	e		ṣaḍaśītyadhikadviśatatamo 'dhyāyaḥ	e ity āgneye mahāpurāṇe gajacikitsā nāma
3_purana/agp_bi_u.txt	43555	e		saptāśītyadhikadviśatatamo 'dhyāyaḥ ||	e ity āgneye mahāpurāṇe aśvavāhanasāro nāma
3_purana/agp_bi_u.txt	43801	e		nāmāṣṭāśītyadhikadviśatatamo 'dhyāyaḥ	e ity āgneye mahāpurāṇe aśvāyurvedo
3_purana/agp_bi_u.txt	43844	e		dhyāyaḥ ||	e ity āgneye mahāpurāṇe aśvaśāntirnāmonanavatyadhikadviśatatamo
3_purana/agp_bi_u.txt	43958	e		dhyāyaḥ ||	e ity āgneye mahāpurāṇe gajaśāntirnāma navatyadhikadviśatatamo
3_purana/agp_bi_u.txt	44147	e		nāmaikanavatyadhikadviśatatamo 'dhyāyaḥ	e ity āgneye mahāpurāṇe śāntyāyurvedo
3_purana/agp_bi_u.txt	44374	e		dvinavatyadhikadviśatatamo 'dhyāyaḥ	e ity āgneye mahāpurāṇe mantraparibhāṣā nāma
3_purana/agp_bi_u.txt	44561	e		trinavatyadhikadviśatatamo 'dhyāyaḥ	e ity āgneye mahāpurāṇe nāgalakṣaṇadirnāma
3_purana/agp_bi_u.txt	44731	e		caturṇavatyadhikadviśatatamo 'dhyāyaḥ ||	e ity āgneye mahāpurāṇe daṣṭacikitsā nāma
3_purana/agp_bi_u.txt	44830	e		pañcanavatyadhikadviśatatamo 'dhyāyaḥ ||	e ity āgneye mahāpurāṇe pañcāṅgarudravidhānaṃnāma
3_purana/agp_bi_u.txt	44899	e		ṣannavatyadhikadviśatatamo 'dhyāyaḥ	e ity āgneye mahāpuraṇe viṣahṛnmantrauṣadhaṃ nāma
3_purana/agp_bi_u.txt	45004	e		saptanavatyadhikadviśatatamo 'dhyāyaḥ	e ity āgneye mahāpurāṇe gonasādicikitsā nāma
3_purana/agp_bi_u.txt	45244	e		aṣṭanavatyadhikadviṣatatamo 'dhyāyaḥ	e ity āgnaye mahāpurāṇe bālagrahaharaṃ bālatantraṃ nāma
3_purana/agp_bi_u.txt	45395	e		navanavatyadhikadviśatatamo 'dhyāyaḥ ||	e ity āgneye mahāpurāṇe grahahṛnmantrādikaṃ nāma
3_purana/agp_bi_u.txt	45485	e			e ity āgneye mahāpurāṇe sūryārcanaṃ nāma triśatatamo 'dhyāyaḥ
3_purana/agp_bi_u.txt	45611	e		dhyāyaḥ ||	e ity āgneye mahāpurāṇe nānāmantrā nāmaikādhikatriśatatamo
3_purana/agp_bi_u.txt	45688	e		dvyadhikatriśatatamo 'dhyāyaḥ ||	e ity āgneye mahāpurāṇe aṅgākṣarārcanaṃ nāma
3_purana/agp_bi_u.txt	45869	e		tryadhikatriśatatamo 'dhyāyaḥ ||	e ity āgneye mahāpurāṇe pañcākṣarādipūjāmantrā nāma
3_purana/agp_bi_u.txt	45946	e		caturadhikatriśatatamo 'dhyāyaḥ ||	e ity āgneye mahāpurāṇe pañcapañcāśadviṣṇunāmāni nāma
3_purana/agp_bi_u.txt	46045	e		pañcādhikatriśatatamo 'dhyāyaḥ	e ity āgneye mahāpurāṇe nārasiṃhādimantrā nāma
3_purana/agp_bi_u.txt	46199	e		ṣaṣṭhādhikatriśatatamo 'dhyāyaḥ ||	e ity āgneye mahāpurāṇe trailokyamohanamantro nāma
3_purana/agp_bi_u.txt	46318	e		saptādhikatriśatatamo 'dhyāyaḥ	e ity āgneye mahāpurāṇe trailokyamohanīlakṣmyādipūjā nāma
3_purana/agp_bi_u.txt	46407	e		dhyāyaḥ	e ity āgneye mahāpurāṇe tvaritāpūjā nāmāṣṭādhikatriśatatamo
3_purana/agp_bi_u.txt	46595	e		dhyāyaḥ	e ity āgneye mahāpurāṇe tvaritāmantrādirnāma navādhikatriśatatamo
3_purana/agp_bi_u.txt	46764	e		daśādhikatriśatatamo 'dhyāyaḥ	e ity āgneye mahāpurāṇe tvaritāmūlamantro nāma
3_purana/agp_bi_u.txt	46877	e		dhyāyaḥ	e ity āgneye mahāpurāṇe tvaritāvidyā nāmaikādaśādhikatriśatatamo
3_purana/agp_bi_u.txt	47015	e		o au aṃ aḥ | ka kha ga gha ṅa ca cha ja jha ña ṭa ṭha ḍa ḍha ṇa ta	oṃ chaṃ nityaklinne madadrave oṃ oṃ | a ā i ī u ū ṛ ṝ ḷ ḹ e ai
3_purana/agp_bi_u.txt	47024	e		dvādaśādhikatriśatatamo 'dhyāyaḥ ||	e ity āgneye mahāpurāṇe nānāmantrā nāma
3_purana/agp_bi_u.txt	47134	e		trayodaśādhikatriśatatamo 'dhyāyaḥ	e ity āgneye mahāpurāṇe tvaritājñānaṃ nāma
3_purana/agp_bi_u.txt	47219	e		caturdaśādhikatriśatatamo 'dhyāyaḥ	e ity āgneye mahāpurāṇe stambhanādimantrā nāma
3_purana/agp_bi_u.txt	47253	e		pañcadaśādhikatriśatatamo 'dhyāyaḥ	e ity āgneye mahāpurāṇe nānāmantrā nāma
3_purana/agp_bi_u.txt	47412	e		ṣoḍaśādhikatriśatatamo 'dhyāyaḥ	e ity āgneye mahāpurāṇe sakalādimantroddhāro nāma
3_purana/agp_bi_u.txt	47513	e		dhyāyaḥ	e ity āgneye mahāpurāṇe gaṇapūjā nāma saptadaśādhikatriśatatamo
3_purana/agp_bi_u.txt	47568	e		nāmāṣṭādaśādhikatriśatatamo 'dhyāyaḥ	e ity āgneye mahāpurāṇe vāgīśvarīpūjā
3_purana/agp_bi_u.txt	47777	e		nāmonaviṃśatyadhikatriśatatamo 'dhyāyaḥ	e ity āgneye mahāpurāṇe maṇḍalāni
3_purana/agp_bi_u.txt	47848	e		viṃśatyadhikatriśatatamo 'dhyāyaḥ ||	e ity āgneye mahāpurāṇe aghorāstrādiśāntikalpe nāma
3_purana/agp_bi_u.txt	47910	e		pāśupataśāntirnāmaikaviṃśatyadhikatriśatatamo 'dhyāyaḥ	e ity āgneye mahāpurāṇe
3_purana/agp_bi_u.txt	48054	e		dvāviṃśatyadhikatriśatatamo 'dhyāyaḥ	e ity āgneye mahāpurāṇe ṣaḍaṅgānyaghorastrāṇi nāma
3_purana/agp_bi_u.txt	48161	e		trayoviṃśatyadhikatriśatatamo 'dhyāyaḥ ||	e ity āgneye mahāpurāṇe rudraśāntirnāma
3_purana/agp_bi_u.txt	48270	e		caturviṃśatyadhikatriśatatamo 'dhyāyaḥ	e ity āgneye mahāpurāṇe aṃśakādirnāma
3_purana/agp_bi_u.txt	48393	e		pañcaviṃśatyadhikatriśatatamo 'dhyāyaḥ ||	e ity āgneye mahāpurāṇe gauryādipūjā nāma
3_purana/agp_bi_u.txt	48480	e		ṣaḍviṃśatyadhikatriśatatamo 'dhyāyaḥ	e ity āgneye mahāpurāṇe devālayamāhatmyādirnāma
3_purana/agp_bi_u.txt	48503	e		saptaviṃśatyadhikatriśatatamo 'dhyāyaḥ	e ity āgneye mahāpurāṇe chandaḥsāro nāma
3_purana/agp_bi_u.txt	48532	e		nāmāṣṭāviṃśatyadhikatriśatatamo 'dhyāyaḥ	e ity āgneye mahāpurāṇe chandaḥsāro
3_purana/agp_bi_u.txt	48633	e		nāmonatriṃśadadhikatriśatatamo 'dhyāyaḥ ||	e ity āgneye mahāpurāṇe chandaḥsāro
3_purana/agp_bi_u.txt	48720	e		triṃśadadhikatriśatatamo 'dhyāyaḥ	e ity āgneye mahāpurāṇe chandojātinirūpaṇaṃ nāma
3_purana/agp_bi_u.txt	48773	e		nāmaikatriṃśadadhikatriśatatamo 'dhyāyaḥ	e ity āgneye mahāpurāṇe viṣamakathanaṃ
3_purana/agp_bi_u.txt	48810	e		dvātriṃśadadhikatriśatatamo 'dhyāyaḥ	e ity āgneye mahāpurāṇe ardhasamanirūpaṇaṃ nāma
3_purana/agp_bi_u.txt	48951	e		trayastriṃśadadhikatriśatatamo 'dhyāyaḥ	e ity āgneye mahāpurāṇe samavṛttanirūpaṇaṃ nāma
3_purana/agp_bi_u.txt	48982	e		catustriṃśadadhikatriśatatamo 'dhyāyaḥ	e ity āgneye mahāpurāṇe prastāranirūpaṇaṃ nāma
3_purana/agp_bi_u.txt	49086	e		pañcatriṃśadadhikatriśatatamo 'dhyāyaḥ	e ity āgneye mahāpurāṇe śikṣānirūpaṇaṃ nāma
3_purana/agp_bi_u.txt	49259	e		ṣaṭtriṃśadadhikatriśatatamo 'dhyāyaḥ	e ity āgneye mahāpurāṇe alaṅkāre kāvyādilakṣaṇaṃ nāma
3_purana/agp_bi_u.txt	49380	e		saptatriṃśadadhikatriśatatamo 'dhyāyaḥ	e ity āgneye mahāpurāṇe alaṅkāre nāṭakanirūpaṇaṃ nāma
3_purana/agp_bi_u.txt	49609	e		nāmāṣṭatriṃśadadhikatriśatatamo 'dhyāyaḥ ||	e ity āgneye mahāpurāṇe alaṅkāre śṛṅgārādirasanirūpaṇaṃ
3_purana/agp_bi_u.txt	49666	e		nāmonacatvāriṃśadadhikatriśatatamo 'dhyāyaḥ	e ity āgneye mahāpurāṇe alaṅkāre rītinirūpaṇaṃ
3_purana/agp_bi_u.txt	49766	e		nṛtyādāvaṅgakarmanirūpaṇam nāma catvariṃśadadhikatriśatatamo	e ity āgneye mahāpurāṇe alaṅkāre
3_purana/agp_bi_u.txt	49908	e		nāmaikacatvāriṃśadadhikatriśatatamo 'dhyāyaḥ	e ity āgneye mahāpurāṇe alaṅkāre abhinayādinirūpaṇaṃ
3_purana/agp_bi_u.txt	50196	e		nāma dvicatvāriṃśadadhikatriśatatamo 'dhyāyaḥ	e ity āgneye mahāpurāṇe alaṅkāre śabdālaṅkāranirūpaṇaṃ
3_purana/agp_bi_u.txt	50337	e		nāma tricatvāriṃśadadhikatriśatatamo 'dhyāyaḥ	e ity āgneye mahāpurāṇe alaṅkāre arthālaṅkāranirūpaṇaṃ
3_purana/agp_bi_u.txt	50420	e		nāma catuś catvāriṃśadadhikatriśatatamo 'dhyāyaḥ ||	e ity āgneye mahāpurāṇe alaṅkāre śabdarthālaṅkāranirūpaṇaṃ
3_purana/agp_bi_u.txt	50530	e		pañcacatvāriṃśadadhikatriśatatamo 'dhyāyaḥ	e ity āgneye mahāpurāṇe kāvyaguṇaviveko nāma
3_purana/agp_bi_u.txt	50711	e		ṣaṭcatvāriṃśadadhikatriśatatamo 'dhyāyaḥ	e ity āgneye mahāpurāṇe alaṅkāre kāvyadoṣaviveko nāma
3_purana/agp_bi_u.txt	50730	e			e devī ai yoginī syādo brahmā au maheśvaraḥ ||
3_purana/agp_bi_u.txt	50835	e		saptacatvāriṃśadadhikatriśatatamo 'dhyāyaḥ	e ity āgneye mahāpurāṇe ekākṣarābhidhānaṃ nāma
3_purana/agp_bi_u.txt	50857	e		nama jha bha ña gha dha ṣa ja va ga ḍa da śa kha pha cha ṭha tha ca ṭa ta	a i u ṇa ṛ ḷ ka e ṅa ai au ca ha ya va ra ṭa ṇa na ña ma ṅa ṇa
3_purana/agp_bi_u.txt	50871	e		nāmāṣṭacatvāriṃśadadhikatriśatatamo 'dhyāyaḥ	e ity āgneye mahāpurāṇe vyākaraṇe pratyāhāro
3_purana/agp_bi_u.txt	50933	e		nāmonapañcāśadadhikatriśatatamo 'dhyāyaḥ	e ity āgneye mahāpurāṇe vyākaraṇe sandhisiddharūpaṃ
3_purana/agp_bi_u.txt	51238	e		nāma pañcāśadadhikatriśatatamo 'dhyāyaḥ	e ity āgneye mahāpurāṇe vyakaraṇe puṃliṅgaśabdasiddharūpaṃ
3_purana/agp_bi_u.txt	51301	e		nāmaikapañcāśadadhikatriśatatamo 'dhyāyaḥ ||	e ity āgneye mahāpurāṇe vyākaraṇe strīliṅgaśabdasiddharūpaṃ
3_purana/agp_bi_u.txt	51346	e		nāma dvipañcāśadadhikatriśatatamo 'dhyāyaḥ	e ity āgneye mahāpurāṇe vyākaraṇe napuṃsakaśabdasiddharūpaṃ
3_purana/agp_bi_u.txt	51458	e		tripañcāśadadhikatriśatatamo 'dhyāyaḥ	e ity āgneye mahāpurāṇe vyākaraṇe kārakaṃ nāma
3_purana/agp_bi_u.txt	51543	e		catuḥpañcāśadadhikatriśatatamo 'dhyāyaḥ	e ity āgneye mahāpurāṇe vyākaraṇe samāso nāma
3_purana/agp_bi_u.txt	51674	e		pañcapañcāśadadhikatriśatatamo 'dhyāyaḥ	e ity āgneye mahāpurāṇe vyakaraṇe taddhitasiddharūpaṃ nāma
3_purana/agp_bi_u.txt	51736	e		ṣatpañcāśaṭadhikatriśatatamo 'dhyāyaḥ	e ity āgneye mahāpurāṇe vyākaraṇe uṇādisiddharūpaṃ nāma
3_purana/agp_bi_u.txt	51867	e		saptapañcāśadadhikatriśatatamo 'dhyāyaḥ	e ity āgneye mahāpurāṇe vyākaraṇe tiṅsiddharūpaṃ nāma
3_purana/agp_bi_u.txt	51908	e		nāmāṣṭapañcāśadadhikatriśatatamo 'dhyāyaḥ	e ity āgneye mahāpurāṇe vyākaraṇe kṛtsiddharūpaṃ
3_purana/agp_bi_u.txt	52309	e		nāmonaṣaṣṭyadhikatriśatatamo 'dhyāyaḥ	e ity āgneye mahāpurāṇe svargapātālādivargā
3_purana/agp_bi_u.txt	52472	e		ṣaṣṭyadhikatriśatatamo 'dhyāyaḥ	e ity āgneye mahāpurāṇe avyayavargā nāma
3_purana/agp_bi_u.txt	52643	e		namaikaṣaṣṭyadhikatriśatatamo 'dhyāyaḥ	e ity āgneye mahāpurāṇe nānārthavargā
3_purana/agp_bi_u.txt	52968	e		dviṣaṣṭyadhikatriśatatamo 'dhyāyaḥ	e ity āgneye mahāpurāṇe bhūmivanauṣadhyādivargā nāma
3_purana/agp_bi_u.txt	53093	e		dhyāyaḥ	e ity āgneye mahāpurāṇe nṛvargo nāma triṣaṣṭyadhikatriśatatamo
3_purana/agp_bi_u.txt	53148	e		catuḥṣaṣṭyadhikatriśatatamo 'dhyāyaḥ	e ity āgneye mahāpurāṇe brahmavargo nāma
3_purana/agp_bi_u.txt	53353	e		pañcaṣaṣṭyadhikatriśatatamo 'dhyāyaḥ ||	e ity āgneye mahāpurāṇe kṣatraviṭśīdravargā māma
3_purana/agp_bi_u.txt	53476	e		ṣaṭṣaṣṭyadhikatriśatatamo 'dhyāyaḥ ||	e ity āgneye mahāpurāṇe sāmānyanāmaliṅgāni nāma
3_purana/agp_bi_u.txt	53593	e		saptaṣaṣṭyadhikatriśatatamo 'dhyāyaḥ	e ity āgneye mahāpurāṇe nityanaimittikaprākṛtapralayā nāma
3_purana/agp_bi_u.txt	53792	e		nāmāṣṭaṣṭyadhikatriśatatamo 'dhyāyaḥ	e ity āgneye mahāpurāṇe ātyantikalayagarbhotpattinirūpaṇaṃ
3_purana/agp_bi_u.txt	53976	e		saptatyadhikatriśatatamo 'dhyāyaḥ	e ity āgneye mahāpurāṇe śarīrāvayavā nāmo na
3_purana/agp_bi_u.txt	54147	e		saptatyadhikatriśatatamo 'dhyāyaḥ	e ity āgneye mahāpurāṇe narakanirūpaṇaṃ nāma
3_purana/agp_bi_u.txt	54306	e		dhyāyaḥ	e ity āgneye mahāpurāṇe yamaniyamā nāmaikasaptatyadhikatriśatatamo
3_purana/agp_bi_u.txt	54404	e		dvisaptatyadhikatriśatatamo 'dhyāyaḥ	e ity āgneye mahāpurāṇe āsanaprāṇāyāmapratyāhārā nāma
3_purana/agp_bi_u.txt	54559	e		dhyāyaḥ ||	e ity āgneye mahāpurāṇe dhyānaṃ nāma trisaptatyadhikatriśatatamo
3_purana/agp_bi_u.txt	54666	e		catuḥsaptatyadhikatriśatatamo 'dhyāyaḥ ||	e ity āgneye mahāpurāṇe dhāraṇā nāma
3_purana/agp_bi_u.txt	54851	e		dhyāyaḥ	e ity āgneye mahāpurāṇe samādhirnāma pañcasaptatyadhikatriśatatamo
3_purana/agp_bi_u.txt	54956	e		ṣaṭsaptatyadhikatriśatatamo 'dhyāyaḥ	e ity āgneye mahāpurāṇe brahmajñānaṃ nāma
3_purana/agp_bi_u.txt	55055	e		dhyāyaḥ ||	e ity āgneye mahāpurāṇe samādhirnāma saptasaptatyadhikatriśatatamo
3_purana/agp_bi_u.txt	55192	e		nāmāṣṭasaptatyadhikatriśatatamo 'dhyāyaḥ ||	e ity āgneye mahāpurāṇe brahmajñānaṃ
3_purana/agp_bi_u.txt	55516	e		namonāśītyadhikatriśatatamo 'dhyāyaḥ	e ity āgneye mahāpurāṇe advaitavrahmavijñānaṃ
3_purana/agp_bi_u.txt	55768	e		dhyāyaḥ ||	e ity āgneye mahāpurāṇe gītāsāro nāmāśītyadhikatriśatatamo
3_purana/agp_bi_u.txt	55929	e		dhyāyaḥ ||	e ity āgneye mahāpurāṇe yamagītā nāmaikāśītyadhikatriśatatamo
3_purana/agp_bi_u.txt	56232	e		dvyaśītyadhikatriśatatamo 'dhyāyaḥ ||	e ity āgneye mahāpurāṇe āgneyapurāṇamāhātmyaṃ nāma
3_purana/agp_bi_u.txt	56384	e		dhyāyaḥ	e ity āgneye mahāpurāṇe sṛṣṭiprakaraṇaṃ nāma prathamo
3_purana/agp_bi_u.txt	56543	e		dhyāyaḥ	e ity āgneye mahāpurāṇe sṛṣṭiprakaraṇaṃ nāma dvitiyo
3_purana/agp_bi_u.txt	56596	e		dhyāyaḥ	e ity āgneye mahāpurāṇe sṛṣṭiprakaraṇaṃ nāma tritīyo
3_purana/agp_bi_u.txt	56978	e		dhyāyaḥ ||	e ity āgneye mahāpurāṇe sṛṣṭiprakaraṇaṃ nāma caturtho
3_purana/agp_bi_u.txt	57201	e		nāma pañcamo 'dhyāyaḥ ||	e ity āgneye mahāpurāṇe vasiṣṭhasya mitrāvaruṇaputratvakathanaṃ
3_purana/brndp1_u.txt	4387	e			kāryakāraṇayuktāstu e śvaryādvyāpya saṃsthitāḥ |
3_purana/garup1_u.txt	2887	e			u ū e ai kaṭitaṭe o nābhau hṛdi au nyaset ||
3_purana/garup3_u.txt	7701	e			jīvaśca satyaḥ paramātmā ca satyastayorbhedaḥ satye e tatsadāpi |
3_purana/lip_2__u.txt	4467	e			ā ī ū e tathā aṃbānukrameṇātmarūpiṇam ||
3_purana/nardp1_u.txt	19343	e			e vahe maha ādeśā jñeyā hyanye liṅādiṣu ||
3_purana/vamp__u.txt	153	e			e tādṛśe haraḥ kāle maghapṛṣṭhādhivāsinīm |
4_rellit/buddh/divyav_u.txt	26699	e			tilasya bahupūrṇasya bhāṇ | e syādvapanaṃ tathā |
4_rellit/buddh/vinsutru.txt	10544	e			ubhayasthatvam ekasminn e katra pāde parasmin paratra
4_rellit/buddh/vinv_06u.txt	2635	e			cintitam abhūd yaś cāsīt praṇidhir mama | taṃ ṣiddham e
4_rellit/saiva/kubjt_pu.txt	271	e			e kārasaṃyojitaikatvam āpadyase tattvarūpā bhagākāravat sthāyinī
4_rellit/saiva/kubjt_pu.txt	1717	e			e pūrvākṣaracatuṣkaṃ śiromālā nigadyate ||
4_rellit/saiva/kubjt_pu.txt	1975	e			e o madhye samuddhṛtya bindunāda m alaṅkṛtam ||
4_rellit/saiva/kubjt_pu.txt	3145	e			e va randhragataṃ gṛhya kevalaṃ tridaśaṃ punaḥ ||
4_rellit/saiva/kubjt_pu.txt	7583	e			tārā takāram ūrusthā e ai jñānīkriyāv ubhau ||
4_rellit/saiva/kubjt_pu.txt	7805	e			aiṃ haḥ ḷ narakāntasthe haḥ ḹ guhyamahāmbike haḥ e sṛṣṭigate hrūṃ phreṃ phaṭ kṣaḥ ai śrīkulāmbike ||
4_rellit/saiva/kubjt_pu.txt	7875	e			e ū gho | ai ī re | o ba hūṃ | au ka gho | aṃ kha ra | aḥ ga rū |
4_rellit/saiva/kubjt_pu.txt	7887	e			ya śa ra | ra aṃ ra | la ta ra | va e ra |
4_rellit/saiva/kubjt_pu.txt	9563	e			bha bhūtabhayāvali e raudra ekadaṃṣṭra bhairava
4_rellit/saiva/kubjt_pu.txt	9621	e			e karṇamoṭāvali bha mahādevāṅga bhṛkuṭi bhairava
4_rellit/saiva/kubjt_pu.txt	9695	e			e ratnāvali bha pracaṇḍavīra
4_rellit/saiva/kubjt_pu.txt	9753	e			bha nidrāvali e durjayavīra
4_rellit/saiva/kubjt_pu.txt	10687	e			sa gra kaṃ mu aka ha lo hi e hi e ya rā śva me ra ||
4_rellit/saiva/kubjt_pu.txt	10687	e			sa gra kaṃ mu aka ha lo hi e hi e ya rā śva me ra ||
4_rellit/saiva/kubjt_pu.txt	10875	e			e jhaṇṭīśo dhapaṅktis tu dvijabhūto vyavasthitaḥ ||
4_rellit/saiva/kubjt_pu.txt	10893	e			e ai jānū kriyā jñānī tārā takāram ūrugā |
4_rellit/saiva/malinivu.txt	1421	e			e ai adhordhvadanteṣu oaukārau tathoṣṭhayoḥ
5_poetry/1_natya/bharnatu.txt	9061	e			tatra svarāścaturdaśa | a ā i ī u ū ṛ ṝ ḷ ḹ e ai
5_poetry/1_natya/bharnatu.txt	9087	e			prāk ardhavisargasadṛśo jihvamūlīyaḥ | e ai kaṇṭhyatālavyau |
5_poetry/2_kavya/jaygit2u.txt	83	e			śritakamalākucamaṇḍala dhṛtakuṇḍala e
5_poetry/2_kavya/jaygit2u.txt	91	e			bhavakhaṇḍana e
5_poetry/2_kavya/jaygit2u.txt	99	e			janarañjana e
5_poetry/2_kavya/jaygit2u.txt	107	e			garuḍāsana e |
5_poetry/2_kavya/jaygit2u.txt	115	e			bhavamocana e
5_poetry/2_kavya/jaygit2u.txt	123	e			jitadūṣaṇa e
5_poetry/2_kavya/jaygit2u.txt	131	e			dhṛtamandara e
5_poetry/2_kavya/jaygit2u.txt	139	e			iti bhāvaya e
5_poetry/2_kavya/jaygit2u.txt	147	e			kurute mudam e
5_poetry/4_narr/sokss_pu.txt	46301	e			kapotā nabhasā gantuṃ bhītāḥ prārebhir e 'khilāḥ ||
5_poetry/4_narr/sokss_pu.txt	49065	e			na ca te lebhir e kṣīraṃ kurvanto 'pi pariśramam |
5_poetry/4_narr/sokss_pu.txt	80961	e			gantuṃ prārebhir e devāḥ svadhiṣṇyānyṛṣayas tathā ||
5_poetry/5_subhas/msubhs_u.txt	27323	e			uddāmārkāṃśudīpyaddinamaṇimaṇibhirbhasmitānt e samantād vāyuvyādhūyamānajvalanakaṇagaṇākīrṇadhūl iprakīrṇe |
6_sastra/3_phil/buddh/nagvigvu.txt	639	e			sa eṣa hetuḥ traikālye pratiṣedhavācī sa tūktottaraḥ pratyavamantaḥ | kasmāt sādhyasamatvāt | yathā hi pratiṣedhas traikālye nopapady | e pratiṣedhapratiṣedhe 'pi | tasmāt pratiṣedhapratiṣedhye 'sati bhavān manyate pratiṣedhaḥ pratisiddha iti tan na | yataś caiṣa trikālapratiṣedhavācī hetur eṣa eva śūnyatāvādināṃ prāptaḥ sarvabhāvasvabhāvapratiṣedhakatvān na bhavataḥ |
6_sastra/3_phil/buddh/nagvigvu.txt	647	e			atha manyase triṣv api kāleṣu dṛṣṭaḥ pūrvakālīno 'pi hetuḥ uttarakālīno 'pi | yugapatkālīno 'pi hetuḥ | kathaṃ pūrvakalīnaḥ | yathā pitā putrasya tvadvacanena paścātkālīnaḥ | yathā śiṣyācāryasya yugapatkālīnaḥ yathā pradīpaḥ prakāśasyeti || atra brūmaḥ | na caitad eva yuktā hy etasmiṃ traye pūrvadoṣaḥ || api ca punaḥ yady evaṃ kamaḥ | pratiṣedhasadbhāvas tvayābhyupagamyate | pratijñāhāniś ca te bhavati | e svabhā | edho 'pi si bhavatīti |
6_sastra/3_phil/saiva/tantralu.txt	1339	e			e tantrālokebhinavaracitemutra vijñānasattābhedodgāraprakaṭanapaṭāvāhnikesminsamāptiḥ |
6_sastra/4_dharma/smrti/brhasppu.txt	2729	e			svasākṣyeṇa e na niyojyāḥ syur vidhiḥ pratibhuvām ayam ||
6_sastra/5_artha/kautil_u.txt	75	e			kauṭilyena kṛtaṃ śāstraṃ vimukta | grantha | vistaram || e
6_sastra/5_artha/kautil_u.txt	101	e			āśrayaḥ sarva | dharmāṇāṃ śaśvad ānvīkṣikī matā || e
6_sastra/5_artha/kautil_u.txt	139	e			trayyā abhirakṣito lokaḥ prasīdati na sīdati || e
6_sastra/5_artha/kautil_u.txt	173	e			svadharma | karma | abhirato vartate sveṣu vartmasu || e
6_sastra/5_artha/kautil_u.txt	209	e			ananyāṃ pṛthivīṃ bhuṅkte sarva | bhūta | hite rataḥ || e
6_sastra/5_artha/kautil_u.txt	237	e			ambarīṣaś ca nābhāgo bubhujāte ciraṃ mahīm || e
6_sastra/5_artha/kautil_u.txt	257	e			kurvīta sacivāṃs tasmāt teṣāṃ ca śṛṇuyān matam || e
6_sastra/5_artha/kautil_u.txt	319	e			amātyāḥ sarva eva ete kāryāḥ syur na tu mantriṇaḥ || e
6_sastra/5_artha/kautil_u.txt	343	e			jayaty ajitam atyantaṃ śāstra | anugama | śastritam || e
6_sastra/5_artha/kautil_u.txt	393	e			śauca | aśaucam amātyānāṃ rājā mārgeta sattribhiḥ || e
6_sastra/5_artha/kautil_u.txt	439	e			jānīyuḥ śaucam ity etāḥ pañca | saṃsthāḥ prakīrtitāḥ || e
6_sastra/5_artha/kautil_u.txt	503	e			para | apasarpa | jñāna | arthaṃ mukhyān anteṣu vāsayet || e
6_sastra/5_artha/kautil_u.txt	557	e			para | upajāpāt samrakṣet pradhānān kṣudrakān api || e
6_sastra/5_artha/kautil_u.txt	587	e			akṛtyān bheda | daṇḍābhyāṃ para | doṣāṃś ca darśayan || e
6_sastra/5_artha/kautil_u.txt	719	e			evam aśruta | śāstra | artho na mantraṃ śrotum arhati || e
6_sastra/5_artha/kautil_u.txt	797	e			pratidūta | apasarpābhyāṃ dṛśya | adṛśyaiś ca rakṣibhiḥ || e
6_sastra/5_artha/kautil_u.txt	907	e			arāja | vyasana | ābādhaḥ śaśvad āvasati kṣitim || e
6_sastra/5_artha/kautil_u.txt	941	e			ekastham atha samrundhyāt putravāṃs tu pravāsayet || e
6_sastra/5_artha/kautil_u.txt	1077	e			nirgacched abhigacched vā mudrā | saṃkrānta | bhūmikam || e
6_sastra/5_artha/kautil_u.txt	1151	e			tathā ayam anya | ābādhebhyo rakṣed ātmānam ātmavān || e
6_sastra/5_artha/kautil_u.txt	1239	e			rakṣet pūrva | kṛtān rājā navāṃś ca abhipravartayet || e
6_sastra/5_artha/kautil_u.txt	1275	e			sarveṣāṃ karmaṇā vīryaṃ javas tejaś ca vardhate || e
6_sastra/5_artha/kautil_u.txt	1351	e			uṣṭra | grīvyo agni | samyogāḥ kupya | kalpe ca yo vidhiḥ || e
6_sastra/5_artha/kautil_u.txt	1417	e			kṣipej jana | pade ca etān sarvān vā dāpayet karān || e
6_sastra/5_artha/kautil_u.txt	1465	e			yathā pṛṣṭo na sajjeta vyaye śeṣe ca saṃcaye || e
6_sastra/5_artha/kautil_u.txt	1523	e			hrāsaṃ vyayasya ca prājñaḥ sādhayec ca viparyayam || e
6_sastra/5_artha/kautil_u.txt	1611	e			mahā | upakāraṃ ca adhyakṣaṃ pragraheṇa abhipūjayet || e
6_sastra/5_artha/kautil_u.txt	1687	e			abhiyukta | upajāpāt tu sūcako vadham āpnuyāt || e
6_sastra/5_artha/kautil_u.txt	1769	e			nitya | adhikārāḥ kāryās te rājñaḥ priya | hite ratāḥ || e
6_sastra/5_artha/kautil_u.txt	1921	e			kauṭilyena nara | indra | arthe śāsanasya vidhiḥ kṛtaḥ || e
6_sastra/5_artha/kautil_u.txt	2159	e			deśa | kāla | parībhogaṃ hiṃsrāṇāṃ ca pratikriyām || e
6_sastra/5_artha/kautil_u.txt	2243	e			pṛthivī kośa | daṇḍābhyāṃ prāpyate kośa | bhūṣaṇā || e
6_sastra/5_artha/kautil_u.txt	2369	e			mano | netra | abhirāmaṃ ca tapanīya | guṇāḥ smṛtāḥ || e
6_sastra/5_artha/kautil_u.txt	2479	e			parīkṣeta atyayaṃ ca eṣāṃ yathā | uddiṣṭaṃ prakalpayet || e
6_sastra/5_artha/kautil_u.txt	2609	e			mṛt | kāṣṭha | koṣṭhāḥ snehasya pṛthivī lavaṇasya ca || e
6_sastra/5_artha/kautil_u.txt	2661	e			yato lābhas tato gacched alābhaṃ parivarjayet || e
6_sastra/5_artha/kautil_u.txt	2697	e			ājīva | pura | rakṣā | arthāḥ kāryāḥ kupya | upajīvinā || e
6_sastra/5_artha/kautil_u.txt	2739	e			kṣaya | vyayau ca jānīyāt kupyānām āyudha | īśvaraḥ || e
6_sastra/5_artha/kautil_u.txt	2969	e			grīṣme janayataḥ pūrvaṃ pañca | abda | ante ca paścimam || e
6_sastra/5_artha/kautil_u.txt	3033	e			mahā | upakāram ucchulkaṃ kuryād bījaṃ ca durlabham || e
6_sastra/5_artha/kautil_u.txt	3065	e			paṇyānāṃ sthāpayec śuklam atyayaṃ ca apakārataḥ || e
6_sastra/5_artha/kautil_u.txt	3105	e			sāmnāhyā bandha | nīyāś ca yāna | yugyasya karayet || e
6_sastra/5_artha/kautil_u.txt	3183	e			anagnikāḥ saudakāś ca khale syuḥ parikarmiṇaḥ || e
6_sastra/5_artha/kautil_u.txt	3265	e			tathā vaidharaṇaṃ kuryād ucitaṃ ca anuvartayet || e
6_sastra/5_artha/kautil_u.txt	3295	e			anyatra gupti | sthānebhyo vadha | bandham avāpnuyuḥ || e
6_sastra/5_artha/kautil_u.txt	3357	e			cāra | ghāta | pramāda | arthaṃ prayojyā bandhu | vāhanāḥ || e
6_sastra/5_artha/kautil_u.txt	3413	e			kārmikaḥ pratyayaṃ dadyān nityaṃ ca āhnikam āvahet || e
6_sastra/5_artha/kautil_u.txt	3513	e			śatyaṃ go | mahiṣa | uṣṭrāṇāṃ yūthaṃ kuryāc catur | vṛṣam || e
6_sastra/5_artha/kautil_u.txt	3617	e			yātrā | ādāv avasāne vā vyādhau vā śāntike rataḥ || e
6_sastra/5_artha/kautil_u.txt	3705	e			abde dvy | ardhe nadī | jānāṃ pañca | abde parvata | okasām || e
6_sastra/5_artha/kautil_u.txt	3729	e			sthāne yāne praharaṇe sainyānāṃ vinaye rataḥ || e
6_sastra/5_artha/kautil_u.txt	3755	e			sārtha | ativāhyaṃ go | rakṣyaṃ vyavahāraṃ ca kārayet || e
6_sastra/5_artha/kautil_u.txt	3787	e			cintayeyuś ca saṃsthās tāḥ saṃsthāś ca anyāḥ sva | yonayaḥ || e
6_sastra/5_artha/kautil_u.txt	3885	e			putra | janmani vā mokṣo bandhanasya vidhīyate || e
6_sastra/5_artha/kautil_u.txt	4001	e			cāra | hastāc ca niṣpāte pradeṣṭavyaḥ parājayaḥ || e
6_sastra/5_artha/kautil_u.txt	4099	e			prāṇa | abhihantā patitas tyājyaḥ klībo api vā patiḥ || e
6_sastra/5_artha/kautil_u.txt	4165	e			strī | dhana | ānīta | śulkānām asvāmyaṃ jāyate striyāḥ || e
6_sastra/5_artha/kautil_u.txt	4251	e			jāra | strī | dātṛ | vettāraḥ samprāptāḥ saṃgraha | atyayam || e
6_sastra/5_artha/kautil_u.txt	4317	e			sṛjeyur bāndhavāḥ putrāṃs teṣām aṃśān prakalpayet || e
6_sastra/5_artha/kautil_u.txt	4367	e			mātṛ | bandhuḥ sagotro vā tasmai tat pradiśed dhanam || e
6_sastra/5_artha/kautil_u.txt	4449	e			ucitas tasya tena eva dāya | dharmaṃ prakalpayet || e
6_sastra/5_artha/kautil_u.txt	4507	e			vivṛtānāṃ ca sarveṣāṃ sāmānyo bhoga iṣyate || e
6_sastra/5_artha/kautil_u.txt	4585	e			vāre vā toyam anyeṣāṃ pramādena uparundhataḥ || e
6_sastra/5_artha/kautil_u.txt	4679	e			grāma | śobhāś ca rakṣāś ca teṣāṃ priya | hitaṃ caret || e
6_sastra/5_artha/kautil_u.txt	4781	e			dūrasthān aprasārān vā svāmi | vākyena sādhayet || e
6_sastra/5_artha/kautil_u.txt	4889	e			sve pare vā jane kāryaṃ deśa | kāla | agra | varṇataḥ || e
6_sastra/5_artha/kautil_u.txt	4965	e			atiyācnā tu jīyeta daurmatya | avinayena vā || e
6_sastra/5_artha/kautil_u.txt	5045	e			adoṣas tyaktum anyonyaṃ karma | saṃkara | niścayāt || e
6_sastra/5_artha/kautil_u.txt	5083	e			dāne kraye vā anuśayaṃ tathā kuryuḥ sabhāsadaḥ || e
6_sastra/5_artha/kautil_u.txt	5169	e			dharmo hy adharma | upahataḥ śāstāraṃ hanty upekṣitaḥ || e
6_sastra/5_artha/kautil_u.txt	5205	e			rūpa | vyājyāv adharmiṣṭhe dharmyā tu prakṛtiḥ smṛtā || e
6_sastra/5_artha/kautil_u.txt	5231	e			ākrośād deva | caityānām uttamaṃ daṇḍam arhati || e
6_sastra/5_artha/kautil_u.txt	5293	e			ta eva dvi | guṇā daṇḍāḥ kāryā rāja | vaneṣu ca || e
6_sastra/5_artha/kautil_u.txt	5343	e			samāḥ sarveṣu bhāveṣu viśvāsyā loka | sampriyāḥ || e
6_sastra/5_artha/kautil_u.txt	5475	e			bhikṣukān kuhakāṃś ca anyān vārayed deśa | pīḍanāt || e
6_sastra/5_artha/kautil_u.txt	5549	e			vyayān anyāṃś ca saṃkhyāya sthāpayed argham arghavit || e
6_sastra/5_artha/kautil_u.txt	5639	e			vaseyuḥ pūjitā rājñā daiva | āpat | pratikāriṇaḥ || e
6_sastra/5_artha/kautil_u.txt	5687	e			pravāsyā niṣkraya | arthaṃ vā dadyur doṣa | viśeṣataḥ || e
6_sastra/5_artha/kautil_u.txt	5725	e			sarvajña | khyāpanaṃ rājñaḥ kārayan rāṣṭra | vāsiṣu || e
6_sastra/5_artha/kautil_u.txt	5789	e			kuryān nāgarikaś ca antar | durge nirdiṣṭa | hetubhiḥ || e
6_sastra/5_artha/kautil_u.txt	5857	e			yājana | adhyāpanād yaunāt taiś ca anyo api samācaran || e
6_sastra/5_artha/kautil_u.txt	5917	e			kuryān nirviṣayaṃ rājā vāsayed ākareṣu vā || e
6_sastra/5_artha/kautil_u.txt	5981	e			śodhayeyuś ca śuddhās te paura | jānapadān damaiḥ || e
6_sastra/5_artha/kautil_u.txt	6021	e			rājñaś ca prakṛtīnāṃ ca kalpayed antarā sthitaḥ || e
6_sastra/5_artha/kautil_u.txt	6075	e			akliṣṭānāṃ tu pāpānāṃ dharmyaḥ śuddha | vadhaḥ smṛtaḥ || e
6_sastra/5_artha/kautil_u.txt	6159	e			īdṛśīṃ tv anurūpeṇa niṣkrayeṇa apavāhayet || e
6_sastra/5_artha/kautil_u.txt	6251	e			śāstā hi varuṇo rājñāṃ mithyā vyācaratāṃ nṛṣu || e
6_sastra/5_artha/kautil_u.txt	6369	e			āyatyāṃ ca tadātve ca kṣamāvān aviśaṅkitaḥ || e
6_sastra/5_artha/kautil_u.txt	6509	e			ātmac | cheda | bhayād āmaṃ varjayet kopa | kārakam || e
6_sastra/5_artha/kautil_u.txt	6605	e			daṇḍa | vṛddhāś ca jānīyuḥ śauca | aśaucam atandritāḥ || e
6_sastra/5_artha/kautil_u.txt	6641	e			abhihāsyeṣv abhihased ghora | hāsāṃś ca varjayet || e
6_sastra/5_artha/kautil_u.txt	6653	e			saputra | dāraṃ rājā tu ghātayed ardhayeta vā || e
6_sastra/5_artha/kautil_u.txt	6689	e			tato bhartari jīve vā mṛte vā punar āvrajet || e
6_sastra/5_artha/kautil_u.txt	6795	e			labheta labdhvā dūṣyeṣu dāṇḍakarmikam ācaret || e
6_sastra/5_artha/kautil_u.txt	6843	e			nayajñaḥ pṛthivīṃ kṛtsnāṃ jayaty eva na hīyate || e
6_sastra/5_artha/kautil_u.txt	6931	e			ucchedyaḥ pīḍanīyo vā balavān api jāyate || e
6_sastra/5_artha/kautil_u.txt	7019	e			paryeṣeta kṣayāt sthānaṃ sthānād vṛddhiṃ ca karmasu || e
6_sastra/5_artha/kautil_u.txt	7071	e			priyo yasya sa taṃ gacched ity āśraya | gatiḥ parā || e
6_sastra/5_artha/kautil_u.txt	7173	e			ābalīyasikāḥ kāryās trividhā hīna | saṃdhayaḥ || e
6_sastra/5_artha/kautil_u.txt	7227	e			vilopo vā yathā | lābhaṃ prakṣepa | sama eva vā || e
6_sastra/5_artha/kautil_u.txt	7353	e			api jīyeta na jayen maṇḍala | iṣṭas tathā bhavet || e
6_sastra/5_artha/kautil_u.txt	7453	e			yoga | gūḍha | upajāpa | arthaṃ tūṣṇīṃ | yuddhasya lakṣaṇam || e
6_sastra/5_artha/kautil_u.txt	7519	e			tato vitarkya | ubhayato yataḥ śreyaś tato vrajet || e
6_sastra/5_artha/kautil_u.txt	7589	e			sama | hīna | viśiṣṭānām ity uktāḥ saṃdhi | vikramāḥ || e
6_sastra/5_artha/kautil_u.txt	7721	e			sva | artha | siddhi | paro yāyāt saṃhitaḥ sāmavāyikaiḥ || e
6_sastra/5_artha/kautil_u.txt	7799	e			saṃhitebhyaḥ parebhyaś ca viśeṣam adhigacchati || e
6_sastra/5_artha/kautil_u.txt	7891	e			labhamāno atisaṃdhatte śāstravit sāmavāyikān || e
6_sastra/5_artha/kautil_u.txt	7959	e			karma labdhvā viśiṣṭaḥ syād ity uktāḥ karma | saṃdhayaḥ || e
6_sastra/5_artha/kautil_u.txt	8067	e			nihsaṃśayaṃ vipadyante bhinna | plava iva udadhau || e
6_sastra/5_artha/kautil_u.txt	8129	e			sampannaḥ pratinirgacchet para | avagraham ātmanaḥ || e
6_sastra/5_artha/kautil_u.txt	8201	e			varteta daṇḍa | upanato bhartary evam avasthitaḥ || e
6_sastra/5_artha/kautil_u.txt	8273	e			bhavanty anuguṇā rājñaḥ putra | pautra | anuvartinaḥ || e
6_sastra/5_artha/kautil_u.txt	8395	e			śīghra | pātair apasared gūḍha | praṇihitaiḥ saha || e
6_sastra/5_artha/kautil_u.txt	8513	e			sa buddhi | nigalair baddhair iṣṭaṃ krīḍati pārthivaiḥ || e
6_sastra/5_artha/kautil_u.txt	8645	e			vyasanaṃ tad garīyaḥ syāt pradhānasya itarasya vā || e
6_sastra/5_artha/kautil_u.txt	8699	e			pāramparya | krameṇa uktaṃ yāne sthāne ca kāraṇam || e
6_sastra/5_artha/kautil_u.txt	8833	e			parityajen mūla | haraṃ vṛddha | sevī jita | indriyaḥ || e
6_sastra/5_artha/kautil_u.txt	8935	e			yateta deśa | vṛddhy | arthaṃ nāśe ca stambha | saṅgayoḥ || e
6_sastra/5_artha/kautil_u.txt	9021	e			utpannān vā praśamayed guṇair doṣa | upaghātibhiḥ || e
6_sastra/5_artha/kautil_u.txt	9127	e			dīrghāḥ kārya | gurutvād vā varṣā | vāsaḥ paratra ca || e
6_sastra/5_artha/kautil_u.txt	9193	e			vibhavena sva | sainyānāṃ kuryād aṅga | vikalpaśaḥ || e
6_sastra/5_artha/kautil_u.txt	9283	e			rakṣyāḥ svebhyaḥ parebhyaś ca nityam ātmā vipaścitā || e
6_sastra/5_artha/kautil_u.txt	9345	e			arthair arthā prabadhyante gajāḥ prajigajair iva || e
6_sastra/5_artha/kautil_u.txt	9411	e			utthitāṃ balavadbhyo vā gurvīṃ laghvīṃ viparyaye || e
6_sastra/5_artha/kautil_u.txt	9559	e			ghātayet para | miśrāyāṃ viśvāsena āmiṣeṇa ca || e
6_sastra/5_artha/kautil_u.txt	9729	e			tasyām ātharvaṇaṃ karma siddha | ārambhāś ca siddhayaḥ || e
6_sastra/5_artha/kautil_u.txt	9765	e			yāyād vardhaki | viṣṭibhyām udakāni ca kārayet || e
6_sastra/5_artha/kautil_u.txt	9811	e			sva | bhumau pṛṣṭhataḥ kṛtvā yudhyeta niviśeta ca || e
6_sastra/5_artha/kautil_u.txt	9929	e			adhāryo jāyate vegas tasmād bhagnaṃ na pīḍayet || e
6_sastra/5_artha/kautil_u.txt	9967	e			khara | uṣṭra | śakaṭānāṃ vā garbham alpa | gajas tathā || e
6_sastra/5_artha/kautil_u.txt	10087	e			bhinna | saṃghātanaṃ tasmān na yudhyeta apratigrahaḥ || e
6_sastra/5_artha/kautil_u.txt	10197	e			prajñānena tu matiḥ kṣiptā hanyād garbha | gatān api || e
6_sastra/5_artha/kautil_u.txt	10311	e			dānto yukta | janas tiṣṭhet sarva | citta | anuvartakaḥ || e
6_sastra/5_artha/kautil_u.txt	10377	e			rakṣet sva | dehaṃ na dhanaṃ kā hy anitye dhane dayā || e
6_sastra/5_artha/kautil_u.txt	10445	e			daheyus tāṃś ca hanyur vā brūyur asya ārta | vādinaḥ || e
6_sastra/5_artha/kautil_u.txt	10489	e			yathā āsannasya mokṣa | arthaṃ sarva | svena tad | arpaṇam || e
6_sastra/5_artha/kautil_u.txt	10549	e			amitram atisaṃdadhyāt saktam uktāsu bhūmiṣu || e
6_sastra/5_artha/kautil_u.txt	10655	e			tūrya | saṃjñābhir āhūya dviṣat | śeṣāṇi ghātayet || e
6_sastra/5_artha/kautil_u.txt	10703	e			sācivyaṃ kāryam ity etad upajāpād bhūtaṃ mahat || e
6_sastra/5_artha/kautil_u.txt	10811	e			prahareyur ariṃ tīkṣṇāḥ pūrva | praṇihitaiḥ saha || e
6_sastra/5_artha/kautil_u.txt	10933	e			ghātayed iti corāṇām apasarpāḥ prakīrtitāḥ || e
6_sastra/5_artha/kautil_u.txt	11063	e			avamardaś ca pañca ete durga | lambhasya hetavaḥ || e
6_sastra/5_artha/kautil_u.txt	11113	e			pravartayen na ca adharmyaṃ kṛtaṃ ca anyair nivartayet || e
6_sastra/5_artha/kautil_u.txt	11207	e			agnaye svāhā | somāya svāhā | bhūḥ svāhā bhuvaḥ svāhā || e
6_sastra/5_artha/kautil_u.txt	11281	e			pīlumayo maṇir agni | garbhaḥ suvarcalā | mūla | granthiḥ sūtra | granthir vā picu | pariveṣṭito mukhyād agni | dhūma | utsargaḥ || e
6_sastra/5_artha/kautil_u.txt	11307	e			ārājyāya iti nirvādaḥ samānaḥ kopa ucyate || e
6_sastra/5_artha/kautil_u.txt	11535	e			upahanyād amitrāṃs taiḥ sva | janaṃ ca abhipālayet || e
6_sastra/5_artha/kautil_u.txt	11567	e			amitreṣu prayuñjīta viṣa | dhūma | ambu | dūṣaṇān || e
6_sastra/6_kama/kamasutu.txt	2623	e			e || dīrgha kāla udayāṃ yātrāṃ proṣite cāpi rājani |
6_sastra/8_jyot/brhajj_u.txt	1369	e			udvāhe | varaṇa | vidhau | pradāna | kāle | cintāyām | api | sakalaṃ | vidheyam | etat | e
1_veda/4_upa/chup___u.txt	1439	m			paśyema tvā vayaṃ rā hu m ā jyā yo ā iti ||
1_veda/4_upa/chup___u.txt	1461	m			paśyema tvā vayaṃ vairā hu m ā jyā yo ā iti ||
1_veda/5_vedang/1_srauta/vaitss_u.txt	1107	m			tam indraṃ vājayāmasi mahā | m indro ya ojasā iti stotriyānurupau | uttarau vā ||
1_veda/5_vedang/1_srauta/vaitss_u.txt	1413	m			citraṃ devānām ud agād anīkam tat sūryasya devatvaṃ tan mahitvam iti pṛṣṭhastotriyānurūpau | baṇ mahā | m asi sūrya śrāyanta iva sūryam iti vā | indra kratuṃ na ā bhara indra jyeṣṭhaṃ na ā bhara iti vā ||
1_veda/5_vedang/1_srauta/vaitss_u.txt	1429	m			chandomeṣu indrā yāhi citrabhāno tam indraṃ vājayāmasi mahā | m indro ya ojasā ity ājyastotriyāḥ ||
1_veda/5_vedang/1_srauta/vaitss_u.txt	1433	m			vayaṃ gha tvā sutāvantaḥ ity ādi baṇ mahā | m asi sūrya ityantāḥ pṛṣṭhastotriyānurūpau ||
1_veda/5_vedang/1_srauta/vaitss_u.txt	1435	m			uttarayor aṣṭarcam ā satyo yātu maghavā | m ṛjīṣī iti cāvapate ||
1_veda/5_vedang/1_srauta/vaitss_u.txt	1673	m			pratipraśne yasyānakṣā duhitā jātvāsa kas tāṃ vidvā | m abhi manyāte andhām | kataro meniṃ prati taṃ muñcāte ya īṃ vahāte ya īṃ vā vareyāt iti ||
1_veda/5_vedang/1_srauta/vaitss_u.txt	1773	m			tṛtīyeṣu mahā | m indro ya ojasā abhi pra vaḥ surādhasam evā hy asi vīrayuḥ iti ||
1_veda/5_vedang/1_srauta/vaitss_u.txt	1779	m			caturtheṣu mahā | m indro ya ojasā ya eka id vidayate iti ||
1_veda/5_vedang/1_srauta/vaitss_u.txt	1813	m			aṣṭame mahā | m indro ya ojasā iti ||
1_veda/5_vedang/2_grhya/kaussu_u.txt	171	m			ṛtaṃ tvā satyena pariṣiñcāmi jātavedaḥ iti saha havirbhiḥ paryukṣya jīvābhir ācamya utthāya vedaprapadbhiḥ prapadyate o | m prapadye bhūḥ prapadye bhuvaḥ prapadye svaḥ prapadye janat prapadye iti
1_veda/5_vedang/2_grhya/kaussu_u.txt	205	m			dakṣiṇapūrvārdhe somāya tvaṃ soma divyo nṛcakṣāḥ sugā | m asmabhyaṃ patho anu khyaḥ | abhi no gotraṃ viduṣa iva neṣo 'chā no vācam uśatīṃ jigāsi || somāya svāhā iti
1_veda/5_vedang/2_grhya/kaussu_u.txt	4071	m			atha prāśnāti | bhadrān naḥ śreyaḥ sam anaiṣṭa devās tvayāvasena sam aśīmahi tvā | sa naḥ pito madhumā | m ā viveśa śivas tokāya tanvo na ehi iti
1_veda/5_vedang/2_grhya/kaussu_u.txt	4987	m			mano nv ā hvāmahe nārāśaṃsena stomena | pitṝṇāṃ ca manmabhiḥ || ā na etu manaḥ punaḥ kratve dakṣāya jīvase | jyok ca sūryaṃ dṛśe || punar naḥ pitaro mano dadātu daivyo janaḥ | jīvaṃ vrātaṃ sacemahi || vayaṃ soma vrate tava manas tanūṣu bibhrataḥ prajāvantaḥ sacemahi || ye sajātāḥ sumanaso jīvā jīveṣu māmakāḥ | teṣā | m śrīr mayi kalpatām asmin goṣṭhe śata | m samāḥ etc | iti
1_veda/5_vedang/2_grhya/kaussu_u.txt	4987	m			mano nv ā hvāmahe nārāśaṃsena stomena | pitṝṇāṃ ca manmabhiḥ || ā na etu manaḥ punaḥ kratve dakṣāya jīvase | jyok ca sūryaṃ dṛśe || punar naḥ pitaro mano dadātu daivyo janaḥ | jīvaṃ vrātaṃ sacemahi || vayaṃ soma vrate tava manas tanūṣu bibhrataḥ prajāvantaḥ sacemahi || ye sajātāḥ sumanaso jīvā jīveṣu māmakāḥ | teṣā | m śrīr mayi kalpatām asmin goṣṭhe śata | m samāḥ etc | iti
1_veda/5_vedang/2_grhya/kaussu_u.txt	5077	m			madhu vātā ṛtāyate madhu kṣaranti sindhavaḥ | mādhvīr gāvo bhavantu naḥ || madhu naktam utoṣaso madhumat pārthivaṃ rajaḥ | mādhvīr naḥ santv oṣadhīḥ || madhumān no vanaspatir madhumā | m astu sūryaḥ | madhu dyaur astu naḥ pitā ||
1_veda/5_vedang/2_grhya/kaussu_u.txt	5339	m			apeta etu nirṛtir nehāsyā api kiṃ cana | apāsyāḥ satvanaḥ pāśān mṛtyūn ekaśataṃ nude || ye te pāśā ekaśataṃ mṛtyo martyāya hantave | tāṃs te yajñasya māyayā sarvā | m apa yajāmasi || nir ito yantu nairṛtyā mṛtyava ekaśataṃ paraḥ sedhāmaiṣāṃ yat tamaḥ prāṇaṃ jyotiś ca dadhmahe || ye te śataṃ varuṇa ye sahasraṃ yajñiyāḥ pāśā vitatā mahāntaḥ | tebhyo asmān varuṇaḥ soma indro viśve muñcantu marutaḥ svarkāḥ || brahma bhrājad udagād antarikṣaṃ divaṃ ca brahmāvādhūṣṭāmṛtena mṛtyum | brahmopadraṣṭā sukṛtasya sākṣād brahmāsmad apa hantu śamalaṃ tamaś ca ||
1_veda/5_vedang/2_paris/avpari_u.txt	183	m			ṛgvedo yajurvedaḥ sāmavedo brahmavedaḥ śikṣā kalpo vyākaraṇaṃ niruktaṃ chando jyotiṣam itihāsapurāṇaṃ vākovākya m idāvatsaraḥ parivatsaraḥ saṃvatsaro daśamaṃ śītoṣṇe ekādaśadvādaśe
1_veda/5_vedang/3_pratis/rgvidh_u.txt	503	m			nāsatyau | tu | namas | kṛtvā | parā | m | ṛddhim | avāpnuyāt ||
2_epic/mbh/mbh_02_u.txt	16629	m			na m indrajālena ca mohanena
2_epic/mbh/mbh_07_u.txt	43513	m			matsyaiś ca somakaiś caiva sahito m abhyayāt
2_epic/mbh/mbh_07_u.txt	43665	m			guruputrāstravṛrdhyata | ddhyartha m ekajvālam abhūd balam
2_epic/mbh/mbh_08_u.txt	21975	m			dvipena devāpṛthu daivāvṛdha | m abhyapīḍayat
2_epic/mbh/mbh_09_u.txt	6563	m			śūliyāsa pāśa | m atikramya śakralokaṃ samaśnute
2_epic/mbh/mbh_12_u.txt	35833	m			śṛṇu bhīṣma yathānyāyaṃ purā tva | tvā m iha sattamāḥ
3_purana/garup1_u.txt	2723	m			tasyaivāṅgagatāṃ devīmamṛtāmṛtabhāṣiṇī m |
3_purana/garup1_u.txt	22704	m			śiro 'rtiṃ nāśayatyāśu puṣpaṃ vā mucukundaka m ||
3_purana/narsippu.txt	14175	m			dāso 'ha | m vāsudevasya devadevasya śārṅgiṇaḥ ||
4_rellit/buddh/mhvastuu.txt	359	m			āyuṣmān mahāmaugalyāyano abhīkṣṇaṃ asuracārikāṃ gacchati || so paśyati asurapure asurāṃ pravṛddhamahākāyā ugradarśanā vyāpādabahulā asureṣu cyavitvā vinipātentā || āyuṣmān kolito sthaviro caranto asuracārikām adrākṣīt sureṣu vyāpādena suduḥkhitāṃ paṃca asuragaṇān || teṣām evaṃ bhavati | vayaṃ heṣṭā upari devā || tataḥ kupyanti vyāpadyanti abhiṣyandanti kopaṃ ca roṣaṃ ca apratyayaṃ ca āviṣkaronti || te caturaṅgabalakāyaṃ sannahitvā hastikāyaṃ aśvakāyaṃ rathakāyaṃ pattikāyaṃ sannahitvā devagulmāni prabhajanti yad idaṃ karoṭapāṇayo nāma yakṣā mālādhārā nāma yakṣāḥ sadāmattā nāma yakṣāḥ | etāni devagulmāni bhaṃjitvā devehi trāyastriṃśehi saṃgrāmenti || te khu devānāṃ trāyastriṃśānāṃ kṛtapuṇyānāṃ maheśākhyānām antike cittāni pradūṣayitvā kāyasya bhedāt paraṃ maraṇāt apāyadurgativinipātanarakeṣūpapadyanti || so taṃ asurāṇāṃ mahāntam ādīnavaṃ dṛṣṭvā jetavanam āgatvā caturṇāṃ parṣāṇāṃ vistareṇa m ārocayati || evaṃ satvā mahāsamudre asurapure vividhāni duḥkhāni pratyanubhavanti || tasmāñ jñātavyaṃ boddhavyaṃ prāptavyaṃ pratisaṃboddhavyaṃ kartavyaṃ brahmacaryaṃ na ca kiñcilloke pāpaṃ karma karaṇīyan ti vadāmi || sthavirasya śrutvā bahūni prāṇasahasrāṇi devamanuṣyāṇām amṛtaṃ prāpayanti ||
4_rellit/buddh/mhvastuu.txt	2275	m			tvam iva m ahaṃ saṃbuddho dharmaṃ prakāśayeya naramarūṇāṃ |
4_rellit/buddh/mhvastuu.txt	3123	m			naitad vibuddhi amareśvara m ādikehi
4_rellit/buddh/mhvastuu.txt	3571	m			bodhyitvā m atulāṃ bodhiṃ sarvasatvāna kāraṇā |
4_rellit/buddh/mhvastuu.txt	4581	m			kaṃcit kālaṃ sthihiya m antarato nāyaṃ samā maruvadhūhi bhave ||
4_rellit/buddh/mhvastuu.txt	5827	m			nīlāśvā nīlarathā nīlā raśmipratoda m uṣṇīṣā |
4_rellit/buddh/mhvastuu.txt	5833	m			pītāśvā pītarathā pītā raśmipratoda m uṣṇīṣā |
4_rellit/buddh/mhvastuu.txt	6119	m			sace koci m asmiṃ lokasmiṃ sarvā pi devatā sadā |
4_rellit/buddh/mhvastuu.txt	6565	m			bhūtapūrvaṃ vāsiṣṭhā atīta m adhvāne pāṃcāle janapade kampilla nagare rājā brahmadatto nāma rājyaṃ kāresi susaṃgṛhītaparijano dānasaṃvibhāgaśīlo || tasya taṃ kampillaṃ janapadaṃ ṛddhaṃ ca sphītaṃ ca kṣemaṃ ca subhikṣaṃ cākīrṇabahujanamanuṣyaṃ ca sukhitamanuṣyaṃ ca praśāntadaṇḍaḍamaraṃ sunigṛhītataskaraṃ vyavahārasampannaṃ || tasya dāni rājño brahmadattasya rakṣito nāma purohitaputro maheśākhyo daśakuśalakarmapathasamādāyavartī kāmeṣu ādīnavadarśāvī niḥśaraṇaprajño saṃvegabahulo naiṣkramyābhiprāyo || so kāmeṣu ādīnavaṃ dṛṣṭvā anuhimavantaṃ gatvā ṛṣipravrajyāṃ parvrajīto || tena dāni tahiṃ himavante āśramaṃ
4_rellit/buddh/mhvastuu.txt	6601	m			dhanena mitrāṃ sadā m anukampi
4_rellit/buddh/mhvastuu.txt	7027	m			pratyutthāna m āsanatāṃ tato ca |
4_rellit/buddh/mhvastuu.txt	7155	m			yatra yatropapadyehaṃ tatra m | etaṃ samṛdhyatu ||
4_rellit/buddh/mhvastuu.txt	8045	m			āśu vigatamala m akhilā ākāśagatā abhiniṣaṇṇāḥ ||
4_rellit/buddh/mhvastuu.txt	8591	m			sarva m anavadyagātro utpanno lokasundaro tuhyaṃ |
4_rellit/buddh/vinsutru.txt	1509	m			sthūlakṛtva m anayor amārge
4_rellit/buddh/vinsutru.txt	7269	m			amuktāvasty asmākam anena sārddhaṃ kiñcid eva karaṇīya m iti sādyaṃ
4_rellit/buddh/vinsutru.txt	7485	m			kākapadakānā m antaro ntare yathārtham avasthāpanāya dānam
4_rellit/buddh/vinsutru.txt	7906	m			naivāsikānā m asy etad ante śanaiḥ sthāpanama
4_rellit/buddh/vinsutru.txt	8142	m			śuddhi m uktyor anena pratyavagatau sthūlātyayaḥ
4_rellit/buddh/vinsutru.txt	11438	m			tajjanīyādīnā m etattvenāvyavasthāpanāt
4_rellit/buddh/vinv08_u.txt	121	m			yathāpi tad bhikṣur āstīrṇakaṭhinād āvāsād akṛtacīvaro 'niṣṭhitacīvaro bahiḥsīmāṃ prakrāmati pratyeṣyāmi cīvarakaṃ kariṣyāmīti | samagreṇa ca saṃghena kaṭhinam uddhṛtaṃ sa śṛṇoti samagreṇa saṃghena kaṭhinam uddhṛtam iti śrutvā cābhyanumodate sādhūddhṛtaṃ suṣṭhūddhṛtam iti | tasya śravaṇāntikaḥ kaṭhinoddhāra m iti ||
4_rellit/buddh/vinv_06u.txt	2427	m			kutaḥ punar bhikṣum imaṃ traimās | m
4_rellit/saiva/kubjt_pu.txt	59	m			kim anena na paryāptaṃ yad āyāta m iha prabhuḥ ||
4_rellit/saiva/kubjt_pu.txt	357	m			vāmaprasāritakarā vāmadevī m uvāca ha ||
4_rellit/saiva/kubjt_pu.txt	1557	m			vidarbho mantra m ādau tu mantrānte vīranāyike ||
4_rellit/saiva/kubjt_pu.txt	1659	m			pañcāvasthāprabhinnas tu tadā mantra m ihocyate |
4_rellit/saiva/kubjt_pu.txt	1921	m			nṛtyadvayaṃ tathā coktaṃ daśa m ekaṃ tu suvrate |
4_rellit/saiva/kubjt_pu.txt	1935	m			bhiri caiva dvirabhyāsād viṃśa m ekonasaṅkhyayā ||
4_rellit/saiva/kubjt_pu.txt	1939	m			bhrāmaṇiyugmam etad dhi viṃśa m ekaṃ tu uttamam ||
4_rellit/saiva/kubjt_pu.txt	1973	m			pañcapraṇava m uddhāraṃ yathā tvaṃ gahvare śṛṇu |
4_rellit/saiva/kubjt_pu.txt	1975	m			e o madhye samuddhṛtya bindunāda m alaṅkṛtam ||
4_rellit/saiva/kubjt_pu.txt	1981	m			i u madhyena sambhinnam aḥ au madhya m alaṅkṛtam |
4_rellit/saiva/kubjt_pu.txt	1999	m			pañcapraṇava m uddhāraṃ rahasyaṃ kathitaṃ tava ||
4_rellit/saiva/kubjt_pu.txt	2031	m			śuddhis trisahasrād devi yathā bhairava m abravīt ||
4_rellit/saiva/kubjt_pu.txt	2077	m			smaraṇāc chuddhir iṣyeta tathyaṃ bhairava m abravīt |
4_rellit/saiva/kubjt_pu.txt	2239	m			evaṃ tadgraha m ākhyātaḥ sadyaḥpratyayakārakaḥ ||
4_rellit/saiva/kubjt_pu.txt	2765	m			pañcāśabhedabhinnā sā ekā eva m udāhṛtā ||
4_rellit/saiva/kubjt_pu.txt	2787	m			brahmāṇyāḥ sapta m uddiṣṭāḥ sapta māheśvarī punaḥ |
4_rellit/saiva/kubjt_pu.txt	2789	m			kaumāryāḥ sapta m uddiṣṭā vaiṣṇavyāḥ sapta eva ca ||
4_rellit/saiva/kubjt_pu.txt	2791	m			vārāhī sapta m uddiṣṭā aindrāṇyāḥ sapta eva tu |
4_rellit/saiva/kubjt_pu.txt	2793	m			cāmuṇḍā sapta m uddiṣṭā evaṃ vai sapta saptasu ||
4_rellit/saiva/kubjt_pu.txt	2853	m			aha m ūrdhvagatiḥ proktaḥ stau ti rātrī nigadyate ||
4_rellit/saiva/kubjt_pu.txt	2983	m			pañcapraṇava m ādyantā viyuktā lakṣaṇādhikā ||
4_rellit/saiva/kubjt_pu.txt	3025	m			pañcapraṇava m ādyantā yathā vidyā tathā kuru ||
4_rellit/saiva/kubjt_pu.txt	3513	m			yatheṣṭaṃ jāyate siddhir nāsty atra m anṛtaṃ vacaḥ |
4_rellit/saiva/kubjt_pu.txt	3557	m			pañcapraṇava m ādyena aghoreṇa surādhipe |
4_rellit/saiva/kubjt_pu.txt	3595	m			pañcapraṇava m ādyantaṃ tatordhve tu śikhāśivam ||
4_rellit/saiva/kubjt_pu.txt	3699	m			bahurūpadharo hy agniḥ pracaṇḍaḥ kāla m antagaḥ ||
4_rellit/saiva/kubjt_pu.txt	4235	m			śrūyatāṃ kula m īśāni kālasya kālarūpiṇī |
4_rellit/saiva/kubjt_pu.txt	4601	m			prakaṭaṃ śiva vijñeyaṃ guptam ānanda m ucyate |
4_rellit/saiva/kubjt_pu.txt	4627	m			dhātrīśaś ca tathā mīno meṣo lohita m eva ca ||
4_rellit/saiva/kubjt_pu.txt	4795	m			bindutattvāt paro bindur makārokāra m eva ca |
4_rellit/saiva/kubjt_pu.txt	4819	m			viśuddhir bodhajananī ṣoḍaśānta m adhordhvataḥ |
4_rellit/saiva/kubjt_pu.txt	5083	m			svasthānasthas tu avyaktaḥ padānte vyakta m āśritaḥ |
4_rellit/saiva/kubjt_pu.txt	6097	m			paitṛkaṃ śubham uddiṣṭaṃ reto hy ātmādi m īśvaraḥ ||
4_rellit/saiva/kubjt_pu.txt	6119	m			adhordhvaṃ nīyate jīvaḥ koṣakīṭa m iva sthitaḥ |
4_rellit/saiva/kubjt_pu.txt	6257	m			sṛṣṭikṛd bhagavānantaḥ padārthapada m īśvaraḥ ||
4_rellit/saiva/kubjt_pu.txt	6397	m			teṣv anyāḥ ṣoḍaśādhārāś catuḥṣaṣṭyānta m antikāḥ ||
4_rellit/saiva/kubjt_pu.txt	6401	m			aindrādīśāna m antasthāḥ sarvādhārāḥ parāparāḥ ||
4_rellit/saiva/kubjt_pu.txt	6543	m			śrīkuleśvaradevasya hṛdyordhvaghaṭa m antare |
4_rellit/saiva/kubjt_pu.txt	6873	m			kakārādau maparyantaṃ yakārādau ha m antimam |
4_rellit/saiva/kubjt_pu.txt	6903	m			aparāṃ sṛṣṭikartārāṃ parāṃ ṣaḍviṃśa m ādimām ||
4_rellit/saiva/kubjt_pu.txt	6981	m			vaḍavānala m āsīnam ājñāśūladharaṃ vibhum ||
4_rellit/saiva/kubjt_pu.txt	7075	m			sarvathā tad yajen nityaṃ vyākulena m anena kim |
4_rellit/saiva/kubjt_pu.txt	7227	m			mahāsaṃsāra m ambhodhes tārayantī vyavasthitā |
4_rellit/saiva/kubjt_pu.txt	7799	m			yatra yat padavinyāsaṃ tat kubjīśe m ataḥ śṛṇu ||
4_rellit/saiva/kubjt_pu.txt	8209	m			caturāśīti m ekatra kramāt sthūlaṃ pṛthak pṛthak ||
4_rellit/saiva/kubjt_pu.txt	8333	m			tripañcavarṣād ūrdhvaṃ ca sarvajño guṇa m īśvaraḥ ||
4_rellit/saiva/kubjt_pu.txt	8423	m			nocchvasen māsam ekaṃ tu tathyaṃ bhairava m abravīt |
4_rellit/saiva/kubjt_pu.txt	8707	m			catuṣṭayaṃ samākhyātaṃ pṛccha m anyaṃ yathāruci ||
4_rellit/saiva/kubjt_pu.txt	8879	m			daśa m ekādaśenaiva kūṭasthaṃ vā samekataḥ |
4_rellit/saiva/kubjt_pu.txt	10437	m			ū paścimaṃ samuddhṛtya ha pūrva m āsane sthitam |
4_rellit/saiva/kubjt_pu.txt	10657	m			brahmaṇālepya m ātmānaṃ paścād dhyānaṃ niyojayet |
4_rellit/saiva/kubjt_pu.txt	10873	m			o oṣṭhe sadyadevas tu ai bhauktī dvija m ūrdhvagaḥ |
4_rellit/saiva/kubjt_pu.txt	10887	m			tadgrahe rudra m ākhyātā mālinyāṃ śṛṇu sāmpratam ||
4_rellit/saiva/kubjt_pu.txt	10935	m			prajñā ca mohanī caiva ū u bhūṣaṇa m īkṣagau ||
4_rellit/saiva/kubjt_pu.txt	11061	m			raktacandanacūrṇena sindūreṇa m athāmbike |
4_rellit/saiva/kubjt_pu.txt	11189	m			kṣetrāṣṭa m aṣṭakaṃ caiva aṣṭakaṃ ca catuṣṭayam ||
4_rellit/saiva/kubjt_pu.txt	11201	m			sūkṣmā caiva susūkṣmā ca antimāmṛta m antimā ||
4_rellit/saiva/kubjt_pu.txt	11277	m			ekaikanāḍimadhyasthe marma m ekaikabhedini ||
4_rellit/saiva/kubjt_pu.txt	11827	m			ṣaṇmāsam athavābdaṃ ca dvirabdaṃ trīṇi m eva vā |
4_rellit/saiva/kubjt_pu.txt	11831	m			nava dvipañcakaṃ vātha ekādaśa m athāpi vā |
4_rellit/saiva/kubjt_pu.txt	11835	m			abda m ekena deveśi maṇḍalīkaiḥ prapūjyate |
4_rellit/saiva/kubjt_pu.txt	11901	m			unmanatve sadā yuktaḥ śūnyo mana m udāhṛtaḥ ||
4_rellit/saiva/kubjt_pu.txt	12061	m			vardhamānī m upālambhī dehalyā muṣalaṃ tathā ||
4_rellit/saiva/kubjt_pu.txt	12111	m			śirādau sarva m aṅgeṣu aṅgapratyaṅgakeṣvapi |
4_rellit/saiva/kubjt_pu.txt	12255	m			duhitrī tu dvitīyā tu bhaginī tv atha m ucyate |
4_rellit/saiva/kubjt_pu.txt	12297	m			sidhyate nātra sandeho yathā bhairava m abravīt ||
5_poetry/4_narr/sokss_pu.txt	19457	m			tato vicitrārthakathāvasānaṃ dṛṣṭveva gantuṃ m ihire pravṛtte |
5_poetry/4_narr/sokss_pu.txt	21397	m			mā m aivaṃ kṛṣṇasarpo 'tra vasatītyudito mayā ||
5_poetry/4_narr/sokss_pu.txt	23433	m			m aivaṃ prayaccha me bilvaṃ paśyāścaryaṃ kṣaṇād iti ||
5_poetry/4_narr/sokss_pu.txt	28377	m			m aivaṃ kārṣīrmṛto nāyaṃ rājaputra tavāgrajaḥ |
6_sastra/3_phil/buddh/vakobhau.txt	28165	m			anuśāsanaṃ pratihāryamagcya m |
6_sastra/4_dharma/smrti/manu2p_u.txt	7385	m			śayyāsanam alaṅkāraṃ kāmaṃ krodham anārjavam m | anāryatām |
1_veda/2_bra/gopbra_u.txt	7937	ū			imām ū ṣu prabhṛtiṃ sātaye dhāḥ iti paryāsas
1_veda/2_bra/gopbra_u.txt	8319	ū			ehy ū ṣu bravāṇi te āgnir agāmi bhārataḥ iti maitrāvaruṇasya stotriyānurūpau
1_veda/2_bra/gopbra_u.txt	9235	ū			imām ū ṣu prabhṛtiṃ sātaye dhāḥ icchanti tvā somyāsaḥ sakhāyaḥ śāsad vahnir duhitur naptyaṃ gāt iti bharadvājaḥ
1_veda/2_bra/gopbra_u.txt	9255	ū			trīn eva saṃpātān acchāvāko viparyāsam ekaikam aharahaḥ śaṃsati imām ū ṣu prabhṛtiṃ sātaye dhāḥ iti prathame 'hani
1_veda/2_bra/gopbra_u.txt	9383	ū			kas tam indra tvāvasum kan navyo atasīnām kad ū nv asyākṛtam iti kadvantaḥ pragāthā aharahaḥ śasyante
1_veda/2_bra/kausibru.txt	4239	ū			ucchrayasva vanaspate samiddhasya śrayamāṇaḥ purastāj jāto jāyate sudinatve ahnām ūrdhva ū ṣu ṇa ūtaya ūrdhvo naḥ pāhy aṃhaso ketunā ity ucchritavatīś ca udvatīś ca ucchrīyamāṇāya anvāha |
1_veda/2_bra/kausibru.txt	9285	ū			tābhir ū ṣu vṛtrahatye avīr na iti vṛtrahavat |
1_veda/2_bra/kausibru.txt	9717	ū			imam ū ṣu vo atithim uṣar budham ity ājyam |
1_veda/2_bra/kausibru.txt	9921	ū			imam ū ṣu vo atithim uṣarbudham iti jātavedasīyam tasya uktam brāhmaṇam |
1_veda/2_bra/kausibru.txt	10431	ū			kad ū nv asya akṛtam iti kadvān pragāthas tasya uktam brāhmaṇam |
1_veda/2_bra/kausibru.txt	10927	ū			tyam ū ṣu vājinam deva jūtam iti tārkṣyas tisraḥ |
1_veda/2_bra/pncvbr1u.txt	2801	ū			ehy ū ṣu bravāṇi ta ity ehivatyai bhavanti tṛtīyasyāhna upahavāya santatyai
1_veda/2_bra/pncvbr2u.txt	2801	ū			ehy ū ṣu bravāṇi ta ity ehivatyai bhavanti trtīyasyāhna upahavāya santatyai
1_veda/2_bra/satapath/sb_06_u.txt	1829	ū			ūrdhva ū ṣu ṇa ūtaye tiṣṭhā devo na saviteti yathaiva yajustathā bandhurūrdhvo
1_veda/2_bra/satapath/sb_14_u.txt	3289	ū			pratīcī dikpratyañcaḥ prāṇā udīcī digudañcaḥ prāṇā ū ūrdhvā digūrdhvāḥ prāṇā
1_veda/5_vedang/1_srauta/asvss_u.txt	579	ū			uta tvām adite mahi mahīm ū ṣu mātaram suvratānām ṛtasya patnīm avase huvema | tuvi kṣatrām ajarantīm urūcīm suśarmāṇam aditim supraṇītam |
1_veda/5_vedang/1_srauta/asvss_u.txt	879	ū			samidhā agnim duvasyata ehy ū ṣu bravāṇi ta ity āgneyāv ājya bhāgau |
1_veda/5_vedang/1_srauta/asvss_u.txt	1393	ū			uccrayasva vanaspate samiddhasya śrayamāṇaḥ purastād ūrdhva ū ṣu ṇa ūtaya iti dve jāto jāyate sudinatve ahnām ity ardharca āramet | yuvā suvāsāḥ parivīta āgād iti paridadhyāt |
1_veda/5_vedang/1_srauta/asvss_u.txt	1621	ū			tava vāya vṛtasya te tvama hi supsarastamam iti dve kuvid aṅga namasā ye vṛdhāsa īśānāya pra hutim yas ta ānaṭ pra vo vāyum rathayujam kṛṇudhvam | uta tvām adite mahy aneho na uru vraje aditir hy ajaniṣṭa sutrāṇāma pṛthivīm dyām anehasam mahīm ū ṣu mātaram suvratānām aditir dyaur aditir antarikṣam |
1_veda/5_vedang/1_srauta/asvss_u.txt	2017	ū			yā te dhāmāni divi yā pṛthivyām ā viśva devam satpatim ya imā viśvā jātāni sutrāmāṇam pṛthivīm dyām anehasam mahīm ū ṣu mātaram suvratānām sa id agnir agnīṃr ity astv anyān iti dve samyājye | śaṃv antā iyam |
1_veda/5_vedang/1_srauta/asvss_u.txt	2105	ū			tam īm viśve amṛtāso juṣāṇā gandharvasya praty āsnā hiranti | samudrād ūrmim udiyarti veno drapsaḥ samudram abhi yaj jigāti sakhe sakhāyam abhyāvavṛtsvā ūrdhva ū ṣu ṇa ūtaya iti dve |
1_veda/5_vedang/1_srauta/asvss_u.txt	2295	ū			ūrdhva ū ṣu ṇaḥ sasasya yad viyuta iti pañca bhadram te agna iti sūkte somasya mā tavasam pratyagnir uṣasa iti trīṇy ā hotā iti daśānām tṛtīyā aṣṭame uddhared |
1_veda/5_vedang/1_srauta/asvss_u.txt	2309	ū			janasya gopās tvām agna ṛtāyava imam ū ṣu vo atithim uṣar budham iti nava tvam agne dyubhir iti sūkte tvam agne prathamo aṅgirā nūcit sahojā amṛto nitundata iti pañca |
1_veda/5_vedang/1_srauta/asvss_u.txt	2325	ū			eṣo uṣāḥ prātar yujā iti catasro aśvinā yajvarīr iṣa āśvināv aśvāvatyā gomad ū ṣu nāsatyā iti tṛca |
1_veda/5_vedang/1_srauta/asvss_u.txt	2969	ū			tarobhir vo vidadvasum taraṇir it siṣāsati iti pragāthau stotriya anurūpā ud inv asya ricyate bhūya id imām ū ṣv ity apottamām uddharet sarvatra pibā vardhasva tava dyā sutāsa iti yājyā |
1_veda/5_vedang/1_srauta/asvss_u.txt	3049	ū			ehy ū ṣu bruvāṇi ta āgnir agāmi bhārataś carṣaṇī dhṛtam astabhnād yām asura iti tṛcāv indrā varuṇā yuvam āvām rājānāv indrā varuṇā madhumattamasya iti yājyā |
1_veda/5_vedang/1_srauta/asvss_u.txt	3155	ū			vayam u tvā tad id arthā vayam indra tvāyavo abhi vārtrahatyāya ity uttamām uddhared indro aṅga mahad bhayam abhi ny ū ṣu vācam apsu dhūtasya harivaḥ piba iha iti yājyā |
1_veda/5_vedang/1_srauta/asvss_u.txt	3567	ū			dvitīya ādiṣu tyam ū ṣu vājinam deva jūtam iti tārkṣyam agre niṣkevalya sūktānām |
1_veda/5_vedang/1_srauta/asvss_u.txt	3679	ū			ūrdhvam stotriya anurūpebhyaḥ kas tam indra tvam vasum kan navyo atasīnām kad ū nv asya akṛtam iti kadvantaḥ pragāthāḥ |
1_veda/5_vedang/1_srauta/asvss_u.txt	3739	ū			ahīna sūkta sthāna evā tvām indra yan na indra kathā mahām indrha pūrbhid ya eka idd yas tigma śṛṅga imām ū ṣv icchanti tvā śāsad vahnir iti sampātāḥ |
1_veda/5_vedang/1_srauta/asvss_u.txt	3785	ū			ehy ū ṣu bravāṇi ta āgnir agāmi bhārataḥ pra vo vājā abhidyavo abhi prāṃsi vāhasā pra manhiṣṭhāya gāyata pra so agne tava ūtibhir agnim vo vṛdhantam agne yam yajñam adhvaram yajiṣṭham tvā vā vavṛmahe yaḥ samidhāya āhutyā ā te agna idhīmahy ubhe suścandra sarpiṣa iti dve ekā ca agnim tam manye yo vasur ā te vatso mano yad adā agne sthūram rayim bhara preṣṭham vo atithim śreṣṭham yaviṣṭha bhārata bhadro no agnir āhuto yadī ghṛtebhir āhuta ā ghā ye agnim indhata imā abhipraṇonum |
1_veda/5_vedang/1_srauta/asvss_u.txt	3905	ū			pañcamasyam imam ū ṣu vo atithim uṣarbudham iti nava ājyam |
1_veda/5_vedang/1_srauta/asvss_u.txt	4205	ū			etasminn aindrīm nividam śastvā śaṃsed eva uttarāṇi ṣaḍ divaś cid asya suta it tvam eṣa prapūrvīr vṛṣā madaḥ pra manhiṣṭhāya tyam ū ṣv iti |
1_veda/5_vedang/1_srauta/sankhssu.txt	599	ū			uta tvām adite mahi | mahīm ū ṣu mātaram suvratānām ṛtasya patnīm avase huvema | tuvi kṣatrām ajarantīm urūcīm suśarmāṇam aditim supraṇītim |
1_veda/5_vedang/1_srauta/sankhssu.txt	709	ū			ehy ū ṣu bravāṇi iti vā indumate |
1_veda/5_vedang/1_srauta/sankhssu.txt	1481	ū			susaṃdṛśam tvā vayam akṣann amīmadanta upa ū ṣu śṛṇuhi ity āhavanīyam upasthāya |
1_veda/5_vedang/1_srauta/sankhssu.txt	2259	ū			svasti naḥ pathyāsu svastir iddhi | agne naya agne tvam pāraya | tvam soma pra cikito yā te dhāmāni haviṣā | tat savitur vareṇyam ya imā viśvā jātāni | sutrāmāṇam mahīm ū ṣu |
1_veda/5_vedang/1_srauta/sankhssu.txt	2557	ū			ucchrīyamāṇāya ity ukta ucchrayasva vanaspate samiddhasya śrayamāṇaḥ purastāj jāto jāyata ūrdhva ū ṣu ṇa ūrdhvo naḥ |
1_veda/5_vedang/1_srauta/sankhssu.txt	3639	ū			imām ū ṣu |
1_veda/5_vedang/1_srauta/sankhssu.txt	4225	ū			ehy ū ṣu bravāṇi iti stotriya anurūpau |
1_veda/5_vedang/1_srauta/sankhssu.txt	4819	ū			imam ū ṣv iti navarcam ājyam vyūḍhe agnim tam manya iti samūḍhe |
1_veda/5_vedang/1_srauta/sankhssu.txt	5465	ū			kam navya iti prathame kad ū nv asya iti dvitīya imā u tvā purūvaso iti tṛtīye bṛhataś ca yoniḥ |
1_veda/5_vedang/1_srauta/sankhssu.txt	5833	ū			śrāyanta iva sūryam śagdhy ū ṣu śacī pata iti stotriya anurūpau pragātā uttame chandome |
1_veda/5_vedang/1_srauta/sankhssu.txt	5845	ū			kad ū nv asya ity acchāvākasya anurūpād anantaraḥ pragātaḥ kadvān aikāhikasya sthāne |
1_veda/5_vedang/1_srauta/sankhssu.txt	7855	ū			ūrdhvam ū ṣu ṇo adhvarasya hotar iti nava unnīyamānebhyaḥ |
1_veda/5_vedang/1_srauta/sankhssu.txt	7899	ū			imam ū ṣu vo atithim uṣar budham iti catasro devānām patnīnām rākāyāś ca |
1_veda/5_vedang/1_srauta/sankhssu.txt	9525	ū			kad ū nv asya iti kadvān |
1_veda/5_vedang/1_srauta/sankhssu.txt	9527	ū			śrāyanta iva sūryam śagdhy ū ṣu śacī pata ity acchāvākasya |
1_veda/5_vedang/1_srauta/sankhssu.txt	10201	ū			yo adadhāj jyotiṣi jyotir antar mahat tan nāma guhyam puruspṛg idam ta ekam para ū ta ekam iti tisra eka pātinyaḥ |
1_veda/5_vedang/1_srauta/vaitss_u.txt	1761	ū			cāturmāsyavaiśvadevagargabaidacchandomavatparākāntarvasvaśvamedhatryahāṇāṃ śagdhy ū ṣu śacīpate iti ||
1_veda/5_vedang/1_srauta/vaitss_u.txt	1811	ū			trikakuddaśāhasya navasu śagdhy ū ṣu śacīpate abhi pra gopatiṃ girā taṃ vo dasmam ṛtīṣaham vayam enam idā hyaḥ indram id gāthino bṛhat śrāyanta iva sūryam ka īṃ veda sute sacā viśvāḥ pṛtanā abhibhūtaraṃ naram yad indra prāg apāg udak iti ||
1_veda/5_vedang/2_grhya/kaussu_u.txt	563	ū			sahṛdayaṃ tad ū ṣu saṃ jānīdhvam eha yātu saṃ vaḥ pṛcyantāṃ saṃ vo manāṃsi saṃjñānaṃ naḥ iti sāṃmanasyāni
1_veda/5_vedang/2_grhya/kaussu_u.txt	2859	ū			mahīm ū ṣu iti taraṇāni ālambhayati
1_veda/5_vedang/2_grhya/kaussu_u.txt	3187	ū			tyam ū ṣu trātāram ā mandrair iti svastyayanakāmaḥ
1_veda/5_vedang/2_grhya/kaussu_u.txt	3905	ū			ā rohata savitur nāvam etāṃ sutrāmāṇaṃ mahīm ū ṣu iti sahiraṇyāṃ sayavāṃ nāvam ārohayati
1_veda/5_vedang/2_grhya/kaussu_u.txt	4857	ū			ā rohata savitur nāvam etāṃ sutrāmāṇaṃ mahīm ū ṣu iti sahiraṇyāṃ sayavāṃ nāvam ārohayati
1_veda/5_vedang/2_paris/avpari_u.txt	2685	ū			svastyayano amūḥ pāre pātaṃ na indrāpūṣaṇā tvaṣṭā me daivyaṃ yena soma namo devavadhebhyo 'bhayaṃ mitrāvaruṇāv upa prāgāt sahasrākṣo 'namitraṃ no adharād yamomṛtyur bṛhaspatir naḥ pari pātu tyam ū ṣu trātāram indraḥ sutrāmā sa sutrāmā ā mandrair indra marmāṇi te varma me dyāvāpṛthivī aindrāgnaṃ varma girayas te yat te madhyaṃ yās te prācīr mā naḥ paścād iti svastyayanāni || iti svastyayanagaṇaḥ ||
1_veda/5_vedang/2_paris/avpari_u.txt	2699	ū			citrāgaṇo mā no vidann adārasṛt svastidā viśām amūhoāre aghadviṣṭā agne yat te tapa iti pañca sūktāni rudra jalāṣabheṣaja ye 'syāṃ prācī dig vi devā uta devā agner manva itiprabhṛtīni mṛgārasūktāny uttamaṃ varjayitvāpa naḥ śośucad aghaṃ pṛthivyām agnaye mamāgne vrahma jajñānam anāptā ye sahasradhāre savitā prasavānāṃ nava prāṇān pātaṃ nas tvaṣṭā me yena soma namo devavadhebhyo 'bhayaṃ mitrāvaruṇāv upa prāgāt sahasrākṣaḥ siṃhe vyāghre 'bhayaṃ dyāvāpṛthivī grīṣmo hemanto 'naḍudbhyas tvaṃ mahyam āpo vaiśvānaro yamo mṛtyur abhi tvendra viśvajit trāyamāṇāyai imaṃ me agne viṣāṇā pāśān śakadhūmaṃ somārudreti dve bṛhaspatir nas tyam ū ṣu trātāram indraḥ sutrāmā ā mandrair indra marmāṇi te antakāya mṛtyavā ā rabhasvāyaṃ pratisaro 'yaṃ me varaṇo bhavāśarvau mṛḍataṃ prāṇāya namo 'gniṃ brūma ity arthasūktaṃ satyaṃ bṛhad iti dve prathame girayas te yat te madhyaṃ yās te prācīr mā naḥ paścād grīṣmas te bhūme varṣāṇy upasthās te bhūme mātaḥ sahasraśṛṅgo vṛṣabho jātavedā mā pra gāma patho yo yajñasya tasmai prācyā diśo antardeśād iti paryāyaś citrāgaṇaḥ || iti citrāgaṇaḥ ||
1_veda/5_vedang/2_paris/avpari_u.txt	3141	ū			tyam ū ṣu trātāram indraḥ sutrāmā sa sutrāmā ā mandrair indra marmāṇi te varmaṇā chādayāmīti ulūkhalamusale saṃpātān ānīya saṃsthāpya homān ulūkhalam annenaiva pūrayitvā pratipravartayed ulūkhalamusalaṃ vasanaṃ ca gāṃ ca kartre dadyāt sā tatra prāyaścittiḥ ||
1_veda/5_vedang/2_paris/avpray_u.txt	1265	ū			śamyāyāḥ parā parāsāc ced idaṃ ta ekam iti tānt saṃbharet para ū ta ekam ibid | iti dvitīyaṃ dvitiyena |
1_veda/5_vedang/2_paris/avpray_u.txt	1267	ū			para ū | does really have pura ū |
1_veda/5_vedang/2_paris/avpray_u.txt	1267	ū			para ū | does really have pura ū |
3_purana/agp_bi_u.txt	24090	ū			u dakṣakarṇe 'marauśa ū karṇerghāṃśako 'pare
3_purana/agp_bi_u.txt	47015	ū		o au aṃ aḥ | ka kha ga gha ṅa ca cha ja jha ña ṭa ṭha ḍa ḍha ṇa ta	oṃ chaṃ nityaklinne madadrave oṃ oṃ | a ā i ī u ū ṛ ṝ ḷ ḹ e ai
3_purana/garup1_u.txt	2887	ū			u ū e ai kaṭitaṭe o nābhau hṛdi au nyaset ||
3_purana/garup1_u.txt	9026	ū			ā ī ū ai au svarāṃśca likhetpañcāgnikoṣṭhake |
3_purana/garup1_u.txt	23382	ū			oṃ dadru sara kroṃ hrīṃ ṭhaḥ ṭhaḥ dadru sara hrīṃ hrīṃ oṃ uṃ ū sara krīṃ krīṃ ṭhaḥ ṭhaḥ |
3_purana/lip_2__u.txt	4467	ū			ā ī ū e tathā aṃbānukrameṇātmarūpiṇam ||
4_rellit/buddh/vinsutru.txt	947	ū			ū ṣāḍukodakadantakāṣṭhopanāmanaṃ
4_rellit/buddh/vinsutru.txt	7407	ū			liṅgatvam etatgate gṛhiṇa ū nam
4_rellit/saiva/kubjt_pu.txt	1753	ū			ū ḍha madhyagataṃ gṛhya ḍa ṇa madhye dvitīyakam ||
4_rellit/saiva/kubjt_pu.txt	7803	ū			aiṃ haḥ u kālarudrasthe haḥ ū ṛddhibalānvite haḥ ṛ śirohāre hrūṃ phreṃ phaṭ kṣaḥ ṝ śrīkulāmbike ||
4_rellit/saiva/kubjt_pu.txt	7871	ū			ana aiṃ | ā tha hrīṃ | i ṛ a | ī ṛ gho | u ḷ re | ū ḹ hrīṃ |
4_rellit/saiva/kubjt_pu.txt	7875	ū			e ū gho | ai ī re | o ba hūṃ | au ka gho | aṃ kha ra | aḥ ga rū |
4_rellit/saiva/kubjt_pu.txt	9553	ū			va amṛtāvali ū vasanta ūṣmāda bhairava
4_rellit/saiva/kubjt_pu.txt	9631	ū			ū śabdāvali va ucchuṣma vasala bhairava
4_rellit/saiva/kubjt_pu.txt	9685	ū			ū kriyāśaktyāvali va aṅkuravīra
4_rellit/saiva/kubjt_pu.txt	9763	ū			va ūṣmāvali ū vajravīra
4_rellit/saiva/kubjt_pu.txt	10421	ū			ū ḍha madhyagataṃ gṛhya ṇa ṭa madhyagataṃ tathā |
4_rellit/saiva/kubjt_pu.txt	10437	ū			ū paścimaṃ samuddhṛtya ha pūrva m āsane sthitam |
4_rellit/saiva/kubjt_pu.txt	10881	ū			ū arghīśo vāmakarṇe u amarīśas tu dakṣiṇe |
4_rellit/saiva/kubjt_pu.txt	10935	ū			prajñā ca mohanī caiva ū u bhūṣaṇa m īkṣagau ||
4_rellit/saiva/kubjt_pu.txt	11095	ū			kolāgirye mahākṣetre ū hā yogīsamanvitā ||
4_rellit/saiva/malinivu.txt	1417	ū			i ī netradvaye dattvā u ū karṇadvaye nyaset
4_rellit/saiva/parakspu.txt	457	ū			ṣaṭkoṇe ā kṣā ī brahmāṇī | ī lā ī māheśvarī | ū hā ī kaumārī | ṝ sā ī vaiṣṇavī | ai śā ī indrāṇī | au vā ī cāmuṇḍā tasyaivāgreṣu madhye ca yamarayūṃ yāṃ yīṃ yūṃ yaiṃ yauṃ yaḥ yākini jambhaya jambhaya mama sarvaśatrūṇāṃ tvagdhātuṃ gṛhṇa gṛhṇa aṇimādivaśaṃ kuru kuru svāheti | anyāsāṃ dhātunāthānām apy evaṃ bīje nāmani dhātau tv ārādhanakarmaṇi mantrasannāmaḥ | ramarayūṃ rākiṇi raktadhātuṃ piba piba lamarayūṃ lākini māṃsadhātuṃ bhakṣaya bhakṣaya ḍamarayūṃ ḍākini medodhātuṃ grasa grasa kamarayūṃ kākini asthidhātuṃ jambhaya jambhaya samarayūṃ sākini majjādhātuṃ gṛhṇa gṛhṇa hamarayūṃ hākini śukradhātuṃ piba piba aṇimādivaśaṃ kuru kuru svāhā iti dhātunāthayajanam ||
4_rellit/saiva/vinst_pu.txt	1407	ū			savisarganayapadaṃ bījāntasthaṃ ū ī siddhikarī nṛṇām ||
5_poetry/1_natya/bharnatu.txt	9061	ū			tatra svarāścaturdaśa | a ā i ī u ū ṛ ṝ ḷ ḹ e ai
6_sastra/7_ayur/vagaah_u.txt	211	ū			ity adhyāya śataṃ viṃśaṃ ṣaḍbhiḥ sthānair udīritam || ū ||
6_sastra/7_ayur/vagaah_u.txt	701	ū			a sātmya jā hi rogāḥ syuḥ sahasā tyāga śīlanāt || ū ||
6_sastra/7_ayur/vagaah_u.txt	2981	ū			uṣṇā matsyāḥ payaḥ śītaṃ kaṭuḥ siṃho na śūkaraḥ || ū ||
6_sastra/7_ayur/vagaah_u.txt	4857	ū			upanāhāhava krodhā bhūri pānaṃ kṣudhātapaḥ || ū ||
6_sastra/7_ayur/vagaah_u.txt	5201	ū			cirāc ca pākaṃ vayasaḥ karoti saṃśodhanaṃ samyag upāsyamānam || ū ||
6_sastra/7_ayur/vagaah_u.txt	5971	ū			karṇāsyākṣi srāva kaṇḍv arti jāḍyaṃ tandrā hidhmā dhūma paṃ na spṛśanti || ū ||
6_sastra/7_ayur/vagaah_u.txt	6431	ū			dṛṣṭiś ca naṣṭā vividhaṃ jagac ca tamo mayaṃ jāyata eka rūpam || ū ||
6_sastra/7_ayur/vagaah_u.txt	6631	ū			ācūṣaṇonnamana nāmana cāla bhaṅga vyāvartanarju karaṇāni ca yantra karma || ū ||
6_sastra/7_ayur/vagaah_u.txt	6635	ū			yantreṣv ataḥ kaṅka mukhaṃ pradhānaṃ sthāneṣu sarveṣv adhikāri yac ca || ū ||
1_veda/2_bra/gopbra_u.txt	4671	o			tā vā etāḥ pañca vyāhṛtayo bhavanty o śrāvayāstu śrauṣaḍ yaja ye yajāmahe vauṣaḍ iti
1_veda/2_bra/gopbra_u.txt	4871	o			tā vā etāḥ pañca vyāhṛtayo bhavanty o śrāvayāstu śrauṣaḍ yaja ye yajāmahe vauṣaḍ iti
1_veda/2_bra/satapath/sb_01_u.txt	2565	o			o śrāvayeti vai devāḥ | purovātaṃ sasṛjire 'stu śrauṣaḍityabhrāṇi samaplāvayanyajeti
1_veda/2_bra/satapath/sb_01_u.txt	2579	o			o śrāvayeti vai devāḥ | virājamabhyājuhuvurastu śrauṣaḍiti
1_veda/2_bra/satapath/sb_14_u.txt	4211	o			o yonirarciryadantaḥ karoti te'ṅgārā abhinandā visphuliṅgāstasminnetasminnagnau
1_veda/5_vedang/1_srauta/asvss_u.txt	73	o			svara ādim ṛg antam o kāram trimātram ma kāra antam kṛtvā uttarasyā ardharce avasyet | tat saṃtatam |
1_veda/5_vedang/1_srauta/asvss_u.txt	2335	o			imā u vām ayam vāam o tyam ahva ā ratahm iti sapta dyumnī vām yatstha iti bārhatam | aśvināvāvartir asmad āśvināv eha gacchatām iti tṛcau |
1_veda/5_vedang/1_srauta/asvss_u.txt	3937	o			vṛṣann indra vṛṣa pāṇāsa indavaḥ suṣumāyātam adribhir vanoti hi sunvan kṣayam parīṇaso mo ṣu vo asmad abhi tāni paurṃsyā o ṣū ṇo agne śṛṇuhi tvam īḍito agnim hotāram manye dāsvantam dadhyan ha me januṣam pūrvo aṅgirā iti | soma | pṛṣṭhya ṣaḍaha | siṣth day
1_veda/5_vedang/1_srauta/asvss_u.txt	3955	o			stīrṇam barhir iti tṛcau suṣumā ātam adribhir yuvām stomebhir devayanto aśvināv armaha indra vṛṣann indrāstu śrauṣaḍ o ṣū ṇo agne śṛṇuhi tvam īḍito ye devāso divy ekādaśa stheyam adadād rabhasam ṛṇa cyutam iti praugam |
1_veda/5_vedang/1_srauta/sankhssu.txt	101	o			e kāra o kārau ca pragṛhyau |
1_veda/5_vedang/1_srauta/sankhssu.txt	4051	o			ā vām mitrā varuṇā tat su vām mitrā varuṇā o mitrā varuṇā iti puronuvākyāḥ |
1_veda/5_vedang/1_srauta/sankhssu.txt	4887	o			stīrṇam barhir ā vām ratho ayam mitrāya yuvām stomebhir vṛṣann indra ity ekā avar maha indra iti dve o ṣu ṇo agna iyam adadād iti prauga tṛcāni |
1_veda/5_vedang/1_srauta/vaitss_u.txt	1365	o			vi hi sotor asṛkṣata nendraṃ devam amaṃsata | yatro o o o o o o o o o o o madad vṛṣākapo o o aryaḥ puṣṭeṣu matsakhā viśvasmād indra uktarom | parā hīndra iti ||
1_veda/5_vedang/1_srauta/vaitss_u.txt	1365	o			vi hi sotor asṛkṣata nendraṃ devam amaṃsata | yatro o o o o o o o o o o o madad vṛṣākapo o o aryaḥ puṣṭeṣu matsakhā viśvasmād indra uktarom | parā hīndra iti ||
1_veda/5_vedang/1_srauta/vaitss_u.txt	1365	o			vi hi sotor asṛkṣata nendraṃ devam amaṃsata | yatro o o o o o o o o o o o madad vṛṣākapo o o aryaḥ puṣṭeṣu matsakhā viśvasmād indra uktarom | parā hīndra iti ||
1_veda/5_vedang/1_srauta/vaitss_u.txt	1365	o			vi hi sotor asṛkṣata nendraṃ devam amaṃsata | yatro o o o o o o o o o o o madad vṛṣākapo o o aryaḥ puṣṭeṣu matsakhā viśvasmād indra uktarom | parā hīndra iti ||
1_veda/5_vedang/1_srauta/vaitss_u.txt	1365	o			vi hi sotor asṛkṣata nendraṃ devam amaṃsata | yatro o o o o o o o o o o o madad vṛṣākapo o o aryaḥ puṣṭeṣu matsakhā viśvasmād indra uktarom | parā hīndra iti ||
1_veda/5_vedang/1_srauta/vaitss_u.txt	1365	o			vi hi sotor asṛkṣata nendraṃ devam amaṃsata | yatro o o o o o o o o o o o madad vṛṣākapo o o aryaḥ puṣṭeṣu matsakhā viśvasmād indra uktarom | parā hīndra iti ||
1_veda/5_vedang/1_srauta/vaitss_u.txt	1365	o			vi hi sotor asṛkṣata nendraṃ devam amaṃsata | yatro o o o o o o o o o o o madad vṛṣākapo o o aryaḥ puṣṭeṣu matsakhā viśvasmād indra uktarom | parā hīndra iti ||
1_veda/5_vedang/1_srauta/vaitss_u.txt	1365	o			vi hi sotor asṛkṣata nendraṃ devam amaṃsata | yatro o o o o o o o o o o o madad vṛṣākapo o o aryaḥ puṣṭeṣu matsakhā viśvasmād indra uktarom | parā hīndra iti ||
1_veda/5_vedang/1_srauta/vaitss_u.txt	1365	o			vi hi sotor asṛkṣata nendraṃ devam amaṃsata | yatro o o o o o o o o o o o madad vṛṣākapo o o aryaḥ puṣṭeṣu matsakhā viśvasmād indra uktarom | parā hīndra iti ||
1_veda/5_vedang/1_srauta/vaitss_u.txt	1365	o			vi hi sotor asṛkṣata nendraṃ devam amaṃsata | yatro o o o o o o o o o o o madad vṛṣākapo o o aryaḥ puṣṭeṣu matsakhā viśvasmād indra uktarom | parā hīndra iti ||
1_veda/5_vedang/1_srauta/vaitss_u.txt	1365	o			vi hi sotor asṛkṣata nendraṃ devam amaṃsata | yatro o o o o o o o o o o o madad vṛṣākapo o o aryaḥ puṣṭeṣu matsakhā viśvasmād indra uktarom | parā hīndra iti ||
1_veda/5_vedang/1_srauta/vaitss_u.txt	1365	o			vi hi sotor asṛkṣata nendraṃ devam amaṃsata | yatro o o o o o o o o o o o madad vṛṣākapo o o aryaḥ puṣṭeṣu matsakhā viśvasmād indra uktarom | parā hīndra iti ||
1_veda/5_vedang/1_srauta/vaitss_u.txt	1365	o			vi hi sotor asṛkṣata nendraṃ devam amaṃsata | yatro o o o o o o o o o o o madad vṛṣākapo o o aryaḥ puṣṭeṣu matsakhā viśvasmād indra uktarom | parā hīndra iti ||
1_veda/5_vedang/1_srauta/vaitss_u.txt	1367	o			pratigare o o o o o o o o o o o o | ninardasya madetha madaivo o o thāmo daiva iti ||
1_veda/5_vedang/1_srauta/vaitss_u.txt	1367	o			pratigare o o o o o o o o o o o o | ninardasya madetha madaivo o o thāmo daiva iti ||
1_veda/5_vedang/1_srauta/vaitss_u.txt	1367	o			pratigare o o o o o o o o o o o o | ninardasya madetha madaivo o o thāmo daiva iti ||
1_veda/5_vedang/1_srauta/vaitss_u.txt	1367	o			pratigare o o o o o o o o o o o o | ninardasya madetha madaivo o o thāmo daiva iti ||
1_veda/5_vedang/1_srauta/vaitss_u.txt	1367	o			pratigare o o o o o o o o o o o o | ninardasya madetha madaivo o o thāmo daiva iti ||
1_veda/5_vedang/1_srauta/vaitss_u.txt	1367	o			pratigare o o o o o o o o o o o o | ninardasya madetha madaivo o o thāmo daiva iti ||
1_veda/5_vedang/1_srauta/vaitss_u.txt	1367	o			pratigare o o o o o o o o o o o o | ninardasya madetha madaivo o o thāmo daiva iti ||
1_veda/5_vedang/1_srauta/vaitss_u.txt	1367	o			pratigare o o o o o o o o o o o o | ninardasya madetha madaivo o o thāmo daiva iti ||
1_veda/5_vedang/1_srauta/vaitss_u.txt	1367	o			pratigare o o o o o o o o o o o o | ninardasya madetha madaivo o o thāmo daiva iti ||
1_veda/5_vedang/1_srauta/vaitss_u.txt	1367	o			pratigare o o o o o o o o o o o o | ninardasya madetha madaivo o o thāmo daiva iti ||
1_veda/5_vedang/1_srauta/vaitss_u.txt	1367	o			pratigare o o o o o o o o o o o o | ninardasya madetha madaivo o o thāmo daiva iti ||
1_veda/5_vedang/1_srauta/vaitss_u.txt	1367	o			pratigare o o o o o o o o o o o o | ninardasya madetha madaivo o o thāmo daiva iti ||
1_veda/5_vedang/1_srauta/vaitss_u.txt	1367	o			pratigare o o o o o o o o o o o o | ninardasya madetha madaivo o o thāmo daiva iti ||
1_veda/5_vedang/1_srauta/vaitss_u.txt	1367	o			pratigare o o o o o o o o o o o o | ninardasya madetha madaivo o o thāmo daiva iti ||
1_veda/5_vedang/1_srauta/vaitss_u.txt	1395	o			pratigara īkāraḥ | ninardasya kim ayam idam āho o othāmo daiva iti ||
1_veda/5_vedang/2_grhya/kaussu_u.txt	171	o			ṛtaṃ tvā satyena pariṣiñcāmi jātavedaḥ iti saha havirbhiḥ paryukṣya jīvābhir ācamya utthāya vedaprapadbhiḥ prapadyate o | m prapadye bhūḥ prapadye bhuvaḥ prapadye svaḥ prapadye janat prapadye iti
1_veda/5_vedang/2_grhya/kaussu_u.txt	3793	o			atha enān abhivyāhārayati adhrigo śamīdhvam | suśami śamīdhvam | śamīdhvam adhrigā o u iti triḥ
1_veda/5_vedang/2_paris/avpari_u.txt	4333	o			viṣāsahiṃ sahamānam agnir mā goptā o cit sakhāyam ita eta udāruhan dhanur hastād etad ā roha candramā apsv iti ||
1_veda/5_vedang/3_pratis/rgvidh_u.txt	709	o			o | sv | ity | ṛcam | apām | madhye | japed | yo | vai | nadīm | taran ||
3_purana/agp_bi_u.txt	16661	o		vahnimūrtaye namaḥ	o hāṃ vāṃ āṃ oṃ āṃ ṣāṃ oṃ bhūṃ bhūṃ vā
3_purana/agp_bi_u.txt	21917	o			o au aṃ aḥ ṅañaṇanā mo vargaḥ pañcamo bhavet
3_purana/agp_bi_u.txt	24082	o			o sāvitrī vāmajaṅghā dakṣe do dohanī pade ||
3_purana/agp_bi_u.txt	24098	o			sadyojāta o adhare ūrdhvauṣṭhe 'nugrahīśa au ||
3_purana/agp_bi_u.txt	47016	o	oṃ chaṃ nityaklinne madadrave oṃ oṃ | a ā i ī u ū ṛ ṝ ḷ ḹ e ai	tha da dha na pa pha ba bha ma ya ra la va śa ṣa sa ha kṣa | oṃ chaṃ	o au aṃ aḥ | ka kha ga gha ṅa ca cha ja jha ña ṭa ṭha ḍa ḍha ṇa ta
3_purana/agp_bi_u.txt	49069	o			edaitau kaṇṭatālavyau o au kaṇṭhyauṣṭhajau smṛtau
3_purana/garup1_u.txt	2887	o			u ū e ai kaṭitaṭe o nābhau hṛdi au nyaset ||
4_rellit/buddh/avsata_u.txt	291	o			somaḥ | o
4_rellit/buddh/divyav_u.txt	31411	o			manaḥśokaśalyenābhyāhato haritalūna uva na | o mlāyitumārabdhaḥ |
4_rellit/buddh/mhvastuu.txt	22503	o			darśanīyāni saptānāṃ suvarṇasya rūpyamayasya muktāye vaiḍūryasya sphaṭikasya musāgalvasya lohitikāye || teṣāṃ khalu punar ānanda dvārāṇāṃ dvinnāṃ varṇānāṃ iṣṭakā abhūṣi suvarṇasya rūpyasya ca || teṣāṃ khalu punar ānanda dvārāṇāṃ dvinnāṃ varṇānāṃ sopānā abhūṣi suvarṇasya ca rūpyasya ca || teṣāṃ khalu punar ānanda dvārāṇāṃ dvinnāṃ varṇānāṃ dharaṇīyo abhūṣi suvarṇasya ca rūpyasya ca || teṣāṃ khalu punar ānanda dvārāṇāṃ dvinnāṃ varṇānāṃ tulā abhūṣi suvarṇasya ca rūpyasya ca || teṣāṃ dvārāṇāṃ dvinnāṃ varṇānāṃ pratimodakā abhūṣi suvarṇasya ca rūpyasya ca || teṣāṃ dvārāṇāṃ dvinnāṃ varṇānāṃ pratikūlaṃ abhūṣi suvarṇasya ca rūpyasya ca || teṣāṃ khalu punar ānanda dvārāṇāṃ caturṇāṃ varṇānāṃ phalikaphalakāni abhūnsuḥ suvarṇasya ca rūpyasya ca muktāye ca vaiḍūryasya ca || teṣāṃ dvārāṇāṃ dvinnāṃ varṇānāṃ phalakastārā abhūnsuḥ suvarṇasya ca rūpyasya ca || teṣāṃ khalu punar ānanda dvārāṇāṃ dvinnāṃ varṇānāṃ elūkā abhūṣi suvarṇasya ca rūpyasya ca || teṣāṃ dvārāṇāṃ purato iṣīkāni māpitāni abhūnsuḥ tripauruṣanaikhanyāni tripauruṣoccāni dvādaśapuruṣa udvedhena citrāṇi darśanīyani saptānāṃ varṇānāṃ suvarṇasya rūpyasya muktāye vaiḍūryasya sphaṭikasya musāgalvasya lohitikāye ca || tāni khalu punar ānanda dvārāṇi dvihi dvihi hemajālehi praticchannā abhūnsuḥ sauvarṇamayena ca rūpyamayena ca hemajālena | sauvarṇasya hemajālasya rūpyamayī o
4_rellit/buddh/vinv_06u.txt	2607	o			akhil || i | o || ṃ ||
4_rellit/saiva/kubjt_pu.txt	1455	o			o jā pū kā kramān bhittvā vidyākubjapade sthitam |
4_rellit/saiva/kubjt_pu.txt	1975	o			e o madhye samuddhṛtya bindunāda m alaṅkṛtam ||
4_rellit/saiva/kubjt_pu.txt	3187	o			pañcaviṃśa samākhyātam o ṣa madhyagataṃ punaḥ |
4_rellit/saiva/kubjt_pu.txt	5753	o			o jā pū kā matatvaṃ tu madhyadakṣiṇavāmataḥ ||
4_rellit/saiva/kubjt_pu.txt	6011	o			o jā pū kāmuko bhedo dṛṣṭvākṣaraviniścitam |
4_rellit/saiva/kubjt_pu.txt	6021	o			o jā pū kāmarūpiṇyaś catvāry evaṃ vyavasthitāḥ ||
4_rellit/saiva/kubjt_pu.txt	6559	o			o jā pū kāmabhedena kā pū jā o vyatikramāt |
4_rellit/saiva/kubjt_pu.txt	6559	o			o jā pū kāmabhedena kā pū jā o vyatikramāt |
4_rellit/saiva/kubjt_pu.txt	7175	o			o jā pū kā kramaṃ madhyād vāmadakṣāgratordhvataḥ |
4_rellit/saiva/kubjt_pu.txt	7179	o			o jā pū kā kramād dhṛtsthaṃ dakṣādau vāma nābhigam |
4_rellit/saiva/kubjt_pu.txt	7417	o			o jā pū kā ḍi lam rṇa ma ā dha gi rū ṇa ra ri pū |
4_rellit/saiva/kubjt_pu.txt	7587	o			gāyatrī caiva sāvitrī o au jaṅghau prakīrtitau ||
4_rellit/saiva/kubjt_pu.txt	7807	o			aiṃ haḥ o kuṇḍalaguhyānte haḥ au kuṇḍalalakṣmike haḥ aṃ kuṇḍalinī hrūṃ phreṃ phaṭ kṣaḥ aḥ kulamālinī ||
4_rellit/saiva/kubjt_pu.txt	7875	o			e ū gho | ai ī re | o ba hūṃ | au ka gho | aṃ kha ra | aḥ ga rū |
4_rellit/saiva/kubjt_pu.txt	7889	o			śa ai hrīṃ | ṣa o hūṃ | sa au phreṃ |
4_rellit/saiva/kubjt_pu.txt	8027	o			o jā pū kāma madhyasthaṃ hṛnnābhau liṅgamadhyagam ||
4_rellit/saiva/kubjt_pu.txt	9567	o			pha lampaṭāvali o kaṅkāla oghāmbu bhairava
4_rellit/saiva/kubjt_pu.txt	9617	o			o sadyojātāvali pha || phetkāra bhairava
4_rellit/saiva/kubjt_pu.txt	9699	o			o lohitāvali pha mahāmaravīra
4_rellit/saiva/kubjt_pu.txt	9749	o			pha tribhuvanāvali o varalāmukhavīra
4_rellit/saiva/kubjt_pu.txt	10873	o			o oṣṭhe sadyadevas tu ai bhauktī dvija m ūrdhvagaḥ |
4_rellit/saiva/kubjt_pu.txt	10891	o			sāvitrī caiva gāyatrī au o jaṅghau prakīrtitau ||
4_rellit/vaisn/ss2_bhgu.txt	11	o			dākṣiṇātyena bhaṭṭena pnuar etad vivicyate || o ||
4_rellit/vaisn/ss2_bhgu.txt	15	o			paryālocyātha paryāyaṃ kṛtvā likhati jīvakaḥ || o ||
4_rellit/vaisn/ss4_krsu.txt	5	o			dākṣiṇātyena bhaṭṭena punar etad vivicyate || o ||
4_rellit/vaisn/ss4_krsu.txt	9	o			paryālocyātha paryāyaṃ kṛtvā likhati jīvakaḥ || o ||
4_rellit/vaisn/ss5_bhku.txt	5	o			dākṣiṇātyena bhaṭṭena punar etad vivicyate || o ||
4_rellit/vaisn/ss5_bhku.txt	9	o			paryālocyātha paryāyaṃ kṛtvā likhati jīvakaḥ || o ||
4_rellit/vaisn/ss6_priu.txt	5	o			dākṣiṇātyena bhaṭṭena pnuar etad vivicyate || o ||
4_rellit/vaisn/ss6_priu.txt	9	o			paryālocyātha paryāyaṃ kṛtvā likhati jīvakaḥ || o ||
5_poetry/1_natya/bharnatu.txt	9063	o			o au iti svarā jñeyāḥ ||
5_poetry/1_natya/bharnatu.txt	9089	o			o au kaṇṭhyoṣṭhyau | vakāro dantyoṣṭhyaḥ | ṅa ña ṇa na mā
5_poetry/4_narr/hitop_u.txt	2865	o			kiṃ karomi kva gacchāmi patit o duḥkhasāgare ||
5_poetry/4_narr/sokss_pu.txt	17853	o			āvāṃ mantrayamāṇau hy o dṛṣṭau devena dūrataḥ ||
5_poetry/4_narr/sokss_pu.txt	20803	o			ato 'śubhe nimitte hy o vatseśaṃ prati yattvayā |
5_poetry/4_narr/sokss_pu.txt	36983	o			vimānasthaś ca gaganāts o 'dhastāt pravilokayan |
6_sastra/6_kama/kamasutu.txt	3131	o			|| suvarṇa rajata tāmra kāṃsya loha bhāṇḍa upaskara āstaraṇa prāvaraṇa vās o viśeṣa gandhadravya kaṭuka bhāṇḍa ghṛta taila dhānya paśu jātīnāṃ pūrva pūrvato viśeṣaḥ |
6_sastra/8_jyot/brhats_u.txt	11445	o			o kāra rāvī pṛṣataś ca pūrṇaḥ |
1_veda/5_vedang/2_paris/avpari_u.txt	17	ḥ			rudrasyārdrāditeḥ punarvasū puṣye vidyād bṛhaspatim | aśleṣā ḥ sarpadaivatyā maghāsu pitaraḥ smṛtāḥ ||
1_veda/5_vedang/2_paris/avpari_u.txt	349	ḥ			tiryag nyag vādhipatitaṃ viparītaṃ hīnāṅgāṅgātiriktaṃ vikṛtanagnamuṇḍabaṇḍaś citraśyāmaśyāvadantakunakhijaṭila ḥ kāṣāyāvikayoś carmā brāhmaṇayor
1_veda/5_vedang/2_paris/avpari_u.txt	429	ḥ			yā na ḥ stutaḥ parihiṇomi medhayā tapyamānam ṛṣibhiḥ kāmaśocibhiḥ | jaratkārasūnor ṛṣibhir manīṣibhis tā aśleṣā abhirakṣantu noragaiḥ ||
1_veda/5_vedang/2_paris/avpari_u.txt	433	ḥ			yo yojayan karmaṇā carṣaṇīdhṛto bhūmiṃ ceti bhaga ḥ prajāḥ prasādayan | taddevatye śivatamām alaṃkṛte phalgunyor īḍe bhajanaṃ ca pūrvayoḥ ||
1_veda/5_vedang/2_paris/avpari_u.txt	439	ḥ			tvaṣṭre namaḥ kṣitisṛje manīṣiṇe bhūtagoptre paramakarmakāriṇe | sā na ḥ stutā kṛṇutāṃ karmasiddhaye citrāṃ devī saha yogena rūpabhṛt ||
1_veda/5_vedang/2_paris/avpari_u.txt	449	ḥ			yā dhārayaty ojasātidevapadaṃ mātā pṛthivī ca sā sarvabhūtabhṛt | sā na ḥ stutā kṛṇutāṃ karmasiddhaye mūlaṃ devī nirṛtiḥ sarvakarmasu ||
1_veda/5_vedang/2_paris/avpari_u.txt	451	ḥ			parjanyasṛṣṭās tisṛṇībhir āvṛtaṃ yās tarpayanty abhitaḥ pravṛddhaye | tā ḥ staumy āpo vāruṇīḥ || pūrvā āṣāḍhā svadhayāstu yojane ||
1_veda/5_vedang/2_paris/avpari_u.txt	463	ḥ			śunāsīrau naḥ pramumūtu jihmasau tautau pitṛbhyo dadatu ḥ stanau śubhau | tau pūrvajau kṛṇutām ekapād ajaḥ pratiṣṭhānau sarvakāmābhayāya ca ||
1_veda/5_vedang/2_paris/avpari_u.txt	615	ḥ			yo 'smin yakṣma ḥ puruṣe praviṣṭa iṣitaṃ daivyaṃ sahaḥ | agniṣ ṭaṃ ghṛtabodhano 'paskanda no vidūram asmat so 'nyena samṛcchāt || tasmai prasuvāmasi ||
1_veda/5_vedang/2_paris/avpari_u.txt	855	ḥ			yo na ḥ sva iti pañcabhiḥ sarṣapāñ juhuyāt ||
1_veda/5_vedang/3_pratis/rgvidh_u.txt	77	ḥ			anāryair | na | ca | bhāṣeta | na | śūdrair | na | api | garhitai | ḥ ||
1_veda/5_vedang/3_pratis/rgvidh_u.txt	79	ḥ			na | rajasvalayā | nāryā | patitair | na | antyajair | nṛbhi | ḥ ||
1_veda/5_vedang/3_pratis/rgvidh_u.txt	85	ḥ			maṅgala | ācāra | yukta | ḥ | syāt | trir | ahno | abhyupayan | apaḥ ||
1_veda/5_vedang/3_pratis/rgvidh_u.txt	123	ḥ			cāndrāyaṇam | saha | ādy | antam | ebhi | ḥ | kṛcchraiḥ | samam | smṛtam ||
1_veda/5_vedang/3_pratis/rgvidh_u.txt	267	ḥ			ṛṣim | sarvam | idam | japtvā | saputam | niyata | ḥ | śuciḥ ||
3_purana/bhagp/bhp_03u.txt	4531	ḥ			yathoditaṃ sva duhit ḥ prādād viśva sṛjāṃ tataḥ
3_purana/vipce_pu.txt	3077	ḥ			anyeṣāṃ tad varaṃ sthānaṃ kule svāyambhuvasya yat || ḥ ||
3_purana/vipce_pu.txt	14747	ḥ			samyak ca prajāpālanam akarot || ḥ
4_rellit/buddh/bhivin_u.txt	887	ḥ			durgandhim aśuciṃ ḥ vidhavastañ ca vinīlakaṃ ||
4_rellit/buddh/bhivin_u.txt	1783	ḥ			bhavāmi muditā ḥ ḥ dattvā ṛṣisya āhāraṃ |
4_rellit/buddh/bhivin_u.txt	1783	ḥ			bhavāmi muditā ḥ ḥ dattvā ṛṣisya āhāraṃ |
4_rellit/buddh/bhivin_u.txt	3277	ḥ			caturddaśamo vargaḥ || ḥ ||
4_rellit/buddh/bhivin_u.txt	3285	ḥ			tatrāryamiśrikāyo pṛcchāmi kaccit tha pariśuddhāḥ | dvitīyaṃ pi tṛtīyaṃ pi pṛcchāmi | kaccit tha pariśuddhāḥ | pariśuddhā atrāryamiśrikāyo | yasmāt tūṣṇīm evam etad dhārayāmi || ḥ ||
4_rellit/buddh/srabhu_u.txt	2392	ḥ			ḥ i
4_rellit/buddh/vimkn_u.txt	73	ḥ			tāni cemāni buddhakṣetrapariśuddhiṃ paripṛcchanti ḥ katamā bodhisatvānāṃ buddhakṣetrapariśuddhir iti | tat sādhu bhagavan deśayatu tathāgato 'mīṣāṃ bodhisatvānāṃ buddhakṣetrapariśuddhim |
4_rellit/buddh/vimkn_u.txt	143	ḥ			tataḥ punar evedaṃ buddhakṣetraṃ tatsvabhāvam eva saṃvṛtam | tatra śrāvakayānikānāṃ devamanuṣyāṇām ḥ anityā bateme sarvasaṃskārā iti viditvā dvātriṃśatā prāṇisahasrāṇāṃ virajovigatamalaṃ dharmeṣu dharmacakṣur viśuddham | aṣṭānāṃ ca bhikṣusahasrāṇām anupādāyāsravebhyaś cittāni vimuktāni ||
4_rellit/buddh/vimkn_u.txt	397	ḥ			jagatindharo 'py āha | nāhaṃ bhagavan utsahe tasya satpuruṣasya glānaparipṛcchako gantum | tat kasmād dhetoḥ | abhijānāmy ahaṃ bhagavan | ekasmin samaye svake vihāre viharāmi | atha māraḥ pāpīyān dvādaśabhir apsaraḥsahasraiḥ parivṛtaḥ śakraveṣeṇa tūryasaṃgītisaṃpravāditena yenāhaṃ tenopasaṃkramya mama pādau śirasā vanditvā saparivāro māṃ puraskṛtyaikānte 'sthāt | tam enam ahaṃ jānāmi ḥ śakra eṣa devendra iti |
4_rellit/buddh/vimkn_u.txt	471	ḥ			tasya mātāpitarāv api glānau syātām | tāvac ca duḥkhitau bhavetāṃ yāvan nāsāv ekaputrakas tayor vigatavyādhiḥ syāt | evaṃ mañjuśrīḥ bodhisatvasya sarvasatveṣv ekaputrakaprema | sa satvaglānyena glāno bhavati | satvārogyāt tv arogaḥ | yat punar mañjuśriḥ evaṃ vadasi ḥ kutaḥ samutthito vyādhir iti | mahākaruṇāsamutthito bodhisatvānāṃ vyādhiḥ |
4_rellit/buddh/vimkn_u.txt	499	ḥ			āha | sarvasatvacittacaritebhyo mārgitavyā | yat punar mañjuśrīḥ evaṃ vadasi ḥ kas ta upasthāyaka iti | sarvamārāḥ sarvaparapravādinaś ca mamopasthāyakāḥ | tat kasmād dhetoḥ | mārā hi saṃsārasya varṇavādinaḥ | saṃsāraś ca bodhisatvasyopasthāyakaḥ | parapravādino dṛṣṭigatānāṃ varṇavādinaḥ | bodhisatvaś ca sarvadṛṣṭigatebhyo na calati | tasmāt sarvamārāḥ sarvaparapravādinaś ca mamopasthāyakāḥ |
4_rellit/buddh/vimkn_u.txt	546	ḥ			tat kasmād dhetoḥ | aprapañco hi dharmo nirakṣaraḥ | tatra yaḥ prapañcayati ḥ duḥkhaṃ parijñāsyāmi samudayaṃ prahāsyāmi nirodhaṃ sākṣātkariṣyāmi mārgaṃ bhāvayiṣyāmīti | nasau dharmārthikaḥ | prapañcārthiko 'sau | dharmo hi bhadantaśāriputra upaśāntaḥ | tatra ya utpādavyaye caranti | na te dharmārthikā na vivekārthikāḥ | utpādavyayārthikās te | dharmo hy arajo rajo'pagataḥ | tatra ye kvacid dharme rakṣante 'ntaśo nirvāṇe 'pi | na te dharmārthikāḥ | rajo'rthikās te | dharmo hy aviṣayaḥ | ye viṣayasaṃkhyātāḥ | na te dharmārthikāḥ | viṣayārthikās te | dharmo nāyūho niryūhaḥ | ye kecid dharmaṃ gṛhṇanti vā muñcanti vā | na te dharmārthikāḥ | udgrahaniḥsargārthikās te |
4_rellit/buddh/vimkn_u.txt	570	ḥ			na ca sarṣapaphalakośaṃ vivardhayet | na ca sumeruṃ hāpayet | tāṃ ca kriyām ādarśayet | na cāturmahārājakāyikā devās trayastriṃśato vā jānīran ḥ kasmin vayaṃ prakṣiptāḥ | anye ca satvā ṛddhivineyā jānīyuḥ paśyeyus taṃ sumeruṃ parvatarājaṃ sarśapaphalakośapraviṣṭam | ayaṃ bhadantaśāriputra bodhisatvānām acintyasya vimokṣasya viṣayapraveśaḥ |
4_rellit/buddh/vimkn_u.txt	572	ḥ			na ca matsyakacchapaśiśumāramaṇḍūkānām anyeṣāṃ vaudakānāṃ prāṇināṃ pīḍā bhavet | na ca nāgayakṣagandharvāsurāṇām evaṃ bhavet ḥ kasmin vayaṃ prakṣiptāḥ | sā ca kriyā prajñāyeta | na ca kaścit satvo vihiṃsito viheṭhito vā bhavet |
4_rellit/buddh/vimkn_u.txt	574	ḥ			na ca satvā jānīran ḥ kasmin vayaṃ nītāḥ | kuto vāgatā iti | punar api cānāyya yathāsthānaṃ sthāpayet | na ca gamanāgamanaṃ saṃjānīran | sā ca kriyā saṃdṛśyeta |
4_rellit/buddh/vimkn_u.txt	1026	ḥ			atha vimalakīrtir licchavis taṃ nirmitaṃ bodhisatvam evam āha | gaccha kulaputra ūrdhaṃdigbhāge dvācatvāriṃśad gaṅgānadīvālikāsamāni buddhakṣetrāṇy atikramya sarvagandhasugandho nāma lokadhātuḥ | tatra gandhottamakūṭo nāma tathāgataḥ | sa etarhi bhaktāya niṣaṇṇaḥ | tatra gatvā madvacanāt tasya tathāgatasya pādau śirasā vanditvaivaṃ vada ḥ vimalakīrtir licchavir bhagavataḥ pādau śirasā vanditvā bhagavato 'lpābādhatāṃ ca paripṛcchaty alpātaṅkatāṃ ca laghutthānatāṃ ca yātrāṃ ca balaṃ ca sukhaṃ cānavadyatāṃ ca sparśavihāratāṃ ca | evaṃ ca vadati ḥ dehi me bhagavan bhuktāvaśeṣaṃ yat sahe lokadhātau buddhakṛtyaṃ kariṣyati | eṣāṃ ca hīnādhimuktikanāṃ satvānam udārāṃ matiṃ rocayiṣyati | tathāgatasya nāmadheyaṃ vaistārikaṃ kṛtaṃ bhaviṣyati |
4_rellit/buddh/vimkn_u.txt	1026	ḥ			atha vimalakīrtir licchavis taṃ nirmitaṃ bodhisatvam evam āha | gaccha kulaputra ūrdhaṃdigbhāge dvācatvāriṃśad gaṅgānadīvālikāsamāni buddhakṣetrāṇy atikramya sarvagandhasugandho nāma lokadhātuḥ | tatra gandhottamakūṭo nāma tathāgataḥ | sa etarhi bhaktāya niṣaṇṇaḥ | tatra gatvā madvacanāt tasya tathāgatasya pādau śirasā vanditvaivaṃ vada ḥ vimalakīrtir licchavir bhagavataḥ pādau śirasā vanditvā bhagavato 'lpābādhatāṃ ca paripṛcchaty alpātaṅkatāṃ ca laghutthānatāṃ ca yātrāṃ ca balaṃ ca sukhaṃ cānavadyatāṃ ca sparśavihāratāṃ ca | evaṃ ca vadati ḥ dehi me bhagavan bhuktāvaśeṣaṃ yat sahe lokadhātau buddhakṛtyaṃ kariṣyati | eṣāṃ ca hīnādhimuktikanāṃ satvānam udārāṃ matiṃ rocayiṣyati | tathāgatasya nāmadheyaṃ vaistārikaṃ kṛtaṃ bhaviṣyati |
4_rellit/buddh/vimkn_u.txt	1157	ḥ			bhagavān āha | etam eva tvaṃ śāriputra satpuruṣaṃ paripṛccha ḥ kutas tvaṃ cyutvehopapanna iti |
4_rellit/buddh/vimkn_u.txt	1165	ḥ			āha | evam acyutikānām anutpattikānāṃ bhadantaśāriputra sarvadharmāṇāṃ kutas tavaivaṃ bhavati ḥ kutas tvaṃ cyutvehopapanna iti | yaṃ bhadantaśāriputra nirmitāṃ striyaṃ puruṣaṃ vā pṛccheḥ ḥ kutas tvaṃ cyutvehopapanna iti | sa kiṃ vyākuryāt |
4_rellit/buddh/vimkn_u.txt	1165	ḥ			āha | evam acyutikānām anutpattikānāṃ bhadantaśāriputra sarvadharmāṇāṃ kutas tavaivaṃ bhavati ḥ kutas tvaṃ cyutvehopapanna iti | yaṃ bhadantaśāriputra nirmitāṃ striyaṃ puruṣaṃ vā pṛccheḥ ḥ kutas tvaṃ cyutvehopapanna iti | sa kiṃ vyākuryāt |
4_rellit/buddh/vimkn_u.txt	1173	ḥ			āha | nirmitasvabhāveṣu bhadantaśāriputra sarvadharmeṣu ḥ kutas tvaṃ cyutvehopapanna iti | cyutir iti bhadantaśāriputra abhisaṃskārakṣanaiakṣaṇapadam etat | upapattir ity abhisaṃskāraprabandha eṣaḥ | tatra bodhisatvaś cyavate | na kuśalamūlābhisaṃskāraṃ kṣapayati | upapadyate ca | na cākuśalaṃ prabadhnāti |
4_rellit/buddh/vimkn_u.txt	1195	ḥ			tatra ye punar anye devamanuṣyāḥ | te na jānanti na paśyanti ḥ kuto vayaṃ kriyāmaha iti | na hy abhiratyā lokadhātor imaṃ sahaṃ lokadhātuṃ praveśitāyā ūnatvaṃ na pūrṇatvam abhūt | na cāsya lokadhātor utpīḍo na saṃbādhaḥ | nāpy abhiratyā lokadhātor ūnabhāvaḥ | yathā pūrvaṃ tathā paścāt saṃdṛśyate |
4_rellit/buddh/vimkn_u.txt	1223	ḥ			iti hi devānām indra teṣāṃ pañcānām antarakalpānām atyayena sa rājā ratnacchatras tat putrasahasram āmantrayate sma | yat khalu mārṣāḥ jānīta | kṛtā mayā tathāgatasya pūjā | yūyam idānīṃ tathāgatasya pūjāṃ kuruta | iti hi devānām indra te rājakumārāḥ pitū rājño ratnacchatrasya ḥ sādhv iti pratiśrutya sarve sahitāḥ samagrā aparān pañcāntarakalpāṃs taṃ bhagavantaṃ bhaiṣajyarājaṃ tathāgataṃ satkurvanti sarvasukhopadhānaiḥ |
4_rellit/buddh/vimkn_u.txt	1231	ḥ			devatāha | etam eva tvaṃ satpuruṣa tathāgataṃ bhaiṣajyarājam upasaṃkramya paripṛccha ḥ katamā sā dharmapūjeti | sa te bhagavān vyākariṣyati |
4_rellit/buddh/vinsutru.txt	591	ḥ			na siṃhasama ḥ sṛgālasamam utiṣṭheta
4_rellit/buddh/vinsutru.txt	663	ḥ			na varṣāsv apātraka ḥ syāt
4_rellit/buddh/vinsutru.txt	1439	ḥ			pṛthakkṛtayo ḥ kāyātysevyasevanayoḥ
4_rellit/buddh/vinsutru.txt	1607	ḥ			sthānottamātikrānti ḥ dravyo tu mena nimajjane
4_rellit/buddh/vinsutru.txt	2240	ḥ			|| vinīlikādau vighaṭiti asthiśaṅkalikayoḥ śira ḥ karṇanāsasu grivānta re pārśvapṛṣṭhakroḍavaliṣu vālāntare hastāṃsabāhuṣu bāhvantare kaṭyurupādajaṃghāsu jaṃghāntare ca mocane maulaṃ
4_rellit/buddh/vinsutru.txt	3148	ḥ			ṣaṭ caturaṅgulo hasto rdhacaturtha ḥ hastakaḥ puruṣaś ca caturhastakaṃ dhanus tat śatapañcakaṃ krośaḥ
4_rellit/buddh/vinsutru.txt	4120	ḥ			samagro bhikṣuṇīsaṃghaḥ pariśuddhasamaveto navadyo mā vaḥ kaścid asaṃmata ḥ saṃghena pudgalo vavadate saṃghād va āgacchati pudgalo vavādako na vaḥ kaścid utsahate bhikṣur avavadituṃ saṃghād vo vavādānuśāsanī apramādena bhaginyaḥ
4_rellit/buddh/vinsutru.txt	4372	ḥ			sthānotsarga ḥ pravāraṇaṃ
4_rellit/buddh/vinsutru.txt	5283	ḥ			jñapte caturthasya te karmaṇa iti pūrvatrottaratranāśanīyasya te ity upakramaṃ jñapti ḥ kṛtā ni ḥ sṛjedam evaṃrūpaṃ pāpakaṃ dṛṣṭigataṃ prathamā karmavācanā kṛtā dvitīyeti pratyetadantam asmai bhikṣuṇā śrāvayeyuḥ
4_rellit/buddh/vinsutru.txt	5283	ḥ			jñapte caturthasya te karmaṇa iti pūrvatrottaratranāśanīyasya te ity upakramaṃ jñapti ḥ kṛtā ni ḥ sṛjedam evaṃrūpaṃ pāpakaṃ dṛṣṭigataṃ prathamā karmavācanā kṛtā dvitīyeti pratyetadantam asmai bhikṣuṇā śrāvayeyuḥ
4_rellit/buddh/vinsutru.txt	12568	ḥ			vāditreṇaitadvādyamānena sārdvanyena ca mahatā satkāreṇa nirāvadyaṃ vādanāya kuru kuru bhoṣ puruṣa śāstu ḥ pūjām ity udīraṇam
4_rellit/buddh/vinv15_u.txt	29	ḥ			daśāvandyāḥ | katame ḥdaśa | ḥ pārivāsiko mūlapārivāsikaḥ paryuṣitaparivāsaḥ mānāpyacārikaś caritamānāpyo 'darśanāyotkṣiptakaḥ apratikarmāyotkṣiptakaḥ apratinisṛṣṭe pāpake dṛṣṭigate utkṣiptakaḥ sarvo gṛhī ḥsarvāśḥ cānupasaṃpannaḥ
4_rellit/buddh/vinv15_u.txt	229	ḥ			upananda atilobhena dvayor vihārayor varṣā upagataḥ ubhayavaihārikaṃ lābhaṃ lapsayata iti sa vṛttāsu varṣāsu lābhaṃ prārthayate naitasmin labhyate nāpy aparasmin | śayanāsanodddeśakān bhikṣūn paribhāṣata | etat prakaraṇam bhikṣavo bhagavata ārocayanti | bhagavān āha | varṣoṣito 'sau deyo 'sya lābhaḥ iti | bhikṣava ubhayavihārābhyām api prayacchanti | bhagavān āha | na tatrobhayavihārābhyāṃ dātavyam | ekasmāt prayacchanti | anye bhikṣavo 'vadhyāyanti kṣipanti vivācayanti | uhayavihārayor varṣoṣitaḥ kimartham ekasamād dīyate iti | ḥetat prakaraṇaṃ bhikṣavo bhagavata ārocayanti | bhagavān āha | ḥ ubhayavihārābhyām apy ardhārdhaṃ deyam | na ca punar bhikṣuṇā dvayor vihārayor upagantavyaṃ | upagacchati | sātisāro bhavati
4_rellit/buddh/vinv15_u.txt	273	ḥ			apre pañcānuśaṃsā vinayadhare pudgale | ḥkatame pañca | ḥ svo 'sya śīlaskandhaḥ sugupto bhavati sugopitaḥ | abhigamanīyo bhavati catasṛṇāṃ parṣadām | kaukṛtyaprasṛtānāṃ pudgalānāṃ pratiśaraṇabhūto bhavati | viśāradḥ saṃghamadhye viharati | pratyarthinaḥ svasaddharme gṛhṇāti
4_rellit/buddh/vinv15_u.txt	293	ḥ			pratikṣepo 'bhyanujñā ca saiva pañcamā pañcikā || ḥ
4_rellit/buddh/vinv16_u.txt	162	ḥ	bhagavān saṃlakṣayati | śakṣyanti bata me sthalasthāḥ śrāvakāḥ utpannotpannāny adhikaraṇāni vyupaśamayituṃ dharmeṇa vinayena śāstuḥ śāsanena | tasmāt tarhi bhikṣavaḥ sthalasthair bhikṣubhir utpannotpannāny adhikaraṇāni vyupaśamayitavyāni dharmeṇa vinayena śāstuḥ śāsanena iti | bhikṣavo na jānate ke sthalasthāḥ kati vā iti | bhagavān āha | ye śaknuvanti saṃgham antareṇa utpannotpannāny adhikaraṇāni vyupaśamayitum | te ca trayaḥ | asti sthalastho na kāyena saṃvṛto na vācā | asti kāyena saṃvṛto na vācā | asti kāyena saṃvṛto vācā ḥcaḥ | katamo na kāyena saṃvṛto na vācā | yathāpitat sthalastho bhikṣūṇāṃ kalahajātānām bhaṇḍanajātānāṃ vigṛhītānāṃ vivādam āpannānāṃ pakṣāparapakṣavyavasthitānām ātmanā upasaṃkramyaivam āhā | sādhv āyuṣmantaḥ idam adhikaraṇam sūdgṛhītaṃ na durgṛhītam | susaṃprayuktaṃ na duṣprayuktaṃ suparāmṛṣṭaṃ na duṣparāmṛṣṭam idaṃ ca idam ca vadata idaṃ ca idam ca mā vakṣyatha | abhimardantām āyuṣmantaḥ parān | mā ca paro abhimardatām | vayam āyuṣmatām pakṣo balam sahāyakā iti dvitīyam api pakṣam ātmanaivopasaṃkramyaivam āha | sādhv āyuṣmanta idam adhikaraṇam sūdgṛhītaṃ na durgṛhītaṃ susaṃprayuktam na duṣprayuktam suparāmṛṣṭaṃ na duṣparāmṛṭam idaṃ ca idaṃ ca vadata idaṃ ca idaṃ ca mā vakṣyatha | abhimardantām āyuṣmantaḥ parān | mā ca paro abhimardatām | vayam āyuṣmatām pakṣo balaṃ sahāyakā iti | ayaṃ sthalasthaḥ na kāyena saṃvṛto na vācā | katamaḥ sthalasthaḥ kāyena saṃvṛto na vācā | yathāpitat sthalasthaḥ bhikṣūṇāṃ kalahajātānāṃ bhaṇḍanajātānāṃ vigṛhītānāṃ vivādam āpannānāṃ pakṣāparapakṣavyavasthitānām ekasmin pakṣe nātmanā upasaṃkrāmati api tu dūtam anupreṣayati | sādhv āyuṣmanta etad adhikaraṇaṃ sūdgṛhītaṃ na durgṛhītaṃ susaṃprayuktaṃ na duṣprayuktaṃ suparāmṛṣṭaṃ na duṣparāmṛṣṭam | idaṃ cedaṃ ca vadata idaṃ cedaṃ ca mā vakṣayatha | abhimardantām āyuṣmantaḥ parān | mā ca paro abhimardatām | vayam āyuṣmatāṃ pakṣo bala sahāyakā iti | ḥdvitīye 'pi pakṣe nātmanopasaṃkrāmati | api tu dūtam anupreṣayati sādhv āyuṣmantaḥ etad adhikaraṇaṃ sūdgṛhītaṃ na durgṛhītaṃ susaṃprayuktaṃ na duṣprayuktaṃ suparāmṛṣṭaṃ na duṣparāmṛṣṭam | idaṃ cedaṃ ca vadata idaṃ cedaṃ ca mā vakṣyatha | abhimardantām āyuṣmantaḥ parān | mā ca paro abhimardatām |		vayam āyuṣmatām pakṣo balaṃ sahāyakā iti | ḥ ayaṃ sthalasthaḥ kāyena saṃvṛto na vācā | katamaḥ sthalasthaḥ kāyena saṃvṛto vācā ca | yathāpitat sthalastho bhikṣūṇāṃ kalahajātānāṃ bhaṇḍanajātānāṃ vigṛhītānāṃ vivādam āpannānāṃ pakṣāparapakṣavyavasthitānām ekasmin pakṣe nātmanā upasaṃkrāmati nāpi dūtam anupreṣayati | dvitīyam api nātmanopasaṃkrāmati nāpi dūtam anupreṣayati
4_rellit/buddh/vinv16_u.txt	189	ḥ		idam ucyate sarvasāṃghikaṃ śalākācāraṇam	catvāri śalākācāraṇāni | katamāmi catvāri | channaṃ vivṛtaṃ sakarṇatuntunakaṃ sarvasāṃghikaṃ ca | channaṃ śalākācāraṇaṃ katamat | yathāpitat śalākācārakasya bhikṣor evaṃ bhavati | asminn evāvāse prabhūtāḥ sthavirā bhikṣavo adharmavādināḥ alpās tu navakā bhikṣavo dharmavādinaḥ | ahaṃ ced vivṛte śalākāṃ cārayeyaṃ sthānam etad vidyate yan navakā bhikṣavaḥ sthavirāṇāṃ bhikṣūṇām anuvidhīyamānāḥ prabhūtām adharmaśalākāṃ gṛhṇīyuḥ | yanv aham channe śalākāṃ cārayeyam iti sa channe śalākāṃ cārayati | idam ucyate channam śalākācārṇam | ḥvivṛtaṃ śalākācāraṇaṃ katamat | ḥ yathāpitat śalākācārakasya bhikṣor evaṃ bhavati | asminn āvāse prabhūtāḥ sthavirā bhikṣavo dharmavādinaḥ alpās tu navakā bhikṣavaḥ adharmavādinaḥ | ahaṃ cec channe śalākāṃ cārayeyaṃ sthānam etad vidyate yan navakā bhikṣavaḥ adharmaśalākāṃ gṛhṇīyuḥ | yanv aham vivṛte śalākāṃ cārayeyam | vivṛte śalākāṃ cārayataḥ sthānam etad vidyate yan navakā bhikṣavaḥ sthavirāṇāṃ bhikṣūṇām anuvidhīyamānāḥ prabhūtaṃ dharmaśalākāṃ gṛhṇīyuḥ iti | sa vivṛte śalākāṃ cārayati | idam ucyate vivṛtaṃ śalākācāraṇam | sakarṇatuntunakaṃ śalākācāraṇaṃ katamat | yathāpitac chalākācārako bhikṣuḥ karṇamūle gatvā tuntunāyate | āyuṣmann upādhyāyena te dharmaśalākā gṛhītā | tvam api dharmaśalākāṃ gṛhāṇa | ācāryeṇa samānopādhyāyena samānācāryeṇa ālaptakena saṃlaptakena saṃstutakena sapremakena te dharmaśalākā gṛhītā | tvam api dharmaśalākāṃ gṛhāṇa iti | idam ucyate sakarṇatuntunakaṃ śalākācāraṇam | sarvasāṃghikaṃ śalākācāraṇaṃ katamat | yathāpitac chalākācārakasya bhikṣor evaṃ bhavati | asminn āvāse prabhūtā bhikṣavo glānāḥ | ahaṃ ced ḥasaṃniṣaṇṇeḥ asaṃnipatite sarvasaṃghe śalākāṃ cārayeyaṃ sthānam etad vidyate prabhūtā bhikṣavaḥ adharmaśālākāṃ gṛhṇiyuḥ na tv ahaṃ sarvasaṃghe saṃniṣaṇṇe saṃnipatite śalākāṃ cārayeyam iti sa sarvasaṃghe saṃniṣaṇṇe saṃnipatite śalākāṃ cārayati |
4_rellit/buddh/vinv16_u.txt	207	ḥ			trīṇy adhārmikāṇi smṛtivinayadānāni | trīṇi dhārmikāṇi | trīṇy adhārmikāṇi smṛtivinayadānāni ḥkatamāni | ḥ yathāpitad bhikṣuḥ pārājikām āpattim āpannaḥ | tam enaṃ bhikṣavas tena vastunā codayanti | sa tena vastunā codyamānaḥ saṃghāt smṛtivinayaṃ yācate | tasya saṃghaḥ smṛtivinayaṃ dadyāt | adhārmikaṃ smṛtivinayadānam | tat kasya ketoḥ | nāśanārhaḥ sa | yathāpitad bhikṣuḥ saṃghāvaśeṣāṃ pāyattikāṃ pratideśanikāṃ duṣkṛtām āpattim apannaḥ tam enaṃ bhikṣavas tena vastunā codayanti | sa tena vastunā codyamānaḥ saṃghāt smṛtivinayaṃ yācate | tasya saṃghaḥ smṛtivinayaṃ dadāti | adhārmikaṃ smṛtivinayadānaṃ | tat kasya hetoḥ | deśanārhaḥ sa | yathāpitat sekatena bhikṣuṇā nagnenonmattakena kṣiptacittena vedanābhinunnena bahv aśrāmaṇakam anānulomikam ācaritaṃ bhāṣitaṃ parākrāntam | lālā vāhitā | akṣiṇī visphārite | mukhaṃ vibhaṇḍitam | asuptena supta iti matam | parair apravyāhṛtena pravyāhṛta iti matam | tena cāpareṇa samayena svacittaṃ pratilabdham | tam enaṃ bhikṣavas tena vastunā codayanti | ḥsa tena vastunā codyamānaḥ saṃghāt smṛtivinayaṃ yācateḥ | saṃghaḥ smṛtivinayaṃ dadāti | adhārmikaṃ smṛtivinayadānam | tat kasya hetoḥ | amūḍhavinayārhaḥ sa | yathāpitad vastuko bhikṣuḥ saṃghamadhye āpattim avajānāti | avajñāya pratijānāti | pratijñāya punar apy avajānāti | ḥtasya bhikṣavaḥ smṛtivinayaṃ dadati | adhārmikaṃ smṛtivinayadānam | tat kasya hetoḥ | ḥ tatsvabhāvaiṣīyārhaḥ sa | itīmāmi trīṇy adhārmikāṇi smṛtivinayadānāni
4_rellit/buddh/vinv16_u.txt	207	ḥ			trīṇy adhārmikāṇi smṛtivinayadānāni | trīṇi dhārmikāṇi | trīṇy adhārmikāṇi smṛtivinayadānāni ḥkatamāni | ḥ yathāpitad bhikṣuḥ pārājikām āpattim āpannaḥ | tam enaṃ bhikṣavas tena vastunā codayanti | sa tena vastunā codyamānaḥ saṃghāt smṛtivinayaṃ yācate | tasya saṃghaḥ smṛtivinayaṃ dadyāt | adhārmikaṃ smṛtivinayadānam | tat kasya ketoḥ | nāśanārhaḥ sa | yathāpitad bhikṣuḥ saṃghāvaśeṣāṃ pāyattikāṃ pratideśanikāṃ duṣkṛtām āpattim apannaḥ tam enaṃ bhikṣavas tena vastunā codayanti | sa tena vastunā codyamānaḥ saṃghāt smṛtivinayaṃ yācate | tasya saṃghaḥ smṛtivinayaṃ dadāti | adhārmikaṃ smṛtivinayadānaṃ | tat kasya hetoḥ | deśanārhaḥ sa | yathāpitat sekatena bhikṣuṇā nagnenonmattakena kṣiptacittena vedanābhinunnena bahv aśrāmaṇakam anānulomikam ācaritaṃ bhāṣitaṃ parākrāntam | lālā vāhitā | akṣiṇī visphārite | mukhaṃ vibhaṇḍitam | asuptena supta iti matam | parair apravyāhṛtena pravyāhṛta iti matam | tena cāpareṇa samayena svacittaṃ pratilabdham | tam enaṃ bhikṣavas tena vastunā codayanti | ḥsa tena vastunā codyamānaḥ saṃghāt smṛtivinayaṃ yācateḥ | saṃghaḥ smṛtivinayaṃ dadāti | adhārmikaṃ smṛtivinayadānam | tat kasya hetoḥ | amūḍhavinayārhaḥ sa | yathāpitad vastuko bhikṣuḥ saṃghamadhye āpattim avajānāti | avajñāya pratijānāti | pratijñāya punar apy avajānāti | ḥtasya bhikṣavaḥ smṛtivinayaṃ dadati | adhārmikaṃ smṛtivinayadānam | tat kasya hetoḥ | ḥ tatsvabhāvaiṣīyārhaḥ sa | itīmāmi trīṇy adhārmikāṇi smṛtivinayadānāni
4_rellit/buddh/vinv16_u.txt	209	ḥ			ḥtrīṇi dhārmikāṇi smṛtivinayadānāni katamāni | ḥ yathāpitad dravyo mallaputro mitrayā bhikṣuṇyā abhūtenābhyākhyātaḥ | tam enaṃ bhikṣavas tena vastunā codayanti | sa tena vastunā codyamānaḥ saṃghāt smṛtivinayaṃ yācate | tasya saṃghaḥ smṛtivinayaṃ dadāti | dhārmikaṃ smṛtivinayadānam | yathāpitad bhikṣur anyām evāpattim āpanno bhavati | tam enaṃ bhikṣavo 'nyena vastunā codayanti | sa tena vastunā codyamānaḥ saṃghāt smṛtivinayaṃ yācate | tasya saṃghaḥ smṛtivinayaṃ dadāti | dhārmikaṃ smṛtivinayadānam | yathāpitad bhikṣur āpattim āpanno bhavati | sā tena bhikṣoḥ purastād deśitā bhavati pratikṛtā vā | tam enam bhikṣavas tena vastunā codayanti | sa tena vastunā codyamānaḥ saṃghāt smṛtivinayaṃ yācate | tasya saṃghaḥ smṛtivinayaṃ dadāti | dhārmikaṃ smṛtivinayadānam | itīmāni trīṇi dhārmikāṇi smṛtivinayadānāni | evaṃ hi bhikṣavaḥ smṛtivinaya adhikaraṇaśamatho bhavati | evam ihaikeṣām adhikaraṇānāṃ damaś ca bhavati ḥśamaś caḥ vyupaśamaś ca yaduta smṛtivinayenādhikaraṇaśamathena
4_rellit/buddh/vinv16_u.txt	213	ḥ		saṃparivartite | mukhaṃ ca vibhaṇḍitam | asuptena supta iti matam | parair apravyāhṛtena pravyāhṛta iti matam | anena cāpareṇa samayena svacittaṃ pratilabdham | tam enaṃ bhikṣavas tena vastunā codayanti | so 'yaṃ tena vastunā codyamānaḥ saṃghād amūḍhavinayaṃ yācate | sacet saṃghasya prāptakālaṃ kṣametānujānīyāt saṃgho yat saṃghaḥ sekatasya bhikṣor amūḍhavinayaṃ dadyād ity eṣā jñaptiḥ | karma kartavyam | śṛṇotu bhadantāḥ saṃghaḥ | anena sekatena bhikṣuṇā nagnenonmattakena kṣiptacittena vedanābhinunnena bahv aśrāmaṇakam anānulomikam ācaritam | bhāṣitaṃ parākrāntam | lālā vāhitā | akṣiṇī saṃparivartite | mukhaṃ ca vibhaṇḍitam | asuptena supta iti matam | parair apravyāhṛtena pravyāhṛta iti matam | anena cāpareṇa samayena svacittaṃ pratilabdham | tam enaṃ bhikṣavas tena vastunā codayanti | so 'yaṃ tena vastunā codyamānaḥ saṃghād amūḍhavinayaṃ yācate | tat saṃghaḥ sekatasya bhikṣor amūḍhavinayaṃ dadāti | yeṣām āyuṣmatāṃ kṣamate sekatasya bhikṣor amūḍhavinayaṃ dātum | te tūṣṇīm | na kṣamate | bhāṣantām | ḥiyaṃ prathamā karmavācanā | evaṃ dvitīya tṛtīyā karmavācanā kartavyā | ḥ dattaḥ saṃghena sekatasya bhikṣor amūḍhavinayaḥ | kṣāntam anujñātaṃ saṃghena yasmāt tūṣṇīm | evam etad dhārayāmi	kathaṃ ca bhikṣavaḥ amūḍhavinaya adhikaraṇaśamatho bhavati | kathaṃ ca punar ihaikeśām adhikaraṇānāṃ damaś ca bhavati śamaś ca vyupaśamaś ca yadutāmūḍhavinayenādhikaraṇaśamathena | yathāpitat sekatena bhikṣuṇā nagnenonmattakena kṣiptacittena vedanābhinunnena bahv aśrāmaṇakaṃ anānulomikam ācaritaṃ bhāṣitaṃ parākrāntam | lālā vāhitā | akṣiṇī saṃparivartite | mukhaṃ ca vibhaṇḍitam | asuptena supta iti ḥmatam | ḥ parair apravyāhṛtena pravyāhṛta iti ḥmatam | ḥ tena cāpareṇa samayena svacittaṃ pratilabham | tam enaṃ bhikṣavas tena vastunā ḥcodayanti | sa tena vastunāḥ codyamānaḥ saṃghād amūḍhavinayaṃ yācate | etat prakaraṇam bhikṣavo bhagavata ārocayanti | bhagavān āha | dadata yūyaṃ bhikṣavaḥ sekatasya bhikṣor amūḍhavinayam iti | yo vā punar anyo 'py evaṃjātīyaḥ evaṃ punar dātavyaḥ | śayanāsaprajñaptiṃ kṛtvā gaṇdīm ākoṭya pṛṣṭhavācikayā samanuyujya sarvasaṃghe saṃniṣaṇṇe saṃnipatite sekatena bhikṣuṇā ekāṃśam uttarāsaṅgaṃ kṛtvā yathāvṛddhikayā sāmīcīṃ kṛtvā utkuṭukena sthitvā idaṃ syād vacanīyam | śṛṇotu bhadantāḥ saṃgho mayā sekatena bhikṣuṇā nagnenonmattakena kṣiptacittena vedanābhinunnena bahv aśrāmaṇakam ḥanānulomikamḥ ācaritam bhāṣitaṃ parākrāntam | lālā vāhitā | akṣiṇī saṃparivartite | mukhaṃ ca vibhaṇḍitam | asuptena supta iti matam | parair apravyāhṛtena pravyāhṛta iti matam | tena ca mayāpareṇa samayena svacittaṃ pratilabdham | taṃ māṃ bhikṣavas tena vastunā codayanti | so 'haṃ tena vastunā codyamānaḥ saṃghād amūḍhavinayaṃ yāce | dadātu bhadantāḥ saṃgho me sekatasya bhikṣor amūḍhavinayam anukampām upādāya | evaṃ dvir apy evaṃ trir api | tataḥ paścād ekena bhikṣuṇā jñaptiṃ kṛtvā karma kartavyam | śṛṇotu bhadantāḥ saṃghaḥ | anena sekatena bhikṣuṇā nagnenonmattakena kṣiptacittena vedanābhinunnena bahv aśrāmaṇakam anānulomikam ācaritam bhāṣitaṃ parākrāntam | lālā vāhitā | akṣiṇī
4_rellit/buddh/vinv16_u.txt	213	ḥ		saṃparivartite | mukhaṃ ca vibhaṇḍitam | asuptena supta iti matam | parair apravyāhṛtena pravyāhṛta iti matam | anena cāpareṇa samayena svacittaṃ pratilabdham | tam enaṃ bhikṣavas tena vastunā codayanti | so 'yaṃ tena vastunā codyamānaḥ saṃghād amūḍhavinayaṃ yācate | sacet saṃghasya prāptakālaṃ kṣametānujānīyāt saṃgho yat saṃghaḥ sekatasya bhikṣor amūḍhavinayaṃ dadyād ity eṣā jñaptiḥ | karma kartavyam | śṛṇotu bhadantāḥ saṃghaḥ | anena sekatena bhikṣuṇā nagnenonmattakena kṣiptacittena vedanābhinunnena bahv aśrāmaṇakam anānulomikam ācaritam | bhāṣitaṃ parākrāntam | lālā vāhitā | akṣiṇī saṃparivartite | mukhaṃ ca vibhaṇḍitam | asuptena supta iti matam | parair apravyāhṛtena pravyāhṛta iti matam | anena cāpareṇa samayena svacittaṃ pratilabdham | tam enaṃ bhikṣavas tena vastunā codayanti | so 'yaṃ tena vastunā codyamānaḥ saṃghād amūḍhavinayaṃ yācate | tat saṃghaḥ sekatasya bhikṣor amūḍhavinayaṃ dadāti | yeṣām āyuṣmatāṃ kṣamate sekatasya bhikṣor amūḍhavinayaṃ dātum | te tūṣṇīm | na kṣamate | bhāṣantām | ḥiyaṃ prathamā karmavācanā | evaṃ dvitīya tṛtīyā karmavācanā kartavyā | ḥ dattaḥ saṃghena sekatasya bhikṣor amūḍhavinayaḥ | kṣāntam anujñātaṃ saṃghena yasmāt tūṣṇīm | evam etad dhārayāmi	kathaṃ ca bhikṣavaḥ amūḍhavinaya adhikaraṇaśamatho bhavati | kathaṃ ca punar ihaikeśām adhikaraṇānāṃ damaś ca bhavati śamaś ca vyupaśamaś ca yadutāmūḍhavinayenādhikaraṇaśamathena | yathāpitat sekatena bhikṣuṇā nagnenonmattakena kṣiptacittena vedanābhinunnena bahv aśrāmaṇakaṃ anānulomikam ācaritaṃ bhāṣitaṃ parākrāntam | lālā vāhitā | akṣiṇī saṃparivartite | mukhaṃ ca vibhaṇḍitam | asuptena supta iti ḥmatam | ḥ parair apravyāhṛtena pravyāhṛta iti ḥmatam | ḥ tena cāpareṇa samayena svacittaṃ pratilabham | tam enaṃ bhikṣavas tena vastunā ḥcodayanti | sa tena vastunāḥ codyamānaḥ saṃghād amūḍhavinayaṃ yācate | etat prakaraṇam bhikṣavo bhagavata ārocayanti | bhagavān āha | dadata yūyaṃ bhikṣavaḥ sekatasya bhikṣor amūḍhavinayam iti | yo vā punar anyo 'py evaṃjātīyaḥ evaṃ punar dātavyaḥ | śayanāsaprajñaptiṃ kṛtvā gaṇdīm ākoṭya pṛṣṭhavācikayā samanuyujya sarvasaṃghe saṃniṣaṇṇe saṃnipatite sekatena bhikṣuṇā ekāṃśam uttarāsaṅgaṃ kṛtvā yathāvṛddhikayā sāmīcīṃ kṛtvā utkuṭukena sthitvā idaṃ syād vacanīyam | śṛṇotu bhadantāḥ saṃgho mayā sekatena bhikṣuṇā nagnenonmattakena kṣiptacittena vedanābhinunnena bahv aśrāmaṇakam ḥanānulomikamḥ ācaritam bhāṣitaṃ parākrāntam | lālā vāhitā | akṣiṇī saṃparivartite | mukhaṃ ca vibhaṇḍitam | asuptena supta iti matam | parair apravyāhṛtena pravyāhṛta iti matam | tena ca mayāpareṇa samayena svacittaṃ pratilabdham | taṃ māṃ bhikṣavas tena vastunā codayanti | so 'haṃ tena vastunā codyamānaḥ saṃghād amūḍhavinayaṃ yāce | dadātu bhadantāḥ saṃgho me sekatasya bhikṣor amūḍhavinayam anukampām upādāya | evaṃ dvir apy evaṃ trir api | tataḥ paścād ekena bhikṣuṇā jñaptiṃ kṛtvā karma kartavyam | śṛṇotu bhadantāḥ saṃghaḥ | anena sekatena bhikṣuṇā nagnenonmattakena kṣiptacittena vedanābhinunnena bahv aśrāmaṇakam anānulomikam ācaritam bhāṣitaṃ parākrāntam | lālā vāhitā | akṣiṇī
4_rellit/buddh/vinv16_u.txt	214	ḥ	kathaṃ ca bhikṣavaḥ amūḍhavinaya adhikaraṇaśamatho bhavati | kathaṃ ca punar ihaikeśām adhikaraṇānāṃ damaś ca bhavati śamaś ca vyupaśamaś ca yadutāmūḍhavinayenādhikaraṇaśamathena | yathāpitat sekatena bhikṣuṇā nagnenonmattakena kṣiptacittena vedanābhinunnena bahv aśrāmaṇakaṃ anānulomikam ācaritaṃ bhāṣitaṃ parākrāntam | lālā vāhitā | akṣiṇī saṃparivartite | mukhaṃ ca vibhaṇḍitam | asuptena supta iti ḥmatam | ḥ parair apravyāhṛtena pravyāhṛta iti ḥmatam | ḥ tena cāpareṇa samayena svacittaṃ pratilabham | tam enaṃ bhikṣavas tena vastunā ḥcodayanti | sa tena vastunāḥ codyamānaḥ saṃghād amūḍhavinayaṃ yācate | etat prakaraṇam bhikṣavo bhagavata ārocayanti | bhagavān āha | dadata yūyaṃ bhikṣavaḥ sekatasya bhikṣor amūḍhavinayam iti | yo vā punar anyo 'py evaṃjātīyaḥ evaṃ punar dātavyaḥ | śayanāsaprajñaptiṃ kṛtvā gaṇdīm ākoṭya pṛṣṭhavācikayā samanuyujya sarvasaṃghe saṃniṣaṇṇe saṃnipatite sekatena bhikṣuṇā ekāṃśam uttarāsaṅgaṃ kṛtvā yathāvṛddhikayā sāmīcīṃ kṛtvā utkuṭukena sthitvā idaṃ syād vacanīyam | śṛṇotu bhadantāḥ saṃgho mayā sekatena bhikṣuṇā nagnenonmattakena kṣiptacittena vedanābhinunnena bahv aśrāmaṇakam ḥanānulomikamḥ ācaritam bhāṣitaṃ parākrāntam | lālā vāhitā | akṣiṇī saṃparivartite | mukhaṃ ca vibhaṇḍitam | asuptena supta iti matam | parair apravyāhṛtena pravyāhṛta iti matam | tena ca mayāpareṇa samayena svacittaṃ pratilabdham | taṃ māṃ bhikṣavas tena vastunā codayanti | so 'haṃ tena vastunā codyamānaḥ saṃghād amūḍhavinayaṃ yāce | dadātu bhadantāḥ saṃgho me sekatasya bhikṣor amūḍhavinayam anukampām upādāya | evaṃ dvir apy evaṃ trir api | tataḥ paścād ekena bhikṣuṇā jñaptiṃ kṛtvā karma kartavyam | śṛṇotu bhadantāḥ saṃghaḥ | anena sekatena bhikṣuṇā nagnenonmattakena kṣiptacittena vedanābhinunnena bahv aśrāmaṇakam anānulomikam ācaritam bhāṣitaṃ parākrāntam | lālā vāhitā | akṣiṇī		saṃparivartite | mukhaṃ ca vibhaṇḍitam | asuptena supta iti matam | parair apravyāhṛtena pravyāhṛta iti matam | anena cāpareṇa samayena svacittaṃ pratilabdham | tam enaṃ bhikṣavas tena vastunā codayanti | so 'yaṃ tena vastunā codyamānaḥ saṃghād amūḍhavinayaṃ yācate | sacet saṃghasya prāptakālaṃ kṣametānujānīyāt saṃgho yat saṃghaḥ sekatasya bhikṣor amūḍhavinayaṃ dadyād ity eṣā jñaptiḥ | karma kartavyam | śṛṇotu bhadantāḥ saṃghaḥ | anena sekatena bhikṣuṇā nagnenonmattakena kṣiptacittena vedanābhinunnena bahv aśrāmaṇakam anānulomikam ācaritam | bhāṣitaṃ parākrāntam | lālā vāhitā | akṣiṇī saṃparivartite | mukhaṃ ca vibhaṇḍitam | asuptena supta iti matam | parair apravyāhṛtena pravyāhṛta iti matam | anena cāpareṇa samayena svacittaṃ pratilabdham | tam enaṃ bhikṣavas tena vastunā codayanti | so 'yaṃ tena vastunā codyamānaḥ saṃghād amūḍhavinayaṃ yācate | tat saṃghaḥ sekatasya bhikṣor amūḍhavinayaṃ dadāti | yeṣām āyuṣmatāṃ kṣamate sekatasya bhikṣor amūḍhavinayaṃ dātum | te tūṣṇīm | na kṣamate | bhāṣantām | ḥiyaṃ prathamā karmavācanā | evaṃ dvitīya tṛtīyā karmavācanā kartavyā | ḥ dattaḥ saṃghena sekatasya bhikṣor amūḍhavinayaḥ | kṣāntam anujñātaṃ saṃghena yasmāt tūṣṇīm | evam etad dhārayāmi
4_rellit/buddh/vinv16_u.txt	248	ḥ			yasmin bhikṣavaḥ āvāse eko bihikṣuḥ prativasati tatra na kalaho bhaṇḍanaṃ vigraho vivādaḥ | yasmin dvau tatrāpi na kalaho bhaṇḍanaṃ ḥvigrahoḥ vivādaḥ | ḥyasmin trayaḥ tatrāpi na kalaho bhaṇḍanaṃ vigraho vivādaḥ | ḥ yasmin tu catvāro bhikṣavaḥ prativasanti uttare vā tatra kalaho bhaṇḍanaṃ vigraho vivādaś ca | yathāpi bhikṣavaḥ
4_rellit/buddh/vinv16_u.txt	272	ḥ			|| ḥ kthaṃ miṇdakpatnī sā ekasyārthāya sthālīṃ sādhayati ṣatāni
4_rellit/buddh/vinv16_u.txt	288	ḥ			|| ḥ gamiṣyāmaḥ kasyārthāya | dṛśṭsmābhir yuṣmākaṃ saṃpattir yāvad vipattin na paśyāmas tāvad gacchāmaḥ ārya ||
4_rellit/buddh/vinv171u.txt	1945	ḥ		kathayati | kim atrādhastāc chilāputrakas tiṣṭhatīti | te pratyavekṣitum ārabdhāḥ | mallikāvṛntaṃ dṛṣṭvā te paraṃ vismayam āpannāḥ | aniruddho rātrau duḥkhaṃ suptaḥ | prabhātāyāṃ rajanyāṃ rājñābhihitam | kaccid aniruddhaḥ sukhaṃ supta iti | sa kathayati | deva na sukhaṃ supta iti | rājñābhihitam | kimartham | aniruddhaḥ kathayati | deva jvaragandhāni vastrāṇi prajñaptāni | puṣpāṇi cāvakīrṇāni | puṣpavṛntaiḥ kāyo drūyate | rājñā śayyākarmāntika āhūyoktaḥ | kimartham tvayā jvaragandhāni vastrāṇi prajñaptāni | śayyākarmāntikenābhihitam | mama bhāṇḍāgārikena anupradattāni | rājñā bhāṇḍāgārika āhūyoktaḥ | kimarthaṃ tvayā jvaragandhikāni vastrāṇy anupradattāni | sa kathayati | deva mama tantuvāyenānupradattāni | rājñā tantuvāya āhūyoktaḥ | kimarthaṃ tvayā jvaragandhikāni vastrāṇy anupradattāni | tantuvāyaḥ kathayati | deva vastre ūyamāne kiṃcic cheṣam | tan mayā jvaritena utam | rājā kathayati | kumāra kathaṃ tvayā vijñātam | sa kathayati | uṣṇasparśapratisaṃvedanāt | jvaragandhena ca | rājā paraṃ vismayam āpannaḥ kathayati | bhavanta aniruddho bhavati śākyasubhagaḥ | tato bhadrikena śākyarājenābhihitaḥ | yady ahaṃ pravrajāmi | devadattaḥ śākyānāṃ rājā bhaviṣyati | sa śākyānām anarthaṃ kariṣyati | yannu vayaṃ sarve saṃbhūya devadattaṃ protsāhayāma iti	droṇodanasya dvau putrau aniruddho mahānāmā ca | tayor mahānāmā kṛṣikarmāntānuṣṭhāne atyartham abhiyuktaḥ | aniruddhas tu upariprāsādatalagato niṣpuruṣeṇa tūryeṇa krīḍati ramate paricārayati | mahānāmā mātrā abhihitaḥ | putra rājñā ghaṇṭāvaghoṣaṇaṃ kāritaṃ śākyaiḥ kulaikikayā pravrajitavyam iti | sa tvaṃ pravraja | sa kathayati | nāhaṃ pravrajāmi | yas te priyaḥ putraḥ sukhāsīnas tiṣṭhati taṃ pravrājaya | putra puṇyamaheśākhyo 'sau satvo | mā tena saha spardhāṃ kuru | amba tvaṃ tasyābhiprasannā yenāsau puṇyamaheśākhyaḥ | adya tasyāmba mā kiṃcit preṣaya | jñāsyāmi kiṃ puṇyamaheśākhyo na veti | putra evaṃ bhavatu | pratyakṣīkaromi | tayā riktapiṭharikābhi ḥ peṭakaṃ pūrayitvā śuklena vastreṇa ācchādya mudrālakṣitaṃ kṛtvā preṣyadārikāyā haste preṣitaḥ | sandiṣṭā | yadi pṛcchet kim atreti | vaktavyaṃ na kiṃcid iti | sā tam ādāya saṃprasthitā | śakrasya devendrasya adhastāj jñānadarśanaṃ pravartate | sa saṃlakṣayati | yena nāma upāriṣṭaḥ pratyekabuddhaḥ piṇḍakena pratipāditaḥ | tasyādya kathaṃ bhojanena vighāto bhaviṣyatīti | bhojanopasaṃhāro 'sya kartavya iti | tenāsau peṭako nānāsūpikarasavyañjanopetasyāhārasya pūritaḥ | yāvad asau dārikā tam ādāya aniruddhasya sakāśaṃ gatā | tadā tenoktā dārikā | kim atreti | sā kathayati | kumāra na kiṃcid iti | aniruddhaḥ saṃlakṣayati | priyo 'haṃ mātuḥ | kim asau riktaṃ preṣayiṣyatīti | nūnam atra nāma nakiṃcid bhojanaṃ prakṣiptam | paśyāmi tāvad iti samudghāṭitam | sarvaṃ tad udyānam anekopakaraṇasurabhigandhasaṃpūrṇaṃ vyavasthitam | ghrātvā aniruddhaḥ paraṃ vismayam upagataḥ | mātṛbhakto 'sau | tena mātur agrapiṇḍapātaḥ preṣitaḥ | sandiṣṭaṃ ca amba pratidivasam īdṛśaṃ nakiṃcinnāma bhojanaṃ preṣayitum arhasīti | sāpi dṛṣṭvā paraṃ vismayam upagatā | tayā mahānāmno darśitam | putra dṛṣṭaṃ te | amba dṛṣṭam | tan na tvaṃ mayā pūrvam evoktaḥ puṇyamaheśākhyas sa satvamanuṣyasubhagaḥ | mā tena saha spardhāṃ kuruṣveti | sa kathayati | amba puṇyamaheśākhyo vā bhavatu mā vā | nāhaṃ pravrajāmīti | yataś ca mahānāmā sarvāvasthaṃ nādhivāsitavān pravrajyāṃ | tatas tayā aniruddho 'bhihitaḥ | putra rājñā ghaṇṭāvaghoṣaṇaṃ kāritam | śākyaiḥ kulaikikayā pravrajitavyam iti | sa tvaṃ kiṃ pravrajasi | āhosvid gṛhe tiṣṭhasīti | sa kathayati | amba pravrajyāyāṃ ko 'nuśaṃasaḥ | ka ādīnavaḥ | gṛhāvāse ko 'nuśaṃsaḥ | ka ādīnavaḥ | putra pravrajyā saṃpadyamānā nirvāṇāvāhikā bhavati | vipadyamānā devamanuṣyāvāhikā bhavati | gṛhāvāsaḥ samyakpratipālyamāno devamanuṣyāvāhakaḥ | apratipālyamāno narakatiryakpretāvāhakaḥ | amba yaḥ pravrajyāyām ādīnavaḥ | sa gṛhāvāse anuśaṃsaḥ | tasmād alaṃ gṛhāvāsena | anujānīhi | pravrajāmīti | sā kathayati | putra śobhanam | evaṃ kuru | aniruddhasya bhadrikaḥ śākyarājo vayasyakaḥ | sa tasya sakāśaṃ gataḥ | tena khalu samayena bhadrikaḥ śākyarājo vīṇāṃ sārayati | tasya vīṇāṃ sārayataḥ tantrī cchinnā | svaraḥ svarāntaraṃ gataḥ | aniruddho vīṇāyāṃ kṛtāvī | tena yathānusvaraṃ nimittam udgṛhītam | sa dvāre sthitvā dauvārikaṃ puruṣam āmantrayate | gaccha bhoḥ puruṣa | bhadrikasya rājño nivedaya aniruddho dvāre tiṣṭhati devaṃ draṣṭukāma iti | dauvārikeṇa gatvā bhadrikasya śākyarājasya niveditam | deva aniruddho dvāre tiṣṭhati devaṃ draṣṭukāma iti | sa kathayati | praviśatu bhavān aniruddhaḥ | ko bhavantam aniruddhaṃ vārayati | sa praviṣṭaḥ | rājñā pariṣvajya niṣāditaḥ | uktaś ca kiyac ciraṃ tavāgatasyeti | sa kathayati | yadā tava vīṇāṃ sārayatas tantrī chinnā | svaro svarāntaraṃ gata iti | sa paraṃ vismayam āpannaḥ kathayati | vīṇāyāṃ bhavān kṛtāvī | bhadrikaḥ śākyarājaḥ kathayati | kumāra kim āgamanaprayojanam | aniruddhaḥ kathayati | deva rājñā śuddhodanena ghaṇṭāvaghoṣaṇaṃ kāritam | śākyaiḥ kulaikikayā pravrajitavyam iti | tad avalokito bhava | pravrajāmiti | rājā kathayati | yady evam aham api pravrajāmīti | saṃpradhārayāveti | adya tvam ihaiva vāsam upagaccha | sa ihaiva vāsam upagataḥ | śayyākarmāntikena śāyyāyāṃ jvaragandhikāni vastrāṇy ācchāditāni | puṣpāṇi cāvakīrṇāni | aniruddhaḥ śayyāniṣaṇṇaḥ | tasya mallikāvṛntam adhastād avasthitam | sa sparśapratisaṃvedī
4_rellit/buddh/vinv_06u.txt	2259	ḥ			ḥ paścimaḥ kṛtaḥ
4_rellit/buddh/vinv_06u.txt	2615	ḥ			ḥ sarpadāso maharddhikaḥ
5_poetry/5_subhas/msubhs_u.txt	20917	ḥ			ārūḍhasya citāṃ kṛtānumaraṇodyogapriyāliṅganaṃ puṇḍrekṣudravapānamulbaṇamahāmohapraluptasmṛte ḥ |
5_poetry/5_subhas/msubhs_u.txt	22397	ḥ			āsīdāsīmabhūmīvalayamalayajālepanepathyakīrti ḥ saptākūpārapārīsadanajanaghanodgītacāpapratāp aḥ |
5_poetry/5_subhas/msubhs_u.txt	28023	ḥ			unmīlallīlanīlotpaladaladalanāmodamedasvipūra | kroḍakrīḍadvijālīgarududitamarutsphālavācālavīci ḥ |
5_poetry/5_subhas/msubhs_u.txt	37655	ḥ			kāṃściccāṭuvacaḥśatairnijasutāpremātirekai ḥ parān anyān vakraravākramairdhanavataḥ prāpayya gehaṃ nijam |
5_poetry/5_subhas/msubhs_u.txt	37853	ḥ			tānyevāsya dhanuḥśramapraśamanaṃ kurvanti sītāpateḥ krīḍācāmaraḍambarānukṛtibhirlolāyamānai ḥ kacaiḥ ||
5_poetry/5_subhas/msubhs_u.txt	38717	ḥ			kiṃ cāṣāḍhagireranaṅgavijayaprastāvanāpaṇḍita ḥ svairaṃ sarpati bālacandanalatālīlāsakho mārutaḥ ||
1_veda/2_bra/gopbra_u.txt	7387	v			yad v eva maitrāvaruṇāni śaṃsati prati vāṃ sūra udite vidhema namobhir mitrāvaruṇota havyaiḥ uta vām uṣaso budhi sākaṃ sūryasya raśmibhiḥ ity ṛcābhyanūktam
1_veda/2_bra/gopbra_u.txt	7423	v			yad v evaindrāṇi sūryanyaṅgāni śaṃsati indra piba pratikāmaṃ sutasya prātaḥsāvas tava hi pūrvapītiḥ ity ṛcābhyanūktam
1_veda/2_bra/gopbra_u.txt	7455	v			yad v evaindrāgnāni śaṃsati prātaryāvabhir ā gataṃ devebhir jenyāvasū indrāgnī somapītaye ity ṛcābhyanūktam
1_veda/2_bra/gopbra_u.txt	7809	v			yad v eva niṣkevalyāny ekaṃ ha vā agre savanam āsīt prātaḥsavanam eva
1_veda/2_bra/gopbra_u.txt	7817	v			yad v eva niṣkevalyāni yā ha vai devatāḥ prātaḥsavane hotā śaṃsati tāḥ śastvā hotrāśaṃsino 'nuśaṃsanti maitrāvaruṇaṃ tṛcaṃ prauge hotā śaṃsati
1_veda/2_bra/gopbra_u.txt	7837	v			yad v eva niṣkevalyāni yaded adevīr asahiṣṭa māyā athābhavat kevalaḥ somo asya ity ṛcābhyanūktam
1_veda/2_bra/gopbra_u.txt	9391	v			yad v eva kadvantaḥ
1_veda/2_bra/gopbra_u.txt	9397	v			yad v eva kadvantaḥ
1_veda/2_bra/gopbra_u.txt	9403	v			yad v eva kadvantaḥ
1_veda/2_bra/gopbra_u.txt	9443	v			yad v evaināḥ śaṃsantīndramevaitābhir nirhvayante yatharṣabhaṃ vāśitāyai ||
1_veda/2_bra/gopbra_u.txt	9703	v			yad v eva śilpāny ātmasaṃskṛtir vai śilpāni
1_veda/2_bra/gopbra_u.txt	9779	v			yad v evātimarśam ātmā vai bṛhatī
1_veda/2_bra/gopbra_u.txt	9797	v			yad v evātimarśam ātmā vai bṛhatī
1_veda/2_bra/gopbra_u.txt	9815	v			yad v evātimarśam ātmā vai bṛhatī
1_veda/2_bra/gopbra_u.txt	10193	v			yad v evaitaśapralāpo 'yātayāmā vā akṣitir aitaśapralāpaḥ
1_veda/2_bra/gopbra_u.txt	10473	v			yad v evaināḥ saṃśaṃsati yan nābhānediṣṭho vālakhilyo vṛṣākapir evayāmarud etāni vā atrokthāni bhavanti tasmān na saṃśaṃsati
1_veda/2_bra/kausibru.txt	477	v			yad v eva vatsam spṛśati |
1_veda/2_bra/kausibru.txt	505	v			yad v eva punaḥ punar nirmanthate |
1_veda/2_bra/kausibru.txt	691	v			yad v eva etad ubhaye dyur agnihotram ahūyata |
1_veda/2_bra/kausibru.txt	827	v			yad v eva triḥ prathamām triru uttamām |
1_veda/2_bra/kausibru.txt	919	v			yad v eva vācā anvāha vācā yajati |
1_veda/2_bra/kausibru.txt	3149	v			yad v eva śamyvantam bhavati |
1_veda/2_bra/kausibru.txt	3355	v			yad v eva somam santam viṣṇur iti yajati |
1_veda/2_bra/kausibru.txt	3777	v			yad v eva viparyasyati grīvāṇām sthemne |
1_veda/2_bra/kausibru.txt	3999	v			yad v eva triḥ prathamām trir uttamām |
1_veda/2_bra/kausibru.txt	5203	v			yad v eva udite anyam anudite anyam juhvati |
1_veda/2_bra/kausibru.txt	5909	v			yad v eva vigṛhṇāti |
1_veda/2_bra/kausibru.txt	6153	v			yad v eva ekaviṃśatiḥ |
1_veda/2_bra/kausibru.txt	7389	v			yathā stutam v anuśastam bhavati iti |
1_veda/2_bra/kausibru.txt	9143	v			yad v eva etās tantryās triṣṭubha uktha pratipado ahar ahaḥ śasyante |
1_veda/2_bra/kausibru.txt	9147	v			yad v eva eṣā tantryā gāyatry ahar ahaḥ surūpa kṛtnuḥ śasyate |
1_veda/2_bra/kausibru.txt	9151	v			yad v eva eṣa ṣaḍ ahaḥ punaḥ punaḥ abhiplavate |
1_veda/2_bra/kausibru.txt	9967	v			yad v eva enā na antarayanti |
1_veda/2_bra/kausibru.txt	9977	v			yad v eva enān na antarayanti |
1_veda/2_bra/kausibru.txt	9991	v			tasmād v aikāhikībhir eva yajeyuḥ |
1_veda/2_bra/kausibru.txt	13035	v			tasmād v apy etarhy uṣṇīṣy eva grāvṇo abhiṣṭauti |
1_veda/2_bra/pncvbr1u.txt	785	v			tad v āhur yan madhyata upayanty ardham annādyasyāpnuvanty ardhaṃ sambaṭ kurvantīty upariṣṭād eva saṃvvatsarasyopetyaṃ saṃvvatsare vā annaṃ sarvaṃ pacyate
1_veda/2_bra/pncvbr1u.txt	815	v			tad v āhur yat samau bhavata ekavīryau tarhi bhavata iti pañcadaśasaptadaśāv eva kāryau sācīva vai vayaḥ pakṣau kṛtvāpatīyaḥ patati
1_veda/2_bra/pncvbr1u.txt	1083	v			tasmād v adakṣiṇīyāti hi sā yajñam aricyatātiriktasya dakṣiṇā syāt salomatvāya ṣoḍaśinaḥ stotredeyātirikto vai ṣoḍaśy atirikta evātiriktāṃ dadāti
1_veda/2_bra/pncvbr1u.txt	4383	v			yāvaty anuṣṭup tāvatīṃ vācaṃ sampādya vibrūyus tad v anatiriktaṃ svasyo caiva yajñasyāriṣṭyai
1_veda/2_bra/pncvbr2u.txt	785	v			tad v āhur yan madhyata upayanty ardham annādyasyāpnuvanty ardham sambaṭ kurvantīty upariṣṭād eva samvvatsarasyopetyam samvvatsare vā annam sarvaṃ pacyate
1_veda/2_bra/pncvbr2u.txt	815	v			tad v āhur yat samau bhavata ekavīryau tarhi bhavata iti pañcadaśasaptadaśāv eva kāryau sācīva vai vayaḥ pakṣau krtvāpatīyaḥ patati
1_veda/2_bra/pncvbr2u.txt	1083	v			tasmād v adakṣiṇīyāti hi sā yajñam aricyatātiriktasya dakṣiṇā syāt salomatvāya ṣoḍaśinaḥ stotredeyātirikto vai ṣoḍaśy atirikta evātiriktāṃ dadāti
1_veda/2_bra/pncvbr2u.txt	4383	v			yāvaty anuṣṭup tāvatīṃ vācaṃ sampādya vibrūyus tad v anatiriktaṃ svasyo caiva yajñasyāriṣṭyai
1_veda/2_bra/satapath/sb_07_u.txt	1885	v			svayamātṛṇā prāṇaḥ svayamātṛṇānabhinihito v ai puruṣo 'nnena ca prāṇena ca
1_veda/2_bra/satapath/sb_08_u.txt	1275	v			ojastriṇava iti | ya eva triṇava stomastaṃ tadupadadhāti tadyattamāhauja iti v | jro vā
1_veda/4_upa/brup___u.txt	369	v			yad v eva samaḥ pluṣiṇā samo maśakena samo nāgena sama ebhis tribhir lokaiḥ samo 'nena sarveṇa tasmād v eva sāma |
1_veda/4_upa/brup___u.txt	369	v			yad v eva samaḥ pluṣiṇā samo maśakena samo nāgena sama ebhis tribhir lokaiḥ samo 'nena sarveṇa tasmād v eva sāma |
1_veda/4_upa/brup___u.txt	4427	v			evaṃ v eṣā gāyatry adhyātmaṃ pratiṣṭhitā |
1_veda/4_upa/chup___u.txt	2107	v			tam u ha paraḥ pratyuvāca kam v ara enam etat santaṃ sayugvānam iva raikvam āttha iti |
1_veda/4_upa/chup___u.txt	3511	v			yad v avijñātam ivābhūd ity etāsām eva devatānāṃ samāsa iti tad vidāṃ cakruḥ |
1_veda/4_upa/isup___u.txt	17	v			tad ejati tan naijati tad dūre tad v antike |
1_veda/5_vedang/1_srauta/asvss_u.txt	3011	v			ghṛta āhavano ghṛta pṛṣṭho agnir ghṛte śrito ghṛtam v asya dhāma | ghṛta pruṣas tvā harito vahantu ghṛtam piban yajasi deva devān iti purastāt | uru viṣṇo vikramasva uru kṣayāya nas kṛdhi | ghṛtam ghṛta yone piba pra pra yajña patim tira ity upariṣṭāt | anyatarataś ced agnā viṣṇū mahi dhāma priyam vām ity upāṃśv eva |
1_veda/5_vedang/1_srauta/asvss_u.txt	3787	v			atha brāhmaṇācchaṃsino abhrātṛvyo anā tvam mām te amājuro yathā evā hy asi vīrayur evā hy asya sūnṛtā tam te madam gṛṇīmasi tām v abhi pra gāyata vayam u tvām apūrvya |
1_veda/5_vedang/1_srauta/sankhssu.txt	6087	v			tam te madam tm v abhi pra gāyata iti stotriya anurūpau |
1_veda/5_vedang/1_srauta/sankhssu.txt	6097	v			indrāya sāma gāyata tam v abhi pra gāyata iti stotriya anurūpau |
1_veda/5_vedang/1_srauta/sankhssu.txt	10369	v			ud in v asya ricyata iti pañca |
1_veda/5_vedang/1_srauta/sankhssu.txt	10441	v			tam v abhi pra gāyata iti catvāri |
4_rellit/buddh/udanav_u.txt	3657	v			anihsṛtān | bhavā | sarvāṃs | tān | vadāmi | sadā | v | aham ||
4_rellit/buddh/vinsutru.txt	12080	v			na sthalikāyāḥ saṃkaṭasaṃbādhaprāptā v anāpattiḥ
4_rellit/vaisn/vaimp__u.txt	8011	v			sa tv eva nityaṃ sakalās sva mūrtayas su ratās v anantāḥ
4_rellit/vaisn/vaimp__u.txt	8483	v			āśās samastāḥ prataran v antas tās tā vased yā kamalā samastā
5_poetry/4_narr/brkas_pu.txt	5639	v			vayam eva v | isaṃ pūrvaṃ | pibāmaḥ kalpyatām iti ||
5_poetry/4_narr/sokss_pu.txt	57459	v			tadannaṃ v ividhaṃ divyaṃ papau śītācchamambu ca ||
1_veda/2_bra/satapath/sb_04_u.txt	2309	i			kriyate sa juhotyagnā i patnīvnniti vṛṣā vā agniryoṣā patnī
1_veda/2_bra/satapath/sb_08_u.txt	1359	i			i bhūtāni pāpmano mṛtyoraspṛṇodyadaspṛṇottasmātspṛtastathaivaitadyajamāno
1_veda/5_vedang/1_srauta/sankhssu.txt	6293	i			vi i i ayam idam modaiva iti prtigṛṇāti |
1_veda/5_vedang/1_srauta/sankhssu.txt	6293	i			vi i i ayam idam modaiva iti prtigṛṇāti |
3_purana/agp_bi_u.txt	24088	i			i sūkṣmo dakṣanetre syādī trimūrtistu vāmake |
3_purana/agp_bi_u.txt	24221	i			ā vedinī i rūpī vai śāntirmūrtiḥ kalākulā ||
3_purana/agp_bi_u.txt	47015	i		o au aṃ aḥ | ka kha ga gha ṅa ca cha ja jha ña ṭa ṭha ḍa ḍha ṇa ta	oṃ chaṃ nityaklinne madadrave oṃ oṃ | a ā i ī u ū ṛ ṝ ḷ ḹ e ai
3_purana/agp_bi_u.txt	50857	i		nama jha bha ña gha dha ṣa ja va ga ḍa da śa kha pha cha ṭha tha ca ṭa ta	a i u ṇa ṛ ḷ ka e ṅa ai au ca ha ya va ra ṭa ṇa na ña ma ṅa ṇa
3_purana/agp_bi_u.txt	50894	i			prakṛtirno aho ehi a avehi i indrakaṃ ||
3_purana/agp_bi_u.txt	51771	i			uttama i vahi mahi bhūvādyā dhātavaḥ smṛtāḥ |
3_purana/garup1_u.txt	2885	i			a ā nyasettu pādāgre i ī gulaphe 'tha jānuni |
4_rellit/buddh/srabhu_u.txt	1216	i			i |
4_rellit/buddh/srabhu_u.txt	1222	i			i |
4_rellit/buddh/srabhu_u.txt	1228	i			i |
4_rellit/buddh/srabhu_u.txt	1234	i			i |
4_rellit/buddh/srabhu_u.txt	2392	i			ḥ i
4_rellit/buddh/vimkn_u.txt	576	i			santi saṃkṣiptasaṃsāravainayikāḥ | tatrācintyavimokṣapratiṣṭhito bodhisatvo 'pramāṇasaṃsāravainayikānāṃ satvānāṃ vainayikavaśam upādāya saptarātraṃ kalpam atikrāntam ādarśayet | saṃkṣiptasaṃsāravainayikānāṃ satvānāṃ vainayikavaśam upādāya kalpaṃ saptarātram atikrāntam ādarśayet | tatrāpramāṇasaṃsāravineyāḥ satvāḥ saptarātraṃ kalpam atikrāntaṃ saṃjānīran i saṃkṣiptasaṃsāravineyāḥ satvāḥ kalpaṃ saptarātram atikrāntaṃ saṃjānīran |
4_rellit/buddh/vinv01_u.txt	419	i			|| i | i || ādvayānāṃ trimalaprahīṇānāṃ tridamathavastukuśalānāṃ vidyātrayoddyotakarāṇāṃ śikṣātraya
4_rellit/buddh/vinv01_u.txt	419	i			|| i | i || ādvayānāṃ trimalaprahīṇānāṃ tridamathavastukuśalānāṃ vidyātrayoddyotakarāṇāṃ śikṣātraya
4_rellit/buddh/vinv08_u.txt	203	i			i | yathāpi tad bhikṣur āstīrṇakaṭhinād āvāsād akṛtacīvaro 'niṣṭhitacīvaraḥ vicikitsāsantati deśānuprekṣī bahiḥsīmāṃ prakrāmati kin nu pratyeṣyāmi āhosvin na pratyeṣyāmīti tasyaivaṃ bhavati na haiva pratyeṣyāmy api tu cīvaraṃ kariṣyāmīti tasyaiva niṣṭhāpanāntikaḥ kaṭhinoddhāraḥ ||
4_rellit/buddh/vinv_06u.txt	2007	i			kaccid dhanaṃ vā dhānyaṃ | i || maḥ
4_rellit/buddh/vinv_06u.txt	2235	i			tasmād vimukhak || ṃ | ī || i
4_rellit/buddh/vinv_06u.txt	2607	i			akhil || i | o || ṃ ||
4_rellit/saiva/kubjt_pu.txt	269	i			bindurūpāvadhūtārdhacandrākṛtis tvaṃ trikoṇā a u ma kāra i kāra
4_rellit/saiva/kubjt_pu.txt	1981	i			i u madhyena sambhinnam aḥ au madhya m alaṅkṛtam |
4_rellit/saiva/kubjt_pu.txt	7547	i			māyādevī i jihvā tu a vāg vāgeśvarī matā ||
4_rellit/saiva/kubjt_pu.txt	7801	i			aiṃ haḥ a paramānande haḥ ā siddhidānandane haḥ i parāpare hrūṃ phreṃ phaṭ kṣaḥ ī śrīkulāmbike ||
4_rellit/saiva/kubjt_pu.txt	7871	i			ana aiṃ | ā tha hrīṃ | i ṛ a | ī ṛ gho | u ḷ re | ū ḹ hrīṃ |
4_rellit/saiva/kubjt_pu.txt	7877	i			ka gha pe | kha ṅa hsauṃ | ga i gho | gha a ra | ṅa va mu |
4_rellit/saiva/kubjt_pu.txt	9547	i			sa ānandāvali i pracaṇḍa iḍācāra bhairava
4_rellit/saiva/kubjt_pu.txt	9769	i			sa sarvadevatāvali i mahānādavīra
4_rellit/saiva/kubjt_pu.txt	10883	i			ī trimūrtir vāmacakṣuṣi i sūkṣma dakṣacakṣugaḥ ||
4_rellit/saiva/kubjt_pu.txt	10925	i			māyā devī i jihvā tu jihvā devyā virājate |
4_rellit/saiva/malinivu.txt	1417	i			i ī netradvaye dattvā u ū karṇadvaye nyaset
4_rellit/saiva/sivsutru.txt	671	i			a i u ṛ ḷ vinyāsaiḥ kādimāntaṃ ca vācakam ||
4_rellit/vaisn/hbhvil_u.txt	13391	i			tatkṛpāpekṣako nityam i ty ātmānaṃ samarpayet ||
4_rellit/vaisn/ss2_bhgu.txt	3219	i			ity āha | i
4_rellit/vaisn/ss3_paru.txt	9	i			dākṣiṇātyena bhaṭṭena pnuar etad vivicyate || i ||
4_rellit/vaisn/vaimp__u.txt	10619	i			has metrical i |
5_poetry/1_natya/bharnatu.txt	9061	i			tatra svarāścaturdaśa | a ā i ī u ū ṛ ṝ ḷ ḹ e ai
5_poetry/1_natya/bharnatu.txt	9079	i			a ku ha visarjanīyāḥ kaṇṭhyāḥ | i cu ya śāstālavyāḥ |
5_poetry/2_kavya/padnscpu.txt	1191	i			sasmitam | lem | tr | i | saspṛham | ed
5_poetry/4_narr/hitop_u.txt	255	i			i |
1_veda/5_vedang/2_grhya/vargs_u.txt	625	n			āghārāv āghāryājyabhāgau hutvā caturhot n svakarmaṇo juhuyāt |
2_epic/mbh/mbh_12_u.txt	63237	n			udgiraṃś caturo vedāñ śe | n saśe ṣān vasudhādhipa
3_purana/bhagp/bhp_03u.txt	431	n			tatra snātvā pit n devān ṛṣīṃś caiva tad ambhasā
3_purana/bhagp/bhp_03u.txt	1753	n			saṃvatsara śataṃ n ṇāṃ paramāyur nirūpitam
3_purana/bhagp/bhp_03u.txt	6151	n			pit n yajanty anudinaṃ gṛheṣv abhiratāśayāḥ
3_purana/bhagp/bhp_04u.txt	1779	n			icchanti yat sparśajaṃ niraye 'pi n ṇām
3_purana/bhagp/bhp_09u.txt	1993	n			kathaṃ sa bhagavān rāmo bhrāt n vā svayamātmanaḥ
3_purana/bhagp/bhp_09u.txt	2161	n			arājakabhayaṃ n ṇāṃ manyamānā maharṣayaḥ
3_purana/bhagp/bhp_09u.txt	2627	n			rāmaḥ sañcoditaḥ pitrā bhrāt n mātrā sahāvadhīt
3_purana/bhagp/bhp_09u.txt	2847	n			catasṛṣv ādiśaddikṣu bhrāt n bhrātā yavīyasaḥ
4_rellit/buddh/asmahsuu.txt	4722	n			ṣaṭpāramitādhikāreṇa ṣaḍvidho niyatipāta eṣa nirdiṣṭaḥ | saṃpattiniyatipāto nityamudārabhogasaṃpattilābhāt | upapattiniyatipāto nityaṃ yatheṣṭopapattiparigrahāt | akhedaniyatipāto n ityaṃ saṃsāraduḥkhairakhedāt | bhāvanāsātatyaniyatipāto nityaṃ bhāvanāsātatyāt | samādhānācyutau kṛtyasiddhau ca niyatipāto nityaṃ samādhyaparihāṇitaḥ sattvakṛtyasādhanataśca | anābhogānutpattikadharmakṣāntilābhe niyatipātaśca nityamanābhoganirvikalpajñānavihārāt |
4_rellit/buddh/udanav_u.txt	35	n			daharā | api | ṃriyante | hi | narā | nāryaś | ca | n | ekaśaḥ || anekaśaḥ |
4_rellit/buddh/vinsutru.txt	1165	n			anuddhataḥ kule syād anunnaḍā n avasthitaḥ
4_rellit/buddh/vinsutru.txt	2298	n			ājñāne subhaṣita durbhāśitayor arthasya trayo n | ye nyatra pratisevane methunasyeti pratibalatve maulasya
4_rellit/buddh/vinsutru.txt	3972	n			vātavarṣa n ced antarmārge syād vṛkṣasya mūle kuḍyasya vā sthalaṃ kuryuḥ
4_rellit/buddh/vinsutru.txt	5347	n			tadā cet svāmy āgacched anujñānam āyā || ya n ichate dadyuḥ
4_rellit/vaisn/hbhvil_u.txt	17549	n			sambhavanti hi tā n | ṇāṃ juṣatāṃ prapunanty agham ||
4_rellit/vaisn/ss5_bhku.txt	10509	n			sambhavanti hi tā n | ṇāṃ juṣatāṃ prapunanty agham ||
5_poetry/2_kavya/bhattiku.txt	455	n			uccikyire puṣpa phalaṃ vanāni | sasnuḥ pit n pipriyurāpagāsu |
5_poetry/2_kavya/bhattiku.txt	2931	n			viṣkant n parigheṇā hannaviskantā kapir dviṣaḥ |
5_poetry/2_kavya/bhattiku.txt	5191	n			kaḥ preṣyati pit n kāle | kṛtvā kitthaṣyate na kaḥ |
5_poetry/2_kavya/bhattiku.txt	5945	n			dātuḥ sthātur dviṣāṃ mūrdhni yaṣṭus tarpayituḥ pit n
5_poetry/5_subhas/msubhs_u.txt	10109	n			amṛtaṃ durlabhaṃ n ṇāṃ devānāmudakaṃ tathā |
5_poetry/5_subhas/msubhs_u.txt	10233	n			amṛtāpyāyināṃ n ṇāṃ saṃtoṣo naiva jāyate |
5_poetry/5_subhas/msubhs_u.txt	12653	n			alasānapi n n rakṣen na kṛtaghnān kadācana |
5_poetry/5_subhas/msubhs_u.txt	12653	n			alasānapi n n rakṣen na kṛtaghnān kadācana |
5_poetry/5_subhas/msubhs_u.txt	14385	n			yasya vijñānamātreṇa n ṇāṃ prajñā pravardhate ||
5_poetry/5_subhas/msubhs_u.txt	18335	n			śarīraṃ lokayātrāṃ vai dharmaṃ svargamṛṣīn pit n ||
5_poetry/5_subhas/msubhs_u.txt	18655	n			devān pit n samabhyarcya khādan māṃsaṃ na doṣabhāk ||
5_poetry/5_subhas/msubhs_u.txt	24839	n			iha loko hato n ṇāṃ dāridryeṇa yathā nṛpa |
5_poetry/5_subhas/msubhs_u.txt	28727	n			sahasraṃ tu pit n mātā gauraveṇātiricyate ||
5_poetry/5_subhas/msubhs_u.txt	29653	n			devasenā vinā dāt n aviṣṇuḥ pṛthivīpatiḥ ||
5_poetry/5_subhas/msubhs_u.txt	33997	n			putrān smaraṃstā duhit rhṛdasyā bhrāt n svas rvā pitarau ca dīnau |
5_poetry/5_subhas/msubhs_u.txt	37465	n			ślāghante raṇasīmni yasya caritaṃ kālāgnikūlaṃkaṣa | jvālodgārikuṭhārakukṣinihitakṣmāpālacakrā n janān ||
5_poetry/5_subhas/msubhs_u.txt	39759	n			kāryāṇāṃ gatayo bhujaṃgakuṭilāḥ strīṇāṃ manaścañcalaṃ naiśvaryaṃ sthitimattaraṃgacapalaṃ n ṇāṃ vayo dhāvati |
5_poetry/5_subhas/msubhs_u.txt	40231	n			śumbhādānaniśumbhā | svādanatoṣāvatu tvāṃ n pate ||
6_sastra/3_phil/buddh/nrat_1_u.txt	7	n			dharmam ekāntakalyāṇaṃ rāja n dha rmodayāya te |
6_sastra/3_phil/samkhya/isvskaru.txt	3	n			dṛṣṭe sā pārthā cen n aikāntātyantato | abhāvāt |
1_veda/5_vedang/1_srauta/asvss_u.txt	2087	ī			upahūya sudughām dhenum etām iti dve abhitvā deva savitaḥ sam ī vatsam na mātṛbhiḥ sam vatsa iva mātṛbhir yas te stanaḥ śaśayo yo mayobhūr gaur amīmed anu vatsam miṣantam namasā id upasīdata saṃjānānā upasīdann abhijñvā daśabhir vivasvato duhanti sapta ekām samiddho agnir aśvinā tapto vām gharma āgatam |
1_veda/5_vedang/2_paris/avpray_u.txt	461	ī			saṃsthitahomeṣv agnim ī | le purohitaṃ viviciṃ ratnadhātamaṃ pra ṇa āyūṃṣi tāriṣat || iti madhyata opya saṃsrāvabhāgaiḥ saṃsthāpayet |
3_purana/agp_bi_u.txt	24043	ī			u śikhā dantavinyāsā ī māyā jihvayā smṛtā |
3_purana/agp_bi_u.txt	47015	ī		o au aṃ aḥ | ka kha ga gha ṅa ca cha ja jha ña ṭa ṭha ḍa ḍha ṇa ta	oṃ chaṃ nityaklinne madadrave oṃ oṃ | a ā i ī u ū ṛ ṝ ḷ ḹ e ai
3_purana/garup1_u.txt	2885	ī			a ā nyasettu pādāgre i ī gulaphe 'tha jānuni |
3_purana/garup1_u.txt	9026	ī			ā ī ū ai au svarāṃśca likhetpañcāgnikoṣṭhake |
3_purana/lip_2__u.txt	4467	ī			ā ī ū e tathā aṃbānukrameṇātmarūpiṇam ||
4_rellit/buddh/vinv_06u.txt	2235	ī			tasmād vimukhak || ṃ | ī || i
4_rellit/saiva/kubjt_pu.txt	1989	ī			ī ta madhye samāruddham ai pūrveṇa vibheditam |
4_rellit/saiva/kubjt_pu.txt	7535	ī			ī guhyaśakti nādasthā nāsāyāṃ netramadhyataḥ ||
4_rellit/saiva/kubjt_pu.txt	7549	ī			nārāyaṇī ṇa karṇau tu tayor bhūṣaṇam ī parau |
4_rellit/saiva/kubjt_pu.txt	7801	ī			aiṃ haḥ a paramānande haḥ ā siddhidānandane haḥ i parāpare hrūṃ phreṃ phaṭ kṣaḥ ī śrīkulāmbike ||
4_rellit/saiva/kubjt_pu.txt	7871	ī			ana aiṃ | ā tha hrīṃ | i ṛ a | ī ṛ gho | u ḷ re | ū ḹ hrīṃ |
4_rellit/saiva/kubjt_pu.txt	7875	ī			e ū gho | ai ī re | o ba hūṃ | au ka gho | aṃ kha ra | aḥ ga rū |
4_rellit/saiva/kubjt_pu.txt	9549	ī			ṣa garbhāvali ī ḍāmara indramūrti bhairava
4_rellit/saiva/kubjt_pu.txt	9635	ī			ī sūkṣmāvali ṣa mahodyāna ṣaṭālākṣa bhairava
4_rellit/saiva/kubjt_pu.txt	9681	ī			ī haṃsāvali ṣa ajayavīra
4_rellit/saiva/kubjt_pu.txt	9767	ī			ṣa mahāmāyāvali ī sarvalokavīra
4_rellit/saiva/kubjt_pu.txt	10883	ī			ī trimūrtir vāmacakṣuṣi i sūkṣma dakṣacakṣugaḥ ||
4_rellit/saiva/kubjt_pu.txt	10933	ī			ī guhyaśakti nādasthā nāsāyāṃ netramadhyataḥ |
4_rellit/saiva/kubjt_pu.txt	11091	ī			vārāṇasyāṃ mahākṣetre ī lā carcikasaṃyutā ||
4_rellit/saiva/malinivu.txt	599	ī			netrāṇi cadha vai nāsā ī samudre ṇuṇū śrutī
4_rellit/saiva/malinivu.txt	1417	ī			i ī netradvaye dattvā u ū karṇadvaye nyaset
4_rellit/saiva/parakspu.txt	441	ī			ḹ ṣā ī vārāhīmūrtaye ṭhaḥ ṭhaḥ ṭhaḥ ṭhaḥ huṃ phaṭ iti | vāgglaumādiglauṃvāgantā | mūrtikaraṇī | vidyā ||
4_rellit/saiva/parakspu.txt	457	ī			ṣaṭkoṇe ā kṣā ī brahmāṇī | ī lā ī māheśvarī | ū hā ī kaumārī | ṝ sā ī vaiṣṇavī | ai śā ī indrāṇī | au vā ī cāmuṇḍā tasyaivāgreṣu madhye ca yamarayūṃ yāṃ yīṃ yūṃ yaiṃ yauṃ yaḥ yākini jambhaya jambhaya mama sarvaśatrūṇāṃ tvagdhātuṃ gṛhṇa gṛhṇa aṇimādivaśaṃ kuru kuru svāheti | anyāsāṃ dhātunāthānām apy evaṃ bīje nāmani dhātau tv ārādhanakarmaṇi mantrasannāmaḥ | ramarayūṃ rākiṇi raktadhātuṃ piba piba lamarayūṃ lākini māṃsadhātuṃ bhakṣaya bhakṣaya ḍamarayūṃ ḍākini medodhātuṃ grasa grasa kamarayūṃ kākini asthidhātuṃ jambhaya jambhaya samarayūṃ sākini majjādhātuṃ gṛhṇa gṛhṇa hamarayūṃ hākini śukradhātuṃ piba piba aṇimādivaśaṃ kuru kuru svāhā iti dhātunāthayajanam ||
4_rellit/saiva/parakspu.txt	457	ī			ṣaṭkoṇe ā kṣā ī brahmāṇī | ī lā ī māheśvarī | ū hā ī kaumārī | ṝ sā ī vaiṣṇavī | ai śā ī indrāṇī | au vā ī cāmuṇḍā tasyaivāgreṣu madhye ca yamarayūṃ yāṃ yīṃ yūṃ yaiṃ yauṃ yaḥ yākini jambhaya jambhaya mama sarvaśatrūṇāṃ tvagdhātuṃ gṛhṇa gṛhṇa aṇimādivaśaṃ kuru kuru svāheti | anyāsāṃ dhātunāthānām apy evaṃ bīje nāmani dhātau tv ārādhanakarmaṇi mantrasannāmaḥ | ramarayūṃ rākiṇi raktadhātuṃ piba piba lamarayūṃ lākini māṃsadhātuṃ bhakṣaya bhakṣaya ḍamarayūṃ ḍākini medodhātuṃ grasa grasa kamarayūṃ kākini asthidhātuṃ jambhaya jambhaya samarayūṃ sākini majjādhātuṃ gṛhṇa gṛhṇa hamarayūṃ hākini śukradhātuṃ piba piba aṇimādivaśaṃ kuru kuru svāhā iti dhātunāthayajanam ||
4_rellit/saiva/parakspu.txt	457	ī			ṣaṭkoṇe ā kṣā ī brahmāṇī | ī lā ī māheśvarī | ū hā ī kaumārī | ṝ sā ī vaiṣṇavī | ai śā ī indrāṇī | au vā ī cāmuṇḍā tasyaivāgreṣu madhye ca yamarayūṃ yāṃ yīṃ yūṃ yaiṃ yauṃ yaḥ yākini jambhaya jambhaya mama sarvaśatrūṇāṃ tvagdhātuṃ gṛhṇa gṛhṇa aṇimādivaśaṃ kuru kuru svāheti | anyāsāṃ dhātunāthānām apy evaṃ bīje nāmani dhātau tv ārādhanakarmaṇi mantrasannāmaḥ | ramarayūṃ rākiṇi raktadhātuṃ piba piba lamarayūṃ lākini māṃsadhātuṃ bhakṣaya bhakṣaya ḍamarayūṃ ḍākini medodhātuṃ grasa grasa kamarayūṃ kākini asthidhātuṃ jambhaya jambhaya samarayūṃ sākini majjādhātuṃ gṛhṇa gṛhṇa hamarayūṃ hākini śukradhātuṃ piba piba aṇimādivaśaṃ kuru kuru svāhā iti dhātunāthayajanam ||
4_rellit/saiva/parakspu.txt	457	ī			ṣaṭkoṇe ā kṣā ī brahmāṇī | ī lā ī māheśvarī | ū hā ī kaumārī | ṝ sā ī vaiṣṇavī | ai śā ī indrāṇī | au vā ī cāmuṇḍā tasyaivāgreṣu madhye ca yamarayūṃ yāṃ yīṃ yūṃ yaiṃ yauṃ yaḥ yākini jambhaya jambhaya mama sarvaśatrūṇāṃ tvagdhātuṃ gṛhṇa gṛhṇa aṇimādivaśaṃ kuru kuru svāheti | anyāsāṃ dhātunāthānām apy evaṃ bīje nāmani dhātau tv ārādhanakarmaṇi mantrasannāmaḥ | ramarayūṃ rākiṇi raktadhātuṃ piba piba lamarayūṃ lākini māṃsadhātuṃ bhakṣaya bhakṣaya ḍamarayūṃ ḍākini medodhātuṃ grasa grasa kamarayūṃ kākini asthidhātuṃ jambhaya jambhaya samarayūṃ sākini majjādhātuṃ gṛhṇa gṛhṇa hamarayūṃ hākini śukradhātuṃ piba piba aṇimādivaśaṃ kuru kuru svāhā iti dhātunāthayajanam ||
4_rellit/saiva/parakspu.txt	457	ī			ṣaṭkoṇe ā kṣā ī brahmāṇī | ī lā ī māheśvarī | ū hā ī kaumārī | ṝ sā ī vaiṣṇavī | ai śā ī indrāṇī | au vā ī cāmuṇḍā tasyaivāgreṣu madhye ca yamarayūṃ yāṃ yīṃ yūṃ yaiṃ yauṃ yaḥ yākini jambhaya jambhaya mama sarvaśatrūṇāṃ tvagdhātuṃ gṛhṇa gṛhṇa aṇimādivaśaṃ kuru kuru svāheti | anyāsāṃ dhātunāthānām apy evaṃ bīje nāmani dhātau tv ārādhanakarmaṇi mantrasannāmaḥ | ramarayūṃ rākiṇi raktadhātuṃ piba piba lamarayūṃ lākini māṃsadhātuṃ bhakṣaya bhakṣaya ḍamarayūṃ ḍākini medodhātuṃ grasa grasa kamarayūṃ kākini asthidhātuṃ jambhaya jambhaya samarayūṃ sākini majjādhātuṃ gṛhṇa gṛhṇa hamarayūṃ hākini śukradhātuṃ piba piba aṇimādivaśaṃ kuru kuru svāhā iti dhātunāthayajanam ||
4_rellit/saiva/parakspu.txt	457	ī			ṣaṭkoṇe ā kṣā ī brahmāṇī | ī lā ī māheśvarī | ū hā ī kaumārī | ṝ sā ī vaiṣṇavī | ai śā ī indrāṇī | au vā ī cāmuṇḍā tasyaivāgreṣu madhye ca yamarayūṃ yāṃ yīṃ yūṃ yaiṃ yauṃ yaḥ yākini jambhaya jambhaya mama sarvaśatrūṇāṃ tvagdhātuṃ gṛhṇa gṛhṇa aṇimādivaśaṃ kuru kuru svāheti | anyāsāṃ dhātunāthānām apy evaṃ bīje nāmani dhātau tv ārādhanakarmaṇi mantrasannāmaḥ | ramarayūṃ rākiṇi raktadhātuṃ piba piba lamarayūṃ lākini māṃsadhātuṃ bhakṣaya bhakṣaya ḍamarayūṃ ḍākini medodhātuṃ grasa grasa kamarayūṃ kākini asthidhātuṃ jambhaya jambhaya samarayūṃ sākini majjādhātuṃ gṛhṇa gṛhṇa hamarayūṃ hākini śukradhātuṃ piba piba aṇimādivaśaṃ kuru kuru svāhā iti dhātunāthayajanam ||
4_rellit/saiva/parakspu.txt	457	ī			ṣaṭkoṇe ā kṣā ī brahmāṇī | ī lā ī māheśvarī | ū hā ī kaumārī | ṝ sā ī vaiṣṇavī | ai śā ī indrāṇī | au vā ī cāmuṇḍā tasyaivāgreṣu madhye ca yamarayūṃ yāṃ yīṃ yūṃ yaiṃ yauṃ yaḥ yākini jambhaya jambhaya mama sarvaśatrūṇāṃ tvagdhātuṃ gṛhṇa gṛhṇa aṇimādivaśaṃ kuru kuru svāheti | anyāsāṃ dhātunāthānām apy evaṃ bīje nāmani dhātau tv ārādhanakarmaṇi mantrasannāmaḥ | ramarayūṃ rākiṇi raktadhātuṃ piba piba lamarayūṃ lākini māṃsadhātuṃ bhakṣaya bhakṣaya ḍamarayūṃ ḍākini medodhātuṃ grasa grasa kamarayūṃ kākini asthidhātuṃ jambhaya jambhaya samarayūṃ sākini majjādhātuṃ gṛhṇa gṛhṇa hamarayūṃ hākini śukradhātuṃ piba piba aṇimādivaśaṃ kuru kuru svāhā iti dhātunāthayajanam ||
4_rellit/saiva/vinst_pu.txt	1407	ī			savisarganayapadaṃ bījāntasthaṃ ū ī siddhikarī nṛṇām ||
5_poetry/1_natya/bharnatu.txt	9061	ī			tatra svarāścaturdaśa | a ā i ī u ū ṛ ṝ ḷ ḹ e ai
6_sastra/3_phil/saiva/tantralu.txt	12731	ī			netrāṇi cordhve dhonye ī ghrāṇaṃ mudre ṇu ṇū śrutī ||
6_sastra/8_jyot/brhats_u.txt	12589	ī			cāste jhakāro ambaramadhyage ī |
1_veda/2_bra/satapath/sb_01_u.txt	657	r			saṃgacanta āpo hyetāsāṃ r | asaḥ saṃ revatīrjagatībhiḥ pṛcyantāmiti revatya āpo jagatya
1_veda/5_vedang/2_grhya/sankhgsu.txt	1447	r			mayobhū r vāta || iti sūktena goṣṭhe gatāḥ |
1_veda/5_vedang/2_paris/avpari_u.txt	163	r			uttare phalgunyau hasta ś citrā svāti r viśākhe anūrādhā jyeṣṭhā mūlaṃ pūrvāṣāḍhā tan navamam ādityo daśamaṃ nāmarūpa pūrvapakṣāparapakṣāv ekādaśadvādaśe
1_veda/5_vedang/2_paris/avpray_u.txt	1151	r			prāta r ya sya skanno homaḥ syāt sāyaṃ nāśnīyān |
3_purana/bhagp/bhp_05u.txt	237	r			samparete pitari nava bhrātaro meru duhit r merudevīṃ pratirūpām ugradaṃṣṭrīṃ latāṃ ramyāṃ śyāmāṃ nārīṃ bhadrāṃ devavītim iti saṃjñā navodavahan
4_rellit/buddh/mhvastuu.txt	269	r			ayoguḍā hi agnismiṃ yatha r iva saṃtāpitā |
4_rellit/buddh/mhvastuu.txt	1559	r			ca bhavanti | abhīkṣṇaṃ lokaramaṇīyābhiratāś ca bhavanti | na ca sarvadhātū anityā saṃkalpayanti | svena ca varṇarūpeṇa param abhimanyanti | na ca viparītadarśanatyāgaṃ karonti | na ca yathoddiṣṭaṃ padavyaṃjanaṃ paripūrṇaṃ karonti | deśanāmatsariṇaś ca bhavanti | apātradarśinaś ca bhavanti | pātre ca na pratipādayanti | kaṭhinasantānāś ca bhavanti | asamīkṣakāriṇaś ca bhavanti || ye keci bho dhutadharmadhara bodhisatvā dvitīyāyāṃ bhūmau vartamānā tṛtīyāyāṃ bhūmau vivartanti sarve te imehi r aṣṭāviṃśadbhir ākārair vivartanti ||
4_rellit/buddh/mhvastuu.txt	4925	r			atha viṃśatiṃ sahasrā marukanyā āśu r eva sannipatitā |
4_rellit/buddh/mhvastuu.txt	4937	r			atha caturi lokapālā saparivārā āśu r eva sannipatitā |
4_rellit/buddh/mhvastuu.txt	6009	r			ati r iva udvilyaharṣā hāhākāraṃ udīrensuḥ ||
4_rellit/buddh/mhvastuu.txt	7089	r			upasaṃkramitvā pṛcchanti || kiṃ kṣemaṃ kiṃ avidhāvidhaṃ ti krandasi || grāmika āha || krandāmi yenaite na saṃvibhāgaratā na saṃvibhāgaśīlāḥ yatra nāma evaṃ mahantāto grāmāto eko bhikṣu yathādhautena pātreṇa nirdhāvati || te dāni grāme mahallakā tasya grāmikasya śrutvā taṃ pratyekabuddhaṃ satkartavyaṃ manyensu || grāmikena pratyekabuddhaṃ gṛhaṃ praveśetvā āhāreṇa pratimānetvā yāvajjīvam upanimantrito || aham āryasya nimantremi yāvajjīvaṃ sarvasukhopadhānena || svayaṃdhītā saṃveditā || evan tuvaṃ āryaṃ taṃ divasam āhāreṇa upasthihisi || dārikā prītā tuṣṭā saṃvṛttā || śobhanaṃ me kalyāṇaṃ karma sevitaṃ || sā dāni taṃ pratyekabuddhaṃ divasam āhāreṇa upasthihati prāsādikābhiprasannadevamanuṣyā || pratyekabuddho parijñātabhojano sarvāśuciparikṣīṇo mahābhāgo || tasya dāni grāmikasya dhītus tāṃ pratyekabuddhasya īryāṃ paśyitvā udāraṃ pasādaṃ jātaṃ || tathā anye pi janā prasannā || so dāni pratyekabuddho tasya grāmikasya prasādena tatraiva grāmakṣetre anupādāya parinirvṛto || tato grāmikena taṃ pratyekabuddhaṃ dhyāyetvā stūpaṃ kṛtaṃ na cātikhuḍḍākaṃ na cātimahantaṃ sudhāmṛttikālepanaṃ || sā dāni grāmikasya dhītā taṃ stūpaṃ daivasikaṃ kāṃsyapātreṇa pūjeti gandhena mālyena ca dhūpena ca || paścāt tato stūpāto taṃ nānāprakāraṃ mālyaṃ vātena apakarṣīyate || tāye dāni taṃ mālyaṃ saṃkaḍḍitvā ceṭīhi sārdhaṃ dīrghamālāguḍikā nicitopacitā nānāpuṣpāṇāṃ || tatra tāye mālāye taṃ pratyekabuddhasya stūpaṃ sarvaṃ pariveṭhitaṃ || tasyā tāṃ mālāṃ tahiṃ stūpe sthitāṃ ca mālā ca sarvā rūpeṇa ca tejena ca abhibhavitvā tiṣṭhantīṃ deveṣu divyam āyuḥpramāṇaṃ kṣapetvā śobhantīṃ dṛṣṭvā ati r iva cittaprasādam utpannaṃ || sā dāni prasannacittā praṇidhānam
4_rellit/buddh/mhvastuu.txt	8287	r			atha caturi lokapālā saparivārā āśu r eva sannipatitā |
4_rellit/buddh/mhvastuu.txt	8803	r			pragṛhītakhaḍgahastā ati r iva priyadarśanapralāpā ||
4_rellit/buddh/vinsutru.txt	275	r			na glānaṃ pravrājayeyu || r upasampādayeyur vā
4_rellit/buddh/vinsutru.txt	7797	r			arūḍhi r avipravāsasamvṛter abaddhasīmatāyāṃ bhūmeḥ
4_rellit/buddh/vinsutru.txt	9186	r			maṃcasya ratnamayāde r ayomayāt tasya parivartyā
4_rellit/buddh/vinsutru.txt	11944	r			gāthayo r ārabdham iti dvayor adhastāt
4_rellit/buddh/vinsutru.txt	12540	r			teṣām api bhikṣubhi r evam eva
4_rellit/buddh/vinv11_u.txt	109	r			tenoktaḥ | bhadanta uttara kutra gacchasi | śrāvastīṃ | svacittaṃ pratilabhasva ihaiva tiṣṭha mā gaccha | sthānam etad vidyate yat tvayā punar āgatyāham eva kṣamayitavya iti | tasya vacanam avacanīkṛtya samādāya pātracīvaraṃ yena śrāvastī tena cārikāṃ prakrānto 'nupūrveṇa cārikāṃ caraṃ śrāvastīm anuprāptaḥ | sa bhikṣubhir dṛṣṭaḥ uktaś ca | svāgataṃ svāgatam āyuṣmann uttara prītā vayaṃ tvaddarśanena no tv āgamanena | kiṃ karaṇam tvam āgamya citro gṛhapatir mrakṣaṣaṇḍāyāṃ buddhadharmasaṃgheṣu kārān karoti | āgantukānāṃ ca gāmikānāṃ ca mrakṣaṣaṇḍā pratisaraṇam | asty etad evaṃ | mayā citro gṛhapatir avasphaṇḍitaḥ | yathā kathaṃ tena yathāvṛttam ārocitaṃ | etat prakaraṇaṃ bhikṣavo bhagavata ārocayanti bhagavān āha kuruta yūyaṃ bhikṣavaḥ uttarasya bhikṣor gṛhapati r avasphaṇḍakasya pratisaṃharaṇīyaṃ karma iti | yo vā punar anyo 'pi evaṃjātīyaḥ |
4_rellit/buddh/vinv11_u.txt	113	r			śṛṇotu bhadantāḥ saṃghaḥ | anenottareṇa bhikṣuṇā citro gṛhapatir avasphaṇḍitaḥ | sacet saṃghasya prāptakālaṃ kṣametānujānīyāt saṃgho yat saṃgha uttarasya bhikṣor gṛhapati r avasphaṇḍakasya pratisaṃharaṇīyaṃ karma kuryād ity eṣā jñaptiḥ
4_rellit/buddh/vinv11_u.txt	115	r			tataḥ karma kartavyaṃ | śṛṇotu bhadantāḥ saṃghaḥ | anenottareṇa bhikṣuṇā mrakṣaṣaṇḍāyāṃ citro gṛhapatir avasphaṇḍitaḥ | tat saṃgha uttarasya bhikṣor gṛhapati r avasphaṇḍakasya pratisaṃharaṇīyaṃ karma karoti | yeṣām āyuṣmatāṃ kṣamate uttarasya bhikṣor gṛhapati r avasphaṇḍakasya pratisaṃharaṇīyaṃ karma kartuṃ te tūṣṇīṃ | na kṣamate bhāṣantāṃ | iyaṃ prathamā karmavācanā | evaṃ dvitīyā tṛtīyā karmavācanā kartavyā | kṛtaṃ saṃghena uttarasya bhikṣor gṛhapati r avasphaṇḍakasya pratisaṃharaṇīyaṃ karma | kṣāntam anujñātaṃ saṃghena yasmāt tūṣṇīm evam etad dhārayāmi ||
4_rellit/buddh/vinv11_u.txt	115	r			tataḥ karma kartavyaṃ | śṛṇotu bhadantāḥ saṃghaḥ | anenottareṇa bhikṣuṇā mrakṣaṣaṇḍāyāṃ citro gṛhapatir avasphaṇḍitaḥ | tat saṃgha uttarasya bhikṣor gṛhapati r avasphaṇḍakasya pratisaṃharaṇīyaṃ karma karoti | yeṣām āyuṣmatāṃ kṣamate uttarasya bhikṣor gṛhapati r avasphaṇḍakasya pratisaṃharaṇīyaṃ karma kartuṃ te tūṣṇīṃ | na kṣamate bhāṣantāṃ | iyaṃ prathamā karmavācanā | evaṃ dvitīyā tṛtīyā karmavācanā kartavyā | kṛtaṃ saṃghena uttarasya bhikṣor gṛhapati r avasphaṇḍakasya pratisaṃharaṇīyaṃ karma | kṣāntam anujñātaṃ saṃghena yasmāt tūṣṇīm evam etad dhārayāmi ||
4_rellit/buddh/vinv11_u.txt	115	r			tataḥ karma kartavyaṃ | śṛṇotu bhadantāḥ saṃghaḥ | anenottareṇa bhikṣuṇā mrakṣaṣaṇḍāyāṃ citro gṛhapatir avasphaṇḍitaḥ | tat saṃgha uttarasya bhikṣor gṛhapati r avasphaṇḍakasya pratisaṃharaṇīyaṃ karma karoti | yeṣām āyuṣmatāṃ kṣamate uttarasya bhikṣor gṛhapati r avasphaṇḍakasya pratisaṃharaṇīyaṃ karma kartuṃ te tūṣṇīṃ | na kṣamate bhāṣantāṃ | iyaṃ prathamā karmavācanā | evaṃ dvitīyā tṛtīyā karmavācanā kartavyā | kṛtaṃ saṃghena uttarasya bhikṣor gṛhapati r avasphaṇḍakasya pratisaṃharaṇīyaṃ karma | kṣāntam anujñātaṃ saṃghena yasmāt tūṣṇīm evam etad dhārayāmi ||
4_rellit/buddh/vinv11_u.txt	117	r			pratisaṃharaṇīyakarmakṛtasyāhaṃ bhikṣor āsamudācārikān dharmān prajñapayāmi | pratisaṃharaṇīyakarmakṛtena bhikṣuṇā na pravrājayitavyaṃ pūrvavad yāvat | sa evaṃ pratisaṃharaṇīyakarmakṛta utkacaprakacaḥ saṃghe roma pātayati | niḥsaraṇaṃ pravartayati | sāmīcīm upadarśayati | antaḥsīmāyāṃ ca sthitvā osāraṇāṃ yācate | gṛhapati r avasphaṇḍakatvāc ca prativiramāmīti vadati | etat prakaraṇaṃ bhikṣavo bhagavata ārocayanti | bhagavān āha osārayata yūyaṃ bhikṣava uttaraṃ bhikṣuṃ pratisaṃharaṇīyakarmakṛtam iti | yo vā punar anyo 'pi evaṃjātīyaḥ |
4_rellit/saiva/kubjt_pu.txt	1505	r			prastārādi r anekaiś ca ye mantrāś coditāḥ priye ||
4_rellit/saiva/kubjt_pu.txt	1553	r			rodhas tu ādimadhyānte sampuṭaś cādi r antagaḥ ||
4_rellit/saiva/kubjt_pu.txt	2557	r			dvibāhu r ekavadanāṃ candrakoṭisamaprabhām ||
4_rellit/saiva/kubjt_pu.txt	2609	r			śikhordhvakuṇḍalākāraṃ kāmaśakti r adhisthitam ||
4_rellit/saiva/kubjt_pu.txt	3589	r			sādākhyeśvararudrāṇāṃ brahmaviṣṇu r anukramāt |
4_rellit/saiva/kubjt_pu.txt	5869	r			upadeśasamāyuktaṃ sarvadaṃ bhṛgu r āvadhim ||
4_rellit/saiva/kubjt_pu.txt	11917	r			tripathastho r aṭen nityaṃ kurute gati r āgatim ||
4_rellit/saiva/kubjt_pu.txt	11917	r			tripathastho r aṭen nityaṃ kurute gati r āgatim ||
4_rellit/saiva/kubjt_pu.txt	12155	r			nārā ca śakti r uccāraṃ karaṇātmavyavasthitam |
4_rellit/saiva/malinivu.txt	1419	r			ṛ | r nāsāpuṭe tadvad ḷ | l gaṇḍadvaye tathā
3_purana/agp_bi_u.txt	24094	ḷ			ḷ sthāṇurdakṣagaṇḍe syādvāmagaṇḍe haraś ca ḹ
3_purana/agp_bi_u.txt	24223	ḷ			ṛ khaḍginī u balitā ḷ kulā ḹ tathā yadi |
3_purana/agp_bi_u.txt	47015	ḷ		o au aṃ aḥ | ka kha ga gha ṅa ca cha ja jha ña ṭa ṭha ḍa ḍha ṇa ta	oṃ chaṃ nityaklinne madadrave oṃ oṃ | a ā i ī u ū ṛ ṝ ḷ ḹ e ai
3_purana/agp_bi_u.txt	50728	ḷ			ṛ śabde cāditau ṛsyāt ḷ ḹ te vai ditau guhe |
3_purana/agp_bi_u.txt	50857	ḷ		nama jha bha ña gha dha ṣa ja va ga ḍa da śa kha pha cha ṭha tha ca ṭa ta	a i u ṇa ṛ ḷ ka e ṅa ai au ca ha ya va ra ṭa ṇa na ña ma ṅa ṇa
3_purana/lip_1_pu.txt	3103	ḷ			vāmaṃ kapolam ṝkāro ḷ ḹ nāsāpuṭe ubhe ||
4_rellit/buddh/bhivin_u.txt	2957	ḷ			bhagavān vaiśālīyam viharati | bhadrāya dāni kāpileyyā arthotpattiḥ kartavyā | yāvad bhagavān āha | tena hi na kṣamati nagnikāyā snātuṃ | dakaśāṭikāya snāpitavyaṃ | dakaśāṭikāpratisaṃyuktaṃ | na kṣamati nadīyam vā oghe vā puṣkiriṇīyam vā taḍāge vā nagnikāya snāpituṃ | dakaśāṭikāya snāpitavyaṃ | nagnikā snāyati vinayātikramaḥ | atha dāni vihāre gupte pradeśe nagnikā snāyaty anāpattiḥ | idam ucyate dakaśāṭikāpratisaṃyuktaṃ || ḷ ||
4_rellit/buddh/bhivin_u.txt	3015	ḷ			bhagavān śrāvastīyam viharati | aparāya dāni bhikṣuṇīya raktacittāya udakasrote aṅgajātaṃ dhāritaṃ | tāye aśucir āgato yathā udakadhārāya yāvat | tena hi na kṣamati udakasrote aṅgajātaṃ dhārayituṃ | udakasrotapratisaṃyuktaṃ | yā dāni tāyo bhavanti girinadīyo śīghrasrotāyo tahiṃ aṅgajātaṃ dhāreti tena ca kāmarāgaṃ vinodeti thūl | accyam āsādayati | atha dāni snāyati na kṣamati agratomukhaṃ srotaṃ kṛtvā snāyituṃ pṛṣṭhatomukhaṃ srotaṃ kṛtvā snāyitavyaṃ | sā eṣā bhikṣuṇī agratomukhaṃ srotaṃ kṛtvā snāyati vinayātikramam āsādayati | idam ucyate udakasrotapratisaṃyuktaṃ || ḷ ||
4_rellit/buddh/bhivin_u.txt	3123	ḷ			yo bhikṣūṇām abhihāro anabhihāro so bhikṣuṇīnāṃ || ḷ ||
4_rellit/buddh/bhivin_u.txt	3125	ḷ			yo bhikṣuṇīnām abhihāro anabhihāro so bhikṣūnāṃ || ḷ ||
4_rellit/saiva/kubjt_pu.txt	7531	ḷ			ṛ ṝ ḷ ḹ nivṛttyādyā mālikā śirasi sthitā ||
4_rellit/saiva/kubjt_pu.txt	7805	ḷ			aiṃ haḥ ḷ narakāntasthe haḥ ḹ guhyamahāmbike haḥ e sṛṣṭigate hrūṃ phreṃ phaṭ kṣaḥ ai śrīkulāmbike ||
4_rellit/saiva/kubjt_pu.txt	7871	ḷ			ana aiṃ | ā tha hrīṃ | i ṛ a | ī ṛ gho | u ḷ re | ū ḹ hrīṃ |
4_rellit/saiva/kubjt_pu.txt	7873	ḷ			ṛ ca hsaḥ | ṛ dha pa | ḷ ṇa ra | ḹ u ma |
4_rellit/saiva/kubjt_pu.txt	9559	ḷ			ya pracaṇḍāvali ḷ prasanna ḷptakāya bhairava
4_rellit/saiva/kubjt_pu.txt	9625	ḷ			ḷ mahāmāyāvali ya mārtaṇḍa yugānta bhairava
4_rellit/saiva/kubjt_pu.txt	9691	ḷ			ḷ vidyāśaktyāvali ya mahāyaśavīra
4_rellit/saiva/kubjt_pu.txt	9757	ḷ			ya candravīṇāvali ḷ mahārauravavīra
4_rellit/saiva/kubjt_pu.txt	10877	ḷ			ḹ haro vāmagaṇḍe tu ḷ sthāṇur dakṣagaṇḍagaḥ |
4_rellit/saiva/kubjt_pu.txt	10943	ḷ			ḹ ḷ ṛ ṝ tu śāntyādyāḥ śiromālā tu mālinī ||
4_rellit/saiva/malinivu.txt	1419	ḷ			ṛ | r nāsāpuṭe tadvad ḷ | l gaṇḍadvaye tathā
4_rellit/saiva/sivsutru.txt	671	ḷ			a i u ṛ ḷ vinyāsaiḥ kādimāntaṃ ca vācakam ||
5_poetry/1_natya/bharnatu.txt	9061	ḷ			tatra svarāścaturdaśa | a ā i ī u ū ṛ ṝ ḷ ḹ e ai
5_poetry/1_natya/bharnatu.txt	9081	ḷ			ṛ ṭu ra ṣā mūrdhanyāḥ | ḷ tu la sā dantyāḥ | u
6_sastra/3_phil/saiva/tantralu.txt	12729	ḷ			na śikhā ṛ ṝ ḷ ḍḍ ca śiromālā tha mastakam |
3_purana/agp_bi_u.txt	24092	ṛ			ṛ bhāṣabhūtirnāsāgre vāmanāsā tithīśa ṛ |
3_purana/agp_bi_u.txt	24092	ṛ			ṛ bhāṣabhūtirnāsāgre vāmanāsā tithīśa ṛ |
3_purana/agp_bi_u.txt	24223	ṛ			ṛ khaḍginī u balitā ḷ kulā ḹ tathā yadi |
3_purana/agp_bi_u.txt	47015	ṛ		o au aṃ aḥ | ka kha ga gha ṅa ca cha ja jha ña ṭa ṭha ḍa ḍha ṇa ta	oṃ chaṃ nityaklinne madadrave oṃ oṃ | a ā i ī u ū ṛ ṝ ḷ ḹ e ai
3_purana/agp_bi_u.txt	50728	ṛ			ṛ śabde cāditau ṛsyāt ḷ ḹ te vai ditau guhe |
3_purana/agp_bi_u.txt	50857	ṛ		nama jha bha ña gha dha ṣa ja va ga ḍa da śa kha pha cha ṭha tha ca ṭa ta	a i u ṇa ṛ ḷ ka e ṅa ai au ca ha ya va ra ṭa ṇa na ña ma ṅa ṇa
4_rellit/buddh/divyav_u.txt	20575	ṛ			ba ṛ || cānāmete brāhmaṇa |
4_rellit/saiva/kubjt_pu.txt	7531	ṛ			ṛ ṝ ḷ ḹ nivṛttyādyā mālikā śirasi sthitā ||
4_rellit/saiva/kubjt_pu.txt	7803	ṛ			aiṃ haḥ u kālarudrasthe haḥ ū ṛddhibalānvite haḥ ṛ śirohāre hrūṃ phreṃ phaṭ kṣaḥ ṝ śrīkulāmbike ||
4_rellit/saiva/kubjt_pu.txt	7871	ṛ			ana aiṃ | ā tha hrīṃ | i ṛ a | ī ṛ gho | u ḷ re | ū ḹ hrīṃ |
4_rellit/saiva/kubjt_pu.txt	7871	ṛ			ana aiṃ | ā tha hrīṃ | i ṛ a | ī ṛ gho | u ḷ re | ū ḹ hrīṃ |
4_rellit/saiva/kubjt_pu.txt	7873	ṛ			ṛ ca hsaḥ | ṛ dha pa | ḷ ṇa ra | ḹ u ma |
4_rellit/saiva/kubjt_pu.txt	7873	ṛ			ṛ ca hsaḥ | ṛ dha pa | ḷ ṇa ra | ḹ u ma |
4_rellit/saiva/kubjt_pu.txt	9555	ṛ			la vipulāvali ṛ ṛpudarpa ṛpusūdana bhairava
4_rellit/saiva/kubjt_pu.txt	9629	ṛ			ṛ puṣpāvali la ananta lamboṣṭha bhairava
4_rellit/saiva/kubjt_pu.txt	9687	ṛ			ṛ bṛhodarāvali la saṃhāravīra
4_rellit/saiva/kubjt_pu.txt	9761	ṛ			la vyomāvali ṛ mahābhogavīra
4_rellit/saiva/kubjt_pu.txt	10879	ṛ			ṝ tithīśa iḍāyāṃ tu ṛ bhārabhūti piṅgalā ||
4_rellit/saiva/kubjt_pu.txt	10943	ṛ			ḹ ḷ ṛ ṝ tu śāntyādyāḥ śiromālā tu mālinī ||
4_rellit/saiva/malinivu.txt	597	ṛ			na śikhā ṛ | rḷṭ ca śiromālā tha mastakam
4_rellit/saiva/malinivu.txt	1419	ṛ			ṛ | r nāsāpuṭe tadvad ḷ | l gaṇḍadvaye tathā
4_rellit/saiva/sivsutru.txt	671	ṛ			a i u ṛ ḷ vinyāsaiḥ kādimāntaṃ ca vācakam ||
5_poetry/1_natya/bharnatu.txt	9061	ṛ			tatra svarāścaturdaśa | a ā i ī u ū ṛ ṝ ḷ ḹ e ai
5_poetry/1_natya/bharnatu.txt	9081	ṛ			ṛ ṭu ra ṣā mūrdhanyāḥ | ḷ tu la sā dantyāḥ | u
6_sastra/3_phil/saiva/tantralu.txt	12729	ṛ			na śikhā ṛ ṝ ḷ ḍḍ ca śiromālā tha mastakam |
1_veda/2_bra/satapath/sb_07_u.txt	2371	t			sa yadi saṃvatsarabhṛtaḥ syāt | athābhijuhuyātsarvaṃ vai t adyatsaṃvatsarabhṛtaḥ
1_veda/2_bra/satapath/sb_13_u.txt	1771	t			t | syai śataṃ rājanyā anucaryo bhavanti tā udgātāram
1_veda/2_bra/satapath/sb_13_u.txt	2427	t			no eva t | thā kuryādyadvā udīcīnapravaṇe karoti tadeva pratyucritamagham bhavati
1_veda/2_bra/satapath/sb_14_u.txt	547	t			yā sṛs | t | au
1_veda/2_bra/satapath/sb_14_u.txt	633	t			sṛs | t | au
1_veda/2_bra/satapath/sb_14_u.txt	745	t			vratacaryā ya || sṛs | t | au
1_veda/2_bra/satapath/sb_14_u.txt	1047	t			vratacaryā yā sṛs | t | au
1_veda/5_vedang/1_srauta/asvss_u.txt	375	t			āpyāyasva sametu te sam t payāṃsi samuyantu vājā iha tvaṣṭāram agriyam tan nas turīyam adhapoṣayitnu devānām patnīr uśatīr avantu na iti dve agnir hotā gṛha patiḥ sa rājā havya vāḍ agnir ajaraḥ pitā na iti patnī samyājāḥ |
1_veda/5_vedang/2_paris/avpari_u.txt	2859	t			t yā da co pra naḥ yo yo dhi || hi ma dhī sya va de rgo bha yam ṇī re rva tu vi tsa ta t ||
1_veda/5_vedang/2_paris/avpari_u.txt	2859	t			t yā da co pra naḥ yo yo dhi || hi ma dhī sya va de rgo bha yam ṇī re rva tu vi tsa ta t ||
3_purana/garup1_u.txt	13972	t			kṣattraṃ cāndrāyaṇaṃ vipraṃ dvāviṃśātriṃśamāhare t ||
3_purana/garup1_u.txt	16602	t			kalambikāmlikopetaṃ kāmyaṃ tasya phalaṃ bhave t |
3_purana/garup2_u.txt	10549	t			abyaṅgānsapraśastāṃśca na t varjyānkadācana ||
4_rellit/buddh/asmahsuu.txt	4572	t			pitā hi putrāṇāṃ pañcavidhamupakāraṃ karoti | bījaṃ teṣāmavaropayati | śilpaṃ śikṣayati | pratirūpairdārairniyojayati | sanmitreṣupanikṣipati | anṛṇaṃ karoti yathā na paitṛkamṛṇaṃ dāpyate | tatsādharmyeṇa bodhisattvānāmetāni pañca karmāṇi veditavyāni | śraddhā hi sattvānāmāryātmabhāvapratilambhasya bījaṃ | śaikṣāḥ śilpaṃ | vimuktirbhāryā vimuktiprītisukhasaṃvedanā t | buddhāḥ kalyāṇamitrāṇi | avaraṇamṛṇasthānam |
4_rellit/buddh/vinsutru.txt	47	t			upādhyāyaḥ prāvṛṇuyā t ||
4_rellit/buddh/vinsutru.txt	6995	t			na varṣakam u t | krameṇa dadyāt
6_sastra/4_dharma/smrti/brhasppu.txt	3625	t			taḍāgāny udapānāni || t prasravaṇāni ca |
6_sastra/5_artha/kautil_u.txt	9897	t			yat prāya | sainyo yatra vā vinītaḥ syāt t adhirohayet ||
3_purana/agp_bi_u.txt	24094	ḹ			ḷ sthāṇurdakṣagaṇḍe syādvāmagaṇḍe haraś ca ḹ
3_purana/agp_bi_u.txt	24223	ḹ			ṛ khaḍginī u balitā ḷ kulā ḹ tathā yadi |
3_purana/agp_bi_u.txt	47015	ḹ		o au aṃ aḥ | ka kha ga gha ṅa ca cha ja jha ña ṭa ṭha ḍa ḍha ṇa ta	oṃ chaṃ nityaklinne madadrave oṃ oṃ | a ā i ī u ū ṛ ṝ ḷ ḹ e ai
3_purana/agp_bi_u.txt	50728	ḹ			ṛ śabde cāditau ṛsyāt ḷ ḹ te vai ditau guhe |
3_purana/lip_1_pu.txt	3103	ḹ			vāmaṃ kapolam ṝkāro ḷ ḹ nāsāpuṭe ubhe ||
4_rellit/saiva/kubjt_pu.txt	7531	ḹ			ṛ ṝ ḷ ḹ nivṛttyādyā mālikā śirasi sthitā ||
4_rellit/saiva/kubjt_pu.txt	7805	ḹ			aiṃ haḥ ḷ narakāntasthe haḥ ḹ guhyamahāmbike haḥ e sṛṣṭigate hrūṃ phreṃ phaṭ kṣaḥ ai śrīkulāmbike ||
4_rellit/saiva/kubjt_pu.txt	7871	ḹ			ana aiṃ | ā tha hrīṃ | i ṛ a | ī ṛ gho | u ḷ re | ū ḹ hrīṃ |
4_rellit/saiva/kubjt_pu.txt	7873	ḹ			ṛ ca hsaḥ | ṛ dha pa | ḷ ṇa ra | ḹ u ma |
4_rellit/saiva/kubjt_pu.txt	9561	ḹ			ma mahāmohāvali ḹ mahāmāyā ḹpāda bhairava
4_rellit/saiva/kubjt_pu.txt	9623	ḹ			ḹ mahāmohāvali ma mahākālāgni meghabhāsura bhairava
4_rellit/saiva/kubjt_pu.txt	9693	ḹ			ḹ icchāvali ma mahāsāhasavīra
4_rellit/saiva/kubjt_pu.txt	9755	ḹ			ma sandhyāvali ḹ mahāvetālavīra
4_rellit/saiva/kubjt_pu.txt	10877	ḹ			ḹ haro vāmagaṇḍe tu ḷ sthāṇur dakṣagaṇḍagaḥ |
4_rellit/saiva/kubjt_pu.txt	10943	ḹ			ḹ ḷ ṛ ṝ tu śāntyādyāḥ śiromālā tu mālinī ||
4_rellit/saiva/kubjt_pu.txt	11103	ḹ			jayantī ca mahākṣetre ḹ ṣā bhaṭṭasamanvitā ||
4_rellit/saiva/parakspu.txt	441	ḹ			ḹ ṣā ī vārāhīmūrtaye ṭhaḥ ṭhaḥ ṭhaḥ ṭhaḥ huṃ phaṭ iti | vāgglaumādiglauṃvāgantā | mūrtikaraṇī | vidyā ||
5_poetry/1_natya/bharnatu.txt	9061	ḹ			tatra svarāścaturdaśa | a ā i ī u ū ṛ ṝ ḷ ḹ e ai
1_veda/2_bra/kausibru.txt	4357	c			śuklam vā ca lohitam c agnīṣomayo rūpeṇa iti |
1_veda/5_vedang/2_paris/avpari_u.txt	7499	c			atha vā nānāvarṇe bahurūpe śṛṅgiṇi cāditye kīlavati c ādbhutāny ulkābhihate
3_purana/agp_bi_u.txt	44360	c			svāhā śirasyatha vaṣaṭśikhāyāṃ kavace c hūṃ
4_rellit/buddh/mhvastuu.txt	939	c			ye c | anāgata mahāmatiśūrā |
4_rellit/buddh/mhvastuu.txt	5463	c			evaṃ megho māṇavo bhagavatā dīpaṃkareṇa anuttarāye samyaksaṃbodhaye vyākṛto tad bhaviṣyati bahujanahitāya bahujanasukhāya lokānukampāya mahato janakāyasyārthāya hitāya sukhāya devānāṃ ca manuṣyāṇāṃ ca || bhūmyānāṃ devānāṃ ghoṣaṃ śrutvā antarīkṣecarā devā cāturmahārājikā devā trāyastriṃśā yāmā tuṣitā nirmāṇaratino paranirmitavaśavartino iti hi tatkṣaṇaṃ tanmuhūrtaṃ yāva brahmakāyaṃ ghoṣam abhyudgame || evaṃ mārṣa megho māṇavo bhagavatā dīpaṃkareṇa anuttarāye samyaksaṃbodhaye vyākṛto taṃ bhaviṣyati bahujanahitāya bahujanasukhāya lokānukampāya mahato janakāyasyārthāya hitāya sukhāya devānāṃ ca manuṣyāṇāṃ c || aprameyasya ca udārasya mahato obhāsasya loke prādurbhāvo āsi || yā pi tā loke lokāntarikā andhakārā andhakārārpitā tamisrā tamisārpitā aghā aghasaṃbhūtapūrvā yatra ime pi candramasūryā evaṃ maharddhikā evaṃ mahānubhāvā ābhayā ābhāṃ nābhisaṃbhuṇanti ālokena vā ālokaṃ na spharanti te pi tena obhāsena sphuṭā abhūnsuḥ | ye pi tatra satvā upapannāḥ te pi anyonyaṃ saṃjānensuḥ || anye pi kila bho iha satvā upapannāḥ anye pi kila bho satvāḥ ihopapannāḥ || ekāntasukhasamarpitā ca tatkṣaṇaṃ tanmuhūrtaṃ sarvasatvā abhūnsu | ye pi avīce mahānarake upapannā atikrame ca devānāṃ devānubhāvaṃ nāgānāṃ nāgānubhāvaṃ yakṣāṇāṃ yakṣānubhāvaṃ || dhyāmāni ca abhūnsuḥ mārabhavanāni niṣprabhāṇi nistejāni nirabhiramyāṇi | krośikāny apy asya khaṇḍāni prapatensu | dvikrośikāny apy asya khaṇḍāni prapatensu | trikrośikāny apy asya khaṇḍāni prapatensu | yojanikāny apy asya khaṇḍāni prapatensu | dhvajāgrāṇy apy asya prapatensuḥ | māro ca pāpīmāṃ duḥkhī durmanā vipratisārī antośalyaparidāghajāto abhūṣi ||
4_rellit/buddh/mhvastuu.txt	8691	c			sarve c | ime drumavarā akālakusumehi || cchāditā |
4_rellit/buddh/vinsutru.txt	3990	c			|| kṛtaṃ saṃstaram antargṛhe || c chorayeyur avalokya gṛhapatiṃ
4_rellit/vaisn/hbhvil_u.txt	1501	c			kṛte kāryo na c anyūnasaṅkhyākaḥ saṅkhayādhike ||
4_rellit/vaisn/vaimp__u.txt	2755	c			prajāpatiṃ prathamaṃ yajñiyānām c | a |
5_poetry/2_kavya/kragh_pu.txt	1703	c			saṃcārite c āgārusārayonau dhūpe samutsarpati vaijayantīḥ ||
6_sastra/3_phil/buddh/nrat_1_u.txt	279	c			ādimadhyāvasānāni c intyāni kṣaṇavat punaḥ |
6_sastra/3_phil/samkhya/isvskaru.txt	71	c			puruṣabahutvaṃ siddhaṃ c aiva |
6_sastra/3_phil/samkhya/isvskaru.txt	95	c			ekādaśakaś ca gaṇas tanmātraḥ pañcakaś c aiva |
6_sastra/3_phil/samkhya/isvskaru.txt	109	c			saṃkalpakam atra manaḥ | tac c endriyam ubhayathā samākhyātam
6_sastra/3_phil/samkhya/isvskaru.txt	213	c			mānuṣyaś c samāsato bhautikaḥ sargaḥ |
6_sastra/3_phil/samkhya/isvskaru.txt	283	c			gatam iiśvarakṛṣṇena c aitad āryābhiḥ
1_veda/2_bra/satapath/sb_08_u.txt	2263	s			śāradau tāvṛtūviśvācī ca ghṛtācī cāpsarasāviti dikcopadiśā ceti ha s māha
1_veda/2_bra/satapath/sb_13_u.txt	1821	s			etasyāmuktāyāmutthāya s | daso'dhi prāñco yajamānamabhyāyantyagreṇa havirdhāne
1_veda/2_bra/satapath/sb_13_u.txt	2113	s			s | rvasyāvaruddhyai
1_veda/5_vedang/1_srauta/sankhssu.txt	8635	s			s tathā ity uktvā varuṇam rājānam āmantrayām cakre | anena tvā yajā iti | tathā iti | śreyān vai brāhmaṇaḥ kṣatriyād iti |
2_epic/mbh/ext/hv_apppu.txt	41443	s			pūṣāpi daityaṃ navabhiḥ śarai s tato
4_rellit/buddh/vinsutru.txt	7531	s			darśana bhikṣuṇām aṅga tāvad āyusmanta s tvaritatvaritam āgacchatām āryasaṃghasya poṣadhaḥ pravaraṇā vā pāñcadaśika iti vacanaṃ
4_rellit/saiva/kubjt_pu.txt	6637	s			tanutrāṇakṛtāṭopā mantrādhvā s tu vibhūṣitā ||
5_poetry/2_kavya/bhattiku.txt	6371	s			draṣṭāsthas tatra tisro me māt s tuṣṭantarātmanaḥ
5_poetry/4_narr/brkas_pu.txt	5093	s			tena dhairyaprakarṣeṇa | manaḥ s | amdhṛtya cañcalam |
6_sastra/3_phil/buddh/nrat_1_u.txt	15	s			sukham abhyudaya s tatra mokṣo naiḥśreyaso mataḥ |
6_sastra/3_phil/buddh/pramanvu.txt	2455	s			ātmā sa tasyānubhavaḥ s ca nānyasya kasyacit |
6_sastra/3_phil/samkhya/isvskaru.txt	115	s			svālakṣaṇyaṃ vṛttis trayasya s aiṣā bhavaty asāmānyā
6_sastra/3_phil/samkhya/isvskaru.txt	149	s			s aiva ca viśinaṣṭi punaḥ pradhānapuruṣāntaraṃ sūkṣmam |
6_sastra/3_phil/samkhya/isvskaru.txt	253	s			s aiva ca puruṣārtham prati vimocayaty ekarūpeṇa |
6_sastra/6_kama/kamasutu.txt	451	s			|| rajaka nāpita mālākāra gāndhika saurika bhikṣuka gopālaka tāmbūlika s auvarṇika pīṭhamarda viṭa vidūṣakādayo mitrāṇi | tad yoṣin mitrāś ca nāgarakāḥ syur iti vātsyāyanaḥ ||
1_veda/2_bra/satapath/sb_03_u.txt	1199	ṃ			ṃ tenobhayataḥśīrṣṇī tasmādāhāditirasyubhayataḥśīrṣṇīti
1_veda/2_bra/satapath/sb_05_u.txt	1329	ṃ			sūyamānasya gṛhe raudraṃ gāvedhukh | ṃ caruṃ nirvapati te vā ete dve satī ratne ekaṃ
1_veda/2_bra/satapath/sb_13_u.txt	2457	ṃ			paścādvottarato vā syurāpohyeva citr | ṃ haivāsya prajā bhavati
1_veda/5_vedang/2_paris/avpari_u.txt	453	ṃ			yās triṃśataṃ trīṃś ca madanti devā devanāmno nirmitā ṃ ś ca bhūyasaḥ | tā no 'ṣāḍhā uttarā vaso viśve śivāḥ kriyāḥ kṛṇutāṃ suramatāḥ ||
1_veda/5_vedang/2_paris/avpari_u.txt	555	ṃ			rohiṇyām akṣatair māṣaiḥ sarpirmiśraṃ sahaudanam | dugdhānnapāna ṃ maṃheta so 'kṣato yamasādane ||
1_veda/5_vedang/2_paris/avpari_u.txt	579	ṃ			surā ṃ mūlena maṃhetābrāhmaṇībhya upoṣitaḥ | mātus tenānṛṇo bhavati saṃkarāc ca vimucyate ||
1_veda/5_vedang/2_paris/avpari_u.txt	613	ṃ			yad āhuḥ śakadhūma ṃ mahānakṣatrāṇāṃ prathamajaṃ jyotir agre | tan naḥ śatīm abhikṛṇotu rayiṃ ca naḥ sarvavīraṃ niyacchāt ||
2_epic/mbh/mbh_14_u.txt	17591	ṃ			pañca prāṇāhutīḥ kuryāt sama ṃ tu pṛthak pṛthak
3_purana/agp_bi_u.txt	49247	ṃ			muktakaṃ śloka ekaikaś camatkārakṣamaḥ satā ṃ
4_rellit/buddh/mhvastuu.txt	19691	ṃ			vayam api ettasaṃbhāra ṃ vācāgranthaṃ nirarthakaṃ |
4_rellit/buddh/vinsutru.txt	205	ṃ			śaikṣat | ṃ
4_rellit/buddh/vinv_06u.txt	2235	ṃ			tasmād vimukhak || ṃ | ī || i
4_rellit/buddh/vinv_06u.txt	2373	ṃ			ṃ || maraṇ |
4_rellit/buddh/vinv_06u.txt	2607	ṃ			akhil || i | o || ṃ ||
3_purana/agp_bi_u.txt	47015	ṝ		o au aṃ aḥ | ka kha ga gha ṅa ca cha ja jha ña ṭa ṭha ḍa ḍha ṇa ta	oṃ chaṃ nityaklinne madadrave oṃ oṃ | a ā i ī u ū ṛ ṝ ḷ ḹ e ai
4_rellit/saiva/kubjt_pu.txt	3177	ṝ			ṝ pūrvāsanam ārūḍhaṃ dvāviṃśatim udāhṛtam ||
4_rellit/saiva/kubjt_pu.txt	7531	ṝ			ṛ ṝ ḷ ḹ nivṛttyādyā mālikā śirasi sthitā ||
4_rellit/saiva/kubjt_pu.txt	7803	ṝ			aiṃ haḥ u kālarudrasthe haḥ ū ṛddhibalānvite haḥ ṛ śirohāre hrūṃ phreṃ phaṭ kṣaḥ ṝ śrīkulāmbike ||
4_rellit/saiva/kubjt_pu.txt	9557	ṝ			ra kālāntakāvali ṝ kṛtānta ṝmukta bhairava
4_rellit/saiva/kubjt_pu.txt	9627	ṝ			ṝ gāndhārāvali ra prāṇa raurava bhairava
4_rellit/saiva/kubjt_pu.txt	9689	ṝ			ṝ ripumardakāvali ra kumāravīra
4_rellit/saiva/kubjt_pu.txt	9759	ṝ			ra manmathāvali ṝ mahādurdharavīra
4_rellit/saiva/kubjt_pu.txt	10879	ṝ			ṝ tithīśa iḍāyāṃ tu ṛ bhārabhūti piṅgalā ||
4_rellit/saiva/kubjt_pu.txt	10943	ṝ			ḹ ḷ ṛ ṝ tu śāntyādyāḥ śiromālā tu mālinī ||
4_rellit/saiva/kubjt_pu.txt	11099	ṝ			aṭṭahāse mahākṣetre ṝ sā siddhiharānvitā ||
4_rellit/saiva/parakspu.txt	457	ṝ			ṣaṭkoṇe ā kṣā ī brahmāṇī | ī lā ī māheśvarī | ū hā ī kaumārī | ṝ sā ī vaiṣṇavī | ai śā ī indrāṇī | au vā ī cāmuṇḍā tasyaivāgreṣu madhye ca yamarayūṃ yāṃ yīṃ yūṃ yaiṃ yauṃ yaḥ yākini jambhaya jambhaya mama sarvaśatrūṇāṃ tvagdhātuṃ gṛhṇa gṛhṇa aṇimādivaśaṃ kuru kuru svāheti | anyāsāṃ dhātunāthānām apy evaṃ bīje nāmani dhātau tv ārādhanakarmaṇi mantrasannāmaḥ | ramarayūṃ rākiṇi raktadhātuṃ piba piba lamarayūṃ lākini māṃsadhātuṃ bhakṣaya bhakṣaya ḍamarayūṃ ḍākini medodhātuṃ grasa grasa kamarayūṃ kākini asthidhātuṃ jambhaya jambhaya samarayūṃ sākini majjādhātuṃ gṛhṇa gṛhṇa hamarayūṃ hākini śukradhātuṃ piba piba aṇimādivaśaṃ kuru kuru svāhā iti dhātunāthayajanam ||
5_poetry/1_natya/bharnatu.txt	9061	ṝ			tatra svarāścaturdaśa | a ā i ī u ū ṛ ṝ ḷ ḹ e ai
6_sastra/3_phil/saiva/tantralu.txt	12729	ṝ			na śikhā ṛ ṝ ḷ ḍḍ ca śiromālā tha mastakam |
1_veda/5_vedang/3_pratis/rgvidh_u.txt	115	h			tribhir | sidhyanti | mantrāś | ca | mucyate | ca | upapātakai | h |
4_rellit/buddh/mhvastuu.txt	871	h			roditehi mathitā h | imau kramau ||
4_rellit/buddh/mhvastuu.txt	6931	h			evaṃ h | imāṃ kṣatriyabhūmipālāṃ
4_rellit/buddh/mhvastuu.txt	6939	h			evaṃ h | imāṃ kṣatriyabhūmipālāṃ
4_rellit/buddh/mhvastuu.txt	6947	h			evaṃ h | imāṃ kṣatriyabhūmipālāṃ
4_rellit/saiva/svact_pu.txt	13755	h			śabdātmakaṃ guṇaṃ h yetat kathitaṃ tava suvrate |
6_sastra/3_phil/buddh/pramanvu.txt	937	h			na h yekāntena tad duḥkhaṃ bhūyasā saviṣānnavat ||
6_sastra/3_phil/buddh/pramanvu.txt	2005	h			jñānasyābhedinau bhinnau pratibhāso h yupaplavaḥ ||
6_sastra/3_phil/buddh/pramanvu.txt	2673	h			ekākārottaraṃ jñānaṃ tathā h yuktaramuktaram ||
6_sastra/3_phil/buddh/pramanvu.txt	4151	h			vastveva cityate h yatra pratibaddhaḥ phalodayaḥ |
1_veda/5_vedang/1_srauta/asvss_u.txt	1625	d			viśva karman haviṣā vāvṛdhāna iti dve viśva karmā vimanā ā d vihāyāḥ kiṃsvid āsīd adhiṣṭhānam yo naḥ pitā janitā yo vidhātā yā te dhāmāni paramāṇi yavam |
4_rellit/buddh/vinsutru.txt	1689	d			dānam itarārthārtham itarārthā d udhāragrahaṇadhamarṇā
4_rellit/buddh/vinsutru.txt	9086	d			mo canaṃ cedyā || d asyauṣṭaṃ tāvato niṣkrayatvam
4_rellit/saiva/kubjt_pu.txt	2697	d			khagatir bhavate d evaṃ yonimārge vicakṣaṇaḥ ||
4_rellit/saiva/kubjt_pu.txt	4857	d			daśadhā ravate d evam aṣṭapattroparisthitam ||
5_poetry/4_narr/sokss_pu.txt	22457	d			kaliṅgasenāputrīyaṃ yathoktaṃ d aivanirmitā ||
5_poetry/4_narr/sokss_pu.txt	22949	d			cintye puruṣakartavye 'py acintyaṃ d aivamabhyadhāt ||
5_poetry/5_subhas/msubhs_u.txt	40157	d			kālindīkalakūlakānanakṛtakrīḍākalāpollasa d | gogopālakabālakaiḥ pratidiśaṃ sānandamāviṣṭitam |
1_veda/5_vedang/2_paris/avpray_u.txt	955	k			yat kiṃ cāvidhivihitaṃ karma kriyate tasyaiṣaiva sarvasya k | lptiḥ sarvasya prāyaścittiś ceti hi śrutir bhavati |
1_veda/5_vedang/2_paris/avpray_u.txt	961	k			yat kiṃcid yajñe viriṣṭam āpadyeta tasyaiṣaiva sarvasya k | lptiḥ sārvasya prāyaścittiś ca | iti hi śrutir bhavati ||
1_veda/5_vedang/2_paris/avpray_u.txt	1619	k			trīṇi vā caturgṛhītāny anuvākasyety ācāryā ete nityakalpāyārtvijyetarūpayasāṃ tanvām ārttim ārchatāṃ cottarāṃ vā saṃdhiṃ saṃdhāya juhuyād iti taittirīyabrāhmaṇam iṣṭvā taddaivatyāmedhikīyatāmarttir vidyāj jāmiṃ puruṣavidhiṃ māyayā vā yajñasaṃbandhinīṃ vāṅmanaścintāyāṃ prāg viharaṇād ārtāya prajāpatir manasi sārasvato vāci visṛṣṭāyāṃ vidhānaṃ dīkṣāyāṃ brahmavrate svāhety etena nyāyena vājasaneyībrāhmaṇamoghena mantrāḥ k | lptāḥ |
4_rellit/buddh/mhvastuu.txt	9183	k			sūryo pi upasaṃkrānto || k auśika āha ||
4_rellit/vaisn/ss6_priu.txt	12137	k			mā yāteti vā | tatas tatra gatvā patīn yuṣmatpatitvena k ptāṃ tān api mā
5_poetry/4_narr/brkas_pu.txt	10179	k			ekadā k | amcid adrākṣam | āceraṃ nāma vāṇijam |
1_veda/5_vedang/2_paris/avpari_u.txt	163	ś			uttare phalgunyau hasta ś citrā svāti r viśākhe anūrādhā jyeṣṭhā mūlaṃ pūrvāṣāḍhā tan navamam ādityo daśamaṃ nāmarūpa pūrvapakṣāparapakṣāv ekādaśadvādaśe
1_veda/5_vedang/2_paris/avpari_u.txt	453	ś			yās triṃśataṃ trīṃś ca madanti devā devanāmno nirmitā ṃ ś ca bhūyasaḥ | tā no 'ṣāḍhā uttarā vaso viśve śivāḥ kriyāḥ kṛṇutāṃ suramatāḥ ||
1_veda/5_vedang/2_paris/avpray_u.txt	1477	ś			|| ś ca tvā || indur indum upāgāt sāyāme so ma bhūt sarva tasya ta indav | indrapītasyopahūtasyopahūto bhakṣayāmi ity abhimṛṣṭasya bhakṣayet |
5_poetry/4_narr/brkas_pu.txt	567	ś			sakampavacano 'vocan | nīcai | ś cañcalabhīrukaḥ ||
5_poetry/4_narr/brkas_pu.txt	8515	ś			upādhyāyai | ś ca sotsāhair | vinītaḥ sa tathā yathā |
6_sastra/4_dharma/smrti/brhasppu.txt	3619	ś			śālmalīśālatā ḍāṃ | lāṃ ś ca kṣīriṇaś caiva pādapān ||
4_rellit/saiva/kubjt_pu.txt	10703	l			do do ru ṇa yo yo ni ra ya iti dvitīyacakre l
4_rellit/saiva/malinivu.txt	1419	l			ṛ | r nāsāpuṭe tadvad ḷ | l gaṇḍadvaye tathā
1_veda/2_bra/satapath/sb_13_u.txt	2675	y			sa y | di sthāvarā āpo bhavanti sthāpayantyeṣām pāpmānamatha yadi vahanti
1_veda/5_vedang/2_paris/avpari_u.txt	419	y			prajāpatir yaḥ sasṛje prajā imā devānt sa sṛṣṭvā viniyoj y a karmasu | sa sarvabhuk sarvayogeṣu rohiṇī śivāḥ kriyāḥ kṛṇutāṃ karmasiddhaye ||
5_poetry/1_chandas/kvrtrsuu.txt	939	g			g śrīḥ ||
5_poetry/1_chandas/kvrtrsuu.txt	1035	g			kumāralalitā jsau g ||
6_sastra/6_kama/kamasutu.txt	1835	j			|| kubjaka āmalaka mallikā jātī kuraṇṭaka navamālikā tagara nandyāvarta j apā gulmān anyāṃś ca bahu puṣpān bālaka uśīraka pātālikāṃś ca vṛkṣa vāṭikāyāṃ ca sthaṇḍilāni manojñāni kārayet ||
4_rellit/buddh/mhvastuu.txt	6955	p			evaṃ p | imāṃ kṣatriyabhūmipālāṃ
4_rellit/buddh/vinsutru.txt	9426	ṇ			kakṣahastikhaṭuṃkāś ca tadanyacaṇḍamṛgān ṇ ām apy ebhir ākṣepaḥ
4_rellit/buddh/mhvastuu.txt	18223	ṣ			likhati yathā sudarśanā jāneyā kuśasyaitaṃ karman ti || tehi dāni śaṃkhagajadakārehi yaṃ kālaṃ sarvāṇi kṛtāni yathāṇattāni rājño mahendrakasya upanāmitāni || rājā taṃ kuśasya karmaṃ dṛṣṭvā udāraśobhanaṃ sukṛtaṃ rājārhaṃ vismayam āpannaḥ | aho yādṛśānīmāni kuśalenācāryaputreṇa kṛtāni || kumārāmātyehi pi abhilakṣitāni rājapuruṣehi pi abhilakṣitāni kuśena kṛtāni śaṃkhagajadantabhāṇḍāni dṛṣṭvā vismayam āpannāḥ || imāni kuśalenācāryaputreṇa kṛtāni || rājñā mahendreṇa varṣavarāṇāṃ kāṃcukīyānāṃ ca haste tāny ābharaṇāni bhājanāni ca preṣitāni | gacchatha antaḥpuraṃ praveśetha mahādevīye dhītuś ca me sudarśanāye yathābhiprāyaṃ prathamaṃ detha tataḥ paścād anyāsāṃ devīnām antaḥpurikānāṃ ca || te dāni varṣavarā kāṃcukīyā tāny ābharaṇāni bhājanāni ca gṛhya antaḥpuraṃ praveśitāni mahādevīye upanāmitāni | devi imāni te śaṃkhagajadantamayāni ābharaṇāni bhājanāni ca rājñā preṣitāni tvaṃ ca dhītā ca te sudarśanā pūrvaṃ yathāmiprāyaṃ gṛhṇatha paścād aparāṇāṃ devīnāṃ dīṣyati sarvāsāñ ca antaḥpurikānāṃ || sā dāni sudarśanā tāni śaṃkhagajadantamayāni ābharaṇāni bhājanāni dṛṣṭvā yan teṣāṃ sukṛtaṃ suniṣṭhitaṃ kalyāṇaṃ śobhanaṃ kalyāṇācāryaputreṇa kṛtakaṃ dṛṣṭvā haste praṇāmitaṃ gṛhṇīṣyanti yāvat paśyati kuśasya nāmakaṃ ṣ tasyaivaṃ bhavati | kuśasyaitaṃ karmaṃ ti | sā dāni taṃ mellitvā anyāni prākṛtakāni kuśilpikṛtāni gṛhṇāti || sā dāni sudarśanā mātare vuccati bhaginīhi ca antarpurikāhi ca varṣavarehi ca kāṃcukīyehi ca vuccati || sudarśane kiṃ tvaṃ edṛśīkā
