rank,piece,clean_piece,score,vowel_count,categories
5,।,।,-3.08461,0,contains_special_A
6,ं,ं,-3.56877,0,contains_special_A
7,ः,ः,-3.84851,0,contains_special_A
8,॥,॥,-3.95722,0,contains_special_A
9,ा,ा,-4.07962,1,starts_with_dependent_vowel
10,े,े,-4.31836,1,starts_with_dependent_vowel
11,ो,ो,-4.44102,1,starts_with_dependent_vowel
12,▁च,च,-4.53401,0,simple_cv
13,▁न,न,-4.61752,0,simple_cv
14,म्,म्,-4.64792,0,ends_with_virama
16,▁स,स,-4.94483,0,simple_cv
18,म,म,-5.32191,0,simple_cv
21,ेन,ेन,-5.42948,1,starts_with_dependent_vowel
22,ाः,ाः,-5.47049,1,starts_with_dependent_vowel;contains_special_A
23,ी,ी,-5.77359,1,starts_with_dependent_vowel
24,▁वा,वा,-5.78821,1,simple_cv
25,ि,ि,-5.97677,1,starts_with_dependent_vowel
26,▁तु,तु,-5.99904,1,simple_cv
28,ौ,ौ,-6.05912,1,starts_with_dependent_vowel
29,ति,ति,-6.10129,1,simple_cv
30,ैः,ैः,-6.10342,1,starts_with_dependent_vowel;contains_special_A
32,▁हि,हि,-6.13276,1,simple_cv
33,न,न,-6.13975,0,simple_cv
34,त,त,-6.22119,0,simple_cv
35,ात्,ात्,-6.22184,1,starts_with_dependent_vowel;ends_with_virama
36,ाय,ाय,-6.22277,1,starts_with_dependent_vowel
37,ानि,ानि,-6.24908,2,starts_with_dependent_vowel
38,ान्,ान्,-6.26351,1,starts_with_dependent_vowel;ends_with_virama
42,ेषु,ेषु,-6.34462,2,starts_with_dependent_vowel
44,या,या,-6.38959,1,simple_cv
45,क,क,-6.40106,0,simple_cv
48,ानां,ानां,-6.42757,2,starts_with_dependent_vowel;contains_special_A
49,▁ते,ते,-6.48409,1,simple_cv
50,ता,ता,-6.48689,1,simple_cv
51,▁वि,वि,-6.48998,1,simple_cv
54,ेण,ेण,-6.60058,1,starts_with_dependent_vowel
55,ादि,ादि,-6.60449,2,starts_with_dependent_vowel
56,स,स,-6.63229,0,simple_cv
57,ां,ां,-6.63543,1,starts_with_dependent_vowel;contains_special_A
59,ऽ,ऽ,-6.65687,0,contains_special_A
60,ते,ते,-6.65911,1,simple_cv
63,ेति,ेति,-6.69106,2,starts_with_dependent_vowel
64,र,र,-6.72112,0,simple_cv
65,्,्,-6.72789,0,ends_with_virama
66,तः,तः,-6.77526,0,contains_special_A
68,स्,स्,-6.80813,0,ends_with_virama
69,ैर्,ैर्,-6.81533,1,starts_with_dependent_vowel;ends_with_virama
72,▁सु,सु,-6.83303,1,simple_cv
73,▁सा,सा,-6.84004,1,simple_cv
74,य,य,-6.84454,0,simple_cv
75,व,व,-6.87646,0,simple_cv
76,र्,र्,-6.90064,0,ends_with_virama
77,ोऽ,ोऽ,-6.91902,1,starts_with_dependent_vowel;contains_special_A
78,न्,न्,-6.92485,0,ends_with_virama
79,▁किं,किं,-6.92628,1,contains_special_A
80,▁तत्,तत्,-6.93053,0,ends_with_virama
81,वि,वि,-6.96154,1,simple_cv
82,▁एवं,एवं,-6.97666,1,contains_special_A
83,▁य,य,-6.98919,0,simple_cv
84,ाद,ाद,-6.99755,1,starts_with_dependent_vowel
85,▁सं,सं,-7.02589,0,contains_special_A
87,▁वै,वै,-7.06246,1,simple_cv
88,ान,ान,-7.08103,1,starts_with_dependent_vowel
93,तो,तो,-7.1126,1,simple_cv
96,ार्थ,ार्थ,-7.12665,1,starts_with_dependent_vowel
97,▁मे,मे,-7.1293,1,simple_cv
98,त्वात्,त्वात्,-7.13281,1,ends_with_virama
99,पि,पि,-7.1444,1,simple_cv
100,▁चोर्रेच्त्,चोर्रेच्त्,-7.15291,2,ends_with_virama
101,▁त,त,-7.17232,0,simple_cv
104,ना,ना,-7.19442,1,simple_cv
106,त्वं,त्वं,-7.20881,0,contains_special_A
111,द,द,-7.26615,0,simple_cv
115,ाद्,ाद्,-7.28548,1,starts_with_dependent_vowel;ends_with_virama
116,ित,ित,-7.29029,1,starts_with_dependent_vowel
117,त्,त्,-7.29421,0,ends_with_virama
118,▁तं,तं,-7.29755,0,contains_special_A
119,▁ततः,ततः,-7.30581,0,contains_special_A
122,▁तद्,तद्,-7.33423,0,ends_with_virama
123,▁ये,ये,-7.34514,1,simple_cv
125,सं,सं,-7.36831,0,contains_special_A
127,▁क,क,-7.3756,0,simple_cv
128,प,प,-7.37586,0,simple_cv
129,मा,मा,-7.38286,1,simple_cv
131,ु,ु,-7.39377,1,starts_with_dependent_vowel
132,सु,सु,-7.39604,1,simple_cv
133,सि,सि,-7.40232,1,simple_cv
134,ैव,ैव,-7.4068,1,starts_with_dependent_vowel
135,▁मा,मा,-7.42135,1,simple_cv
136,▁स्यात्,स्यात्,-7.42911,1,ends_with_virama
137,भिः,भिः,-7.43184,1,contains_special_A
138,ाव,ाव,-7.44155,1,starts_with_dependent_vowel
140,ास्च,ास्च,-7.45607,1,starts_with_dependent_vowel
141,▁या,या,-7.4586,1,simple_cv
142,ैर,ैर,-7.46257,1,starts_with_dependent_vowel
143,ज,ज,-7.46522,0,simple_cv
144,▁पुनः,पुनः,-7.4703,1,contains_special_A
145,च,च,-7.48508,0,simple_cv
148,ोऽपि,ोऽपि,-7.50196,2,starts_with_dependent_vowel;contains_special_A
150,ाणां,ाणां,-7.50396,2,starts_with_dependent_vowel;contains_special_A
155,ेव,ेव,-7.53698,1,starts_with_dependent_vowel
159,ेऽ,ेऽ,-7.54884,1,starts_with_dependent_vowel;contains_special_A
160,▁कथं,कथं,-7.55443,0,contains_special_A
163,तु,तु,-7.56886,1,simple_cv
165,▁यो,यो,-7.5737,1,simple_cv
169,थ,थ,-7.59546,0,simple_cv
171,ाद्य,ाद्य,-7.61952,1,starts_with_dependent_vowel
172,वत्,वत्,-7.62905,0,ends_with_virama
176,तां,तां,-7.6446,1,contains_special_A
177,योः,योः,-7.6455,1,contains_special_A
178,ाणि,ाणि,-7.65203,2,starts_with_dependent_vowel
179,िका,िका,-7.65277,2,starts_with_dependent_vowel
184,नि,नि,-7.66744,1,simple_cv
188,▁ह,ह,-7.67393,0,simple_cv
189,ै,ै,-7.67464,1,starts_with_dependent_vowel
190,ान्य,ान्य,-7.67868,1,starts_with_dependent_vowel
193,▁नि,नि,-7.69744,1,simple_cv
194,ेत,ेत,-7.69917,1,starts_with_dependent_vowel
195,ोप,ोप,-7.70502,1,starts_with_dependent_vowel
197,▁व,व,-7.70609,0,simple_cv
199,▁यत्,यत्,-7.72743,0,ends_with_virama
203,▁यः,यः,-7.7649,0,contains_special_A
204,ण,ण,-7.76657,0,simple_cv
207,ानाम,ानाम,-7.7764,2,starts_with_dependent_vowel
208,िक,िक,-7.78051,1,starts_with_dependent_vowel
211,ेऽपि,ेऽपि,-7.78515,2,starts_with_dependent_vowel;contains_special_A
216,द्,द्,-7.81319,0,ends_with_virama
219,ल,ल,-7.81796,0,simple_cv
221,▁ऽ,ऽ,-7.82714,0,contains_special_A
224,ग,ग,-7.8453,0,simple_cv
226,ह,ह,-7.85109,0,simple_cv
228,ाम्,ाम्,-7.86054,1,starts_with_dependent_vowel;ends_with_virama
230,िता,िता,-7.86261,2,starts_with_dependent_vowel
231,ैक,ैक,-7.87041,1,starts_with_dependent_vowel
232,ाह,ाह,-7.87076,1,starts_with_dependent_vowel
235,येत्,येत्,-7.88829,1,ends_with_virama
236,ान्तर,ान्तर,-7.88878,1,starts_with_dependent_vowel
238,ैस्च,ैस्च,-7.89875,1,starts_with_dependent_vowel
239,▁भवेत्,भवेत्,-7.90571,1,ends_with_virama
241,▁त्वं,त्वं,-7.90668,0,contains_special_A
242,ात्म,ात्म,-7.90847,1,starts_with_dependent_vowel
247,ेत्,ेत्,-7.92056,1,starts_with_dependent_vowel;ends_with_virama
249,कं,कं,-7.92862,0,contains_special_A
251,▁ना,ना,-7.92973,1,simple_cv
253,▁दुःख,दुःख,-7.94224,1,contains_special_A
257,▁तेषां,तेषां,-7.95335,2,contains_special_A
258,ये,ये,-7.95418,1,simple_cv
259,यो,यो,-7.95446,1,simple_cv
261,कः,कः,-7.96146,0,contains_special_A
270,ायां,ायां,-7.99801,2,starts_with_dependent_vowel;contains_special_A
271,भि,भि,-7.99865,1,simple_cv
274,वान्,वान्,-8.01311,1,ends_with_virama
275,ामि,ामि,-8.02235,2,starts_with_dependent_vowel
276,षु,षु,-8.0233,1,simple_cv
278,भिर्,भिर्,-8.0257,1,ends_with_virama
282,का,का,-8.05019,1,simple_cv
291,ानु,ानु,-8.08238,2,starts_with_dependent_vowel
292,ाच्च,ाच्च,-8.08247,1,starts_with_dependent_vowel
293,▁ज,ज,-8.08801,0,simple_cv
307,▁निर्,निर्,-8.12491,1,ends_with_virama
312,हि,हि,-8.14077,1,simple_cv
315,▁प,प,-8.15119,0,simple_cv
320,▁तां,तां,-8.1775,1,contains_special_A
322,ान्न,ान्न,-8.17976,1,starts_with_dependent_vowel
323,यः,यः,-8.18069,0,contains_special_A
325,ात्मा,ात्मा,-8.19014,2,starts_with_dependent_vowel
327,ाभ्यां,ाभ्यां,-8.20017,2,starts_with_dependent_vowel;contains_special_A
331,नु,नु,-8.21207,1,simple_cv
333,से,से,-8.21745,1,simple_cv
334,ाङ्ग,ाङ्ग,-8.21766,1,starts_with_dependent_vowel
336,ेष्व,ेष्व,-8.22348,1,starts_with_dependent_vowel
340,▁गो,गो,-8.22886,1,simple_cv
342,कम्,कम्,-8.23765,0,ends_with_virama
343,ांस्च,ांस्च,-8.23778,1,starts_with_dependent_vowel;contains_special_A
349,सा,सा,-8.25584,1,simple_cv
350,नं,नं,-8.25662,0,contains_special_A
352,ार्थं,ार्थं,-8.25756,1,starts_with_dependent_vowel;contains_special_A
353,ापि,ापि,-8.26327,2,starts_with_dependent_vowel
357,▁म,म,-8.27575,0,simple_cv
358,ीय,ीय,-8.27825,1,starts_with_dependent_vowel
361,▁चा,चा,-8.28816,1,simple_cv
363,▁चेत्,चेत्,-8.28903,1,ends_with_virama
366,िति,िति,-8.29194,2,starts_with_dependent_vowel
373,▁पुनर्,पुनर्,-8.30428,1,ends_with_virama
379,ध,ध,-8.32265,0,simple_cv
380,▁ता,ता,-8.32788,1,simple_cv
381,यं,यं,-8.32807,0,contains_special_A
384,▁सर्वं,सर्वं,-8.33726,0,contains_special_A
385,ान्त,ान्त,-8.34061,1,starts_with_dependent_vowel
386,ोक्त,ोक्त,-8.34137,1,starts_with_dependent_vowel
387,▁यद्,यद्,-8.34475,0,ends_with_virama
391,▁मां,मां,-8.35429,1,contains_special_A
394,वा,वा,-8.36741,1,simple_cv
398,के,के,-8.37064,1,simple_cv
399,िनी,िनी,-8.37227,2,starts_with_dependent_vowel
402,यां,यां,-8.37963,1,contains_special_A
406,योर्,योर्,-8.39064,1,ends_with_virama
410,ाभि,ाभि,-8.3965,2,starts_with_dependent_vowel
411,त्वम्,त्वम्,-8.39826,0,ends_with_virama
413,ासु,ासु,-8.39947,2,starts_with_dependent_vowel
417,▁इत्यर्थः,इत्यर्थः,-8.40499,1,contains_special_A
419,▁तस्मात्,तस्मात्,-8.41636,1,ends_with_virama
421,ताम्,ताम्,-8.41771,1,ends_with_virama
423,भ,भ,-8.41827,0,simple_cv
425,▁भावः,भावः,-8.4204,1,contains_special_A
428,ानाम्,ानाम्,-8.42435,2,starts_with_dependent_vowel;ends_with_virama
433,ेत्य,ेत्य,-8.43099,1,starts_with_dependent_vowel
443,को,को,-8.45657,1,simple_cv
448,यन्,यन्,-8.46069,0,ends_with_virama
450,मिदं,मिदं,-8.46364,1,contains_special_A
454,▁र,र,-8.47467,0,simple_cv
455,ेन्द्रिय,ेन्द्रिय,-8.47544,2,starts_with_dependent_vowel
466,ादौ,ादौ,-8.48954,2,starts_with_dependent_vowel
469,ितं,ितं,-8.49461,1,starts_with_dependent_vowel;contains_special_A
471,▁का,का,-8.49785,1,simple_cv
472,ितः,ितः,-8.49791,1,starts_with_dependent_vowel;contains_special_A
474,ाकार,ाकार,-8.5002,2,starts_with_dependent_vowel
475,▁भगवान्,भगवान्,-8.50056,1,ends_with_virama
479,ेन्द्र,ेन्द्र,-8.50736,1,starts_with_dependent_vowel
481,▁इदं,इदं,-8.5106,1,contains_special_A
484,▁द,द,-8.51834,0,simple_cv
485,ादीनां,ादीनां,-8.51877,3,starts_with_dependent_vowel;contains_special_A
488,ास्ते,ास्ते,-8.52118,2,starts_with_dependent_vowel
490,्यं,्यं,-8.52411,0,contains_special_A
501,▁परं,परं,-8.54889,0,contains_special_A
505,मु,मु,-8.55443,1,simple_cv
511,यत्,यत्,-8.56495,0,ends_with_virama
513,धि,धि,-8.56572,1,simple_cv
514,ाग्र,ाग्र,-8.56577,1,starts_with_dependent_vowel
516,िनः,िनः,-8.56751,1,starts_with_dependent_vowel;contains_special_A
517,▁ग,ग,-8.57197,0,simple_cv
521,ास्रय,ास्रय,-8.57644,1,starts_with_dependent_vowel
524,ने,ने,-8.58165,1,simple_cv
528,ेभ्यः,ेभ्यः,-8.58365,1,starts_with_dependent_vowel;contains_special_A
529,▁ल,ल,-8.58442,0,simple_cv
533,ोऽयं,ोऽयं,-8.59219,1,starts_with_dependent_vowel;contains_special_A
535,ाभाव,ाभाव,-8.59335,2,starts_with_dependent_vowel
536,णा,णा,-8.59624,1,simple_cv
541,िर,िर,-8.60421,1,starts_with_dependent_vowel
542,ाम,ाम,-8.60566,1,starts_with_dependent_vowel
543,सो,सो,-8.60769,1,simple_cv
545,दि,दि,-8.60929,1,simple_cv
548,ेनैव,ेनैव,-8.61261,2,starts_with_dependent_vowel
552,ुप,ुप,-8.61795,1,starts_with_dependent_vowel
554,श,श,-8.62282,0,simple_cv
556,ट,ट,-8.62456,0,simple_cv
558,ड,ड,-8.6249,0,simple_cv
567,ादिषु,ादिषु,-8.63277,3,starts_with_dependent_vowel
570,दा,दा,-8.63644,1,simple_cv
573,ेयं,ेयं,-8.63716,1,starts_with_dependent_vowel;contains_special_A
574,वद्,वद्,-8.6395,0,ends_with_virama
575,▁राजन्,राजन्,-8.63985,1,ends_with_virama
576,ाप,ाप,-8.64033,1,starts_with_dependent_vowel
578,▁नित्यं,नित्यं,-8.64341,1,contains_special_A
587,▁तस्मिन्,तस्मिन्,-8.64973,1,ends_with_virama
588,हं,हं,-8.65169,0,contains_special_A
593,सः,सः,-8.65548,0,contains_special_A
596,ादिति,ादिति,-8.65953,3,starts_with_dependent_vowel
599,▁ख,ख,-8.66047,0,simple_cv
600,ङ्,ङ्,-8.66106,0,ends_with_virama
606,ादयः,ादयः,-8.6644,1,starts_with_dependent_vowel;contains_special_A
607,ेभ्यो,ेभ्यो,-8.66456,2,starts_with_dependent_vowel
613,ब,ब,-8.67304,0,simple_cv
617,▁नो,नो,-8.67665,1,simple_cv
619,मि,मि,-8.67689,1,simple_cv
620,सौ,सौ,-8.67904,1,simple_cv
623,▁यावत्,यावत्,-8.68331,1,ends_with_virama
625,ष,ष,-8.68407,0,simple_cv
626,ू,ू,-8.68418,1,starts_with_dependent_vowel
632,ित्वा,ित्वा,-8.68735,2,starts_with_dependent_vowel
635,▁को,को,-8.69126,1,simple_cv
636,ुः,ुः,-8.69333,1,starts_with_dependent_vowel;contains_special_A
637,▁सोऽ,सोऽ,-8.69447,1,contains_special_A
645,रि,रि,-8.70406,1,simple_cv
648,ेष,ेष,-8.70527,1,starts_with_dependent_vowel
649,▁स्वयं,स्वयं,-8.70602,0,contains_special_A
655,ेद,ेद,-8.72042,1,starts_with_dependent_vowel
658,▁अयं,अयं,-8.72141,1,contains_special_A
660,ाया,ाया,-8.7247,2,starts_with_dependent_vowel
663,नम्,नम्,-8.72676,0,ends_with_virama
669,घ,घ,-8.73159,0,simple_cv
670,निर्,निर्,-8.73203,1,ends_with_virama
672,ेस्वर,ेस्वर,-8.73958,1,starts_with_dependent_vowel
675,ोत्तर,ोत्तर,-8.74344,1,starts_with_dependent_vowel
676,ास्,ास्,-8.74629,1,starts_with_dependent_vowel;ends_with_virama
679,▁भगवन्,भगवन्,-8.75208,0,ends_with_virama
680,ती,ती,-8.75228,1,simple_cv
681,ाग्नि,ाग्नि,-8.75466,2,starts_with_dependent_vowel
687,ाति,ाति,-8.76693,2,starts_with_dependent_vowel
689,ाणाम,ाणाम,-8.76961,2,starts_with_dependent_vowel
700,▁नमः,नमः,-8.78284,0,contains_special_A
701,िः,िः,-8.78334,1,starts_with_dependent_vowel;contains_special_A
702,ानन्द,ानन्द,-8.78422,1,starts_with_dependent_vowel
703,▁अहं,अहं,-8.78428,1,contains_special_A
705,ीनां,ीनां,-8.78601,2,starts_with_dependent_vowel;contains_special_A
714,जा,जा,-8.80275,1,simple_cv
721,▁संसार,संसार,-8.80774,1,contains_special_A
722,ाथ,ाथ,-8.80972,1,starts_with_dependent_vowel
724,▁तौ,तौ,-8.81419,1,simple_cv
726,ीं,ीं,-8.81545,1,starts_with_dependent_vowel;contains_special_A
728,ेक,ेक,-8.81674,1,starts_with_dependent_vowel
729,स्तत्,स्तत्,-8.81712,0,ends_with_virama
735,ितम्,ितम्,-8.82659,1,starts_with_dependent_vowel;ends_with_virama
738,▁तस्माद्,तस्माद्,-8.83189,1,ends_with_virama
747,▁कु,कु,-8.84104,1,simple_cv
751,ीति,ीति,-8.84547,2,starts_with_dependent_vowel
752,दुःख,दुःख,-8.84606,1,contains_special_A
753,▁पादस्,पादस्,-8.84768,1,ends_with_virama
754,नी,नी,-8.84822,1,simple_cv
755,▁किम्,किम्,-8.8491,1,ends_with_virama
756,▁रूपं,रूपं,-8.8497,1,contains_special_A
759,्यां,्यां,-8.85116,1,contains_special_A
763,ादेव,ादेव,-8.85302,2,starts_with_dependent_vowel
766,▁अब्,अब्,-8.85451,1,ends_with_virama
773,ेद्,ेद्,-8.86848,1,starts_with_dependent_vowel;ends_with_virama
781,▁पूर्वं,पूर्वं,-8.87146,1,contains_special_A
782,वै,वै,-8.87152,1,simple_cv
786,▁ॐ,ॐ,-8.87658,0,contains_special_A
792,ात्मक,ात्मक,-8.88296,1,starts_with_dependent_vowel
793,ोऽप्य,ोऽप्य,-8.88407,1,starts_with_dependent_vowel;contains_special_A
794,ेर,ेर,-8.88632,1,starts_with_dependent_vowel
798,▁पि,पि,-8.88853,1,simple_cv
802,ञ्,ञ्,-8.89137,0,ends_with_virama
806,▁चित्,चित्,-8.89342,1,ends_with_virama
809,ात,ात,-8.90031,1,starts_with_dependent_vowel
813,त्वाद्,त्वाद्,-8.90205,1,ends_with_virama
819,ेह,ेह,-8.908,1,starts_with_dependent_vowel
822,▁नु,नु,-8.91315,1,simple_cv
824,ेय,ेय,-8.91502,1,starts_with_dependent_vowel
825,ेत्यर्थः,ेत्यर्थः,-8.9153,1,starts_with_dependent_vowel;contains_special_A
828,ासन,ासन,-8.91796,1,starts_with_dependent_vowel
837,तोऽ,तोऽ,-8.92478,1,contains_special_A
838,▁सन्,सन्,-8.92545,0,ends_with_virama
839,ेर्,ेर्,-8.92601,1,starts_with_dependent_vowel;ends_with_virama
840,ाख्य,ाख्य,-8.92825,1,starts_with_dependent_vowel
842,ुर्,ुर्,-8.92992,1,starts_with_dependent_vowel;ends_with_virama
851,▁ब,ब,-8.93786,0,simple_cv
853,▁तावत्,तावत्,-8.94007,1,ends_with_virama
855,▁अतः,अतः,-8.94325,1,contains_special_A
864,▁एतत्,एतत्,-8.9555,1,ends_with_virama
867,पा,पा,-8.95686,1,simple_cv
872,▁भ,भ,-8.96243,0,simple_cv
878,▁दुर्,दुर्,-8.97367,1,ends_with_virama
880,भू,भू,-8.97438,1,simple_cv
885,ाप्य,ाप्य,-8.97752,1,starts_with_dependent_vowel
892,▁मनः,मनः,-8.97929,0,contains_special_A
899,िर्,िर्,-8.98926,1,starts_with_dependent_vowel;ends_with_virama
902,▁तन्,तन्,-8.99073,0,ends_with_virama
906,ायाः,ायाः,-8.99385,2,starts_with_dependent_vowel;contains_special_A
908,िह,िह,-8.99543,1,starts_with_dependent_vowel
909,ख,ख,-8.99747,0,simple_cv
916,ुर,ुर,-9.00254,1,starts_with_dependent_vowel
919,▁वयं,वयं,-9.00808,0,contains_special_A
920,धा,धा,-9.00914,1,simple_cv
921,ाकास,ाकास,-9.00968,2,starts_with_dependent_vowel
923,▁भू,भू,-9.01159,1,simple_cv
924,ास्ति,ास्ति,-9.01206,2,starts_with_dependent_vowel
925,▁हेतोः,हेतोः,-9.01264,2,contains_special_A
935,ादित्य,ादित्य,-9.01791,2,starts_with_dependent_vowel
938,िभिः,िभिः,-9.02054,2,starts_with_dependent_vowel;contains_special_A
939,सम्,सम्,-9.02055,0,ends_with_virama
943,मित्यर्थः,मित्यर्थः,-9.02238,1,contains_special_A
944,िनो,िनो,-9.0225,2,starts_with_dependent_vowel
946,संबन्ध,संबन्ध,-9.02328,0,contains_special_A
949,▁कुतः,कुतः,-9.0247,1,contains_special_A
952,रूपं,रूपं,-9.02765,1,contains_special_A
954,िव,िव,-9.02782,1,starts_with_dependent_vowel
959,ास्तु,ास्तु,-9.03221,2,starts_with_dependent_vowel
960,▁उद्,उद्,-9.03229,1,ends_with_virama
961,ेहि,ेहि,-9.03349,2,starts_with_dependent_vowel
962,काः,काः,-9.03376,1,contains_special_A
964,स्तद्,स्तद्,-9.03432,0,ends_with_virama
969,रा,रा,-9.04203,1,simple_cv
970,▁च्द्,च्द्,-9.04384,0,ends_with_virama
971,ोर्,ोर्,-9.04406,1,starts_with_dependent_vowel;ends_with_virama
973,ागम,ागम,-9.04834,1,starts_with_dependent_vowel
974,क्,क्,-9.0485,0,ends_with_virama
975,न्तं,न्तं,-9.04852,0,contains_special_A
981,ास्व,ास्व,-9.05166,1,starts_with_dependent_vowel
983,ास्त,ास्त,-9.05293,1,starts_with_dependent_vowel
986,▁स्याद्,स्याद्,-9.05446,1,ends_with_virama
988,▁फलं,फलं,-9.05639,0,contains_special_A
989,▁उत्,उत्,-9.0565,1,ends_with_virama
992,सी,सी,-9.05779,1,simple_cv
998,ैस्,ैस्,-9.06316,1,starts_with_dependent_vowel;ends_with_virama
1002,▁जगत्,जगत्,-9.06802,0,ends_with_virama
1003,ांस,ांस,-9.07032,1,starts_with_dependent_vowel;contains_special_A
1019,ह्,ह्,-9.08212,0,ends_with_virama
1023,ासि,ासि,-9.08623,2,starts_with_dependent_vowel
1024,ैष,ैष,-9.08658,1,starts_with_dependent_vowel
1025,ार्थः,ार्थः,-9.08817,1,starts_with_dependent_vowel;contains_special_A
1028,▁संस्कार,संस्कार,-9.09187,1,contains_special_A
1029,णि,णि,-9.09607,1,simple_cv
1032,मेतत्,मेतत्,-9.09908,1,ends_with_virama
1036,ेदं,ेदं,-9.10122,1,starts_with_dependent_vowel;contains_special_A
1039,स्तं,स्तं,-9.10184,0,contains_special_A
1047,भ्यः,भ्यः,-9.10819,0,contains_special_A
1048,▁ज्ञानं,ज्ञानं,-9.10935,1,contains_special_A
1058,▁कृतं,कृतं,-9.11662,1,contains_special_A
1059,चि,चि,-9.11905,1,simple_cv
1060,▁सम्यक्,सम्यक्,-9.11909,0,ends_with_virama
1061,▁संसयः,संसयः,-9.11989,0,contains_special_A
1062,▁सम्,सम्,-9.12072,0,ends_with_virama
1065,गो,गो,-9.12246,1,simple_cv
1066,▁कः,कः,-9.12511,0,contains_special_A
1067,वः,वः,-9.12573,0,contains_special_A
1073,▁ततोऽ,ततोऽ,-9.13083,1,contains_special_A
1074,▁कुर्यात्,कुर्यात्,-9.13103,2,ends_with_virama
1076,िना,िना,-9.13212,2,starts_with_dependent_vowel
1082,मात्रं,मात्रं,-9.13628,1,contains_special_A
1083,▁छ,छ,-9.13661,0,simple_cv
1085,▁कार्यं,कार्यं,-9.13768,1,contains_special_A
1086,ेत्यादि,ेत्यादि,-9.13783,3,starts_with_dependent_vowel
1087,वे,वे,-9.13845,1,simple_cv
1090,▁सर्वेषां,सर्वेषां,-9.14262,2,contains_special_A
1093,ार्य,ार्य,-9.14562,1,starts_with_dependent_vowel
1098,ेऽप्य,ेऽप्य,-9.15042,1,starts_with_dependent_vowel;contains_special_A
1099,च्,च्,-9.15077,0,ends_with_virama
1101,▁त्वां,त्वां,-9.15138,1,contains_special_A
1107,ाक्ष,ाक्ष,-9.15436,1,starts_with_dependent_vowel
1108,ाभावात्,ाभावात्,-9.1544,3,starts_with_dependent_vowel;ends_with_virama
1109,स्मिन्,स्मिन्,-9.15592,1,ends_with_virama
1110,स्त्वं,स्त्वं,-9.15745,0,contains_special_A
1111,छ,छ,-9.15892,0,simple_cv
1114,ोदय,ोदय,-9.16171,1,starts_with_dependent_vowel
1115,ार्ध,ार्ध,-9.16417,1,starts_with_dependent_vowel
1116,ीकृत,ीकृत,-9.1644,2,starts_with_dependent_vowel
1117,संयोग,संयोग,-9.16468,1,contains_special_A
1125,▁संज्ञा,संज्ञा,-9.17125,1,contains_special_A
1126,ाण्य,ाण्य,-9.17143,1,starts_with_dependent_vowel
1127,▁संयोग,संयोग,-9.17188,1,contains_special_A
1130,िषु,िषु,-9.17508,2,starts_with_dependent_vowel
1131,▁सिंह,सिंह,-9.1763,1,contains_special_A
1135,िष्यति,िष्यति,-9.18059,2,starts_with_dependent_vowel
1136,ोऽथ,ोऽथ,-9.18313,1,starts_with_dependent_vowel;contains_special_A
1138,▁तान्,तान्,-9.18535,1,ends_with_virama
1142,ोत्तम,ोत्तम,-9.189,1,starts_with_dependent_vowel
1143,ग्,ग्,-9.1891,0,ends_with_virama
1145,ज्ञानं,ज्ञानं,-9.18947,1,contains_special_A
1153,ारम्भ,ारम्भ,-9.19741,1,starts_with_dependent_vowel
1160,▁के,के,-9.20371,1,simple_cv
1161,▁यतः,यतः,-9.20488,0,contains_special_A
1162,ितुं,ितुं,-9.20624,2,starts_with_dependent_vowel;contains_special_A
1164,मी,मी,-9.20829,1,simple_cv
1168,णं,णं,-9.20991,0,contains_special_A
1172,ात्र,ात्र,-9.21141,1,starts_with_dependent_vowel
1173,▁पु,पु,-9.2123,1,simple_cv
1179,▁यं,यं,-9.21614,0,contains_special_A
1180,ला,ला,-9.21696,1,simple_cv
1186,ास,ास,-9.22024,1,starts_with_dependent_vowel
1187,मान्,मान्,-9.22091,1,ends_with_virama
1196,ात्मना,ात्मना,-9.22483,2,starts_with_dependent_vowel
1197,▁महत्,महत्,-9.22538,0,ends_with_virama
1201,ुक्त,ुक्त,-9.2281,1,starts_with_dependent_vowel
1202,▁दोषः,दोषः,-9.22816,1,contains_special_A
1203,ायुध,ायुध,-9.22895,2,starts_with_dependent_vowel
1206,▁ति,ति,-9.23097,1,simple_cv
1208,ृ,ृ,-9.23331,1,starts_with_dependent_vowel
1210,ैस्त,ैस्त,-9.23469,1,starts_with_dependent_vowel
1214,ोत्,ोत्,-9.23657,1,starts_with_dependent_vowel;ends_with_virama
1215,▁ध,ध,-9.23663,0,simple_cv
1217,▁श,श,-9.23848,0,simple_cv
1222,िताः,िताः,-9.24101,2,starts_with_dependent_vowel;contains_special_A
1224,ार,ार,-9.24251,1,starts_with_dependent_vowel
1226,ाचार्य,ाचार्य,-9.24426,2,starts_with_dependent_vowel
1227,ाहं,ाहं,-9.24512,1,starts_with_dependent_vowel;contains_special_A
1233,संभव,संभव,-9.24912,0,contains_special_A
1235,ाल,ाल,-9.25025,1,starts_with_dependent_vowel
1236,ानुमान,ानुमान,-9.2508,3,starts_with_dependent_vowel
1240,न्तः,न्तः,-9.25255,0,contains_special_A
1244,ोऽस्ति,ोऽस्ति,-9.25566,2,starts_with_dependent_vowel;contains_special_A
1247,सत्,सत्,-9.25773,0,ends_with_virama
1249,ोऽसि,ोऽसि,-9.25952,2,starts_with_dependent_vowel;contains_special_A
1255,▁कथम्,कथम्,-9.2679,0,ends_with_virama
1256,▁क्वचित्,क्वचित्,-9.26827,1,ends_with_virama
1261,ान्ते,ान्ते,-9.27472,2,starts_with_dependent_vowel
1267,▁सत्,सत्,-9.27992,0,ends_with_virama
1268,िय,िय,-9.28031,1,starts_with_dependent_vowel
1273,ुद,ुद,-9.28172,1,starts_with_dependent_vowel
1275,मयं,मयं,-9.28252,0,contains_special_A
1278,ाभास,ाभास,-9.28418,2,starts_with_dependent_vowel
1279,नां,नां,-9.28426,1,contains_special_A
1282,ित्य,ित्य,-9.28684,1,starts_with_dependent_vowel
1283,संस्कार,संस्कार,-9.28732,1,contains_special_A
1291,ादयो,ादयो,-9.29673,2,starts_with_dependent_vowel
1299,तत्,तत्,-9.30166,0,ends_with_virama
1301,▁सत्यं,सत्यं,-9.30225,0,contains_special_A
1304,ादिभिः,ादिभिः,-9.30372,3,starts_with_dependent_vowel;contains_special_A
1312,गा,गा,-9.30876,1,simple_cv
1313,ात्स,ात्स,-9.30886,1,starts_with_dependent_vowel
1319,णी,णी,-9.3098,1,simple_cv
1323,री,री,-9.31104,1,simple_cv
1327,▁निष्,निष्,-9.31414,1,ends_with_virama
1329,ासय,ासय,-9.31489,1,starts_with_dependent_vowel
1331,ाभ्य,ाभ्य,-9.31756,1,starts_with_dependent_vowel
1337,▁गतः,गतः,-9.3198,0,contains_special_A
1350,▁वचनं,वचनं,-9.32519,0,contains_special_A
1352,▁हंस,हंस,-9.32761,0,contains_special_A
1355,▁देवाः,देवाः,-9.32871,2,contains_special_A
1357,▁चतुर्,चतुर्,-9.33029,1,ends_with_virama
1364,▁संसय,संसय,-9.33711,0,contains_special_A
1365,▁सार्धं,सार्धं,-9.33797,1,contains_special_A
1367,ितो,ितो,-9.33871,2,starts_with_dependent_vowel
1372,्यः,्यः,-9.34338,0,contains_special_A
1374,िन,िन,-9.34518,1,starts_with_dependent_vowel
1379,ात्मनः,ात्मनः,-9.34731,1,starts_with_dependent_vowel;contains_special_A
1383,▁धर्मं,धर्मं,-9.35093,0,contains_special_A
1386,ालम्बन,ालम्बन,-9.35159,1,starts_with_dependent_vowel
1388,फलं,फलं,-9.35245,0,contains_special_A
1391,ोऽस्मि,ोऽस्मि,-9.355,2,starts_with_dependent_vowel;contains_special_A
1392,रु,रु,-9.35573,1,simple_cv
1394,कि,कि,-9.35584,1,simple_cv
1395,▁वक्तव्यम्,वक्तव्यम्,-9.35687,0,ends_with_virama
1398,ावयव,ावयव,-9.358,1,starts_with_dependent_vowel
1400,भ्यां,भ्यां,-9.35899,1,contains_special_A
1408,संज्ञा,संज्ञा,-9.36407,1,contains_special_A
1427,सब्दः,सब्दः,-9.36988,0,contains_special_A
1430,ात्त,ात्त,-9.37077,1,starts_with_dependent_vowel
1432,कु,कु,-9.37182,1,simple_cv
1438,▁यावद्,यावद्,-9.37682,1,ends_with_virama
1440,ित्व,ित्व,-9.37712,1,starts_with_dependent_vowel
1449,▁स्मृतः,स्मृतः,-9.38307,1,contains_special_A
1457,▁योऽ,योऽ,-9.38536,1,contains_special_A
1463,ाधिक,ाधिक,-9.38974,2,starts_with_dependent_vowel
1464,नो,नो,-9.39136,1,simple_cv
1465,▁चित्तं,चित्तं,-9.39139,1,contains_special_A
1466,ादीनि,ादीनि,-9.39156,3,starts_with_dependent_vowel
1468,▁हे,हे,-9.39227,1,simple_cv
1475,ादीनाम,ादीनाम,-9.39608,3,starts_with_dependent_vowel
1477,ान्वय,ान्वय,-9.39704,1,starts_with_dependent_vowel
1479,ोऽत्र,ोऽत्र,-9.39758,1,starts_with_dependent_vowel;contains_special_A
1480,ादेः,ादेः,-9.39814,2,starts_with_dependent_vowel;contains_special_A
1481,ोऽहं,ोऽहं,-9.39918,1,starts_with_dependent_vowel;contains_special_A
1482,तं,तं,-9.39921,0,contains_special_A
1483,▁सुखं,सुखं,-9.40112,1,contains_special_A
1485,सन्,सन्,-9.40194,0,ends_with_virama
1494,▁संप्र,संप्र,-9.4082,0,contains_special_A
1497,▁कि,कि,-9.40844,1,simple_cv
1499,ास्रम,ास्रम,-9.40882,1,starts_with_dependent_vowel
1500,ैरपि,ैरपि,-9.40945,2,starts_with_dependent_vowel
1502,▁रा,रा,-9.41063,1,simple_cv
1503,▁कस्चित्,कस्चित्,-9.41112,1,ends_with_virama
1505,ोच्यते,ोच्यते,-9.41171,2,starts_with_dependent_vowel
1509,लि,लि,-9.4149,1,simple_cv
1517,▁परमं,परमं,-9.41887,0,contains_special_A
1523,▁वः,वः,-9.42094,0,contains_special_A
1531,ीर,ीर,-9.42655,1,starts_with_dependent_vowel
1536,ाक्षर,ाक्षर,-9.4286,1,starts_with_dependent_vowel
1539,ुत्तर,ुत्तर,-9.43017,1,starts_with_dependent_vowel
1547,िदं,िदं,-9.43378,1,starts_with_dependent_vowel;contains_special_A
1556,िणी,िणी,-9.43927,2,starts_with_dependent_vowel
1557,ोद,ोद,-9.43971,1,starts_with_dependent_vowel
1569,▁केवलं,केवलं,-9.44242,1,contains_special_A
1570,भावः,भावः,-9.44294,1,contains_special_A
1573,▁इयं,इयं,-9.44421,1,contains_special_A
1575,▁मत्,मत्,-9.44477,0,ends_with_virama
1577,ोदक,ोदक,-9.44604,1,starts_with_dependent_vowel
1580,हा,हा,-9.45038,1,simple_cv
1582,रे,रे,-9.45071,1,simple_cv
1586,ौघ,ौघ,-9.45369,1,starts_with_dependent_vowel
1587,ेषां,ेषां,-9.45386,2,starts_with_dependent_vowel;contains_special_A
1589,ोर,ोर,-9.45509,1,starts_with_dependent_vowel
1590,▁परम्,परम्,-9.45542,0,ends_with_virama
1592,दु,दु,-9.45607,1,simple_cv
1594,ोपदेस,ोपदेस,-9.45726,2,starts_with_dependent_vowel
1596,ाभ्याम,ाभ्याम,-9.45825,2,starts_with_dependent_vowel
1601,ादिकं,ादिकं,-9.45923,2,starts_with_dependent_vowel;contains_special_A
1603,▁वो,वो,-9.46071,1,simple_cv
1604,यितुं,यितुं,-9.46102,2,contains_special_A
1607,पदं,पदं,-9.46361,0,contains_special_A
1608,याः,याः,-9.46386,1,contains_special_A
1609,ाना,ाना,-9.46408,2,starts_with_dependent_vowel
1610,ोदर,ोदर,-9.4658,1,starts_with_dependent_vowel
1611,मे,मे,-9.46584,1,simple_cv
1612,▁गा,गा,-9.46679,1,simple_cv
1619,ेनापि,ेनापि,-9.47017,3,starts_with_dependent_vowel
1623,ोपाय,ोपाय,-9.47192,2,starts_with_dependent_vowel
1629,ल्,ल्,-9.47513,0,ends_with_virama
1633,▁देवानां,देवानां,-9.47548,3,contains_special_A
1639,▁षट्,षट्,-9.47773,0,ends_with_virama
1644,ीव,ीव,-9.47889,1,starts_with_dependent_vowel
1647,वो,वो,-9.47969,1,simple_cv
1649,ामृत,ामृत,-9.47974,2,starts_with_dependent_vowel
1653,ोद्,ोद्,-9.48151,1,starts_with_dependent_vowel;ends_with_virama
1654,ापेक्ष,ापेक्ष,-9.48156,2,starts_with_dependent_vowel
1670,गतं,गतं,-9.49069,0,contains_special_A
1677,ाभिधान,ाभिधान,-9.49851,3,starts_with_dependent_vowel
1678,ोभय,ोभय,-9.49934,1,starts_with_dependent_vowel
1680,▁तेऽ,तेऽ,-9.50045,1,contains_special_A
1682,ोक्तं,ोक्तं,-9.5026,1,starts_with_dependent_vowel;contains_special_A
1684,ात्मानं,ात्मानं,-9.50438,2,starts_with_dependent_vowel;contains_special_A
1686,संज्ञ,संज्ञ,-9.50506,0,contains_special_A
1691,ैत,ैत,-9.50681,1,starts_with_dependent_vowel
1694,था,था,-9.50876,1,simple_cv
1695,संघ,संघ,-9.50897,0,contains_special_A
1696,ाणाम्,ाणाम्,-9.50898,2,starts_with_dependent_vowel;ends_with_virama
1701,ाधिकार,ाधिकार,-9.51172,3,starts_with_dependent_vowel
1702,मानं,मानं,-9.51224,1,contains_special_A
1714,▁एतद्,एतद्,-9.5186,1,ends_with_virama
1721,ाचार,ाचार,-9.52033,2,starts_with_dependent_vowel
1724,▁स्थितः,स्थितः,-9.5223,1,contains_special_A
1727,ेना,ेना,-9.5248,2,starts_with_dependent_vowel
1728,▁संबन्ध,संबन्ध,-9.52513,0,contains_special_A
1731,ार्थम्,ार्थम्,-9.52544,1,starts_with_dependent_vowel;ends_with_virama
1734,ान्स,ान्स,-9.52755,1,starts_with_dependent_vowel
1735,▁येषां,येषां,-9.52784,2,contains_special_A
1736,▁वाक्यं,वाक्यं,-9.52813,1,contains_special_A
1738,लं,लं,-9.53022,0,contains_special_A
1743,▁भवान्,भवान्,-9.53248,1,ends_with_virama
1747,ार्थे,ार्थे,-9.5379,2,starts_with_dependent_vowel
1748,ोऽसौ,ोऽसौ,-9.53799,2,starts_with_dependent_vowel;contains_special_A
1749,ादिना,ादिना,-9.53819,3,starts_with_dependent_vowel
1751,ाहार,ाहार,-9.53898,2,starts_with_dependent_vowel
1752,▁ण,ण,-9.53954,0,simple_cv
1754,ेष्ट,ेष्ट,-9.54027,1,starts_with_dependent_vowel
1765,ुद्,ुद्,-9.54574,1,starts_with_dependent_vowel;ends_with_virama
1766,धी,धी,-9.54586,1,simple_cv
1770,मुत्तमम्,मुत्तमम्,-9.54737,1,ends_with_virama
1772,ादय,ादय,-9.54771,1,starts_with_dependent_vowel
1773,कृतं,कृतं,-9.54776,1,contains_special_A
1775,नः,नः,-9.54804,0,contains_special_A
1776,ाधि,ाधि,-9.54824,2,starts_with_dependent_vowel
1777,▁भो,भो,-9.54835,1,simple_cv
1780,ोऽस्य,ोऽस्य,-9.54919,1,starts_with_dependent_vowel;contains_special_A
1782,ोत्पत्ति,ोत्पत्ति,-9.54949,2,starts_with_dependent_vowel
1784,ायतन,ायतन,-9.55056,1,starts_with_dependent_vowel
1787,िनि,िनि,-9.55076,2,starts_with_dependent_vowel
1790,ात्मनि,ात्मनि,-9.55131,2,starts_with_dependent_vowel
1791,मांस,मांस,-9.55155,1,contains_special_A
1797,▁सेषः,सेषः,-9.55311,1,contains_special_A
1801,वंस,वंस,-9.55683,0,contains_special_A
1804,ाद्वा,ाद्वा,-9.55837,2,starts_with_dependent_vowel
1806,▁वचः,वचः,-9.55859,0,contains_special_A
1808,ोत्पाद,ोत्पाद,-9.56108,2,starts_with_dependent_vowel
1811,तद्,तद्,-9.56244,0,ends_with_virama
1812,▁तम्,तम्,-9.56277,0,ends_with_virama
1823,महं,महं,-9.56782,0,contains_special_A
1825,ेस,ेस,-9.56862,1,starts_with_dependent_vowel
1830,ीभूत,ीभूत,-9.5694,2,starts_with_dependent_vowel
1831,ोद्भव,ोद्भव,-9.56948,1,starts_with_dependent_vowel
1833,ाद्या,ाद्या,-9.56966,2,starts_with_dependent_vowel
1834,▁मु,मु,-9.56976,1,simple_cv
1839,▁कस्मात्,कस्मात्,-9.5717,1,ends_with_virama
1841,ोऽनु,ोऽनु,-9.57368,2,starts_with_dependent_vowel;contains_special_A
1842,▁प्रथमं,प्रथमं,-9.57372,0,contains_special_A
1843,ःऽ,ःऽ,-9.57378,0,contains_special_A
1845,ानुप,ानुप,-9.57393,2,starts_with_dependent_vowel
1846,ोऽयम,ोऽयम,-9.57422,1,starts_with_dependent_vowel;contains_special_A
1851,▁समं,समं,-9.57558,0,contains_special_A
1854,जं,जं,-9.5766,0,contains_special_A
1859,▁पृथक्,पृथक्,-9.5785,1,ends_with_virama
1861,िकः,िकः,-9.5794,1,starts_with_dependent_vowel;contains_special_A
1862,दर्सनात्,दर्सनात्,-9.58039,1,ends_with_virama
1866,▁तावद्,तावद्,-9.58228,1,ends_with_virama
1867,▁हा,हा,-9.58241,1,simple_cv
1871,ण्,ण्,-9.58418,0,ends_with_virama
1872,येद्,येद्,-9.58493,1,ends_with_virama
1877,▁संवत्सर,संवत्सर,-9.58797,0,contains_special_A
1878,ादपि,ादपि,-9.58831,2,starts_with_dependent_vowel
1880,ट्,ट्,-9.58902,0,ends_with_virama
1886,स्ततः,स्ततः,-9.59264,0,contains_special_A
1892,तरं,तरं,-9.59413,0,contains_special_A
1895,▁संभव,संभव,-9.59466,0,contains_special_A
1897,िम,िम,-9.59493,1,starts_with_dependent_vowel
1900,ीस्वर,ीस्वर,-9.59603,1,starts_with_dependent_vowel
1903,कृत्,कृत्,-9.59742,1,ends_with_virama
1909,ोपम,ोपम,-9.59986,1,starts_with_dependent_vowel
1912,▁यन्,यन्,-9.60022,0,ends_with_virama
1919,▁वैसंपायन,वैसंपायन,-9.60262,2,contains_special_A
1924,ार्ह,ार्ह,-9.60373,1,starts_with_dependent_vowel
1929,▁सततं,सततं,-9.60848,0,contains_special_A
1932,ैषा,ैषा,-9.60958,2,starts_with_dependent_vowel
1936,ानीति,ानीति,-9.61303,3,starts_with_dependent_vowel
1943,▁पुरुषः,पुरुषः,-9.61562,2,contains_special_A
1946,ञ,ञ,-9.61654,0,simple_cv
1949,ीत,ीत,-9.61714,1,starts_with_dependent_vowel
1950,▁कारणं,कारणं,-9.61743,1,contains_special_A
1951,ांसि,ांसि,-9.61749,2,starts_with_dependent_vowel;contains_special_A
1957,िकं,िकं,-9.61963,1,starts_with_dependent_vowel;contains_special_A
1958,िष्यते,िष्यते,-9.61986,2,starts_with_dependent_vowel
1962,नात्,नात्,-9.62153,1,ends_with_virama
1968,रो,रो,-9.62256,1,simple_cv
1980,प्,प्,-9.62844,0,ends_with_virama
1989,ानन,ानन,-9.63284,1,starts_with_dependent_vowel
1990,णे,णे,-9.63312,1,simple_cv
1991,▁हेतुः,हेतुः,-9.63348,2,contains_special_A
1992,▁ष,ष,-9.63394,0,simple_cv
1994,ात्मनो,ात्मनो,-9.63457,2,starts_with_dependent_vowel
1997,ाधार,ाधार,-9.6367,2,starts_with_dependent_vowel
2001,ोपादान,ोपादान,-9.63833,3,starts_with_dependent_vowel
2003,ास्त्र,ास्त्र,-9.63862,1,starts_with_dependent_vowel
2008,दुर्,दुर्,-9.6409,1,ends_with_virama
2023,ाख्या,ाख्या,-9.64785,2,starts_with_dependent_vowel
2025,ैर्न,ैर्न,-9.64832,1,starts_with_dependent_vowel
2026,▁सोऽपि,सोऽपि,-9.64996,2,contains_special_A
2027,िन्द्रिय,िन्द्रिय,-9.65026,2,starts_with_dependent_vowel
2028,▁मद्,मद्,-9.65064,0,ends_with_virama
2030,ैनं,ैनं,-9.65085,1,starts_with_dependent_vowel;contains_special_A
2036,कैः,कैः,-9.65363,1,contains_special_A
2041,▁घ,घ,-9.65509,0,simple_cv
2049,ावृत,ावृत,-9.65978,2,starts_with_dependent_vowel
2050,▁मांस,मांस,-9.65979,1,contains_special_A
2055,ङ,ङ,-9.6611,0,simple_cv
2056,िण,िण,-9.66129,1,starts_with_dependent_vowel
2063,▁ऽअ,ऽअ,-9.66483,1,contains_special_A
2065,▁यस्मात्,यस्मात्,-9.66563,1,ends_with_virama
2070,िणः,िणः,-9.66624,1,starts_with_dependent_vowel;contains_special_A
2075,▁संस्कृत,संस्कृत,-9.66773,1,contains_special_A
2079,वित्,वित्,-9.67019,1,ends_with_virama
2082,पुनः,पुनः,-9.67263,1,contains_special_A
2086,ालङ्कार,ालङ्कार,-9.6736,2,starts_with_dependent_vowel
2091,▁षड्,षड्,-9.67502,0,ends_with_virama
2094,हो,हो,-9.67554,1,simple_cv
2096,▁प्रभुः,प्रभुः,-9.67868,1,contains_special_A
2104,िनां,िनां,-9.68603,2,starts_with_dependent_vowel;contains_special_A
2108,ायाम,ायाम,-9.68694,2,starts_with_dependent_vowel
2111,ावरण,ावरण,-9.68806,1,starts_with_dependent_vowel
2114,▁पस्चात्,पस्चात्,-9.68916,1,ends_with_virama
2118,ुत्,ुत्,-9.69004,1,starts_with_dependent_vowel;ends_with_virama
2121,िते,िते,-9.6912,2,starts_with_dependent_vowel
2126,म्ऽ,म्ऽ,-9.6934,0,contains_special_A
2129,▁नृ,नृ,-9.69463,1,simple_cv
2130,ेतर,ेतर,-9.69491,1,starts_with_dependent_vowel
2133,ासुर,ासुर,-9.69548,2,starts_with_dependent_vowel
2134,▁संघ,संघ,-9.69566,0,contains_special_A
2136,मत्,मत्,-9.69663,0,ends_with_virama
2137,तुः,तुः,-9.69664,1,contains_special_A
2140,मुद्,मुद्,-9.69735,1,ends_with_virama
2145,ाऽ,ाऽ,-9.69913,1,starts_with_dependent_vowel;contains_special_A
2146,▁दानं,दानं,-9.70006,1,contains_special_A
2148,ऽइति,ऽइति,-9.70027,2,contains_special_A
2149,▁पदं,पदं,-9.70057,0,contains_special_A
2150,ाद्वि,ाद्वि,-9.70103,2,starts_with_dependent_vowel
2157,यु,यु,-9.7024,1,simple_cv
2161,▁नरः,नरः,-9.70362,0,contains_special_A
2164,ेतद,ेतद,-9.70558,1,starts_with_dependent_vowel
2168,ामहे,ामहे,-9.70851,2,starts_with_dependent_vowel
2174,ाभ्यास,ाभ्यास,-9.71404,2,starts_with_dependent_vowel
2175,िष,िष,-9.71433,1,starts_with_dependent_vowel
2178,ेष्वपि,ेष्वपि,-9.71458,2,starts_with_dependent_vowel
2179,ान्तरे,ान्तरे,-9.71472,2,starts_with_dependent_vowel
2183,▁महान्,महान्,-9.7169,1,ends_with_virama
2185,ज्,ज्,-9.71741,0,ends_with_virama
2186,िन्द्र,िन्द्र,-9.71767,1,starts_with_dependent_vowel
2187,ानपि,ानपि,-9.71771,2,starts_with_dependent_vowel
2192,ाम्य,ाम्य,-9.72159,1,starts_with_dependent_vowel
2197,ानेक,ानेक,-9.72254,2,starts_with_dependent_vowel
2200,▁उक्तं,उक्तं,-9.72443,1,contains_special_A
2205,ठ,ठ,-9.72594,0,simple_cv
2208,किं,किं,-9.72667,1,contains_special_A
2209,ादेर,ादेर,-9.72686,2,starts_with_dependent_vowel
2213,ाम्बु,ाम्बु,-9.72824,2,starts_with_dependent_vowel
2214,▁तस्याः,तस्याः,-9.72887,1,contains_special_A
2225,ानुभव,ानुभव,-9.73267,2,starts_with_dependent_vowel
2226,ितुम्,ितुम्,-9.73288,2,starts_with_dependent_vowel;ends_with_virama
2229,ित्यर्थः,ित्यर्थः,-9.73345,1,starts_with_dependent_vowel;contains_special_A
2231,ैरिव,ैरिव,-9.73428,2,starts_with_dependent_vowel
2233,ेते,ेते,-9.73482,2,starts_with_dependent_vowel
2237,▁वंस,वंस,-9.73598,0,contains_special_A
2239,्याः,्याः,-9.73767,1,contains_special_A
2240,▁सौ,सौ,-9.7383,1,simple_cv
2243,ाप्त,ाप्त,-9.73942,1,starts_with_dependent_vowel
2245,▁भवेद्,भवेद्,-9.73975,1,ends_with_virama
2250,▁इत्येवं,इत्येवं,-9.74098,2,contains_special_A
2259,ुत,ुत,-9.74542,1,starts_with_dependent_vowel
2260,ासौ,ासौ,-9.746,2,starts_with_dependent_vowel
2262,▁दुःखं,दुःखं,-9.74667,1,contains_special_A
2267,▁प्रमाणं,प्रमाणं,-9.74999,1,contains_special_A
2270,▁यस्मिन्,यस्मिन्,-9.7504,1,ends_with_virama
2276,िष्ट,िष्ट,-9.75208,1,starts_with_dependent_vowel
2295,कारः,कारः,-9.75917,1,contains_special_A
2301,ैर्वि,ैर्वि,-9.76369,2,starts_with_dependent_vowel
2302,ात्पर,ात्पर,-9.76431,1,starts_with_dependent_vowel
2304,ेषा,ेषा,-9.76485,2,starts_with_dependent_vowel
2311,भा,भा,-9.76917,1,simple_cv
2314,▁वक्तव्यः,वक्तव्यः,-9.77026,0,contains_special_A
2322,▁राज्यं,राज्यं,-9.77412,1,contains_special_A
2328,▁महात्मनः,महात्मनः,-9.77638,1,contains_special_A
2330,▁सम्यक्संबुद्ध,सम्यक्संबुद्ध,-9.77702,1,contains_special_A
2331,▁निः,निः,-9.77738,1,contains_special_A
2334,भावात्,भावात्,-9.77779,2,ends_with_virama
2340,▁कृतम्,कृतम्,-9.77883,1,ends_with_virama
2351,भूतं,भूतं,-9.78275,1,contains_special_A
2352,सिद्धिः,सिद्धिः,-9.78303,2,contains_special_A
2365,ैतद,ैतद,-9.78723,1,starts_with_dependent_vowel
2366,पतिः,पतिः,-9.78725,1,contains_special_A
2367,द्वयं,द्वयं,-9.78753,0,contains_special_A
2368,ैते,ैते,-9.78769,2,starts_with_dependent_vowel
2371,मेकं,मेकं,-9.78846,1,contains_special_A
2375,ार्त,ार्त,-9.78956,1,starts_with_dependent_vowel
2378,तृ,तृ,-9.79082,1,simple_cv
2380,सद्,सद्,-9.79179,0,ends_with_virama
2383,ाण,ाण,-9.79308,1,starts_with_dependent_vowel
2386,ुभय,ुभय,-9.79455,1,starts_with_dependent_vowel
2389,िष्ठ,िष्ठ,-9.79473,1,starts_with_dependent_vowel
2394,स्थं,स्थं,-9.79653,0,contains_special_A
2398,▁चिद्,चिद्,-9.79756,1,ends_with_virama
2400,ास्तथा,ास्तथा,-9.79782,2,starts_with_dependent_vowel
2406,ाञ्,ाञ्,-9.80023,1,starts_with_dependent_vowel;ends_with_virama
2409,▁भा,भा,-9.80071,1,simple_cv
2410,प्रसङ्गः,प्रसङ्गः,-9.80084,0,contains_special_A
2413,िरे,िरे,-9.80234,2,starts_with_dependent_vowel
2414,ोऽन्य,ोऽन्य,-9.80306,1,starts_with_dependent_vowel;contains_special_A
2416,▁वाग्,वाग्,-9.80465,1,ends_with_virama
2417,ालय,ालय,-9.80521,1,starts_with_dependent_vowel
2418,ाम्बर,ाम्बर,-9.80523,1,starts_with_dependent_vowel
2419,▁वाक्,वाक्,-9.80618,1,ends_with_virama
2422,मुत्,मुत्,-9.80719,1,ends_with_virama
2429,द्भिः,द्भिः,-9.80967,1,contains_special_A
2438,िके,िके,-9.81234,2,starts_with_dependent_vowel
2443,ात्प्र,ात्प्र,-9.81526,1,starts_with_dependent_vowel
2446,ास्रित,ास्रित,-9.81632,2,starts_with_dependent_vowel
2451,ादिक,ादिक,-9.81812,2,starts_with_dependent_vowel
2452,▁धर्मः,धर्मः,-9.81831,0,contains_special_A
2458,ासीत्,ासीत्,-9.81949,2,starts_with_dependent_vowel;ends_with_virama
2459,▁सरणं,सरणं,-9.81963,0,contains_special_A
2463,ातिसय,ातिसय,-9.82076,2,starts_with_dependent_vowel
2469,ार्क,ार्क,-9.82331,1,starts_with_dependent_vowel
2470,▁पुण्यं,पुण्यं,-9.82348,1,contains_special_A
2472,संस्कृत,संस्कृत,-9.82426,1,contains_special_A
2474,ैस्तु,ैस्तु,-9.82483,2,starts_with_dependent_vowel
2485,▁केचित्,केचित्,-9.82882,2,ends_with_virama
2486,मानः,मानः,-9.82895,1,contains_special_A
2489,ादिव,ादिव,-9.82935,2,starts_with_dependent_vowel
2491,ढ,ढ,-9.82977,0,simple_cv
2492,ारि,ारि,-9.82983,2,starts_with_dependent_vowel
2496,ोऽभि,ोऽभि,-9.83046,2,starts_with_dependent_vowel;contains_special_A
2497,ान्तं,ान्तं,-9.83089,1,starts_with_dependent_vowel;contains_special_A
2498,ेवं,ेवं,-9.83092,1,starts_with_dependent_vowel;contains_special_A
2509,लक्षणं,लक्षणं,-9.83696,0,contains_special_A
2512,ोऽभवत्,ोऽभवत्,-9.83732,1,starts_with_dependent_vowel;contains_special_A;ends_with_virama
2514,ावर्त,ावर्त,-9.83896,1,starts_with_dependent_vowel
2515,▁दद्यात्,दद्यात्,-9.83933,1,ends_with_virama
2516,▁प्राक्,प्राक्,-9.83987,1,ends_with_virama
2521,▁स्वयम्,स्वयम्,-9.84121,0,ends_with_virama
2525,ीयते,ीयते,-9.84251,2,starts_with_dependent_vowel
2529,ाधीन,ाधीन,-9.84356,2,starts_with_dependent_vowel
2533,ेभ्य,ेभ्य,-9.84455,1,starts_with_dependent_vowel
2536,यम्,यम्,-9.8461,0,ends_with_virama
2538,ाङ्क,ाङ्क,-9.8466,1,starts_with_dependent_vowel
2544,वचनं,वचनं,-9.84856,0,contains_special_A
2545,▁भवतः,भवतः,-9.84918,0,contains_special_A
2554,ालोक,ालोक,-9.85188,2,starts_with_dependent_vowel
2556,ैस्वर्य,ैस्वर्य,-9.85258,1,starts_with_dependent_vowel
2561,▁तयोः,तयोः,-9.85473,1,contains_special_A
2563,भूत्,भूत्,-9.85572,1,ends_with_virama
2567,वन्,वन्,-9.85822,0,ends_with_virama
2569,▁सर्वतः,सर्वतः,-9.85855,0,contains_special_A
2572,▁विज्ञानं,विज्ञानं,-9.85978,2,contains_special_A
2576,ात्मन,ात्मन,-9.86093,1,starts_with_dependent_vowel
2577,ुच्यते,ुच्यते,-9.86152,2,starts_with_dependent_vowel
2581,त्वेऽपि,त्वेऽपि,-9.8634,2,contains_special_A
2584,▁तस्यां,तस्यां,-9.8642,1,contains_special_A
2586,ावपि,ावपि,-9.86524,2,starts_with_dependent_vowel
2588,▁महासत्त्वः,महासत्त्वः,-9.86641,1,contains_special_A
2595,कौ,कौ,-9.86755,1,simple_cv
2596,▁स्मृतम्,स्मृतम्,-9.86798,1,ends_with_virama
2601,▁युक्तं,युक्तं,-9.86953,1,contains_special_A
2603,ोचित,ोचित,-9.87009,2,starts_with_dependent_vowel
2604,▁तैः,तैः,-9.87035,1,contains_special_A
2607,▁ट,ट,-9.87117,0,simple_cv
2610,ाधिप,ाधिप,-9.87198,2,starts_with_dependent_vowel
2615,पु,पु,-9.87304,1,simple_cv
2617,िष्यामि,िष्यामि,-9.87337,3,starts_with_dependent_vowel
2620,▁कस्चिद्,कस्चिद्,-9.87427,1,ends_with_virama
2623,ाभ,ाभ,-9.87512,1,starts_with_dependent_vowel
2625,प्रसङ्गात्,प्रसङ्गात्,-9.87568,1,ends_with_virama
2626,▁भगवतः,भगवतः,-9.87623,0,contains_special_A
2628,▁पुनरपरं,पुनरपरं,-9.87755,1,contains_special_A
2631,ेन्दु,ेन्दु,-9.87858,2,starts_with_dependent_vowel
2632,ाख्यं,ाख्यं,-9.879,1,starts_with_dependent_vowel;contains_special_A
2633,संसय,संसय,-9.87903,0,contains_special_A
2635,▁पंच,पंच,-9.8804,0,contains_special_A
2636,ऽअ,ऽअ,-9.88048,1,contains_special_A
2640,णम्,णम्,-9.88206,0,ends_with_virama
2644,▁सि,सि,-9.88285,1,simple_cv
2645,ेत्याह,ेत्याह,-9.88291,2,starts_with_dependent_vowel
2647,▁वरं,वरं,-9.88351,0,contains_special_A
2648,तस्,तस्,-9.88414,0,ends_with_virama
2651,ाभावे,ाभावे,-9.88423,3,starts_with_dependent_vowel
2654,युक्तं,युक्तं,-9.88606,1,contains_special_A
2656,ानल,ानल,-9.88654,1,starts_with_dependent_vowel
2660,ोत्पन्न,ोत्पन्न,-9.88828,1,starts_with_dependent_vowel
2662,▁समन्ततः,समन्ततः,-9.88878,0,contains_special_A
2663,▁त्वत्,त्वत्,-9.88956,0,ends_with_virama
2664,स्तेषां,स्तेषां,-9.8897,2,contains_special_A
2668,▁पा,पा,-9.89067,1,simple_cv
2669,िद,िद,-9.89071,1,starts_with_dependent_vowel
2671,वी,वी,-9.89109,1,simple_cv
2684,▁भिक्षवः,भिक्षवः,-9.89536,1,contains_special_A
2688,▁साक्षात्,साक्षात्,-9.8968,2,ends_with_virama
2695,िन्,िन्,-9.8989,1,starts_with_dependent_vowel;ends_with_virama
2699,ानामपि,ानामपि,-9.89935,3,starts_with_dependent_vowel
2700,करं,करं,-9.89988,0,contains_special_A
2701,भवत्,भवत्,-9.90081,0,ends_with_virama
2702,ाकुल,ाकुल,-9.90092,2,starts_with_dependent_vowel
2703,ायाम्,ायाम्,-9.90094,2,starts_with_dependent_vowel;ends_with_virama
2706,ली,ली,-9.90179,1,simple_cv
2707,ामीति,ामीति,-9.90187,3,starts_with_dependent_vowel
2709,▁प्रयोजनम्,प्रयोजनम्,-9.90237,1,ends_with_virama
2713,▁तपः,तपः,-9.90529,0,contains_special_A
2715,ध्वं,ध्वं,-9.90543,0,contains_special_A
2716,ादन्य,ादन्य,-9.90561,1,starts_with_dependent_vowel
2718,ग्रहणम्,ग्रहणम्,-9.90592,0,ends_with_virama
2719,ेनेति,ेनेति,-9.90594,3,starts_with_dependent_vowel
2720,निष्,निष्,-9.90606,1,ends_with_virama
2723,परं,परं,-9.90669,0,contains_special_A
2727,ार्णव,ार्णव,-9.90808,1,starts_with_dependent_vowel
2728,▁जगद्,जगद्,-9.90826,0,ends_with_virama
2729,लक्षणम्,लक्षणम्,-9.90867,0,ends_with_virama
2731,ीनाम,ीनाम,-9.90927,2,starts_with_dependent_vowel
2745,ग्रहणं,ग्रहणं,-9.91482,0,contains_special_A
2747,▁भूयः,भूयः,-9.91526,1,contains_special_A
2751,दानं,दानं,-9.91795,1,contains_special_A
2752,ार्द्र,ार्द्र,-9.91799,1,starts_with_dependent_vowel
2758,▁पूर्ववत्,पूर्ववत्,-9.91958,1,ends_with_virama
2762,ुपादान,ुपादान,-9.92043,3,starts_with_dependent_vowel
2763,▁वाच्यम्,वाच्यम्,-9.9213,1,ends_with_virama
2769,▁महाबलः,महाबलः,-9.92169,1,contains_special_A
2770,पूर्वं,पूर्वं,-9.92188,1,contains_special_A
2777,ीस,ीस,-9.92418,1,starts_with_dependent_vowel
2778,ाज्य,ाज्य,-9.92434,1,starts_with_dependent_vowel
2780,▁पापं,पापं,-9.92485,1,contains_special_A
2781,▁सर्वसः,सर्वसः,-9.92576,0,contains_special_A
2783,ावभास,ावभास,-9.9262,2,starts_with_dependent_vowel
2788,▁संख्या,संख्या,-9.9275,1,contains_special_A
2791,ीयं,ीयं,-9.92891,1,starts_with_dependent_vowel;contains_special_A
2792,ाचल,ाचल,-9.92909,1,starts_with_dependent_vowel
2795,ात्मज,ात्मज,-9.93045,1,starts_with_dependent_vowel
2800,भी,भी,-9.93222,1,simple_cv
2802,▁विदुः,विदुः,-9.93262,2,contains_special_A
2803,ापर,ापर,-9.93316,1,starts_with_dependent_vowel
2807,▁कालं,कालं,-9.93424,1,contains_special_A
2808,रं,रं,-9.93534,0,contains_special_A
2810,▁स्युः,स्युः,-9.93589,1,contains_special_A
2811,ास्मि,ास्मि,-9.93598,2,starts_with_dependent_vowel
2814,▁संजय,संजय,-9.93625,0,contains_special_A
2817,▁सम्यग्,सम्यग्,-9.93668,0,ends_with_virama
2818,ून,ून,-9.93679,1,starts_with_dependent_vowel
2819,ैरेव,ैरेव,-9.93686,2,starts_with_dependent_vowel
2824,ान्तरं,ान्तरं,-9.93801,1,starts_with_dependent_vowel;contains_special_A
2826,ेणैव,ेणैव,-9.93831,2,starts_with_dependent_vowel
2836,कृ,कृ,-9.93997,1,simple_cv
2839,ैन,ैन,-9.94067,1,starts_with_dependent_vowel
2840,▁हरिः,हरिः,-9.94068,1,contains_special_A
2842,ीकृत्य,ीकृत्य,-9.94284,2,starts_with_dependent_vowel
2848,ास्चैव,ास्चैव,-9.94371,2,starts_with_dependent_vowel
2850,▁राजानं,राजानं,-9.94408,2,contains_special_A
2853,तौ,तौ,-9.94512,1,simple_cv
2855,▁इमं,इमं,-9.94553,1,contains_special_A
2857,▁बलं,बलं,-9.94611,0,contains_special_A
2858,▁विसेषः,विसेषः,-9.94633,2,contains_special_A
2859,▁तदेवं,तदेवं,-9.94635,1,contains_special_A
2861,▁फलम्,फलम्,-9.94673,0,ends_with_virama
2863,ादेर्,ादेर्,-9.94705,2,starts_with_dependent_vowel;ends_with_virama
2864,जः,जः,-9.94717,0,contains_special_A
2865,ाविति,ाविति,-9.94787,3,starts_with_dependent_vowel
2868,तोऽपि,तोऽपि,-9.95018,2,contains_special_A
2869,ोऽर्थ,ोऽर्थ,-9.95019,1,starts_with_dependent_vowel;contains_special_A
2877,ूर,ूर,-9.95187,1,starts_with_dependent_vowel
2880,तेऽ,तेऽ,-9.9534,1,contains_special_A
2883,▁सब्दः,सब्दः,-9.95442,0,contains_special_A
2887,ोऽध्यायः,ोऽध्यायः,-9.95554,2,starts_with_dependent_vowel;contains_special_A
2888,▁धी,धी,-9.95574,1,simple_cv
2889,ैक्य,ैक्य,-9.95669,1,starts_with_dependent_vowel
2892,▁कौ,कौ,-9.9574,1,simple_cv
2894,▁समाधिः,समाधिः,-9.95805,2,contains_special_A
2898,▁अयम्,अयम्,-9.95944,1,ends_with_virama
2901,ात्तु,ात्तु,-9.9596,2,starts_with_dependent_vowel
2906,जि,जि,-9.96045,1,simple_cv
2907,ाभरण,ाभरण,-9.96086,1,starts_with_dependent_vowel
2910,ाविव,ाविव,-9.96167,2,starts_with_dependent_vowel
2912,िष्यन्ति,िष्यन्ति,-9.96201,2,starts_with_dependent_vowel
2917,ावस्था,ावस्था,-9.96275,2,starts_with_dependent_vowel
2929,ब्,ब्,-9.96949,0,ends_with_virama
2936,ाधिकरण,ाधिकरण,-9.97156,2,starts_with_dependent_vowel
2939,हेतुः,हेतुः,-9.97377,2,contains_special_A
2947,▁राज्ञः,राज्ञः,-9.97649,1,contains_special_A
2949,ाक्षेप,ाक्षेप,-9.97731,2,starts_with_dependent_vowel
2959,▁तासां,तासां,-9.97982,2,contains_special_A
2961,▁गतिः,गतिः,-9.98063,1,contains_special_A
2968,ांसु,ांसु,-9.98465,2,starts_with_dependent_vowel;contains_special_A
2971,िष्य,िष्य,-9.98479,1,starts_with_dependent_vowel
2972,▁प्रजाः,प्रजाः,-9.98484,1,contains_special_A
2977,चित्,चित्,-9.98671,1,ends_with_virama
2978,ायुष,ायुष,-9.98716,2,starts_with_dependent_vowel
2985,्यम्,्यम्,-9.9882,0,ends_with_virama
2994,▁नूनं,नूनं,-9.99019,1,contains_special_A
3004,ॄ,ॄ,-9.99265,1,starts_with_dependent_vowel
3007,मुक्तं,मुक्तं,-9.99308,1,contains_special_A
3011,ुं,ुं,-9.99405,1,starts_with_dependent_vowel;contains_special_A
3016,िनाम्,िनाम्,-9.99446,2,starts_with_dependent_vowel;ends_with_virama
3022,दो,दो,-9.99629,1,simple_cv
3026,ायै,ायै,-9.99686,2,starts_with_dependent_vowel
3028,संपन्न,संपन्न,-9.99721,0,contains_special_A
3042,ार्थम,ार्थम,-10.0026,1,starts_with_dependent_vowel
3043,▁इत्थं,इत्थं,-10.0027,1,contains_special_A
3045,▁स्थितम्,स्थितम्,-10.0034,1,ends_with_virama
3047,▁दिव्यं,दिव्यं,-10.0043,1,contains_special_A
3053,ान्प्र,ान्प्र,-10.0051,1,starts_with_dependent_vowel
3054,▁स्मृताः,स्मृताः,-10.0056,2,contains_special_A
3055,▁कृतः,कृतः,-10.0058,1,contains_special_A
3056,ेच्छ,ेच्छ,-10.006,1,starts_with_dependent_vowel
3057,ीयमान,ीयमान,-10.0064,2,starts_with_dependent_vowel
3059,िमा,िमा,-10.0066,2,starts_with_dependent_vowel
3061,षि,षि,-10.0068,1,simple_cv
3065,ित्यादि,ित्यादि,-10.0079,3,starts_with_dependent_vowel
3074,वृ,वृ,-10.0105,1,simple_cv
3078,सिंह,सिंह,-10.0115,1,contains_special_A
3082,ुष,ुष,-10.013,1,starts_with_dependent_vowel
3086,▁सिद्धम्,सिद्धम्,-10.0143,1,ends_with_virama
3087,ैर्वा,ैर्वा,-10.0143,2,starts_with_dependent_vowel
3088,▁कारणम्,कारणम्,-10.0145,1,ends_with_virama
3093,ोवाच,ोवाच,-10.0167,2,starts_with_dependent_vowel
3094,ुक,ुक,-10.0168,1,starts_with_dependent_vowel
3095,ीष,ीष,-10.017,1,starts_with_dependent_vowel
3097,▁कारयेत्,कारयेत्,-10.0186,2,ends_with_virama
3099,ातिति,ातिति,-10.0192,3,starts_with_dependent_vowel
3100,▁भगवन्तं,भगवन्तं,-10.0197,0,contains_special_A
3103,भवेत्,भवेत्,-10.0205,1,ends_with_virama
3105,दी,दी,-10.0216,1,simple_cv
3107,▁कंस,कंस,-10.0223,0,contains_special_A
3108,▁सत्त्वानां,सत्त्वानां,-10.0225,2,contains_special_A
3112,संख्या,संख्या,-10.0232,1,contains_special_A
3115,▁किञ्चित्,किञ्चित्,-10.0236,2,ends_with_virama
3118,▁विधिः,विधिः,-10.0242,2,contains_special_A
3119,ोदित,ोदित,-10.0245,2,starts_with_dependent_vowel
3130,सू,सू,-10.0267,1,simple_cv
3132,ात्मकं,ात्मकं,-10.0275,1,starts_with_dependent_vowel;contains_special_A
3134,ूष,ूष,-10.0287,1,starts_with_dependent_vowel
3135,संसार,संसार,-10.0291,1,contains_special_A
3138,मब्रवीत्,मब्रवीत्,-10.0298,1,ends_with_virama
3140,▁चेद्,चेद्,-10.0302,1,ends_with_virama
3142,▁तत्सर्वं,तत्सर्वं,-10.0305,0,contains_special_A
3145,▁ड,ड,-10.0319,0,simple_cv
3146,कालं,कालं,-10.0321,1,contains_special_A
3147,▁हृदयं,हृदयं,-10.0325,1,contains_special_A
3148,▁क्रमात्,क्रमात्,-10.0329,1,ends_with_virama
3150,▁संस,संस,-10.033,0,contains_special_A
3156,ुत्पत्ति,ुत्पत्ति,-10.0338,2,starts_with_dependent_vowel
3158,▁भयं,भयं,-10.0346,0,contains_special_A
3168,▁ताः,ताः,-10.0377,1,contains_special_A
3169,▁संभवति,संभवति,-10.0378,1,contains_special_A
3170,कान्,कान्,-10.0378,1,ends_with_virama
3172,▁एषः,एषः,-10.0392,1,contains_special_A
3174,▁विसेषतः,विसेषतः,-10.0395,2,contains_special_A
3175,ीन्,ीन्,-10.0398,1,starts_with_dependent_vowel;ends_with_virama
3179,ेतु,ेतु,-10.0409,2,starts_with_dependent_vowel
3182,▁सतं,सतं,-10.0431,0,contains_special_A
3185,णो,णो,-10.0437,1,simple_cv
3187,▁चरन्,चरन्,-10.0443,0,ends_with_virama
3191,तायां,तायां,-10.0462,2,contains_special_A
3193,यद्,यद्,-10.0465,0,ends_with_virama
3197,▁प्राग्,प्राग्,-10.0475,1,ends_with_virama
3201,भयं,भयं,-10.0482,0,contains_special_A
3205,▁स्थानं,स्थानं,-10.0491,1,contains_special_A
3209,▁संकल्प,संकल्प,-10.051,0,contains_special_A
3210,की,की,-10.0514,1,simple_cv
3213,विधिः,विधिः,-10.0517,2,contains_special_A
3217,मात्मानं,मात्मानं,-10.054,2,contains_special_A
3218,िको,िको,-10.0547,2,starts_with_dependent_vowel
3219,▁कर्तव्यं,कर्तव्यं,-10.0555,0,contains_special_A
3223,िल,िल,-10.0569,1,starts_with_dependent_vowel
3232,ार्जुन,ार्जुन,-10.0603,2,starts_with_dependent_vowel
3236,▁पुरुषं,पुरुषं,-10.061,2,contains_special_A
3238,तुर्,तुर्,-10.0617,1,ends_with_virama
3239,धः,धः,-10.0621,0,contains_special_A
3248,▁प्रतिषेधः,प्रतिषेधः,-10.0651,2,contains_special_A
3249,ादाव,ादाव,-10.0654,2,starts_with_dependent_vowel
3256,▁प्रोक्तं,प्रोक्तं,-10.0666,1,contains_special_A
3257,▁भूतानां,भूतानां,-10.0667,3,contains_special_A
3259,▁सरैः,सरैः,-10.0674,1,contains_special_A
3260,▁दि,दि,-10.0674,1,simple_cv
3263,ान्येव,ान्येव,-10.0681,2,starts_with_dependent_vowel
3264,▁अस्मिन्,अस्मिन्,-10.0689,2,ends_with_virama
3267,हम्,हम्,-10.0693,0,ends_with_virama
3269,▁तयोर्,तयोर्,-10.0701,1,ends_with_virama
3271,▁तत्किं,तत्किं,-10.0702,1,contains_special_A
3276,▁क्षिप्रं,क्षिप्रं,-10.0709,1,contains_special_A
3289,ापत्ति,ापत्ति,-10.0739,2,starts_with_dependent_vowel
3291,ोर्ध्व,ोर्ध्व,-10.0748,1,starts_with_dependent_vowel
3294,▁रु,रु,-10.0765,1,simple_cv
3297,गु,गु,-10.0772,1,simple_cv
3300,ाकृति,ाकृति,-10.0775,3,starts_with_dependent_vowel
3301,संवर,संवर,-10.0777,0,contains_special_A
3305,ेयुः,ेयुः,-10.0788,2,starts_with_dependent_vowel;contains_special_A
3308,ादीन्,ादीन्,-10.0793,2,starts_with_dependent_vowel;ends_with_virama
3310,▁कुर्याद्,कुर्याद्,-10.0794,2,ends_with_virama
3312,ैतद्,ैतद्,-10.0796,1,starts_with_dependent_vowel;ends_with_virama
3315,स्मात्,स्मात्,-10.0808,1,ends_with_virama
3316,▁बोधिसत्त्वानां,बोधिसत्त्वानां,-10.0809,4,contains_special_A
3329,ौषध,ौषध,-10.0843,1,starts_with_dependent_vowel
3331,मात्मनः,मात्मनः,-10.085,1,contains_special_A
3332,ेतत्,ेतत्,-10.085,1,starts_with_dependent_vowel;ends_with_virama
3339,ेरन्,ेरन्,-10.0869,1,starts_with_dependent_vowel;ends_with_virama
3342,ीकरण,ीकरण,-10.0876,1,starts_with_dependent_vowel
3349,▁अन्तर्,अन्तर्,-10.0893,1,ends_with_virama
3359,ितव्यं,ितव्यं,-10.0913,1,starts_with_dependent_vowel;contains_special_A
3361,संख्य,संख्य,-10.0913,0,contains_special_A
3367,णः,णः,-10.0931,0,contains_special_A
3368,ून्,ून्,-10.0934,1,starts_with_dependent_vowel;ends_with_virama
3371,ावेव,ावेव,-10.0942,2,starts_with_dependent_vowel
3375,▁इमां,इमां,-10.0954,2,contains_special_A
3377,ष्,ष्,-10.096,0,ends_with_virama
3378,▁कस्यचित्,कस्यचित्,-10.0962,1,ends_with_virama
3379,ागत,ागत,-10.0966,1,starts_with_dependent_vowel
3382,▁कर्तुं,कर्तुं,-10.0978,1,contains_special_A
3383,डि,डि,-10.0978,1,simple_cv
3390,जे,जे,-10.0991,1,simple_cv
3392,ान्वि,ान्वि,-10.1001,2,starts_with_dependent_vowel
3396,▁सर्वान्,सर्वान्,-10.1014,1,ends_with_virama
3397,ैतत्,ैतत्,-10.1019,1,starts_with_dependent_vowel;ends_with_virama
3399,ोपरि,ोपरि,-10.1019,2,starts_with_dependent_vowel
3400,▁सक्यं,सक्यं,-10.1021,0,contains_special_A
3405,ाध्याय,ाध्याय,-10.103,2,starts_with_dependent_vowel
3414,धो,धो,-10.1049,1,simple_cv
3416,द्भिर्,द्भिर्,-10.1051,1,ends_with_virama
3426,▁किंचित्,किंचित्,-10.1077,2,contains_special_A;ends_with_virama
3428,▁ब्रह्मणः,ब्रह्मणः,-10.1079,0,contains_special_A
3429,ेच्छा,ेच्छा,-10.1082,2,starts_with_dependent_vowel
3439,▁इदानीं,इदानीं,-10.1103,3,contains_special_A
3440,यै,यै,-10.1106,1,simple_cv
3444,टि,टि,-10.1111,1,simple_cv
3445,▁भूत्,भूत्,-10.1112,1,ends_with_virama
3446,ीन्द्र,ीन्द्र,-10.1113,1,starts_with_dependent_vowel
3449,ुत्तम,ुत्तम,-10.1117,1,starts_with_dependent_vowel
3452,ेऽस्मिन्,ेऽस्मिन्,-10.1125,2,starts_with_dependent_vowel;contains_special_A;ends_with_virama
3456,▁दृष्टं,दृष्टं,-10.1138,1,contains_special_A
3462,ादेस,ादेस,-10.1142,2,starts_with_dependent_vowel
3467,▁जा,जा,-10.1155,1,simple_cv
3471,दे,दे,-10.1164,1,simple_cv
3481,ादाय,ादाय,-10.1189,2,starts_with_dependent_vowel
3483,▁युक्तम्,युक्तम्,-10.1192,1,ends_with_virama
3484,ाज्ञा,ाज्ञा,-10.1193,2,starts_with_dependent_vowel
3495,ोक्तम्,ोक्तम्,-10.121,1,starts_with_dependent_vowel;ends_with_virama
3498,भेदः,भेदः,-10.1213,1,contains_special_A
3501,ाङ्कुर,ाङ्कुर,-10.1222,2,starts_with_dependent_vowel
3511,संसर्ग,संसर्ग,-10.1254,0,contains_special_A
3518,ोपपत्ति,ोपपत्ति,-10.1271,2,starts_with_dependent_vowel
3520,ेयम्,ेयम्,-10.1272,1,starts_with_dependent_vowel;ends_with_virama
3522,लु,लु,-10.1278,1,simple_cv
3523,भिस्,भिस्,-10.1279,1,ends_with_virama
3530,ुत्पाद,ुत्पाद,-10.1291,2,starts_with_dependent_vowel
3531,षा,षा,-10.1294,1,simple_cv
3533,▁एवम्,एवम्,-10.1304,1,ends_with_virama
3538,ुपाय,ुपाय,-10.1316,2,starts_with_dependent_vowel
3541,▁पुत्रं,पुत्रं,-10.1322,1,contains_special_A
3542,ोऽन,ोऽन,-10.1331,1,starts_with_dependent_vowel;contains_special_A
3548,ाभिमान,ाभिमान,-10.1357,3,starts_with_dependent_vowel
3549,ान्यपि,ान्यपि,-10.1358,2,starts_with_dependent_vowel
3553,दं,दं,-10.1362,0,contains_special_A
3560,▁यदुक्तं,यदुक्तं,-10.1383,1,contains_special_A
3563,▁सम्बन्धः,सम्बन्धः,-10.1393,0,contains_special_A
3564,ाग्रे,ाग्रे,-10.1393,2,starts_with_dependent_vowel
3570,▁कृ,कृ,-10.1413,1,simple_cv
3575,▁गताः,गताः,-10.1431,1,contains_special_A
3581,ेस्वरः,ेस्वरः,-10.1443,1,starts_with_dependent_vowel;contains_special_A
3583,ूनां,ूनां,-10.145,2,starts_with_dependent_vowel;contains_special_A
3589,ान्यथा,ान्यथा,-10.1473,2,starts_with_dependent_vowel
3593,▁लक्षणं,लक्षणं,-10.1481,0,contains_special_A
3594,धे,धे,-10.1482,1,simple_cv
3595,ले,ले,-10.1482,1,simple_cv
3597,▁लु,लु,-10.1485,1,simple_cv
3598,दर्सनं,दर्सनं,-10.149,0,contains_special_A
3600,▁कदाचित्,कदाचित्,-10.1506,2,ends_with_virama
3601,पी,पी,-10.1508,1,simple_cv
3605,प्रतिषेधः,प्रतिषेधः,-10.152,2,contains_special_A
3608,▁वरः,वरः,-10.1529,0,contains_special_A
3609,िणो,िणो,-10.1529,2,starts_with_dependent_vowel
3613,ान्तः,ान्तः,-10.1534,1,starts_with_dependent_vowel;contains_special_A
3615,ापेक्षया,ापेक्षया,-10.1538,3,starts_with_dependent_vowel
3616,▁वयम्,वयम्,-10.1546,0,ends_with_virama
3617,▁द्रष्टव्यम्,द्रष्टव्यम्,-10.1546,0,ends_with_virama
3618,▁सरीरं,सरीरं,-10.155,1,contains_special_A
3621,स्चतुर्,स्चतुर्,-10.1554,1,ends_with_virama
3626,मिमं,मिमं,-10.1568,1,contains_special_A
3630,णु,णु,-10.1578,1,simple_cv
3636,ास्वाद,ास्वाद,-10.1597,2,starts_with_dependent_vowel
3638,मेतद्,मेतद्,-10.1601,1,ends_with_virama
3639,ीन,ीन,-10.1601,1,starts_with_dependent_vowel
3642,ावतार,ावतार,-10.1605,2,starts_with_dependent_vowel
3645,ोदाहरण,ोदाहरण,-10.1625,2,starts_with_dependent_vowel
3646,ाङ्गुल,ाङ्गुल,-10.163,2,starts_with_dependent_vowel
3654,ानेव,ानेव,-10.1644,2,starts_with_dependent_vowel
3657,ाभिमुख,ाभिमुख,-10.1651,3,starts_with_dependent_vowel
3658,ोरु,ोरु,-10.1651,2,starts_with_dependent_vowel
3662,ान्वित,ान्वित,-10.166,2,starts_with_dependent_vowel
3664,▁वीर्यवान्,वीर्यवान्,-10.1662,2,ends_with_virama
3665,ामः,ामः,-10.1673,1,starts_with_dependent_vowel;contains_special_A
3670,ेक्षण,ेक्षण,-10.1691,1,starts_with_dependent_vowel
3676,▁चिरं,चिरं,-10.1706,1,contains_special_A
3677,िकाः,िकाः,-10.1708,2,starts_with_dependent_vowel;contains_special_A
3683,▁रामः,रामः,-10.1716,1,contains_special_A
3684,तीत्यर्थः,तीत्यर्थः,-10.1716,1,contains_special_A
3692,ाभ्र,ाभ्र,-10.1731,1,starts_with_dependent_vowel
3697,▁नृपः,नृपः,-10.1741,1,contains_special_A
3698,ुवाच,ुवाच,-10.1742,2,starts_with_dependent_vowel
3699,▁सांख्य,सांख्य,-10.1742,1,contains_special_A
3703,▁ब्रूमः,ब्रूमः,-10.1759,1,contains_special_A
3705,▁युक्तः,युक्तः,-10.1763,1,contains_special_A
3710,न्तर्,न्तर्,-10.1771,0,ends_with_virama
3711,ोऽग्नि,ोऽग्नि,-10.1777,2,starts_with_dependent_vowel;contains_special_A
3714,ीर्,ीर्,-10.1781,1,starts_with_dependent_vowel;ends_with_virama
3716,िच्छ,िच्छ,-10.1783,1,starts_with_dependent_vowel
3718,▁पदम्,पदम्,-10.1786,0,ends_with_virama
3721,ार्था,ार्था,-10.1793,2,starts_with_dependent_vowel
3728,मेवं,मेवं,-10.1809,1,contains_special_A
3729,ान्तिक,ान्तिक,-10.181,2,starts_with_dependent_vowel
3731,करः,करः,-10.1811,0,contains_special_A
3734,ोत्सव,ोत्सव,-10.1821,1,starts_with_dependent_vowel
3735,ातीत,ातीत,-10.1823,2,starts_with_dependent_vowel
3738,▁अर्थः,अर्थः,-10.1827,1,contains_special_A
3740,यात्,यात्,-10.1832,1,ends_with_virama
3741,ैकदेस,ैकदेस,-10.1834,2,starts_with_dependent_vowel
3744,▁ङ,ङ,-10.1855,0,simple_cv
3745,पे,पे,-10.1857,1,simple_cv
3753,सृ,सृ,-10.188,1,simple_cv
3754,▁देवं,देवं,-10.1884,1,contains_special_A
3756,ीया,ीया,-10.1893,2,starts_with_dependent_vowel
3758,▁संस्थित,संस्थित,-10.1899,1,contains_special_A
3759,ोऽहम,ोऽहम,-10.19,1,starts_with_dependent_vowel;contains_special_A
3765,ैस्तथा,ैस्तथा,-10.1915,2,starts_with_dependent_vowel
3770,र्थं,र्थं,-10.1927,0,contains_special_A
3771,वाक्यं,वाक्यं,-10.1928,1,contains_special_A
3774,वचनम्,वचनम्,-10.1943,0,ends_with_virama
3778,ादिभिर्,ादिभिर्,-10.1953,3,starts_with_dependent_vowel;ends_with_virama
3779,संग्रह,संग्रह,-10.1954,0,contains_special_A
3780,ानिल,ानिल,-10.196,2,starts_with_dependent_vowel
3782,▁दा,दा,-10.1965,1,simple_cv
3790,▁कथितं,कथितं,-10.1974,1,contains_special_A
3792,▁महद्,महद्,-10.1976,0,ends_with_virama
3795,ड्,ड्,-10.1982,0,ends_with_virama
3797,स्थानं,स्थानं,-10.1983,1,contains_special_A
3800,दर्सनम्,दर्सनम्,-10.1988,0,ends_with_virama
3803,▁सिरः,सिरः,-10.1993,1,contains_special_A
3810,▁स्थितं,स्थितं,-10.2005,1,contains_special_A
3811,िकां,िकां,-10.2006,2,starts_with_dependent_vowel;contains_special_A
3813,ाधिष्ठान,ाधिष्ठान,-10.2007,3,starts_with_dependent_vowel
3814,ाच्छ,ाच्छ,-10.2008,1,starts_with_dependent_vowel
3815,संयुक्त,संयुक्त,-10.201,1,contains_special_A
3822,▁ऽय,ऽय,-10.202,0,contains_special_A
3823,फ,फ,-10.2028,0,simple_cv
3825,▁देवः,देवः,-10.203,1,contains_special_A
3829,▁स्रीमान्,स्रीमान्,-10.204,2,ends_with_virama
3832,ाभिः,ाभिः,-10.2051,2,starts_with_dependent_vowel;contains_special_A
3835,वचः,वचः,-10.2059,0,contains_special_A
3836,▁स्रुतिः,स्रुतिः,-10.2065,2,contains_special_A
3838,सां,सां,-10.2072,1,contains_special_A
3840,कारणं,कारणं,-10.2074,1,contains_special_A
3846,नाम्,नाम्,-10.2085,1,ends_with_virama
3847,▁पितरं,पितरं,-10.2085,1,contains_special_A
3850,ुक्तं,ुक्तं,-10.21,1,starts_with_dependent_vowel;contains_special_A
3856,▁मुखं,मुखं,-10.211,1,contains_special_A
3863,▁पस्चाद्,पस्चाद्,-10.2121,1,ends_with_virama
3866,मुक्तम्,मुक्तम्,-10.2123,1,ends_with_virama
3868,ारोप,ारोप,-10.2125,2,starts_with_dependent_vowel
3884,ारुण,ारुण,-10.2165,2,starts_with_dependent_vowel
3887,ेष्वेव,ेष्वेव,-10.2175,2,starts_with_dependent_vowel
3888,दः,दः,-10.2175,0,contains_special_A
3889,▁संकर,संकर,-10.2177,0,contains_special_A
3895,ासा,ासा,-10.2205,2,starts_with_dependent_vowel
3896,▁क्वचिद्,क्वचिद्,-10.2206,1,ends_with_virama
3900,ोष्ण,ोष्ण,-10.2213,1,starts_with_dependent_vowel
3901,ानन्त,ानन्त,-10.2214,1,starts_with_dependent_vowel
3902,ाभ्याम्,ाभ्याम्,-10.2214,2,starts_with_dependent_vowel;ends_with_virama
3903,▁सुखदुःख,सुखदुःख,-10.2215,2,contains_special_A
3904,▁धनं,धनं,-10.2216,0,contains_special_A
3913,▁नमोऽस्तु,नमोऽस्तु,-10.223,2,contains_special_A
3917,ासो,ासो,-10.2237,2,starts_with_dependent_vowel
3919,िणा,िणा,-10.2245,2,starts_with_dependent_vowel
3921,▁पृथग्,पृथग्,-10.2245,1,ends_with_virama
3926,▁पुरः,पुरः,-10.2252,1,contains_special_A
3928,ास्पद,ास्पद,-10.2254,1,starts_with_dependent_vowel
3937,ायन,ायन,-10.228,1,starts_with_dependent_vowel
3959,▁सद्यः,सद्यः,-10.2347,0,contains_special_A
3960,त्रयं,त्रयं,-10.2352,0,contains_special_A
3965,ानन्तरं,ानन्तरं,-10.2366,1,starts_with_dependent_vowel;contains_special_A
3968,िकया,िकया,-10.238,2,starts_with_dependent_vowel
3971,ार्थो,ार्थो,-10.2385,2,starts_with_dependent_vowel
3973,▁प्रत्येकं,प्रत्येकं,-10.2391,1,contains_special_A
3974,▁बहिर्,बहिर्,-10.2391,1,ends_with_virama
3976,ेयम,ेयम,-10.2399,1,starts_with_dependent_vowel
3978,ाध्य,ाध्य,-10.2404,1,starts_with_dependent_vowel
3982,ाहि,ाहि,-10.241,2,starts_with_dependent_vowel
3990,▁दुः,दुः,-10.2422,1,contains_special_A
3991,ेतद्,ेतद्,-10.2426,1,starts_with_dependent_vowel;ends_with_virama
3994,निमित्तं,निमित्तं,-10.2431,2,contains_special_A
3996,ारूढ,ारूढ,-10.2434,2,starts_with_dependent_vowel
3999,▁विद्वान्,विद्वान्,-10.2437,2,ends_with_virama
4002,▁दत्तं,दत्तं,-10.2444,0,contains_special_A
4003,ीदृस,ीदृस,-10.2446,2,starts_with_dependent_vowel
4005,ोत्पल,ोत्पल,-10.2449,1,starts_with_dependent_vowel
4006,▁तद्वत्,तद्वत्,-10.245,0,ends_with_virama
4021,▁जनाः,जनाः,-10.2486,1,contains_special_A
4022,ादन,ादन,-10.2487,1,starts_with_dependent_vowel
4024,ोपमा,ोपमा,-10.2487,2,starts_with_dependent_vowel
4027,ादिभ्यः,ादिभ्यः,-10.249,2,starts_with_dependent_vowel;contains_special_A
4028,▁आत्मानं,आत्मानं,-10.249,2,contains_special_A
4033,भु,भु,-10.2508,1,simple_cv
4035,ान्व,ान्व,-10.2509,1,starts_with_dependent_vowel
4043,▁द्वितीयं,द्वितीयं,-10.2526,2,contains_special_A
4044,ाख्यात,ाख्यात,-10.2529,2,starts_with_dependent_vowel
4048,वादः,वादः,-10.2537,1,contains_special_A
4058,ैवं,ैवं,-10.2546,1,starts_with_dependent_vowel;contains_special_A
4063,वनं,वनं,-10.2552,0,contains_special_A
4064,▁किंचिद,किंचिद,-10.2553,2,contains_special_A
4068,▁कुर्वन्,कुर्वन्,-10.2567,1,ends_with_virama
4069,▁विस्तरः,विस्तरः,-10.2569,1,contains_special_A
4070,िभिर्,िभिर्,-10.257,2,starts_with_dependent_vowel;ends_with_virama
4072,ेन्,ेन्,-10.2572,1,starts_with_dependent_vowel;ends_with_virama
4073,ान्ध,ान्ध,-10.2573,1,starts_with_dependent_vowel
4075,ोऽव,ोऽव,-10.2574,1,starts_with_dependent_vowel;contains_special_A
4077,रू,रू,-10.2576,1,simple_cv
4079,▁परः,परः,-10.2581,0,contains_special_A
4081,ोपाधि,ोपाधि,-10.2586,3,starts_with_dependent_vowel
4089,▁नाहं,नाहं,-10.2604,1,contains_special_A
4091,ात्सर्व,ात्सर्व,-10.2607,1,starts_with_dependent_vowel
4096,न्नं,न्नं,-10.2618,0,contains_special_A
4097,ाष्ट,ाष्ट,-10.2621,1,starts_with_dependent_vowel
4106,णां,णां,-10.2641,1,contains_special_A
4107,▁यूयं,यूयं,-10.2642,1,contains_special_A
4111,▁संप्राप्त,संप्राप्त,-10.2648,1,contains_special_A
4112,ीषु,ीषु,-10.2649,2,starts_with_dependent_vowel
4117,ाहुः,ाहुः,-10.2657,2,starts_with_dependent_vowel;contains_special_A
4118,▁स्पष्टम्,स्पष्टम्,-10.2659,0,ends_with_virama
4121,▁संसर्ग,संसर्ग,-10.2665,0,contains_special_A
4124,ृत,ृत,-10.2668,1,starts_with_dependent_vowel
4128,▁संवृत,संवृत,-10.2688,1,contains_special_A
4131,युः,युः,-10.2692,1,contains_special_A
4136,▁सद्,सद्,-10.2704,0,ends_with_virama
4143,ोत्थ,ोत्थ,-10.2715,1,starts_with_dependent_vowel
4144,▁चक्षुर्,चक्षुर्,-10.2717,1,ends_with_virama
4147,▁दिग्,दिग्,-10.2721,1,ends_with_virama
4161,स्मिं,स्मिं,-10.2734,1,contains_special_A
4162,ब्रवीद्,ब्रवीद्,-10.2737,1,ends_with_virama
4163,▁तैर्,तैर्,-10.2738,1,ends_with_virama
4165,ृच,ृच,-10.2741,1,starts_with_dependent_vowel
4168,▁प्रियं,प्रियं,-10.2744,1,contains_special_A
4177,स्यां,स्यां,-10.2775,1,contains_special_A
4179,कथं,कथं,-10.2776,0,contains_special_A
4182,लो,लो,-10.278,1,simple_cv
4184,िकी,िकी,-10.2784,2,starts_with_dependent_vowel
4191,ाम्यहम्,ाम्यहम्,-10.2795,1,starts_with_dependent_vowel;ends_with_virama
4192,▁धर्माः,धर्माः,-10.2796,1,contains_special_A
4194,िन्या,िन्या,-10.2801,2,starts_with_dependent_vowel
4197,मू,मू,-10.281,1,simple_cv
4200,ाल्प,ाल्प,-10.2814,1,starts_with_dependent_vowel
4201,▁स्रुतं,स्रुतं,-10.2814,1,contains_special_A
4203,ायते,ायते,-10.2824,2,starts_with_dependent_vowel
4205,▁विंसति,विंसति,-10.2828,2,contains_special_A
4208,▁त्वद्,त्वद्,-10.2834,0,ends_with_virama
4213,▁अंस,अंस,-10.2848,1,contains_special_A
4217,भेदात्,भेदात्,-10.2854,2,ends_with_virama
4226,परः,परः,-10.2862,0,contains_special_A
4232,▁संविद,संविद,-10.2868,1,contains_special_A
4233,ैरुप,ैरुप,-10.2869,2,starts_with_dependent_vowel
4234,▁सू,सू,-10.2869,1,simple_cv
4235,योगात्,योगात्,-10.2871,2,ends_with_virama
4236,▁सहस्रसः,सहस्रसः,-10.2871,0,contains_special_A
4241,ास्ता,ास्ता,-10.2879,2,starts_with_dependent_vowel
4244,हु,हु,-10.2888,1,simple_cv
4246,ाभिप्राय,ाभिप्राय,-10.2903,3,starts_with_dependent_vowel
4249,▁सीघ्रं,सीघ्रं,-10.2923,1,contains_special_A
4250,कारणम्,कारणम्,-10.2923,1,ends_with_virama
4252,ोऽभूत्,ोऽभूत्,-10.2926,2,starts_with_dependent_vowel;contains_special_A;ends_with_virama
4253,सतं,सतं,-10.2927,0,contains_special_A
4263,▁दु,दु,-10.2943,1,simple_cv
4275,ामास,ामास,-10.2973,2,starts_with_dependent_vowel
4276,ादित्यर्थः,ादित्यर्थः,-10.2976,2,starts_with_dependent_vowel;contains_special_A
4279,ुत्पन्न,ुत्पन्न,-10.2982,1,starts_with_dependent_vowel
4280,ेदिति,ेदिति,-10.2991,3,starts_with_dependent_vowel
4283,ेऽथ,ेऽथ,-10.2995,1,starts_with_dependent_vowel;contains_special_A
4285,कानां,कानां,-10.3004,2,contains_special_A
4286,व्,व्,-10.3004,0,ends_with_virama
4288,ान्तरेण,ान्तरेण,-10.3007,2,starts_with_dependent_vowel
4290,ाञ्जन,ाञ्जन,-10.3012,1,starts_with_dependent_vowel
4293,िन्य,िन्य,-10.3014,1,starts_with_dependent_vowel
4294,ादिभिर,ादिभिर,-10.3016,3,starts_with_dependent_vowel
4297,ात्मिका,ात्मिका,-10.3022,3,starts_with_dependent_vowel
4300,ेष्य,ेष्य,-10.3025,1,starts_with_dependent_vowel
4304,स्तां,स्तां,-10.3053,1,contains_special_A
4305,ातुर,ातुर,-10.3057,2,starts_with_dependent_vowel
4321,▁मधुसूदनः,मधुसूदनः,-10.3105,2,contains_special_A
4323,▁प्राप्तं,प्राप्तं,-10.3108,1,contains_special_A
4325,ोक्ति,ोक्ति,-10.3109,2,starts_with_dependent_vowel
4329,रौ,रौ,-10.3126,1,simple_cv
4335,▁व्रजेत्,व्रजेत्,-10.3135,1,ends_with_virama
4337,संवृत,संवृत,-10.3136,1,contains_special_A
4340,मयः,मयः,-10.3144,0,contains_special_A
4347,ोऽब्रवीत्,ोऽब्रवीत्,-10.3157,2,starts_with_dependent_vowel;contains_special_A;ends_with_virama
4350,ामर,ामर,-10.316,1,starts_with_dependent_vowel
4352,मर्थं,मर्थं,-10.3162,0,contains_special_A
4362,▁तत्तत्,तत्तत्,-10.3192,0,ends_with_virama
4376,ोषित,ोषित,-10.3222,2,starts_with_dependent_vowel
4380,ान्तक,ान्तक,-10.3231,1,starts_with_dependent_vowel
4382,वस्यं,वस्यं,-10.3234,0,contains_special_A
4386,▁रामं,रामं,-10.3237,1,contains_special_A
4391,▁चक्षुः,चक्षुः,-10.3249,1,contains_special_A
4392,▁संस्कारा,संस्कारा,-10.3251,2,contains_special_A
4396,ोच्च,ोच्च,-10.3266,1,starts_with_dependent_vowel
4398,कार्यं,कार्यं,-10.3267,1,contains_special_A
4400,स्माद्,स्माद्,-10.3274,1,ends_with_virama
4404,▁गृहं,गृहं,-10.3279,1,contains_special_A
4406,ानुग्रह,ानुग्रह,-10.3285,2,starts_with_dependent_vowel
4413,बलं,बलं,-10.3299,0,contains_special_A
4414,ानेन,ानेन,-10.3301,2,starts_with_dependent_vowel
4415,▁रथं,रथं,-10.3301,0,contains_special_A
4420,ार्थस्य,ार्थस्य,-10.3311,1,starts_with_dependent_vowel
4421,ाधर,ाधर,-10.3313,1,starts_with_dependent_vowel
4428,▁ऊचुः,ऊचुः,-10.3338,2,contains_special_A
4431,▁वचनात्,वचनात्,-10.334,1,ends_with_virama
4437,ाक्षी,ाक्षी,-10.3344,2,starts_with_dependent_vowel
4440,▁ब्रह्मन्,ब्रह्मन्,-10.3348,0,ends_with_virama
4445,ार्थाय,ार्थाय,-10.3369,2,starts_with_dependent_vowel
4447,चा,चा,-10.3371,1,simple_cv
4453,ान्नि,ान्नि,-10.3382,2,starts_with_dependent_vowel
4457,▁धर्माणां,धर्माणां,-10.3386,2,contains_special_A
4467,ोग्र,ोग्र,-10.3406,1,starts_with_dependent_vowel
4468,ियं,ियं,-10.3407,1,starts_with_dependent_vowel;contains_special_A
4470,ऽइत्य,ऽइत्य,-10.341,1,contains_special_A
4472,▁वनं,वनं,-10.3414,0,contains_special_A
4479,▁द्विजाः,द्विजाः,-10.342,2,contains_special_A
4482,िणि,िणि,-10.3429,2,starts_with_dependent_vowel
4487,▁वक्तुं,वक्तुं,-10.3439,1,contains_special_A
4489,▁कं,कं,-10.3444,0,contains_special_A
4491,ोपपन्न,ोपपन्न,-10.3445,1,starts_with_dependent_vowel
4493,▁किमर्थं,किमर्थं,-10.3449,1,contains_special_A
4501,ेऽहं,ेऽहं,-10.3474,1,starts_with_dependent_vowel;contains_special_A
4502,िनं,िनं,-10.3478,1,starts_with_dependent_vowel;contains_special_A
4505,▁दिसः,दिसः,-10.3479,1,contains_special_A
4506,वाक्,वाक्,-10.3482,1,ends_with_virama
4509,ावली,ावली,-10.3485,2,starts_with_dependent_vowel
4512,मतः,मतः,-10.3492,0,contains_special_A
4514,▁अन्तः,अन्तः,-10.3493,1,contains_special_A
4516,धौ,धौ,-10.3495,1,simple_cv
4519,▁स्थिताः,स्थिताः,-10.3504,2,contains_special_A
4522,▁सुतः,सुतः,-10.351,1,contains_special_A
4525,धीः,धीः,-10.3514,1,contains_special_A
4526,ोक्ता,ोक्ता,-10.3515,2,starts_with_dependent_vowel
4528,तम्,तम्,-10.3519,0,ends_with_virama
4533,▁कर्तव्यम्,कर्तव्यम्,-10.3526,0,ends_with_virama
4534,ततः,ततः,-10.353,0,contains_special_A
4535,▁कामं,कामं,-10.353,1,contains_special_A
4537,ातप,ातप,-10.3533,1,starts_with_dependent_vowel
4540,ितानि,ितानि,-10.3538,3,starts_with_dependent_vowel
4542,ाह्वय,ाह्वय,-10.3543,1,starts_with_dependent_vowel
4562,▁तस्मान्,तस्मान्,-10.3584,1,ends_with_virama
4564,▁यु,यु,-10.3588,1,simple_cv
4572,ासीद्,ासीद्,-10.3607,2,starts_with_dependent_vowel;ends_with_virama
4576,▁संविद्यते,संविद्यते,-10.3613,2,contains_special_A
4578,ृषि,ृषि,-10.362,2,starts_with_dependent_vowel
4589,ानुगत,ानुगत,-10.3635,2,starts_with_dependent_vowel
4590,गतः,गतः,-10.3639,0,contains_special_A
4593,ाद्रि,ाद्रि,-10.3647,2,starts_with_dependent_vowel
4596,▁इदम्,इदम्,-10.3651,1,ends_with_virama
4599,ीयः,ीयः,-10.3655,1,starts_with_dependent_vowel;contains_special_A
4600,र्थः,र्थः,-10.3656,0,contains_special_A
4601,ोऽति,ोऽति,-10.3658,2,starts_with_dependent_vowel;contains_special_A
4608,▁पितुः,पितुः,-10.3676,2,contains_special_A
4611,वसात्,वसात्,-10.3685,1,ends_with_virama
4616,▁थ,थ,-10.3696,0,simple_cv
4624,▁माम्,माम्,-10.3713,1,ends_with_virama
4631,वन्तः,वन्तः,-10.3724,0,contains_special_A
4634,▁एषां,एषां,-10.3732,2,contains_special_A
4638,ेभ्यस्च,ेभ्यस्च,-10.3735,1,starts_with_dependent_vowel
4641,िकम्,िकम्,-10.3743,1,starts_with_dependent_vowel;ends_with_virama
4644,ायत,ायत,-10.3754,1,starts_with_dependent_vowel
4649,हे,हे,-10.3758,1,simple_cv
4653,ानुबन्ध,ानुबन्ध,-10.3766,2,starts_with_dependent_vowel
4656,▁भोः,भोः,-10.377,1,contains_special_A
4658,ची,ची,-10.3773,1,simple_cv
4665,ीम्,ीम्,-10.3788,1,starts_with_dependent_vowel;ends_with_virama
4668,▁कृष्णं,कृष्णं,-10.38,1,contains_special_A
4669,ाभावः,ाभावः,-10.3803,2,starts_with_dependent_vowel;contains_special_A
4670,▁संयुगे,संयुगे,-10.3806,2,contains_special_A
4674,▁गुणाः,गुणाः,-10.3812,2,contains_special_A
4675,ास्म,ास्म,-10.3813,1,starts_with_dependent_vowel
4676,▁मुनिः,मुनिः,-10.3815,2,contains_special_A
4682,▁पुमान्,पुमान्,-10.3831,2,ends_with_virama
4685,▁दर्सनं,दर्सनं,-10.3833,0,contains_special_A
4688,ादिवत्,ादिवत्,-10.3845,2,starts_with_dependent_vowel;ends_with_virama
4692,▁परतः,परतः,-10.3852,0,contains_special_A
4693,विषयं,विषयं,-10.3853,1,contains_special_A
4694,▁तत्त्वं,तत्त्वं,-10.3854,0,contains_special_A
4708,स्मान्,स्मान्,-10.3881,1,ends_with_virama
4711,▁कर्तव्यः,कर्तव्यः,-10.3884,0,contains_special_A
4712,ाढ्य,ाढ्य,-10.3891,1,starts_with_dependent_vowel
4718,▁मतिः,मतिः,-10.3901,1,contains_special_A
4723,ाम्यहं,ाम्यहं,-10.3913,1,starts_with_dependent_vowel;contains_special_A
4726,▁स्यान्,स्यान्,-10.3916,1,ends_with_virama
4729,▁तेऽपि,तेऽपि,-10.3923,2,contains_special_A
4731,ूत,ूत,-10.3928,1,starts_with_dependent_vowel
4734,ागार,ागार,-10.393,2,starts_with_dependent_vowel
4736,ाभिर,ाभिर,-10.3933,2,starts_with_dependent_vowel
4740,ैति,ैति,-10.3937,2,starts_with_dependent_vowel
4741,ुपदेस,ुपदेस,-10.3939,2,starts_with_dependent_vowel
4743,▁सनैः,सनैः,-10.3941,1,contains_special_A
4745,्यात्,्यात्,-10.3947,1,ends_with_virama
4752,▁उक्तम्,उक्तम्,-10.397,1,ends_with_virama
4753,ाक्रान्त,ाक्रान्त,-10.3972,2,starts_with_dependent_vowel
4759,ाकारं,ाकारं,-10.3981,2,starts_with_dependent_vowel;contains_special_A
4766,▁ताभ्यां,ताभ्यां,-10.3995,2,contains_special_A
4772,▁लक्षणम्,लक्षणम्,-10.4005,0,ends_with_virama
4773,▁अतोऽ,अतोऽ,-10.4006,2,contains_special_A
4774,▁इत्,इत्,-10.4006,1,ends_with_virama
4775,्त्,्त्,-10.4008,0,ends_with_virama
4781,ासनं,ासनं,-10.4013,1,starts_with_dependent_vowel;contains_special_A
4784,▁घोरं,घोरं,-10.4018,1,contains_special_A
4787,▁भगवां,भगवां,-10.4023,1,contains_special_A
4793,▁नराः,नराः,-10.4048,1,contains_special_A
4796,▁दिक्,दिक्,-10.4055,1,ends_with_virama
4799,▁जातः,जातः,-10.4061,1,contains_special_A
4800,▁यथोक्तं,यथोक्तं,-10.4061,1,contains_special_A
4801,▁लोकं,लोकं,-10.4061,1,contains_special_A
4811,ात्पूर्व,ात्पूर्व,-10.4091,2,starts_with_dependent_vowel
4819,राट्,राट्,-10.4114,1,ends_with_virama
4824,वृत्तिः,वृत्तिः,-10.4126,2,contains_special_A
4826,ासी,ासी,-10.4128,2,starts_with_dependent_vowel
4833,▁भद्रं,भद्रं,-10.4138,0,contains_special_A
4834,ीक,ीक,-10.414,1,starts_with_dependent_vowel
4835,ादेक,ादेक,-10.414,2,starts_with_dependent_vowel
4836,संस्थित,संस्थित,-10.4151,1,contains_special_A
4837,▁भेदः,भेदः,-10.4153,1,contains_special_A
4841,ासने,ासने,-10.4158,2,starts_with_dependent_vowel
4846,ाभा,ाभा,-10.4165,2,starts_with_dependent_vowel
4854,ाद्भुत,ाद्भुत,-10.418,2,starts_with_dependent_vowel
4857,▁ताम्,ताम्,-10.4185,1,ends_with_virama
4858,ीये,ीये,-10.4186,2,starts_with_dependent_vowel
4863,दृक्,दृक्,-10.4193,1,ends_with_virama
4866,ास्चर्य,ास्चर्य,-10.4199,1,starts_with_dependent_vowel
4867,्यर्थं,्यर्थं,-10.42,0,contains_special_A
4870,▁द्वाभ्यां,द्वाभ्यां,-10.4204,2,contains_special_A
4874,▁तत्तद्,तत्तद्,-10.4217,0,ends_with_virama
4877,▁ठ,ठ,-10.4221,0,simple_cv
4879,▁गवां,गवां,-10.4224,1,contains_special_A
4880,लंकृत,लंकृत,-10.4226,1,contains_special_A
4881,▁पुत्रः,पुत्रः,-10.4226,1,contains_special_A
4887,ामपि,ामपि,-10.423,2,starts_with_dependent_vowel
4892,ावह,ावह,-10.4239,1,starts_with_dependent_vowel
4893,ानुग,ानुग,-10.4241,2,starts_with_dependent_vowel
4894,ाधान,ाधान,-10.4243,2,starts_with_dependent_vowel
4897,वतः,वतः,-10.4244,0,contains_special_A
4903,जो,जो,-10.4251,1,simple_cv
4906,संख्येय,संख्येय,-10.4258,1,contains_special_A
4909,▁प्रजापतिः,प्रजापतिः,-10.4267,2,contains_special_A
4913,ोपचार,ोपचार,-10.4274,2,starts_with_dependent_vowel
4915,▁पे,पे,-10.4278,1,simple_cv
4917,ादिरूप,ादिरूप,-10.4281,3,starts_with_dependent_vowel
4921,▁येऽ,येऽ,-10.4291,1,contains_special_A
4922,▁स्त्रियः,स्त्रियः,-10.4291,1,contains_special_A
4925,▁बृहत्,बृहत्,-10.4301,1,ends_with_virama
4927,युक्तम्,युक्तम्,-10.4307,1,ends_with_virama
4931,भृ,भृ,-10.4318,1,simple_cv
4932,▁द्रष्टुं,द्रष्टुं,-10.4318,1,contains_special_A
4933,विसेषः,विसेषः,-10.4318,2,contains_special_A
4934,ेन्न,ेन्न,-10.4319,1,starts_with_dependent_vowel
4942,▁द्वितीयः,द्वितीयः,-10.433,2,contains_special_A
4946,ाचर,ाचर,-10.4338,1,starts_with_dependent_vowel
4947,ार्थेन,ार्थेन,-10.4341,2,starts_with_dependent_vowel
4950,ात्यन्त,ात्यन्त,-10.4345,1,starts_with_dependent_vowel
4959,प्रतिसंयुक्त,प्रतिसंयुक्त,-10.437,2,contains_special_A
4964,▁इत्युक्तम्,इत्युक्तम्,-10.4379,2,ends_with_virama
4965,ानीक,ानीक,-10.4382,2,starts_with_dependent_vowel
4974,ृण,ृण,-10.439,1,starts_with_dependent_vowel
4976,▁दृष्टः,दृष्टः,-10.4397,1,contains_special_A
4982,ाकाङ्क्ष,ाकाङ्क्ष,-10.4405,2,starts_with_dependent_vowel
4984,▁स्त्रीणां,स्त्रीणां,-10.4406,2,contains_special_A
4985,ुदक,ुदक,-10.4406,1,starts_with_dependent_vowel
4988,ीन्द्रिय,ीन्द्रिय,-10.4415,2,starts_with_dependent_vowel
4996,▁सत्त्वं,सत्त्वं,-10.4426,0,contains_special_A
4997,▁पृथिव्यां,पृथिव्यां,-10.4426,3,contains_special_A
4998,▁द्विजः,द्विजः,-10.4426,1,contains_special_A
4999,पुंगव,पुंगव,-10.4426,1,contains_special_A
5000,ानन्तर,ानन्तर,-10.4427,1,starts_with_dependent_vowel
5005,ीह,ीह,-10.4432,1,starts_with_dependent_vowel
5007,ाख्यान,ाख्यान,-10.4436,2,starts_with_dependent_vowel
5016,चिद्,चिद्,-10.4462,1,ends_with_virama
5018,ोद्यत,ोद्यत,-10.4464,1,starts_with_dependent_vowel
5020,ान्तर्,ान्तर्,-10.4467,1,starts_with_dependent_vowel;ends_with_virama
5021,▁जनः,जनः,-10.4468,0,contains_special_A
5022,ध्वंस,ध्वंस,-10.4469,0,contains_special_A
5025,▁प्रत्यक्षं,प्रत्यक्षं,-10.4472,0,contains_special_A
5041,▁सुखम्,सुखम्,-10.4503,1,ends_with_virama
5044,▁परस्परम्,परस्परम्,-10.4512,0,ends_with_virama
5046,ैकत्व,ैकत्व,-10.4514,1,starts_with_dependent_vowel
5048,मुखं,मुखं,-10.4521,1,contains_special_A
5050,▁केचिद्,केचिद्,-10.4525,2,ends_with_virama
5055,ब्रवीत्,ब्रवीत्,-10.4532,1,ends_with_virama
5058,ूक,ूक,-10.4537,1,starts_with_dependent_vowel
5060,टा,टा,-10.4539,1,simple_cv
5070,ङि,ङि,-10.4555,1,simple_cv
5071,▁संज्ञ,संज्ञ,-10.4556,0,contains_special_A
5073,ूर्ध्व,ूर्ध्व,-10.4557,1,starts_with_dependent_vowel
5080,पुनर्,पुनर्,-10.4575,1,ends_with_virama
5086,पुरं,पुरं,-10.4584,1,contains_special_A
5089,ानुत्पाद,ानुत्पाद,-10.4588,3,starts_with_dependent_vowel
5090,ेदम,ेदम,-10.4589,1,starts_with_dependent_vowel
5094,▁सम्यक्संबोधौ,सम्यक्संबोधौ,-10.4597,2,contains_special_A
5099,ोपासन,ोपासन,-10.4609,2,starts_with_dependent_vowel
5101,ासीन,ासीन,-10.4615,2,starts_with_dependent_vowel
5106,ानुज,ानुज,-10.4623,2,starts_with_dependent_vowel
5109,▁मतम्,मतम्,-10.4627,0,ends_with_virama
5111,समं,समं,-10.4628,0,contains_special_A
5112,ैरिति,ैरिति,-10.4629,3,starts_with_dependent_vowel
5113,नौ,नौ,-10.463,1,simple_cv
5116,ेनेव,ेनेव,-10.4644,2,starts_with_dependent_vowel
5120,ोपेत,ोपेत,-10.4646,2,starts_with_dependent_vowel
5121,भो,भो,-10.4646,1,simple_cv
5125,ुपरि,ुपरि,-10.4652,2,starts_with_dependent_vowel
5130,▁सर्गः,सर्गः,-10.4659,0,contains_special_A
5133,धरः,धरः,-10.4667,0,contains_special_A
5134,रित्यर्थः,रित्यर्थः,-10.4667,1,contains_special_A
5136,ात्मान,ात्मान,-10.4669,2,starts_with_dependent_vowel
5140,▁मेऽ,मेऽ,-10.4673,1,contains_special_A
5141,करणं,करणं,-10.4673,0,contains_special_A
5150,ानामिति,ानामिति,-10.4682,4,starts_with_dependent_vowel
5155,ाञ्जलि,ाञ्जलि,-10.4691,2,starts_with_dependent_vowel
5165,▁चरेत्,चरेत्,-10.4709,1,ends_with_virama
5170,िरिति,िरिति,-10.4717,3,starts_with_dependent_vowel
5176,ोत्कर्ष,ोत्कर्ष,-10.4726,1,starts_with_dependent_vowel
5179,ारब्ध,ारब्ध,-10.4731,1,starts_with_dependent_vowel
5180,▁परां,परां,-10.4731,1,contains_special_A
5181,▁स्वभावः,स्वभावः,-10.4732,1,contains_special_A
5184,वरं,वरं,-10.475,0,contains_special_A
5187,▁पृ,पृ,-10.4754,1,simple_cv
5190,▁जुहुयात्,जुहुयात्,-10.4757,3,ends_with_virama
5194,्यताम्,्यताम्,-10.4767,1,ends_with_virama
5195,▁ग्रहणं,ग्रहणं,-10.4767,0,contains_special_A
5196,ावुभौ,ावुभौ,-10.4778,3,starts_with_dependent_vowel
5197,▁गतिं,गतिं,-10.4779,1,contains_special_A
5201,ात्मानम,ात्मानम,-10.4787,2,starts_with_dependent_vowel
5205,▁युद्धं,युद्धं,-10.4799,1,contains_special_A
5207,ैल,ैल,-10.4801,1,starts_with_dependent_vowel
5220,▁स्युर्,स्युर्,-10.4834,1,ends_with_virama
5226,ऽपि,ऽपि,-10.4846,1,contains_special_A
5229,पतिर्,पतिर्,-10.485,1,ends_with_virama
5232,ाकारा,ाकारा,-10.4854,3,starts_with_dependent_vowel
5233,दुः,दुः,-10.4854,1,contains_special_A
5234,▁भवितव्यम्,भवितव्यम्,-10.4857,1,ends_with_virama
5237,संपद,संपद,-10.4864,0,contains_special_A
5238,▁स्वर्गं,स्वर्गं,-10.4867,0,contains_special_A
5240,गतिः,गतिः,-10.4871,1,contains_special_A
5243,जम्,जम्,-10.4877,0,ends_with_virama
5248,मनः,मनः,-10.4883,0,contains_special_A
5251,▁पृथिवीं,पृथिवीं,-10.4885,3,contains_special_A
5253,▁ज्ञेयं,ज्ञेयं,-10.4886,1,contains_special_A
5255,सिद्धेः,सिद्धेः,-10.4895,2,contains_special_A
5257,▁संग्रह,संग्रह,-10.4901,0,contains_special_A
5260,संस्थ,संस्थ,-10.4903,0,contains_special_A
5261,▁सुभम्,सुभम्,-10.4905,1,ends_with_virama
5264,▁स्वरूपं,स्वरूपं,-10.4907,1,contains_special_A
5265,ोपकार,ोपकार,-10.4908,2,starts_with_dependent_vowel
5266,ानर्थ,ानर्थ,-10.491,1,starts_with_dependent_vowel
5267,न्तीं,न्तीं,-10.491,1,contains_special_A
5270,विंसति,विंसति,-10.4916,2,contains_special_A
5271,लम्,लम्,-10.4918,0,ends_with_virama
5274,व्यं,व्यं,-10.4923,0,contains_special_A
5275,▁कतमः,कतमः,-10.4925,0,contains_special_A
5280,▁समाचरेत्,समाचरेत्,-10.4935,2,ends_with_virama
5286,ादीनाम्,ादीनाम्,-10.4943,3,starts_with_dependent_vowel;ends_with_virama
5287,ूह,ूह,-10.4946,1,starts_with_dependent_vowel
5289,ानुष्ठान,ानुष्ठान,-10.495,3,starts_with_dependent_vowel
5298,▁वीर्यं,वीर्यं,-10.4976,1,contains_special_A
5300,▁निस्,निस्,-10.498,1,ends_with_virama
5303,ाङ्गी,ाङ्गी,-10.4983,2,starts_with_dependent_vowel
5305,ार्थत्व,ार्थत्व,-10.4985,1,starts_with_dependent_vowel
5309,▁वाचं,वाचं,-10.4989,1,contains_special_A
5310,चेतसः,चेतसः,-10.4992,1,contains_special_A
5312,ोपलम्भ,ोपलम्भ,-10.4995,1,starts_with_dependent_vowel
5317,▁हिंस,हिंस,-10.5003,1,contains_special_A
5318,ोज्ज्वल,ोज्ज्वल,-10.5006,1,starts_with_dependent_vowel
5320,ाभिर्,ाभिर्,-10.5006,2,starts_with_dependent_vowel;ends_with_virama
5321,▁सर्वाः,सर्वाः,-10.5008,1,contains_special_A
5323,विंस,विंस,-10.501,1,contains_special_A
5329,▁वक्तव्यं,वक्तव्यं,-10.5021,0,contains_special_A
5331,स्तन्,स्तन्,-10.5022,0,ends_with_virama
5334,▁पतिः,पतिः,-10.5026,1,contains_special_A
5335,ात्मजः,ात्मजः,-10.5028,1,starts_with_dependent_vowel;contains_special_A
5337,▁ऊर्ध्वं,ऊर्ध्वं,-10.503,1,contains_special_A
5338,▁दद्याद्,दद्याद्,-10.503,1,ends_with_virama
5339,वृत्तं,वृत्तं,-10.5032,1,contains_special_A
5340,ेच्च,ेच्च,-10.5035,1,starts_with_dependent_vowel
5342,ापह,ापह,-10.5041,1,starts_with_dependent_vowel
5345,ज्ञानम्,ज्ञानम्,-10.5047,1,ends_with_virama
5346,ीनाम्,ीनाम्,-10.5047,2,starts_with_dependent_vowel;ends_with_virama
5351,ोपलब्धि,ोपलब्धि,-10.5054,2,starts_with_dependent_vowel
5353,ैत्य,ैत्य,-10.5057,1,starts_with_dependent_vowel
5354,▁संध्या,संध्या,-10.506,1,contains_special_A
5358,▁सतां,सतां,-10.5062,1,contains_special_A
5359,भवद्,भवद्,-10.5062,0,ends_with_virama
5360,ाप्नोति,ाप्नोति,-10.5063,3,starts_with_dependent_vowel
5362,ाभिमत,ाभिमत,-10.5068,2,starts_with_dependent_vowel
5363,▁ऽपि,ऽपि,-10.5069,1,contains_special_A
5364,निः,निः,-10.507,1,contains_special_A
5365,स्माकं,स्माकं,-10.5071,1,contains_special_A
5369,▁भृसं,भृसं,-10.5075,1,contains_special_A
5370,ामिव,ामिव,-10.5076,2,starts_with_dependent_vowel
5375,ांस्चैव,ांस्चैव,-10.5089,2,starts_with_dependent_vowel;contains_special_A
5376,▁विसां,विसां,-10.5093,2,contains_special_A
5378,हन्,हन्,-10.5099,0,ends_with_virama
5381,ानिव,ानिव,-10.5107,2,starts_with_dependent_vowel
5384,▁संयुक्त,संयुक्त,-10.5109,1,contains_special_A
5385,संकास,संकास,-10.511,1,contains_special_A
5386,ोपसंहार,ोपसंहार,-10.5111,2,starts_with_dependent_vowel;contains_special_A
5388,▁युधिष्ठिरः,युधिष्ठिरः,-10.5113,3,contains_special_A
5400,▁उक्तः,उक्तः,-10.513,1,contains_special_A
5404,▁रि,रि,-10.5142,1,simple_cv
5407,▁सहस्रं,सहस्रं,-10.5148,0,contains_special_A
5411,ास्तत्र,ास्तत्र,-10.5153,1,starts_with_dependent_vowel
5413,ापन,ापन,-10.5158,1,starts_with_dependent_vowel
5414,ाधिपति,ाधिपति,-10.5158,3,starts_with_dependent_vowel
5418,ाविष्ट,ाविष्ट,-10.5168,2,starts_with_dependent_vowel
5421,द्वयम्,द्वयम्,-10.5171,0,ends_with_virama
5425,▁गतिम्,गतिम्,-10.5176,1,ends_with_virama
5426,ेऽति,ेऽति,-10.5178,2,starts_with_dependent_vowel;contains_special_A
5427,ायत्त,ायत्त,-10.5178,1,starts_with_dependent_vowel
5432,कामः,कामः,-10.5183,1,contains_special_A
5445,▁जगतः,जगतः,-10.5198,0,contains_special_A
5447,ाद्याः,ाद्याः,-10.52,2,starts_with_dependent_vowel;contains_special_A
5448,तमः,तमः,-10.52,0,contains_special_A
5450,ुष्ण,ुष्ण,-10.5205,1,starts_with_dependent_vowel
5452,परम्,परम्,-10.5207,0,ends_with_virama
5454,▁कालः,कालः,-10.521,1,contains_special_A
5456,ाण्ड,ाण्ड,-10.5214,1,starts_with_dependent_vowel
5458,▁स्थितिः,स्थितिः,-10.5218,2,contains_special_A
5468,▁कर्मणः,कर्मणः,-10.5232,0,contains_special_A
5471,▁भृ,भृ,-10.5237,1,simple_cv
5478,ैर्य,ैर्य,-10.5247,1,starts_with_dependent_vowel
5485,दोषः,दोषः,-10.526,1,contains_special_A
5488,▁त्वम्,त्वम्,-10.5267,0,ends_with_virama
5505,ीयत,ीयत,-10.5289,1,starts_with_dependent_vowel
5512,ंग,ंग,-10.5298,0,contains_special_A
5513,▁बि,बि,-10.5299,1,simple_cv
5514,ागतः,ागतः,-10.5303,1,starts_with_dependent_vowel;contains_special_A
5520,ाङ्गं,ाङ्गं,-10.5309,1,starts_with_dependent_vowel;contains_special_A
5524,▁पुरं,पुरं,-10.5323,1,contains_special_A
5525,ेत्यादिना,ेत्यादिना,-10.5324,4,starts_with_dependent_vowel
5526,▁फ,फ,-10.5328,0,simple_cv
5527,ादिष्व,ादिष्व,-10.5329,2,starts_with_dependent_vowel
5528,ानिति,ानिति,-10.5331,3,starts_with_dependent_vowel
5529,▁पितुर्,पितुर्,-10.5333,2,ends_with_virama
5530,▁संग्राम,संग्राम,-10.5336,1,contains_special_A
5547,▁लिङ्गं,लिङ्गं,-10.5354,1,contains_special_A
5548,संयुक्तं,संयुक्तं,-10.5356,1,contains_special_A
5552,▁समाहितः,समाहितः,-10.5359,2,contains_special_A
5557,वतां,वतां,-10.5364,1,contains_special_A
5559,संस,संस,-10.5366,0,contains_special_A
5561,धु,धु,-10.5367,1,simple_cv
5562,ात्मकः,ात्मकः,-10.5367,1,starts_with_dependent_vowel;contains_special_A
5567,ाभावाद,ाभावाद,-10.5384,3,starts_with_dependent_vowel
5569,टी,टी,-10.5384,1,simple_cv
5570,ोद्देस,ोद्देस,-10.5384,2,starts_with_dependent_vowel
5572,ात्तद,ात्तद,-10.5385,1,starts_with_dependent_vowel
5573,वतीं,वतीं,-10.5389,1,contains_special_A
5577,ानुपलम्भ,ानुपलम्भ,-10.5398,2,starts_with_dependent_vowel
5581,▁सोऽयं,सोऽयं,-10.5405,1,contains_special_A
5588,ोत्साह,ोत्साह,-10.5418,2,starts_with_dependent_vowel
5589,ुदाहरण,ुदाहरण,-10.5418,2,starts_with_dependent_vowel
5594,ान्या,ान्या,-10.5426,2,starts_with_dependent_vowel
5596,जित्,जित्,-10.543,1,ends_with_virama
5597,ानुरूप,ानुरूप,-10.5433,3,starts_with_dependent_vowel
5601,ैकं,ैकं,-10.5445,1,starts_with_dependent_vowel;contains_special_A
5602,ास्त्व,ास्त्व,-10.5445,1,starts_with_dependent_vowel
5609,ीयम्,ीयम्,-10.5457,1,starts_with_dependent_vowel;ends_with_virama
5610,ातिरिक्त,ातिरिक्त,-10.5459,3,starts_with_dependent_vowel
5611,ादर,ादर,-10.546,1,starts_with_dependent_vowel
5616,ामात्य,ामात्य,-10.5464,2,starts_with_dependent_vowel
5617,ायुर्,ायुर्,-10.5465,2,starts_with_dependent_vowel;ends_with_virama
5620,▁चतुः,चतुः,-10.547,1,contains_special_A
5622,▁प्रतापवान्,प्रतापवान्,-10.5472,2,ends_with_virama
5624,▁कुसलं,कुसलं,-10.548,1,contains_special_A
5630,सुखं,सुखं,-10.549,1,contains_special_A
5633,▁द्वात्रिंस,द्वात्रिंस,-10.5494,2,contains_special_A
5635,▁धनुर्,धनुर्,-10.5497,1,ends_with_virama
5639,ासक्त,ासक्त,-10.5502,1,starts_with_dependent_vowel
5640,▁देवीं,देवीं,-10.5504,2,contains_special_A
5642,ादुप,ादुप,-10.5504,2,starts_with_dependent_vowel
5643,ऽऽ,ऽऽ,-10.5509,0,contains_special_A
5644,ात्मभाव,ात्मभाव,-10.5509,2,starts_with_dependent_vowel
5648,योऽ,योऽ,-10.5513,1,contains_special_A
5653,▁तू,तू,-10.5523,1,simple_cv
5659,▁परिच्छेदः,परिच्छेदः,-10.5531,2,contains_special_A
5665,भ्याम्,भ्याम्,-10.554,1,ends_with_virama
5669,भे,भे,-10.5545,1,simple_cv
5672,विसेषात्,विसेषात्,-10.555,3,ends_with_virama
5674,स्चेत्,स्चेत्,-10.5554,1,ends_with_virama
5676,ावस्थित,ावस्थित,-10.5557,2,starts_with_dependent_vowel
5680,▁संवाद,संवाद,-10.5567,1,contains_special_A
5681,तयः,तयः,-10.5571,0,contains_special_A
5683,ारोह,ारोह,-10.5574,2,starts_with_dependent_vowel
5686,रूपः,रूपः,-10.5578,1,contains_special_A
5689,ित्वं,ित्वं,-10.5583,1,starts_with_dependent_vowel;contains_special_A
5693,▁ध्रुवम्,ध्रुवम्,-10.5587,1,ends_with_virama
5695,लोपः,लोपः,-10.5589,1,contains_special_A
5703,हेतोः,हेतोः,-10.5599,2,contains_special_A
5706,ोदन,ोदन,-10.5604,1,starts_with_dependent_vowel
5707,ाखिल,ाखिल,-10.561,2,starts_with_dependent_vowel
5708,ोपभोग,ोपभोग,-10.5616,2,starts_with_dependent_vowel
5711,मिदम्,मिदम्,-10.5622,1,ends_with_virama
5715,पो,पो,-10.5627,1,simple_cv
5717,त्रयम्,त्रयम्,-10.563,0,ends_with_virama
5718,कृद्,कृद्,-10.5631,1,ends_with_virama
5724,ेकदेस,ेकदेस,-10.5636,2,starts_with_dependent_vowel
5725,ोऽभ्य,ोऽभ्य,-10.5637,1,starts_with_dependent_vowel;contains_special_A
5727,ासां,ासां,-10.5641,2,starts_with_dependent_vowel;contains_special_A
5729,ादिसब्द,ादिसब्द,-10.5645,2,starts_with_dependent_vowel
5731,ाक्षि,ाक्षि,-10.5649,2,starts_with_dependent_vowel
5734,न्तम्,न्तम्,-10.565,0,ends_with_virama
5737,▁विष्णुर्,विष्णुर्,-10.5659,2,ends_with_virama
5739,ाधम,ाधम,-10.5663,1,starts_with_dependent_vowel
5741,▁झ,झ,-10.5665,0,simple_cv
5742,▁उन्,उन्,-10.5665,1,ends_with_virama
5747,ासः,ासः,-10.5672,1,starts_with_dependent_vowel;contains_special_A
5750,जाः,जाः,-10.5687,1,contains_special_A
5755,ुक्तम्,ुक्तम्,-10.5692,1,starts_with_dependent_vowel;ends_with_virama
5762,प्रत्ययः,प्रत्ययः,-10.5704,0,contains_special_A
5765,िदम्,िदम्,-10.5714,1,starts_with_dependent_vowel;ends_with_virama
5766,संकल्प,संकल्प,-10.5715,0,contains_special_A
5768,ोत्थित,ोत्थित,-10.5716,2,starts_with_dependent_vowel
5778,ानामेव,ानामेव,-10.5723,3,starts_with_dependent_vowel
5788,▁मह्यं,मह्यं,-10.5735,0,contains_special_A
5791,ाली,ाली,-10.5747,2,starts_with_dependent_vowel
5795,▁मूलं,मूलं,-10.5751,1,contains_special_A
5796,विरोधः,विरोधः,-10.5752,2,contains_special_A
5801,संस्पर्स,संस्पर्स,-10.5755,0,contains_special_A
5802,▁जीवितं,जीवितं,-10.5762,2,contains_special_A
5803,षे,षे,-10.5766,1,simple_cv
5806,दंष्ट्र,दंष्ट्र,-10.5773,0,contains_special_A
5811,ावेस,ावेस,-10.5779,2,starts_with_dependent_vowel
5813,फलम्,फलम्,-10.5784,0,ends_with_virama
5814,ितैः,ितैः,-10.5785,2,starts_with_dependent_vowel;contains_special_A
5815,्यतां,्यतां,-10.5787,1,contains_special_A
5819,ीभाव,ीभाव,-10.5795,2,starts_with_dependent_vowel
5821,▁बुद्धिः,बुद्धिः,-10.5795,2,contains_special_A
5823,▁ऽस,ऽस,-10.5796,0,contains_special_A
5827,ाभवत्,ाभवत्,-10.5797,1,starts_with_dependent_vowel;ends_with_virama
5829,ान्प्रति,ान्प्रति,-10.58,2,starts_with_dependent_vowel
5835,▁कृष्णः,कृष्णः,-10.5819,1,contains_special_A
5840,▁बहिः,बहिः,-10.5826,1,contains_special_A
5841,▁पयः,पयः,-10.5828,0,contains_special_A
5845,लक्षणः,लक्षणः,-10.584,0,contains_special_A
5846,मलं,मलं,-10.5841,0,contains_special_A
5852,ार्ति,ार्ति,-10.5845,2,starts_with_dependent_vowel
5854,▁यदिदं,यदिदं,-10.5846,1,contains_special_A
5868,ात्मकम्,ात्मकम्,-10.5868,1,starts_with_dependent_vowel;ends_with_virama
5871,भाक्,भाक्,-10.5875,1,ends_with_virama
5873,ुस्च,ुस्च,-10.5878,1,starts_with_dependent_vowel
5875,▁द्रव्यं,द्रव्यं,-10.5886,0,contains_special_A
5876,वन्तं,वन्तं,-10.5887,0,contains_special_A
5878,वचनात्,वचनात्,-10.5895,1,ends_with_virama
5879,▁दिवं,दिवं,-10.5898,1,contains_special_A
5883,साम्,साम्,-10.5902,1,ends_with_virama
5884,ोरग,ोरग,-10.5903,1,starts_with_dependent_vowel
5887,ोद्यान,ोद्यान,-10.5907,2,starts_with_dependent_vowel
5888,ोर्ऽथ,ोर्ऽथ,-10.5907,1,starts_with_dependent_vowel;contains_special_A
5890,थो,थो,-10.5909,1,simple_cv
5896,ाच्,ाच्,-10.5921,1,starts_with_dependent_vowel;ends_with_virama
5898,माप्नुयात्,माप्नुयात्,-10.5925,3,ends_with_virama
5899,माचरेत्,माचरेत्,-10.5928,2,ends_with_virama
5902,ोपकरण,ोपकरण,-10.5938,1,starts_with_dependent_vowel
5910,धिकं,धिकं,-10.5948,1,contains_special_A
5911,यतः,यतः,-10.5954,0,contains_special_A
5913,▁भगवत्,भगवत्,-10.5956,0,ends_with_virama
5916,ानुपपत्तेः,ानुपपत्तेः,-10.5957,3,starts_with_dependent_vowel;contains_special_A
5920,ीनि,ीनि,-10.5962,2,starts_with_dependent_vowel
5922,भवन्,भवन्,-10.5965,0,ends_with_virama
5926,ही,ही,-10.5974,1,simple_cv
5933,ुपाधि,ुपाधि,-10.5984,3,starts_with_dependent_vowel
5934,▁मनस्,मनस्,-10.5984,0,ends_with_virama
5938,ानन्तर्य,ानन्तर्य,-10.5987,1,starts_with_dependent_vowel
5940,ेत्युक्त,ेत्युक्त,-10.5988,2,starts_with_dependent_vowel
5947,ीत्,ीत्,-10.5993,1,starts_with_dependent_vowel;ends_with_virama
5956,ाहुति,ाहुति,-10.6008,3,starts_with_dependent_vowel
5966,ाभ्युपगम,ाभ्युपगम,-10.6025,2,starts_with_dependent_vowel
5967,यि,यि,-10.6032,1,simple_cv
5968,▁यस्माद्,यस्माद्,-10.6036,1,ends_with_virama
5975,▁संग्रामे,संग्रामे,-10.6057,2,contains_special_A
5977,सम्भवात्,सम्भवात्,-10.6062,1,ends_with_virama
5979,पुत्रः,पुत्रः,-10.6062,1,contains_special_A
5981,स्तस्मात्,स्तस्मात्,-10.6071,1,ends_with_virama
5984,▁ध्रुवं,ध्रुवं,-10.6073,1,contains_special_A
5988,ोपलभ्यते,ोपलभ्यते,-10.6074,2,starts_with_dependent_vowel
5990,ुदाहृत,ुदाहृत,-10.6074,3,starts_with_dependent_vowel
5992,स्थः,स्थः,-10.6085,0,contains_special_A
5999,ावकास,ावकास,-10.6097,2,starts_with_dependent_vowel
6006,ार्थी,ार्थी,-10.6102,2,starts_with_dependent_vowel
6008,ावगम,ावगम,-10.6106,1,starts_with_dependent_vowel
6015,▁सूत्रं,सूत्रं,-10.6114,1,contains_special_A
6017,योगः,योगः,-10.6116,1,contains_special_A
6021,बीजं,बीजं,-10.612,1,contains_special_A
6025,▁पुं,पुं,-10.6122,1,contains_special_A
6030,▁ध्यानं,ध्यानं,-10.6125,1,contains_special_A
6035,▁कोऽपि,कोऽपि,-10.6135,2,contains_special_A
6038,ापराध,ापराध,-10.6145,2,starts_with_dependent_vowel
6042,ान्वितः,ान्वितः,-10.6152,2,starts_with_dependent_vowel;contains_special_A
6045,ाराधन,ाराधन,-10.6158,2,starts_with_dependent_vowel
6047,ाहित,ाहित,-10.6163,2,starts_with_dependent_vowel
6051,▁योऽसौ,योऽसौ,-10.6168,2,contains_special_A
6055,हंस,हंस,-10.6177,0,contains_special_A
6056,▁पूजां,पूजां,-10.6178,2,contains_special_A
6057,ाह्न,ाह्न,-10.618,1,starts_with_dependent_vowel
6064,▁संप्रति,संप्रति,-10.6184,1,contains_special_A
6065,संघात,संघात,-10.6186,1,contains_special_A
6067,▁किम्कारणम्,किम्कारणम्,-10.6189,2,ends_with_virama
6070,▁वपुः,वपुः,-10.6193,1,contains_special_A
6073,▁स्रीधरः,स्रीधरः,-10.6199,1,contains_special_A
6088,▁साक्षाद्,साक्षाद्,-10.6228,2,ends_with_virama
6090,▁धनंजय,धनंजय,-10.624,0,contains_special_A
6106,▁वे,वे,-10.6259,1,simple_cv
6109,▁सर्वभूतानां,सर्वभूतानां,-10.6267,3,contains_special_A
6111,ानृत,ानृत,-10.6269,2,starts_with_dependent_vowel
6114,▁प्रमाणम्,प्रमाणम्,-10.628,1,ends_with_virama
6118,गात्,गात्,-10.6287,1,ends_with_virama
6120,िर्न,िर्न,-10.6289,1,starts_with_dependent_vowel
6123,▁यौ,यौ,-10.6294,1,simple_cv
6124,िष्ये,िष्ये,-10.6295,2,starts_with_dependent_vowel
6126,स्तान्,स्तान्,-10.6302,1,ends_with_virama
6129,ीत्य,ीत्य,-10.6306,1,starts_with_dependent_vowel
6136,ाब्ज,ाब्ज,-10.6318,1,starts_with_dependent_vowel
6141,▁धीमतः,धीमतः,-10.6325,1,contains_special_A
6143,▁रे,रे,-10.6328,1,simple_cv
6144,सत्यं,सत्यं,-10.6329,0,contains_special_A
6145,▁सिद्धं,सिद्धं,-10.633,1,contains_special_A
6147,ावधि,ावधि,-10.6331,2,starts_with_dependent_vowel
6148,ानुपलब्धि,ानुपलब्धि,-10.6332,3,starts_with_dependent_vowel
6152,न्यत्,न्यत्,-10.6334,0,ends_with_virama
6160,ागमन,ागमन,-10.6346,1,starts_with_dependent_vowel
6163,▁तुभ्यं,तुभ्यं,-10.6349,1,contains_special_A
6168,▁बलदेवः,बलदेवः,-10.6354,1,contains_special_A
6170,ोष,ोष,-10.6357,1,starts_with_dependent_vowel
6171,ीयन्ते,ीयन्ते,-10.6357,2,starts_with_dependent_vowel
6174,ैषां,ैषां,-10.6362,2,starts_with_dependent_vowel;contains_special_A
6178,▁देयं,देयं,-10.6368,1,contains_special_A
6188,बि,बि,-10.6378,1,simple_cv
6190,▁एकः,एकः,-10.638,1,contains_special_A
6193,▁आसीत्,आसीत्,-10.6389,2,ends_with_virama
6196,▁तमः,तमः,-10.6395,0,contains_special_A
6200,▁स्रुतम्,स्रुतम्,-10.64,1,ends_with_virama
6204,ार्चन,ार्चन,-10.6408,1,starts_with_dependent_vowel
6207,ान्सर्व,ान्सर्व,-10.6413,1,starts_with_dependent_vowel
6208,ाग्नेय,ाग्नेय,-10.6414,2,starts_with_dependent_vowel
6210,ोऽप,ोऽप,-10.6417,1,starts_with_dependent_vowel;contains_special_A
6213,▁विस्वनाथः,विस्वनाथः,-10.6419,2,contains_special_A
6215,ास्थि,ास्थि,-10.6421,2,starts_with_dependent_vowel
6220,▁दर्सनात्,दर्सनात्,-10.6427,1,ends_with_virama
6223,युतं,युतं,-10.6437,1,contains_special_A
6224,त्यर्थं,त्यर्थं,-10.6437,0,contains_special_A
6227,ुम,ुम,-10.6438,1,starts_with_dependent_vowel
6229,ास्रया,ास्रया,-10.644,2,starts_with_dependent_vowel
6237,मृ,मृ,-10.6443,1,simple_cv
6240,▁हरेः,हरेः,-10.6449,1,contains_special_A
6244,ोपलब्ध,ोपलब्ध,-10.6459,1,starts_with_dependent_vowel
6251,षट्,षट्,-10.6468,0,ends_with_virama
6256,ुच्च,ुच्च,-10.6478,1,starts_with_dependent_vowel
6260,ाभावेन,ाभावेन,-10.6487,3,starts_with_dependent_vowel
6263,▁रूपम्,रूपम्,-10.649,1,ends_with_virama
6266,ासन्न,ासन्न,-10.6493,1,starts_with_dependent_vowel
6269,नुत्तरां,नुत्तरां,-10.6498,2,contains_special_A
6271,ान्यत्र,ान्यत्र,-10.65,1,starts_with_dependent_vowel
6275,▁देवताः,देवताः,-10.651,2,contains_special_A
6282,स्थितः,स्थितः,-10.6524,1,contains_special_A
6286,िने,िने,-10.6529,2,starts_with_dependent_vowel
6288,▁मतः,मतः,-10.6531,0,contains_special_A
6292,ुदय,ुदय,-10.6542,1,starts_with_dependent_vowel
6293,▁विष्णोः,विष्णोः,-10.6546,2,contains_special_A
6297,▁सुचिः,सुचिः,-10.655,2,contains_special_A
6302,माहुः,माहुः,-10.6557,2,contains_special_A
6303,▁लोकानां,लोकानां,-10.6558,3,contains_special_A
6306,▁बुद्धिर्,बुद्धिर्,-10.6566,2,ends_with_virama
6310,ाहृत,ाहृत,-10.6568,2,starts_with_dependent_vowel
6311,▁नायं,नायं,-10.657,1,contains_special_A
6314,▁सोऽहं,सोऽहं,-10.6572,1,contains_special_A
6316,▁कर्मणां,कर्मणां,-10.6573,1,contains_special_A
6317,▁मरणं,मरणं,-10.6573,0,contains_special_A
6324,ादिकम्,ादिकम्,-10.658,2,starts_with_dependent_vowel;ends_with_virama
6326,ोत्तरं,ोत्तरं,-10.6582,1,starts_with_dependent_vowel;contains_special_A
6327,ान्महा,ान्महा,-10.6585,2,starts_with_dependent_vowel
6331,ालंकार,ालंकार,-10.6591,2,starts_with_dependent_vowel;contains_special_A
6341,युक्तः,युक्तः,-10.6615,1,contains_special_A
6345,संनिभ,संनिभ,-10.662,1,contains_special_A
6348,▁बोधिसत्त्वः,बोधिसत्त्वः,-10.6629,2,contains_special_A
6353,ोपमान,ोपमान,-10.6633,2,starts_with_dependent_vowel
6356,भावं,भावं,-10.6635,1,contains_special_A
6357,▁दुष्,दुष्,-10.6635,1,ends_with_virama
6358,ाम्ल,ाम्ल,-10.6636,1,starts_with_dependent_vowel
6359,ाग्निना,ाग्निना,-10.6636,3,starts_with_dependent_vowel
6362,▁परंतप,परंतप,-10.6638,0,contains_special_A
6368,▁स्वतः,स्वतः,-10.6645,0,contains_special_A
6375,ात्स्व,ात्स्व,-10.6655,1,starts_with_dependent_vowel
6389,▁प्रयोगः,प्रयोगः,-10.6681,1,contains_special_A
6394,झ,झ,-10.6688,0,simple_cv
6397,ज्ञः,ज्ञः,-10.6693,0,contains_special_A
6399,ासङ्का,ासङ्का,-10.6693,2,starts_with_dependent_vowel
6405,बु,बु,-10.6704,1,simple_cv
6406,ादृते,ादृते,-10.6707,3,starts_with_dependent_vowel
6407,ाहत,ाहत,-10.6707,1,starts_with_dependent_vowel
6408,ांस्तु,ांस्तु,-10.6708,2,starts_with_dependent_vowel;contains_special_A
6410,▁विस्वं,विस्वं,-10.671,1,contains_special_A
6412,त्वान्,त्वान्,-10.6713,1,ends_with_virama
6414,जगत्,जगत्,-10.6714,0,ends_with_virama
6416,ावगत,ावगत,-10.6719,1,starts_with_dependent_vowel
6417,मद्,मद्,-10.672,0,ends_with_virama
6421,ानुवाद,ानुवाद,-10.6725,3,starts_with_dependent_vowel
6422,ान्ता,ान्ता,-10.6726,2,starts_with_dependent_vowel
6425,हितं,हितं,-10.673,1,contains_special_A
6427,ावधारण,ावधारण,-10.6732,2,starts_with_dependent_vowel
6428,▁वेदितव्यम्,वेदितव्यम्,-10.6732,2,ends_with_virama
6429,ितव्यम्,ितव्यम्,-10.6732,1,starts_with_dependent_vowel;ends_with_virama
6430,▁रसः,रसः,-10.6733,0,contains_special_A
6431,ादान,ादान,-10.6733,2,starts_with_dependent_vowel
6432,ासयः,ासयः,-10.6734,1,starts_with_dependent_vowel;contains_special_A
6437,ासङ्क,ासङ्क,-10.6741,1,starts_with_dependent_vowel
6441,ेत्यत,ेत्यत,-10.6747,1,starts_with_dependent_vowel
6444,ेषाम,ेषाम,-10.6752,2,starts_with_dependent_vowel
6447,ैरा,ैरा,-10.6756,2,starts_with_dependent_vowel
6454,वोचत्,वोचत्,-10.6765,1,ends_with_virama
6457,▁स्रुतेः,स्रुतेः,-10.6771,2,contains_special_A
6463,ग्रहः,ग्रहः,-10.6776,0,contains_special_A
6464,ैन्द्र,ैन्द्र,-10.6777,1,starts_with_dependent_vowel
6465,पदम्,पदम्,-10.6781,0,ends_with_virama
6466,कत्वं,कत्वं,-10.6782,0,contains_special_A
6467,▁लोपः,लोपः,-10.6782,1,contains_special_A
6468,दंस,दंस,-10.6786,0,contains_special_A
6471,ितर,ितर,-10.6791,1,starts_with_dependent_vowel
6472,▁प्रातः,प्रातः,-10.6792,1,contains_special_A
6474,ाधिगम,ाधिगम,-10.6793,2,starts_with_dependent_vowel
6475,ासिद्ध,ासिद्ध,-10.6796,2,starts_with_dependent_vowel
6480,संभार,संभार,-10.6804,1,contains_special_A
6481,कृतम्,कृतम्,-10.6804,1,ends_with_virama
6482,ोपयोग,ोपयोग,-10.6805,2,starts_with_dependent_vowel
6483,िकायां,िकायां,-10.681,3,starts_with_dependent_vowel;contains_special_A
6484,▁यसः,यसः,-10.6814,0,contains_special_A
6486,▁तृ,तृ,-10.6816,1,simple_cv
6494,ास्रयः,ास्रयः,-10.6828,1,starts_with_dependent_vowel;contains_special_A
6495,▁पस्यन्,पस्यन्,-10.683,0,ends_with_virama
6497,ाभिषेक,ाभिषेक,-10.6832,3,starts_with_dependent_vowel
6498,ाद्धि,ाद्धि,-10.6832,2,starts_with_dependent_vowel
6500,ांस्तथा,ांस्तथा,-10.6832,2,starts_with_dependent_vowel;contains_special_A
6503,संभवः,संभवः,-10.6835,0,contains_special_A
6505,ितु,ितु,-10.6837,2,starts_with_dependent_vowel
6506,▁विष्णुं,विष्णुं,-10.6837,2,contains_special_A
6511,ुग्र,ुग्र,-10.6847,1,starts_with_dependent_vowel
6512,ासित,ासित,-10.6853,2,starts_with_dependent_vowel
6515,न्येषां,न्येषां,-10.6859,2,contains_special_A
6516,▁विष्णुः,विष्णुः,-10.686,2,contains_special_A
6517,ास्रु,ास्रु,-10.6861,2,starts_with_dependent_vowel
6519,तस्मात्,तस्मात्,-10.6864,1,ends_with_virama
6524,▁एकं,एकं,-10.6869,1,contains_special_A
6531,ान्तरम्,ान्तरम्,-10.6888,1,starts_with_dependent_vowel;ends_with_virama
6534,ीत्यर्थः,ीत्यर्थः,-10.6889,1,starts_with_dependent_vowel;contains_special_A
6536,ानपेक्ष,ानपेक्ष,-10.6895,2,starts_with_dependent_vowel
6538,ेभ्योऽ,ेभ्योऽ,-10.6895,2,starts_with_dependent_vowel;contains_special_A
6539,▁स्यादेतत्,स्यादेतत्,-10.6896,2,ends_with_virama
6548,▁जगन्,जगन्,-10.6909,0,ends_with_virama
6549,ाभेद,ाभेद,-10.6911,2,starts_with_dependent_vowel
6556,▁बुद्धानां,बुद्धानां,-10.6917,3,contains_special_A
6558,ाख्यो,ाख्यो,-10.6922,2,starts_with_dependent_vowel
6567,▁लोकः,लोकः,-10.6934,1,contains_special_A
6573,▁संन्यास,संन्यास,-10.6944,1,contains_special_A
6574,▁तत्त्वतः,तत्त्वतः,-10.6945,0,contains_special_A
6576,▁अलं,अलं,-10.6947,1,contains_special_A
6587,मनुत्तमम्,मनुत्तमम्,-10.6969,1,ends_with_virama
6588,▁सून्यं,सून्यं,-10.6969,1,contains_special_A
6593,ापत्तेः,ापत्तेः,-10.6977,2,starts_with_dependent_vowel;contains_special_A
6594,ृक्ष,ृक्ष,-10.6978,1,starts_with_dependent_vowel
6595,▁बीजं,बीजं,-10.698,1,contains_special_A
6597,ाङ्गना,ाङ्गना,-10.6982,2,starts_with_dependent_vowel
6598,ाविद्या,ाविद्या,-10.6983,3,starts_with_dependent_vowel
6600,▁कर्,कर्,-10.6986,0,ends_with_virama
6601,▁तदिदं,तदिदं,-10.6988,1,contains_special_A
6603,ेदानीं,ेदानीं,-10.6989,3,starts_with_dependent_vowel;contains_special_A
6606,ात्मने,ात्मने,-10.699,2,starts_with_dependent_vowel
6607,▁स्नानं,स्नानं,-10.6991,1,contains_special_A
6610,ानुभाव,ानुभाव,-10.6994,3,starts_with_dependent_vowel
6619,▁गुरुः,गुरुः,-10.7008,2,contains_special_A
6620,सुतः,सुतः,-10.7008,1,contains_special_A
6621,▁संख्ये,संख्ये,-10.7009,1,contains_special_A
6625,न्तां,न्तां,-10.7014,1,contains_special_A
6626,मां,मां,-10.7015,1,contains_special_A
6632,वाग्,वाग्,-10.7022,1,ends_with_virama
6633,मव्ययम्,मव्ययम्,-10.7026,0,ends_with_virama
6634,ावास,ावास,-10.7028,2,starts_with_dependent_vowel
6638,विज्ञानं,विज्ञानं,-10.7034,2,contains_special_A
6641,▁ब्राह्मणः,ब्राह्मणः,-10.7041,1,contains_special_A
6643,ोढ,ोढ,-10.7046,1,starts_with_dependent_vowel
6645,ाध्ययन,ाध्ययन,-10.7054,1,starts_with_dependent_vowel
6647,संचय,संचय,-10.7059,0,contains_special_A
6649,ात्तस्य,ात्तस्य,-10.7063,1,starts_with_dependent_vowel
6650,▁संगत,संगत,-10.7065,0,contains_special_A
6652,▁नमस्,नमस्,-10.7067,0,ends_with_virama
6653,ापीति,ापीति,-10.7067,3,starts_with_dependent_vowel
6654,श्,श्,-10.7068,0,ends_with_virama
6656,▁एतदुक्तं,एतदुक्तं,-10.707,2,contains_special_A
6657,गतम्,गतम्,-10.7075,0,ends_with_virama
6659,नू,नू,-10.7078,1,simple_cv
6661,तत्त्वं,तत्त्वं,-10.708,0,contains_special_A
6664,पत्,पत्,-10.7083,0,ends_with_virama
6678,▁तृतीयं,तृतीयं,-10.7099,2,contains_special_A
6679,ोऽर्थः,ोऽर्थः,-10.71,1,starts_with_dependent_vowel;contains_special_A
6684,ावृत्ति,ावृत्ति,-10.7106,3,starts_with_dependent_vowel
6688,ाम्बुज,ाम्बुज,-10.7111,2,starts_with_dependent_vowel
6689,▁यावन्,यावन्,-10.7111,1,ends_with_virama
6694,ामो,ामो,-10.7114,2,starts_with_dependent_vowel
6696,ाराम,ाराम,-10.7118,2,starts_with_dependent_vowel
6697,▁नरकं,नरकं,-10.7119,0,contains_special_A
6699,ाज्ञया,ाज्ञया,-10.712,2,starts_with_dependent_vowel
6700,ुभ,ुभ,-10.7124,1,starts_with_dependent_vowel
6706,▁तेजः,तेजः,-10.7131,1,contains_special_A
6711,तमं,तमं,-10.7137,0,contains_special_A
6714,ैता,ैता,-10.7143,2,starts_with_dependent_vowel
6716,संज्ञक,संज्ञक,-10.7144,0,contains_special_A
6718,मण्डलम्,मण्डलम्,-10.7145,0,ends_with_virama
6719,ाधिपत्य,ाधिपत्य,-10.7146,2,starts_with_dependent_vowel
6728,ात्यय,ात्यय,-10.716,1,starts_with_dependent_vowel
6745,▁मन्,मन्,-10.7181,0,ends_with_virama
6749,ावबोध,ावबोध,-10.7186,2,starts_with_dependent_vowel
6750,▁जनार्दनः,जनार्दनः,-10.7188,1,contains_special_A
6752,दृ,दृ,-10.7189,1,simple_cv
6757,संभवात्,संभवात्,-10.7193,1,contains_special_A;ends_with_virama
6764,ैनम,ैनम,-10.7205,1,starts_with_dependent_vowel
6767,समन्वितम्,समन्वितम्,-10.7212,1,ends_with_virama
6772,ात्य,ात्य,-10.722,1,starts_with_dependent_vowel
6774,मूलं,मूलं,-10.7221,1,contains_special_A
6775,▁संक्लेस,संक्लेस,-10.7222,1,contains_special_A
6779,निर्देसः,निर्देसः,-10.7228,2,contains_special_A
6780,▁द्वयोः,द्वयोः,-10.7231,1,contains_special_A
6783,▁गां,गां,-10.7235,1,contains_special_A
6784,ूचु,ूचु,-10.7235,2,starts_with_dependent_vowel
6786,ाद्यर्थ,ाद्यर्थ,-10.7238,1,starts_with_dependent_vowel
6787,▁जरासंध,जरासंध,-10.7238,1,contains_special_A
6794,▁जि,जि,-10.725,1,simple_cv
6795,िदम,िदम,-10.7253,1,starts_with_dependent_vowel
6801,ेणापि,ेणापि,-10.7265,3,starts_with_dependent_vowel
6804,ारण्य,ारण्य,-10.7268,1,starts_with_dependent_vowel
6805,ूक्त,ूक्त,-10.7268,1,starts_with_dependent_vowel
6806,िन्द,िन्द,-10.7269,1,starts_with_dependent_vowel
6808,▁वृ,वृ,-10.727,1,simple_cv
6809,ेमे,ेमे,-10.7273,2,starts_with_dependent_vowel
6810,▁केनचित्,केनचित्,-10.7274,2,ends_with_virama
6815,ेनोप,ेनोप,-10.7276,2,starts_with_dependent_vowel
6817,ावस्थ,ावस्थ,-10.7278,1,starts_with_dependent_vowel
6819,▁सेषं,सेषं,-10.7282,1,contains_special_A
6820,▁संक्षेप,संक्षेप,-10.7282,1,contains_special_A
6822,▁ब्रूयात्,ब्रूयात्,-10.7284,2,ends_with_virama
6826,ापन्न,ापन्न,-10.7287,1,starts_with_dependent_vowel
6827,संविद,संविद,-10.7287,1,contains_special_A
6829,ितव्या,ितव्या,-10.7291,2,starts_with_dependent_vowel
6847,ोष्ठ,ोष्ठ,-10.7315,1,starts_with_dependent_vowel
6849,▁सनातनः,सनातनः,-10.7324,1,contains_special_A
6852,▁ज्योतिर्,ज्योतिर्,-10.7332,2,ends_with_virama
6853,▁प्रथमः,प्रथमः,-10.7335,0,contains_special_A
6855,चु,चु,-10.7341,1,simple_cv
6871,▁देवान्,देवान्,-10.7363,2,ends_with_virama
6874,▁संचिन्त्य,संचिन्त्य,-10.7368,1,contains_special_A
6876,▁किञ्चिद्,किञ्चिद्,-10.7371,2,ends_with_virama
6877,ेऽन्य,ेऽन्य,-10.7372,1,starts_with_dependent_vowel;contains_special_A
6879,ाकीर्ण,ाकीर्ण,-10.7373,2,starts_with_dependent_vowel
6885,ाभिज्ञा,ाभिज्ञा,-10.738,3,starts_with_dependent_vowel
6887,▁हेतोर्,हेतोर्,-10.7382,2,ends_with_virama
6893,ऽन्य,ऽन्य,-10.7391,0,contains_special_A
6894,▁अग्निर्,अग्निर्,-10.7391,2,ends_with_virama
6902,ांस्त,ांस्त,-10.7403,1,starts_with_dependent_vowel;contains_special_A
6907,▁सक्तिः,सक्तिः,-10.7407,1,contains_special_A
6911,▁नै,नै,-10.741,1,simple_cv
6912,ग्निं,ग्निं,-10.7412,1,contains_special_A
6913,संस्थान,संस्थान,-10.7414,1,contains_special_A
6914,▁महेस्वरः,महेस्वरः,-10.7418,1,contains_special_A
6917,ालम्ब,ालम्ब,-10.7425,1,starts_with_dependent_vowel
6918,सोऽ,सोऽ,-10.7425,1,contains_special_A
6923,नै,नै,-10.7432,1,simple_cv
6926,▁गुणः,गुणः,-10.7442,1,contains_special_A
6928,ोऽद्य,ोऽद्य,-10.7444,1,starts_with_dependent_vowel;contains_special_A
6943,पः,पः,-10.7458,0,contains_special_A
6944,▁सुभं,सुभं,-10.7458,1,contains_special_A
6945,▁भृसम्,भृसम्,-10.7459,1,ends_with_virama
6947,▁प्रसंस,प्रसंस,-10.7461,0,contains_special_A
6949,ितेन,ितेन,-10.7464,2,starts_with_dependent_vowel
6953,▁भूतं,भूतं,-10.7466,1,contains_special_A
6970,▁दुःखित,दुःखित,-10.748,2,contains_special_A
6972,ाख्याय,ाख्याय,-10.7482,2,starts_with_dependent_vowel
6976,मानसः,मानसः,-10.7485,1,contains_special_A
6983,▁संवर,संवर,-10.7499,0,contains_special_A
6992,▁रजः,रजः,-10.7515,0,contains_special_A
6998,भूद्,भूद्,-10.7521,1,ends_with_virama
7000,िरेव,िरेव,-10.7522,2,starts_with_dependent_vowel
7003,▁हेतुर्,हेतुर्,-10.7526,2,ends_with_virama
7007,ोपमम्,ोपमम्,-10.7531,1,starts_with_dependent_vowel;ends_with_virama
7008,नुत्तरायां,नुत्तरायां,-10.7532,3,contains_special_A
7010,प्रमाणं,प्रमाणं,-10.7535,1,contains_special_A
7013,ोत्पद्यते,ोत्पद्यते,-10.7538,2,starts_with_dependent_vowel
7016,ोत्तमः,ोत्तमः,-10.7539,1,starts_with_dependent_vowel;contains_special_A
7017,मिमां,मिमां,-10.754,2,contains_special_A
7019,ापेक्षा,ापेक्षा,-10.7541,3,starts_with_dependent_vowel
7020,ारं,ारं,-10.7544,1,starts_with_dependent_vowel;contains_special_A
7021,दिग्,दिग्,-10.7545,1,ends_with_virama
7024,▁हिंसा,हिंसा,-10.7549,2,contains_special_A
7025,सामर्थ्यात्,सामर्थ्यात्,-10.7549,2,ends_with_virama
7027,▁धा,धा,-10.755,1,simple_cv
7028,ायमान,ायमान,-10.7553,2,starts_with_dependent_vowel
7036,▁निमित्तं,निमित्तं,-10.7563,2,contains_special_A
7042,समन्वितः,समन्वितः,-10.757,1,contains_special_A
7043,डु,डु,-10.7572,1,simple_cv
7047,ादीन,ादीन,-10.7578,2,starts_with_dependent_vowel
7049,ापवाद,ापवाद,-10.758,2,starts_with_dependent_vowel
7052,गृहं,गृहं,-10.7581,1,contains_special_A
7053,ाकर,ाकर,-10.7582,1,starts_with_dependent_vowel
7057,ारभ्य,ारभ्य,-10.7585,1,starts_with_dependent_vowel
7062,▁राघवः,राघवः,-10.7587,1,contains_special_A
7063,▁व्रतं,व्रतं,-10.7588,0,contains_special_A
7064,▁द्रष्टव्यः,द्रष्टव्यः,-10.7588,0,contains_special_A
7068,▁प्रत्ययः,प्रत्ययः,-10.759,0,contains_special_A
7071,▁सकृत्,सकृत्,-10.7597,1,ends_with_virama
7072,▁वेदितव्यः,वेदितव्यः,-10.7602,2,contains_special_A
7073,मवाप्नुयात्,मवाप्नुयात्,-10.7603,3,ends_with_virama
7080,स्त्वां,स्त्वां,-10.7608,1,contains_special_A
7082,▁जातं,जातं,-10.761,1,contains_special_A
7086,▁परस्परं,परस्परं,-10.7617,0,contains_special_A
7087,▁वसिष्ठः,वसिष्ठः,-10.762,1,contains_special_A
7088,▁जपेत्,जपेत्,-10.7623,1,ends_with_virama
7090,िणां,िणां,-10.7625,2,starts_with_dependent_vowel;contains_special_A
7093,▁हितं,हितं,-10.7628,1,contains_special_A
7097,▁णि,णि,-10.7633,1,simple_cv
7099,िमे,िमे,-10.7639,2,starts_with_dependent_vowel
7100,भूतः,भूतः,-10.764,1,contains_special_A
7102,▁प्रायस्चित्तं,प्रायस्चित्तं,-10.7642,2,contains_special_A
7106,▁अस्माकं,अस्माकं,-10.7646,2,contains_special_A
7108,▁यथाक्रमम्,यथाक्रमम्,-10.7648,1,ends_with_virama
7109,ैवेति,ैवेति,-10.7651,3,starts_with_dependent_vowel
7113,संहार,संहार,-10.7656,1,contains_special_A
7119,ाधिपः,ाधिपः,-10.7661,2,starts_with_dependent_vowel;contains_special_A
7121,माणः,माणः,-10.7661,1,contains_special_A
7124,ापयति,ापयति,-10.7662,2,starts_with_dependent_vowel
7128,र्भवेत्,र्भवेत्,-10.767,1,ends_with_virama
7133,▁किंचिद्,किंचिद्,-10.7678,2,contains_special_A;ends_with_virama
7139,▁तीर्थं,तीर्थं,-10.7684,1,contains_special_A
7140,▁ऽन,ऽन,-10.7684,0,contains_special_A
7145,▁मनुष्याणां,मनुष्याणां,-10.7687,3,contains_special_A
7146,ोत्तमम्,ोत्तमम्,-10.7691,1,starts_with_dependent_vowel;ends_with_virama
7157,ात्तत्,ात्तत्,-10.7705,1,starts_with_dependent_vowel;ends_with_virama
7159,ेऽन,ेऽन,-10.771,1,starts_with_dependent_vowel;contains_special_A
7160,णाम्,णाम्,-10.7711,1,ends_with_virama
7161,िष्यसि,िष्यसि,-10.7713,2,starts_with_dependent_vowel
7169,▁चिन्,चिन्,-10.7721,1,ends_with_virama
7175,ित्याह,ित्याह,-10.7727,2,starts_with_dependent_vowel
7177,▁परेषां,परेषां,-10.7729,2,contains_special_A
7181,ायैव,ायैव,-10.7732,2,starts_with_dependent_vowel
7182,ुन्,ुन्,-10.7732,1,starts_with_dependent_vowel;ends_with_virama
7185,ागता,ागता,-10.7738,2,starts_with_dependent_vowel
7186,चित्तं,चित्तं,-10.774,1,contains_special_A
7187,गः,गः,-10.774,0,contains_special_A
7190,▁हूं,हूं,-10.7741,1,contains_special_A
7191,▁वचनमब्रवीत्,वचनमब्रवीत्,-10.7743,1,ends_with_virama
7193,हंकार,हंकार,-10.7745,1,contains_special_A
7195,▁विष्णोर्,विष्णोर्,-10.7745,2,ends_with_virama
7197,नन्तरं,नन्तरं,-10.7749,0,contains_special_A
7207,नित्यं,नित्यं,-10.7762,1,contains_special_A
7219,▁महायसाः,महायसाः,-10.778,2,contains_special_A
7233,कृतः,कृतः,-10.7803,1,contains_special_A
7235,▁नृणाम्,नृणाम्,-10.7804,2,ends_with_virama
7236,ुषित,ुषित,-10.7804,2,starts_with_dependent_vowel
7246,▁एवंविध,एवंविध,-10.7824,2,contains_special_A
7252,धातुः,धातुः,-10.7838,2,contains_special_A
7255,ाभिनिवेस,ाभिनिवेस,-10.784,4,starts_with_dependent_vowel
7263,▁दिवः,दिवः,-10.785,1,contains_special_A
7266,▁सिक्षितव्यम्,सिक्षितव्यम्,-10.7852,2,ends_with_virama
7268,▁सत्त्वाः,सत्त्वाः,-10.7852,1,contains_special_A
7269,▁संसारे,संसारे,-10.7852,2,contains_special_A
7274,ासंभव,ासंभव,-10.7857,1,starts_with_dependent_vowel;contains_special_A
7275,▁परमां,परमां,-10.7858,1,contains_special_A
7277,ाध्व,ाध्व,-10.7861,1,starts_with_dependent_vowel
7280,▁उपसङ्ख्यानम्,उपसङ्ख्यानम्,-10.7866,2,ends_with_virama
7286,▁नियतं,नियतं,-10.7878,1,contains_special_A
7287,ालि,ालि,-10.788,2,starts_with_dependent_vowel
7289,वर्गः,वर्गः,-10.7882,0,contains_special_A
7290,▁बलवान्,बलवान्,-10.7883,1,ends_with_virama
7296,▁यथाभूतं,यथाभूतं,-10.7892,2,contains_special_A
7298,▁वायुः,वायुः,-10.7893,2,contains_special_A
7302,ानित्य,ानित्य,-10.79,2,starts_with_dependent_vowel
7303,ुत्थाय,ुत्थाय,-10.7906,2,starts_with_dependent_vowel
7304,रूपम्,रूपम्,-10.7907,1,ends_with_virama
7305,ुल,ुल,-10.7907,1,starts_with_dependent_vowel
7307,▁प्रधानं,प्रधानं,-10.7908,1,contains_special_A
7309,विरोधात्,विरोधात्,-10.791,3,ends_with_virama
7312,ान्सर्वान्,ान्सर्वान्,-10.7918,2,starts_with_dependent_vowel;ends_with_virama
7315,ाधिक्य,ाधिक्य,-10.7921,2,starts_with_dependent_vowel
7316,कुलं,कुलं,-10.7921,1,contains_special_A
7321,▁हीदं,हीदं,-10.7926,1,contains_special_A
7323,ब्रुवन्,ब्रुवन्,-10.7927,1,ends_with_virama
7330,▁योगः,योगः,-10.7936,1,contains_special_A
7332,ुत्थान,ुत्थान,-10.7941,2,starts_with_dependent_vowel
7333,▁कृत्,कृत्,-10.7941,1,ends_with_virama
7335,▁व्यवस्थितः,व्यवस्थितः,-10.7944,1,contains_special_A
7339,संहित,संहित,-10.7949,1,contains_special_A
7342,ार्यसत्य,ार्यसत्य,-10.7953,1,starts_with_dependent_vowel
7344,ानुकूल,ानुकूल,-10.7955,3,starts_with_dependent_vowel
7347,ग्निर्,ग्निर्,-10.796,1,ends_with_virama
7351,▁ग्रहणम्,ग्रहणम्,-10.7965,0,ends_with_virama
7353,ेषाम्,ेषाम्,-10.7966,2,starts_with_dependent_vowel;ends_with_virama
7355,▁यज्,यज्,-10.7968,0,ends_with_virama
7359,▁मि,मि,-10.7972,1,simple_cv
7360,योस्,योस्,-10.7973,1,ends_with_virama
7362,▁राज्ञां,राज्ञां,-10.7978,2,contains_special_A
7367,▁मानवः,मानवः,-10.7983,1,contains_special_A
7374,स्माभिः,स्माभिः,-10.7993,2,contains_special_A
7375,िष्ठा,िष्ठा,-10.7994,2,starts_with_dependent_vowel
7381,▁दंष्ट्र,दंष्ट्र,-10.8003,0,contains_special_A
7385,▁मृ,मृ,-10.8009,1,simple_cv
7388,कत्वात्,कत्वात्,-10.8012,1,ends_with_virama
7392,मृतं,मृतं,-10.8016,1,contains_special_A
7394,▁पृथक्पृथक्,पृथक्पृथक्,-10.8021,2,ends_with_virama
7398,दिक्,दिक्,-10.8024,1,ends_with_virama
7399,▁संदेह,संदेह,-10.8025,1,contains_special_A
7401,▁ततस्,ततस्,-10.8029,0,ends_with_virama
7407,ाननु,ाननु,-10.8038,2,starts_with_dependent_vowel
7413,▁सिवः,सिवः,-10.8046,1,contains_special_A
7422,ांसेन,ांसेन,-10.8054,2,starts_with_dependent_vowel;contains_special_A
7431,▁कन्यां,कन्यां,-10.8062,1,contains_special_A
7432,संमत,संमत,-10.8062,0,contains_special_A
7435,कुर्वन्,कुर्वन्,-10.8064,1,ends_with_virama
7442,नुत्,नुत्,-10.8069,1,ends_with_virama
7443,ाद्युप,ाद्युप,-10.8071,2,starts_with_dependent_vowel
7447,मन्,मन्,-10.8077,0,ends_with_virama
7451,ोपपद्यते,ोपपद्यते,-10.8078,2,starts_with_dependent_vowel
7452,ऽस,ऽस,-10.8078,0,contains_special_A
7455,▁बहवः,बहवः,-10.8082,0,contains_special_A
7456,ित्यादिना,ित्यादिना,-10.8082,4,starts_with_dependent_vowel
7462,ानुसारेण,ानुसारेण,-10.8089,4,starts_with_dependent_vowel
7463,▁यज्ञं,यज्ञं,-10.8089,0,contains_special_A
7465,स्तावत्,स्तावत्,-10.809,1,ends_with_virama
7467,▁विषं,विषं,-10.8091,1,contains_special_A
7471,▁संधि,संधि,-10.81,1,contains_special_A
7482,त्रिंस,त्रिंस,-10.8115,1,contains_special_A
7484,ात्मेति,ात्मेति,-10.8119,3,starts_with_dependent_vowel
7485,ांस्,ांस्,-10.812,1,starts_with_dependent_vowel;contains_special_A;ends_with_virama
7502,दौ,दौ,-10.8139,1,simple_cv
7509,िनम्,िनम्,-10.8153,1,starts_with_dependent_vowel;ends_with_virama
7513,▁तत्कथं,तत्कथं,-10.8157,0,contains_special_A
7519,मनाः,मनाः,-10.8168,1,contains_special_A
7526,ाद्ध,ाद्ध,-10.8181,1,starts_with_dependent_vowel
7531,ोपपत्तेः,ोपपत्तेः,-10.8183,2,starts_with_dependent_vowel;contains_special_A
7532,यितुम्,यितुम्,-10.8183,2,ends_with_virama
7533,▁मातरं,मातरं,-10.8184,1,contains_special_A
7534,▁पञ्चभिः,पञ्चभिः,-10.8185,1,contains_special_A
7535,▁कतमत्,कतमत्,-10.8187,0,ends_with_virama
7540,▁संघात,संघात,-10.8194,1,contains_special_A
7542,▁जलं,जलं,-10.8196,0,contains_special_A
7543,ामल,ामल,-10.8196,1,starts_with_dependent_vowel
7545,▁केसवः,केसवः,-10.8197,1,contains_special_A
7548,ानर्थक्य,ानर्थक्य,-10.8201,1,starts_with_dependent_vowel
7549,ाधेय,ाधेय,-10.8201,2,starts_with_dependent_vowel
7551,संवाद,संवाद,-10.8203,1,contains_special_A
7554,तीनां,तीनां,-10.8205,2,contains_special_A
7563,ाग्र्य,ाग्र्य,-10.8212,1,starts_with_dependent_vowel
7564,यस्,यस्,-10.8213,0,ends_with_virama
7566,ेऽर्थे,ेऽर्थे,-10.8215,2,starts_with_dependent_vowel;contains_special_A
7567,ाद्व,ाद्व,-10.8218,1,starts_with_dependent_vowel
7574,▁प्रजानां,प्रजानां,-10.8232,2,contains_special_A
7581,स्वयं,स्वयं,-10.824,0,contains_special_A
7584,विद्,विद्,-10.8248,1,ends_with_virama
7589,ाष्टक,ाष्टक,-10.8251,1,starts_with_dependent_vowel
7590,ैर्युक्त,ैर्युक्त,-10.8251,2,starts_with_dependent_vowel
7594,गताः,गताः,-10.8256,1,contains_special_A
7597,▁विषयः,विषयः,-10.8259,1,contains_special_A
7599,प्येवं,प्येवं,-10.8262,1,contains_special_A
7601,▁फट्,फट्,-10.8263,0,ends_with_virama
7603,▁चक्रं,चक्रं,-10.8268,0,contains_special_A
7609,ात्मीय,ात्मीय,-10.8272,2,starts_with_dependent_vowel
7614,ानभि,ानभि,-10.8279,2,starts_with_dependent_vowel
7616,िनीम्,िनीम्,-10.8279,2,starts_with_dependent_vowel;ends_with_virama
7622,हिंस,हिंस,-10.8284,1,contains_special_A
7625,ायुष्म,ायुष्म,-10.8288,2,starts_with_dependent_vowel
7627,चतुर्,चतुर्,-10.8292,1,ends_with_virama
7632,्योः,्योः,-10.8296,1,contains_special_A
7639,मात्रम्,मात्रम्,-10.83,1,ends_with_virama
7640,▁दी,दी,-10.83,1,simple_cv
7642,ीयेत,ीयेत,-10.8303,2,starts_with_dependent_vowel
7645,▁पतिं,पतिं,-10.8306,1,contains_special_A
7651,कर्मणः,कर्मणः,-10.8312,0,contains_special_A
7654,▁सर्वैः,सर्वैः,-10.8318,1,contains_special_A
7655,संतान,संतान,-10.8318,1,contains_special_A
7657,ायोगात्,ायोगात्,-10.8319,3,starts_with_dependent_vowel;ends_with_virama
7659,▁हविर्,हविर्,-10.8321,1,ends_with_virama
7666,▁सीलं,सीलं,-10.8328,1,contains_special_A
7667,कां,कां,-10.833,1,contains_special_A
7669,ान्वितम्,ान्वितम्,-10.833,2,starts_with_dependent_vowel;ends_with_virama
7671,▁विरोधः,विरोधः,-10.8334,2,contains_special_A
7672,ास्रयत्व,ास्रयत्व,-10.8334,1,starts_with_dependent_vowel
7673,▁नगरं,नगरं,-10.8336,0,contains_special_A
7681,ोऽन्त,ोऽन्त,-10.8345,1,starts_with_dependent_vowel;contains_special_A
7682,ाट,ाट,-10.8349,1,starts_with_dependent_vowel
7684,त्तत्,त्तत्,-10.8353,0,ends_with_virama
7685,मागतः,मागतः,-10.8355,1,contains_special_A
7688,न्यः,न्यः,-10.8358,0,contains_special_A
7694,कारणात्,कारणात्,-10.8367,2,ends_with_virama
7698,ाकृतिः,ाकृतिः,-10.8372,3,starts_with_dependent_vowel;contains_special_A
7706,स्तस्मिन्,स्तस्मिन्,-10.838,1,ends_with_virama
7707,▁सत्यां,सत्यां,-10.8381,1,contains_special_A
7714,▁त्रयः,त्रयः,-10.8393,0,contains_special_A
7725,दन्,दन्,-10.8399,0,ends_with_virama
7729,▁संसृष्ट,संसृष्ट,-10.8404,1,contains_special_A
7730,▁पुंस,पुंस,-10.8405,1,contains_special_A
7734,ापूर्व,ापूर्व,-10.841,2,starts_with_dependent_vowel
7735,न्तःपुर,न्तःपुर,-10.8412,1,contains_special_A
7736,▁प्रज्ञापारमितां,प्रज्ञापारमितां,-10.8413,4,contains_special_A
7738,ऽय,ऽय,-10.8413,0,contains_special_A
7739,▁सिद्धिः,सिद्धिः,-10.8414,2,contains_special_A
7743,गाः,गाः,-10.8417,1,contains_special_A
7744,▁महारथः,महारथः,-10.8417,1,contains_special_A
7745,ोपहत,ोपहत,-10.8418,1,starts_with_dependent_vowel
7746,ुरु,ुरु,-10.842,2,starts_with_dependent_vowel
7749,तन्,तन्,-10.8428,0,ends_with_virama
7752,िकानां,िकानां,-10.8433,3,starts_with_dependent_vowel;contains_special_A
7755,ासीद,ासीद,-10.8434,2,starts_with_dependent_vowel
7759,कुर्यात्,कुर्यात्,-10.8438,2,ends_with_virama
7761,संगृहीत,संगृहीत,-10.8439,2,contains_special_A
7763,ुस्,ुस्,-10.844,1,starts_with_dependent_vowel;ends_with_virama
7765,विदां,विदां,-10.8441,2,contains_special_A
7766,ाह्व,ाह्व,-10.8442,1,starts_with_dependent_vowel
7768,षू,षू,-10.8444,1,simple_cv
7772,▁यत्तत्,यत्तत्,-10.8448,0,ends_with_virama
7774,▁आत्मनः,आत्मनः,-10.8452,1,contains_special_A
7779,▁लि,लि,-10.8456,1,simple_cv
7783,ीस्वरः,ीस्वरः,-10.8459,1,starts_with_dependent_vowel;contains_special_A
7788,ौदन,ौदन,-10.8464,1,starts_with_dependent_vowel
7795,ायात,ायात,-10.847,2,starts_with_dependent_vowel
7799,ाभिधेय,ाभिधेय,-10.8472,3,starts_with_dependent_vowel
7802,▁कोऽ,कोऽ,-10.8476,1,contains_special_A
7811,▁मनसः,मनसः,-10.8479,0,contains_special_A
7814,ाङ्गद,ाङ्गद,-10.8482,1,starts_with_dependent_vowel
7816,ालंबन,ालंबन,-10.8492,1,starts_with_dependent_vowel;contains_special_A
7820,ासङ्ग,ासङ्ग,-10.8494,1,starts_with_dependent_vowel
7821,न्तःकरण,न्तःकरण,-10.8495,0,contains_special_A
7823,▁वदेत्,वदेत्,-10.8497,1,ends_with_virama
7829,▁सुद्धं,सुद्धं,-10.8501,1,contains_special_A
7833,▁केवलम्,केवलम्,-10.8503,1,ends_with_virama
7837,ानघ,ानघ,-10.8515,1,starts_with_dependent_vowel
7841,पृथक्,पृथक्,-10.8518,1,ends_with_virama
7842,▁संहत,संहत,-10.8519,0,contains_special_A
7843,धरं,धरं,-10.8521,0,contains_special_A
7844,ितया,ितया,-10.8522,2,starts_with_dependent_vowel
7846,टु,टु,-10.8523,1,simple_cv
7848,▁पांसु,पांसु,-10.8525,2,contains_special_A
7849,पस्यन्,पस्यन्,-10.8526,0,ends_with_virama
7853,ापाय,ापाय,-10.8531,2,starts_with_dependent_vowel
7856,▁कदाचिद्,कदाचिद्,-10.8536,2,ends_with_virama
7861,▁भगवं,भगवं,-10.8541,0,contains_special_A
7866,▁लभेत्,लभेत्,-10.8547,1,ends_with_virama
7869,संयुतम्,संयुतम्,-10.8554,1,contains_special_A;ends_with_virama
7870,ेथा,ेथा,-10.8556,2,starts_with_dependent_vowel
7874,▁हुं,हुं,-10.8565,1,contains_special_A
7878,ऽन,ऽन,-10.8569,0,contains_special_A
7885,▁चित्रं,चित्रं,-10.8573,1,contains_special_A
7888,▁करणं,करणं,-10.8576,0,contains_special_A
7889,▁पार्थिवः,पार्थिवः,-10.8577,2,contains_special_A
7890,ामय,ामय,-10.8577,1,starts_with_dependent_vowel
7891,▁बलात्,बलात्,-10.8577,1,ends_with_virama
7894,पतेः,पतेः,-10.8579,1,contains_special_A
7897,ाभं,ाभं,-10.8581,1,starts_with_dependent_vowel;contains_special_A
7898,ेन्द्रियाणि,ेन्द्रियाणि,-10.8583,4,starts_with_dependent_vowel
7901,▁वृत्तिः,वृत्तिः,-10.859,2,contains_special_A
7902,▁त्रयाणां,त्रयाणां,-10.859,2,contains_special_A
7911,ोपल,ोपल,-10.8599,1,starts_with_dependent_vowel
7913,▁धनुः,धनुः,-10.86,1,contains_special_A
7914,त्वादित्यर्थः,त्वादित्यर्थः,-10.8601,2,contains_special_A
7915,ासेष,ासेष,-10.8601,2,starts_with_dependent_vowel
7916,▁ऽत,ऽत,-10.8602,0,contains_special_A
7920,▁प्रयोजनं,प्रयोजनं,-10.8608,1,contains_special_A
7925,▁मुहुः,मुहुः,-10.8615,2,contains_special_A
7929,भ्रंस,भ्रंस,-10.8617,0,contains_special_A
7935,दम्,दम्,-10.8621,0,ends_with_virama
7937,कर्तव्यम्,कर्तव्यम्,-10.8623,0,ends_with_virama
7939,धनं,धनं,-10.8624,0,contains_special_A
7944,ाधिष्ठित,ाधिष्ठित,-10.8628,3,starts_with_dependent_vowel
7953,विषयः,विषयः,-10.8636,1,contains_special_A
7956,▁पूजयेत्,पूजयेत्,-10.8641,2,ends_with_virama
7957,▁पुरस्तात्,पुरस्तात्,-10.8644,2,ends_with_virama
7967,▁महात्मनाम्,महात्मनाम्,-10.865,2,ends_with_virama
7968,▁संबन्धः,संबन्धः,-10.865,0,contains_special_A
7969,ाब्रवीत्,ाब्रवीत्,-10.8651,2,starts_with_dependent_vowel;ends_with_virama
7970,ेकादस,ेकादस,-10.8652,2,starts_with_dependent_vowel
7973,▁समुत्,समुत्,-10.8653,1,ends_with_virama
7975,▁बृहद्,बृहद्,-10.8656,1,ends_with_virama
7976,ेकैक,ेकैक,-10.8658,2,starts_with_dependent_vowel
7979,▁हु,हु,-10.8662,1,simple_cv
7981,तायाः,तायाः,-10.8663,2,contains_special_A
7992,▁ज्योतिः,ज्योतिः,-10.8687,2,contains_special_A
7996,ास्रिता,ास्रिता,-10.8689,3,starts_with_dependent_vowel
7997,ास्र,ास्र,-10.8691,1,starts_with_dependent_vowel
8002,ानो,ानो,-10.8696,2,starts_with_dependent_vowel
8007,षी,षी,-10.8703,1,simple_cv
8008,सकृत्,सकृत्,-10.8704,1,ends_with_virama
8015,▁स्रियं,स्रियं,-10.871,1,contains_special_A
8018,ूल,ूल,-10.8713,1,starts_with_dependent_vowel
8019,ाभिलाष,ाभिलाष,-10.8714,3,starts_with_dependent_vowel
8021,ित्वात्,ित्वात्,-10.8716,2,starts_with_dependent_vowel;ends_with_virama
8029,ान्तरमाह,ान्तरमाह,-10.8726,2,starts_with_dependent_vowel
8031,▁प्रतिसंविद,प्रतिसंविद,-10.8727,2,contains_special_A
8033,ोपक्रम,ोपक्रम,-10.8731,1,starts_with_dependent_vowel
8037,▁महीपतिः,महीपतिः,-10.8737,2,contains_special_A
8038,▁यद्येवं,यद्येवं,-10.8738,1,contains_special_A
8043,नासनम्,नासनम्,-10.8741,1,ends_with_virama
8048,ादर्थ,ादर्थ,-10.8748,1,starts_with_dependent_vowel
8053,ानुराग,ानुराग,-10.8752,3,starts_with_dependent_vowel
8056,ान्निर्,ान्निर्,-10.8754,2,starts_with_dependent_vowel;ends_with_virama
8070,▁यां,यां,-10.8769,1,contains_special_A
8080,िकाया,िकाया,-10.8779,3,starts_with_dependent_vowel
8084,िनीं,िनीं,-10.8784,2,starts_with_dependent_vowel;contains_special_A
8095,ापत्तिः,ापत्तिः,-10.88,2,starts_with_dependent_vowel;contains_special_A
8096,करोत्,करोत्,-10.8803,1,ends_with_virama
8097,▁युगपत्,युगपत्,-10.8804,1,ends_with_virama
8100,ोऽन्यत्र,ोऽन्यत्र,-10.8809,1,starts_with_dependent_vowel;contains_special_A
8102,▁ब्रुवन्,ब्रुवन्,-10.881,1,ends_with_virama
8103,▁विधिवत्,विधिवत्,-10.881,2,ends_with_virama
8106,ाभिध,ाभिध,-10.8812,2,starts_with_dependent_vowel
8108,साधनं,साधनं,-10.8814,1,contains_special_A
8109,िन्दु,िन्दु,-10.8816,2,starts_with_dependent_vowel
8110,▁ययुः,ययुः,-10.8816,1,contains_special_A
8129,बुद्धिः,बुद्धिः,-10.8837,2,contains_special_A
8131,▁स्राद्धं,स्राद्धं,-10.8845,1,contains_special_A
8136,संप्र,संप्र,-10.8848,0,contains_special_A
8137,ैर्महा,ैर्महा,-10.8848,2,starts_with_dependent_vowel
8143,ेयमिति,ेयमिति,-10.886,3,starts_with_dependent_vowel
8155,ोच्छेद,ोच्छेद,-10.8876,2,starts_with_dependent_vowel
8159,ैर्वृत,ैर्वृत,-10.8881,2,starts_with_dependent_vowel
8166,▁ही,ही,-10.8888,1,simple_cv
8167,चक्षुः,चक्षुः,-10.8891,1,contains_special_A
8173,▁पुरीं,पुरीं,-10.8896,2,contains_special_A
8174,मुदाहृतम्,मुदाहृतम्,-10.8897,3,ends_with_virama
8176,ीकरोति,ीकरोति,-10.8899,3,starts_with_dependent_vowel
8180,ाज्,ाज्,-10.8902,1,starts_with_dependent_vowel;ends_with_virama
8181,▁प्राप्तः,प्राप्तः,-10.8903,1,contains_special_A
8182,▁पुरतः,पुरतः,-10.8904,1,contains_special_A
8189,ान्वयः,ान्वयः,-10.8916,1,starts_with_dependent_vowel;contains_special_A
8190,ान्वा,ान्वा,-10.8916,2,starts_with_dependent_vowel
8191,घ्नं,घ्नं,-10.8917,0,contains_special_A
8195,हेतोर्,हेतोर्,-10.8919,2,ends_with_virama
8202,ाभ्यन्तर,ाभ्यन्तर,-10.8926,1,starts_with_dependent_vowel
8207,पूर्वकं,पूर्वकं,-10.8931,1,contains_special_A
8209,ामिष,ामिष,-10.8934,2,starts_with_dependent_vowel
8215,क्रमात्,क्रमात्,-10.8941,1,ends_with_virama
8216,ानुभूत,ानुभूत,-10.8943,3,starts_with_dependent_vowel
8218,संकुल,संकुल,-10.8945,1,contains_special_A
8219,▁गच्छेत्,गच्छेत्,-10.8948,1,ends_with_virama
8220,▁ञ,ञ,-10.8949,0,simple_cv
8222,ाङ्गुलि,ाङ्गुलि,-10.8956,3,starts_with_dependent_vowel
8226,सम्यक्संबुद्ध,सम्यक्संबुद्ध,-10.8959,1,contains_special_A
8234,▁वृत्तं,वृत्तं,-10.897,1,contains_special_A
8241,ादिपद,ादिपद,-10.8976,2,starts_with_dependent_vowel
8248,ादिभ्यो,ादिभ्यो,-10.8985,3,starts_with_dependent_vowel
8250,त्य्,त्य्,-10.8988,0,ends_with_virama
8253,ासिष,ासिष,-10.8993,2,starts_with_dependent_vowel
8255,ोन्मुख,ोन्मुख,-10.8994,2,starts_with_dependent_vowel
8257,ेऽत्र,ेऽत्र,-10.8997,1,starts_with_dependent_vowel;contains_special_A
8262,विक्रमः,विक्रमः,-10.9003,1,contains_special_A
8263,तारं,तारं,-10.9006,1,contains_special_A
8264,ोष्य,ोष्य,-10.9006,1,starts_with_dependent_vowel
8271,▁ज्ञेयम्,ज्ञेयम्,-10.9015,1,ends_with_virama
8272,ृत्व,ृत्व,-10.9018,1,starts_with_dependent_vowel
8273,▁मनःसंस्पर्स,मनःसंस्पर्स,-10.9019,0,contains_special_A
8281,▁साकं,साकं,-10.903,1,contains_special_A
8283,▁स्वां,स्वां,-10.9032,1,contains_special_A
8286,संप्रयुक्त,संप्रयुक्त,-10.9036,1,contains_special_A
8289,ाधिकरणम्,ाधिकरणम्,-10.904,2,starts_with_dependent_vowel;ends_with_virama
8291,ात्तद्,ात्तद्,-10.9042,1,starts_with_dependent_vowel;ends_with_virama
8295,ेऽनु,ेऽनु,-10.9046,2,starts_with_dependent_vowel;contains_special_A
8299,गे,गे,-10.905,1,simple_cv
8301,वादिनः,वादिनः,-10.9052,2,contains_special_A
8302,▁चैवं,चैवं,-10.9052,1,contains_special_A
8306,▁योजयेत्,योजयेत्,-10.9056,2,ends_with_virama
8307,ाप्रमाण,ाप्रमाण,-10.9056,2,starts_with_dependent_vowel
8310,वर्णं,वर्णं,-10.906,0,contains_special_A
8311,▁कथां,कथां,-10.9061,1,contains_special_A
8314,ेत्यत्र,ेत्यत्र,-10.9064,1,starts_with_dependent_vowel
8316,मुखः,मुखः,-10.9065,1,contains_special_A
8317,ोऽपर,ोऽपर,-10.9065,1,starts_with_dependent_vowel;contains_special_A
8321,ैतानि,ैतानि,-10.9068,3,starts_with_dependent_vowel
8329,संपन्ना,संपन्ना,-10.9078,1,contains_special_A
8331,पतिं,पतिं,-10.9079,1,contains_special_A
8333,स्माभिर्,स्माभिर्,-10.9081,2,ends_with_virama
8334,ुत्थ,ुत्थ,-10.9082,1,starts_with_dependent_vowel
8335,ानन्य,ानन्य,-10.9085,1,starts_with_dependent_vowel
8346,ारूप्य,ारूप्य,-10.9095,2,starts_with_dependent_vowel
8350,दू,दू,-10.9097,1,simple_cv
8353,दुःखं,दुःखं,-10.9099,1,contains_special_A
8355,योगतः,योगतः,-10.9101,1,contains_special_A
8364,ानना,ानना,-10.9114,2,starts_with_dependent_vowel
8367,ोन्नत,ोन्नत,-10.9116,1,starts_with_dependent_vowel
8373,▁गु,गु,-10.9124,1,simple_cv
8385,ापय,ापय,-10.9135,1,starts_with_dependent_vowel
8387,▁नैवं,नैवं,-10.9137,1,contains_special_A
8391,ावच्छिन्न,ावच्छिन्न,-10.9139,2,starts_with_dependent_vowel
8396,ार्पित,ार्पित,-10.9143,2,starts_with_dependent_vowel
8403,संधि,संधि,-10.9151,1,contains_special_A
8404,▁स्मृतिः,स्मृतिः,-10.9152,2,contains_special_A
8405,ावलि,ावलि,-10.9153,2,starts_with_dependent_vowel
8406,▁तूष्णीं,तूष्णीं,-10.9154,2,contains_special_A
8408,▁समन्तात्,समन्तात्,-10.9154,1,ends_with_virama
8415,संबद्ध,संबद्ध,-10.9165,0,contains_special_A
8416,मन्यत्,मन्यत्,-10.9166,0,ends_with_virama
8422,मानाः,मानाः,-10.9171,2,contains_special_A
8423,ादेसः,ादेसः,-10.9173,2,starts_with_dependent_vowel;contains_special_A
8429,ात्मनोऽ,ात्मनोऽ,-10.918,2,starts_with_dependent_vowel;contains_special_A
8436,ोदार,ोदार,-10.9184,2,starts_with_dependent_vowel
8437,मन्तः,मन्तः,-10.9184,0,contains_special_A
8440,ेऽव,ेऽव,-10.9189,1,starts_with_dependent_vowel;contains_special_A
8441,▁भार्यां,भार्यां,-10.919,2,contains_special_A
8443,ाध्यक्ष,ाध्यक्ष,-10.9193,1,starts_with_dependent_vowel
8446,▁एनं,एनं,-10.9196,1,contains_special_A
8453,ासम्भव,ासम्भव,-10.9207,1,starts_with_dependent_vowel
8459,▁वणिक्,वणिक्,-10.9222,1,ends_with_virama
8462,ानुसय,ानुसय,-10.9224,2,starts_with_dependent_vowel
8468,ुव,ुव,-10.9229,1,starts_with_dependent_vowel
8469,तेषां,तेषां,-10.923,2,contains_special_A
8470,ांसं,ांसं,-10.9231,1,starts_with_dependent_vowel;contains_special_A
8472,ावसर,ावसर,-10.9234,1,starts_with_dependent_vowel
8473,ेवंविध,ेवंविध,-10.9234,2,starts_with_dependent_vowel;contains_special_A
8474,ानुपपत्तिः,ानुपपत्तिः,-10.9235,3,starts_with_dependent_vowel;contains_special_A
8475,▁कच्चित्,कच्चित्,-10.9236,1,ends_with_virama
8477,िनौ,िनौ,-10.9239,2,starts_with_dependent_vowel
8478,▁प्रतिसं,प्रतिसं,-10.924,1,contains_special_A
8479,▁यस्यां,यस्यां,-10.9241,1,contains_special_A
8481,▁अन्यत्,अन्यत्,-10.9244,1,ends_with_virama
8484,▁लोकान्,लोकान्,-10.9248,2,ends_with_virama
8487,▁चक्षुःसंस्पर्स,चक्षुःसंस्पर्स,-10.9254,1,contains_special_A
8488,▁जिह्वासंस्पर्स,जिह्वासंस्पर्स,-10.9254,2,contains_special_A
8489,ाभावो,ाभावो,-10.9255,3,starts_with_dependent_vowel
8493,िण्य,िण्य,-10.9256,1,starts_with_dependent_vowel
8497,ैस्चैव,ैस्चैव,-10.926,2,starts_with_dependent_vowel
8511,▁क्षणं,क्षणं,-10.9275,0,contains_special_A
8518,ग्निः,ग्निः,-10.9281,1,contains_special_A
8524,▁सचेद्,सचेद्,-10.9286,1,ends_with_virama
8532,ायास्च,ायास्च,-10.9291,2,starts_with_dependent_vowel
8533,▁समुद्,समुद्,-10.9291,1,ends_with_virama
8535,पुरःसर,पुरःसर,-10.9293,1,contains_special_A
8538,ैकान्त,ैकान्त,-10.9296,2,starts_with_dependent_vowel
8539,▁प्रकृतिः,प्रकृतिः,-10.9296,2,contains_special_A
8541,▁नियमः,नियमः,-10.9296,1,contains_special_A
8550,ित्री,ित्री,-10.9304,2,starts_with_dependent_vowel
8551,ासनम्,ासनम्,-10.9304,1,starts_with_dependent_vowel;ends_with_virama
8556,ीप्सित,ीप्सित,-10.9312,2,starts_with_dependent_vowel
8560,ोऽधि,ोऽधि,-10.9315,2,starts_with_dependent_vowel;contains_special_A
8562,िकस्य,िकस्य,-10.9317,1,starts_with_dependent_vowel
8563,▁इन्द्रः,इन्द्रः,-10.932,1,contains_special_A
8566,यसः,यसः,-10.9322,0,contains_special_A
8578,लंकार,लंकार,-10.9331,1,contains_special_A
8580,बलात्,बलात्,-10.9334,1,ends_with_virama
8585,ोपवास,ोपवास,-10.9339,2,starts_with_dependent_vowel
8586,▁अवस्यं,अवस्यं,-10.9341,1,contains_special_A
8591,ैकेन,ैकेन,-10.9345,2,starts_with_dependent_vowel
8594,▁घृतं,घृतं,-10.9346,1,contains_special_A
8598,चिन्,चिन्,-10.9348,1,ends_with_virama
8607,ात्मत्व,ात्मत्व,-10.9361,1,starts_with_dependent_vowel
8608,▁सास्त्रं,सास्त्रं,-10.9362,1,contains_special_A
8610,▁संस्,संस्,-10.9362,0,contains_special_A;ends_with_virama
8611,ेतदेव,ेतदेव,-10.9362,2,starts_with_dependent_vowel
8612,▁प्रवृत्तिः,प्रवृत्तिः,-10.9364,2,contains_special_A
8617,जातं,जातं,-10.9371,1,contains_special_A
8619,▁सुतं,सुतं,-10.9374,1,contains_special_A
8620,▁घ्राणसंस्पर्स,घ्राणसंस्पर्स,-10.9374,1,contains_special_A
8624,▁दक्षिणं,दक्षिणं,-10.9379,1,contains_special_A
8633,ीहि,ीहि,-10.9383,2,starts_with_dependent_vowel
8638,▁प्रतिपत्,प्रतिपत्,-10.939,1,ends_with_virama
8640,वसं,वसं,-10.9391,0,contains_special_A
8641,ुत्थित,ुत्थित,-10.9395,2,starts_with_dependent_vowel
8643,▁सम्यक्संबोधिम,सम्यक्संबोधिम,-10.9397,2,contains_special_A
8647,यू,यू,-10.94,1,simple_cv
8649,नियमः,नियमः,-10.9401,1,contains_special_A
8651,▁खं,खं,-10.9401,0,contains_special_A
8654,स्वरूपं,स्वरूपं,-10.9402,1,contains_special_A
8662,ुद्देस,ुद्देस,-10.9413,2,starts_with_dependent_vowel
8664,▁तावन्,तावन्,-10.9418,1,ends_with_virama
8667,ायुः,ायुः,-10.9422,2,starts_with_dependent_vowel;contains_special_A
8671,▁पुंसां,पुंसां,-10.9428,2,contains_special_A
8676,ेयुर्,ेयुर्,-10.9431,2,starts_with_dependent_vowel;ends_with_virama
8677,▁सङ्,सङ्,-10.9431,0,ends_with_virama
8678,▁कार्यम्,कार्यम्,-10.9432,1,ends_with_virama
8680,ात्तथा,ात्तथा,-10.9432,2,starts_with_dependent_vowel
8681,नीयम्,नीयम्,-10.9433,1,ends_with_virama
8684,ूनि,ूनि,-10.9435,2,starts_with_dependent_vowel
8692,भगवन्,भगवन्,-10.9444,0,ends_with_virama
8693,▁मिथः,मिथः,-10.9445,1,contains_special_A
8695,ुपपद्यते,ुपपद्यते,-10.9447,2,starts_with_dependent_vowel
8702,लोकं,लोकं,-10.9454,1,contains_special_A
8708,▁सन्तः,सन्तः,-10.9461,0,contains_special_A
8717,▁संताप,संताप,-10.9469,1,contains_special_A
8718,ोऽयम्,ोऽयम्,-10.9469,1,starts_with_dependent_vowel;contains_special_A;ends_with_virama
8724,गमनं,गमनं,-10.9479,0,contains_special_A
8725,▁चैतत्,चैतत्,-10.948,1,ends_with_virama
8730,▁वरम्,वरम्,-10.9487,0,ends_with_virama
8732,ान्धकार,ान्धकार,-10.9489,2,starts_with_dependent_vowel
8733,▁निर्देसः,निर्देसः,-10.9489,2,contains_special_A
8734,▁एतं,एतं,-10.9489,1,contains_special_A
8735,ाहुर्,ाहुर्,-10.9491,2,starts_with_dependent_vowel;ends_with_virama
8737,▁सत्यम्,सत्यम्,-10.9494,0,ends_with_virama
8742,टः,टः,-10.9498,0,contains_special_A
8745,प्रयोगः,प्रयोगः,-10.9503,1,contains_special_A
8746,िकाम्,िकाम्,-10.9503,2,starts_with_dependent_vowel;ends_with_virama
8747,ानुगुण,ानुगुण,-10.9504,3,starts_with_dependent_vowel
8748,▁संयम,संयम,-10.9507,0,contains_special_A
8753,▁बुधैः,बुधैः,-10.9513,2,contains_special_A
8754,▁संवृति,संवृति,-10.9513,2,contains_special_A
8760,▁गतिर्,गतिर्,-10.9521,1,ends_with_virama
8765,ानुपपत्ति,ानुपपत्ति,-10.9527,3,starts_with_dependent_vowel
8767,▁साधनं,साधनं,-10.9529,1,contains_special_A
8771,पर्यन्तं,पर्यन्तं,-10.953,0,contains_special_A
8772,▁कृत्स्नं,कृत्स्नं,-10.9532,1,contains_special_A
8777,पस्यत्,पस्यत्,-10.9536,0,ends_with_virama
8780,▁पाण्डवानां,पाण्डवानां,-10.9537,3,contains_special_A
8782,सत्त्वं,सत्त्वं,-10.954,0,contains_special_A
8791,सक्तिः,सक्तिः,-10.9553,1,contains_special_A
8794,▁इत्य्,इत्य्,-10.9558,1,ends_with_virama
8802,▁संगम,संगम,-10.9571,0,contains_special_A
8804,ाद्युक्त,ाद्युक्त,-10.9574,2,starts_with_dependent_vowel
8807,जी,जी,-10.9576,1,simple_cv
8810,ागत्य,ागत्य,-10.9579,1,starts_with_dependent_vowel
8814,ास्रयण,ास्रयण,-10.9588,1,starts_with_dependent_vowel
8820,▁संवर्त,संवर्त,-10.9593,0,contains_special_A
8822,ाकाङ्क्षा,ाकाङ्क्षा,-10.9597,3,starts_with_dependent_vowel
8825,ांस्तान्,ांस्तान्,-10.9598,2,starts_with_dependent_vowel;contains_special_A;ends_with_virama
8827,द्रव्यं,द्रव्यं,-10.9602,0,contains_special_A
8829,ार्जित,ार्जित,-10.9608,2,starts_with_dependent_vowel
8830,▁स्रूयतां,स्रूयतां,-10.9609,2,contains_special_A
8831,▁सिद्धिं,सिद्धिं,-10.9609,2,contains_special_A
8839,ुपपत्ति,ुपपत्ति,-10.9615,2,starts_with_dependent_vowel
8840,सेषं,सेषं,-10.9616,1,contains_special_A
8844,ाकारेण,ाकारेण,-10.9617,3,starts_with_dependent_vowel
8848,ायतनं,ायतनं,-10.9624,1,starts_with_dependent_vowel;contains_special_A
8849,▁संस्थान,संस्थान,-10.9625,1,contains_special_A
8852,संगम,संगम,-10.9629,0,contains_special_A
8855,▁धनम्,धनम्,-10.963,0,ends_with_virama
8858,▁नभः,नभः,-10.9634,0,contains_special_A
8859,ोपविष्ट,ोपविष्ट,-10.9634,2,starts_with_dependent_vowel
8863,ेत्युच्यते,ेत्युच्यते,-10.9639,3,starts_with_dependent_vowel
8864,ाग्ने,ाग्ने,-10.9639,2,starts_with_dependent_vowel
8865,▁निःस्व,निःस्व,-10.964,1,contains_special_A
8866,वासिनः,वासिनः,-10.9642,2,contains_special_A
8867,ाष्टम,ाष्टम,-10.9642,1,starts_with_dependent_vowel
8873,▁स्रोत्रसंस्पर्स,स्रोत्रसंस्पर्स,-10.9647,1,contains_special_A
8874,प्रियः,प्रियः,-10.9648,1,contains_special_A
8877,▁संहार,संहार,-10.9653,1,contains_special_A
8879,ावसेष,ावसेष,-10.9654,2,starts_with_dependent_vowel
8881,ाणीति,ाणीति,-10.9656,3,starts_with_dependent_vowel
8882,ुदित,ुदित,-10.9658,2,starts_with_dependent_vowel
8891,▁धिक्,धिक्,-10.9664,1,ends_with_virama
8892,▁त्रिभिः,त्रिभिः,-10.9665,2,contains_special_A
8898,मित्,मित्,-10.9669,1,ends_with_virama
8900,तेर्,तेर्,-10.9673,1,ends_with_virama
8901,स्तस्माद्,स्तस्माद्,-10.9676,1,ends_with_virama
8905,ीर्य,ीर्य,-10.9677,1,starts_with_dependent_vowel
8909,ायेति,ायेति,-10.9678,3,starts_with_dependent_vowel
8912,▁पाठः,पाठः,-10.9681,1,contains_special_A
8913,नीयं,नीयं,-10.9683,1,contains_special_A
8922,▁पक्षः,पक्षः,-10.969,0,contains_special_A
8925,तोऽन्य,तोऽन्य,-10.9694,1,contains_special_A
8926,▁गावः,गावः,-10.9694,1,contains_special_A
8936,ालाप,ालाप,-10.9703,2,starts_with_dependent_vowel
8941,▁सुहृद्,सुहृद्,-10.9707,2,ends_with_virama
8945,िष्यामः,िष्यामः,-10.9711,2,starts_with_dependent_vowel;contains_special_A
8948,न्यद्,न्यद्,-10.9713,0,ends_with_virama
8955,ावस्थान,ावस्थान,-10.9718,2,starts_with_dependent_vowel
8956,िष्यत,िष्यत,-10.972,1,starts_with_dependent_vowel
8959,व्रतं,व्रतं,-10.9722,0,contains_special_A
8961,▁कायसंस्पर्स,कायसंस्पर्स,-10.9726,1,contains_special_A
8964,▁भि,भि,-10.9728,1,simple_cv
8967,▁गतम्,गतम्,-10.9732,0,ends_with_virama
8977,ोत्सुक,ोत्सुक,-10.974,2,starts_with_dependent_vowel
8979,ोपमः,ोपमः,-10.974,1,starts_with_dependent_vowel;contains_special_A
8984,▁अग्निः,अग्निः,-10.9744,2,contains_special_A
8994,िणाम्,िणाम्,-10.9752,2,starts_with_dependent_vowel;ends_with_virama
8995,▁पितॄणां,पितॄणां,-10.9753,3,contains_special_A
8997,▁संबुद्ध,संबुद्ध,-10.9761,1,contains_special_A
9000,दृग्,दृग्,-10.9764,1,ends_with_virama
9004,▁सीतां,सीतां,-10.9766,2,contains_special_A
9008,▁असत्,असत्,-10.9769,1,ends_with_virama
9010,▁क्षिपेत्,क्षिपेत्,-10.9771,2,ends_with_virama
9011,▁पिबेत्,पिबेत्,-10.9771,2,ends_with_virama
9015,न्तरं,न्तरं,-10.9777,0,contains_special_A
9024,ाल्,ाल्,-10.9781,1,starts_with_dependent_vowel;ends_with_virama
9025,▁क्षणात्,क्षणात्,-10.9784,1,ends_with_virama
9029,▁संपूज्य,संपूज्य,-10.9788,1,contains_special_A
9032,ार्धं,ार्धं,-10.9791,1,starts_with_dependent_vowel;contains_special_A
9034,▁सनातनम्,सनातनम्,-10.9793,1,ends_with_virama
9037,ित्येव,ित्येव,-10.9796,2,starts_with_dependent_vowel
9040,▁योऽयं,योऽयं,-10.9798,1,contains_special_A
9041,ोऽस्तु,ोऽस्तु,-10.9799,2,starts_with_dependent_vowel;contains_special_A
9049,ालयम्,ालयम्,-10.9808,1,starts_with_dependent_vowel;ends_with_virama
9051,ान्तिके,ान्तिके,-10.981,3,starts_with_dependent_vowel
9052,स्मत्,स्मत्,-10.9811,0,ends_with_virama
9058,सर्वं,सर्वं,-10.9815,0,contains_special_A
9065,▁दृ,दृ,-10.9822,1,simple_cv
9069,▁स्रेष्ठं,स्रेष्ठं,-10.9825,1,contains_special_A
9072,▁हविः,हविः,-10.9828,1,contains_special_A
9077,ीष्ट,ीष्ट,-10.9835,1,starts_with_dependent_vowel
9084,ुपस्थित,ुपस्थित,-10.9846,2,starts_with_dependent_vowel
9085,ाक्षिप्त,ाक्षिप्त,-10.9846,2,starts_with_dependent_vowel
9087,▁संपन्न,संपन्न,-10.985,0,contains_special_A
9096,▁ततोऽन्य,ततोऽन्य,-10.986,1,contains_special_A
9098,▁ज्ञेयः,ज्ञेयः,-10.9861,1,contains_special_A
9099,वनम्,वनम्,-10.9861,0,ends_with_virama
9101,ग्रहणात्,ग्रहणात्,-10.9862,1,ends_with_virama
9102,▁तदेतत्,तदेतत्,-10.9863,1,ends_with_virama
9105,ेषूप,ेषूप,-10.9869,2,starts_with_dependent_vowel
9108,लोचनः,लोचनः,-10.987,1,contains_special_A
9110,ानव,ानव,-10.9871,1,starts_with_dependent_vowel
9111,तू,तू,-10.9871,1,simple_cv
9113,सहस्रं,सहस्रं,-10.9872,0,contains_special_A
9114,साधनम्,साधनम्,-10.9873,1,ends_with_virama
9119,▁संयत,संयत,-10.9876,0,contains_special_A
9120,▁पस्येत्,पस्येत्,-10.9877,1,ends_with_virama
9125,िण्या,िण्या,-10.9879,2,starts_with_dependent_vowel
9129,ेष्ठ,ेष्ठ,-10.9885,1,starts_with_dependent_vowel
9130,ार्ष,ार्ष,-10.989,1,starts_with_dependent_vowel
9135,पू,पू,-10.9894,1,simple_cv
9136,▁पै,पै,-10.9896,1,simple_cv
9138,ितव्यः,ितव्यः,-10.99,1,starts_with_dependent_vowel;contains_special_A
9141,▁भवेयुः,भवेयुः,-10.9904,2,contains_special_A
9143,्तुं,्तुं,-10.9904,1,contains_special_A
9145,चूर्णं,चूर्णं,-10.9906,1,contains_special_A
9146,ोक्तिः,ोक्तिः,-10.9907,2,starts_with_dependent_vowel;contains_special_A
9149,▁धातोः,धातोः,-10.9909,2,contains_special_A
9150,संभूत,संभूत,-10.9911,1,contains_special_A
9153,▁चेतः,चेतः,-10.9914,1,contains_special_A
9154,ायास,ायास,-10.9915,2,starts_with_dependent_vowel
9155,पतिम्,पतिम्,-10.9915,1,ends_with_virama
9157,पात्रं,पात्रं,-10.9917,1,contains_special_A
9158,क्रमः,क्रमः,-10.9918,0,contains_special_A
9159,नन्तरम्,नन्तरम्,-10.9918,0,ends_with_virama
9161,▁हतः,हतः,-10.9925,0,contains_special_A
9162,स्थितम्,स्थितम्,-10.9925,1,ends_with_virama
9164,धातोः,धातोः,-10.9926,2,contains_special_A
9167,▁भूमिं,भूमिं,-10.9929,2,contains_special_A
9171,ुस्ते,ुस्ते,-10.9933,2,starts_with_dependent_vowel
9177,ाद्यैः,ाद्यैः,-10.9937,2,starts_with_dependent_vowel;contains_special_A
9180,त्वेऽ,त्वेऽ,-10.9944,1,contains_special_A
9182,रूपत्वात्,रूपत्वात्,-10.9947,2,ends_with_virama
9183,ेमां,ेमां,-10.9948,2,starts_with_dependent_vowel;contains_special_A
9190,ावती,ावती,-10.9955,2,starts_with_dependent_vowel
9196,न्योन्यं,न्योन्यं,-10.9963,1,contains_special_A
9198,▁सोऽप्य,सोऽप्य,-10.9965,1,contains_special_A
9199,ौषधि,ौषधि,-10.9966,2,starts_with_dependent_vowel
9200,मरिंदम,मरिंदम,-10.9966,1,contains_special_A
9201,भृत्,भृत्,-10.997,1,ends_with_virama
9202,ोऽयमिति,ोऽयमिति,-10.997,3,starts_with_dependent_vowel;contains_special_A
9205,▁सिद्धः,सिद्धः,-10.9973,1,contains_special_A
9206,▁महाबलाः,महाबलाः,-10.9973,2,contains_special_A
9207,वाहनः,वाहनः,-10.9973,1,contains_special_A
9209,ालये,ालये,-10.9975,2,starts_with_dependent_vowel
9220,ान्सं,ान्सं,-10.9985,1,starts_with_dependent_vowel;contains_special_A
9221,▁सिवं,सिवं,-10.9986,1,contains_special_A
9224,▁चत्वारः,चत्वारः,-10.9988,1,contains_special_A
9230,ापो,ापो,-10.9991,2,starts_with_dependent_vowel
9232,भूः,भूः,-10.9995,1,contains_special_A
9241,▁निस्चयः,निस्चयः,-11.0002,1,contains_special_A
9242,गतिं,गतिं,-11.0002,1,contains_special_A
9244,ोद्धृत,ोद्धृत,-11.0003,2,starts_with_dependent_vowel
9245,रियं,रियं,-11.0004,1,contains_special_A
9246,▁क्षयं,क्षयं,-11.0005,0,contains_special_A
9248,▁संतत,संतत,-11.0007,0,contains_special_A
9251,ोद्भूत,ोद्भूत,-11.0008,2,starts_with_dependent_vowel
9253,ान्तर्गत,ान्तर्गत,-11.001,1,starts_with_dependent_vowel
9254,▁ब्राह्मणानां,ब्राह्मणानां,-11.0012,3,contains_special_A
9262,मयम्,मयम्,-11.0024,0,ends_with_virama
9264,ुषा,ुषा,-11.0028,2,starts_with_dependent_vowel
9267,▁सकलं,सकलं,-11.0029,0,contains_special_A
9270,ाकृष्ट,ाकृष्ट,-11.0032,2,starts_with_dependent_vowel
9271,ीकृता,ीकृता,-11.0032,3,starts_with_dependent_vowel
9272,ोपात्त,ोपात्त,-11.0033,2,starts_with_dependent_vowel
9276,ोत्पादन,ोत्पादन,-11.0036,2,starts_with_dependent_vowel
9282,ात्मन्,ात्मन्,-11.004,1,starts_with_dependent_vowel;ends_with_virama
9283,▁संनि,संनि,-11.0041,1,contains_special_A
9286,धर्मः,धर्मः,-11.0044,0,contains_special_A
9287,ादिष्ट,ादिष्ट,-11.0045,2,starts_with_dependent_vowel
9289,ाग्नौ,ाग्नौ,-11.0047,2,starts_with_dependent_vowel
9296,▁सूत्रम्,सूत्रम्,-11.0052,1,ends_with_virama
9305,ादृष्ट,ादृष्ट,-11.006,2,starts_with_dependent_vowel
9308,ाङ्कित,ाङ्कित,-11.0062,2,starts_with_dependent_vowel
9311,ोपसम,ोपसम,-11.0062,1,starts_with_dependent_vowel
9314,ाभिभूत,ाभिभूत,-11.0066,3,starts_with_dependent_vowel
9315,▁पितरः,पितरः,-11.0067,1,contains_special_A
9316,ोर्मि,ोर्मि,-11.0067,2,starts_with_dependent_vowel
9317,▁भगवद्,भगवद्,-11.0067,0,ends_with_virama
9321,▁भिक्षुः,भिक्षुः,-11.0072,2,contains_special_A
9323,धातुर्,धातुर्,-11.0073,2,ends_with_virama
9324,ाकासे,ाकासे,-11.0073,3,starts_with_dependent_vowel
9327,ोत्तमा,ोत्तमा,-11.0076,2,starts_with_dependent_vowel
9329,ायुत,ायुत,-11.0076,2,starts_with_dependent_vowel
9333,िदानीं,िदानीं,-11.0081,3,starts_with_dependent_vowel;contains_special_A
9335,ौप,ौप,-11.0083,1,starts_with_dependent_vowel
9337,वु,वु,-11.0083,1,simple_cv
9344,▁न्यसेत्,न्यसेत्,-11.0089,1,ends_with_virama
9345,▁भिक्षुसंघ,भिक्षुसंघ,-11.0092,2,contains_special_A
9352,कारिणः,कारिणः,-11.0098,2,contains_special_A
9360,ोद्गत,ोद्गत,-11.0105,1,starts_with_dependent_vowel
9361,ाक्त,ाक्त,-11.0106,1,starts_with_dependent_vowel
9364,ानन्त्य,ानन्त्य,-11.011,1,starts_with_dependent_vowel
9369,▁मानसं,मानसं,-11.0117,1,contains_special_A
9370,▁पाण्डवाः,पाण्डवाः,-11.0119,2,contains_special_A
9375,ान्परि,ान्परि,-11.013,2,starts_with_dependent_vowel
9378,▁दर्सनम्,दर्सनम्,-11.0132,0,ends_with_virama
9380,ोपलक्षण,ोपलक्षण,-11.0133,1,starts_with_dependent_vowel
9387,ायामपि,ायामपि,-11.0141,3,starts_with_dependent_vowel
9391,▁सम्यक्संबोधि,सम्यक्संबोधि,-11.0148,2,contains_special_A
9397,ुपकार,ुपकार,-11.0159,2,starts_with_dependent_vowel
9400,▁विभुः,विभुः,-11.0162,2,contains_special_A
9401,ाद्यैर्,ाद्यैर्,-11.0163,2,starts_with_dependent_vowel;ends_with_virama
9402,▁वायुर्,वायुर्,-11.0163,2,ends_with_virama
9409,ाम्नाय,ाम्नाय,-11.0168,2,starts_with_dependent_vowel
9413,ितौ,ितौ,-11.0173,2,starts_with_dependent_vowel
9414,ान्देव,ान्देव,-11.0173,2,starts_with_dependent_vowel
9415,ानी,ानी,-11.0174,2,starts_with_dependent_vowel
9416,पूर्वकम्,पूर्वकम्,-11.0175,1,ends_with_virama
9418,निस्चयः,निस्चयः,-11.0176,1,contains_special_A
9420,▁दे,दे,-11.0178,1,simple_cv
9427,▁पादः,पादः,-11.0184,1,contains_special_A
9430,ादीति,ादीति,-11.0187,3,starts_with_dependent_vowel
9431,▁भिः,भिः,-11.0189,1,contains_special_A
9434,▁सर्वमिदं,सर्वमिदं,-11.0191,1,contains_special_A
9435,ुचित,ुचित,-11.0191,2,starts_with_dependent_vowel
9438,ौजस,ौजस,-11.0194,1,starts_with_dependent_vowel
9442,क्षयं,क्षयं,-11.0196,0,contains_special_A
9445,▁त्रिविधं,त्रिविधं,-11.02,2,contains_special_A
9447,▁सिंहनाद,सिंहनाद,-11.0201,2,contains_special_A
9448,▁सुराः,सुराः,-11.0202,2,contains_special_A
9451,ासन्,ासन्,-11.0206,1,starts_with_dependent_vowel;ends_with_virama
9453,ैरभि,ैरभि,-11.0212,2,starts_with_dependent_vowel
9459,ेक्षणा,ेक्षणा,-11.0215,2,starts_with_dependent_vowel
9461,▁धू,धू,-11.0217,1,simple_cv
9466,दृष्टं,दृष्टं,-11.0224,1,contains_special_A
9483,युद्धं,युद्धं,-11.0245,1,contains_special_A
9488,▁क्षेत्रं,क्षेत्रं,-11.025,1,contains_special_A
9492,ुदार,ुदार,-11.0255,2,starts_with_dependent_vowel
9505,▁सायं,सायं,-11.0267,1,contains_special_A
9518,▁भवत्,भवत्,-11.0281,0,ends_with_virama
9523,प्रसंग,प्रसंग,-11.029,0,contains_special_A
9528,▁परमार्थतः,परमार्थतः,-11.0292,1,contains_special_A
9530,▁गतं,गतं,-11.0293,0,contains_special_A
9532,▁मण्डलं,मण्डलं,-11.0296,0,contains_special_A
9534,▁सान्तं,सान्तं,-11.0298,1,contains_special_A
9540,ाजिन,ाजिन,-11.03,2,starts_with_dependent_vowel
9541,ेऽभि,ेऽभि,-11.0302,2,starts_with_dependent_vowel;contains_special_A
9542,ास्रव,ास्रव,-11.0304,1,starts_with_dependent_vowel
9546,ुपलब्ध,ुपलब्ध,-11.0306,1,starts_with_dependent_vowel
9547,ास्मिन्,ास्मिन्,-11.0306,2,starts_with_dependent_vowel;ends_with_virama
9551,प्रतीतेः,प्रतीतेः,-11.0311,2,contains_special_A
9555,रथं,रथं,-11.0313,0,contains_special_A
9561,ाख्यः,ाख्यः,-11.0318,1,starts_with_dependent_vowel;contains_special_A
9562,ानामिव,ानामिव,-11.0319,3,starts_with_dependent_vowel
9564,▁चैनं,चैनं,-11.0319,1,contains_special_A
9566,मभूत्,मभूत्,-11.0324,1,ends_with_virama
9570,ेत्तु,ेत्तु,-11.0329,2,starts_with_dependent_vowel
9571,▁एकस्मिन्,एकस्मिन्,-11.0329,2,ends_with_virama
9574,संस्रय,संस्रय,-11.0331,0,contains_special_A
9575,▁असं,असं,-11.0331,1,contains_special_A
9577,▁विपुलं,विपुलं,-11.0335,2,contains_special_A
9585,ुत्त,ुत्त,-11.0343,1,starts_with_dependent_vowel
9586,▁हरिं,हरिं,-11.0345,1,contains_special_A
9590,ान्युप,ान्युप,-11.0348,2,starts_with_dependent_vowel
9592,▁भवतां,भवतां,-11.0353,1,contains_special_A
9593,▁नपुंसक,नपुंसक,-11.0354,1,contains_special_A
9598,ोऽसाव,ोऽसाव,-11.0359,2,starts_with_dependent_vowel;contains_special_A
9608,विषयत्वात्,विषयत्वात्,-11.0365,2,ends_with_virama
9610,ूढ,ूढ,-11.0367,1,starts_with_dependent_vowel
9612,▁वाच्यं,वाच्यं,-11.0369,1,contains_special_A
9614,▁लोकाः,लोकाः,-11.0372,2,contains_special_A
9617,ैर्बहु,ैर्बहु,-11.0375,2,starts_with_dependent_vowel
9622,ेच्छया,ेच्छया,-11.0378,2,starts_with_dependent_vowel
9623,संयुत,संयुत,-11.0378,1,contains_special_A
9625,ैर्देव,ैर्देव,-11.038,2,starts_with_dependent_vowel
9629,ूयते,ूयते,-11.0384,2,starts_with_dependent_vowel
9630,ूप,ूप,-11.0385,1,starts_with_dependent_vowel
9631,▁मातुः,मातुः,-11.0386,2,contains_special_A
9633,ैनां,ैनां,-11.0388,2,starts_with_dependent_vowel;contains_special_A
9642,▁बलिं,बलिं,-11.0398,1,contains_special_A
9645,▁पात्रं,पात्रं,-11.0399,1,contains_special_A
9646,▁संवित्,संवित्,-11.0403,1,contains_special_A;ends_with_virama
9653,▁वृद्धिः,वृद्धिः,-11.0405,2,contains_special_A
9654,▁भु,भु,-11.0405,1,simple_cv
9656,▁द्वयं,द्वयं,-11.0406,0,contains_special_A
9657,गौ,गौ,-11.041,1,simple_cv
9667,▁स्रोत्रं,स्रोत्रं,-11.0421,1,contains_special_A
9668,चरन्,चरन्,-11.0422,0,ends_with_virama
9669,▁वत्,वत्,-11.0425,0,ends_with_virama
9670,▁यतोऽ,यतोऽ,-11.0425,1,contains_special_A
9672,ोपेता,ोपेता,-11.043,3,starts_with_dependent_vowel
9673,▁यस्याः,यस्याः,-11.043,1,contains_special_A
9674,ेमं,ेमं,-11.0432,1,starts_with_dependent_vowel;contains_special_A
9676,▁मानवाः,मानवाः,-11.0437,2,contains_special_A
9678,▁प्रियः,प्रियः,-11.0439,1,contains_special_A
9680,▁चेदं,चेदं,-11.044,1,contains_special_A
9684,षड्,षड्,-11.0446,0,ends_with_virama
9690,ोद्यम,ोद्यम,-11.0451,1,starts_with_dependent_vowel
9691,ेऽहनि,ेऽहनि,-11.0452,2,starts_with_dependent_vowel;contains_special_A
9693,सूत्रं,सूत्रं,-11.0453,1,contains_special_A
9695,ानामेक,ानामेक,-11.0456,3,starts_with_dependent_vowel
9698,▁पृष्ठतः,पृष्ठतः,-11.0463,1,contains_special_A
9700,ध्वम्,ध्वम्,-11.0465,0,ends_with_virama
9702,▁दण्डः,दण्डः,-11.0467,0,contains_special_A
9703,▁कुतोऽ,कुतोऽ,-11.0469,2,contains_special_A
9707,▁येऽपि,येऽपि,-11.0474,2,contains_special_A
9709,राज्यं,राज्यं,-11.0475,1,contains_special_A
9710,▁संजात,संजात,-11.0477,1,contains_special_A
9717,ादिर,ादिर,-11.048,2,starts_with_dependent_vowel
9718,ाचक्षते,ाचक्षते,-11.0481,2,starts_with_dependent_vowel
9719,ैस,ैस,-11.0482,1,starts_with_dependent_vowel
9720,सम्यक्,सम्यक्,-11.0482,0,ends_with_virama
9724,▁योगं,योगं,-11.0484,1,contains_special_A
9726,ित्यत,ित्यत,-11.0485,1,starts_with_dependent_vowel
9729,▁संस्काराः,संस्काराः,-11.0487,2,contains_special_A
9736,स्थितिः,स्थितिः,-11.0495,2,contains_special_A
9740,▁स्मरन्,स्मरन्,-11.05,0,ends_with_virama
9745,ीयो,ीयो,-11.0506,2,starts_with_dependent_vowel
9750,▁प्रामाण्यं,प्रामाण्यं,-11.051,2,contains_special_A
9753,वर्जितम्,वर्जितम्,-11.0514,1,ends_with_virama
9754,▁मरुत्,मरुत्,-11.0517,1,ends_with_virama
9756,ान्सु,ान्सु,-11.0521,2,starts_with_dependent_vowel
9759,ार्थिन,ार्थिन,-11.0527,2,starts_with_dependent_vowel
9764,प्राप्तिः,प्राप्तिः,-11.0531,2,contains_special_A
9765,ासाव,ासाव,-11.0531,2,starts_with_dependent_vowel
9766,▁प्रकृतिं,प्रकृतिं,-11.0534,2,contains_special_A
9774,परिग्रहः,परिग्रहः,-11.0543,1,contains_special_A
9778,ार्या,ार्या,-11.0549,2,starts_with_dependent_vowel
9779,चक्रं,चक्रं,-11.0549,0,contains_special_A
9780,▁भोजनं,भोजनं,-11.0549,1,contains_special_A
9782,रत्नं,रत्नं,-11.0555,0,contains_special_A
9795,सस्,सस्,-11.0567,0,ends_with_virama
9798,म्तत्,म्तत्,-11.057,0,ends_with_virama
9800,▁संयुक्तो,संयुक्तो,-11.0573,2,contains_special_A
9806,पौ,पौ,-11.0579,1,simple_cv
9810,गणैः,गणैः,-11.0585,1,contains_special_A
9812,▁बोध्यम्,बोध्यम्,-11.0588,1,ends_with_virama
9813,ुपचार,ुपचार,-11.0589,2,starts_with_dependent_vowel
9817,▁वी,वी,-11.0591,1,simple_cv
9822,▁प्रातर्,प्रातर्,-11.0595,1,ends_with_virama
9823,युर्,युर्,-11.0595,1,ends_with_virama
9824,▁विहितं,विहितं,-11.0596,2,contains_special_A
9826,तरः,तरः,-11.06,0,contains_special_A
9829,भृतां,भृतां,-11.0608,2,contains_special_A
9830,करणम्,करणम्,-11.0609,0,ends_with_virama
9832,ाज्ज,ाज्ज,-11.0611,1,starts_with_dependent_vowel
9838,▁दर्सितम्,दर्सितम्,-11.0619,1,ends_with_virama
9843,त्वाभावात्,त्वाभावात्,-11.0623,3,ends_with_virama
9846,▁संकेत,संकेत,-11.0626,1,contains_special_A
9849,ुपासन,ुपासन,-11.0628,2,starts_with_dependent_vowel
9850,मण्डलं,मण्डलं,-11.063,0,contains_special_A
9851,▁अवकासः,अवकासः,-11.063,2,contains_special_A
9855,▁नित्यसः,नित्यसः,-11.0634,1,contains_special_A
9857,िषि,िषि,-11.0635,2,starts_with_dependent_vowel
9858,ेष्विति,ेष्विति,-11.0638,3,starts_with_dependent_vowel
9863,▁एतेषां,एतेषां,-11.064,3,contains_special_A
9867,ोत्सर्ग,ोत्सर्ग,-11.0644,1,starts_with_dependent_vowel
9869,▁पितामहः,पितामहः,-11.0646,2,contains_special_A
9877,▁ऽआ,ऽआ,-11.0652,1,contains_special_A
9885,ाग्निहोत्र,ाग्निहोत्र,-11.0664,3,starts_with_dependent_vowel
9886,▁सतम्,सतम्,-11.0665,0,ends_with_virama
9889,ादिभेद,ादिभेद,-11.0672,3,starts_with_dependent_vowel
9890,कैर्,कैर्,-11.0672,1,ends_with_virama
9894,▁पाण्डवः,पाण्डवः,-11.0679,1,contains_special_A
9897,ैकादस,ैकादस,-11.0682,2,starts_with_dependent_vowel
9898,▁संमत,संमत,-11.0683,0,contains_special_A
9900,ितव्याः,ितव्याः,-11.0685,2,starts_with_dependent_vowel;contains_special_A
9901,▁नामधेयं,नामधेयं,-11.0685,2,contains_special_A
9911,ाणं,ाणं,-11.0693,1,starts_with_dependent_vowel;contains_special_A
9919,ान्विता,ान्विता,-11.07,3,starts_with_dependent_vowel
9920,▁मतं,मतं,-11.0702,0,contains_special_A
9922,पां,पां,-11.0704,1,contains_special_A
9924,▁हृ,हृ,-11.0705,1,simple_cv
9926,ानाह,ानाह,-11.0706,2,starts_with_dependent_vowel
9933,ाख्ये,ाख्ये,-11.0712,2,starts_with_dependent_vowel
9936,ेवेति,ेवेति,-11.0715,3,starts_with_dependent_vowel
9945,▁महारथाः,महारथाः,-11.0723,2,contains_special_A
9949,ापयेत्,ापयेत्,-11.0726,2,starts_with_dependent_vowel;ends_with_virama
9951,धू,धू,-11.0729,1,simple_cv
9954,नृ,नृ,-11.0732,1,simple_cv
9959,▁बलम्,बलम्,-11.0738,0,ends_with_virama
9961,िष्णु,िष्णु,-11.074,2,starts_with_dependent_vowel
9965,मेतदवोचत्,मेतदवोचत्,-11.0742,2,ends_with_virama
9967,मिमाम्,मिमाम्,-11.0745,2,ends_with_virama
9970,ोत्कट,ोत्कट,-11.0747,1,starts_with_dependent_vowel
9982,▁देहं,देहं,-11.0763,1,contains_special_A
9991,णात्,णात्,-11.0773,1,ends_with_virama
9992,संवत्सर,संवत्सर,-11.0775,0,contains_special_A
9994,ाहम,ाहम,-11.0778,1,starts_with_dependent_vowel
9995,ाभोग,ाभोग,-11.0779,2,starts_with_dependent_vowel
9999,▁गुणानां,गुणानां,-11.0784,3,contains_special_A
10000,▁प्रोक्तः,प्रोक्तः,-11.0787,1,contains_special_A
10001,भ्योऽ,भ्योऽ,-11.0787,1,contains_special_A
10006,ानिष्ट,ानिष्ट,-11.0791,2,starts_with_dependent_vowel
10008,ुपपन्न,ुपपन्न,-11.0794,1,starts_with_dependent_vowel
10010,▁एतन्,एतन्,-11.0796,1,ends_with_virama
10020,ाम्बुद,ाम्बुद,-11.0804,2,starts_with_dependent_vowel
10025,यन्तः,यन्तः,-11.0808,0,contains_special_A
10026,▁प्रयत्नतः,प्रयत्नतः,-11.0808,0,contains_special_A
10028,▁पतितं,पतितं,-11.081,1,contains_special_A
10029,मतिः,मतिः,-11.0814,1,contains_special_A
10030,▁दिसं,दिसं,-11.0816,1,contains_special_A
10031,ाद्धर्म,ाद्धर्म,-11.0817,1,starts_with_dependent_vowel
10033,▁पौ,पौ,-11.0822,1,simple_cv
10034,▁चाहं,चाहं,-11.0823,1,contains_special_A
10039,ासया,ासया,-11.083,2,starts_with_dependent_vowel
10040,▁तस्मिं,तस्मिं,-11.083,1,contains_special_A
10042,बहिर्,बहिर्,-11.0834,1,ends_with_virama
10043,▁उपसंक्रम्य,उपसंक्रम्य,-11.0835,1,contains_special_A
10050,▁यस्,यस्,-11.0843,0,ends_with_virama
10053,▁क्षीरं,क्षीरं,-11.0846,1,contains_special_A
10055,स्मद्,स्मद्,-11.0847,0,ends_with_virama
10058,▁तेषाम्,तेषाम्,-11.0851,2,ends_with_virama
10059,मागतम्,मागतम्,-11.0852,1,ends_with_virama
10064,▁नृणां,नृणां,-11.0854,2,contains_special_A
10066,ाग्रतः,ाग्रतः,-11.0859,1,starts_with_dependent_vowel;contains_special_A
10067,ातक,ातक,-11.0859,1,starts_with_dependent_vowel
10068,संवेदन,संवेदन,-11.0862,1,contains_special_A
10070,▁प्राणिनां,प्राणिनां,-11.0864,3,contains_special_A
10075,▁ढ,ढ,-11.0872,0,simple_cv
10078,▁किमर्थम्,किमर्थम्,-11.0874,1,ends_with_virama
10079,ारोग्य,ारोग्य,-11.0876,2,starts_with_dependent_vowel
10083,▁यत्नतः,यत्नतः,-11.0879,0,contains_special_A
10085,ान्यस्य,ान्यस्य,-11.0881,1,starts_with_dependent_vowel
10086,हरं,हरं,-11.0881,0,contains_special_A
10092,चरितं,चरितं,-11.0886,1,contains_special_A
10094,विसंवाद,विसंवाद,-11.0888,2,contains_special_A
10097,▁वाक्यमब्रवीत्,वाक्यमब्रवीत्,-11.0889,2,ends_with_virama
10098,संपत्,संपत्,-11.089,0,contains_special_A;ends_with_virama
10101,▁काचित्,काचित्,-11.0895,2,ends_with_virama
10107,▁सचेत्,सचेत्,-11.0897,1,ends_with_virama
10109,परायणाः,परायणाः,-11.0899,2,contains_special_A
10111,ादप,ादप,-11.0901,1,starts_with_dependent_vowel
10114,ेत्येव,ेत्येव,-11.0903,2,starts_with_dependent_vowel
10116,▁त्रिंस,त्रिंस,-11.0904,1,contains_special_A
10122,▁जु,जु,-11.091,1,simple_cv
10123,ानीव,ानीव,-11.0911,2,starts_with_dependent_vowel
10129,▁ब्राह्मणं,ब्राह्मणं,-11.0918,1,contains_special_A
10130,▁वर्णानां,वर्णानां,-11.0918,2,contains_special_A
10131,ीत्यादि,ीत्यादि,-11.0919,3,starts_with_dependent_vowel
10132,ोद्धत,ोद्धत,-11.0919,1,starts_with_dependent_vowel
10136,▁महीं,महीं,-11.0927,1,contains_special_A
10143,▁महाबलम्,महाबलम्,-11.0938,1,ends_with_virama
10152,ास्तीति,ास्तीति,-11.0946,3,starts_with_dependent_vowel
10154,ाव्,ाव्,-11.0947,1,starts_with_dependent_vowel;ends_with_virama
10160,▁किमिदं,किमिदं,-11.0951,2,contains_special_A
10165,▁ब्रह्मचर्यं,ब्रह्मचर्यं,-11.0956,0,contains_special_A
10167,स्थितं,स्थितं,-11.0959,1,contains_special_A
10168,▁भवितव्यं,भवितव्यं,-11.0959,1,contains_special_A
10170,ृष,ृष,-11.0961,1,starts_with_dependent_vowel
10171,ात्मन्य,ात्मन्य,-11.0963,1,starts_with_dependent_vowel
10177,▁ब्राह्मणाः,ब्राह्मणाः,-11.0971,2,contains_special_A
10182,ाध्यास,ाध्यास,-11.0973,2,starts_with_dependent_vowel
10183,ूनाम,ूनाम,-11.0973,2,starts_with_dependent_vowel
10191,ांसुक,ांसुक,-11.0982,2,starts_with_dependent_vowel;contains_special_A
10195,ूर्ण,ूर्ण,-11.0983,1,starts_with_dependent_vowel
10203,मतिर्,मतिर्,-11.0988,1,ends_with_virama
10218,दुःखित,दुःखित,-11.1004,2,contains_special_A
10228,संसृष्ट,संसृष्ट,-11.1012,1,contains_special_A
10236,ाभिहित,ाभिहित,-11.102,3,starts_with_dependent_vowel
10238,ाणामपि,ाणामपि,-11.1021,3,starts_with_dependent_vowel
10239,▁दर्सितः,दर्सितः,-11.1021,1,contains_special_A
10240,ेस्वरम्,ेस्वरम्,-11.1022,1,starts_with_dependent_vowel;ends_with_virama
10243,ेन्धन,ेन्धन,-11.1025,1,starts_with_dependent_vowel
10247,▁कस्मिन्,कस्मिन्,-11.103,1,ends_with_virama
10250,ात्मकत्व,ात्मकत्व,-11.1033,1,starts_with_dependent_vowel
10251,ाद्भव,ाद्भव,-11.1034,1,starts_with_dependent_vowel
10253,मास्थितः,मास्थितः,-11.1035,2,contains_special_A
10261,ेत्युक्तम्,ेत्युक्तम्,-11.104,2,starts_with_dependent_vowel;ends_with_virama
10266,▁मांसं,मांसं,-11.1046,1,contains_special_A
10270,ेभिर,ेभिर,-11.105,2,starts_with_dependent_vowel
10276,नन्दनः,नन्दनः,-11.1056,0,contains_special_A
10290,ात्मजा,ात्मजा,-11.1072,2,starts_with_dependent_vowel
10291,ार्थत्वात्,ार्थत्वात्,-11.1074,2,starts_with_dependent_vowel;ends_with_virama
10296,▁खे,खे,-11.108,1,simple_cv
10300,संकर,संकर,-11.1085,0,contains_special_A
10305,ार्थान्तर,ार्थान्तर,-11.1088,2,starts_with_dependent_vowel
10306,प्रभुः,प्रभुः,-11.1089,1,contains_special_A
10309,▁दुःखेन,दुःखेन,-11.1091,2,contains_special_A
10311,▁मैवम्,मैवम्,-11.1093,1,ends_with_virama
10313,सून्यतायां,सून्यतायां,-11.1096,3,contains_special_A
10317,▁देवतानां,देवतानां,-11.1106,3,contains_special_A
10329,र्ऽथ,र्ऽथ,-11.1112,0,contains_special_A
10330,सिद्धम्,सिद्धम्,-11.1113,1,ends_with_virama
10333,ोपनिषद,ोपनिषद,-11.1115,2,starts_with_dependent_vowel
10340,ानित्यत्व,ानित्यत्व,-11.112,2,starts_with_dependent_vowel
10342,भ्युपगमात्,भ्युपगमात्,-11.1121,2,ends_with_virama
10349,तीर्थं,तीर्थं,-11.1128,1,contains_special_A
10353,▁संपूर्ण,संपूर्ण,-11.1134,1,contains_special_A
10355,▁प्रियम्,प्रियम्,-11.1138,1,ends_with_virama
10356,▁व्यक्तं,व्यक्तं,-11.1138,0,contains_special_A
10366,िनोऽ,िनोऽ,-11.1148,2,starts_with_dependent_vowel;contains_special_A
10370,ाध्यात्मिक,ाध्यात्मिक,-11.115,3,starts_with_dependent_vowel
10374,धर्माणां,धर्माणां,-11.1153,2,contains_special_A
10375,▁हरेर्,हरेर्,-11.1154,1,ends_with_virama
10376,िभिर,िभिर,-11.1155,2,starts_with_dependent_vowel
10381,ोऽन्यः,ोऽन्यः,-11.1161,1,starts_with_dependent_vowel;contains_special_A
10383,यमर्थः,यमर्थः,-11.1163,0,contains_special_A
10385,▁संचर,संचर,-11.1167,0,contains_special_A
10394,ोपन्यास,ोपन्यास,-11.1175,2,starts_with_dependent_vowel
10399,ोदकं,ोदकं,-11.1182,1,starts_with_dependent_vowel;contains_special_A
10400,ान्यथ,ान्यथ,-11.1182,1,starts_with_dependent_vowel
10402,▁सोमं,सोमं,-11.1183,1,contains_special_A
10403,▁मध्यं,मध्यं,-11.1185,0,contains_special_A
10404,ालक,ालक,-11.1185,1,starts_with_dependent_vowel
10407,चारिणः,चारिणः,-11.1189,2,contains_special_A
10411,ुत्कर्ष,ुत्कर्ष,-11.1195,1,starts_with_dependent_vowel
10412,▁वीरः,वीरः,-11.1198,1,contains_special_A
10418,▁हन्तुं,हन्तुं,-11.12,1,contains_special_A
10421,ान्दृष्ट्वा,ान्दृष्ट्वा,-11.1204,3,starts_with_dependent_vowel
10427,▁सामान्यं,सामान्यं,-11.121,2,contains_special_A
10429,▁गन्तुं,गन्तुं,-11.1211,1,contains_special_A
10434,ास्मै,ास्मै,-11.1215,2,starts_with_dependent_vowel
10439,▁यथाक्रमं,यथाक्रमं,-11.122,1,contains_special_A
10444,ोदिता,ोदिता,-11.1226,3,starts_with_dependent_vowel
10448,मित्युक्तम्,मित्युक्तम्,-11.1232,2,ends_with_virama
10449,▁प्रभुम्,प्रभुम्,-11.1232,1,ends_with_virama
10456,ोदितम्,ोदितम्,-11.1241,2,starts_with_dependent_vowel;ends_with_virama
10457,▁प्राणान्,प्राणान्,-11.1241,2,ends_with_virama
10460,सृजत्,सृजत्,-11.1244,1,ends_with_virama
10465,ादयोऽ,ादयोऽ,-11.1246,2,starts_with_dependent_vowel;contains_special_A
10470,▁सत्त्वान्,सत्त्वान्,-11.125,1,ends_with_virama
10472,हू,हू,-11.1253,1,simple_cv
10476,ाभिप्रायेण,ाभिप्रायेण,-11.1257,4,starts_with_dependent_vowel
10478,दिष्टं,दिष्टं,-11.1259,1,contains_special_A
10481,▁चायं,चायं,-11.1261,1,contains_special_A
10484,ादृत,ादृत,-11.1264,2,starts_with_dependent_vowel
10485,▁बु,बु,-11.1265,1,simple_cv
10486,▁सुहृत्,सुहृत्,-11.1266,2,ends_with_virama
10487,ावलम्ब,ावलम्ब,-11.1267,1,starts_with_dependent_vowel
10490,ामोद,ामोद,-11.127,2,starts_with_dependent_vowel
10499,ोषध,ोषध,-11.1278,1,starts_with_dependent_vowel
10500,ोत्तरे,ोत्तरे,-11.1279,2,starts_with_dependent_vowel
10526,र्चयेत्,र्चयेत्,-11.1308,1,ends_with_virama
10529,▁आचार्यः,आचार्यः,-11.1308,2,contains_special_A
10535,ुद्भव,ुद्भव,-11.1314,1,starts_with_dependent_vowel
10536,ादत्ते,ादत्ते,-11.1314,2,starts_with_dependent_vowel
10537,हिंसा,हिंसा,-11.1315,2,contains_special_A
10540,कर्तुं,कर्तुं,-11.1317,1,contains_special_A
10541,ाभावादिति,ाभावादिति,-11.1317,5,starts_with_dependent_vowel
10546,ान्यतर,ान्यतर,-11.132,1,starts_with_dependent_vowel
10551,▁वनम्,वनम्,-11.1332,0,ends_with_virama
10553,▁गन्तव्यं,गन्तव्यं,-11.1332,0,contains_special_A
10554,ूर्ध्वं,ूर्ध्वं,-11.1333,1,starts_with_dependent_vowel;contains_special_A
10555,संयुक्ता,संयुक्ता,-11.1335,2,contains_special_A
10558,ैक्षत,ैक्षत,-11.1339,1,starts_with_dependent_vowel
10559,परायणः,परायणः,-11.1339,1,contains_special_A
10566,▁चातुर्,चातुर्,-11.1345,2,ends_with_virama
10575,▁प्राप्तम्,प्राप्तम्,-11.1352,1,ends_with_virama
10579,ुपक्रम,ुपक्रम,-11.1354,1,starts_with_dependent_vowel
10587,▁एवंरूप,एवंरूप,-11.1365,2,contains_special_A
10591,कृन्,कृन्,-11.1366,1,ends_with_virama
10596,ालोक्य,ालोक्य,-11.1374,2,starts_with_dependent_vowel
10599,ागमे,ागमे,-11.1375,2,starts_with_dependent_vowel
10601,ोष्म,ोष्म,-11.1378,1,starts_with_dependent_vowel
10602,▁गुरोः,गुरोः,-11.1379,2,contains_special_A
10607,चत्वारिंस,चत्वारिंस,-11.1382,2,contains_special_A
10611,सदृसं,सदृसं,-11.1383,1,contains_special_A
10624,▁भवद्,भवद्,-11.1396,0,ends_with_virama
10625,▁पस्यतः,पस्यतः,-11.1398,0,contains_special_A
10626,बू,बू,-11.1398,1,simple_cv
10627,ुक्,ुक्,-11.1399,1,starts_with_dependent_vowel;ends_with_virama
10630,▁गौः,गौः,-11.1403,1,contains_special_A
10632,▁संध्य,संध्य,-11.1405,0,contains_special_A
10634,ार्ता,ार्ता,-11.1411,2,starts_with_dependent_vowel
10637,ग्नेर्,ग्नेर्,-11.1415,1,ends_with_virama
10639,ाण्येव,ाण्येव,-11.1417,2,starts_with_dependent_vowel
10645,व्यम्,व्यम्,-11.1423,0,ends_with_virama
10649,ितुम,ितुम,-11.1426,2,starts_with_dependent_vowel
10653,ीयान्,ीयान्,-11.1429,2,starts_with_dependent_vowel;ends_with_virama
10654,▁इत्युक्तः,इत्युक्तः,-11.1429,2,contains_special_A
10656,▁दुःसासन,दुःसासन,-11.143,2,contains_special_A
10657,▁वचनम्,वचनम्,-11.143,0,ends_with_virama
10659,ानीत,ानीत,-11.1434,2,starts_with_dependent_vowel
10661,ेयुर,ेयुर,-11.1434,2,starts_with_dependent_vowel
10665,पीत्यर्थः,पीत्यर्थः,-11.1439,1,contains_special_A
10666,▁सक्तिर्,सक्तिर्,-11.1439,1,ends_with_virama
10667,ौष्ठ,ौष्ठ,-11.144,1,starts_with_dependent_vowel
10678,▁संतान,संतान,-11.1448,1,contains_special_A
10679,▁निधनं,निधनं,-11.1449,1,contains_special_A
10680,ुपसंहार,ुपसंहार,-11.145,2,starts_with_dependent_vowel;contains_special_A
10682,▁चतुर्णां,चतुर्णां,-11.1454,2,contains_special_A
10689,ानुगम,ानुगम,-11.1459,2,starts_with_dependent_vowel
10690,हरेत्,हरेत्,-11.1459,1,ends_with_virama
10691,ूण,ूण,-11.1461,1,starts_with_dependent_vowel
10693,ोज्झित,ोज्झित,-11.1463,2,starts_with_dependent_vowel
10695,संपत्ति,संपत्ति,-11.1463,1,contains_special_A
10698,▁संभूत,संभूत,-11.1465,1,contains_special_A
10700,ुच्छ,ुच्छ,-11.1466,1,starts_with_dependent_vowel
10701,▁तद्वचनं,तद्वचनं,-11.1467,0,contains_special_A
10703,▁माहात्म्यं,माहात्म्यं,-11.1467,2,contains_special_A
10706,ोदरे,ोदरे,-11.1472,2,starts_with_dependent_vowel
10709,▁स्रीमद्,स्रीमद्,-11.1473,1,ends_with_virama
10711,▁तदुक्तं,तदुक्तं,-11.1475,1,contains_special_A
10713,▁ऽऽ,ऽऽ,-11.1479,0,contains_special_A
10715,▁संपद,संपद,-11.1479,0,contains_special_A
10718,प्रियं,प्रियं,-11.1481,1,contains_special_A
10721,ादिगुण,ादिगुण,-11.1481,3,starts_with_dependent_vowel
10729,ाचमन,ाचमन,-11.1487,1,starts_with_dependent_vowel
10730,्य्,्य्,-11.1489,0,ends_with_virama
10731,ोन्मत्त,ोन्मत्त,-11.1491,1,starts_with_dependent_vowel
10733,ुत्सुक,ुत्सुक,-11.1491,2,starts_with_dependent_vowel
10741,पारमितेयं,पारमितेयं,-11.1503,3,contains_special_A
10746,▁चरितं,चरितं,-11.1507,1,contains_special_A
10749,ानामुप,ानामुप,-11.1512,3,starts_with_dependent_vowel
10751,द्भुतम्,द्भुतम्,-11.1516,1,ends_with_virama
10758,ासुभ,ासुभ,-11.1525,2,starts_with_dependent_vowel
10764,ुपलब्धि,ुपलब्धि,-11.153,2,starts_with_dependent_vowel
10765,ोपदिष्ट,ोपदिष्ट,-11.153,2,starts_with_dependent_vowel
10768,▁सिक्षितव्यं,सिक्षितव्यं,-11.1533,2,contains_special_A
10773,ोऽङ्ग,ोऽङ्ग,-11.1542,1,starts_with_dependent_vowel;contains_special_A
10776,▁बहूनां,बहूनां,-11.1544,2,contains_special_A
10785,▁कुलं,कुलं,-11.1554,1,contains_special_A
10789,संदर्सन,संदर्सन,-11.1558,0,contains_special_A
10792,ेदृस,ेदृस,-11.1561,2,starts_with_dependent_vowel
10793,ाभावाद्,ाभावाद्,-11.1563,3,starts_with_dependent_vowel;ends_with_virama
10794,पतत्,पतत्,-11.1563,0,ends_with_virama
10799,▁सिवम्,सिवम्,-11.1568,1,ends_with_virama
10815,▁अग्निं,अग्निं,-11.1586,2,contains_special_A
10818,▁भवतीत्यर्थः,भवतीत्यर्थः,-11.1588,1,contains_special_A
10822,▁प्रकीर्तितः,प्रकीर्तितः,-11.159,2,contains_special_A
10832,ाम्भो,ाम्भो,-11.1601,2,starts_with_dependent_vowel
10835,संज्ञित,संज्ञित,-11.1603,1,contains_special_A
10836,संतप्त,संतप्त,-11.1604,0,contains_special_A
10840,▁संसर,संसर,-11.1607,0,contains_special_A
10841,ेसान,ेसान,-11.1608,2,starts_with_dependent_vowel
10842,ास्तेषां,ास्तेषां,-11.1609,3,starts_with_dependent_vowel;contains_special_A
10845,ायुर,ायुर,-11.1611,2,starts_with_dependent_vowel
10851,▁कृतवान्,कृतवान्,-11.1617,2,ends_with_virama
10853,नुसंस,नुसंस,-11.1623,1,contains_special_A
10854,संगत,संगत,-11.1623,0,contains_special_A
10855,▁सर्वैर्,सर्वैर्,-11.1623,1,ends_with_virama
10856,▁वर्जयेत्,वर्जयेत्,-11.1623,1,ends_with_virama
10862,ेप्सित,ेप्सित,-11.1628,2,starts_with_dependent_vowel
10865,ाभावान्न,ाभावान्न,-11.1632,3,starts_with_dependent_vowel
10866,ारविन्द,ारविन्द,-11.1636,2,starts_with_dependent_vowel
10868,▁वस्तुनः,वस्तुनः,-11.1638,1,contains_special_A
10869,ाचक्ष्व,ाचक्ष्व,-11.164,1,starts_with_dependent_vowel
10870,▁एवायं,एवायं,-11.1641,2,contains_special_A
10871,ान्विताः,ान्विताः,-11.1642,3,starts_with_dependent_vowel;contains_special_A
10875,ीर्यते,ीर्यते,-11.1647,2,starts_with_dependent_vowel
10883,मन्नं,मन्नं,-11.1655,0,contains_special_A
10884,ावसान,ावसान,-11.1658,2,starts_with_dependent_vowel
10885,ागतं,ागतं,-11.1659,1,starts_with_dependent_vowel;contains_special_A
10886,ारोपित,ारोपित,-11.1659,3,starts_with_dependent_vowel
10891,ुपेक्ष,ुपेक्ष,-11.1668,2,starts_with_dependent_vowel
10892,यितव्यः,यितव्यः,-11.1668,1,contains_special_A
10900,▁धि,धि,-11.1679,1,simple_cv
10901,▁तृतीयः,तृतीयः,-11.1679,2,contains_special_A
10909,ुना,ुना,-11.1685,2,starts_with_dependent_vowel
10910,ोऽधिक,ोऽधिक,-11.1686,2,starts_with_dependent_vowel;contains_special_A
10912,▁संस्थ,संस्थ,-11.1687,0,contains_special_A
10916,धातुं,धातुं,-11.169,2,contains_special_A
10917,▁व्याख्यातम्,व्याख्यातम्,-11.1692,2,ends_with_virama
10918,मनसः,मनसः,-11.1694,0,contains_special_A
10925,▁मार्गः,मार्गः,-11.1699,1,contains_special_A
10929,▁सक्तिं,सक्तिं,-11.17,1,contains_special_A
10930,ास्रमे,ास्रमे,-11.1702,2,starts_with_dependent_vowel
10932,ाङ्गानि,ाङ्गानि,-11.1704,3,starts_with_dependent_vowel
10934,स्वभावः,स्वभावः,-11.1708,1,contains_special_A
10944,▁बृहस्पतिः,बृहस्पतिः,-11.1716,2,contains_special_A
10945,विधानं,विधानं,-11.1717,2,contains_special_A
10946,स्रुतेः,स्रुतेः,-11.1718,2,contains_special_A
10948,ोपेतं,ोपेतं,-11.1719,2,starts_with_dependent_vowel;contains_special_A
10951,मास्रितः,मास्रितः,-11.172,2,contains_special_A
10954,ालम्बनं,ालम्बनं,-11.1725,1,starts_with_dependent_vowel;contains_special_A
10959,▁महातपाः,महातपाः,-11.1732,2,contains_special_A
10960,ाधुना,ाधुना,-11.1733,3,starts_with_dependent_vowel
10961,येन्,येन्,-11.1734,1,ends_with_virama
10974,▁भावानां,भावानां,-11.1743,3,contains_special_A
10989,▁उत्तरं,उत्तरं,-11.176,1,contains_special_A
10993,▁जिघांस,जिघांस,-11.1762,2,contains_special_A
10995,ानन्दमय,ानन्दमय,-11.1765,1,starts_with_dependent_vowel
10997,▁हतं,हतं,-11.1769,0,contains_special_A
10998,▁दोषाः,दोषाः,-11.177,2,contains_special_A
11000,ुत्प्रेक्ष,ुत्प्रेक्ष,-11.1771,2,starts_with_dependent_vowel
11007,ैस्त्रि,ैस्त्रि,-11.1776,2,starts_with_dependent_vowel
11014,ाभावस्य,ाभावस्य,-11.1781,2,starts_with_dependent_vowel
11015,ाभिन्न,ाभिन्न,-11.1781,2,starts_with_dependent_vowel
11016,▁संवि,संवि,-11.1782,1,contains_special_A
11019,ाब्द,ाब्द,-11.1785,1,starts_with_dependent_vowel
11020,दध्यात्,दध्यात्,-11.1785,1,ends_with_virama
11024,तस्मिन्,तस्मिन्,-11.1787,1,ends_with_virama
11032,▁क्रुद्धः,क्रुद्धः,-11.1797,1,contains_special_A
11038,ोद्धार,ोद्धार,-11.1803,2,starts_with_dependent_vowel
11039,ाप्यते,ाप्यते,-11.1804,2,starts_with_dependent_vowel
11043,▁पू,पू,-11.1807,1,simple_cv
11045,भिसंबुद्ध,भिसंबुद्ध,-11.1807,2,contains_special_A
11051,ऽथ,ऽथ,-11.1812,0,contains_special_A
11052,ाणु,ाणु,-11.1812,2,starts_with_dependent_vowel
11053,ोऽमृत,ोऽमृत,-11.1814,2,starts_with_dependent_vowel;contains_special_A
11056,▁जीवितम्,जीवितम्,-11.1817,2,ends_with_virama
11059,तावत्,तावत्,-11.1819,1,ends_with_virama
11061,ानास्रव,ानास्रव,-11.1822,2,starts_with_dependent_vowel
11062,▁धीमान्,धीमान्,-11.1823,2,ends_with_virama
11065,ादिभ्य,ादिभ्य,-11.1826,2,starts_with_dependent_vowel
11066,▁संनिहित,संनिहित,-11.1826,2,contains_special_A
11074,▁द्विगुणं,द्विगुणं,-11.1832,2,contains_special_A
11075,▁चतस्रः,चतस्रः,-11.1834,0,contains_special_A
11081,वर्जितः,वर्जितः,-11.1842,1,contains_special_A
11085,ार्थवाद,ार्थवाद,-11.1848,2,starts_with_dependent_vowel
11087,ाङ्कुस,ाङ्कुस,-11.1849,2,starts_with_dependent_vowel
11091,ान्तस्य,ान्तस्य,-11.1851,1,starts_with_dependent_vowel
11092,▁समाधिं,समाधिं,-11.1851,2,contains_special_A
11093,▁भवन्तः,भवन्तः,-11.1851,0,contains_special_A
11097,ोत्थाय,ोत्थाय,-11.1862,2,starts_with_dependent_vowel
11100,सम्भवः,सम्भवः,-11.1867,0,contains_special_A
11101,▁तद्वद्,तद्वद्,-11.1868,0,ends_with_virama
11102,ोऽस्म,ोऽस्म,-11.1873,1,starts_with_dependent_vowel;contains_special_A
11104,ोऽस्माकं,ोऽस्माकं,-11.1874,2,starts_with_dependent_vowel;contains_special_A
11105,▁नेदं,नेदं,-11.1874,1,contains_special_A
11107,▁ध्वंस,ध्वंस,-11.1875,0,contains_special_A
11110,ाद्यथा,ाद्यथा,-11.1882,2,starts_with_dependent_vowel
11113,▁मार्गं,मार्गं,-11.1885,1,contains_special_A
11115,विदः,विदः,-11.1885,1,contains_special_A
11116,तपः,तपः,-11.1887,0,contains_special_A
11118,सेषतः,सेषतः,-11.1889,1,contains_special_A
11132,▁सुतम्,सुतम्,-11.1902,1,ends_with_virama
11135,ेनाभि,ेनाभि,-11.1907,3,starts_with_dependent_vowel
11136,▁मुहुर्मुहुः,मुहुर्मुहुः,-11.1908,4,contains_special_A
11137,▁हरिम्,हरिम्,-11.1909,1,ends_with_virama
11153,▁मुनयः,मुनयः,-11.1918,1,contains_special_A
11156,ोऽग्र,ोऽग्र,-11.1919,1,starts_with_dependent_vowel;contains_special_A
11157,ांसे,ांसे,-11.1919,2,starts_with_dependent_vowel;contains_special_A
11158,ेष्विव,ेष्विव,-11.192,2,starts_with_dependent_vowel
11166,▁सान्तिं,सान्तिं,-11.1928,2,contains_special_A
11173,मीमांस,मीमांस,-11.1934,2,contains_special_A
11174,▁द्वयोर्,द्वयोर्,-11.1935,1,ends_with_virama
11175,▁तिर्यक्,तिर्यक्,-11.1936,1,ends_with_virama
11182,▁महात्मानं,महात्मानं,-11.1939,2,contains_special_A
11183,▁मृत्,मृत्,-11.194,1,ends_with_virama
11188,हृ,हृ,-11.1946,1,simple_cv
11195,ौचित्य,ौचित्य,-11.195,2,starts_with_dependent_vowel
11196,वृत्तिर्,वृत्तिर्,-11.1951,2,ends_with_virama
11199,संचार,संचार,-11.1952,1,contains_special_A
11202,▁दक्षिणां,दक्षिणां,-11.1956,2,contains_special_A
11203,▁पचेत्,पचेत्,-11.1957,1,ends_with_virama
11207,बुद्धयः,बुद्धयः,-11.1961,1,contains_special_A
11209,ित्वेन,ित्वेन,-11.1965,2,starts_with_dependent_vowel
11217,▁कुं,कुं,-11.1968,1,contains_special_A
11218,ेणेति,ेणेति,-11.1968,3,starts_with_dependent_vowel
11220,ेरित,ेरित,-11.1969,2,starts_with_dependent_vowel
11223,ोल्लास,ोल्लास,-11.1973,2,starts_with_dependent_vowel
11226,▁मरुतः,मरुतः,-11.1974,1,contains_special_A
11228,▁विप्राः,विप्राः,-11.1975,2,contains_special_A
11229,▁स्वर्,स्वर्,-11.1978,0,ends_with_virama
11240,▁विधिवद्,विधिवद्,-11.1988,2,ends_with_virama
11243,▁निःस्वभाव,निःस्वभाव,-11.1991,2,contains_special_A
11246,▁मधुरं,मधुरं,-11.1992,1,contains_special_A
11248,▁सरः,सरः,-11.1993,0,contains_special_A
11249,द्वारं,द्वारं,-11.1994,1,contains_special_A
11250,▁महासत्त्वानां,महासत्त्वानां,-11.1994,3,contains_special_A
11262,▁विद्यात्,विद्यात्,-11.2003,2,ends_with_virama
11264,ान्तःपुर,ान्तःपुर,-11.2005,2,starts_with_dependent_vowel;contains_special_A
11266,मेषां,मेषां,-11.2006,2,contains_special_A
11268,वांस्च,वांस्च,-11.2006,1,contains_special_A
11275,▁निःसेष,निःसेष,-11.2015,2,contains_special_A
11277,ार्च,ार्च,-11.2016,1,starts_with_dependent_vowel
11280,ोऽभूद्,ोऽभूद्,-11.2018,2,starts_with_dependent_vowel;contains_special_A;ends_with_virama
11283,िषे,िषे,-11.2018,2,starts_with_dependent_vowel
11288,वस्थितः,वस्थितः,-11.2025,1,contains_special_A
11290,ोदितः,ोदितः,-11.2026,2,starts_with_dependent_vowel;contains_special_A
11297,ाञ्ज,ाञ्ज,-11.203,1,starts_with_dependent_vowel
11299,▁पतिम्,पतिम्,-11.2034,1,ends_with_virama
11303,ेभ्यस्,ेभ्यस्,-11.2038,1,starts_with_dependent_vowel;ends_with_virama
11307,ानामर्थ,ानामर्थ,-11.2041,2,starts_with_dependent_vowel
11311,ोन्म,ोन्म,-11.2045,1,starts_with_dependent_vowel
11312,ादयस्च,ादयस्च,-11.2046,1,starts_with_dependent_vowel
11314,▁द्विविधं,द्विविधं,-11.2048,2,contains_special_A
11317,ेद्वा,ेद्वा,-11.2051,2,starts_with_dependent_vowel
11322,ाह्लाद,ाह्लाद,-11.2054,2,starts_with_dependent_vowel
11324,▁देहिनाम्,देहिनाम्,-11.2054,3,ends_with_virama
11326,मित्युक्तं,मित्युक्तं,-11.2055,2,contains_special_A
11328,▁सेयं,सेयं,-11.2056,1,contains_special_A
11330,▁स्रेयः,स्रेयः,-11.2058,1,contains_special_A
11332,ाकासस्य,ाकासस्य,-11.2062,2,starts_with_dependent_vowel
11336,▁संमुख,संमुख,-11.2064,1,contains_special_A
11338,ुपादाय,ुपादाय,-11.2067,3,starts_with_dependent_vowel
11342,▁नित्यम्,नित्यम्,-11.2068,1,ends_with_virama
11344,बुद्धिर्,बुद्धिर्,-11.2071,2,ends_with_virama
11345,स्मिंस्च,स्मिंस्च,-11.2072,1,contains_special_A
11351,ानुचर,ानुचर,-11.208,2,starts_with_dependent_vowel
11354,जानन्,जानन्,-11.2083,1,ends_with_virama
11355,ाहवनीय,ाहवनीय,-11.2084,2,starts_with_dependent_vowel
11360,ासनि,ासनि,-11.209,2,starts_with_dependent_vowel
11361,दर्सिनः,दर्सिनः,-11.209,1,contains_special_A
11367,ॄणां,ॄणां,-11.2099,2,starts_with_dependent_vowel;contains_special_A
11368,▁पितॄन्,पितॄन्,-11.2099,2,ends_with_virama
11372,▁दण्डं,दण्डं,-11.2102,0,contains_special_A
11373,स्तेऽ,स्तेऽ,-11.2104,1,contains_special_A
11374,▁धनंजयः,धनंजयः,-11.2104,0,contains_special_A
11376,ास्वास,ास्वास,-11.2107,2,starts_with_dependent_vowel
11377,ादिलक्षण,ादिलक्षण,-11.2108,2,starts_with_dependent_vowel
11380,▁गमनं,गमनं,-11.2109,0,contains_special_A
11382,चिन्तयत्,चिन्तयत्,-11.211,1,ends_with_virama
11398,▁सिंहासन,सिंहासन,-11.2127,2,contains_special_A
11402,ार्दित,ार्दित,-11.2132,2,starts_with_dependent_vowel
11403,▁नन्वेवं,नन्वेवं,-11.2134,1,contains_special_A
11404,▁कर्णं,कर्णं,-11.2134,0,contains_special_A
11411,ावुप,ावुप,-11.2138,2,starts_with_dependent_vowel
11414,ोपस्थित,ोपस्थित,-11.2142,2,starts_with_dependent_vowel
11418,▁भगवांस्त,भगवांस्त,-11.2144,1,contains_special_A
11423,ावचर,ावचर,-11.2149,1,starts_with_dependent_vowel
11424,▁इतः,इतः,-11.2151,1,contains_special_A
11429,▁तदयुक्तम्,तदयुक्तम्,-11.2157,1,ends_with_virama
11430,मखिलं,मखिलं,-11.2159,1,contains_special_A
11436,सङ्,सङ्,-11.2161,0,ends_with_virama
11437,▁बभूवुः,बभूवुः,-11.2165,2,contains_special_A
11438,संयोगात्,संयोगात्,-11.2166,2,contains_special_A;ends_with_virama
11440,ादु,ादु,-11.2171,2,starts_with_dependent_vowel
11442,▁दातव्यं,दातव्यं,-11.2171,1,contains_special_A
11445,संक्रान्त,संक्रान्त,-11.2174,1,contains_special_A
11449,सवः,सवः,-11.218,0,contains_special_A
11452,▁तेभ्यः,तेभ्यः,-11.2182,1,contains_special_A
11456,▁भवनं,भवनं,-11.2185,0,contains_special_A
11458,▁युष्माकं,युष्माकं,-11.2186,2,contains_special_A
11460,▁तादृसं,तादृसं,-11.2186,2,contains_special_A
11463,▁दर्सयन्,दर्सयन्,-11.2187,0,ends_with_virama
11466,ायुष्मन्त,ायुष्मन्त,-11.219,2,starts_with_dependent_vowel
11467,िष्यतीति,िष्यतीति,-11.2191,3,starts_with_dependent_vowel
11471,मुन्,मुन्,-11.2192,1,ends_with_virama
11478,ाधिवास,ाधिवास,-11.2204,3,starts_with_dependent_vowel
11483,ानीत्य,ानीत्य,-11.2211,2,starts_with_dependent_vowel
11484,▁पुरंदर,पुरंदर,-11.2212,1,contains_special_A
11488,▁अण्,अण्,-11.2216,1,ends_with_virama
11491,यितव्यं,यितव्यं,-11.2218,1,contains_special_A
11494,▁इत्युक्तं,इत्युक्तं,-11.2229,2,contains_special_A
11495,ात्च,ात्च,-11.223,1,starts_with_dependent_vowel
11499,यावत्,यावत्,-11.2233,1,ends_with_virama
11511,▁अनुत्तरां,अनुत्तरां,-11.2248,3,contains_special_A
11512,योगाद्,योगाद्,-11.2251,2,ends_with_virama
11513,संनिधौ,संनिधौ,-11.2253,2,contains_special_A
11515,ुका,ुका,-11.2253,2,starts_with_dependent_vowel
11518,वपुः,वपुः,-11.2259,1,contains_special_A
11521,▁रात्रिं,रात्रिं,-11.226,2,contains_special_A
11522,ानुकम्प,ानुकम्प,-11.2261,2,starts_with_dependent_vowel
11523,▁आहुः,आहुः,-11.2262,2,contains_special_A
11529,ाज्जात,ाज्जात,-11.2269,2,starts_with_dependent_vowel
11531,ासत्ता,ासत्ता,-11.227,2,starts_with_dependent_vowel
11533,कै,कै,-11.2273,1,simple_cv
11536,▁मीमांस,मीमांस,-11.2276,2,contains_special_A
11538,हेतवः,हेतवः,-11.2279,1,contains_special_A
11554,▁वदन्,वदन्,-11.2294,0,ends_with_virama
11555,▁त्रयस्त्रिंस,त्रयस्त्रिंस,-11.2297,1,contains_special_A
11559,गणाः,गणाः,-11.2301,1,contains_special_A
11561,ोपगम,ोपगम,-11.2303,1,starts_with_dependent_vowel
11562,▁सत्वानां,सत्वानां,-11.2303,2,contains_special_A
11566,स्रवणात्,स्रवणात्,-11.2307,1,ends_with_virama
11570,पत्तेः,पत्तेः,-11.2313,1,contains_special_A
11574,▁मृत्युर्,मृत्युर्,-11.2318,2,ends_with_virama
11575,▁निवेदयेत्,निवेदयेत्,-11.2318,3,ends_with_virama
11577,▁संक्रुद्ध,संक्रुद्ध,-11.2319,1,contains_special_A
11578,जगद्,जगद्,-11.2319,0,ends_with_virama
11583,▁कस्माद्,कस्माद्,-11.2323,1,ends_with_virama
11585,▁द्विजोत्तमाः,द्विजोत्तमाः,-11.2324,3,contains_special_A
11586,ानुरोधेन,ानुरोधेन,-11.2324,4,starts_with_dependent_vowel
11588,ेन्द्रस्य,ेन्द्रस्य,-11.2328,1,starts_with_dependent_vowel
11589,▁संहर,संहर,-11.2328,0,contains_special_A
11594,ादिवाक्य,ादिवाक्य,-11.2336,3,starts_with_dependent_vowel
11595,▁सदृसं,सदृसं,-11.2337,1,contains_special_A
11596,ात्मता,ात्मता,-11.2337,2,starts_with_dependent_vowel
11598,विद्वान्,विद्वान्,-11.2338,2,ends_with_virama
11602,▁सर्वेऽपि,सर्वेऽपि,-11.2339,2,contains_special_A
11609,▁महर्षयः,महर्षयः,-11.2347,0,contains_special_A
11613,ोद्दिष्ट,ोद्दिष्ट,-11.235,2,starts_with_dependent_vowel
11615,मन्तर्,मन्तर्,-11.2353,0,ends_with_virama
11622,ादिविषय,ादिविषय,-11.2368,3,starts_with_dependent_vowel
11634,ात्तत्र,ात्तत्र,-11.2382,1,starts_with_dependent_vowel
11637,ांसो,ांसो,-11.2387,2,starts_with_dependent_vowel;contains_special_A
11638,▁यथान्यायं,यथान्यायं,-11.2388,2,contains_special_A
11639,ामलक,ामलक,-11.2388,1,starts_with_dependent_vowel
11640,ैर्नि,ैर्नि,-11.239,2,starts_with_dependent_vowel
11642,धनुर्,धनुर्,-11.2391,1,ends_with_virama
11647,▁आयुः,आयुः,-11.2395,2,contains_special_A
11648,ात्परि,ात्परि,-11.2395,2,starts_with_dependent_vowel
11650,ास्माकं,ास्माकं,-11.2396,2,starts_with_dependent_vowel;contains_special_A
11652,ाख्यायते,ाख्यायते,-11.2397,3,starts_with_dependent_vowel
11653,ादिदोष,ादिदोष,-11.2397,3,starts_with_dependent_vowel
11656,ापत्य,ापत्य,-11.2401,1,starts_with_dependent_vowel
11660,ोक्त्या,ोक्त्या,-11.2404,2,starts_with_dependent_vowel
11667,▁संभु,संभु,-11.241,1,contains_special_A
11669,ामीत्य,ामीत्य,-11.2411,2,starts_with_dependent_vowel
11672,▁हृत्,हृत्,-11.2415,1,ends_with_virama
11674,▁मृद्,मृद्,-11.2417,1,ends_with_virama
11675,▁दैवं,दैवं,-11.2418,1,contains_special_A
11676,हेतुर्,हेतुर्,-11.2421,2,ends_with_virama
11678,सृक्,सृक्,-11.2422,1,ends_with_virama
11680,ाञ्छ,ाञ्छ,-11.2424,1,starts_with_dependent_vowel
11681,▁पुत्राणां,पुत्राणां,-11.2424,3,contains_special_A
11686,स्चायं,स्चायं,-11.2434,1,contains_special_A
11689,ात्मैव,ात्मैव,-11.2436,2,starts_with_dependent_vowel
11701,विकल्पः,विकल्पः,-11.2451,1,contains_special_A
11705,कांक्ष,कांक्ष,-11.2452,1,contains_special_A
11708,▁हितम्,हितम्,-11.2455,1,ends_with_virama
11712,▁महाबाहुर्,महाबाहुर्,-11.2459,3,ends_with_virama
11713,ाधिकरणे,ाधिकरणे,-11.2463,3,starts_with_dependent_vowel
11715,▁वैष्णवं,वैष्णवं,-11.2464,1,contains_special_A
11718,ित्यत्र,ित्यत्र,-11.2467,1,starts_with_dependent_vowel
11719,▁लोचनम्,लोचनम्,-11.2468,1,ends_with_virama
11722,मित्येवं,मित्येवं,-11.2471,2,contains_special_A
11724,युतम्,युतम्,-11.2473,1,ends_with_virama
11726,ोजसा,ोजसा,-11.2475,2,starts_with_dependent_vowel
11734,▁कांस्य,कांस्य,-11.2481,1,contains_special_A
11735,धातोर्,धातोर्,-11.2481,2,ends_with_virama
11739,धेर्,धेर्,-11.2483,1,ends_with_virama
11742,ीयाः,ीयाः,-11.2487,2,starts_with_dependent_vowel;contains_special_A
11745,िष्यमाण,िष्यमाण,-11.2494,2,starts_with_dependent_vowel
11746,रजः,रजः,-11.2495,0,contains_special_A
11755,ुपलभ्य,ुपलभ्य,-11.2503,1,starts_with_dependent_vowel
11760,ीभवति,ीभवति,-11.2506,2,starts_with_dependent_vowel
11764,▁भर्तारं,भर्तारं,-11.2508,1,contains_special_A
11767,ीणां,ीणां,-11.251,2,starts_with_dependent_vowel;contains_special_A
11775,ाजौ,ाजौ,-11.2519,2,starts_with_dependent_vowel
11777,ायुष्मान्,ायुष्मान्,-11.252,3,starts_with_dependent_vowel;ends_with_virama
11783,▁विकल्पः,विकल्पः,-11.2529,1,contains_special_A
11790,वर्धनम्,वर्धनम्,-11.2535,0,ends_with_virama
11793,▁निर्वाणं,निर्वाणं,-11.2537,2,contains_special_A
11794,ुच्यमान,ुच्यमान,-11.2538,2,starts_with_dependent_vowel
11797,▁स्वभावतः,स्वभावतः,-11.2541,1,contains_special_A
11805,ेष्यते,ेष्यते,-11.2544,2,starts_with_dependent_vowel
11808,▁संदिग्ध,संदिग्ध,-11.2547,1,contains_special_A
11810,ावेक,ावेक,-11.255,2,starts_with_dependent_vowel
11811,संक्लेस,संक्लेस,-11.255,1,contains_special_A
11822,▁गुणैः,गुणैः,-11.2557,2,contains_special_A
11827,संसयम्,संसयम्,-11.2563,0,contains_special_A;ends_with_virama
11834,ुद्यान,ुद्यान,-11.2571,2,starts_with_dependent_vowel
11835,ुण,ुण,-11.2572,1,starts_with_dependent_vowel
11842,ाण्यपि,ाण्यपि,-11.2578,2,starts_with_dependent_vowel
11848,मृत्,मृत्,-11.2583,1,ends_with_virama
11849,ार्जव,ार्जव,-11.2583,1,starts_with_dependent_vowel
11850,ादिर्,ादिर्,-11.2586,2,starts_with_dependent_vowel;ends_with_virama
11852,▁गृ,गृ,-11.259,1,simple_cv
11853,▁स्फुटम्,स्फुटम्,-11.2591,1,ends_with_virama
11858,ान्य्,ान्य्,-11.2601,1,starts_with_dependent_vowel;ends_with_virama
11861,ादीनामपि,ादीनामपि,-11.2602,4,starts_with_dependent_vowel
11864,ासीत,ासीत,-11.2606,2,starts_with_dependent_vowel
11865,खिलं,खिलं,-11.2607,1,contains_special_A
11869,ापकर्ष,ापकर्ष,-11.2609,1,starts_with_dependent_vowel
11872,कृत्यं,कृत्यं,-11.2612,1,contains_special_A
11874,दृष्टिः,दृष्टिः,-11.2615,2,contains_special_A
11881,संसदि,संसदि,-11.2621,1,contains_special_A
11886,▁तथागतः,तथागतः,-11.2627,1,contains_special_A
11892,सिरः,सिरः,-11.2629,1,contains_special_A
11894,गोचरः,गोचरः,-11.2637,1,contains_special_A
11896,▁ब्रह्माणं,ब्रह्माणं,-11.2638,1,contains_special_A
11899,सत्तमः,सत्तमः,-11.264,0,contains_special_A
11901,ाकुला,ाकुला,-11.2641,3,starts_with_dependent_vowel
11902,ाख्यानं,ाख्यानं,-11.2642,2,starts_with_dependent_vowel;contains_special_A
11903,ोच्चारण,ोच्चारण,-11.2643,2,starts_with_dependent_vowel
11904,चक्षुर्,चक्षुर्,-11.2643,1,ends_with_virama
11910,ावस्थायां,ावस्थायां,-11.2649,3,starts_with_dependent_vowel;contains_special_A
11912,ाद्यभाव,ाद्यभाव,-11.2652,2,starts_with_dependent_vowel
11918,संभवे,संभवे,-11.2659,1,contains_special_A
11921,▁वृद्धिं,वृद्धिं,-11.2663,2,contains_special_A
11922,ोदयः,ोदयः,-11.2663,1,starts_with_dependent_vowel;contains_special_A
11924,▁आयुर्,आयुर्,-11.2664,2,ends_with_virama
11926,ोऽस्व,ोऽस्व,-11.2667,1,starts_with_dependent_vowel;contains_special_A
11932,ादिह,ादिह,-11.2672,2,starts_with_dependent_vowel
11933,ावृता,ावृता,-11.2674,3,starts_with_dependent_vowel
11935,▁विद्युत्,विद्युत्,-11.2676,2,ends_with_virama
11942,▁एवमेतत्,एवमेतत्,-11.2679,2,ends_with_virama
11946,▁तच्,तच्,-11.268,0,ends_with_virama
11949,मभवत्,मभवत्,-11.2682,0,ends_with_virama
11953,▁यथायोगं,यथायोगं,-11.2689,2,contains_special_A
11967,▁अन्नं,अन्नं,-11.2699,1,contains_special_A
11971,पुरोगमाः,पुरोगमाः,-11.2705,3,contains_special_A
11973,कर्मणाम्,कर्मणाम्,-11.2706,1,ends_with_virama
11979,ाऽत्म,ाऽत्म,-11.2715,1,starts_with_dependent_vowel;contains_special_A
11984,ानुभावेन,ानुभावेन,-11.2718,4,starts_with_dependent_vowel
11986,▁हृद्,हृद्,-11.2718,1,ends_with_virama
11987,मकरोत्,मकरोत्,-11.272,1,ends_with_virama
12005,▁मुहुर्,मुहुर्,-11.2739,2,ends_with_virama
12015,▁वृतः,वृतः,-11.2753,1,contains_special_A
12019,▁महाबाहुः,महाबाहुः,-11.2757,3,contains_special_A
12020,▁विसंयुक्तः,विसंयुक्तः,-11.2758,2,contains_special_A
12021,संहत,संहत,-11.2759,0,contains_special_A
12024,▁कस्यचिद्,कस्यचिद्,-11.2764,1,ends_with_virama
12028,ृषी,ृषी,-11.2768,2,starts_with_dependent_vowel
12034,▁स्लोकः,स्लोकः,-11.2773,1,contains_special_A
12037,मासीत्,मासीत्,-11.2775,2,ends_with_virama
12038,ोत्कण्ठ,ोत्कण्ठ,-11.2776,1,starts_with_dependent_vowel
12042,ग्रहणम्कर्तव्यम्,ग्रहणम्कर्तव्यम्,-11.2778,0,ends_with_virama
12047,▁सर्वसत्त्वानां,सर्वसत्त्वानां,-11.2787,2,contains_special_A
12049,ोत्तरम्,ोत्तरम्,-11.2789,1,starts_with_dependent_vowel;ends_with_virama
12050,संबन्धि,संबन्धि,-11.2789,1,contains_special_A
12052,▁हरेत्,हरेत्,-11.2793,1,ends_with_virama
12054,ितव्य,ितव्य,-11.2794,1,starts_with_dependent_vowel
12058,▁भावयेत्,भावयेत्,-11.2795,2,ends_with_virama
12060,वदत्,वदत्,-11.2797,0,ends_with_virama
12078,ृते,ृते,-11.2811,2,starts_with_dependent_vowel
12083,ेऽस्ति,ेऽस्ति,-11.2815,2,starts_with_dependent_vowel;contains_special_A
12087,ैस्चापि,ैस्चापि,-11.2816,3,starts_with_dependent_vowel
12092,▁पारं,पारं,-11.2819,1,contains_special_A
12095,ग्रतः,ग्रतः,-11.282,0,contains_special_A
12096,ास्त्रेण,ास्त्रेण,-11.2821,2,starts_with_dependent_vowel
12098,संमित,संमित,-11.2822,1,contains_special_A
12101,ापात,ापात,-11.2824,2,starts_with_dependent_vowel
12102,▁वयः,वयः,-11.2824,0,contains_special_A
12106,▁वदतां,वदतां,-11.2827,1,contains_special_A
12113,▁ओम्,ओम्,-11.2838,1,ends_with_virama
12126,बृंहित,बृंहित,-11.285,2,contains_special_A
12129,देवताः,देवताः,-11.2853,2,contains_special_A
12131,▁योगिनः,योगिनः,-11.2855,2,contains_special_A
12145,▁पूर्ववद्,पूर्ववद्,-11.2868,1,ends_with_virama
12148,ययुः,ययुः,-11.2871,1,contains_special_A
12153,ापक,ापक,-11.2875,1,starts_with_dependent_vowel
12154,न्तेऽ,न्तेऽ,-11.2875,1,contains_special_A
12156,त्मानं,त्मानं,-11.2878,1,contains_special_A
12158,▁संदेहः,संदेहः,-11.288,1,contains_special_A
12159,पूजयेत्,पूजयेत्,-11.2881,2,ends_with_virama
12161,ादर्स,ादर्स,-11.2881,1,starts_with_dependent_vowel
12164,ीभूता,ीभूता,-11.2882,3,starts_with_dependent_vowel
12166,▁रतः,रतः,-11.2883,0,contains_special_A
12170,ापहार,ापहार,-11.2885,2,starts_with_dependent_vowel
12171,संभ्रम,संभ्रम,-11.2887,0,contains_special_A
12181,ितुमर्हसि,ितुमर्हसि,-11.2895,3,starts_with_dependent_vowel
12188,▁संहिता,संहिता,-11.2901,2,contains_special_A
12189,ाग्रज,ाग्रज,-11.2901,1,starts_with_dependent_vowel
12190,▁भगवन्तमेतदवोचत्,भगवन्तमेतदवोचत्,-11.2901,2,ends_with_virama
12191,हीनं,हीनं,-11.2902,1,contains_special_A
12195,▁सलिलं,सलिलं,-11.2907,1,contains_special_A
12197,▁अन्तःपुर,अन्तःपुर,-11.2908,2,contains_special_A
12199,▁त्रिभिर्,त्रिभिर्,-11.291,2,ends_with_virama
12200,▁नारदः,नारदः,-11.2911,1,contains_special_A
12205,▁विस्रुतः,विस्रुतः,-11.2916,2,contains_special_A
12206,ोक्तेः,ोक्तेः,-11.2916,2,starts_with_dependent_vowel;contains_special_A
12211,सिद्धत्वात्,सिद्धत्वात्,-11.2919,2,ends_with_virama
12212,वसाद्,वसाद्,-11.292,1,ends_with_virama
12216,ुच्यत,ुच्यत,-11.2922,1,starts_with_dependent_vowel
12218,ाभिहत,ाभिहत,-11.2926,2,starts_with_dependent_vowel
12219,▁गौ,गौ,-11.2927,1,simple_cv
12220,ानुस्मृति,ानुस्मृति,-11.2927,4,starts_with_dependent_vowel
12224,ोपधान,ोपधान,-11.2933,2,starts_with_dependent_vowel
12237,िच्छा,िच्छा,-11.2947,2,starts_with_dependent_vowel
12250,संग,संग,-11.2957,0,contains_special_A
12256,▁नृसंस,नृसंस,-11.2964,1,contains_special_A
12261,विसेषणम्,विसेषणम्,-11.2968,2,ends_with_virama
12264,स्त्वत्,स्त्वत्,-11.2974,0,ends_with_virama
12267,ित्येत,ित्येत,-11.2977,2,starts_with_dependent_vowel
12270,स्वयम्,स्वयम्,-11.2979,0,ends_with_virama
12271,धृक्,धृक्,-11.2979,1,ends_with_virama
12272,ूयमान,ूयमान,-11.2979,2,starts_with_dependent_vowel
12273,ाङ्गीकार,ाङ्गीकार,-11.298,3,starts_with_dependent_vowel
12276,संहृत,संहृत,-11.2983,1,contains_special_A
12281,ोऽहम्,ोऽहम्,-11.2989,1,starts_with_dependent_vowel;contains_special_A;ends_with_virama
12283,ोषण,ोषण,-11.2991,1,starts_with_dependent_vowel
12288,▁संस्थिता,संस्थिता,-11.2995,2,contains_special_A
12290,▁भुवः,भुवः,-11.2995,1,contains_special_A
12294,ुष्य,ुष्य,-11.3,1,starts_with_dependent_vowel
12295,▁अहम्,अहम्,-11.3001,1,ends_with_virama
12296,▁ज्योतिष्,ज्योतिष्,-11.3001,2,ends_with_virama
12297,▁प्रकीर्तिताः,प्रकीर्तिताः,-11.3001,3,contains_special_A
12305,ैषी,ैषी,-11.3008,2,starts_with_dependent_vowel
12310,▁संमोह,संमोह,-11.301,1,contains_special_A
12319,▁सोऽयम,सोऽयम,-11.3016,1,contains_special_A
12320,ालिक,ालिक,-11.3017,2,starts_with_dependent_vowel
12332,ेन्सुः,ेन्सुः,-11.3027,2,starts_with_dependent_vowel;contains_special_A
12338,▁लुक्,लुक्,-11.3034,1,ends_with_virama
12342,▁संप्रस्थित,संप्रस्थित,-11.3035,1,contains_special_A
12346,▁ह्रीं,ह्रीं,-11.3037,1,contains_special_A
12347,▁सौचं,सौचं,-11.3037,1,contains_special_A
12348,पतेर्,पतेर्,-11.3037,1,ends_with_virama
12356,ाङ्गार,ाङ्गार,-11.3041,2,starts_with_dependent_vowel
12359,स्मिञ्,स्मिञ्,-11.3043,1,ends_with_virama
12362,ूणां,ूणां,-11.3045,2,starts_with_dependent_vowel;contains_special_A
12363,ेक्षणः,ेक्षणः,-11.3045,1,starts_with_dependent_vowel;contains_special_A
12371,ाप्नुया,ाप्नुया,-11.3052,3,starts_with_dependent_vowel
12375,▁पञ्चविंसति,पञ्चविंसति,-11.3056,2,contains_special_A
12378,ात्मनाम्,ात्मनाम्,-11.3058,2,starts_with_dependent_vowel;ends_with_virama
12379,▁गुरोर्,गुरोर्,-11.3058,2,ends_with_virama
12380,ोऽल्प,ोऽल्प,-11.3059,1,starts_with_dependent_vowel;contains_special_A
12383,ान्योन्य,ान्योन्य,-11.3062,2,starts_with_dependent_vowel
12384,ातपत्र,ातपत्र,-11.3063,1,starts_with_dependent_vowel
12385,▁प्रकल्पयेत्,प्रकल्पयेत्,-11.3065,1,ends_with_virama
12390,ावरणं,ावरणं,-11.3069,1,starts_with_dependent_vowel;contains_special_A
12391,ुत्साह,ुत्साह,-11.3071,2,starts_with_dependent_vowel
12393,ऽर्थ,ऽर्थ,-11.3073,0,contains_special_A
12394,▁चतुर्थं,चतुर्थं,-11.3075,1,contains_special_A
12399,म्स्यात्,म्स्यात्,-11.3079,1,ends_with_virama
12400,ोऽर्जुन,ोऽर्जुन,-11.3079,2,starts_with_dependent_vowel;contains_special_A
12402,▁कोऽयं,कोऽयं,-11.308,1,contains_special_A
12405,ऽनघ,ऽनघ,-11.3082,0,contains_special_A
12411,ार्थक्रिया,ार्थक्रिया,-11.3088,3,starts_with_dependent_vowel
12414,▁विंस,विंस,-11.3091,1,contains_special_A
12417,च्छेत्,च्छेत्,-11.3094,1,ends_with_virama
12419,▁आपः,आपः,-11.3095,1,contains_special_A
12421,ायामिति,ायामिति,-11.3096,4,starts_with_dependent_vowel
12422,वत्त्वं,वत्त्वं,-11.3096,0,contains_special_A
12423,तस्माद्,तस्माद्,-11.3096,1,ends_with_virama
12425,ाक्षो,ाक्षो,-11.3097,2,starts_with_dependent_vowel
12427,▁मुनिर्,मुनिर्,-11.3099,2,ends_with_virama
12428,मन्तं,मन्तं,-11.3099,0,contains_special_A
12435,▁मुहूर्तं,मुहूर्तं,-11.3104,2,contains_special_A
12441,▁सुकृतं,सुकृतं,-11.3113,2,contains_special_A
12450,ाङ्घ्रि,ाङ्घ्रि,-11.3119,2,starts_with_dependent_vowel
12453,ानुपलब्ध,ानुपलब्ध,-11.3123,2,starts_with_dependent_vowel
12454,ात्यन्तिक,ात्यन्तिक,-11.3124,2,starts_with_dependent_vowel
12455,▁मृतं,मृतं,-11.3125,1,contains_special_A
12463,ास्यन्ति,ास्यन्ति,-11.3133,2,starts_with_dependent_vowel
12464,▁पसून्,पसून्,-11.3133,1,ends_with_virama
12467,चिन्तयन्,चिन्तयन्,-11.3136,1,ends_with_virama
12469,▁रम्यं,रम्यं,-11.3136,0,contains_special_A
12473,▁भ्रातरं,भ्रातरं,-11.314,1,contains_special_A
12474,ाभावेऽपि,ाभावेऽपि,-11.3141,4,starts_with_dependent_vowel;contains_special_A
12476,विषयत्वं,विषयत्वं,-11.3141,1,contains_special_A
12480,▁जितेन्द्रियः,जितेन्द्रियः,-11.3145,3,contains_special_A
12481,▁भयात्,भयात्,-11.3147,1,ends_with_virama
12485,▁तदर्थं,तदर्थं,-11.315,0,contains_special_A
12492,मुपसंहरति,मुपसंहरति,-11.3156,2,contains_special_A
12493,धेः,धेः,-11.3156,1,contains_special_A
12498,ेस्वरस्य,ेस्वरस्य,-11.3161,1,starts_with_dependent_vowel
12500,▁सोऽथ,सोऽथ,-11.3163,1,contains_special_A
12507,▁पुत्राः,पुत्राः,-11.3169,2,contains_special_A
12509,हेतुत्वात्,हेतुत्वात्,-11.3171,3,ends_with_virama
12516,ाप्याय,ाप्याय,-11.3173,2,starts_with_dependent_vowel
12528,▁भयम्,भयम्,-11.3184,0,ends_with_virama
12529,ानयन,ानयन,-11.3185,1,starts_with_dependent_vowel
12533,ार्थमेव,ार्थमेव,-11.3187,2,starts_with_dependent_vowel
12534,ेष्टि,ेष्टि,-11.3187,2,starts_with_dependent_vowel
12549,▁गिरः,गिरः,-11.3198,1,contains_special_A
12552,पराक्रमः,पराक्रमः,-11.32,1,contains_special_A
12554,▁स्वकं,स्वकं,-11.3201,0,contains_special_A
12556,▁योगिनां,योगिनां,-11.3205,3,contains_special_A
12558,▁तज्,तज्,-11.3206,0,ends_with_virama
12562,क्वचित्,क्वचित्,-11.3216,1,ends_with_virama
12565,▁गच्छन्,गच्छन्,-11.3219,0,ends_with_virama
12570,▁संरब्ध,संरब्ध,-11.3225,0,contains_special_A
12572,▁तदेतद्,तदेतद्,-11.3227,1,ends_with_virama
12574,▁त्यजेत्,त्यजेत्,-11.3227,1,ends_with_virama
12575,ऽइत्यादि,ऽइत्यादि,-11.3229,3,contains_special_A
12576,ादुत्तर,ादुत्तर,-11.3229,2,starts_with_dependent_vowel
12592,येयुः,येयुः,-11.3239,2,contains_special_A
12593,ोऽनन्त,ोऽनन्त,-11.3239,1,starts_with_dependent_vowel;contains_special_A
12597,▁क्षुत्,क्षुत्,-11.324,1,ends_with_virama
12598,ीरित,ीरित,-11.3241,2,starts_with_dependent_vowel
12604,▁धारयेत्,धारयेत्,-11.3247,2,ends_with_virama
12608,स्येत्यर्थः,स्येत्यर्थः,-11.3249,1,contains_special_A
12611,ाङ्गुष्ठ,ाङ्गुष्ठ,-11.3251,2,starts_with_dependent_vowel
12612,ाम्र,ाम्र,-11.3252,1,starts_with_dependent_vowel
12614,मंस,मंस,-11.3254,0,contains_special_A
12615,ार्चित,ार्चित,-11.3254,2,starts_with_dependent_vowel
12616,ुक्थ,ुक्थ,-11.3254,1,starts_with_dependent_vowel
12623,▁बुद्धिमान्,बुद्धिमान्,-11.3262,3,ends_with_virama
12624,▁सांप्रतम्,सांप्रतम्,-11.3265,1,contains_special_A;ends_with_virama
12627,भयात्,भयात्,-11.3266,1,ends_with_virama
12629,कस्मात्,कस्मात्,-11.3267,1,ends_with_virama
12630,▁क्रियतां,क्रियतां,-11.3269,2,contains_special_A
12640,ेतानि,ेतानि,-11.3276,3,starts_with_dependent_vowel
12642,ान्तःकरण,ान्तःकरण,-11.3277,1,starts_with_dependent_vowel;contains_special_A
12644,ऽधुना,ऽधुना,-11.3279,2,contains_special_A
12653,संध्य,संध्य,-11.3285,0,contains_special_A
12659,ाच्युत,ाच्युत,-11.3288,2,starts_with_dependent_vowel
12660,▁मनुः,मनुः,-11.3288,1,contains_special_A
12662,ाच्छब्द,ाच्छब्द,-11.329,1,starts_with_dependent_vowel
12663,ाहार्य,ाहार्य,-11.329,2,starts_with_dependent_vowel
12664,पुंस,पुंस,-11.3291,1,contains_special_A
12666,ागतम्,ागतम्,-11.3293,1,starts_with_dependent_vowel;ends_with_virama
12671,ाढ्या,ाढ्या,-11.3296,2,starts_with_dependent_vowel
12675,ाग्न्य,ाग्न्य,-11.3299,1,starts_with_dependent_vowel
12680,▁सक्यः,सक्यः,-11.3299,0,contains_special_A
12684,ाद्व्य,ाद्व्य,-11.3303,1,starts_with_dependent_vowel
12685,भूतानां,भूतानां,-11.3304,3,contains_special_A
12691,नार्थं,नार्थं,-11.3312,1,contains_special_A
12692,▁संभाव्य,संभाव्य,-11.3314,1,contains_special_A
12693,▁यथाकामं,यथाकामं,-11.3314,2,contains_special_A
12699,▁अयमर्थः,अयमर्थः,-11.3322,1,contains_special_A
12701,▁कृत्वाऽ,कृत्वाऽ,-11.3323,2,contains_special_A
12707,ाकर्ण्य,ाकर्ण्य,-11.3327,1,starts_with_dependent_vowel
12709,▁किंचि,किंचि,-11.333,2,contains_special_A
12711,▁निःस्रेयस,निःस्रेयस,-11.333,2,contains_special_A
12713,▁संस्थाप्य,संस्थाप्य,-11.3332,1,contains_special_A
12715,▁तूर्णं,तूर्णं,-11.3332,1,contains_special_A
12716,द्युतिः,द्युतिः,-11.3333,2,contains_special_A
12717,ोपसोभित,ोपसोभित,-11.3334,3,starts_with_dependent_vowel
12719,सब्दात्,सब्दात्,-11.3336,1,ends_with_virama
12720,▁कीदृसं,कीदृसं,-11.3336,2,contains_special_A
12721,▁पुराणं,पुराणं,-11.3338,2,contains_special_A
12722,▁वक्तुम्,वक्तुम्,-11.3339,1,ends_with_virama
12723,ाहुर,ाहुर,-11.334,2,starts_with_dependent_vowel
12731,य्,य्,-11.3348,0,ends_with_virama
12734,ागच्छ,ागच्छ,-11.335,1,starts_with_dependent_vowel
12736,येयं,येयं,-11.3352,1,contains_special_A
12742,ैर्धर्म,ैर्धर्म,-11.3355,1,starts_with_dependent_vowel
12745,संक्रम,संक्रम,-11.3357,0,contains_special_A
12747,न्यतरस्याम्,न्यतरस्याम्,-11.3358,1,ends_with_virama
12749,ाप्रामाण्य,ाप्रामाण्य,-11.3361,3,starts_with_dependent_vowel
12755,▁चक्रुः,चक्रुः,-11.3368,1,contains_special_A
12757,ाचरेत्,ाचरेत्,-11.3369,2,starts_with_dependent_vowel;ends_with_virama
12760,▁सनैर्,सनैर्,-11.3373,1,ends_with_virama
12765,ावस्यं,ावस्यं,-11.3376,1,starts_with_dependent_vowel;contains_special_A
12768,▁एतस्मिन्,एतस्मिन्,-11.338,2,ends_with_virama
12776,▁सुदुर्,सुदुर्,-11.3388,2,ends_with_virama
12786,ाध्यवसाय,ाध्यवसाय,-11.3398,2,starts_with_dependent_vowel
12788,ाश्च,ाश्च,-11.3398,1,starts_with_dependent_vowel
12791,ामर्ष,ामर्ष,-11.3404,1,starts_with_dependent_vowel
12792,ाभिज्ञ,ाभिज्ञ,-11.3405,2,starts_with_dependent_vowel
12801,ास्तां,ास्तां,-11.3415,2,starts_with_dependent_vowel;contains_special_A
12803,ोऽस्तीति,ोऽस्तीति,-11.3417,3,starts_with_dependent_vowel;contains_special_A
12810,सहितं,सहितं,-11.3426,1,contains_special_A
12820,▁समाः,समाः,-11.3437,1,contains_special_A
12821,ासंस,ासंस,-11.3439,1,starts_with_dependent_vowel;contains_special_A
12824,▁पतिर्,पतिर्,-11.3441,1,ends_with_virama
12825,▁संस्रय,संस्रय,-11.3442,0,contains_special_A
12831,▁सैन्यं,सैन्यं,-11.3446,1,contains_special_A
12838,ादावपि,ादावपि,-11.3449,3,starts_with_dependent_vowel
12841,▁नरसिंह,नरसिंह,-11.3451,1,contains_special_A
12850,व्रतम्,व्रतम्,-11.3459,0,ends_with_virama
12854,▁संवर्तते,संवर्तते,-11.3461,1,contains_special_A
12855,विभूषितम्,विभूषितम्,-11.3462,3,ends_with_virama
12859,▁समासः,समासः,-11.3466,1,contains_special_A
12864,▁समासतः,समासतः,-11.347,1,contains_special_A
12865,▁पृष्टः,पृष्टः,-11.347,1,contains_special_A
12870,▁महतीं,महतीं,-11.3475,1,contains_special_A
12874,मास्रिताः,मास्रिताः,-11.348,3,contains_special_A
12875,ाङ्गत्व,ाङ्गत्व,-11.3481,1,starts_with_dependent_vowel
12879,ात्मनेपद,ात्मनेपद,-11.3485,2,starts_with_dependent_vowel
12880,ाब्धि,ाब्धि,-11.3485,2,starts_with_dependent_vowel
12882,ुदीरित,ुदीरित,-11.3487,3,starts_with_dependent_vowel
12887,▁सर्वधर्माणां,सर्वधर्माणां,-11.3493,2,contains_special_A
12890,▁षट्त्रिंस,षट्त्रिंस,-11.3494,1,contains_special_A
12893,ार्चि,ार्चि,-11.3498,2,starts_with_dependent_vowel
12895,ञि,ञि,-11.3499,1,simple_cv
12896,▁साधयेत्,साधयेत्,-11.3499,2,ends_with_virama
12898,ेऽर्थ,ेऽर्थ,-11.35,1,starts_with_dependent_vowel;contains_special_A
12899,भेदाद्,भेदाद्,-11.35,2,ends_with_virama
12900,िष्यामीति,िष्यामीति,-11.3502,4,starts_with_dependent_vowel
12901,▁पुरुषोत्तमः,पुरुषोत्तमः,-11.3502,3,contains_special_A
12904,मतं,मतं,-11.3503,0,contains_special_A
12905,विवर्जितः,विवर्जितः,-11.3504,2,contains_special_A
12906,ुपलभ्यते,ुपलभ्यते,-11.3504,2,starts_with_dependent_vowel
12912,ात्सु,ात्सु,-11.3508,2,starts_with_dependent_vowel
12924,ित्थं,ित्थं,-11.3516,1,starts_with_dependent_vowel;contains_special_A
12931,ोपलभ्य,ोपलभ्य,-11.352,1,starts_with_dependent_vowel
12933,ीभव,ीभव,-11.3522,1,starts_with_dependent_vowel
12937,▁वाचः,वाचः,-11.3528,1,contains_special_A
12940,र्हन्,र्हन्,-11.3536,0,ends_with_virama
12944,ृषभ,ृषभ,-11.3539,1,starts_with_dependent_vowel
12945,ावलोक,ावलोक,-11.3539,2,starts_with_dependent_vowel
12955,ादीन्य,ादीन्य,-11.3549,2,starts_with_dependent_vowel
12959,▁इत्येतत्,इत्येतत्,-11.3552,2,ends_with_virama
12960,स्ततोऽ,स्ततोऽ,-11.3553,1,contains_special_A
12962,▁अपां,अपां,-11.3554,2,contains_special_A
12964,वांस्त,वांस्त,-11.3558,1,contains_special_A
12965,▁षु,षु,-11.3559,1,simple_cv
12971,सम्यग्,सम्यग्,-11.3561,0,ends_with_virama
12981,▁संयुत,संयुत,-11.3571,1,contains_special_A
12982,▁स्थातव्यं,स्थातव्यं,-11.3571,1,contains_special_A
12993,▁देवदत्तः,देवदत्तः,-11.3584,1,contains_special_A
12994,ोपगत,ोपगत,-11.3585,1,starts_with_dependent_vowel
12995,▁बुधः,बुधः,-11.3586,1,contains_special_A
12998,ोत्कृष्ट,ोत्कृष्ट,-11.3589,2,starts_with_dependent_vowel
13003,▁असंस्कृत,असंस्कृत,-11.3592,2,contains_special_A
13004,ाच्चेति,ाच्चेति,-11.3594,3,starts_with_dependent_vowel
13006,ाच्चैव,ाच्चैव,-11.3596,2,starts_with_dependent_vowel
13007,ोर्ध्वं,ोर्ध्वं,-11.3596,1,starts_with_dependent_vowel;contains_special_A
13012,ुपादेय,ुपादेय,-11.3599,3,starts_with_dependent_vowel
13013,ुपलम्भ,ुपलम्भ,-11.3599,1,starts_with_dependent_vowel
13024,ालस,ालस,-11.3607,1,starts_with_dependent_vowel
13027,▁प्राप्तिः,प्राप्तिः,-11.3615,2,contains_special_A
13037,▁किम्पुनः,किम्पुनः,-11.3621,2,contains_special_A
13038,ुदाहर,ुदाहर,-11.3621,2,starts_with_dependent_vowel
13039,▁संभ्रम,संभ्रम,-11.3621,0,contains_special_A
13040,▁पुनस्,पुनस्,-11.3622,1,ends_with_virama
13042,मयीं,मयीं,-11.3623,1,contains_special_A
13045,▁राजानः,राजानः,-11.3626,2,contains_special_A
13061,प्राक्,प्राक्,-11.3639,1,ends_with_virama
13062,▁स्वयंभुव,स्वयंभुव,-11.3639,1,contains_special_A
13066,▁मर्दयेत्,मर्दयेत्,-11.3648,1,ends_with_virama
13067,संज्ञाया,संज्ञाया,-11.3649,2,contains_special_A
13070,ाप्ति,ाप्ति,-11.365,2,starts_with_dependent_vowel
13074,स्चिद्,स्चिद्,-11.3653,1,ends_with_virama
13080,▁स्रियः,स्रियः,-11.3659,1,contains_special_A
13082,ास्चर्यं,ास्चर्यं,-11.366,1,starts_with_dependent_vowel;contains_special_A
13083,▁जनार्दनम्,जनार्दनम्,-11.3661,1,ends_with_virama
13084,▁जानन्,जानन्,-11.3662,1,ends_with_virama
13085,▁प्रविष्टः,प्रविष्टः,-11.3665,1,contains_special_A
13091,▁संगृह्य,संगृह्य,-11.3672,1,contains_special_A
13112,ुपसर्ग,ुपसर्ग,-11.3696,1,starts_with_dependent_vowel
13116,ोत्पत्त्य,ोत्पत्त्य,-11.3699,1,starts_with_dependent_vowel
13117,ार्थिक,ार्थिक,-11.37,2,starts_with_dependent_vowel
13118,▁रेतः,रेतः,-11.3702,1,contains_special_A
13122,ारम्भक,ारम्भक,-11.3705,1,starts_with_dependent_vowel
13124,▁तत्फलं,तत्फलं,-11.3705,0,contains_special_A
13127,▁रावणः,रावणः,-11.3706,1,contains_special_A
13129,ाभिराम,ाभिराम,-11.3709,3,starts_with_dependent_vowel
13130,▁तांस्च,तांस्च,-11.3709,1,contains_special_A
13132,ोच्यत,ोच्यत,-11.3711,1,starts_with_dependent_vowel
13134,▁हरिर्,हरिर्,-11.3712,1,ends_with_virama
13135,चतुष्,चतुष्,-11.3713,1,ends_with_virama
13138,▁विद्वांस,विद्वांस,-11.3714,2,contains_special_A
13140,▁मतिं,मतिं,-11.3716,1,contains_special_A
13141,ोत्पत्तौ,ोत्पत्तौ,-11.3717,2,starts_with_dependent_vowel
13144,▁जगतां,जगतां,-11.3719,1,contains_special_A
13159,ोच्छिष्ट,ोच्छिष्ट,-11.3728,2,starts_with_dependent_vowel
13160,ावेतौ,ावेतौ,-11.3728,3,starts_with_dependent_vowel
13163,ासीन्,ासीन्,-11.3729,2,starts_with_dependent_vowel;ends_with_virama
13164,ादूर्ध्वं,ादूर्ध्वं,-11.3729,2,starts_with_dependent_vowel;contains_special_A
13170,ावगाह,ावगाह,-11.3731,2,starts_with_dependent_vowel
13174,संकट,संकट,-11.3737,0,contains_special_A
13175,▁वपुर्,वपुर्,-11.3738,1,ends_with_virama
13181,▁कस्चिन्,कस्चिन्,-11.3741,1,ends_with_virama
13182,गच्छन्,गच्छन्,-11.3742,0,ends_with_virama
13183,प्रदः,प्रदः,-11.3742,0,contains_special_A
13184,ितुमारब्ध,ितुमारब्ध,-11.3742,3,starts_with_dependent_vowel
13192,ीत्युक्त,ीत्युक्त,-11.3745,2,starts_with_dependent_vowel
13193,ूय,ूय,-11.3747,1,starts_with_dependent_vowel
13194,ुत्तिष्ठ,ुत्तिष्ठ,-11.375,2,starts_with_dependent_vowel
13196,▁गुह्यं,गुह्यं,-11.3752,1,contains_special_A
13203,ोरसि,ोरसि,-11.3759,2,starts_with_dependent_vowel
13205,▁हू,हू,-11.3765,1,simple_cv
13207,▁सुचिरं,सुचिरं,-11.3766,2,contains_special_A
13208,▁चिन्तयन्,चिन्तयन्,-11.3766,1,ends_with_virama
13213,वृत्तेः,वृत्तेः,-11.377,2,contains_special_A
13219,ैरव,ैरव,-11.3772,1,starts_with_dependent_vowel
13221,ैतन्,ैतन्,-11.3775,1,starts_with_dependent_vowel;ends_with_virama
13227,ाष्टौ,ाष्टौ,-11.3782,2,starts_with_dependent_vowel
13234,ादिवद,ादिवद,-11.3788,2,starts_with_dependent_vowel
13240,ुद्धत,ुद्धत,-11.3792,1,starts_with_dependent_vowel
13254,सब्दोऽ,सब्दोऽ,-11.3805,1,contains_special_A
13257,ोऽर्थो,ोऽर्थो,-11.381,2,starts_with_dependent_vowel;contains_special_A
13259,ुष्ट,ुष्ट,-11.3811,1,starts_with_dependent_vowel
13260,▁सर्वां,सर्वां,-11.3811,1,contains_special_A
13263,▁तैलं,तैलं,-11.3814,1,contains_special_A
13270,▁यदुक्तम्,यदुक्तम्,-11.3818,1,ends_with_virama
13273,ेकस्मिन्,ेकस्मिन्,-11.3819,2,starts_with_dependent_vowel;ends_with_virama
13277,▁संसयो,संसयो,-11.3821,1,contains_special_A
13278,▁राजञ्,राजञ्,-11.3822,1,ends_with_virama
13284,तव्यं,तव्यं,-11.3827,0,contains_special_A
13286,िथ,िथ,-11.3828,1,starts_with_dependent_vowel
13293,ान्यत्,ान्यत्,-11.3831,1,starts_with_dependent_vowel;ends_with_virama
13295,▁एतां,एतां,-11.3832,2,contains_special_A
13299,ोऽस्मीति,ोऽस्मीति,-11.3834,3,starts_with_dependent_vowel;contains_special_A
13306,ुल्ल,ुल्ल,-11.3841,1,starts_with_dependent_vowel
13310,ोऽन्व,ोऽन्व,-11.3844,1,starts_with_dependent_vowel;contains_special_A
13315,▁किंचन,किंचन,-11.385,1,contains_special_A
13316,▁सुसं,सुसं,-11.3851,1,contains_special_A
13319,ावृत्य,ावृत्य,-11.3853,2,starts_with_dependent_vowel
13323,▁चत्वारिंस,चत्वारिंस,-11.3855,2,contains_special_A
13327,▁संज्ञाया,संज्ञाया,-11.3858,2,contains_special_A
13331,ेस्वरी,ेस्वरी,-11.386,2,starts_with_dependent_vowel
13339,ाहुत,ाहुत,-11.3865,2,starts_with_dependent_vowel
13341,ाभिधा,ाभिधा,-11.3867,3,starts_with_dependent_vowel
13343,संकासं,संकासं,-11.3869,1,contains_special_A
13346,संबन्धेन,संबन्धेन,-11.3873,1,contains_special_A
13350,ाग्रेण,ाग्रेण,-11.3876,2,starts_with_dependent_vowel
13358,ादयोऽपि,ादयोऽपि,-11.3882,3,starts_with_dependent_vowel;contains_special_A
13359,▁ससंस,ससंस,-11.3883,0,contains_special_A
13372,ोपयोगि,ोपयोगि,-11.389,3,starts_with_dependent_vowel
13377,ेत्यनेन,ेत्यनेन,-11.3897,2,starts_with_dependent_vowel
13378,▁पवित्रं,पवित्रं,-11.3897,1,contains_special_A
13381,संवित्,संवित्,-11.3899,1,contains_special_A;ends_with_virama
13382,ान्धर्मान्,ान्धर्मान्,-11.39,2,starts_with_dependent_vowel;ends_with_virama
13387,▁संस्पृस,संस्पृस,-11.3901,1,contains_special_A
13388,ातिरेक,ातिरेक,-11.3902,3,starts_with_dependent_vowel
13390,▁सत्रून्,सत्रून्,-11.3903,1,ends_with_virama
13393,ाधो,ाधो,-11.3908,2,starts_with_dependent_vowel
13399,माहुर्,माहुर्,-11.3913,2,ends_with_virama
13402,ोपमाः,ोपमाः,-11.3915,2,starts_with_dependent_vowel;contains_special_A
13407,ोदकेन,ोदकेन,-11.3919,2,starts_with_dependent_vowel
13411,▁भवन्,भवन्,-11.3924,0,ends_with_virama
13412,ागमनं,ागमनं,-11.3925,1,starts_with_dependent_vowel;contains_special_A
13413,ैरुक्त,ैरुक्त,-11.3926,2,starts_with_dependent_vowel
13414,▁रक्षां,रक्षां,-11.3926,1,contains_special_A
13419,ासीविष,ासीविष,-11.3931,3,starts_with_dependent_vowel
13420,ावृतम्,ावृतम्,-11.3933,2,starts_with_dependent_vowel;ends_with_virama
13426,िष्याम,िष्याम,-11.3942,2,starts_with_dependent_vowel
13429,ैमि,ैमि,-11.3944,2,starts_with_dependent_vowel
13430,▁कर्मभिः,कर्मभिः,-11.3944,1,contains_special_A
13437,▁विसेषणम्,विसेषणम्,-11.3948,2,ends_with_virama
13440,वृत्तयः,वृत्तयः,-11.3951,1,contains_special_A
13442,▁सुताः,सुताः,-11.3952,2,contains_special_A
13446,दत्,दत्,-11.3956,0,ends_with_virama
13447,ाद्भेद,ाद्भेद,-11.3956,2,starts_with_dependent_vowel
13451,ोऽसुर,ोऽसुर,-11.3962,2,starts_with_dependent_vowel;contains_special_A
13453,ादिकम,ादिकम,-11.3964,2,starts_with_dependent_vowel
13457,▁दुःसह,दुःसह,-11.3966,1,contains_special_A
13461,ैतदेव,ैतदेव,-11.397,2,starts_with_dependent_vowel
13466,ाञ्जल,ाञ्जल,-11.3973,1,starts_with_dependent_vowel
13471,ोपघात,ोपघात,-11.3979,2,starts_with_dependent_vowel
13472,ैषिण,ैषिण,-11.398,2,starts_with_dependent_vowel
13473,▁प्राणाः,प्राणाः,-11.398,2,contains_special_A
13476,क्षिपन्,क्षिपन्,-11.3984,1,ends_with_virama
13478,▁कुर्यान्,कुर्यान्,-11.399,2,ends_with_virama
13482,ाद्देव,ाद्देव,-11.3992,2,starts_with_dependent_vowel
13483,▁सकृद्,सकृद्,-11.3993,1,ends_with_virama
13489,▁प्राप्ताः,प्राप्ताः,-11.3996,2,contains_special_A
13491,▁प्रायः,प्रायः,-11.3997,1,contains_special_A
13492,▁मौ,मौ,-11.4,1,simple_cv
13493,प्रतीतिः,प्रतीतिः,-11.4,2,contains_special_A
13496,ाणक,ाणक,-11.4003,1,starts_with_dependent_vowel
13497,▁सर्वदुःख,सर्वदुःख,-11.4003,1,contains_special_A
13499,नभिसंस्कार,नभिसंस्कार,-11.4005,2,contains_special_A
13501,▁देवैः,देवैः,-11.4005,2,contains_special_A
13513,▁महामुनिः,महामुनिः,-11.4019,3,contains_special_A
13520,ानुमित,ानुमित,-11.4025,3,starts_with_dependent_vowel
13524,ोपचित,ोपचित,-11.4028,2,starts_with_dependent_vowel
13529,ेष्टका,ेष्टका,-11.4033,2,starts_with_dependent_vowel
13535,▁यथासुखम्,यथासुखम्,-11.4036,2,ends_with_virama
13536,▁पस्चान्,पस्चान्,-11.4036,1,ends_with_virama
13537,▁परमेस्वरः,परमेस्वरः,-11.404,1,contains_special_A
13543,ास्त्रयः,ास्त्रयः,-11.4047,1,starts_with_dependent_vowel;contains_special_A
13546,पस्चात्,पस्चात्,-11.4049,1,ends_with_virama
13550,प्रतिपत्तिः,प्रतिपत्तिः,-11.405,2,contains_special_A
13552,▁संवृत्ता,संवृत्ता,-11.4051,2,contains_special_A
13554,ातिक्रम,ातिक्रम,-11.4054,2,starts_with_dependent_vowel
13556,ासङ्क्य,ासङ्क्य,-11.4055,1,starts_with_dependent_vowel
13557,▁कृताञ्जलिः,कृताञ्जलिः,-11.4055,3,contains_special_A
13560,वर्धनः,वर्धनः,-11.4062,0,contains_special_A
13563,▁दापयेत्,दापयेत्,-11.4063,2,ends_with_virama
13566,पांसु,पांसु,-11.4067,2,contains_special_A
13574,ाढ्यं,ाढ्यं,-11.4075,1,starts_with_dependent_vowel;contains_special_A
13576,▁कर्तृत्वं,कर्तृत्वं,-11.4075,1,contains_special_A
13585,▁कष्टं,कष्टं,-11.4082,0,contains_special_A
13587,ोऽन्तर,ोऽन्तर,-11.4083,1,starts_with_dependent_vowel;contains_special_A
13590,▁पाण्डवान्,पाण्डवान्,-11.4087,2,ends_with_virama
13591,▁प्रत्यहं,प्रत्यहं,-11.4088,0,contains_special_A
13596,सत्तमाः,सत्तमाः,-11.4099,1,contains_special_A
13597,तॄणां,तॄणां,-11.41,2,contains_special_A
13603,युक्ताः,युक्ताः,-11.4104,2,contains_special_A
13605,▁विदितं,विदितं,-11.4105,2,contains_special_A
13606,▁रक्षांसि,रक्षांसि,-11.4107,2,contains_special_A
13617,▁तिष्ठन्,तिष्ठन्,-11.4114,1,ends_with_virama
13620,ोक्तौ,ोक्तौ,-11.4115,2,starts_with_dependent_vowel
13621,चेत्,चेत्,-11.4116,1,ends_with_virama
13623,▁भिक्षुर्,भिक्षुर्,-11.4119,2,ends_with_virama
13627,ुदात्त,ुदात्त,-11.4126,2,starts_with_dependent_vowel
13628,▁संरम्भ,संरम्भ,-11.4127,0,contains_special_A
13630,मेतन्,मेतन्,-11.4128,1,ends_with_virama
13634,गुणैर्,गुणैर्,-11.4132,2,ends_with_virama
13636,प्रभम्,प्रभम्,-11.4136,0,ends_with_virama
13641,ानुमत,ानुमत,-11.4139,2,starts_with_dependent_vowel
13642,▁पुंसः,पुंसः,-11.414,1,contains_special_A
13643,िदमुच्यते,िदमुच्यते,-11.4141,3,starts_with_dependent_vowel
13653,ावस्यक,ावस्यक,-11.4149,1,starts_with_dependent_vowel
13655,भिसंभोत्स्य,भिसंभोत्स्य,-11.4152,2,contains_special_A
13656,ातिदेस,ातिदेस,-11.4153,3,starts_with_dependent_vowel
13658,ादुत्,ादुत्,-11.4156,2,starts_with_dependent_vowel;ends_with_virama
13659,पूजितः,पूजितः,-11.4157,2,contains_special_A
13662,हरत्,हरत्,-11.4159,0,ends_with_virama
13667,ैकैक,ैकैक,-11.4162,2,starts_with_dependent_vowel
13673,ऽआ,ऽआ,-11.4172,1,contains_special_A
13674,ोच्चार,ोच्चार,-11.4174,2,starts_with_dependent_vowel
13676,ार्थमाह,ार्थमाह,-11.4175,2,starts_with_dependent_vowel
13677,▁विज्ञेयः,विज्ञेयः,-11.4176,2,contains_special_A
13679,ाङ्गिरस,ाङ्गिरस,-11.4177,2,starts_with_dependent_vowel
13683,ेवंरूप,ेवंरूप,-11.4179,2,starts_with_dependent_vowel;contains_special_A
13695,जानीयात्,जानीयात्,-11.4182,3,ends_with_virama
13696,ित्युक्त,ित्युक्त,-11.4183,2,starts_with_dependent_vowel
13701,▁ततोऽहं,ततोऽहं,-11.4188,1,contains_special_A
13702,ातिथि,ातिथि,-11.4189,3,starts_with_dependent_vowel
13703,▁भूपतिः,भूपतिः,-11.419,2,contains_special_A
13705,▁न्यवेदयत्,न्यवेदयत्,-11.419,1,ends_with_virama
13708,▁संस्कृतसून्यता,संस्कृतसून्यता,-11.4195,3,contains_special_A
13715,सिद्ध्यर्थं,सिद्ध्यर्थं,-11.4197,1,contains_special_A
13718,▁ऋषयः,ऋषयः,-11.4201,1,contains_special_A
13724,ृष्य,ृष्य,-11.4207,1,starts_with_dependent_vowel
13725,धनुः,धनुः,-11.4207,1,contains_special_A
13727,ागन्तुक,ागन्तुक,-11.4209,2,starts_with_dependent_vowel
13743,▁ब्रह्मणोऽ,ब्रह्मणोऽ,-11.4222,1,contains_special_A
13744,प्रसंस,प्रसंस,-11.4222,0,contains_special_A
13746,▁यथावत्,यथावत्,-11.4223,1,ends_with_virama
13752,ुपयोग,ुपयोग,-11.4229,2,starts_with_dependent_vowel
13764,ोऽष्ट,ोऽष्ट,-11.4245,1,starts_with_dependent_vowel;contains_special_A
13765,ानुत्तर,ानुत्तर,-11.4246,2,starts_with_dependent_vowel
13773,ितार,ितार,-11.4254,2,starts_with_dependent_vowel
13775,▁दुःखिता,दुःखिता,-11.4254,3,contains_special_A
13776,▁पुद्गलः,पुद्गलः,-11.4258,1,contains_special_A
13780,कराः,कराः,-11.426,1,contains_special_A
13781,▁वसेत्,वसेत्,-11.426,1,ends_with_virama
13783,ाविर्भाव,ाविर्भाव,-11.4261,3,starts_with_dependent_vowel
13786,ुद्ध,ुद्ध,-11.4264,1,starts_with_dependent_vowel
13787,ापादन,ापादन,-11.4264,2,starts_with_dependent_vowel
13788,▁योज्यम्,योज्यम्,-11.4264,1,ends_with_virama
13789,ोऽहमिति,ोऽहमिति,-11.4265,3,starts_with_dependent_vowel;contains_special_A
13794,ाम्भोज,ाम्भोज,-11.4269,2,starts_with_dependent_vowel
13799,ुत्सर्ग,ुत्सर्ग,-11.4273,1,starts_with_dependent_vowel
13800,ाद्ब्रह्म,ाद्ब्रह्म,-11.4273,1,starts_with_dependent_vowel
13803,▁वासः,वासः,-11.4273,1,contains_special_A
13805,ेनेत्यर्थः,ेनेत्यर्थः,-11.4274,2,starts_with_dependent_vowel;contains_special_A
13808,ात्मानो,ात्मानो,-11.4277,3,starts_with_dependent_vowel
13809,ाभावाच्च,ाभावाच्च,-11.428,3,starts_with_dependent_vowel
13812,भेदेऽपि,भेदेऽपि,-11.428,3,contains_special_A
13817,▁संगृहीत,संगृहीत,-11.4285,2,contains_special_A
13821,▁सम्यङ्,सम्यङ्,-11.4289,0,ends_with_virama
13826,ुत्कृष्ट,ुत्कृष्ट,-11.4291,2,starts_with_dependent_vowel
13827,▁एषोऽ,एषोऽ,-11.4298,2,contains_special_A
13830,प्रियम्,प्रियम्,-11.43,1,ends_with_virama
13832,▁महामतिः,महामतिः,-11.4302,2,contains_special_A
13844,न्योऽन्य,न्योऽन्य,-11.4312,1,contains_special_A
13848,▁दृक्,दृक्,-11.4315,1,ends_with_virama
13849,धर्माः,धर्माः,-11.4318,1,contains_special_A
13851,▁अब्रवीत्,अब्रवीत्,-11.4319,2,ends_with_virama
13860,ाप्यय,ाप्यय,-11.4323,1,starts_with_dependent_vowel
13862,ानात्म,ानात्म,-11.4324,2,starts_with_dependent_vowel
13864,▁महातेजाः,महातेजाः,-11.4327,3,contains_special_A
13867,▁क्,क्,-11.433,0,ends_with_virama
13869,िन्धन,िन्धन,-11.4331,1,starts_with_dependent_vowel
13871,▁सहिताः,सहिताः,-11.4332,2,contains_special_A
13873,पतद्,पतद्,-11.4334,0,ends_with_virama
13877,ोदाहृत,ोदाहृत,-11.4338,3,starts_with_dependent_vowel
13886,▁बहुतरं,बहुतरं,-11.4346,1,contains_special_A
13894,▁नान्यत्,नान्यत्,-11.4354,1,ends_with_virama
13895,▁महान्तं,महान्तं,-11.4357,1,contains_special_A
13896,ुन्नत,ुन्नत,-11.4358,1,starts_with_dependent_vowel
13899,▁जग्मुर्,जग्मुर्,-11.4362,1,ends_with_virama
13911,▁संनिपात,संनिपात,-11.4371,2,contains_special_A
13913,ान्नर,ान्नर,-11.4376,1,starts_with_dependent_vowel
13915,ैर्यथा,ैर्यथा,-11.4377,2,starts_with_dependent_vowel
13918,भगवान्,भगवान्,-11.4379,1,ends_with_virama
13923,▁मनोऽ,मनोऽ,-11.438,1,contains_special_A
13925,▁पुरुषाः,पुरुषाः,-11.4381,3,contains_special_A
13935,ैकवाक्यत,ैकवाक्यत,-11.4387,2,starts_with_dependent_vowel
13941,ुत्पल,ुत्पल,-11.4394,1,starts_with_dependent_vowel
13945,ेनाप्य,ेनाप्य,-11.4398,2,starts_with_dependent_vowel
13946,▁अस्याः,अस्याः,-11.4398,2,contains_special_A
13949,ादेरपि,ादेरपि,-11.44,3,starts_with_dependent_vowel
13950,▁पसवः,पसवः,-11.4401,0,contains_special_A
13953,यिष्यामः,यिष्यामः,-11.4402,2,contains_special_A
13955,▁विज्ञेयं,विज्ञेयं,-11.4403,2,contains_special_A
13958,चेतनः,चेतनः,-11.4404,1,contains_special_A
13963,ेत्य्,ेत्य्,-11.4411,1,starts_with_dependent_vowel;ends_with_virama
13970,ाण्स,ाण्स,-11.4414,1,starts_with_dependent_vowel
13971,▁गुणान्,गुणान्,-11.4414,2,ends_with_virama
13974,बहिः,बहिः,-11.4416,1,contains_special_A
13979,▁पुत्रान्,पुत्रान्,-11.4422,2,ends_with_virama
13982,मीदृसम्,मीदृसम्,-11.4424,2,ends_with_virama
13994,तिष्ठन्,तिष्ठन्,-11.4433,1,ends_with_virama
14006,▁अहिंसा,अहिंसा,-11.4442,3,contains_special_A
14008,ापीड,ापीड,-11.4442,2,starts_with_dependent_vowel
14013,ादव,ादव,-11.4447,1,starts_with_dependent_vowel
14020,▁उभयोः,उभयोः,-11.4461,2,contains_special_A
14029,ीकृतम्,ीकृतम्,-11.4469,2,starts_with_dependent_vowel;ends_with_virama
14030,ात्मवान्,ात्मवान्,-11.4469,2,starts_with_dependent_vowel;ends_with_virama
14034,भूवन्,भूवन्,-11.4471,1,ends_with_virama
14036,▁प्रजापतेः,प्रजापतेः,-11.4474,2,contains_special_A
14040,ासाद्य,ासाद्य,-11.4475,2,starts_with_dependent_vowel
14054,ेकान्त,ेकान्त,-11.4487,2,starts_with_dependent_vowel
14057,▁संविद्यन्ते,संविद्यन्ते,-11.4492,2,contains_special_A
14060,विधानात्,विधानात्,-11.4495,3,ends_with_virama
14064,▁अर्हन्तः,अर्हन्तः,-11.4499,1,contains_special_A
14067,ऽसौ,ऽसौ,-11.4505,1,contains_special_A
14073,न्नित्यं,न्नित्यं,-11.451,1,contains_special_A
14077,ानुसासन,ानुसासन,-11.4513,3,starts_with_dependent_vowel
14080,ाभूत्,ाभूत्,-11.4515,2,starts_with_dependent_vowel;ends_with_virama
14081,▁साक्षिणः,साक्षिणः,-11.4515,2,contains_special_A
14086,ादिज्ञान,ादिज्ञान,-11.4519,3,starts_with_dependent_vowel
14091,संयुता,संयुता,-11.452,2,contains_special_A
14094,िक्,िक्,-11.4522,1,starts_with_dependent_vowel;ends_with_virama
14099,ालोच्य,ालोच्य,-11.4525,2,starts_with_dependent_vowel
14101,▁तस्मिंस्च,तस्मिंस्च,-11.4525,1,contains_special_A
14106,मेतां,मेतां,-11.453,2,contains_special_A
14108,ेत्येवं,ेत्येवं,-11.4533,2,starts_with_dependent_vowel;contains_special_A
14111,▁नराधिपः,नराधिपः,-11.4533,2,contains_special_A
14115,▁संप्रयुक्त,संप्रयुक्त,-11.4535,1,contains_special_A
14132,▁गौर्,गौर्,-11.4547,1,ends_with_virama
14145,▁ऽउ,ऽउ,-11.4558,1,contains_special_A
14149,देयं,देयं,-11.456,1,contains_special_A
14153,ुरिति,ुरिति,-11.4562,3,starts_with_dependent_vowel
14154,शु,शु,-11.4562,1,simple_cv
14157,ेष्यति,ेष्यति,-11.4564,2,starts_with_dependent_vowel
14158,▁त्वक्,त्वक्,-11.4565,0,ends_with_virama
14160,ोद्वेग,ोद्वेग,-11.4571,2,starts_with_dependent_vowel
14161,ास्रित्य,ास्रित्य,-11.4571,2,starts_with_dependent_vowel
14166,▁भावात्,भावात्,-11.4573,2,ends_with_virama
14171,▁उदाहरणम्,उदाहरणम्,-11.4576,2,ends_with_virama
14172,ान्नित्य,ान्नित्य,-11.4577,2,starts_with_dependent_vowel
14180,ान्तराय,ान्तराय,-11.4586,2,starts_with_dependent_vowel
14181,ोऽभवन्,ोऽभवन्,-11.4587,1,starts_with_dependent_vowel;contains_special_A;ends_with_virama
14183,▁धिग्,धिग्,-11.4589,1,ends_with_virama
14187,▁महाद्युतिः,महाद्युतिः,-11.459,3,contains_special_A
14191,ाविष्,ाविष्,-11.4598,2,starts_with_dependent_vowel;ends_with_virama
14196,मिदमब्रवीत्,मिदमब्रवीत्,-11.4603,2,ends_with_virama
14200,ोऽन्यो,ोऽन्यो,-11.4607,2,starts_with_dependent_vowel;contains_special_A
14202,दद्यात्,दद्यात्,-11.4611,1,ends_with_virama
14203,▁यत्किं,यत्किं,-11.4611,1,contains_special_A
14204,▁सहितः,सहितः,-11.4613,1,contains_special_A
14206,▁मताः,मताः,-11.4616,1,contains_special_A
14209,ात्कथं,ात्कथं,-11.4617,1,starts_with_dependent_vowel;contains_special_A
14212,चेष्टितम्,चेष्टितम्,-11.4618,2,ends_with_virama
14215,▁भर्तुः,भर्तुः,-11.4619,1,contains_special_A
14229,ुच्चार,ुच्चार,-11.4629,2,starts_with_dependent_vowel
14230,▁सांप्रतं,सांप्रतं,-11.4629,1,contains_special_A
14231,ाक्रन्द,ाक्रन्द,-11.4629,1,starts_with_dependent_vowel
14232,चरत्,चरत्,-11.4631,0,ends_with_virama
14235,▁संपद्यते,संपद्यते,-11.4634,1,contains_special_A
14238,तेजः,तेजः,-11.4635,1,contains_special_A
14244,▁अधः,अधः,-11.4641,1,contains_special_A
14253,िकायाः,िकायाः,-11.4649,3,starts_with_dependent_vowel;contains_special_A
14259,ासंभवात्,ासंभवात्,-11.4652,2,starts_with_dependent_vowel;contains_special_A;ends_with_virama
14260,समन्विताः,समन्विताः,-11.4652,2,contains_special_A
14261,मेनं,मेनं,-11.4655,1,contains_special_A
14262,ार्पण,ार्पण,-11.4655,1,starts_with_dependent_vowel
14297,▁रुधिरं,रुधिरं,-11.4683,2,contains_special_A
14300,▁पुरम्,पुरम्,-11.4685,1,ends_with_virama
14306,▁बहुभिर्,बहुभिर्,-11.469,2,ends_with_virama
14308,ाङ्गन,ाङ्गन,-11.4691,1,starts_with_dependent_vowel
14310,▁दंस,दंस,-11.4695,0,contains_special_A
14311,ावमान,ावमान,-11.4695,2,starts_with_dependent_vowel
14315,▁संभृत,संभृत,-11.4697,1,contains_special_A
14324,▁पुरातनम्,पुरातनम्,-11.4702,2,ends_with_virama
14329,▁दुःखानि,दुःखानि,-11.4704,3,contains_special_A
14330,लिंग,लिंग,-11.4707,1,contains_special_A
14331,ाक्षय,ाक्षय,-11.4707,1,starts_with_dependent_vowel
14337,▁केषां,केषां,-11.4709,2,contains_special_A
14338,▁समन्वागतः,समन्वागतः,-11.4709,1,contains_special_A
14340,ादेसो,ादेसो,-11.4713,3,starts_with_dependent_vowel
14342,ाद्भिन्न,ाद्भिन्न,-11.4716,2,starts_with_dependent_vowel
14351,▁संलक्षयति,संलक्षयति,-11.4723,1,contains_special_A
14353,ान्निर,ान्निर,-11.4725,2,starts_with_dependent_vowel
14354,▁संप्रकासय,संप्रकासय,-11.4725,1,contains_special_A
14356,ारे,ारे,-11.4727,2,starts_with_dependent_vowel
14362,ाभिधीयते,ाभिधीयते,-11.4733,4,starts_with_dependent_vowel
14364,ास्ताः,ास्ताः,-11.4735,2,starts_with_dependent_vowel;contains_special_A
14365,▁पसूनां,पसूनां,-11.4736,2,contains_special_A
14368,सुखदुःख,सुखदुःख,-11.4738,2,contains_special_A
14370,ितरेतर,ितरेतर,-11.4741,2,starts_with_dependent_vowel
14371,▁नक्तं,नक्तं,-11.4741,0,contains_special_A
14372,▁भूमिर्,भूमिर्,-11.4742,2,ends_with_virama
14375,ृणोति,ृणोति,-11.4744,3,starts_with_dependent_vowel
14377,▁संकर्षण,संकर्षण,-11.4744,0,contains_special_A
14380,प्रतिपत्,प्रतिपत्,-11.4746,1,ends_with_virama
14386,▁तदहं,तदहं,-11.475,0,contains_special_A
14389,मग्निं,मग्निं,-11.4754,1,contains_special_A
14396,▁विग्रहः,विग्रहः,-11.4758,1,contains_special_A
14400,▁गुरुर्,गुरुर्,-11.4761,2,ends_with_virama
14401,ाकुलम्,ाकुलम्,-11.4762,2,starts_with_dependent_vowel;ends_with_virama
14414,ैरन्य,ैरन्य,-11.4773,1,starts_with_dependent_vowel
14420,ासव,ासव,-11.478,1,starts_with_dependent_vowel
14424,गू,गू,-11.4784,1,simple_cv
14426,ऽर्जुन,ऽर्जुन,-11.4787,1,contains_special_A
14442,ऽइ,ऽइ,-11.4797,1,contains_special_A
14447,▁धारयन्,धारयन्,-11.4798,1,ends_with_virama
14448,ुमर्हति,ुमर्हति,-11.4798,2,starts_with_dependent_vowel
14458,▁नृपाः,नृपाः,-11.4812,2,contains_special_A
14464,ार्धेन,ार्धेन,-11.4816,2,starts_with_dependent_vowel
14477,▁ओंकार,ओंकार,-11.4823,2,contains_special_A
14480,ोऽस्म्य,ोऽस्म्य,-11.4827,1,starts_with_dependent_vowel;contains_special_A
14483,▁बुद्धक्षेत्रं,बुद्धक्षेत्रं,-11.4828,2,contains_special_A
14488,▁सक्यम्,सक्यम्,-11.4831,0,ends_with_virama
14491,संज्ञिन,संज्ञिन,-11.4833,1,contains_special_A
14501,भावाद्,भावाद्,-11.4844,2,ends_with_virama
14509,▁पञ्चानां,पञ्चानां,-11.4852,2,contains_special_A
14511,▁संप्राप्य,संप्राप्य,-11.4852,1,contains_special_A
14520,संवेद्य,संवेद्य,-11.4858,1,contains_special_A
14523,▁ततोऽस्य,ततोऽस्य,-11.4859,1,contains_special_A
14527,ुर्न,ुर्न,-11.4861,1,starts_with_dependent_vowel
14528,▁संवेदन,संवेदन,-11.4862,1,contains_special_A
14533,▁तदुक्तम्,तदुक्तम्,-11.4865,1,ends_with_virama
14536,राजन्,राजन्,-11.4869,1,ends_with_virama
14540,ोक्षित,ोक्षित,-11.4872,2,starts_with_dependent_vowel
14546,▁भवेन्,भवेन्,-11.4877,1,ends_with_virama
14548,ीयतां,ीयतां,-11.488,2,starts_with_dependent_vowel;contains_special_A
14551,▁लोकेऽस्मिन्,लोकेऽस्मिन्,-11.4881,3,contains_special_A;ends_with_virama
14555,▁संकोच,संकोच,-11.4885,1,contains_special_A
14557,▁संतोष,संतोष,-11.4885,1,contains_special_A
14558,ानुप्रवेस,ानुप्रवेस,-11.4886,3,starts_with_dependent_vowel
14560,ुत्पत्तेः,ुत्पत्तेः,-11.4886,2,starts_with_dependent_vowel;contains_special_A
14567,मस्मिन्,मस्मिन्,-11.4892,1,ends_with_virama
14571,▁मञ्जुस्रीः,मञ्जुस्रीः,-11.4894,2,contains_special_A
14573,ाहवे,ाहवे,-11.4895,2,starts_with_dependent_vowel
14574,ुत्पत,ुत्पत,-11.4895,1,starts_with_dependent_vowel
14575,तिष्ठत्,तिष्ठत्,-11.4896,1,ends_with_virama
14578,▁ख्यातं,ख्यातं,-11.4899,1,contains_special_A
14579,संख्यया,संख्यया,-11.49,1,contains_special_A
14580,▁युगपद्,युगपद्,-11.4901,1,ends_with_virama
14583,ांग,ांग,-11.4902,1,starts_with_dependent_vowel;contains_special_A
14586,स्तस्याः,स्तस्याः,-11.4905,1,contains_special_A
14587,र्वाक्,र्वाक्,-11.4905,1,ends_with_virama
14593,▁संहृष्ट,संहृष्ट,-11.4909,1,contains_special_A
14595,▁हविष्,हविष्,-11.4911,1,ends_with_virama
14596,▁रक्षसां,रक्षसां,-11.4911,1,contains_special_A
14597,िष्व,िष्व,-11.4912,1,starts_with_dependent_vowel
14604,भगवत्,भगवत्,-11.4918,0,ends_with_virama
14612,जु,जु,-11.4921,1,simple_cv
14613,ोदकम्,ोदकम्,-11.4922,1,starts_with_dependent_vowel;ends_with_virama
14617,ादनु,ादनु,-11.4926,2,starts_with_dependent_vowel
14620,▁स्त्रियं,स्त्रियं,-11.4928,1,contains_special_A
14636,नुपपत्तेः,नुपपत्तेः,-11.4935,2,contains_special_A
14646,न्नृपः,न्नृपः,-11.494,1,contains_special_A
14653,▁भर्तुर्,भर्तुर्,-11.4945,1,ends_with_virama
14670,कथम्,कथम्,-11.4958,0,ends_with_virama
14671,▁व्यवस्थिताः,व्यवस्थिताः,-11.4958,2,contains_special_A
14674,ृतु,ृतु,-11.4963,2,starts_with_dependent_vowel
14680,ोऽग्निर्,ोऽग्निर्,-11.4964,2,starts_with_dependent_vowel;contains_special_A;ends_with_virama
14684,▁नृपतिः,नृपतिः,-11.4965,2,contains_special_A
14692,ातत,ातत,-11.4972,1,starts_with_dependent_vowel
14694,ार्हत,ार्हत,-11.4974,1,starts_with_dependent_vowel
14695,▁सरैर्,सरैर्,-11.4976,1,ends_with_virama
14697,स्तयोः,स्तयोः,-11.4977,1,contains_special_A
14700,ुच्यन्ते,ुच्यन्ते,-11.498,2,starts_with_dependent_vowel
14704,ातिथ्य,ातिथ्य,-11.4982,2,starts_with_dependent_vowel
14706,▁प्राङ्,प्राङ्,-11.4984,1,ends_with_virama
14707,▁प्रणिधानं,प्रणिधानं,-11.4987,2,contains_special_A
14710,त्वमित्यर्थः,त्वमित्यर्थः,-11.4989,1,contains_special_A
14723,संयम,संयम,-11.4998,0,contains_special_A
14724,ान्यत्व,ान्यत्व,-11.4998,1,starts_with_dependent_vowel
14728,ाभवन्,ाभवन्,-11.5001,1,starts_with_dependent_vowel;ends_with_virama
14731,▁कथंचन,कथंचन,-11.5003,0,contains_special_A
14733,ब्रवीन्,ब्रवीन्,-11.5004,1,ends_with_virama
14735,स्तावद्,स्तावद्,-11.5005,1,ends_with_virama
14737,▁संभार,संभार,-11.5007,1,contains_special_A
14747,प्रतिसंविद,प्रतिसंविद,-11.5016,2,contains_special_A
14748,▁चोक्तम्,चोक्तम्,-11.5016,1,ends_with_virama
14750,▁किन्,किन्,-11.5019,1,ends_with_virama
14753,ैरनु,ैरनु,-11.502,2,starts_with_dependent_vowel
14754,गोचरम्,गोचरम्,-11.502,1,ends_with_virama
14755,ूरु,ूरु,-11.5021,2,starts_with_dependent_vowel
14757,▁दातुं,दातुं,-11.5023,2,contains_special_A
14758,ान्तर्भाव,ान्तर्भाव,-11.5023,2,starts_with_dependent_vowel
14762,मागताः,मागताः,-11.5027,2,contains_special_A
14764,▁ऋषीणां,ऋषीणां,-11.5029,3,contains_special_A
14779,▁चक्रुर्,चक्रुर्,-11.504,1,ends_with_virama
14785,ानीह,ानीह,-11.5046,2,starts_with_dependent_vowel
14788,भोजनम्,भोजनम्,-11.5047,1,ends_with_virama
14790,ायतनानि,ायतनानि,-11.505,3,starts_with_dependent_vowel
14794,ुपदिष्ट,ुपदिष्ट,-11.5051,2,starts_with_dependent_vowel
14798,▁पुरस्ताद्,पुरस्ताद्,-11.5055,2,ends_with_virama
14801,मिदानीं,मिदानीं,-11.5058,3,contains_special_A
14807,▁संक्षिप्त,संक्षिप्त,-11.5067,1,contains_special_A
14809,ेभ्यस्त,ेभ्यस्त,-11.5069,1,starts_with_dependent_vowel
14826,▁सुतरां,सुतरां,-11.508,2,contains_special_A
14827,▁मतिर्,मतिर्,-11.5085,1,ends_with_virama
14831,ीकार,ीकार,-11.5089,2,starts_with_dependent_vowel
14833,▁यथेष्टं,यथेष्टं,-11.509,1,contains_special_A
14843,संपूर्ण,संपूर्ण,-11.5102,1,contains_special_A
14852,ृद्ध,ृद्ध,-11.5108,1,starts_with_dependent_vowel
14853,ेऽपीति,ेऽपीति,-11.5108,3,starts_with_dependent_vowel;contains_special_A
14860,▁एतान्,एतान्,-11.5113,2,ends_with_virama
14861,भिसंस्,भिसंस्,-11.5113,1,contains_special_A;ends_with_virama
14864,▁एताः,एताः,-11.5117,2,contains_special_A
14866,ारिका,ारिका,-11.5119,3,starts_with_dependent_vowel
14871,▁सप्तभिः,सप्तभिः,-11.5123,1,contains_special_A
14873,▁त्रीन्,त्रीन्,-11.5125,1,ends_with_virama
14879,विवर्जितम्,विवर्जितम्,-11.5128,2,ends_with_virama
14882,ान्बहून्,ान्बहून्,-11.5129,2,starts_with_dependent_vowel;ends_with_virama
14884,ावस्थाया,ावस्थाया,-11.513,3,starts_with_dependent_vowel
14887,वपुर्,वपुर्,-11.5133,1,ends_with_virama
14892,िल्ल,िल्ल,-11.5138,1,starts_with_dependent_vowel
14895,भुक्,भुक्,-11.5143,1,ends_with_virama
14903,ित्यभिप्रायः,ित्यभिप्रायः,-11.5149,3,starts_with_dependent_vowel;contains_special_A
14905,त्स्यात्,त्स्यात्,-11.5151,1,ends_with_virama
14916,▁राक्षसाः,राक्षसाः,-11.5158,2,contains_special_A
14917,ममृतं,ममृतं,-11.5159,1,contains_special_A
14926,▁बहून्,बहून्,-11.5167,1,ends_with_virama
14928,विसत्,विसत्,-11.5168,1,ends_with_virama
14930,सिद्धेर्,सिद्धेर्,-11.5169,2,ends_with_virama
14931,ित्यनेन,ित्यनेन,-11.5169,2,starts_with_dependent_vowel
14935,▁प्रदक्षिणं,प्रदक्षिणं,-11.5171,1,contains_special_A
14936,ूत्तम,ूत्तम,-11.5171,1,starts_with_dependent_vowel
14939,भुवः,भुवः,-11.5174,1,contains_special_A
14940,ेभ्योऽपि,ेभ्योऽपि,-11.5175,3,starts_with_dependent_vowel;contains_special_A
14941,ेकत्व,ेकत्व,-11.5176,1,starts_with_dependent_vowel
14945,ात्यन्ताभाव,ात्यन्ताभाव,-11.5178,3,starts_with_dependent_vowel
14949,ासत्तया,ासत्तया,-11.5181,2,starts_with_dependent_vowel
14953,▁ज्ञातुं,ज्ञातुं,-11.5186,2,contains_special_A
14963,▁किम्प्रयोजनम्,किम्प्रयोजनम्,-11.5194,2,ends_with_virama
14964,ादिका,ादिका,-11.5194,3,starts_with_dependent_vowel
14965,ानामप्य,ानामप्य,-11.5199,2,starts_with_dependent_vowel
14967,किंचिद,किंचिद,-11.52,2,contains_special_A
14968,ासोक,ासोक,-11.52,2,starts_with_dependent_vowel
14969,▁कोऽप्य,कोऽप्य,-11.5201,1,contains_special_A
14970,▁भूर्,भूर्,-11.5202,1,ends_with_virama
14971,पृथग्,पृथग्,-11.5202,1,ends_with_virama
14972,ुत्तरपद,ुत्तरपद,-11.5204,1,starts_with_dependent_vowel
14976,▁घु,घु,-11.5207,1,simple_cv
14978,नेकसः,नेकसः,-11.5208,1,contains_special_A
14980,▁तै,तै,-11.5208,1,simple_cv
14982,मीस्वरम्,मीस्वरम्,-11.521,1,ends_with_virama
14984,वृत्तेर्,वृत्तेर्,-11.5211,2,ends_with_virama
14991,पृ,पृ,-11.5216,1,simple_cv
14995,▁केनचिद्,केनचिद्,-11.522,2,ends_with_virama
14997,ितुकामेन,ितुकामेन,-11.5223,4,starts_with_dependent_vowel
15004,▁क्वचिन्,क्वचिन्,-11.5228,1,ends_with_virama
15011,▁भी,भी,-11.5233,1,simple_cv
15017,ेदित्य,ेदित्य,-11.5237,2,starts_with_dependent_vowel
15022,ापदेस,ापदेस,-11.524,2,starts_with_dependent_vowel
15024,ुपात्त,ुपात्त,-11.5241,2,starts_with_dependent_vowel
15029,मुत्तमं,मुत्तमं,-11.5247,1,contains_special_A
15031,▁स्रीमत्,स्रीमत्,-11.5248,1,ends_with_virama
15032,ात्प्रति,ात्प्रति,-11.5249,2,starts_with_dependent_vowel
15033,ाभिसमय,ाभिसमय,-11.525,2,starts_with_dependent_vowel
15036,निःसृत,निःसृत,-11.5253,2,contains_special_A
15040,ावेणिकबुद्धधर्म,ावेणिकबुद्धधर्म,-11.5256,4,starts_with_dependent_vowel
15041,ाग्निर्,ाग्निर्,-11.5257,2,starts_with_dependent_vowel;ends_with_virama
15042,▁ह्ययं,ह्ययं,-11.5258,0,contains_special_A
15046,▁पञ्चभिर्,पञ्चभिर्,-11.526,1,ends_with_virama
15048,संगति,संगति,-11.5261,1,contains_special_A
15051,ाकूत,ाकूत,-11.5264,2,starts_with_dependent_vowel
15052,ौपम्य,ौपम्य,-11.5265,1,starts_with_dependent_vowel
15056,▁इन्,इन्,-11.5267,1,ends_with_virama
15059,ाभरणभूषित,ाभरणभूषित,-11.5268,3,starts_with_dependent_vowel
15060,▁वक्ष्यामः,वक्ष्यामः,-11.5268,1,contains_special_A
15061,संछन्न,संछन्न,-11.5269,0,contains_special_A
15063,मनुस्मरन्,मनुस्मरन्,-11.5271,1,ends_with_virama
15067,▁योषितः,योषितः,-11.5274,2,contains_special_A
15075,संकेत,संकेत,-11.5281,1,contains_special_A
15079,हर्,हर्,-11.5285,0,ends_with_virama
15081,ाद्यन्त,ाद्यन्त,-11.5287,1,starts_with_dependent_vowel
15086,▁नाद्यः,नाद्यः,-11.5292,1,contains_special_A
15088,ान्वयव्यतिरेक,ान्वयव्यतिरेक,-11.5292,3,starts_with_dependent_vowel
15098,हृत्,हृत्,-11.5308,1,ends_with_virama
15102,भविष्यत्,भविष्यत्,-11.531,1,ends_with_virama
15103,ुत्तमा,ुत्तमा,-11.531,2,starts_with_dependent_vowel
15107,ध्रुवम्,ध्रुवम्,-11.5311,1,ends_with_virama
15109,न्यस्मिन्,न्यस्मिन्,-11.5312,1,ends_with_virama
15110,▁गणाः,गणाः,-11.5313,1,contains_special_A
15111,संख्यात,संख्यात,-11.5313,1,contains_special_A
15113,ुक्त्वा,ुक्त्वा,-11.5315,2,starts_with_dependent_vowel
15116,ाकर्षण,ाकर्षण,-11.5316,1,starts_with_dependent_vowel
15117,▁सर्वधर्माः,सर्वधर्माः,-11.5316,1,contains_special_A
15119,ात्मानः,ात्मानः,-11.5317,2,starts_with_dependent_vowel;contains_special_A
15124,ाणामिति,ाणामिति,-11.5322,4,starts_with_dependent_vowel
15125,▁नृसिंह,नृसिंह,-11.5322,2,contains_special_A
15132,गतिर्,गतिर्,-11.5329,1,ends_with_virama
15134,▁यावज्जीवं,यावज्जीवं,-11.5334,2,contains_special_A
15135,संपदा,संपदा,-11.5335,1,contains_special_A
15137,मियं,मियं,-11.5336,1,contains_special_A
15146,▁स्रियम्,स्रियम्,-11.5345,1,ends_with_virama
15149,ोष्णीष,ोष्णीष,-11.5346,2,starts_with_dependent_vowel
15152,▁ऽइ,ऽइ,-11.5351,1,contains_special_A
15153,▁मातुर्,मातुर्,-11.5351,2,ends_with_virama
15157,▁प्रतिष्ठितम्,प्रतिष्ठितम्,-11.5354,2,ends_with_virama
15158,▁तिर्यग्,तिर्यग्,-11.5355,1,ends_with_virama
15159,ात्रेय,ात्रेय,-11.5357,2,starts_with_dependent_vowel
15163,▁भ्रातृभिः,भ्रातृभिः,-11.5361,3,contains_special_A
15165,▁चोक्तं,चोक्तं,-11.5362,1,contains_special_A
15166,▁मनीषिणः,मनीषिणः,-11.5362,2,contains_special_A
15167,ाद्वै,ाद्वै,-11.5362,2,starts_with_dependent_vowel
15168,ोन्माद,ोन्माद,-11.5363,2,starts_with_dependent_vowel
15169,▁चन्द्रमाः,चन्द्रमाः,-11.5363,1,contains_special_A
15173,▁स्रोतुं,स्रोतुं,-11.5365,2,contains_special_A
15179,ान्दस,ान्दस,-11.5368,1,starts_with_dependent_vowel
15182,स्तूर्णं,स्तूर्णं,-11.537,1,contains_special_A
15192,ेऽग्नि,ेऽग्नि,-11.5375,2,starts_with_dependent_vowel;contains_special_A
15196,ादुद,ादुद,-11.5377,2,starts_with_dependent_vowel
15203,▁केचिन्,केचिन्,-11.5382,2,ends_with_virama
15208,ेतेषां,ेतेषां,-11.5391,3,starts_with_dependent_vowel;contains_special_A
15218,▁धर्मतः,धर्मतः,-11.5396,0,contains_special_A
15225,त्वात्तत्,त्वात्तत्,-11.5402,1,ends_with_virama
15239,ुड,ुड,-11.5416,1,starts_with_dependent_vowel
15240,ापहम्,ापहम्,-11.5416,1,starts_with_dependent_vowel;ends_with_virama
15241,ुर्य,ुर्य,-11.5417,1,starts_with_dependent_vowel
15250,▁निरस्तम्,निरस्तम्,-11.5421,1,ends_with_virama
15254,▁मू,मू,-11.5428,1,simple_cv
15257,परमाणुरजःसम,परमाणुरजःसम,-11.5429,2,contains_special_A
15261,ान्तरिक्ष,ान्तरिक्ष,-11.5434,2,starts_with_dependent_vowel
15263,ोत्प्रेक्षा,ोत्प्रेक्षा,-11.5436,3,starts_with_dependent_vowel
15273,ोदात्त,ोदात्त,-11.5444,2,starts_with_dependent_vowel
15296,ार्जन,ार्जन,-11.5463,1,starts_with_dependent_vowel
15305,▁सदसद्,सदसद्,-11.5469,0,ends_with_virama
15307,ुप्त,ुप्त,-11.547,1,starts_with_dependent_vowel
15311,▁वस्तुतः,वस्तुतः,-11.5473,1,contains_special_A
15312,▁स्तः,स्तः,-11.5474,0,contains_special_A
15317,ैर्मन्त्र,ैर्मन्त्र,-11.5479,1,starts_with_dependent_vowel
15319,▁परिकीर्तितम्,परिकीर्तितम्,-11.5481,3,ends_with_virama
15321,▁जग्मुः,जग्मुः,-11.5483,1,contains_special_A
15327,ोपग,ोपग,-11.5485,1,starts_with_dependent_vowel
15328,ॄणाम,ॄणाम,-11.5485,2,starts_with_dependent_vowel
15330,▁परमात्मनः,परमात्मनः,-11.5486,1,contains_special_A
15332,▁अनन्तरं,अनन्तरं,-11.5486,1,contains_special_A
15334,ाचाम,ाचाम,-11.5489,2,starts_with_dependent_vowel
15335,ाभिसंस्कार,ाभिसंस्कार,-11.5489,3,starts_with_dependent_vowel;contains_special_A
15338,ासम्भवात्,ासम्भवात्,-11.549,2,starts_with_dependent_vowel;ends_with_virama
15350,ैकाग्र,ैकाग्र,-11.5501,2,starts_with_dependent_vowel
15351,▁असंख्येय,असंख्येय,-11.5501,2,contains_special_A
15353,▁कर्तुम्,कर्तुम्,-11.5502,1,ends_with_virama
15359,ाययौ,ाययौ,-11.5508,2,starts_with_dependent_vowel
15361,यामासुः,यामासुः,-11.5511,3,contains_special_A
15362,▁तिस्रः,तिस्रः,-11.5512,1,contains_special_A
15364,ान्वै,ान्वै,-11.5513,2,starts_with_dependent_vowel
15365,पूजयन्,पूजयन्,-11.5513,1,ends_with_virama
15371,▁पुंसा,पुंसा,-11.5524,2,contains_special_A
15375,ाराध्य,ाराध्य,-11.5527,2,starts_with_dependent_vowel
15381,ौषधी,ौषधी,-11.5533,2,starts_with_dependent_vowel
15385,ादेस्च,ादेस्च,-11.5537,2,starts_with_dependent_vowel
15390,तोऽप्य,तोऽप्य,-11.5541,1,contains_special_A
15395,▁भाषितम्,भाषितम्,-11.5545,2,ends_with_virama
15398,मुपागतः,मुपागतः,-11.5547,2,contains_special_A
15401,ेऽन्त,ेऽन्त,-11.5548,1,starts_with_dependent_vowel;contains_special_A
15403,परंपरा,परंपरा,-11.5553,1,contains_special_A
15404,ातन,ातन,-11.5554,1,starts_with_dependent_vowel
15407,ोऽपीति,ोऽपीति,-11.5555,3,starts_with_dependent_vowel;contains_special_A
15410,ुन्मत्त,ुन्मत्त,-11.5559,1,starts_with_dependent_vowel
15413,ानाञ्च,ानाञ्च,-11.5562,2,starts_with_dependent_vowel
15415,सुराणां,सुराणां,-11.5563,3,contains_special_A
15416,संकीर्ण,संकीर्ण,-11.5563,1,contains_special_A
15418,धस्तात्,धस्तात्,-11.5564,1,ends_with_virama
15427,ुद्यम,ुद्यम,-11.5569,1,starts_with_dependent_vowel
15428,▁परितः,परितः,-11.5569,1,contains_special_A
15433,▁आसन्,आसन्,-11.5573,1,ends_with_virama
15445,ात्मजम्,ात्मजम्,-11.5585,1,starts_with_dependent_vowel;ends_with_virama
15446,ैष्य,ैष्य,-11.5587,1,starts_with_dependent_vowel
15448,नेतुं,नेतुं,-11.5587,2,contains_special_A
15457,ासाधारण,ासाधारण,-11.5598,3,starts_with_dependent_vowel
15458,संदेह,संदेह,-11.5599,1,contains_special_A
15460,ोपचय,ोपचय,-11.56,1,starts_with_dependent_vowel
15466,▁पञ्चविंस,पञ्चविंस,-11.5605,1,contains_special_A
15468,ोऽभाव,ोऽभाव,-11.5606,2,starts_with_dependent_vowel;contains_special_A
15470,ोऽनित्य,ोऽनित्य,-11.5612,2,starts_with_dependent_vowel;contains_special_A
15476,▁संवृत्त,संवृत्त,-11.5614,1,contains_special_A
15477,संप्रयोग,संप्रयोग,-11.5614,1,contains_special_A
15478,ुद्धर,ुद्धर,-11.5615,1,starts_with_dependent_vowel
15480,ाघात,ाघात,-11.5615,2,starts_with_dependent_vowel
15484,िदानीम,िदानीम,-11.5619,3,starts_with_dependent_vowel
15487,▁वाङ्,वाङ्,-11.5621,1,ends_with_virama
15495,▁स्वैरं,स्वैरं,-11.5627,1,contains_special_A
15498,ारम्बण,ारम्बण,-11.563,1,starts_with_dependent_vowel
15500,▁निस्चितम्,निस्चितम्,-11.5632,2,ends_with_virama
15503,ार्द्ध,ार्द्ध,-11.5634,1,starts_with_dependent_vowel
15505,ेष्टव्य,ेष्टव्य,-11.5635,1,starts_with_dependent_vowel
15506,ाच्छादन,ाच्छादन,-11.5636,2,starts_with_dependent_vowel
15507,िनोति,िनोति,-11.5638,3,starts_with_dependent_vowel
15509,▁जगत्सर्वं,जगत्सर्वं,-11.5638,0,contains_special_A
15511,▁यथोक्तम्,यथोक्तम्,-11.564,1,ends_with_virama
15516,ोषधी,ोषधी,-11.5645,2,starts_with_dependent_vowel
15522,संख्यान,संख्यान,-11.5651,1,contains_special_A
15524,▁तल्,तल्,-11.5652,0,ends_with_virama
15527,ोऽन्तर्,ोऽन्तर्,-11.5652,1,starts_with_dependent_vowel;contains_special_A;ends_with_virama
15532,विसेषतः,विसेषतः,-11.5657,2,contains_special_A
15533,ादन्यत्र,ादन्यत्र,-11.5657,1,starts_with_dependent_vowel
15535,ावलोकन,ावलोकन,-11.5659,2,starts_with_dependent_vowel
15539,▁अन्येषां,अन्येषां,-11.5662,3,contains_special_A
15545,▁तान्सर्वान्,तान्सर्वान्,-11.5666,2,ends_with_virama
15547,▁चेतसः,चेतसः,-11.5668,1,contains_special_A
15552,भेदतः,भेदतः,-11.5672,1,contains_special_A
15560,ोपहार,ोपहार,-11.5681,2,starts_with_dependent_vowel
15561,ालिङ्गन,ालिङ्गन,-11.5681,2,starts_with_dependent_vowel
15562,ाव्यभिचार,ाव्यभिचार,-11.5682,3,starts_with_dependent_vowel
15567,▁संस्मर,संस्मर,-11.5689,0,contains_special_A
15569,▁चतुर्भिः,चतुर्भिः,-11.5692,2,contains_special_A
15573,ीकर्तु,ीकर्तु,-11.5694,2,starts_with_dependent_vowel
15575,तथतायां,तथतायां,-11.5695,2,contains_special_A
15578,ानुवृत्ति,ानुवृत्ति,-11.5699,4,starts_with_dependent_vowel
15584,▁पुरीम्,पुरीम्,-11.5705,2,ends_with_virama
15587,▁परिकीर्तितः,परिकीर्तितः,-11.5706,3,contains_special_A
15589,निरूपणम्,निरूपणम्,-11.5707,2,ends_with_virama
15590,ुत्सृज,ुत्सृज,-11.5707,2,starts_with_dependent_vowel
15591,मृद्,मृद्,-11.5707,1,ends_with_virama
15594,संपर्क,संपर्क,-11.5709,0,contains_special_A
15595,िनस्च,िनस्च,-11.5711,1,starts_with_dependent_vowel
15597,▁संबन्धि,संबन्धि,-11.5712,1,contains_special_A
15598,ुपपादित,ुपपादित,-11.5713,3,starts_with_dependent_vowel
15606,विनासनम्,विनासनम्,-11.5719,2,ends_with_virama
15614,त्वात्तद्,त्वात्तद्,-11.5721,1,ends_with_virama
15616,ित्युक्तम्,ित्युक्तम्,-11.5723,2,starts_with_dependent_vowel;ends_with_virama
15617,▁अहंकार,अहंकार,-11.5723,2,contains_special_A
15620,▁महासुरः,महासुरः,-11.5726,2,contains_special_A
15622,धस्ताद्,धस्ताद्,-11.5729,1,ends_with_virama
15623,धिवचनं,धिवचनं,-11.573,1,contains_special_A
15625,▁प्रकृतिर्,प्रकृतिर्,-11.5731,2,ends_with_virama
15628,गच्छेत्,गच्छेत्,-11.5732,1,ends_with_virama
15630,▁स्वागतं,स्वागतं,-11.5734,1,contains_special_A
15633,▁द्विविधः,द्विविधः,-11.5738,2,contains_special_A
15640,ोल्लस,ोल्लस,-11.5748,1,starts_with_dependent_vowel
15642,ाध्यात्म,ाध्यात्म,-11.575,2,starts_with_dependent_vowel
15652,ागमत्,ागमत्,-11.5757,1,starts_with_dependent_vowel;ends_with_virama
15655,ेत्युपपरीक्षते,ेत्युपपरीक्षते,-11.5758,4,starts_with_dependent_vowel
15659,▁वृत्तिर्,वृत्तिर्,-11.5762,2,ends_with_virama
15661,▁अनुत्तरायां,अनुत्तरायां,-11.5763,4,contains_special_A
15668,▁समाप्तम्,समाप्तम्,-11.5768,1,ends_with_virama
15676,ान्पस्य,ान्पस्य,-11.5772,1,starts_with_dependent_vowel
15699,▁कल्पयेत्,कल्पयेत्,-11.5791,1,ends_with_virama
15713,ोपध,ोपध,-11.5805,1,starts_with_dependent_vowel
15716,▁योजनानां,योजनानां,-11.5806,3,contains_special_A
15721,▁चतुर्विंसति,चतुर्विंसति,-11.581,3,contains_special_A
15724,▁द्यौः,द्यौः,-11.5812,1,contains_special_A
15734,संज्ञया,संज्ञया,-11.5821,1,contains_special_A
15739,▁राजंस्त,राजंस्त,-11.5823,1,contains_special_A
15742,▁बहुभिः,बहुभिः,-11.5824,2,contains_special_A
15745,निस्त्रिंस,निस्त्रिंस,-11.5826,2,contains_special_A
15754,संतति,संतति,-11.583,1,contains_special_A
15755,▁चैषां,चैषां,-11.583,2,contains_special_A
15759,मस्माकं,मस्माकं,-11.5834,1,contains_special_A
15761,ानुसारिण,ानुसारिण,-11.5834,4,starts_with_dependent_vowel
15762,गृह्णन्,गृह्णन्,-11.5836,1,ends_with_virama
15765,ीयसी,ीयसी,-11.5838,2,starts_with_dependent_vowel
15769,ुपमा,ुपमा,-11.5841,2,starts_with_dependent_vowel
15771,ोद्गम,ोद्गम,-11.5843,1,starts_with_dependent_vowel
15781,▁तस्माज्,तस्माज्,-11.585,1,ends_with_virama
15785,▁विधिर्,विधिर्,-11.5851,2,ends_with_virama
15792,▁महेस्वरम्,महेस्वरम्,-11.5857,1,ends_with_virama
15800,ृण्व,ृण्व,-11.5869,1,starts_with_dependent_vowel
15801,▁संदर्सय,संदर्सय,-11.587,0,contains_special_A
15803,भ्,भ्,-11.587,0,ends_with_virama
15804,नियमात्,नियमात्,-11.5871,2,ends_with_virama
15805,भूषितम्,भूषितम्,-11.5872,2,ends_with_virama
15809,▁सास्वतम्,सास्वतम्,-11.5873,1,ends_with_virama
15811,▁संयुक्ता,संयुक्ता,-11.5874,2,contains_special_A
15817,▁भोगान्,भोगान्,-11.588,2,ends_with_virama
15819,ाव्यय,ाव्यय,-11.5882,1,starts_with_dependent_vowel
15821,ुद्गीथ,ुद्गीथ,-11.5884,2,starts_with_dependent_vowel
15822,▁संघस्य,संघस्य,-11.5884,0,contains_special_A
15829,मादरात्,मादरात्,-11.589,2,ends_with_virama
15838,ान्नृप,ान्नृप,-11.5898,2,starts_with_dependent_vowel
15839,▁पादयोः,पादयोः,-11.5898,2,contains_special_A
15841,तथतायाः,तथतायाः,-11.5899,2,contains_special_A
15843,िह्नितपुस्तकपाठः,िह्नितपुस्तकपाठः,-11.59,4,starts_with_dependent_vowel;contains_special_A
15844,▁तथागतोऽर्हन्,तथागतोऽर्हन्,-11.59,2,contains_special_A;ends_with_virama
15848,ोदेति,ोदेति,-11.5902,3,starts_with_dependent_vowel
15850,▁संघेन,संघेन,-11.5903,1,contains_special_A
15855,नुपपन्नम्,नुपपन्नम्,-11.5905,1,ends_with_virama
15856,पतन्,पतन्,-11.5906,0,ends_with_virama
15858,ोपाध,ोपाध,-11.5907,2,starts_with_dependent_vowel
15864,ान्येतानि,ान्येतानि,-11.5914,4,starts_with_dependent_vowel
15869,िषत्,िषत्,-11.5918,1,starts_with_dependent_vowel;ends_with_virama
15876,▁स्वयंभू,स्वयंभू,-11.5928,1,contains_special_A
15880,निस्,निस्,-11.5931,1,ends_with_virama
15885,ाख्येय,ाख्येय,-11.5934,2,starts_with_dependent_vowel
15886,▁धु,धु,-11.5935,1,simple_cv
15890,▁भूतपूर्वं,भूतपूर्वं,-11.5938,2,contains_special_A
15895,पाणयः,पाणयः,-11.5941,1,contains_special_A
15897,▁ताभिः,ताभिः,-11.5945,2,contains_special_A
15900,▁संक्रान्त,संक्रान्त,-11.5948,1,contains_special_A
15903,ाम्भसा,ाम्भसा,-11.5949,2,starts_with_dependent_vowel
15909,स्सर्गः,स्सर्गः,-11.5956,0,contains_special_A
15914,▁हताः,हताः,-11.5959,1,contains_special_A
15917,ावर्तते,ावर्तते,-11.5961,2,starts_with_dependent_vowel
15927,ोपादेय,ोपादेय,-11.5968,3,starts_with_dependent_vowel
15932,प्रतिषेधात्,प्रतिषेधात्,-11.5972,3,ends_with_virama
15936,ोपदिस,ोपदिस,-11.5974,2,starts_with_dependent_vowel
15943,कारकम्,कारकम्,-11.5981,1,ends_with_virama
15947,ोल्का,ोल्का,-11.5986,2,starts_with_dependent_vowel
15952,सुरान्,सुरान्,-11.5991,2,ends_with_virama
15953,▁विवक्षितम्,विवक्षितम्,-11.5993,2,ends_with_virama
15956,ात्मज्ञान,ात्मज्ञान,-11.5995,2,starts_with_dependent_vowel
15963,ैस्त्व,ैस्त्व,-11.6006,1,starts_with_dependent_vowel
15965,रिंदम,रिंदम,-11.6008,1,contains_special_A
15968,ारभ्यते,ारभ्यते,-11.6009,2,starts_with_dependent_vowel
15974,स्त्रिंस,स्त्रिंस,-11.6014,1,contains_special_A
15979,न्मनः,न्मनः,-11.6015,0,contains_special_A
15982,ादप्य,ादप्य,-11.6022,1,starts_with_dependent_vowel
15983,ावप्य,ावप्य,-11.6022,1,starts_with_dependent_vowel
15987,▁गवेषमाणाः,गवेषमाणाः,-11.6025,3,contains_special_A
15988,ृणोमि,ृणोमि,-11.6025,3,starts_with_dependent_vowel
15991,वस्थायां,वस्थायां,-11.6029,2,contains_special_A
15992,स्त्रियः,स्त्रियः,-11.603,1,contains_special_A
15994,ाऽऽ,ाऽऽ,-11.603,1,starts_with_dependent_vowel;contains_special_A
15997,ुपपत्तेः,ुपपत्तेः,-11.6032,2,starts_with_dependent_vowel;contains_special_A
15998,▁यस्मिं,यस्मिं,-11.6032,1,contains_special_A
16000,वत्त्वात्,वत्त्वात्,-11.6033,1,ends_with_virama
16002,ाहरण,ाहरण,-11.6033,1,starts_with_dependent_vowel
16003,▁विप्राणां,विप्राणां,-11.6034,3,contains_special_A
16007,ोत्पात,ोत्पात,-11.6037,2,starts_with_dependent_vowel
16008,ानुमिति,ानुमिति,-11.6037,4,starts_with_dependent_vowel
16009,त्वेऽप्य,त्वेऽप्य,-11.6037,1,contains_special_A
16018,भावेऽपि,भावेऽपि,-11.6045,3,contains_special_A
16020,महात्मनः,महात्मनः,-11.6045,1,contains_special_A
16021,ोत्थान,ोत्थान,-11.6046,2,starts_with_dependent_vowel
16029,ित्यासङ्क्य,ित्यासङ्क्य,-11.6052,2,starts_with_dependent_vowel
16032,▁सर्वासां,सर्वासां,-11.6052,2,contains_special_A
16033,ोपपादन,ोपपादन,-11.6052,2,starts_with_dependent_vowel
16034,▁समन्ताद्,समन्ताद्,-11.6053,1,ends_with_virama
16035,संक्षय,संक्षय,-11.6053,0,contains_special_A
16041,▁विसंवाद,विसंवाद,-11.6056,2,contains_special_A
16045,ाविसन्,ाविसन्,-11.6064,2,starts_with_dependent_vowel;ends_with_virama
16048,ाभिसं,ाभिसं,-11.6066,2,starts_with_dependent_vowel;contains_special_A
16051,वादिभिः,वादिभिः,-11.6067,3,contains_special_A
16054,ापवर्ग,ापवर्ग,-11.6069,1,starts_with_dependent_vowel
16061,ोपपत्त,ोपपत्त,-11.6076,1,starts_with_dependent_vowel
16066,▁स्थापयेत्,स्थापयेत्,-11.6082,2,ends_with_virama
16069,सक्तेः,सक्तेः,-11.6085,1,contains_special_A
16076,▁कुलपुत्राः,कुलपुत्राः,-11.6092,3,contains_special_A
16084,ुपभोग,ुपभोग,-11.6097,2,starts_with_dependent_vowel
16090,ोपेक्षा,ोपेक्षा,-11.6102,3,starts_with_dependent_vowel
16096,▁चैतद्,चैतद्,-11.6106,1,ends_with_virama
16105,ेन्नित्यं,ेन्नित्यं,-11.6113,2,starts_with_dependent_vowel;contains_special_A
16115,ुपाध्याय,ुपाध्याय,-11.6128,3,starts_with_dependent_vowel
16120,दुष्,दुष्,-11.613,1,ends_with_virama
16122,▁गृह्णीयात्,गृह्णीयात्,-11.613,3,ends_with_virama
16123,सीत्,सीत्,-11.6131,1,ends_with_virama
16130,▁दानवानां,दानवानां,-11.6138,3,contains_special_A
16133,ाभिधायि,ाभिधायि,-11.614,4,starts_with_dependent_vowel
16135,ास्रयेण,ास्रयेण,-11.6141,2,starts_with_dependent_vowel
16139,▁आहोस्वित्,आहोस्वित्,-11.6143,3,ends_with_virama
16141,ान्मम,ान्मम,-11.6144,1,starts_with_dependent_vowel
16142,ोपस्थान,ोपस्थान,-11.6144,2,starts_with_dependent_vowel
16144,त्वप्रसङ्गात्,त्वप्रसङ्गात्,-11.6145,1,ends_with_virama
16145,▁विधानतः,विधानतः,-11.6146,2,contains_special_A
16150,ोऽनेक,ोऽनेक,-11.615,2,starts_with_dependent_vowel;contains_special_A
16157,ेद्यदि,ेद्यदि,-11.6157,2,starts_with_dependent_vowel
16161,न्वहं,न्वहं,-11.6159,0,contains_special_A
16165,ुज्झित,ुज्झित,-11.6163,2,starts_with_dependent_vowel
16166,▁स्यादित्यर्थः,स्यादित्यर्थः,-11.6164,2,contains_special_A
16175,भीक्ष्णं,भीक्ष्णं,-11.6172,1,contains_special_A
16193,धृ,धृ,-11.6185,1,simple_cv
16194,डी,डी,-11.6185,1,simple_cv
16195,ोपवन,ोपवन,-11.6186,1,starts_with_dependent_vowel
16198,ान्मोक्ष,ान्मोक्ष,-11.6187,2,starts_with_dependent_vowel
16199,ुर्वी,ुर्वी,-11.6188,2,starts_with_dependent_vowel
16207,जन्मनः,जन्मनः,-11.619,0,contains_special_A
16210,ानङ्ग,ानङ्ग,-11.6191,1,starts_with_dependent_vowel
16212,▁यासां,यासां,-11.6194,2,contains_special_A
16214,▁इयम्,इयम्,-11.6196,1,ends_with_virama
16215,▁संतुष्ट,संतुष्ट,-11.6196,1,contains_special_A
16220,सम्पत्,सम्पत्,-11.62,0,ends_with_virama
16228,ानुक्त,ानुक्त,-11.6206,2,starts_with_dependent_vowel
16231,ौत्सुक्य,ौत्सुक्य,-11.6208,2,starts_with_dependent_vowel
16235,▁प्रजापतिर्,प्रजापतिर्,-11.6213,2,ends_with_virama
16237,ातिसार,ातिसार,-11.6216,3,starts_with_dependent_vowel
16240,बाहुर्,बाहुर्,-11.6218,2,ends_with_virama
16244,▁तत्रेदं,तत्रेदं,-11.6221,1,contains_special_A
16246,▁निःस्वास,निःस्वास,-11.6222,2,contains_special_A
16249,ापदि,ापदि,-11.6223,2,starts_with_dependent_vowel
16251,▁तेजस्,तेजस्,-11.6225,1,ends_with_virama
16260,संयोजन,संयोजन,-11.6231,1,contains_special_A
16261,▁वासांसि,वासांसि,-11.6232,3,contains_special_A
16264,महत्,महत्,-11.6234,0,ends_with_virama
16272,ुपलक्षण,ुपलक्षण,-11.6236,1,starts_with_dependent_vowel
16278,▁सिद्धिर्,सिद्धिर्,-11.6239,2,ends_with_virama
16285,▁सरित्,सरित्,-11.6244,1,ends_with_virama
16286,▁देवानाम्,देवानाम्,-11.6248,3,ends_with_virama
16287,▁अभूवन्,अभूवन्,-11.6248,2,ends_with_virama
16289,ार्थिना,ार्थिना,-11.6249,3,starts_with_dependent_vowel
16295,▁सोऽब्रवीत्,सोऽब्रवीत्,-11.6256,2,contains_special_A;ends_with_virama
16301,ाज्जीव,ाज्जीव,-11.6263,2,starts_with_dependent_vowel
16302,ामुत्र,ामुत्र,-11.6263,2,starts_with_dependent_vowel
16303,▁संयोजन,संयोजन,-11.6264,1,contains_special_A
16304,ुपमान,ुपमान,-11.6264,2,starts_with_dependent_vowel
16305,संज्ञितम्,संज्ञितम्,-11.6266,1,contains_special_A;ends_with_virama
16306,ैस्चतुर्भि,ैस्चतुर्भि,-11.6267,3,starts_with_dependent_vowel
16309,मायान्तं,मायान्तं,-11.6268,2,contains_special_A
16310,गच्छत्,गच्छत्,-11.627,0,ends_with_virama
16311,ुन्मील,ुन्मील,-11.6271,2,starts_with_dependent_vowel
16316,ेऽन्वय,ेऽन्वय,-11.6279,1,starts_with_dependent_vowel;contains_special_A
16317,ादित्यत,ादित्यत,-11.628,2,starts_with_dependent_vowel
16328,ान्तरित,ान्तरित,-11.6288,2,starts_with_dependent_vowel
16329,ेन्द्रियाणां,ेन्द्रियाणां,-11.6288,4,starts_with_dependent_vowel;contains_special_A
16334,▁संस्रित,संस्रित,-11.6291,1,contains_special_A
16335,ेषामिति,ेषामिति,-11.6292,4,starts_with_dependent_vowel
16337,ीदं,ीदं,-11.6294,1,starts_with_dependent_vowel;contains_special_A
16338,▁स्यातां,स्यातां,-11.6294,2,contains_special_A
16340,▁विचक्षणः,विचक्षणः,-11.6295,1,contains_special_A
16349,पातयत्,पातयत्,-11.6305,1,ends_with_virama
16350,ोपद्रव,ोपद्रव,-11.6305,1,starts_with_dependent_vowel
16352,दुःखासुख,दुःखासुख,-11.6306,3,contains_special_A
16367,ान्मुक्त,ान्मुक्त,-11.6319,2,starts_with_dependent_vowel
16374,▁दानवाः,दानवाः,-11.6321,2,contains_special_A
16376,ासादित,ासादित,-11.6326,3,starts_with_dependent_vowel
16378,ाप्युप,ाप्युप,-11.6328,2,starts_with_dependent_vowel
16381,भिसंधि,भिसंधि,-11.6332,2,contains_special_A
16391,सरित्,सरित्,-11.6339,1,ends_with_virama
16400,▁स्फुरत्,स्फुरत्,-11.6346,1,ends_with_virama
16403,ेष्वथ,ेष्वथ,-11.6349,1,starts_with_dependent_vowel
16409,ेकत्र,ेकत्र,-11.6356,1,starts_with_dependent_vowel
16410,ाप्नुहि,ाप्नुहि,-11.6357,3,starts_with_dependent_vowel
16412,ोपास्य,ोपास्य,-11.6358,2,starts_with_dependent_vowel
16415,▁संमुखी,संमुखी,-11.6362,2,contains_special_A
16418,मनस्,मनस्,-11.6366,0,ends_with_virama
16421,ाभ्यामेव,ाभ्यामेव,-11.6368,3,starts_with_dependent_vowel
16426,ेमहि,ेमहि,-11.637,2,starts_with_dependent_vowel
16433,स्मभ्यं,स्मभ्यं,-11.6374,0,contains_special_A
16434,▁पद्भ्यां,पद्भ्यां,-11.6375,1,contains_special_A
16436,▁ध्यायन्,ध्यायन्,-11.6376,1,ends_with_virama
16437,िष्यन्ते,िष्यन्ते,-11.6378,2,starts_with_dependent_vowel
16443,ावाप्ति,ावाप्ति,-11.6381,3,starts_with_dependent_vowel
16444,भयंकर,भयंकर,-11.6381,0,contains_special_A
16447,ैकरूप,ैकरूप,-11.6382,2,starts_with_dependent_vowel
16448,ादित्याह,ादित्याह,-11.6383,3,starts_with_dependent_vowel
16450,ुच्येत,ुच्येत,-11.6383,2,starts_with_dependent_vowel
16451,गीर्,गीर्,-11.6384,1,ends_with_virama
16453,्योर्,्योर्,-11.6388,1,ends_with_virama
16454,चरेत्,चरेत्,-11.6388,1,ends_with_virama
16455,▁निवेसयेत्,निवेसयेत्,-11.639,3,ends_with_virama
16462,▁विनिर्दिसेत्,विनिर्दिसेत्,-11.6393,4,ends_with_virama
16469,▁समलंकृत,समलंकृत,-11.64,1,contains_special_A
16476,ानुरोध,ानुरोध,-11.6405,3,starts_with_dependent_vowel
16480,जातयः,जातयः,-11.6412,1,contains_special_A
16483,▁दिवौकसः,दिवौकसः,-11.6413,2,contains_special_A
16486,ानथ,ानथ,-11.6416,1,starts_with_dependent_vowel
16487,ीर्यमाण,ीर्यमाण,-11.6418,2,starts_with_dependent_vowel
16488,ैकस्मिन्,ैकस्मिन्,-11.6419,2,starts_with_dependent_vowel;ends_with_virama
16490,▁मन्तव्यम्,मन्तव्यम्,-11.6421,0,ends_with_virama
16496,ैवंविध,ैवंविध,-11.6428,2,starts_with_dependent_vowel;contains_special_A
16502,स्चेद्,स्चेद्,-11.6432,1,ends_with_virama
16504,▁सरत्,सरत्,-11.6432,0,ends_with_virama
16508,ावदान,ावदान,-11.6437,2,starts_with_dependent_vowel
16512,ादूर्ध्व,ादूर्ध्व,-11.644,2,starts_with_dependent_vowel
16517,संनिभम्,संनिभम्,-11.6441,1,contains_special_A;ends_with_virama
16518,▁तदानीं,तदानीं,-11.6442,2,contains_special_A
16524,मब्रुवन्,मब्रुवन्,-11.6449,1,ends_with_virama
16526,ग्रहणम्किमर्थम्,ग्रहणम्किमर्थम्,-11.645,1,ends_with_virama
16533,द्राक्षीत्,द्राक्षीत्,-11.6457,2,ends_with_virama
16535,ानुषङ्ग,ानुषङ्ग,-11.6459,2,starts_with_dependent_vowel
16539,ुच्चारण,ुच्चारण,-11.646,2,starts_with_dependent_vowel
16540,▁संप्रेक्ष्य,संप्रेक्ष्य,-11.6461,1,contains_special_A
16548,संताप,संताप,-11.6474,1,contains_special_A
16551,▁प्राहुः,प्राहुः,-11.6474,2,contains_special_A
16560,ासिद्धेः,ासिद्धेः,-11.6482,3,starts_with_dependent_vowel;contains_special_A
16564,ांल्लोक,ांल्लोक,-11.6489,2,starts_with_dependent_vowel;contains_special_A
16568,▁कारणात्,कारणात्,-11.6493,2,ends_with_virama
16574,▁संबोधि,संबोधि,-11.6497,2,contains_special_A
16581,ैवास्य,ैवास्य,-11.6505,2,starts_with_dependent_vowel
16582,ोऽवयव,ोऽवयव,-11.6505,1,starts_with_dependent_vowel;contains_special_A
16586,ैकार्थ,ैकार्थ,-11.6507,2,starts_with_dependent_vowel
16588,ाभिभव,ाभिभव,-11.6509,2,starts_with_dependent_vowel
16591,▁बलवत्,बलवत्,-11.6511,0,ends_with_virama
16603,▁स्रीमन्,स्रीमन्,-11.6524,1,ends_with_virama
16615,▁बाहुभ्यां,बाहुभ्यां,-11.6532,3,contains_special_A
16616,ाभ्रक,ाभ्रक,-11.6535,1,starts_with_dependent_vowel
16620,ोपलक्षित,ोपलक्षित,-11.6539,2,starts_with_dependent_vowel
16622,ार्चिष,ार्चिष,-11.6542,2,starts_with_dependent_vowel
16642,▁संहितायां,संहितायां,-11.6552,3,contains_special_A
16643,जग्मुर्,जग्मुर्,-11.6552,1,ends_with_virama
16644,▁स्याताम्,स्याताम्,-11.6553,2,ends_with_virama
16650,संधान,संधान,-11.6556,1,contains_special_A
16655,ोढा,ोढा,-11.6556,2,starts_with_dependent_vowel
16656,ैकत्र,ैकत्र,-11.6558,1,starts_with_dependent_vowel
16657,सून्,सून्,-11.656,1,ends_with_virama
16658,ाहूय,ाहूय,-11.656,2,starts_with_dependent_vowel
16659,ानुसन्धान,ानुसन्धान,-11.6563,3,starts_with_dependent_vowel
16664,भूर्,भूर्,-11.6566,1,ends_with_virama
16666,ुत्पत्त्य,ुत्पत्त्य,-11.6567,1,starts_with_dependent_vowel
16669,स्तस्मान्,स्तस्मान्,-11.657,1,ends_with_virama
16677,ासीर्,ासीर्,-11.6581,2,starts_with_dependent_vowel;ends_with_virama
16680,ापगत,ापगत,-11.6582,1,starts_with_dependent_vowel
16687,च्चतुर्,च्चतुर्,-11.6584,1,ends_with_virama
16689,निर्देसात्,निर्देसात्,-11.6587,3,ends_with_virama
16696,र्पयेत्,र्पयेत्,-11.6595,1,ends_with_virama
16697,▁यद्यत्,यद्यत्,-11.6597,0,ends_with_virama
16699,ाविनाभाव,ाविनाभाव,-11.6598,4,starts_with_dependent_vowel
16700,▁संभूय,संभूय,-11.6599,1,contains_special_A
16702,क्षिपेत्,क्षिपेत्,-11.6601,2,ends_with_virama
16703,▁इन्चोर्रेच्त्,इन्चोर्रेच्त्,-11.6602,3,ends_with_virama
16706,▁वसुंधरा,वसुंधरा,-11.6602,2,contains_special_A
16707,▁कुरूणां,कुरूणां,-11.6603,3,contains_special_A
16712,ाक्ष्या,ाक्ष्या,-11.6606,2,starts_with_dependent_vowel
16716,▁ततोऽपि,ततोऽपि,-11.6608,2,contains_special_A
16723,▁संवृत्तः,संवृत्तः,-11.6612,1,contains_special_A
16724,▁संपादय,संपादय,-11.6612,1,contains_special_A
16725,ोत्पत्त,ोत्पत्त,-11.6615,1,starts_with_dependent_vowel
16731,ादभि,ादभि,-11.6621,2,starts_with_dependent_vowel
16739,सतां,सतां,-11.663,1,contains_special_A
16745,द्राजन्,द्राजन्,-11.6636,1,ends_with_virama
16746,ाम्नात,ाम्नात,-11.6637,2,starts_with_dependent_vowel
16754,▁कदाचिन्,कदाचिन्,-11.6641,2,ends_with_virama
16765,ावसाने,ावसाने,-11.665,3,starts_with_dependent_vowel
16770,ोल्लेख,ोल्लेख,-11.6655,2,starts_with_dependent_vowel
16774,मपस्यत्,मपस्यत्,-11.6659,0,ends_with_virama
16775,मेवेदं,मेवेदं,-11.666,2,contains_special_A
16779,ानुवाच,ानुवाच,-11.6662,3,starts_with_dependent_vowel
16785,विनिःसृत,विनिःसृत,-11.6669,3,contains_special_A
16787,ज्जगत्,ज्जगत्,-11.6672,0,ends_with_virama
16807,▁प्रहसन्,प्रहसन्,-11.6688,0,ends_with_virama
16808,▁महतः,महतः,-11.6688,0,contains_special_A
16814,ोभौ,ोभौ,-11.6695,2,starts_with_dependent_vowel
16815,मानसाः,मानसाः,-11.6695,2,contains_special_A
16824,▁निःसृत,निःसृत,-11.6701,2,contains_special_A
16833,ोपमेय,ोपमेय,-11.6713,2,starts_with_dependent_vowel
16835,ासौच,ासौच,-11.6713,2,starts_with_dependent_vowel
16837,संवास,संवास,-11.6714,1,contains_special_A
16839,▁संस्काराणां,संस्काराणां,-11.6715,3,contains_special_A
16842,▁अस्मत्,अस्मत्,-11.6719,1,ends_with_virama
16846,ाज्ज्ञान,ाज्ज्ञान,-11.6722,2,starts_with_dependent_vowel
16847,संबाध,संबाध,-11.6722,1,contains_special_A
16851,ूंषि,ूंषि,-11.6726,2,starts_with_dependent_vowel;contains_special_A
16857,▁नमोऽ,नमोऽ,-11.6727,1,contains_special_A
16858,ात्फल,ात्फल,-11.6728,1,starts_with_dependent_vowel
16861,दर्सनाद्,दर्सनाद्,-11.6733,1,ends_with_virama
16863,र्वाग्,र्वाग्,-11.6736,1,ends_with_virama
16874,ावतंस,ावतंस,-11.6744,1,starts_with_dependent_vowel;contains_special_A
16875,▁ततस्ततः,ततस्ततः,-11.6746,0,contains_special_A
16876,ोऽब्रवी,ोऽब्रवी,-11.6746,2,starts_with_dependent_vowel;contains_special_A
16879,ुद्दिष्ट,ुद्दिष्ट,-11.6747,2,starts_with_dependent_vowel
16880,▁नराणां,नराणां,-11.6749,2,contains_special_A
16881,▁लिङ्,लिङ्,-11.6749,1,ends_with_virama
16882,ुच्छेद,ुच्छेद,-11.6751,2,starts_with_dependent_vowel
16888,ोऽभिधीयते,ोऽभिधीयते,-11.6756,4,starts_with_dependent_vowel;contains_special_A
16891,ान्तिकम्,ान्तिकम्,-11.6758,2,starts_with_dependent_vowel;ends_with_virama
16896,ाचष्टे,ाचष्टे,-11.676,2,starts_with_dependent_vowel
16900,ाधिगत,ाधिगत,-11.6763,2,starts_with_dependent_vowel
16901,▁द्वाविंस,द्वाविंस,-11.6764,2,contains_special_A
16907,ोत्प्रेक्ष,ोत्प्रेक्ष,-11.6766,2,starts_with_dependent_vowel
16908,▁प्रयोजयेत्,प्रयोजयेत्,-11.6767,2,ends_with_virama
16910,ुत्सव,ुत्सव,-11.677,1,starts_with_dependent_vowel
16911,▁मीमांसक,मीमांसक,-11.677,2,contains_special_A
16913,ीयक,ीयक,-11.6771,1,starts_with_dependent_vowel
16916,▁मन्त्राणां,मन्त्राणां,-11.6774,2,contains_special_A
16920,ऽखिल,ऽखिल,-11.6776,1,contains_special_A
16923,ाधिकृत,ाधिकृत,-11.6778,3,starts_with_dependent_vowel
16924,ोपनीत,ोपनीत,-11.6778,2,starts_with_dependent_vowel
16925,ेदमब्रवीत्,ेदमब्रवीत्,-11.6779,2,starts_with_dependent_vowel;ends_with_virama
16927,वाञ्,वाञ्,-11.678,1,ends_with_virama
16929,▁एकविंस,एकविंस,-11.6781,2,contains_special_A
16930,नुपलब्धेः,नुपलब्धेः,-11.6782,2,contains_special_A
16933,ोद्धूत,ोद्धूत,-11.6784,2,starts_with_dependent_vowel
16935,त्येतत्,त्येतत्,-11.6784,1,ends_with_virama
16937,बृंहण,बृंहण,-11.6787,1,contains_special_A
16939,कर्मभिः,कर्मभिः,-11.6787,1,contains_special_A
16944,▁ह्य्,ह्य्,-11.6788,0,ends_with_virama
16951,▁सुमहान्,सुमहान्,-11.6795,2,ends_with_virama
16953,▁मनसिकर्तव्यः,मनसिकर्तव्यः,-11.6795,1,contains_special_A
16954,प्रभृतीनां,प्रभृतीनां,-11.6795,3,contains_special_A
16955,ोपजीव,ोपजीव,-11.6797,2,starts_with_dependent_vowel
16957,धनंजय,धनंजय,-11.6799,0,contains_special_A
16964,मुद्धरेत्,मुद्धरेत्,-11.6803,2,ends_with_virama
16966,निवासिनः,निवासिनः,-11.6804,3,contains_special_A
16967,▁समागताः,समागताः,-11.6804,2,contains_special_A
16974,▁ध्येयम्,ध्येयम्,-11.6807,1,ends_with_virama
16976,▁सिरस्,सिरस्,-11.6808,1,ends_with_virama
16984,ोक्त्वा,ोक्त्वा,-11.6812,2,starts_with_dependent_vowel
16986,भिषक्,भिषक्,-11.6812,1,ends_with_virama
16988,▁नैतत्,नैतत्,-11.6814,1,ends_with_virama
16990,▁कच्चिद्,कच्चिद्,-11.6815,1,ends_with_virama
16991,▁संकीर्ण,संकीर्ण,-11.6815,1,contains_special_A
16993,▁यजेत्,यजेत्,-11.6816,1,ends_with_virama
16995,▁विद्वद्,विद्वद्,-11.6817,1,ends_with_virama
17001,ोच्छ्रित,ोच्छ्रित,-11.6822,2,starts_with_dependent_vowel
17005,ाद्वैत,ाद्वैत,-11.6825,2,starts_with_dependent_vowel
17010,ुदर,ुदर,-11.6828,1,starts_with_dependent_vowel
17011,ोऽन्यथा,ोऽन्यथा,-11.6829,2,starts_with_dependent_vowel;contains_special_A
17022,ानागत,ानागत,-11.6846,2,starts_with_dependent_vowel
17023,ेदानीम,ेदानीम,-11.6846,3,starts_with_dependent_vowel
17032,▁चिन्तयेत्,चिन्तयेत्,-11.6856,2,ends_with_virama
17035,▁एभिः,एभिः,-11.6857,2,contains_special_A
17038,ेत्तत्र,ेत्तत्र,-11.6865,1,starts_with_dependent_vowel
17044,▁द्विजातयः,द्विजातयः,-11.6876,2,contains_special_A
17048,▁भगवांस्,भगवांस्,-11.6884,1,contains_special_A;ends_with_virama
17052,ायाति,ायाति,-11.6887,3,starts_with_dependent_vowel
17055,्वक्तव्यः,्वक्तव्यः,-11.689,0,contains_special_A
17057,▁संयोज्य,संयोज्य,-11.6892,1,contains_special_A
17061,▁विवर्जयेत्,विवर्जयेत्,-11.6894,2,ends_with_virama
17066,ोपकारक,ोपकारक,-11.6897,2,starts_with_dependent_vowel
17070,ारण्यक,ारण्यक,-11.69,1,starts_with_dependent_vowel
17071,▁विद्युद्,विद्युद्,-11.69,2,ends_with_virama
17072,ेष्व्,ेष्व्,-11.6901,1,starts_with_dependent_vowel;ends_with_virama
17073,▁तमहं,तमहं,-11.6903,0,contains_special_A
17074,▁कृथाः,कृथाः,-11.6903,2,contains_special_A
17075,ाद्यास्च,ाद्यास्च,-11.6905,2,starts_with_dependent_vowel
17080,ोत्कर,ोत्कर,-11.6909,1,starts_with_dependent_vowel
17083,पेतुर्,पेतुर्,-11.6911,2,ends_with_virama
17088,▁काचिद्,काचिद्,-11.6917,2,ends_with_virama
17094,ुद्भूत,ुद्भूत,-11.6921,2,starts_with_dependent_vowel
17098,मेवैतत्,मेवैतत्,-11.6926,2,ends_with_virama
17107,▁भिक्षूणां,भिक्षूणां,-11.6934,3,contains_special_A
17108,संप्राप्त,संप्राप्त,-11.6934,1,contains_special_A
17110,ूनाम्,ूनाम्,-11.6936,2,starts_with_dependent_vowel;ends_with_virama
17121,ंहसः,ंहसः,-11.6948,0,contains_special_A
17122,संक्रुद्ध,संक्रुद्ध,-11.6948,1,contains_special_A
17127,ापाङ्ग,ापाङ्ग,-11.6955,2,starts_with_dependent_vowel
17131,▁रहः,रहः,-11.6958,0,contains_special_A
17133,▁भूयोऽपि,भूयोऽपि,-11.6961,3,contains_special_A
17135,ितव्यो,ितव्यो,-11.6964,2,starts_with_dependent_vowel
17137,मुष्मिन्,मुष्मिन्,-11.6966,2,ends_with_virama
17139,करोद्,करोद्,-11.6968,1,ends_with_virama
17144,▁चतुर्विंस,चतुर्विंस,-11.6973,2,contains_special_A
17145,गाद्,गाद्,-11.6973,1,ends_with_virama
17148,▁नारीणां,नारीणां,-11.6979,3,contains_special_A
17150,▁स्वयंवर,स्वयंवर,-11.6984,0,contains_special_A
17152,▁मघवन्,मघवन्,-11.6984,0,ends_with_virama
17159,ादीनामिति,ादीनामिति,-11.6992,5,starts_with_dependent_vowel
17164,ाञ्स,ाञ्स,-11.6996,1,starts_with_dependent_vowel
17165,धीर्,धीर्,-11.6997,1,ends_with_virama
17167,▁वसन्,वसन्,-11.7,0,ends_with_virama
17170,▁सुभैः,सुभैः,-11.7003,2,contains_special_A
17176,▁क्रमाद्,क्रमाद्,-11.7009,1,ends_with_virama
17182,ानुमेय,ानुमेय,-11.7014,3,starts_with_dependent_vowel
17184,▁धनुष्,धनुष्,-11.7015,1,ends_with_virama
17187,पंच,पंच,-11.7017,0,contains_special_A
17188,वासिनाम्,वासिनाम्,-11.7017,3,ends_with_virama
17191,▁संभवन्ति,संभवन्ति,-11.7019,1,contains_special_A
17201,ोत्तरकाल,ोत्तरकाल,-11.7025,2,starts_with_dependent_vowel
17206,ान्तराणि,ान्तराणि,-11.703,3,starts_with_dependent_vowel
17207,ोच्चय,ोच्चय,-11.7031,1,starts_with_dependent_vowel
17213,▁पेयालं,पेयालं,-11.7032,2,contains_special_A
17221,ुट्,ुट्,-11.7043,1,starts_with_dependent_vowel;ends_with_virama
17223,ास्तेऽ,ास्तेऽ,-11.7043,2,starts_with_dependent_vowel;contains_special_A
17227,संभिन्न,संभिन्न,-11.7046,1,contains_special_A
17228,ोऽखिल,ोऽखिल,-11.7046,2,starts_with_dependent_vowel;contains_special_A
17238,ेत्थं,ेत्थं,-11.7059,1,starts_with_dependent_vowel;contains_special_A
17241,ुपासीत,ुपासीत,-11.706,3,starts_with_dependent_vowel
17243,ूष्म,ूष्म,-11.7061,1,starts_with_dependent_vowel
17246,्वोः,्वोः,-11.7062,1,contains_special_A
17248,धीन्,धीन्,-11.7062,1,ends_with_virama
17250,रीणां,रीणां,-11.7067,2,contains_special_A
17258,क्रामन्,क्रामन्,-11.7072,1,ends_with_virama
17263,▁दौ,दौ,-11.7077,1,simple_cv
17273,ैतान्,ैतान्,-11.7088,2,starts_with_dependent_vowel;ends_with_virama
17274,मंत्र,मंत्र,-11.7088,0,contains_special_A
17279,▁सतसोऽथ,सतसोऽथ,-11.7094,1,contains_special_A
17281,▁विन्यसेत्,विन्यसेत्,-11.7099,2,ends_with_virama
17291,ैत्त,ैत्त,-11.7105,1,starts_with_dependent_vowel
17292,ात्मभूत,ात्मभूत,-11.7106,2,starts_with_dependent_vowel
17296,▁अंसु,अंसु,-11.711,2,contains_special_A
17310,ुत्क्रान्त,ुत्क्रान्त,-11.7119,2,starts_with_dependent_vowel
17312,▁द्वंद्व,द्वंद्व,-11.7122,0,contains_special_A
17314,ुत्पद्यते,ुत्पद्यते,-11.7123,2,starts_with_dependent_vowel
17315,▁पूजयेद्,पूजयेद्,-11.7123,2,ends_with_virama
17316,बृहत्,बृहत्,-11.7123,1,ends_with_virama
17318,ुत्तान,ुत्तान,-11.7125,2,starts_with_dependent_vowel
17323,मादिसत्,मादिसत्,-11.7127,2,ends_with_virama
17325,त्वमुक्तम्,त्वमुक्तम्,-11.7128,1,ends_with_virama
17329,ाधिकरणमारचयति,ाधिकरणमारचयति,-11.7132,4,starts_with_dependent_vowel
17333,ोत्पादक,ोत्पादक,-11.7134,2,starts_with_dependent_vowel
17334,स्तरङ्गः,स्तरङ्गः,-11.7134,0,contains_special_A
17337,ावेणिक,ावेणिक,-11.7137,3,starts_with_dependent_vowel
17338,▁बहुसः,बहुसः,-11.7138,1,contains_special_A
17339,ास्मा,ास्मा,-11.7139,2,starts_with_dependent_vowel
17346,ानुलोम,ानुलोम,-11.7141,3,starts_with_dependent_vowel
17351,संपादन,संपादन,-11.7145,1,contains_special_A
17353,▁आयुष्मन्,आयुष्मन्,-11.7145,2,ends_with_virama
17354,ैश्च,ैश्च,-11.7146,1,starts_with_dependent_vowel
17357,ोत्पत,ोत्पत,-11.7149,1,starts_with_dependent_vowel
17359,▁कुर्युः,कुर्युः,-11.7153,2,contains_special_A
17362,ोक्तिर,ोक्तिर,-11.7153,2,starts_with_dependent_vowel
17365,ौपाधिक,ौपाधिक,-11.7155,3,starts_with_dependent_vowel
17375,▁संक्रुद्धो,संक्रुद्धो,-11.716,2,contains_special_A
17379,ात्मतया,ात्मतया,-11.7162,2,starts_with_dependent_vowel
17380,ेऽधि,ेऽधि,-11.7164,2,starts_with_dependent_vowel;contains_special_A
17384,ैर्दस,ैर्दस,-11.7168,1,starts_with_dependent_vowel
17390,▁संक्रम,संक्रम,-11.7175,0,contains_special_A
17395,गृ,गृ,-11.7179,1,simple_cv
17402,ैर्नर,ैर्नर,-11.7185,1,starts_with_dependent_vowel
17403,ोपाध्याय,ोपाध्याय,-11.7185,3,starts_with_dependent_vowel
17410,स्मरणात्,स्मरणात्,-11.719,1,ends_with_virama
17413,▁प्राहुर्,प्राहुर्,-11.7193,2,ends_with_virama
17414,▁नमस्तुभ्यं,नमस्तुभ्यं,-11.7193,1,contains_special_A
17415,ोत्फुल्ल,ोत्फुल्ल,-11.7194,2,starts_with_dependent_vowel
17416,पञ्चकम्,पञ्चकम्,-11.7194,0,ends_with_virama
17417,▁संभ्रान्त,संभ्रान्त,-11.7194,1,contains_special_A
17422,▁यन्मां,यन्मां,-11.7197,1,contains_special_A
17425,▁महारथम्,महारथम्,-11.7201,1,ends_with_virama
17438,▁वणिग्,वणिग्,-11.7213,1,ends_with_virama
17445,ाङ्गण,ाङ्गण,-11.7221,1,starts_with_dependent_vowel
17446,मथाब्रवीत्,मथाब्रवीत्,-11.7221,2,ends_with_virama
17453,ऽनुपायकौसलेन,ऽनुपायकौसलेन,-11.723,4,contains_special_A
17459,ापयामास,ापयामास,-11.7232,3,starts_with_dependent_vowel
17460,ुत्पत्तौ,ुत्पत्तौ,-11.7232,2,starts_with_dependent_vowel
17463,▁संतति,संतति,-11.7234,1,contains_special_A
17471,▁दुःसील,दुःसील,-11.7238,2,contains_special_A
17472,▁संगति,संगति,-11.724,1,contains_special_A
17474,संवित्ति,संवित्ति,-11.7243,2,contains_special_A
17476,विवर्जिताः,विवर्जिताः,-11.7245,3,contains_special_A
17480,▁बलाद्,बलाद्,-11.7247,1,ends_with_virama
17482,स्तासां,स्तासां,-11.7249,2,contains_special_A
17492,▁संधाय,संधाय,-11.7253,1,contains_special_A
17494,ऽद्वैधीकारेण,ऽद्वैधीकारेण,-11.7254,4,contains_special_A
17502,ाम्नान,ाम्नान,-11.726,2,starts_with_dependent_vowel
17506,संक्षोभ,संक्षोभ,-11.7264,1,contains_special_A
17507,रुत्,रुत्,-11.7266,1,ends_with_virama
17509,ूर्मि,ूर्मि,-11.7269,2,starts_with_dependent_vowel
17511,ोत्सङ्ग,ोत्सङ्ग,-11.727,1,starts_with_dependent_vowel
17512,▁साक्षान्,साक्षान्,-11.727,2,ends_with_virama
17514,▁अस्मान्,अस्मान्,-11.7275,2,ends_with_virama
17516,ाराधित,ाराधित,-11.7276,3,starts_with_dependent_vowel
17519,ाप्रमेय,ाप्रमेय,-11.7276,2,starts_with_dependent_vowel
17520,ुद्विग्न,ुद्विग्न,-11.7276,2,starts_with_dependent_vowel
17522,ादित्युक्त,ादित्युक्त,-11.7278,3,starts_with_dependent_vowel
17528,▁संनिधौ,संनिधौ,-11.7282,2,contains_special_A
17529,ात्मन्येव,ात्मन्येव,-11.7284,2,starts_with_dependent_vowel
17534,ुद्वेग,ुद्वेग,-11.7287,2,starts_with_dependent_vowel
17537,▁भावयन्,भावयन्,-11.7292,1,ends_with_virama
17540,▁किंनर,किंनर,-11.7293,1,contains_special_A
17541,ाप्सरस,ाप्सरस,-11.7293,1,starts_with_dependent_vowel
17544,▁संत्रास,संत्रास,-11.7296,1,contains_special_A
17561,▁सूचितम्,सूचितम्,-11.731,2,ends_with_virama
17563,ावतरण,ावतरण,-11.731,1,starts_with_dependent_vowel
17567,िमत्त्व,िमत्त्व,-11.7312,1,starts_with_dependent_vowel
17569,ेन्दो,ेन्दो,-11.7313,2,starts_with_dependent_vowel
17570,▁दिङ्,दिङ्,-11.7313,1,ends_with_virama
17573,▁यत्तद्,यत्तद्,-11.7316,0,ends_with_virama
17575,▁उत्तरतन्त्रम्,उत्तरतन्त्रम्,-11.7316,1,ends_with_virama
17578,ितुमर्हति,ितुमर्हति,-11.7317,3,starts_with_dependent_vowel
17582,ुभौ,ुभौ,-11.7321,2,starts_with_dependent_vowel
17588,भाषितम्,भाषितम्,-11.7326,2,ends_with_virama
17590,ुपलक्षणम्,ुपलक्षणम्,-11.7328,1,starts_with_dependent_vowel;ends_with_virama
17591,ेन्नरः,ेन्नरः,-11.7331,1,starts_with_dependent_vowel;contains_special_A
17604,ुच्छिष्ट,ुच्छिष्ट,-11.7339,2,starts_with_dependent_vowel
17606,ैरर्थ,ैरर्थ,-11.734,1,starts_with_dependent_vowel
17609,▁धातवः,धातवः,-11.7342,1,contains_special_A
17614,गंध,गंध,-11.7343,0,contains_special_A
17618,ैर्नाना,ैर्नाना,-11.7347,3,starts_with_dependent_vowel
17625,ान्सर्वान,ान्सर्वान,-11.7355,2,starts_with_dependent_vowel
17633,संभोग,संभोग,-11.7361,1,contains_special_A
17635,ानप्य,ानप्य,-11.7363,1,starts_with_dependent_vowel
17637,सिद्धिर्,सिद्धिर्,-11.7366,2,ends_with_virama
17640,स्चित्,स्चित्,-11.7367,1,ends_with_virama
17641,▁सदसत्,सदसत्,-11.7369,0,ends_with_virama
17643,ात्मतत्त्व,ात्मतत्त्व,-11.7373,1,starts_with_dependent_vowel
17646,▁संसक्त,संसक्त,-11.7374,0,contains_special_A
17647,ुक्तिः,ुक्तिः,-11.7375,2,starts_with_dependent_vowel;contains_special_A
17650,▁सिंसपा,सिंसपा,-11.7378,2,contains_special_A
17661,ोपासक,ोपासक,-11.7391,2,starts_with_dependent_vowel
17667,योषिताम्,योषिताम्,-11.7397,3,ends_with_virama
17671,▁धर्मवित्,धर्मवित्,-11.7399,1,ends_with_virama
17675,र्षीणां,र्षीणां,-11.7401,2,contains_special_A
17676,ानुलेपन,ानुलेपन,-11.7403,3,starts_with_dependent_vowel
17680,▁स्थातव्यम्,स्थातव्यम्,-11.7407,1,ends_with_virama
17685,ज्योतिः,ज्योतिः,-11.7411,2,contains_special_A
17693,▁किंसुक,किंसुक,-11.7417,2,contains_special_A
17699,ास्त्रयो,ास्त्रयो,-11.7419,2,starts_with_dependent_vowel
17700,▁प्रसवेत्,प्रसवेत्,-11.742,1,ends_with_virama
17702,▁क्षत्रियाणां,क्षत्रियाणां,-11.7421,3,contains_special_A
17706,▁संजीव,संजीव,-11.7427,1,contains_special_A
17708,ुभयोर,ुभयोर,-11.7429,2,starts_with_dependent_vowel
17710,▁किंवा,किंवा,-11.7431,2,contains_special_A
17715,जग्मुः,जग्मुः,-11.7434,1,contains_special_A
17716,ाम्यहम,ाम्यहम,-11.7435,1,starts_with_dependent_vowel
17717,▁मेदिनीम्,मेदिनीम्,-11.7435,3,ends_with_virama
17723,ावसिष्ट,ावसिष्ट,-11.7438,2,starts_with_dependent_vowel
17731,धर्मतायाः,धर्मतायाः,-11.7442,2,contains_special_A
17737,ावसथ,ावसथ,-11.7445,1,starts_with_dependent_vowel
17745,ुत्तरोत्तर,ुत्तरोत्तर,-11.7455,2,starts_with_dependent_vowel
17747,▁व्यवस्थितम्,व्यवस्थितम्,-11.7457,1,ends_with_virama
17761,▁तहिं,तहिं,-11.7469,1,contains_special_A
17762,संरम्भ,संरम्भ,-11.7469,0,contains_special_A
17766,ैवात्र,ैवात्र,-11.7472,2,starts_with_dependent_vowel
17786,ोन्मील,ोन्मील,-11.749,2,starts_with_dependent_vowel
17805,तव्यम्,तव्यम्,-11.7511,0,ends_with_virama
17811,दृङ्,दृङ्,-11.7519,1,ends_with_virama
17822,ोष्ट्र,ोष्ट्र,-11.7525,1,starts_with_dependent_vowel
17823,िष्णव,िष्णव,-11.7525,1,starts_with_dependent_vowel
17824,व्रजेत्,व्रजेत्,-11.7526,1,ends_with_virama
17826,▁सर्वसत्वानां,सर्वसत्वानां,-11.7528,2,contains_special_A
17829,जिघांस,जिघांस,-11.7529,2,contains_special_A
17835,▁कंचिद,कंचिद,-11.7533,1,contains_special_A
17837,▁विदुर्,विदुर्,-11.7534,2,ends_with_virama
17839,रब्रवीत्,रब्रवीत्,-11.7536,1,ends_with_virama
17841,ुपजीव्य,ुपजीव्य,-11.7536,2,starts_with_dependent_vowel
17842,▁द्वाभ्याम्,द्वाभ्याम्,-11.7536,2,ends_with_virama
17844,राड्,राड्,-11.7539,1,ends_with_virama
17845,ोपसर्ग,ोपसर्ग,-11.7539,1,starts_with_dependent_vowel
17848,तावद्,तावद्,-11.7543,1,ends_with_virama
17850,प्सरसां,प्सरसां,-11.7544,1,contains_special_A
17860,ाद्भय,ाद्भय,-11.7555,1,starts_with_dependent_vowel
17861,▁अर्हन्,अर्हन्,-11.7558,1,ends_with_virama
17863,▁सुमहत्,सुमहत्,-11.7559,1,ends_with_virama
17866,▁संप्रजान,संप्रजान,-11.7561,1,contains_special_A
17871,ाहोस्वि,ाहोस्वि,-11.7567,3,starts_with_dependent_vowel
17876,ोद्देसेन,ोद्देसेन,-11.757,3,starts_with_dependent_vowel
17878,ग्रहीत्,ग्रहीत्,-11.7572,1,ends_with_virama
17880,ावतीर्ण,ावतीर्ण,-11.7573,2,starts_with_dependent_vowel
17883,धीयताम्,धीयताम्,-11.7576,2,ends_with_virama
17886,▁संचार,संचार,-11.7581,1,contains_special_A
17899,▁संपात,संपात,-11.7593,1,contains_special_A
17902,ोद्गार,ोद्गार,-11.7595,2,starts_with_dependent_vowel
17909,▁पूर्वस्यां,पूर्वस्यां,-11.7601,2,contains_special_A
17910,ीसान,ीसान,-11.7601,2,starts_with_dependent_vowel
17919,वस्थिताः,वस्थिताः,-11.7611,2,contains_special_A
17924,ोऽत्यन्त,ोऽत्यन्त,-11.7617,1,starts_with_dependent_vowel;contains_special_A
17928,ेत्युक्त्वा,ेत्युक्त्वा,-11.7619,3,starts_with_dependent_vowel
17939,▁पौर्णमास्यां,पौर्णमास्यां,-11.7629,3,contains_special_A
17940,▁सस्रावकसंघ,सस्रावकसंघ,-11.7629,1,contains_special_A
17954,ादिमत्त्व,ादिमत्त्व,-11.7641,2,starts_with_dependent_vowel
17959,▁भुजंग,भुजंग,-11.7646,1,contains_special_A
17968,ाभरणानि,ाभरणानि,-11.7651,3,starts_with_dependent_vowel
17969,वोचन्,वोचन्,-11.7651,1,ends_with_virama
17973,ार्घ,ार्घ,-11.7656,1,starts_with_dependent_vowel
17979,▁संपस्य,संपस्य,-11.7664,0,contains_special_A
17983,ायुष्मन्,ायुष्मन्,-11.7669,2,starts_with_dependent_vowel;ends_with_virama
17987,▁प्रकीर्तितम्,प्रकीर्तितम्,-11.7672,2,ends_with_virama
17988,ैरेक,ैरेक,-11.7672,2,starts_with_dependent_vowel
17991,संतत,संतत,-11.7672,0,contains_special_A
17992,▁सस्वत्,सस्वत्,-11.7673,0,ends_with_virama
17998,▁प्रदक्षिणम्,प्रदक्षिणम्,-11.7678,1,ends_with_virama
18000,साक्षात्,साक्षात्,-11.7679,2,ends_with_virama
18003,मुपागमत्,मुपागमत्,-11.7682,2,ends_with_virama
18011,▁दुःखार्त,दुःखार्त,-11.769,2,contains_special_A
18012,िहापि,िहापि,-11.7691,3,starts_with_dependent_vowel
18016,ैर्दिव्य,ैर्दिव्य,-11.7695,2,starts_with_dependent_vowel
18019,त्वानुपपत्तेः,त्वानुपपत्तेः,-11.7698,3,contains_special_A
18024,तोऽर्थ,तोऽर्थ,-11.7704,1,contains_special_A
18025,म्किम्,म्किम्,-11.7705,1,ends_with_virama
18032,ादयस्त,ादयस्त,-11.7708,1,starts_with_dependent_vowel
18033,ांजलि,ांजलि,-11.7709,2,starts_with_dependent_vowel;contains_special_A
18040,ुद्यत,ुद्यत,-11.7717,1,starts_with_dependent_vowel
18044,▁साधवः,साधवः,-11.7719,1,contains_special_A
18046,ोऽसीति,ोऽसीति,-11.772,3,starts_with_dependent_vowel;contains_special_A
18047,ाघार,ाघार,-11.7721,2,starts_with_dependent_vowel
18054,ाज्जायते,ाज्जायते,-11.773,3,starts_with_dependent_vowel
18059,संनिकर्ष,संनिकर्ष,-11.7734,1,contains_special_A
18066,ोपान्त,ोपान्त,-11.774,2,starts_with_dependent_vowel
18067,ितुकाम,ितुकाम,-11.774,3,starts_with_dependent_vowel
18068,ेयुस्त,ेयुस्त,-11.774,2,starts_with_dependent_vowel
18073,▁ददृसुर्,ददृसुर्,-11.7743,2,ends_with_virama
18075,तोऽन्यथा,तोऽन्यथा,-11.7745,2,contains_special_A
18082,ेषू,ेषू,-11.7752,2,starts_with_dependent_vowel
18084,▁सभायां,सभायां,-11.7754,2,contains_special_A
18088,ाद्याकार,ाद्याकार,-11.7756,3,starts_with_dependent_vowel
18098,ोत्सृष्ट,ोत्सृष्ट,-11.7766,2,starts_with_dependent_vowel
18101,भिसंस्कार,भिसंस्कार,-11.7767,2,contains_special_A
18105,▁तथागतानां,तथागतानां,-11.7768,3,contains_special_A
18106,ुभयत्र,ुभयत्र,-11.777,1,starts_with_dependent_vowel
18107,प्राप्तिर्,प्राप्तिर्,-11.777,2,ends_with_virama
18113,▁इन्द्रियाणां,इन्द्रियाणां,-11.7775,4,contains_special_A
18115,▁संस्तुत,संस्तुत,-11.7776,1,contains_special_A
18116,▁अभावात्,अभावात्,-11.7776,3,ends_with_virama
18123,ाऽह,ाऽह,-11.7778,1,starts_with_dependent_vowel;contains_special_A
18124,▁महामनाः,महामनाः,-11.7779,2,contains_special_A
18125,ृजु,ृजु,-11.778,2,starts_with_dependent_vowel
18126,प्रवृत्तेः,प्रवृत्तेः,-11.778,2,contains_special_A
18131,दसायां,दसायां,-11.7787,2,contains_special_A
18132,▁स्रुतिर्,स्रुतिर्,-11.7789,2,ends_with_virama
18143,▁धर्मभृतां,धर्मभृतां,-11.7796,2,contains_special_A
18145,▁कथञ्चित्,कथञ्चित्,-11.7798,1,ends_with_virama
18146,सक्तिर्,सक्तिर्,-11.7798,1,ends_with_virama
18151,याम्यहम्,याम्यहम्,-11.7801,1,ends_with_virama
18152,▁पुरुषाणां,पुरुषाणां,-11.7803,4,contains_special_A
18153,ैताव,ैताव,-11.7803,2,starts_with_dependent_vowel
18161,सकृद्,सकृद्,-11.7813,1,ends_with_virama
18166,दर्सयन्,दर्सयन्,-11.7818,0,ends_with_virama
18175,ैस्स,ैस्स,-11.7829,1,starts_with_dependent_vowel
18182,ापगम,ापगम,-11.7835,1,starts_with_dependent_vowel
18184,पारमितायां,पारमितायां,-11.7837,4,contains_special_A
18191,िष्ट्वा,िष्ट्वा,-11.7839,2,starts_with_dependent_vowel
18194,▁खु,खु,-11.7841,1,simple_cv
18205,ेद्यस्तु,ेद्यस्तु,-11.7845,2,starts_with_dependent_vowel
18209,ारोप्य,ारोप्य,-11.7849,2,starts_with_dependent_vowel
18219,ैहिक,ैहिक,-11.7859,2,starts_with_dependent_vowel
18222,ैकरस,ैकरस,-11.7864,1,starts_with_dependent_vowel
18225,दृष्टयः,दृष्टयः,-11.7866,1,contains_special_A
18229,▁मैवं,मैवं,-11.7869,1,contains_special_A
18231,िन्द्रियाणां,िन्द्रियाणां,-11.7871,4,starts_with_dependent_vowel;contains_special_A
18239,▁समाहिताः,समाहिताः,-11.7877,3,contains_special_A
18242,संकोच,संकोच,-11.7879,1,contains_special_A
18245,िष्म,िष्म,-11.7886,1,starts_with_dependent_vowel
18254,मभिसं,मभिसं,-11.7892,1,contains_special_A
18260,ादनन्तर,ादनन्तर,-11.7897,1,starts_with_dependent_vowel
18265,▁सुराणां,सुराणां,-11.7905,3,contains_special_A
18266,ुत्कण्ठ,ुत्कण्ठ,-11.7906,1,starts_with_dependent_vowel
18269,गरुडमहापुराणम्,गरुडमहापुराणम्,-11.7908,4,ends_with_virama
18272,माहरेत्,माहरेत्,-11.7909,2,ends_with_virama
18275,ावनत,ावनत,-11.7913,1,starts_with_dependent_vowel
18277,ुपास्य,ुपास्य,-11.7916,2,starts_with_dependent_vowel
18278,संनाह,संनाह,-11.7921,1,contains_special_A
18280,ोऽभवद्,ोऽभवद्,-11.7925,1,starts_with_dependent_vowel;contains_special_A;ends_with_virama
18282,वक्तव्यम्,वक्तव्यम्,-11.7925,0,ends_with_virama
18288,ुत्पद्यमान,ुत्पद्यमान,-11.793,2,starts_with_dependent_vowel
18296,▁स्वित्,स्वित्,-11.7934,1,ends_with_virama
18297,▁पृष्ठतोऽ,पृष्ठतोऽ,-11.7935,2,contains_special_A
18299,ादिष्वपि,ादिष्वपि,-11.7936,3,starts_with_dependent_vowel
18302,निवृत्त्यर्थम्,निवृत्त्यर्थम्,-11.7941,2,ends_with_virama
18304,ादित्यादि,ादित्यादि,-11.7946,4,starts_with_dependent_vowel
18305,▁प्रवृत्तिर्,प्रवृत्तिर्,-11.7946,2,ends_with_virama
18306,ायामेव,ायामेव,-11.7948,3,starts_with_dependent_vowel
18310,रुद्,रुद्,-11.795,1,ends_with_virama
18312,▁इत्येतद्,इत्येतद्,-11.7953,2,ends_with_virama
18313,चतुः,चतुः,-11.7954,1,contains_special_A
18315,ात्सिद्धम्,ात्सिद्धम्,-11.7956,2,starts_with_dependent_vowel;ends_with_virama
18323,ूची,ूची,-11.7962,2,starts_with_dependent_vowel
18327,संमोह,संमोह,-11.7967,1,contains_special_A
18329,▁तादृक्,तादृक्,-11.7969,2,ends_with_virama
18331,संबोधिमभिसंबुद्ध,संबोधिमभिसंबुद्ध,-11.7971,4,contains_special_A
18336,▁योऽर्थ,योऽर्थ,-11.7976,1,contains_special_A
18339,माविसत्,माविसत्,-11.7979,2,ends_with_virama
18340,ोचुः,ोचुः,-11.7979,2,starts_with_dependent_vowel;contains_special_A
18342,ृत्विज,ृत्विज,-11.7979,2,starts_with_dependent_vowel
18343,▁भ्रंस,भ्रंस,-11.798,0,contains_special_A
18344,▁पाण्डवैः,पाण्डवैः,-11.798,2,contains_special_A
18347,ोत्तिष्ठ,ोत्तिष्ठ,-11.7983,2,starts_with_dependent_vowel
18349,संपात,संपात,-11.7983,1,contains_special_A
18350,येत्ततः,येत्ततः,-11.7984,1,contains_special_A
18352,▁दानपारमितायां,दानपारमितायां,-11.7985,5,contains_special_A
18353,दानीं,दानीं,-11.7987,2,contains_special_A
18354,चिरात्,चिरात्,-11.7987,2,ends_with_virama
18356,ांस्तत्र,ांस्तत्र,-11.7989,1,starts_with_dependent_vowel;contains_special_A
18360,ायुष्य,ायुष्य,-11.799,2,starts_with_dependent_vowel
18361,▁यतयम्,यतयम्,-11.799,0,ends_with_virama
18364,ुकामेन,ुकामेन,-11.7991,3,starts_with_dependent_vowel
18368,ोद्देस्य,ोद्देस्य,-11.7993,2,starts_with_dependent_vowel
18369,▁प्रादात्,प्रादात्,-11.7993,2,ends_with_virama
18372,सांनिध्य,सांनिध्य,-11.7996,2,contains_special_A
18378,ावच्छेदक,ावच्छेदक,-11.7998,2,starts_with_dependent_vowel
18384,ाध्यासय,ाध्यासय,-11.8002,2,starts_with_dependent_vowel
18385,ोऽनेन,ोऽनेन,-11.8002,2,starts_with_dependent_vowel;contains_special_A
18389,ार्घ्य,ार्घ्य,-11.8009,1,starts_with_dependent_vowel
18391,▁द्व्,द्व्,-11.8017,0,ends_with_virama
18393,ाविमौ,ाविमौ,-11.8019,3,starts_with_dependent_vowel
18394,ुत्पादित,ुत्पादित,-11.8021,3,starts_with_dependent_vowel
18397,ोच्छ्वास,ोच्छ्वास,-11.8022,2,starts_with_dependent_vowel
18400,ुत्सृष्ट,ुत्सृष्ट,-11.8026,2,starts_with_dependent_vowel
18404,▁संनद्ध,संनद्ध,-11.8031,0,contains_special_A
18406,ेऽस्मिन्न,ेऽस्मिन्न,-11.8032,2,starts_with_dependent_vowel;contains_special_A
18407,▁नद्यः,नद्यः,-11.8033,0,contains_special_A
18408,ययुर्,ययुर्,-11.8033,1,ends_with_virama
18411,ीमहि,ीमहि,-11.8037,2,starts_with_dependent_vowel
18416,▁अयमभिप्रायः,अयमभिप्रायः,-11.804,3,contains_special_A
18423,▁बिभर्,बिभर्,-11.8044,1,ends_with_virama
18426,▁बुद्धेः,बुद्धेः,-11.8048,2,contains_special_A
18427,▁नियोजयेत्,नियोजयेत्,-11.8048,3,ends_with_virama
18431,▁शु,शु,-11.8051,1,simple_cv
18434,ितुमिच्छ,ितुमिच्छ,-11.8053,3,starts_with_dependent_vowel
18438,ाक्रोस,ाक्रोस,-11.8054,2,starts_with_dependent_vowel
18441,संमूढ,संमूढ,-11.8058,1,contains_special_A
18442,▁रताः,रताः,-11.8059,1,contains_special_A
18449,▁नमस्तेऽस्तु,नमस्तेऽस्तु,-11.8062,2,contains_special_A
18459,सञ्ज्ञायाम्,सञ्ज्ञायाम्,-11.8073,2,ends_with_virama
18461,निःस्वन,निःस्वन,-11.8074,1,contains_special_A
18473,▁तत्कस्माद्धेतोः,तत्कस्माद्धेतोः,-11.8084,3,contains_special_A
18477,लंब,लंब,-11.8086,0,contains_special_A
18480,▁संभो,संभो,-11.8088,1,contains_special_A
18491,▁तत्क्षणात्,तत्क्षणात्,-11.8097,1,ends_with_virama
18493,संबोधिमभिसंबुध्य,संबोधिमभिसंबुध्य,-11.8098,4,contains_special_A
18495,▁येषाम्,येषाम्,-11.8103,2,ends_with_virama
18496,▁संभाष,संभाष,-11.8104,1,contains_special_A
18497,संगर,संगर,-11.8105,0,contains_special_A
18513,ादेय,ादेय,-11.8119,2,starts_with_dependent_vowel
18522,मसक्यत्वात्,मसक्यत्वात्,-11.8127,1,ends_with_virama
18523,ूर्व,ूर्व,-11.8127,1,starts_with_dependent_vowel
18532,वांस,वांस,-11.8134,1,contains_special_A
18544,▁वन्,वन्,-11.8146,0,ends_with_virama
18553,ेरन्न,ेरन्न,-11.8153,1,starts_with_dependent_vowel
18561,ास्तित्व,ास्तित्व,-11.8165,2,starts_with_dependent_vowel
18565,ोपपत्तेर,ोपपत्तेर,-11.8169,2,starts_with_dependent_vowel
18568,▁त्रिंसत्,त्रिंसत्,-11.8172,1,contains_special_A;ends_with_virama
18571,ोद्विग्न,ोद्विग्न,-11.8174,2,starts_with_dependent_vowel
18588,▁कियत्,कियत्,-11.8188,1,ends_with_virama
18590,▁संवर्ध,संवर्ध,-11.819,0,contains_special_A
18591,ातङ्क,ातङ्क,-11.8191,1,starts_with_dependent_vowel
18595,▁सरांसि,सरांसि,-11.8193,2,contains_special_A
18600,▁नारसिंह,नारसिंह,-11.8196,2,contains_special_A
18601,मध्वानं,मध्वानं,-11.8197,1,contains_special_A
18607,संदिग्ध,संदिग्ध,-11.82,1,contains_special_A
18609,ोद्वह,ोद्वह,-11.82,1,starts_with_dependent_vowel
18611,रूणां,रूणां,-11.8204,2,contains_special_A
18614,ितव्यानि,ितव्यानि,-11.8208,3,starts_with_dependent_vowel
18627,ूह्य,ूह्य,-11.8222,1,starts_with_dependent_vowel
18639,ीत्याह,ीत्याह,-11.823,2,starts_with_dependent_vowel
18640,ेच्छति,ेच्छति,-11.823,2,starts_with_dependent_vowel
18646,▁निसितैः,निसितैः,-11.824,3,contains_special_A
18647,▁सांतनव,सांतनव,-11.8241,1,contains_special_A
18649,ावसाय,ावसाय,-11.8242,2,starts_with_dependent_vowel
18650,ावित्य,ावित्य,-11.8243,2,starts_with_dependent_vowel
18656,▁इट्,इट्,-11.8251,1,ends_with_virama
18660,ुद्दिस्य,ुद्दिस्य,-11.8259,2,starts_with_dependent_vowel
18662,वधीत्,वधीत्,-11.826,1,ends_with_virama
18668,▁कस्मिंस्चिद,कस्मिंस्चिद,-11.8264,2,contains_special_A
18669,▁इत्यभिप्रायः,इत्यभिप्रायः,-11.8264,3,contains_special_A
18674,ेनैकेन,ेनैकेन,-11.8271,3,starts_with_dependent_vowel
18678,ृषय,ृषय,-11.8273,1,starts_with_dependent_vowel
18680,▁यसस्,यसस्,-11.8275,0,ends_with_virama
18681,▁मतिमान्,मतिमान्,-11.8275,2,ends_with_virama
18688,विध्वंस,विध्वंस,-11.8281,1,contains_special_A
18698,मादिसेत्,मादिसेत्,-11.8287,3,ends_with_virama
18701,▁ददृसुः,ददृसुः,-11.8289,2,contains_special_A
18705,रक्षसाम्,रक्षसाम्,-11.8294,1,ends_with_virama
18708,▁योऽयम,योऽयम,-11.8298,1,contains_special_A
18712,ारोहण,ारोहण,-11.83,2,starts_with_dependent_vowel
18713,मवस्थितम्,मवस्थितम्,-11.8301,1,ends_with_virama
18715,ष्टम्यां,ष्टम्यां,-11.8306,1,contains_special_A
18716,▁विराट्,विराट्,-11.8306,2,ends_with_virama
18718,ितस्ततः,ितस्ततः,-11.8307,1,starts_with_dependent_vowel;contains_special_A
18719,ाधाय,ाधाय,-11.8308,2,starts_with_dependent_vowel
18721,नैवसंज्ञानासंज्ञ,नैवसंज्ञानासंज्ञ,-11.8309,3,contains_special_A
18725,ाभिरत,ाभिरत,-11.8315,2,starts_with_dependent_vowel
18726,पेतुः,पेतुः,-11.8315,2,contains_special_A
18728,तीदं,तीदं,-11.8315,1,contains_special_A
18734,ाहुती,ाहुती,-11.832,3,starts_with_dependent_vowel
18735,ुच्छ्रित,ुच्छ्रित,-11.832,2,starts_with_dependent_vowel
18739,▁तस्मिञ्,तस्मिञ्,-11.8325,1,ends_with_virama
18740,▁चान्यत्,चान्यत्,-11.8326,1,ends_with_virama
18747,▁उपांसु,उपांसु,-11.8328,3,contains_special_A
18749,संवीत,संवीत,-11.833,1,contains_special_A
18752,▁मनसिकर्तव्यं,मनसिकर्तव्यं,-11.8332,1,contains_special_A
18753,ेऽह्नि,ेऽह्नि,-11.8332,2,starts_with_dependent_vowel;contains_special_A
18758,▁व्यधात्,व्यधात्,-11.8333,1,ends_with_virama
18763,योनयः,योनयः,-11.8336,1,contains_special_A
18767,ाम्भस,ाम्भस,-11.8339,1,starts_with_dependent_vowel
18768,▁पस्यतां,पस्यतां,-11.834,1,contains_special_A
18783,▁द्यौर्,द्यौर्,-11.8356,1,ends_with_virama
18788,▁महासत्त्वोऽ,महासत्त्वोऽ,-11.8357,2,contains_special_A
18789,▁विविधैर्,विविधैर्,-11.8359,3,ends_with_virama
18797,नभिसंस्कृत,नभिसंस्कृत,-11.8368,2,contains_special_A
18798,ाणामेव,ाणामेव,-11.8368,3,starts_with_dependent_vowel
18802,तिष्ठेत्,तिष्ठेत्,-11.8373,2,ends_with_virama
18803,▁संसति,संसति,-11.8374,1,contains_special_A
18816,तिर्यङ्,तिर्यङ्,-11.8387,1,ends_with_virama
18821,ुत्सह,ुत्सह,-11.8396,1,starts_with_dependent_vowel
18822,ाच्च्युत,ाच्च्युत,-11.8396,2,starts_with_dependent_vowel
18832,ाहूत,ाहूत,-11.8402,2,starts_with_dependent_vowel
18840,वसेत्,वसेत्,-11.8409,1,ends_with_virama
18842,किंचन,किंचन,-11.841,1,contains_special_A
18847,▁नृपतिर्,नृपतिर्,-11.8417,2,ends_with_virama
18852,विंसत्या,विंसत्या,-11.8424,2,contains_special_A
18853,ैरलंकृत,ैरलंकृत,-11.8425,2,starts_with_dependent_vowel;contains_special_A
18855,ारुह्य,ारुह्य,-11.8429,2,starts_with_dependent_vowel
18856,युक्,युक्,-11.8431,1,ends_with_virama
18858,▁त्रिवृत्,त्रिवृत्,-11.8431,2,ends_with_virama
18865,ाह्वान,ाह्वान,-11.8435,2,starts_with_dependent_vowel
18867,▁बृहन्,बृहन्,-11.8439,1,ends_with_virama
18870,ूच्यते,ूच्यते,-11.8442,2,starts_with_dependent_vowel
18871,िष्यन्,िष्यन्,-11.8442,1,starts_with_dependent_vowel;ends_with_virama
18873,ात्प्राग,ात्प्राग,-11.8443,2,starts_with_dependent_vowel
18875,▁प्राप्नुयात्,प्राप्नुयात्,-11.8446,3,ends_with_virama
18878,स्नीयात्,स्नीयात्,-11.8449,2,ends_with_virama
18880,मितिहासं,मितिहासं,-11.8454,3,contains_special_A
18882,ीरन्,ीरन्,-11.8458,1,starts_with_dependent_vowel;ends_with_virama
18883,▁संचय,संचय,-11.8459,0,contains_special_A
18884,ाढक,ाढक,-11.846,1,starts_with_dependent_vowel
18887,ासिना,ासिना,-11.8464,3,starts_with_dependent_vowel
18888,ित्यन्वयः,ित्यन्वयः,-11.8465,1,starts_with_dependent_vowel;contains_special_A
18890,ेत्यादौ,ेत्यादौ,-11.8466,3,starts_with_dependent_vowel
18897,ुपासक,ुपासक,-11.8471,2,starts_with_dependent_vowel
18906,ेदेवं,ेदेवं,-11.8479,2,starts_with_dependent_vowel;contains_special_A
18908,ास्वमेध,ास्वमेध,-11.848,2,starts_with_dependent_vowel
18910,पतीन्,पतीन्,-11.8482,1,ends_with_virama
18914,▁भगवाञ्,भगवाञ्,-11.8482,1,ends_with_virama
18921,▁साम्प्रतम्,साम्प्रतम्,-11.8492,1,ends_with_virama
18925,▁अभ्यातानान्तं,अभ्यातानान्तं,-11.8493,4,contains_special_A
18926,▁मुनीनां,मुनीनां,-11.8493,3,contains_special_A
18927,ोद्भावन,ोद्भावन,-11.8495,2,starts_with_dependent_vowel
18929,ेद्युर,ेद्युर,-11.8497,2,starts_with_dependent_vowel
18938,▁बभूवुर्,बभूवुर्,-11.8508,2,ends_with_virama
18956,स्रीर्,स्रीर्,-11.8525,1,ends_with_virama
18963,▁चतुस्,चतुस्,-11.8536,1,ends_with_virama
18967,▁तथागतस्यार्हतः,तथागतस्यार्हतः,-11.8538,2,contains_special_A
18969,ाभिघात,ाभिघात,-11.8539,3,starts_with_dependent_vowel
18975,▁जपन्,जपन्,-11.8547,0,ends_with_virama
18976,वारयत्,वारयत्,-11.8547,1,ends_with_virama
18977,▁प्रमाणाभावात्,प्रमाणाभावात्,-11.8549,4,ends_with_virama
18984,ात्ततः,ात्ततः,-11.8555,1,starts_with_dependent_vowel;contains_special_A
18985,ेष्वेक,ेष्वेक,-11.8555,2,starts_with_dependent_vowel
18988,▁दैत्यानां,दैत्यानां,-11.8558,3,contains_special_A
18989,ेर्ष्या,ेर्ष्या,-11.856,2,starts_with_dependent_vowel
18993,ैर्विना,ैर्विना,-11.8562,3,starts_with_dependent_vowel
18997,जग्मतुः,जग्मतुः,-11.8563,1,contains_special_A
19007,▁राजहंस,राजहंस,-11.8575,1,contains_special_A
19009,ोऽपवादः,ोऽपवादः,-11.8577,2,starts_with_dependent_vowel;contains_special_A
19012,▁दृष्टिर्,दृष्टिर्,-11.8579,2,ends_with_virama
19014,▁स्मृतिर्,स्मृतिर्,-11.858,2,ends_with_virama
19019,मुनीन्,मुनीन्,-11.8588,2,ends_with_virama
19026,▁दिवस्,दिवस्,-11.8595,1,ends_with_virama
19031,▁चरेद्,चरेद्,-11.86,1,ends_with_virama
19034,ालिङ्गित,ालिङ्गित,-11.8603,3,starts_with_dependent_vowel
19036,ृज,ृज,-11.8604,1,starts_with_dependent_vowel
19044,ोत्पत्तेः,ोत्पत्तेः,-11.8614,2,starts_with_dependent_vowel;contains_special_A
19045,▁एतत्सर्वं,एतत्सर्वं,-11.8614,1,contains_special_A
19053,▁त्रिंसद्,त्रिंसद्,-11.862,1,contains_special_A;ends_with_virama
19055,स्तेनोपसंक्रान्त,स्तेनोपसंक्रान्त,-11.8622,3,contains_special_A
19063,न्तीत्यर्थः,न्तीत्यर्थः,-11.863,1,contains_special_A
19066,▁प्रत्यक्,प्रत्यक्,-11.8633,0,ends_with_virama
19081,द्वंद्व,द्वंद्व,-11.8647,0,contains_special_A
19103,त्वोपपत्तेः,त्वोपपत्तेः,-11.867,2,contains_special_A
19106,▁किंचिन्,किंचिन्,-11.8671,2,contains_special_A;ends_with_virama
19109,त्वायोगात्,त्वायोगात्,-11.8675,3,ends_with_virama
19112,चलत्,चलत्,-11.8679,0,ends_with_virama
19116,ाद्यपेक्ष,ाद्यपेक्ष,-11.8681,2,starts_with_dependent_vowel
19120,ुपेत्य,ुपेत्य,-11.8685,2,starts_with_dependent_vowel
19121,▁वेलायां,वेलायां,-11.8686,3,contains_special_A
19124,नुपूर्वसः,नुपूर्वसः,-11.8688,2,contains_special_A
19127,ाञ्चल,ाञ्चल,-11.8688,1,starts_with_dependent_vowel
19132,नपुंसक,नपुंसक,-11.8693,1,contains_special_A
19135,कुर्याद्,कुर्याद्,-11.8694,2,ends_with_virama
19141,ृग्,ृग्,-11.8698,1,starts_with_dependent_vowel;ends_with_virama
19146,▁राज्ञोऽ,राज्ञोऽ,-11.8704,2,contains_special_A
19147,▁प्रसंसन्ति,प्रसंसन्ति,-11.8705,1,contains_special_A
19153,ज्योतिर्,ज्योतिर्,-11.8707,2,ends_with_virama
19161,ेनानेन,ेनानेन,-11.871,3,starts_with_dependent_vowel
19162,ुद्धृत,ुद्धृत,-11.871,2,starts_with_dependent_vowel
19163,▁चतुष्,चतुष्,-11.871,1,ends_with_virama
19166,ोपहित,ोपहित,-11.8711,2,starts_with_dependent_vowel
19171,महद्,महद्,-11.8714,0,ends_with_virama
19173,▁आयुष्मान्,आयुष्मान्,-11.8715,3,ends_with_virama
19175,▁पुमांस,पुमांस,-11.872,2,contains_special_A
19182,ोपसंक्रम,ोपसंक्रम,-11.8727,1,starts_with_dependent_vowel;contains_special_A
19183,ीयतामिति,ीयतामिति,-11.8727,4,starts_with_dependent_vowel
19185,▁सरितां,सरितां,-11.873,2,contains_special_A
19186,▁सुमहद्,सुमहद्,-11.8733,1,ends_with_virama
19188,▁विविधान्,विविधान्,-11.8733,3,ends_with_virama
19189,ाद्दुःख,ाद्दुःख,-11.8734,2,starts_with_dependent_vowel;contains_special_A
19192,त्यजेत्,त्यजेत्,-11.8737,1,ends_with_virama
19198,ब्रूयात्,ब्रूयात्,-11.8742,2,ends_with_virama
19200,ादिव्यवहार,ादिव्यवहार,-11.8742,3,starts_with_dependent_vowel
19211,▁वसुंधराम्,वसुंधराम्,-11.875,2,contains_special_A;ends_with_virama
19212,▁प्रदापयेत्,प्रदापयेत्,-11.875,2,ends_with_virama
19214,तुरंग,तुरंग,-11.8752,1,contains_special_A
19215,ीत्येवं,ीत्येवं,-11.8752,2,starts_with_dependent_vowel;contains_special_A
19224,▁प्रीतिर्,प्रीतिर्,-11.876,2,ends_with_virama
19228,ात्मनस्च,ात्मनस्च,-11.8764,1,starts_with_dependent_vowel
19232,▁कृत्स्नां,कृत्स्नां,-11.8768,2,contains_special_A
19238,िष्यथ,िष्यथ,-11.8771,1,starts_with_dependent_vowel
19240,▁दृग्,दृग्,-11.8772,1,ends_with_virama
19245,ादीनव,ादीनव,-11.8774,2,starts_with_dependent_vowel
19249,▁यत्कृतं,यत्कृतं,-11.8777,1,contains_special_A
19250,▁सार्द्धं,सार्द्धं,-11.8778,1,contains_special_A
19251,ानुवादेन,ानुवादेन,-11.8778,4,starts_with_dependent_vowel
19252,▁दंसित,दंसित,-11.8778,1,contains_special_A
19256,ेकवाक्यत,ेकवाक्यत,-11.8782,2,starts_with_dependent_vowel
19267,नुत्तरायाः,नुत्तरायाः,-11.8793,3,contains_special_A
19275,भिसंबोध,भिसंबोध,-11.88,2,contains_special_A
19279,▁पयस्,पयस्,-11.8806,0,ends_with_virama
19282,ादुभय,ादुभय,-11.8809,2,starts_with_dependent_vowel
19283,मगमत्,मगमत्,-11.881,0,ends_with_virama
19291,प्रतिपत्तेः,प्रतिपत्तेः,-11.8818,2,contains_special_A
19297,ाचार्येण,ाचार्येण,-11.8826,3,starts_with_dependent_vowel
19299,▁तिष्ठेत्,तिष्ठेत्,-11.8828,2,ends_with_virama
19306,▁दुरात्मनः,दुरात्मनः,-11.8831,2,contains_special_A
19317,ाण्स्च,ाण्स्च,-11.8838,1,starts_with_dependent_vowel
19318,▁यदहं,यदहं,-11.8839,0,contains_special_A
19319,▁चंक्रम,चंक्रम,-11.884,0,contains_special_A
19331,▁षड्भिः,षड्भिः,-11.8852,1,contains_special_A
19334,ैर्बाणै,ैर्बाणै,-11.8854,3,starts_with_dependent_vowel
19337,▁यच्,यच्,-11.8857,0,ends_with_virama
19346,विद्वांस,विद्वांस,-11.8864,2,contains_special_A
19351,▁भगवानायुष्मन्तं,भगवानायुष्मन्तं,-11.8869,3,contains_special_A
19360,ाषाढ,ाषाढ,-11.8871,2,starts_with_dependent_vowel
19361,ाज्यभाग,ाज्यभाग,-11.8872,2,starts_with_dependent_vowel
19362,ान्वेषण,ान्वेषण,-11.8873,2,starts_with_dependent_vowel
19364,ोपपादित,ोपपादित,-11.8879,3,starts_with_dependent_vowel
19374,▁संस्पर्स,संस्पर्स,-11.8889,0,contains_special_A
19381,ृषीणां,ृषीणां,-11.8892,3,starts_with_dependent_vowel;contains_special_A
19382,▁संहित,संहित,-11.8892,1,contains_special_A
19383,ोऽंस,ोऽंस,-11.8893,1,starts_with_dependent_vowel;contains_special_A
19384,▁स्वायंभुव,स्वायंभुव,-11.8893,2,contains_special_A
19385,दौःसील्य,दौःसील्य,-11.8893,2,contains_special_A
19388,प्रमेयासंख्येय,प्रमेयासंख्येय,-11.8894,3,contains_special_A
19399,▁एकविंसति,एकविंसति,-11.8901,3,contains_special_A
19405,ांल्लोकान्,ांल्लोकान्,-11.8909,3,starts_with_dependent_vowel;contains_special_A;ends_with_virama
19408,युनक्,युनक्,-11.8911,1,ends_with_virama
19411,ऽउ,ऽउ,-11.8913,1,contains_special_A
19412,ैरङ्ग,ैरङ्ग,-11.8914,1,starts_with_dependent_vowel
19419,▁भगवतोऽन्तिक,भगवतोऽन्तिक,-11.8917,2,contains_special_A
19420,ायुष्मन्सुभूते,ायुष्मन्सुभूते,-11.8917,5,starts_with_dependent_vowel
19432,▁योऽस्मै,योऽस्मै,-11.8922,2,contains_special_A
19434,▁संभवतीति,संभवतीति,-11.8923,2,contains_special_A
19435,देतत्,देतत्,-11.8923,1,ends_with_virama
19438,विधेः,विधेः,-11.8924,2,contains_special_A
19441,ेतावता,ेतावता,-11.8926,3,starts_with_dependent_vowel
19449,ानुवर्तिन,ानुवर्तिन,-11.8933,3,starts_with_dependent_vowel
19458,▁यद्यद्,यद्यद्,-11.8942,0,ends_with_virama
19459,ान्कृत्वा,ान्कृत्वा,-11.8944,3,starts_with_dependent_vowel
19462,▁औत्,औत्,-11.8946,1,ends_with_virama
19463,▁निर्वपेत्,निर्वपेत्,-11.8947,2,ends_with_virama
19473,▁संनिपतित,संनिपतित,-11.896,2,contains_special_A
19474,▁इदानीम्,इदानीम्,-11.8961,3,ends_with_virama
19476,▁यद्वत्,यद्वत्,-11.8964,0,ends_with_virama
19495,▁स्रेयान्,स्रेयान्,-11.8986,2,ends_with_virama
19498,संग्राम,संग्राम,-11.8988,1,contains_special_A
19501,▁तपोधनाः,तपोधनाः,-11.8992,2,contains_special_A
19502,ुज्ज्वल,ुज्ज्वल,-11.8993,1,starts_with_dependent_vowel
19510,▁तादृग्,तादृग्,-11.8998,2,ends_with_virama
19513,मग्रतः,मग्रतः,-11.9002,0,contains_special_A
19515,मुक्तवान्,मुक्तवान्,-11.9003,2,ends_with_virama
19523,ार्त्त,ार्त्त,-11.9013,1,starts_with_dependent_vowel
19525,ोदग्र,ोदग्र,-11.9014,1,starts_with_dependent_vowel
19526,ोपनिषत्,ोपनिषत्,-11.9015,2,starts_with_dependent_vowel;ends_with_virama
19539,नुक्रमात्,नुक्रमात्,-11.9026,2,ends_with_virama
19540,▁षण्,षण्,-11.9026,0,ends_with_virama
19549,▁तदसत्,तदसत्,-11.9033,0,ends_with_virama
19553,ोपजीविन,ोपजीविन,-11.904,3,starts_with_dependent_vowel
19554,ानुसारि,ानुसारि,-11.9041,4,starts_with_dependent_vowel
19557,दृष्टिर्,दृष्टिर्,-11.9044,2,ends_with_virama
19565,दद्याद्,दद्याद्,-11.9048,1,ends_with_virama
19572,ावुभाव,ावुभाव,-11.9055,3,starts_with_dependent_vowel
19573,निःस्वस,निःस्वस,-11.9055,1,contains_special_A
19577,ातित्य,ातित्य,-11.9058,2,starts_with_dependent_vowel
19599,संस्तर,संस्तर,-11.9078,0,contains_special_A
19600,▁उपसंहार,उपसंहार,-11.908,2,contains_special_A
19602,ुषी,ुषी,-11.9081,2,starts_with_dependent_vowel
19605,ीत्यादिना,ीत्यादिना,-11.9083,4,starts_with_dependent_vowel
19610,▁विनिक्षिपेत्,विनिक्षिपेत्,-11.9088,4,ends_with_virama
19611,▁किमयं,किमयं,-11.909,1,contains_special_A
19613,ास्रमपदं,ास्रमपदं,-11.909,1,starts_with_dependent_vowel;contains_special_A
19622,ांस्तान,ांस्तान,-11.9102,2,starts_with_dependent_vowel;contains_special_A
19632,ेनान्तरात्मना,ेनान्तरात्मना,-11.9113,4,starts_with_dependent_vowel
19644,ान्नाना,ान्नाना,-11.9122,3,starts_with_dependent_vowel
19647,ुद्देस्य,ुद्देस्य,-11.9122,2,starts_with_dependent_vowel
19653,संभृत,संभृत,-11.9124,1,contains_special_A
19660,▁असंस्कृतसून्यता,असंस्कृतसून्यता,-11.9131,4,contains_special_A
19668,ाप्नुयात्,ाप्नुयात्,-11.9138,3,starts_with_dependent_vowel;ends_with_virama
19672,ालोकन,ालोकन,-11.914,2,starts_with_dependent_vowel
19680,िद्धि,िद्धि,-11.9149,2,starts_with_dependent_vowel
19685,ापत्तेर्,ापत्तेर्,-11.9151,2,starts_with_dependent_vowel;ends_with_virama
19687,नुयात्,नुयात्,-11.9153,2,ends_with_virama
19692,ात्मकत्वात्,ात्मकत्वात्,-11.9159,2,starts_with_dependent_vowel;ends_with_virama
19698,▁विधेः,विधेः,-11.9162,2,contains_special_A
19700,किंचित्,किंचित्,-11.9163,2,contains_special_A;ends_with_virama
19703,व्याप्तेः,व्याप्तेः,-11.9164,2,contains_special_A
19707,▁आसीद्,आसीद्,-11.9166,2,ends_with_virama
19715,ायुष्मत,ायुष्मत,-11.9171,2,starts_with_dependent_vowel
19733,विक्रामिन्,विक्रामिन्,-11.9184,3,ends_with_virama
19741,▁बुद्धेर्,बुद्धेर्,-11.9193,2,ends_with_virama
19756,ाच्छाद,ाच्छाद,-11.92,2,starts_with_dependent_vowel
19766,▁धर्मचक्रं,धर्मचक्रं,-11.9209,0,contains_special_A
19767,ाभवद्,ाभवद्,-11.9209,1,starts_with_dependent_vowel;ends_with_virama
19777,संसक्त,संसक्त,-11.9222,0,contains_special_A
19778,ोपरोध,ोपरोध,-11.9225,2,starts_with_dependent_vowel
19779,▁संनिधान,संनिधान,-11.9225,2,contains_special_A
19785,▁भक्तिर्,भक्तिर्,-11.923,1,ends_with_virama
19789,▁ततस्तद्,ततस्तद्,-11.9235,0,ends_with_virama
19812,▁पूर्वस्मिन्,पूर्वस्मिन्,-11.9252,2,ends_with_virama
19813,▁संबध्यते,संबध्यते,-11.9252,1,contains_special_A
19814,हृद्,हृद्,-11.9253,1,ends_with_virama
19815,ात्मानमात्मना,ात्मानमात्मना,-11.9255,4,starts_with_dependent_vowel
19817,ोपपद,ोपपद,-11.9258,1,starts_with_dependent_vowel
19824,ादिभिस्,ादिभिस्,-11.9266,3,starts_with_dependent_vowel;ends_with_virama
19838,▁जगज्,जगज्,-11.9277,0,ends_with_virama
19846,्वाकारज्ञतायाः,्वाकारज्ञतायाः,-11.9282,4,contains_special_A
19852,ूर्ज,ूर्ज,-11.9287,1,starts_with_dependent_vowel
19860,▁मनांसि,मनांसि,-11.9295,2,contains_special_A
19873,माचरन्,माचरन्,-11.9305,1,ends_with_virama
19880,तीनाम्,तीनाम्,-11.931,2,ends_with_virama
19882,▁हवींषि,हवींषि,-11.9311,2,contains_special_A
19884,ैरिह,ैरिह,-11.9312,2,starts_with_dependent_vowel
19887,▁कैस्चित्,कैस्चित्,-11.9314,2,ends_with_virama
19891,म्यहम्,म्यहम्,-11.9316,0,ends_with_virama
19896,▁देवेभ्यः,देवेभ्यः,-11.9319,2,contains_special_A
19898,▁स्वसंवेदन,स्वसंवेदन,-11.932,1,contains_special_A
19904,ांश्च,ांश्च,-11.9325,1,starts_with_dependent_vowel;contains_special_A
19908,ाञ्सर,ाञ्सर,-11.9328,1,starts_with_dependent_vowel
19916,ोद्योग,ोद्योग,-11.9336,2,starts_with_dependent_vowel
19924,ोपनयन,ोपनयन,-11.9342,1,starts_with_dependent_vowel
19925,ावगति,ावगति,-11.9342,2,starts_with_dependent_vowel
19926,समक्षं,समक्षं,-11.9344,0,contains_special_A
19929,▁दर्सयेत्,दर्सयेत्,-11.9345,1,ends_with_virama
19932,ियार्थसन्निकर्ष,ियार्थसन्निकर्ष,-11.9352,3,starts_with_dependent_vowel
19937,सृजद्,सृजद्,-11.9357,1,ends_with_virama
19940,▁वह्निर्,वह्निर्,-11.9359,1,ends_with_virama
19947,▁केचिदाहुः,केचिदाहुः,-11.9363,4,contains_special_A
19949,ौदार्य,ौदार्य,-11.9364,2,starts_with_dependent_vowel
19960,मिच्छन्,मिच्छन्,-11.9375,1,ends_with_virama
19961,ाचष्ट,ाचष्ट,-11.9375,1,starts_with_dependent_vowel
19964,▁संबद्ध,संबद्ध,-11.938,0,contains_special_A
19967,गमत्,गमत्,-11.9382,0,ends_with_virama
19971,▁गच्छेद्,गच्छेद्,-11.9386,1,ends_with_virama
19984,▁ह्येतत्,ह्येतत्,-11.9392,1,ends_with_virama
19985,वज्,वज्,-11.9392,0,ends_with_virama
20007,ुपसङ्ख्यानम्,ुपसङ्ख्यानम्,-11.9412,2,starts_with_dependent_vowel;ends_with_virama
20009,▁एभिर्,एभिर्,-11.9412,2,ends_with_virama
20015,ात्मस्वरूप,ात्मस्वरूप,-11.9416,2,starts_with_dependent_vowel
20022,ताडयत्,ताडयत्,-11.9423,1,ends_with_virama
20029,▁स्रग्,स्रग्,-11.9426,0,ends_with_virama
20034,▁दै,दै,-11.9431,1,simple_cv
20041,▁निर्दिसेत्,निर्दिसेत्,-11.9437,3,ends_with_virama
20043,ुल्लास,ुल्लास,-11.9438,2,starts_with_dependent_vowel
20046,▁दुर्मतिः,दुर्मतिः,-11.9441,2,contains_special_A
20055,ैध,ैध,-11.9452,1,starts_with_dependent_vowel
20061,गृह्णीयात्,गृह्णीयात्,-11.9458,3,ends_with_virama
20065,▁संबोध,संबोध,-11.9461,1,contains_special_A
20066,छ्,छ्,-11.9462,0,ends_with_virama
20085,ोऽप्यर्थ,ोऽप्यर्थ,-11.948,1,starts_with_dependent_vowel;contains_special_A
20091,क्षिपत्,क्षिपत्,-11.9481,1,ends_with_virama
20095,ापनयन,ापनयन,-11.9487,1,starts_with_dependent_vowel
20102,▁हन्यात्,हन्यात्,-11.9495,1,ends_with_virama
20109,▁ऽएत,ऽएत,-11.9498,1,contains_special_A
20118,मूचुः,मूचुः,-11.9504,2,contains_special_A
20122,▁संचित,संचित,-11.9508,1,contains_special_A
20128,ुष्ट्र,ुष्ट्र,-11.9515,1,starts_with_dependent_vowel
20135,मनामयम्,मनामयम्,-11.9519,1,ends_with_virama
20137,ष्टाविंसति,ष्टाविंसति,-11.9519,3,contains_special_A
20144,ूंस्च,ूंस्च,-11.9524,1,starts_with_dependent_vowel;contains_special_A
20146,▁यत्फलं,यत्फलं,-11.9528,0,contains_special_A
20153,▁संसृति,संसृति,-11.9538,2,contains_special_A
20155,द्युत्तरतन्त्रम्,द्युत्तरतन्त्रम्,-11.9539,1,ends_with_virama
20169,ास्विन,ास्विन,-11.9558,2,starts_with_dependent_vowel
20170,▁महर्षिभिः,महर्षिभिः,-11.9558,2,contains_special_A
20184,ोपपत्तौ,ोपपत्तौ,-11.9569,2,starts_with_dependent_vowel
20186,▁ह्यहम्,ह्यहम्,-11.9569,0,ends_with_virama
20187,प्राग्,प्राग्,-11.9571,1,ends_with_virama
20195,टीकायां,टीकायां,-11.9581,3,contains_special_A
20209,तिर्यक्,तिर्यक्,-11.9593,1,ends_with_virama
20213,▁संप्रहर्ष,संप्रहर्ष,-11.9596,0,contains_special_A
20214,ात्प्रभृति,ात्प्रभृति,-11.9596,3,starts_with_dependent_vowel
20219,▁विध्वंस,विध्वंस,-11.9602,1,contains_special_A
20224,ार्दिता,ार्दिता,-11.9605,3,starts_with_dependent_vowel
20236,▁निक्षिपेत्,निक्षिपेत्,-11.9612,3,ends_with_virama
20246,ित्येवमादि,ित्येवमादि,-11.9623,4,starts_with_dependent_vowel
20248,मभूद्,मभूद्,-11.9625,1,ends_with_virama
20251,रंहस,रंहस,-11.9628,0,contains_special_A
20253,प्यहं,प्यहं,-11.963,0,contains_special_A
20254,ोपाधिक,ोपाधिक,-11.9631,3,starts_with_dependent_vowel
20262,ुह्य,ुह्य,-11.9639,1,starts_with_dependent_vowel
20266,ाहुर्मनीषिणः,ाहुर्मनीषिणः,-11.9643,4,starts_with_dependent_vowel;contains_special_A
20269,ुपचित,ुपचित,-11.9643,2,starts_with_dependent_vowel
20281,ापर्यन्तता,ापर्यन्तता,-11.9652,2,starts_with_dependent_vowel
20282,िनीनां,िनीनां,-11.9654,3,starts_with_dependent_vowel;contains_special_A
20285,तत्सर्वं,तत्सर्वं,-11.9657,0,contains_special_A
20286,ारूप्यसमापत्ति,ारूप्यसमापत्ति,-11.9658,4,starts_with_dependent_vowel
20291,▁चरतः,चरतः,-11.9662,0,contains_special_A
20294,ुरग,ुरग,-11.9665,1,starts_with_dependent_vowel
20295,▁संक्षेपेण,संक्षेपेण,-11.9665,2,contains_special_A
20304,▁इत्यन्वयः,इत्यन्वयः,-11.967,1,contains_special_A
20309,ुद्गम,ुद्गम,-11.9676,1,starts_with_dependent_vowel
20315,▁तस्मात्तत्,तस्मात्तत्,-11.9679,1,ends_with_virama
20318,ेद्बुधः,ेद्बुधः,-11.9682,2,starts_with_dependent_vowel;contains_special_A
20328,ोऽस्त्य,ोऽस्त्य,-11.9696,1,starts_with_dependent_vowel;contains_special_A
20333,पस्चाद्,पस्चाद्,-11.9699,1,ends_with_virama
20335,योर्द्वयोः,योर्द्वयोः,-11.9701,2,contains_special_A
20336,संगीति,संगीति,-11.9702,2,contains_special_A
20337,▁संनिवेस,संनिवेस,-11.9703,2,contains_special_A
20342,ोऽनिल,ोऽनिल,-11.9706,2,starts_with_dependent_vowel;contains_special_A
20349,ुद्धृत्य,ुद्धृत्य,-11.9716,2,starts_with_dependent_vowel
20351,ाद्रे,ाद्रे,-11.9718,2,starts_with_dependent_vowel
20353,संभावन,संभावन,-11.9719,1,contains_special_A
20356,▁मनीषिभिः,मनीषिभिः,-11.9721,3,contains_special_A
20360,▁कारयेद्,कारयेद्,-11.9723,2,ends_with_virama
20361,▁लक्ष्मीर्,लक्ष्मीर्,-11.9724,1,ends_with_virama
20362,▁मनःसिला,मनःसिला,-11.9727,2,contains_special_A
20367,ौदारिक,ौदारिक,-11.9729,3,starts_with_dependent_vowel
20368,मगात्,मगात्,-11.9729,1,ends_with_virama
20373,ृष्ट,ृष्ट,-11.9734,1,starts_with_dependent_vowel
20379,▁ययुर्,ययुर्,-11.974,1,ends_with_virama
20385,जीजनत्,जीजनत्,-11.9747,1,ends_with_virama
20389,मादितः,मादितः,-11.9748,2,contains_special_A
20393,ौष्ण्य,ौष्ण्य,-11.9751,1,starts_with_dependent_vowel
20394,▁ह्यहं,ह्यहं,-11.9751,0,contains_special_A
20403,त्प्रभुः,त्प्रभुः,-11.9758,1,contains_special_A
20412,▁संतप्त,संतप्त,-11.9764,0,contains_special_A
20418,ऽअथ,ऽअथ,-11.9772,1,contains_special_A
20419,▁संभावय,संभावय,-11.9773,1,contains_special_A
20428,▁संप्रयोग,संप्रयोग,-11.9776,1,contains_special_A
20431,▁छन्दांसि,छन्दांसि,-11.9778,2,contains_special_A
20432,▁युष्मत्,युष्मत्,-11.9778,1,ends_with_virama
20433,ित्यासङ्क्याह,ित्यासङ्क्याह,-11.9779,3,starts_with_dependent_vowel
20435,ाह्निक,ाह्निक,-11.978,2,starts_with_dependent_vowel
20438,यस्मात्,यस्मात्,-11.9783,1,ends_with_virama
20442,आचार्यप्रवृत्तिः,आचार्यप्रवृत्तिः,-11.979,4,contains_special_A
20449,ावस्यकत्व,ावस्यकत्व,-11.9795,1,starts_with_dependent_vowel
20455,ानुकूल्य,ानुकूल्य,-11.9802,3,starts_with_dependent_vowel
20466,ितव्यमिति,ितव्यमिति,-11.982,3,starts_with_dependent_vowel
20468,▁आस्तां,आस्तां,-11.9823,2,contains_special_A
20469,ोपाख्यान,ोपाख्यान,-11.9824,3,starts_with_dependent_vowel
20474,ाभिजन,ाभिजन,-11.9829,2,starts_with_dependent_vowel
20475,▁विंसत्य,विंसत्य,-11.9829,1,contains_special_A
20478,▁पञ्चासत्,पञ्चासत्,-11.9832,1,ends_with_virama
20490,ेऽस्मिं,ेऽस्मिं,-11.9841,2,starts_with_dependent_vowel;contains_special_A
20495,ोऽभूद,ोऽभूद,-11.9844,2,starts_with_dependent_vowel;contains_special_A
20500,▁क्रमसः,क्रमसः,-11.985,0,contains_special_A
20519,ोऽनर्थ,ोऽनर्थ,-11.9858,1,starts_with_dependent_vowel;contains_special_A
20525,▁यथाहुः,यथाहुः,-11.9866,2,contains_special_A
20526,▁ध्यायेत्,ध्यायेत्,-11.9869,2,ends_with_virama
20531,ेदित्यर्थः,ेदित्यर्थः,-11.9876,2,starts_with_dependent_vowel;contains_special_A
20532,▁भक्षयेत्,भक्षयेत्,-11.9877,1,ends_with_virama
20534,ापगा,ापगा,-11.9877,2,starts_with_dependent_vowel
20535,▁सम्यक्संबोधये,सम्यक्संबोधये,-11.9879,2,contains_special_A
20548,ैरावत,ैरावत,-11.989,2,starts_with_dependent_vowel
20552,पस्यद्,पस्यद्,-11.989,0,ends_with_virama
20553,▁भगवंस्त,भगवंस्त,-11.989,0,contains_special_A
20554,▁तिसृभिः,तिसृभिः,-11.9891,3,contains_special_A
20564,ुन्द,ुन्द,-11.9898,1,starts_with_dependent_vowel
20566,िटि,िटि,-11.9902,2,starts_with_dependent_vowel
20567,ाधीस,ाधीस,-11.9903,2,starts_with_dependent_vowel
20568,▁सर्वेषाम्,सर्वेषाम्,-11.9904,2,ends_with_virama
20572,किंनर,किंनर,-11.991,1,contains_special_A
20574,▁सुचिर्,सुचिर्,-11.9913,2,ends_with_virama
20593,धिदैवतम्,धिदैवतम्,-11.9935,2,ends_with_virama
20594,ादधिक,ादधिक,-11.9935,2,starts_with_dependent_vowel
20604,ऽनुत्तरां,ऽनुत्तरां,-11.9943,2,contains_special_A
20609,▁संसारिण,संसारिण,-11.9946,2,contains_special_A
20610,▁कुत्रचित्,कुत्रचित्,-11.9949,2,ends_with_virama
20611,▁सायकैः,सायकैः,-11.9949,2,contains_special_A
20613,▁स्रावस्त्यां,स्रावस्त्यां,-11.9952,2,contains_special_A
20614,ोत्तरीय,ोत्तरीय,-11.9952,2,starts_with_dependent_vowel
20629,त्रिंसत्,त्रिंसत्,-11.9962,1,contains_special_A;ends_with_virama
20630,सृग्,सृग्,-11.9963,1,ends_with_virama
20631,▁संबभूव,संबभूव,-11.9963,1,contains_special_A
20633,तिव्याप्तिः,तिव्याप्तिः,-11.9963,3,contains_special_A
20642,ैर्विविधै,ैर्विविधै,-11.9973,4,starts_with_dependent_vowel
20651,कार्षीत्,कार्षीत्,-11.998,2,ends_with_virama
20655,ऽएष,ऽएष,-11.9986,1,contains_special_A
20656,▁चतुःषष्टि,चतुःषष्टि,-11.9986,2,contains_special_A
20660,ानाम्तत्कस्य,ानाम्तत्कस्य,-11.999,2,starts_with_dependent_vowel
20663,ोपक्लेस,ोपक्लेस,-11.9994,2,starts_with_dependent_vowel
20675,ाकुलित,ाकुलित,-12.0007,3,starts_with_dependent_vowel
20678,ीभवन्ति,ीभवन्ति,-12.001,2,starts_with_dependent_vowel
20680,▁कोऽत्र,कोऽत्र,-12.0011,1,contains_special_A
20683,▁जारयेत्,जारयेत्,-12.0017,2,ends_with_virama
20686,ुपनिषद,ुपनिषद,-12.0025,2,starts_with_dependent_vowel
20687,▁संयम्य,संयम्य,-12.0025,0,contains_special_A
20689,संभ्रान्त,संभ्रान्त,-12.0026,1,contains_special_A
20694,ास्चान्ये,ास्चान्ये,-12.003,3,starts_with_dependent_vowel
20701,▁सृण्वन्,सृण्वन्,-12.0035,1,ends_with_virama
20702,ीयांस,ीयांस,-12.0036,2,starts_with_dependent_vowel;contains_special_A
20705,ेवञ्जातीयक,ेवञ्जातीयक,-12.004,3,starts_with_dependent_vowel
20706,प्रतिसंख्यानिरोध,प्रतिसंख्यानिरोध,-12.004,4,contains_special_A
20707,ेकविंसति,ेकविंसति,-12.004,3,starts_with_dependent_vowel;contains_special_A
20723,न्तःस्थ,न्तःस्थ,-12.0051,0,contains_special_A
20728,▁संक्षय,संक्षय,-12.0054,0,contains_special_A
20730,▁तेऽप्य,तेऽप्य,-12.0056,1,contains_special_A
20732,▁निःसरण,निःसरण,-12.0058,1,contains_special_A
20743,वतंस,वतंस,-12.0065,0,contains_special_A
20744,▁कथंचिद,कथंचिद,-12.0066,1,contains_special_A
20745,लङ्,लङ्,-12.0066,0,ends_with_virama
20748,ुल्लस,ुल्लस,-12.0067,1,starts_with_dependent_vowel
20751,नुसंधान,नुसंधान,-12.0069,2,contains_special_A
20760,▁असिद्धत्वात्,असिद्धत्वात्,-12.0077,3,ends_with_virama
20764,▁सत्यसंध,सत्यसंध,-12.0082,0,contains_special_A
20773,संरब्ध,संरब्ध,-12.009,0,contains_special_A
20781,▁स्मरेत्,स्मरेत्,-12.0097,1,ends_with_virama
20786,ैर्गुणैः,ैर्गुणैः,-12.0101,3,starts_with_dependent_vowel;contains_special_A
20789,ाकासधातु,ाकासधातु,-12.0103,4,starts_with_dependent_vowel
20795,स्रुतीनां,स्रुतीनां,-12.0114,3,contains_special_A
20798,किञ्चित्,किञ्चित्,-12.0116,2,ends_with_virama
20809,ोऽनल,ोऽनल,-12.0123,1,starts_with_dependent_vowel;contains_special_A
20817,▁ज्वलन्,ज्वलन्,-12.0128,0,ends_with_virama
20818,ऽन्यथा,ऽन्यथा,-12.0129,1,contains_special_A
20819,त्वाच्,त्वाच्,-12.0129,1,ends_with_virama
20828,▁संवेद्य,संवेद्य,-12.0137,1,contains_special_A
20831,भृद्,भृद्,-12.014,1,ends_with_virama
20834,बध्नन्,बध्नन्,-12.0142,0,ends_with_virama
20840,संयुक्तमनसिकारो,संयुक्तमनसिकारो,-12.0146,4,contains_special_A
20850,▁संघाट,संघाट,-12.0153,1,contains_special_A
20854,▁सांघिक,सांघिक,-12.0157,2,contains_special_A
20855,▁दक्षिणस्यां,दक्षिणस्यां,-12.0157,2,contains_special_A
20860,▁षड्विंस,षड्विंस,-12.0166,1,contains_special_A
20863,संक्लिष्ट,संक्लिष्ट,-12.0168,1,contains_special_A
20867,ुपदिस्यते,ुपदिस्यते,-12.0171,3,starts_with_dependent_vowel
20884,▁पृथङ्,पृथङ्,-12.019,1,ends_with_virama
20886,▁गिरेः,गिरेः,-12.0195,2,contains_special_A
20890,ोपसंहित,ोपसंहित,-12.0198,2,starts_with_dependent_vowel;contains_special_A
20899,▁संत्यज्य,संत्यज्य,-12.0203,0,contains_special_A
20902,ोत्तीर्ण,ोत्तीर्ण,-12.0206,2,starts_with_dependent_vowel
20904,ाप्तये,ाप्तये,-12.0211,2,starts_with_dependent_vowel
20911,▁स्वलंकृत,स्वलंकृत,-12.022,1,contains_special_A
20926,▁संजानीते,संजानीते,-12.0231,3,contains_special_A
20928,बिन्दवः,बिन्दवः,-12.0233,1,contains_special_A
20930,सांप्रत,सांप्रत,-12.0236,1,contains_special_A
20934,संजात,संजात,-12.0238,1,contains_special_A
20936,ाण्युप,ाण्युप,-12.0239,2,starts_with_dependent_vowel
20939,ित्युच्यते,ित्युच्यते,-12.0241,3,starts_with_dependent_vowel
20944,ानुसरण,ानुसरण,-12.0248,2,starts_with_dependent_vowel
20947,पूजयत्,पूजयत्,-12.0249,1,ends_with_virama
20950,▁आत्मनोऽ,आत्मनोऽ,-12.0253,2,contains_special_A
20958,▁जन्तुर्,जन्तुर्,-12.0264,1,ends_with_virama
20961,च्छिनत्,च्छिनत्,-12.0265,1,ends_with_virama
20964,ोऽथवा,ोऽथवा,-12.0267,2,starts_with_dependent_vowel;contains_special_A
20965,▁ध्यानपारमितायां,ध्यानपारमितायां,-12.0268,5,contains_special_A
20966,ुच्चैर्,ुच्चैर्,-12.027,2,starts_with_dependent_vowel;ends_with_virama
20978,▁पुंसि,पुंसि,-12.0282,2,contains_special_A
20979,▁तिरस्,तिरस्,-12.0284,1,ends_with_virama
20982,▁स्पृसेत्,स्पृसेत्,-12.0286,2,ends_with_virama
20986,भुग्,भुग्,-12.0288,1,ends_with_virama
20987,▁तदिदमुक्तम्,तदिदमुक्तम्,-12.0289,2,ends_with_virama
20991,▁सिरांसि,सिरांसि,-12.029,3,contains_special_A
20994,▁चारिकां,चारिकां,-12.0293,3,contains_special_A
20995,त्यलम्,त्यलम्,-12.0293,0,ends_with_virama
20999,▁ईषत्,ईषत्,-12.0296,1,ends_with_virama
21002,▁संप्रवक्ष्यामि,संप्रवक्ष्यामि,-12.0299,2,contains_special_A
21006,संयत,संयत,-12.03,0,contains_special_A
21007,▁तद्वचः,तद्वचः,-12.0301,0,contains_special_A
21012,ाद्युदात्त,ाद्युदात्त,-12.0309,3,starts_with_dependent_vowel
21018,▁तथेत्यर्थः,तथेत्यर्थः,-12.0316,1,contains_special_A
21025,ोद्भेद,ोद्भेद,-12.0325,2,starts_with_dependent_vowel
21029,▁मेऽद्य,मेऽद्य,-12.0328,1,contains_special_A
21035,▁कथञ्चिद्,कथञ्चिद्,-12.0334,1,ends_with_virama
21051,प्रतिसंवेद,प्रतिसंवेद,-12.0347,2,contains_special_A
21053,▁पप्रच्छुः,पप्रच्छुः,-12.0351,1,contains_special_A
21054,ायुस्च,ायुस्च,-12.0351,2,starts_with_dependent_vowel
21059,संवर्तनीय,संवर्तनीय,-12.0361,1,contains_special_A
21061,िन्द्रियाणि,िन्द्रियाणि,-12.0362,4,starts_with_dependent_vowel
21064,▁मृत्योर्,मृत्योर्,-12.0363,2,ends_with_virama
21070,ोपपादय,ोपपादय,-12.037,2,starts_with_dependent_vowel
21071,▁नितरां,नितरां,-12.0371,2,contains_special_A
21074,▁भूमेर्,भूमेर्,-12.0372,2,ends_with_virama
21079,▁पादयोर्,पादयोर्,-12.038,2,ends_with_virama
21085,संनिधान,संनिधान,-12.0388,2,contains_special_A
21086,▁सञ्ज्ञायाम्,सञ्ज्ञायाम्,-12.0388,2,ends_with_virama
21097,भवेद्,भवेद्,-12.0402,1,ends_with_virama
21099,स्त्रीणां,स्त्रीणां,-12.0404,2,contains_special_A
21100,ुक्थ्य,ुक्थ्य,-12.0405,1,starts_with_dependent_vowel
21102,▁निःक्लेस,निःक्लेस,-12.0405,2,contains_special_A
21110,दर्सयत्,दर्सयत्,-12.0408,0,ends_with_virama
21114,ेनोपायेन,ेनोपायेन,-12.0415,4,starts_with_dependent_vowel
21119,ुरसि,ुरसि,-12.0422,2,starts_with_dependent_vowel
21121,िक्ष्वाकु,िक्ष्वाकु,-12.0425,3,starts_with_dependent_vowel
21122,▁नृपतेर्,नृपतेर्,-12.0425,2,ends_with_virama
21133,वाङ्,वाङ्,-12.0433,1,ends_with_virama
21136,ास्तेऽपि,ास्तेऽपि,-12.0436,3,starts_with_dependent_vowel;contains_special_A
21143,ाणामेक,ाणामेक,-12.0443,3,starts_with_dependent_vowel
21144,▁सञ्ज्ञायां,सञ्ज्ञायां,-12.0445,2,contains_special_A
21145,मरुत्,मरुत्,-12.0446,1,ends_with_virama
21150,ुभयथा,ुभयथा,-12.0455,2,starts_with_dependent_vowel
21152,▁तस्मिंस्त,तस्मिंस्त,-12.0457,1,contains_special_A
21157,ोन्मेष,ोन्मेष,-12.0464,2,starts_with_dependent_vowel
21158,▁सृणुध्वं,सृणुध्वं,-12.0464,2,contains_special_A
21162,ैर्बोधिसत्त्व,ैर्बोधिसत्त्व,-12.047,3,starts_with_dependent_vowel
21168,त्येतद्,त्येतद्,-12.0474,1,ends_with_virama
21175,संरक्षण,संरक्षण,-12.0478,0,contains_special_A
21176,ान्तरगत,ान्तरगत,-12.0479,1,starts_with_dependent_vowel
21177,ुक्रुसु,ुक्रुसु,-12.0481,3,starts_with_dependent_vowel
21189,बहून्,बहून्,-12.0495,1,ends_with_virama
21194,ाप्नोत्य,ाप्नोत्य,-12.0499,2,starts_with_dependent_vowel
21199,ोऽयमित्य,ोऽयमित्य,-12.0507,2,starts_with_dependent_vowel;contains_special_A
21200,ादरेण,ादरेण,-12.0508,2,starts_with_dependent_vowel
21207,▁उपसंक्रम,उपसंक्रम,-12.0514,1,contains_special_A
21212,िदमब्रवीत्,िदमब्रवीत्,-12.052,2,starts_with_dependent_vowel;ends_with_virama
21213,ोत्पादित,ोत्पादित,-12.052,3,starts_with_dependent_vowel
21215,ान्हत्वा,ान्हत्वा,-12.0523,2,starts_with_dependent_vowel
21224,ाप्नोतीति,ाप्नोतीति,-12.0538,4,starts_with_dependent_vowel
21227,▁प्रतिपद्यितव्यं,प्रतिपद्यितव्यं,-12.0539,2,contains_special_A
21230,ाभ्यामिति,ाभ्यामिति,-12.0541,4,starts_with_dependent_vowel
21234,▁ब्व्,ब्व्,-12.0542,0,ends_with_virama
21237,▁परिवारितः,परिवारितः,-12.0545,3,contains_special_A
21244,ुपमेय,ुपमेय,-12.0552,2,starts_with_dependent_vowel
21246,ूत्तर,ूत्तर,-12.0557,1,starts_with_dependent_vowel
21255,पृच्छत्,पृच्छत्,-12.0567,1,ends_with_virama
21256,ोल्बण,ोल्बण,-12.0567,1,starts_with_dependent_vowel
21260,▁दुःखसमुदय,दुःखसमुदय,-12.0572,2,contains_special_A
21261,धर्मतायां,धर्मतायां,-12.0573,2,contains_special_A
21263,ाप्नुव,ाप्नुव,-12.0575,2,starts_with_dependent_vowel
21269,▁यस्मान्,यस्मान्,-12.0591,1,ends_with_virama
21271,ादागत,ादागत,-12.0591,2,starts_with_dependent_vowel
21280,ूर्जित,ूर्जित,-12.0594,2,starts_with_dependent_vowel
21287,▁मुनिपुंगव,मुनिपुंगव,-12.0599,3,contains_special_A
21289,स्चरेत्,स्चरेत्,-12.0601,1,ends_with_virama
21294,व्यंजन,व्यंजन,-12.0604,0,contains_special_A
21297,प्रतिसंवित्,प्रतिसंवित्,-12.0606,2,contains_special_A;ends_with_virama
21309,ुपपादय,ुपपादय,-12.0616,2,starts_with_dependent_vowel
21317,ित्करण,ित्करण,-12.0621,1,starts_with_dependent_vowel
21323,▁साधूनां,साधूनां,-12.0625,3,contains_special_A
21325,ादिसब्दानां,ादिसब्दानां,-12.0626,4,starts_with_dependent_vowel;contains_special_A
21327,▁स्त्रीपुंस,स्त्रीपुंस,-12.0627,2,contains_special_A
21330,▁प्ल्,प्ल्,-12.0631,0,ends_with_virama
21332,▁स्रुतेर्,स्रुतेर्,-12.0632,2,ends_with_virama
21340,मास्रयेत्,मास्रयेत्,-12.0641,2,ends_with_virama
21352,▁प्रसभं,प्रसभं,-12.0653,0,contains_special_A
21360,▁सवितुः,सवितुः,-12.0657,2,contains_special_A
21361,ोपसंहर,ोपसंहर,-12.0658,1,starts_with_dependent_vowel;contains_special_A
21363,स्यैतदभवत्,स्यैतदभवत्,-12.0659,1,ends_with_virama
21368,▁भ्रातुर्,भ्रातुर्,-12.0669,2,ends_with_virama
21371,ाभावात,ाभावात,-12.0672,3,starts_with_dependent_vowel
21379,▁बन्धुभिः,बन्धुभिः,-12.0681,2,contains_special_A
21386,▁संविद्,संविद्,-12.0691,1,contains_special_A;ends_with_virama
21387,▁संभावित,संभावित,-12.0692,2,contains_special_A
21390,ीत्येवम,ीत्येवम,-12.0694,2,starts_with_dependent_vowel
21398,संस्रित,संस्रित,-12.0707,1,contains_special_A
21406,▁तद्भवेत्,तद्भवेत्,-12.0712,1,ends_with_virama
21408,ांसाख्ये,ांसाख्ये,-12.0713,3,starts_with_dependent_vowel;contains_special_A
21413,ेश्वर,ेश्वर,-12.0719,1,starts_with_dependent_vowel
21422,▁रंह,रंह,-12.073,0,contains_special_A
21428,्नुवन्,्नुवन्,-12.0736,1,ends_with_virama
21446,ैस्तीक्ष्ण,ैस्तीक्ष्ण,-12.0752,2,starts_with_dependent_vowel
21447,ूचे,ूचे,-12.0753,2,starts_with_dependent_vowel
21451,ोत्सृज,ोत्सृज,-12.0757,2,starts_with_dependent_vowel
21457,ोरस्क,ोरस्क,-12.0764,1,starts_with_dependent_vowel
21461,▁सोढुं,सोढुं,-12.0767,2,contains_special_A
21465,▁यदेतत्,यदेतत्,-12.0769,1,ends_with_virama
21467,▁बलवद्,बलवद्,-12.0771,0,ends_with_virama
21472,मीरितम्,मीरितम्,-12.0776,2,ends_with_virama
21481,▁पृथिवीपतिः,पृथिवीपतिः,-12.0779,4,contains_special_A
21489,ामन्त्रयते,ामन्त्रयते,-12.0789,2,starts_with_dependent_vowel
21490,ोत्तमाङ्ग,ोत्तमाङ्ग,-12.079,2,starts_with_dependent_vowel
21499,मभ्यधात्,मभ्यधात्,-12.0796,1,ends_with_virama
21508,▁तदंस,तदंस,-12.0802,0,contains_special_A
21510,धीमान्,धीमान्,-12.0803,2,ends_with_virama
21515,ेतस्मिन्नर्थे,ेतस्मिन्नर्थे,-12.0809,3,starts_with_dependent_vowel
21517,▁तत्तन्,तत्तन्,-12.081,0,ends_with_virama
21519,िष्यन्त,िष्यन्त,-12.0811,1,starts_with_dependent_vowel
21523,योजयेत्,योजयेत्,-12.0816,2,ends_with_virama
21525,▁प्रभुर्,प्रभुर्,-12.0821,1,ends_with_virama
21529,ास्वास्य,ास्वास्य,-12.0824,2,starts_with_dependent_vowel
21531,▁प्लवंगम,प्लवंगम,-12.0826,0,contains_special_A
21532,▁निःसङ्क,निःसङ्क,-12.0826,1,contains_special_A
21536,भिनत्,भिनत्,-12.083,1,ends_with_virama
21538,▁कथमेतत्,कथमेतत्,-12.0833,1,ends_with_virama
21540,ासङ्कय,ासङ्कय,-12.0835,1,starts_with_dependent_vowel
21541,वादीत्,वादीत्,-12.0835,2,ends_with_virama
21543,यजुर्,यजुर्,-12.0838,1,ends_with_virama
21553,ास्चत्वारो,ास्चत्वारो,-12.0849,3,starts_with_dependent_vowel
21556,चोदयत्,चोदयत्,-12.0852,1,ends_with_virama
21569,ोत्तान,ोत्तान,-12.0862,2,starts_with_dependent_vowel
21573,साहस्र्यां,साहस्र्यां,-12.0867,2,contains_special_A
21576,▁लिखेत्,लिखेत्,-12.0872,2,ends_with_virama
21579,▁मन्त्रिभिः,मन्त्रिभिः,-12.0879,2,contains_special_A
21585,ोपजायते,ोपजायते,-12.0883,3,starts_with_dependent_vowel
21587,ेन्दीवर,ेन्दीवर,-12.0884,2,starts_with_dependent_vowel
21590,ृग,ृग,-12.0888,1,starts_with_dependent_vowel
21607,ार्थकत्व,ार्थकत्व,-12.0904,1,starts_with_dependent_vowel
21608,स्चरन्,स्चरन्,-12.0907,0,ends_with_virama
21609,▁स्मृतेः,स्मृतेः,-12.0908,2,contains_special_A
21616,▁सत्रूणां,सत्रूणां,-12.0916,2,contains_special_A
21623,▁सिद्धमेतत्,सिद्धमेतत्,-12.0922,2,ends_with_virama
21633,▁भवद्भिः,भवद्भिः,-12.0934,1,contains_special_A
21641,ाणीव,ाणीव,-12.0937,2,starts_with_dependent_vowel
21645,▁संस्मृत्य,संस्मृत्य,-12.094,1,contains_special_A
21660,▁यत्किंचित्,यत्किंचित्,-12.0952,2,contains_special_A;ends_with_virama
21664,▁खल्वयं,खल्वयं,-12.0955,0,contains_special_A
21670,लुक्,लुक्,-12.0965,1,ends_with_virama
21673,▁पुनस्तत्,पुनस्तत्,-12.0971,1,ends_with_virama
21682,ापहारिण,ापहारिण,-12.0982,3,starts_with_dependent_vowel
21688,▁बभूवतुः,बभूवतुः,-12.0987,2,contains_special_A
21692,ोऽभ्यास,ोऽभ्यास,-12.0994,2,starts_with_dependent_vowel;contains_special_A
21708,▁बिभ्रत्,बिभ्रत्,-12.1005,1,ends_with_virama
21709,▁सर्पिर्,सर्पिर्,-12.1006,1,ends_with_virama
21712,ऽनेनेति,ऽनेनेति,-12.101,3,contains_special_A
21716,ापादित,ापादित,-12.1013,3,starts_with_dependent_vowel
21724,▁षड्भिर्,षड्भिर्,-12.1018,1,ends_with_virama
21728,बंध,बंध,-12.1024,0,contains_special_A
21734,स्तथागतोऽर्हन्,स्तथागतोऽर्हन्,-12.1032,2,contains_special_A;ends_with_virama
21742,सुहृत्,सुहृत्,-12.1034,2,ends_with_virama
21743,ुपनीत,ुपनीत,-12.1034,2,starts_with_dependent_vowel
21745,▁दीयतां,दीयतां,-12.1036,2,contains_special_A
21746,▁रस्मिभिः,रस्मिभिः,-12.1036,2,contains_special_A
21747,▁भवेन्नरः,भवेन्नरः,-12.1037,1,contains_special_A
21749,ोद्रेक,ोद्रेक,-12.1039,2,starts_with_dependent_vowel
21766,ोर्वी,ोर्वी,-12.106,2,starts_with_dependent_vowel
21771,▁पुंस्त्व,पुंस्त्व,-12.1063,1,contains_special_A
21777,ादारभ्य,ादारभ्य,-12.107,2,starts_with_dependent_vowel
21781,ंसुमान्,ंसुमान्,-12.1073,2,contains_special_A;ends_with_virama
21787,ाद्ब्रह्मण,ाद्ब्रह्मण,-12.1079,1,starts_with_dependent_vowel
21797,▁यत्कार्यं,यत्कार्यं,-12.1093,1,contains_special_A
21799,जिद्,जिद्,-12.1094,1,ends_with_virama
21803,ुदीर्ण,ुदीर्ण,-12.1099,2,starts_with_dependent_vowel
21806,▁सुधीः,सुधीः,-12.1101,2,contains_special_A
21808,ऽष्टौ,ऽष्टौ,-12.1108,1,contains_special_A
21809,▁प्रियंवद,प्रियंवद,-12.1111,1,contains_special_A
21810,▁संनिधि,संनिधि,-12.1114,2,contains_special_A
21814,▁यत्किञ्चित्,यत्किञ्चित्,-12.1116,2,ends_with_virama
21818,ोपपत्तेर्,ोपपत्तेर्,-12.1119,2,starts_with_dependent_vowel;ends_with_virama
21819,ुपलक्षित,ुपलक्षित,-12.1119,2,starts_with_dependent_vowel
21826,ापतत,ापतत,-12.1122,1,starts_with_dependent_vowel
21837,तीत्युक्तम्,तीत्युक्तम्,-12.1132,2,ends_with_virama
21838,▁जगत्पतिः,जगत्पतिः,-12.1134,1,contains_special_A
21843,ाधिराज,ाधिराज,-12.1141,3,starts_with_dependent_vowel
21844,दुःसह,दुःसह,-12.1143,1,contains_special_A
21850,ुदासीन,ुदासीन,-12.1149,3,starts_with_dependent_vowel
21851,कुंभ,कुंभ,-12.115,1,contains_special_A
21853,त्रिंसद्बोधिपक्ष,त्रिंसद्बोधिपक्ष,-12.1152,3,contains_special_A
21857,तत्त्ववित्,तत्त्ववित्,-12.1156,1,ends_with_virama
21860,पतीनां,पतीनां,-12.1167,2,contains_special_A
21861,ोपनत,ोपनत,-12.1168,1,starts_with_dependent_vowel
21864,▁संजायते,संजायते,-12.1172,2,contains_special_A
21866,ानीन्द्रियाणि,ानीन्द्रियाणि,-12.1182,5,starts_with_dependent_vowel
21867,ाकिनी,ाकिनी,-12.1183,3,starts_with_dependent_vowel
21869,संहिताया,संहिताया,-12.1187,3,contains_special_A
21875,ोपनिबन्ध,ोपनिबन्ध,-12.1197,2,starts_with_dependent_vowel
21880,ार्ष्ट,ार्ष्ट,-12.1203,1,starts_with_dependent_vowel
21887,▁माचिरम्,माचिरम्,-12.1213,2,ends_with_virama
21895,पञ्चासत्,पञ्चासत्,-12.1219,1,ends_with_virama
21896,ीत्युच्यते,ीत्युच्यते,-12.1221,3,starts_with_dependent_vowel
21897,मीषां,मीषां,-12.1221,2,contains_special_A
21899,ोन्नति,ोन्नति,-12.1223,2,starts_with_dependent_vowel
21915,मित्याहुः,मित्याहुः,-12.1248,3,contains_special_A
21916,▁दद्यान्,दद्यान्,-12.1248,1,ends_with_virama
21919,न्महत्,न्महत्,-12.125,0,ends_with_virama
21931,लसत्,लसत्,-12.1262,0,ends_with_virama
21933,▁कास्चित्,कास्चित्,-12.127,2,ends_with_virama
21940,न्यतरस्यां,न्यतरस्यां,-12.1274,1,contains_special_A
21943,समनुपस्यन्,समनुपस्यन्,-12.1275,1,ends_with_virama
21944,ीर्ष्या,ीर्ष्या,-12.1276,2,starts_with_dependent_vowel
21951,ावन्योन्य,ावन्योन्य,-12.128,2,starts_with_dependent_vowel
21955,ुपांसु,ुपांसु,-12.1283,3,starts_with_dependent_vowel;contains_special_A
21956,▁ततोऽसौ,ततोऽसौ,-12.1284,2,contains_special_A
21964,▁तयोस्,तयोस्,-12.1294,1,ends_with_virama
21968,ान्यष्टौ,ान्यष्टौ,-12.1302,2,starts_with_dependent_vowel
21969,ाभिमन्त्रित,ाभिमन्त्रित,-12.1303,3,starts_with_dependent_vowel
21977,संघट्ट,संघट्ट,-12.131,0,contains_special_A
21982,▁देहिनां,देहिनां,-12.1315,3,contains_special_A
21988,ुत्पद्यन्ते,ुत्पद्यन्ते,-12.1322,2,starts_with_dependent_vowel
21991,वस्तुनः,वस्तुनः,-12.1327,1,contains_special_A
21993,▁पापीयान्,पापीयान्,-12.1333,3,ends_with_virama
21996,भिसंबुध्य,भिसंबुध्य,-12.1337,2,contains_special_A
22002,ुपपद्यत,ुपपद्यत,-12.1342,1,starts_with_dependent_vowel
22003,द्वैधीकारम्,द्वैधीकारम्,-12.1344,3,ends_with_virama
22009,ष्टसहस्रं,ष्टसहस्रं,-12.1348,0,contains_special_A
22011,▁संबहुला,संबहुला,-12.135,2,contains_special_A
22012,▁रक्षसः,रक्षसः,-12.1351,0,contains_special_A
22013,ोत्सहे,ोत्सहे,-12.1352,2,starts_with_dependent_vowel
22016,ानेतान्,ानेतान्,-12.1355,3,starts_with_dependent_vowel;ends_with_virama
22019,▁आपत्,आपत्,-12.1363,1,ends_with_virama
22021,ातिग,ातिग,-12.1366,2,starts_with_dependent_vowel
22030,▁बृहस्पतिर्,बृहस्पतिर्,-12.1375,2,ends_with_virama
22034,हरहः,हरहः,-12.1378,0,contains_special_A
22035,▁सिंहल,सिंहल,-12.1381,1,contains_special_A
22038,ाणामिव,ाणामिव,-12.1385,3,starts_with_dependent_vowel
22040,ोपयुक्त,ोपयुक्त,-12.1389,2,starts_with_dependent_vowel
22041,▁कथंचित्,कथंचित्,-12.1389,1,contains_special_A;ends_with_virama
22042,संस्कारविज्ञान,संस्कारविज्ञान,-12.139,3,contains_special_A
22047,▁भोजयेत्,भोजयेत्,-12.1392,2,ends_with_virama
22049,ैर्वाक्यै,ैर्वाक्यै,-12.1394,3,starts_with_dependent_vowel
22051,ोद्गीथ,ोद्गीथ,-12.1396,2,starts_with_dependent_vowel
22053,ारूप्यावचर,ारूप्यावचर,-12.1397,3,starts_with_dependent_vowel
22058,▁प्रामाण्यवादः,प्रामाण्यवादः,-12.14,3,contains_special_A
22066,ास्फाल,ास्फाल,-12.1407,2,starts_with_dependent_vowel
22071,▁प्रकृतेर्,प्रकृतेर्,-12.1425,2,ends_with_virama
22075,मिततेजसः,मिततेजसः,-12.1427,2,contains_special_A
22077,ौद्धत्य,ौद्धत्य,-12.1427,1,starts_with_dependent_vowel
22079,ैर्नृप,ैर्नृप,-12.143,2,starts_with_dependent_vowel
22086,▁पठेत्,पठेत्,-12.1435,1,ends_with_virama
22088,ाहिताग्न,ाहिताग्न,-12.1438,3,starts_with_dependent_vowel
22099,ोद्वाह,ोद्वाह,-12.1453,2,starts_with_dependent_vowel
22113,ोऽवगम्यते,ोऽवगम्यते,-12.1469,2,starts_with_dependent_vowel;contains_special_A
22116,तेनोपसंक्रान्तः,तेनोपसंक्रान्तः,-12.1471,3,contains_special_A
22128,ुत्पात,ुत्पात,-12.1478,2,starts_with_dependent_vowel
22129,ुपसंहरति,ुपसंहरति,-12.1479,2,starts_with_dependent_vowel;contains_special_A
22130,संस्तुत,संस्तुत,-12.1483,1,contains_special_A
22132,ैस्चित्र,ैस्चित्र,-12.1484,2,starts_with_dependent_vowel
22149,▁दङ्,दङ्,-12.1497,0,ends_with_virama
22153,संतुष्ट,संतुष्ट,-12.1503,1,contains_special_A
22157,विरचितायां,विरचितायां,-12.1519,4,contains_special_A
22158,▁यद्रूपं,यद्रूपं,-12.152,1,contains_special_A
22172,▁निःसंसय,निःसंसय,-12.1535,1,contains_special_A
22174,▁सप्तविंसति,सप्तविंसति,-12.1536,2,contains_special_A
22181,न्वहम्,न्वहम्,-12.1544,0,ends_with_virama
22186,▁तदाहुः,तदाहुः,-12.1549,2,contains_special_A
22192,ाधिपतये,ाधिपतये,-12.1553,3,starts_with_dependent_vowel
22200,▁व्यचिन्तयत्,व्यचिन्तयत्,-12.156,1,ends_with_virama
22201,बृंह,बृंह,-12.1562,1,contains_special_A
22203,ास्रीयते,ास्रीयते,-12.1565,3,starts_with_dependent_vowel
22210,▁भजेत्,भजेत्,-12.1573,1,ends_with_virama
22214,▁संनतपर्वभिः,संनतपर्वभिः,-12.1583,1,contains_special_A
22217,▁यथातथम्,यथातथम्,-12.1584,1,ends_with_virama
22221,▁लेपयेत्,लेपयेत्,-12.1587,2,ends_with_virama
22230,ुल्बण,ुल्बण,-12.1595,1,starts_with_dependent_vowel
22231,ममुं,ममुं,-12.1595,1,contains_special_A
22232,▁द्वादस्यां,द्वादस्यां,-12.1597,2,contains_special_A
22234,ैस्त्रिभिः,ैस्त्रिभिः,-12.1599,3,starts_with_dependent_vowel;contains_special_A
22240,तिसंयुक्तमनसिकार,तिसंयुक्तमनसिकार,-12.1606,4,contains_special_A
22241,सततं,सततं,-12.1606,0,contains_special_A
22243,बिंब,बिंब,-12.1608,1,contains_special_A
22249,▁यजूंषि,यजूंषि,-12.1616,2,contains_special_A
22261,मारभेत्,मारभेत्,-12.1626,2,ends_with_virama
22264,ुपसंहर,ुपसंहर,-12.1629,1,starts_with_dependent_vowel;contains_special_A
22268,▁किमन्यत्,किमन्यत्,-12.1634,1,ends_with_virama
22273,▁द्विषतां,द्विषतां,-12.1641,2,contains_special_A
22283,ाविष्कृत,ाविष्कृत,-12.166,3,starts_with_dependent_vowel
22285,संनिहित,संनिहित,-12.1661,2,contains_special_A
22286,हनत्,हनत्,-12.1661,0,ends_with_virama
22293,ारणि,ारणि,-12.1676,2,starts_with_dependent_vowel
22297,संक्षेप,संक्षेप,-12.1678,1,contains_special_A
22300,भिसंबुध्यते,भिसंबुध्यते,-12.1679,3,contains_special_A
22303,ाददीत,ाददीत,-12.1681,2,starts_with_dependent_vowel
22308,संस्थितिः,संस्थितिः,-12.1686,2,contains_special_A
22311,स्रुतेर्,स्रुतेर्,-12.1688,2,ends_with_virama
22318,ोलूक,ोलूक,-12.1701,2,starts_with_dependent_vowel
22328,▁गुरूणां,गुरूणां,-12.1712,3,contains_special_A
22341,विहिंस,विहिंस,-12.172,2,contains_special_A
22343,ुपरत,ुपरत,-12.1729,1,starts_with_dependent_vowel
22347,▁गम्यतां,गम्यतां,-12.1733,1,contains_special_A
22349,▁वृत्रहन्,वृत्रहन्,-12.1735,1,ends_with_virama
22352,ान्भिक्षून,ान्भिक्षून,-12.1737,3,starts_with_dependent_vowel
22354,ेर्ऽथे,ेर्ऽथे,-12.1738,2,starts_with_dependent_vowel;contains_special_A
22359,ुल्लेख,ुल्लेख,-12.1743,2,starts_with_dependent_vowel
22360,यामासुर्,यामासुर्,-12.1743,3,ends_with_virama
22365,ोऽहमस्मि,ोऽहमस्मि,-12.1747,2,starts_with_dependent_vowel;contains_special_A
22379,लंभ,लंभ,-12.1766,0,contains_special_A
22386,किञ्चिद्,किञ्चिद्,-12.1773,2,ends_with_virama
22390,▁यद्दत्तं,यद्दत्तं,-12.1776,0,contains_special_A
22391,ोपार्जित,ोपार्जित,-12.1776,3,starts_with_dependent_vowel
22392,▁कस्मान्,कस्मान्,-12.1776,1,ends_with_virama
22396,ैवेदं,ैवेदं,-12.1785,2,starts_with_dependent_vowel;contains_special_A
22400,ोऽव्ययः,ोऽव्ययः,-12.1796,1,starts_with_dependent_vowel;contains_special_A
22402,ोद्धर,ोद्धर,-12.1799,1,starts_with_dependent_vowel
22408,▁प्रातःसवन,प्रातःसवन,-12.1807,1,contains_special_A
22411,ैषणा,ैषणा,-12.1807,2,starts_with_dependent_vowel
22412,ैरुपसोभित,ैरुपसोभित,-12.1808,4,starts_with_dependent_vowel
22423,ोपसर्जन,ोपसर्जन,-12.1817,1,starts_with_dependent_vowel
22428,▁ऽतद,ऽतद,-12.1823,0,contains_special_A
22430,संप्रजन्य,संप्रजन्य,-12.1825,0,contains_special_A
22434,चिन्वन्,चिन्वन्,-12.1832,1,ends_with_virama
22439,सुहृद्,सुहृद्,-12.1836,2,ends_with_virama
22441,त्वापत्तेः,त्वापत्तेः,-12.1837,2,contains_special_A
22443,▁हिंस्र,हिंस्र,-12.1838,1,contains_special_A
22444,▁आरागितः,आरागितः,-12.1838,3,contains_special_A
22445,▁त्रायस्त्रिंस,त्रायस्त्रिंस,-12.1839,2,contains_special_A
22465,ैरुपेत,ैरुपेत,-12.1861,3,starts_with_dependent_vowel
22471,संतोष,संतोष,-12.1871,1,contains_special_A
22477,तडित्,तडित्,-12.1875,1,ends_with_virama
22479,ाप्यायन,ाप्यायन,-12.1876,2,starts_with_dependent_vowel
22482,ोऽभून्,ोऽभून्,-12.1881,2,starts_with_dependent_vowel;contains_special_A;ends_with_virama
22483,प्रतीतेर्,प्रतीतेर्,-12.1882,2,ends_with_virama
22484,मुपाद्रवत्,मुपाद्रवत्,-12.1883,2,ends_with_virama
22486,▁निवेसनम्,निवेसनम्,-12.1886,2,ends_with_virama
22489,▁सोधयेत्,सोधयेत्,-12.1891,2,ends_with_virama
22492,हेतूनां,हेतूनां,-12.1898,3,contains_special_A
22493,▁संहृत्य,संहृत्य,-12.1899,1,contains_special_A
22495,संकीर्तन,संकीर्तन,-12.1901,1,contains_special_A
22498,ोद्धरण,ोद्धरण,-12.1903,1,starts_with_dependent_vowel
22499,ाप्युदाहरन्तीम,ाप्युदाहरन्तीम,-12.1903,4,starts_with_dependent_vowel
22501,ौदुम्बर,ौदुम्बर,-12.1903,2,starts_with_dependent_vowel
22504,ऽध्यात्म,ऽध्यात्म,-12.1905,1,contains_special_A
22508,मुद्वहन्,मुद्वहन्,-12.1907,1,ends_with_virama
22518,ैर्मनसिकारै,ैर्मनसिकारै,-12.1916,4,starts_with_dependent_vowel
22525,ानुसंसा,ानुसंसा,-12.1923,3,starts_with_dependent_vowel;contains_special_A
22529,ीत्यनेन,ीत्यनेन,-12.1929,2,starts_with_dependent_vowel
22530,युगपत्,युगपत्,-12.1934,1,ends_with_virama
22533,▁परिवर्जयेत्,परिवर्जयेत्,-12.1936,2,ends_with_virama
22534,▁रिपून्,रिपून्,-12.1936,2,ends_with_virama
22537,ैन्दव,ैन्दव,-12.1938,1,starts_with_dependent_vowel
22538,पूर्वंगम,पूर्वंगम,-12.1938,1,contains_special_A
22541,सिंहासन,सिंहासन,-12.1945,2,contains_special_A
22550,संनिपात,संनिपात,-12.1958,2,contains_special_A
22551,ेद्युः,ेद्युः,-12.196,2,starts_with_dependent_vowel;contains_special_A
22556,▁पुनर्भगवन्,पुनर्भगवन्,-12.1963,1,ends_with_virama
22558,ादींस्च,ादींस्च,-12.1965,2,starts_with_dependent_vowel;contains_special_A
22563,ात्मानमेव,ात्मानमेव,-12.1969,3,starts_with_dependent_vowel
22572,▁भवंति,भवंति,-12.1978,1,contains_special_A
22577,▁स्वामिन्,स्वामिन्,-12.1986,2,ends_with_virama
22580,ाचम्य,ाचम्य,-12.1991,1,starts_with_dependent_vowel
22581,ग्नीन्,ग्नीन्,-12.1992,1,ends_with_virama
22587,पीदं,पीदं,-12.2,1,contains_special_A
22591,ोद्युक्त,ोद्युक्त,-12.2005,2,starts_with_dependent_vowel
22594,वाप्नुयात्,वाप्नुयात्,-12.2008,3,ends_with_virama
22595,मित्येतत्,मित्येतत्,-12.2008,2,ends_with_virama
22612,▁विधयः,विधयः,-12.2023,1,contains_special_A
22613,▁ह्येतद्,ह्येतद्,-12.2023,1,ends_with_virama
22614,फलप्रदम्,फलप्रदम्,-12.2026,0,ends_with_virama
22622,िष्याम्य,िष्याम्य,-12.2036,2,starts_with_dependent_vowel
22624,बहिष्,बहिष्,-12.2037,1,ends_with_virama
22629,स्कंध,स्कंध,-12.2042,0,contains_special_A
22630,▁वीर्यपारमितायां,वीर्यपारमितायां,-12.2045,5,contains_special_A
22634,स्चक्षुर्,स्चक्षुर्,-12.2054,1,ends_with_virama
22636,निःस्वास,निःस्वास,-12.2055,2,contains_special_A
22640,▁ऋक्,ऋक्,-12.2061,1,ends_with_virama
22646,▁कर्हिचित्,कर्हिचित्,-12.2068,2,ends_with_virama
22649,मतन्द्रितः,मतन्द्रितः,-12.2071,1,contains_special_A
22652,ुपद्रव,ुपद्रव,-12.2076,1,starts_with_dependent_vowel
22655,▁सरीरिणाम्,सरीरिणाम्,-12.208,3,ends_with_virama
22662,ित्त्वा,ित्त्वा,-12.2093,2,starts_with_dependent_vowel
22664,ुत्तार,ुत्तार,-12.2094,2,starts_with_dependent_vowel
22669,▁तत्तीर्थं,तत्तीर्थं,-12.21,1,contains_special_A
22671,ोऽप्येवं,ोऽप्येवं,-12.2103,2,starts_with_dependent_vowel;contains_special_A
22676,▁सर्पिः,सर्पिः,-12.2105,1,contains_special_A
22678,कस्चित्,कस्चित्,-12.2109,1,ends_with_virama
22680,ुमर्हथ,ुमर्हथ,-12.2113,1,starts_with_dependent_vowel
22682,ोपजीव्य,ोपजीव्य,-12.2114,2,starts_with_dependent_vowel
22693,▁संमन्त्र्य,संमन्त्र्य,-12.2135,0,contains_special_A
22702,ोभयोः,ोभयोः,-12.2144,2,starts_with_dependent_vowel;contains_special_A
22706,ाम्नायते,ाम्नायते,-12.215,3,starts_with_dependent_vowel
22708,ोद्दाम,ोद्दाम,-12.2153,2,starts_with_dependent_vowel
22712,ोपनिपात,ोपनिपात,-12.216,3,starts_with_dependent_vowel
22714,ेतव्या,ेतव्या,-12.2163,2,starts_with_dependent_vowel
22730,▁तस्मिंस्तु,तस्मिंस्तु,-12.2177,2,contains_special_A
22732,▁विद्वां,विद्वां,-12.2178,2,contains_special_A
22744,ोत्क्षिप्त,ोत्क्षिप्त,-12.2186,2,starts_with_dependent_vowel
22750,ार्यपुत्र,ार्यपुत्र,-12.2199,2,starts_with_dependent_vowel
22751,▁पर्यवारयन्,पर्यवारयन्,-12.22,1,ends_with_virama
22752,▁कुर्युर्,कुर्युर्,-12.22,2,ends_with_virama
22753,▁संजनय,संजनय,-12.2201,0,contains_special_A
22758,मुपसंक्रम्य,मुपसंक्रम्य,-12.2207,1,contains_special_A
22763,▁पञ्चासद्,पञ्चासद्,-12.2213,1,ends_with_virama
22765,ुद्धव,ुद्धव,-12.2219,1,starts_with_dependent_vowel
22766,▁ऋग्,ऋग्,-12.2221,1,ends_with_virama
22767,र्भगवान्,र्भगवान्,-12.2222,1,ends_with_virama
22772,▁ऋत्विग्,ऋत्विग्,-12.2234,2,ends_with_virama
22776,ान्सत्त्वान्,ान्सत्त्वान्,-12.2236,2,starts_with_dependent_vowel;ends_with_virama
22781,ात्मनैव,ात्मनैव,-12.224,2,starts_with_dependent_vowel
22788,ुपसर्जन,ुपसर्जन,-12.2247,1,starts_with_dependent_vowel
22792,ेषूत्,ेषूत्,-12.225,2,starts_with_dependent_vowel;ends_with_virama
22799,ानुपपत्तेस्च,ानुपपत्तेस्च,-12.2257,3,starts_with_dependent_vowel
22819,ायताक्ष,ायताक्ष,-12.2268,2,starts_with_dependent_vowel
22831,ेऽत्यादि,ेऽत्यादि,-12.2293,3,starts_with_dependent_vowel;contains_special_A
22833,वदित्यर्थः,वदित्यर्थः,-12.2297,1,contains_special_A
22836,▁विदुर्बुधाः,विदुर्बुधाः,-12.2301,4,contains_special_A
22837,▁ज्योतींषि,ज्योतींषि,-12.2301,3,contains_special_A
22838,नागतेऽध्वनि,नागतेऽध्वनि,-12.2301,3,contains_special_A
22839,▁तावत्प्राप्तम्,तावत्प्राप्तम्,-12.2302,2,ends_with_virama
22845,▁कंचित्,कंचित्,-12.2308,1,contains_special_A;ends_with_virama
22853,ान्कामान्,ान्कामान्,-12.2329,3,starts_with_dependent_vowel;ends_with_virama
22858,▁परमर्षयः,परमर्षयः,-12.2335,0,contains_special_A
22860,ुच्चावच,ुच्चावच,-12.2337,2,starts_with_dependent_vowel
22864,िषेच,िषेच,-12.2345,2,starts_with_dependent_vowel
22868,ुपगम,ुपगम,-12.235,1,starts_with_dependent_vowel
22882,तितरां,तितरां,-12.2369,2,contains_special_A
22886,▁बृ,बृ,-12.2372,1,simple_cv
22889,ोद्धव,ोद्धव,-12.2374,1,starts_with_dependent_vowel
22892,▁सिध्येत्,सिध्येत्,-12.2375,2,ends_with_virama
22893,मिदमवोचत्,मिदमवोचत्,-12.2376,2,ends_with_virama
22905,ामन्त्र्य,ामन्त्र्य,-12.2394,1,starts_with_dependent_vowel
22910,वाकिरत्,वाकिरत्,-12.2403,2,ends_with_virama
22933,ोपालम्भ,ोपालम्भ,-12.244,2,starts_with_dependent_vowel
22934,ेऽथवा,ेऽथवा,-12.244,2,starts_with_dependent_vowel;contains_special_A
22935,ैर्दिव्यैर्,ैर्दिव्यैर्,-12.2442,3,starts_with_dependent_vowel;ends_with_virama
22942,▁ब्रूयाद्,ब्रूयाद्,-12.2447,2,ends_with_virama
22952,ुपन्यास,ुपन्यास,-12.2452,2,starts_with_dependent_vowel
22953,▁संसृज्य,संसृज्य,-12.2455,1,contains_special_A
22962,ृषिसत्तम,ृषिसत्तम,-12.2462,2,starts_with_dependent_vowel
22965,वपुस्,वपुस्,-12.2466,1,ends_with_virama
22966,▁जुहुयाद्,जुहुयाद्,-12.2466,3,ends_with_virama
22967,्भगवन्तमेतदवोचत्,्भगवन्तमेतदवोचत्,-12.2471,2,ends_with_virama
22973,सर्वेषां,सर्वेषां,-12.2475,2,contains_special_A
22975,ोऽस्तीत्य,ोऽस्तीत्य,-12.2476,2,starts_with_dependent_vowel;contains_special_A
22976,विचारयन्,विचारयन्,-12.2477,2,ends_with_virama
22978,ानुवर्तन,ानुवर्तन,-12.2483,2,starts_with_dependent_vowel
22981,▁विसर्जयेत्,विसर्जयेत्,-12.2488,2,ends_with_virama
22984,संमुखीभाव,संमुखीभाव,-12.2493,3,contains_special_A
22988,▁किञ्चिन्,किञ्चिन्,-12.2496,2,ends_with_virama
22991,ूदक,ूदक,-12.2502,1,starts_with_dependent_vowel
22995,▁उपसंहरति,उपसंहरति,-12.2506,2,contains_special_A
23000,ात्प्रतिविरत,ात्प्रतिविरत,-12.2509,3,starts_with_dependent_vowel
23013,सक्तेर्,सक्तेर्,-12.2533,1,ends_with_virama
23014,▁पुरुषदम्यसारथिः,पुरुषदम्यसारथिः,-12.2541,4,contains_special_A
23015,▁भूर्भुवः,भूर्भुवः,-12.2541,2,contains_special_A
23025,▁सप्तत्रिंस,सप्तत्रिंस,-12.2548,1,contains_special_A
23026,▁प्राविसत्,प्राविसत्,-12.2548,2,ends_with_virama
23038,ोक्तरीत्या,ोक्तरीत्या,-12.2566,3,starts_with_dependent_vowel
23039,बृहद्,बृहद्,-12.2572,1,ends_with_virama
23042,िन्दीवर,िन्दीवर,-12.2576,2,starts_with_dependent_vowel
23044,ुपमानोपमेय,ुपमानोपमेय,-12.2576,4,starts_with_dependent_vowel
23045,यानसंप्रस्थित,यानसंप्रस्थित,-12.2576,2,contains_special_A
23053,जगन्,जगन्,-12.2587,0,ends_with_virama
23054,न्मुहुः,न्मुहुः,-12.2589,2,contains_special_A
23056,ैन्द्रियक,ैन्द्रियक,-12.2589,2,starts_with_dependent_vowel
23063,िष्णू,िष्णू,-12.2595,2,starts_with_dependent_vowel
23065,ेद्देवि,ेद्देवि,-12.2597,3,starts_with_dependent_vowel
23074,▁विद्याचरणसंपन्न,विद्याचरणसंपन्न,-12.2611,2,contains_special_A
23077,▁यत्पुण्यं,यत्पुण्यं,-12.2613,1,contains_special_A
23085,ोच्यमान,ोच्यमान,-12.2623,2,starts_with_dependent_vowel
23094,रूपधृक्,रूपधृक्,-12.2635,2,ends_with_virama
23097,भिसंधाय,भिसंधाय,-12.2644,2,contains_special_A
23100,▁सीतांसु,सीतांसु,-12.2646,3,contains_special_A
23102,चारिणाम्,चारिणाम्,-12.2646,3,ends_with_virama
23106,ास्चत्वारः,ास्चत्वारः,-12.2652,2,starts_with_dependent_vowel;contains_special_A
23108,ाप्त्यै,ाप्त्यै,-12.2653,2,starts_with_dependent_vowel
23110,हुंकार,हुंकार,-12.2659,2,contains_special_A
23111,मुहुर्,मुहुर्,-12.2659,2,ends_with_virama
23115,▁रवेः,रवेः,-12.2662,1,contains_special_A
23129,▁दौर्,दौर्,-12.2687,1,ends_with_virama
23132,ारभते,ारभते,-12.2693,2,starts_with_dependent_vowel
23136,▁स्फुरद्,स्फुरद्,-12.2695,1,ends_with_virama
23139,▁निःसङ्ग,निःसङ्ग,-12.27,1,contains_special_A
23141,ुपसंहृत,ुपसंहृत,-12.2704,2,starts_with_dependent_vowel;contains_special_A
23145,ांस्त्रीन्,ांस्त्रीन्,-12.271,2,starts_with_dependent_vowel;contains_special_A;ends_with_virama
23148,▁पुंवद्भाव,पुंवद्भाव,-12.2717,2,contains_special_A
23158,संत्रस्त,संत्रस्त,-12.2725,0,contains_special_A
23161,ोपसेव,ोपसेव,-12.2727,2,starts_with_dependent_vowel
23163,दर्सिभिः,दर्सिभिः,-12.273,2,contains_special_A
23172,ायुष्क,ायुष्क,-12.2751,2,starts_with_dependent_vowel
23177,▁धातूनां,धातूनां,-12.2755,3,contains_special_A
23182,▁पत्युः,पत्युः,-12.2761,1,contains_special_A
23183,▁वसूनां,वसूनां,-12.2762,2,contains_special_A
23190,▁परित्यजेत्,परित्यजेत्,-12.2769,2,ends_with_virama
23195,▁संघावसेष,संघावसेष,-12.2777,2,contains_special_A
23199,पुमान्,पुमान्,-12.2785,2,ends_with_virama
23200,प्रस्तुतप्रसंसा,प्रस्तुतप्रसंसा,-12.2787,2,contains_special_A
23204,▁निःस्पृह,निःस्पृह,-12.2791,2,contains_special_A
23212,▁प्रविसेत्,प्रविसेत्,-12.2814,2,ends_with_virama
23213,▁यद्भवेत्,यद्भवेत्,-12.2816,1,ends_with_virama
23224,ानुपूर्व्या,ानुपूर्व्या,-12.2831,4,starts_with_dependent_vowel
23242,▁कस्मिंस्चित्,कस्मिंस्चित्,-12.2858,2,contains_special_A;ends_with_virama
23252,▁स्विद्,स्विद्,-12.2863,1,ends_with_virama
23256,स्तूष्णीं,स्तूष्णीं,-12.2866,2,contains_special_A
23258,ाणीत्य,ाणीत्य,-12.2872,2,starts_with_dependent_vowel
23264,▁पूरयेत्,पूरयेत्,-12.2882,2,ends_with_virama
23278,▁प्रतिदिनं,प्रतिदिनं,-12.2897,2,contains_special_A
23286,▁कहिं,कहिं,-12.2906,1,contains_special_A
23288,धिभूतं,धिभूतं,-12.2911,2,contains_special_A
23292,ानुपयोग,ानुपयोग,-12.2919,3,starts_with_dependent_vowel
23296,ग्निसंयोग,ग्निसंयोग,-12.2929,2,contains_special_A
23298,▁भाषितमभ्यनन्दन्,भाषितमभ्यनन्दन्,-12.293,2,ends_with_virama
23305,निःस्रेयस,निःस्रेयस,-12.2937,2,contains_special_A
23308,ोपमर्द,ोपमर्द,-12.294,1,starts_with_dependent_vowel
23310,ादेस्त,ादेस्त,-12.2941,2,starts_with_dependent_vowel
23312,▁स्थानिवत्,स्थानिवत्,-12.2947,2,ends_with_virama
23314,नभः,नभः,-12.2953,0,contains_special_A
23316,▁मध्यंदिन,मध्यंदिन,-12.2957,1,contains_special_A
23317,ाखु,ाखु,-12.2958,2,starts_with_dependent_vowel
23322,ाग्नयः,ाग्नयः,-12.2962,1,starts_with_dependent_vowel;contains_special_A
23325,▁कञ्चित्,कञ्चित्,-12.2966,1,ends_with_virama
23328,संबन्धिन,संबन्धिन,-12.2967,1,contains_special_A
23329,मितौजसः,मितौजसः,-12.2968,2,contains_special_A
23334,▁चतुर्दस्यां,चतुर्दस्यां,-12.2982,2,contains_special_A
23335,ोच्यन्ते,ोच्यन्ते,-12.2984,2,starts_with_dependent_vowel
23338,वणिक्,वणिक्,-12.2988,1,ends_with_virama
23339,ोपस्कर,ोपस्कर,-12.2989,1,starts_with_dependent_vowel
23347,▁विद्वत्,विद्वत्,-12.2997,1,ends_with_virama
23348,ातुर्महाराजकायिक,ातुर्महाराजकायिक,-12.3002,6,starts_with_dependent_vowel
23351,▁नमोनमः,नमोनमः,-12.3002,1,contains_special_A
23354,▁भिषग्,भिषग्,-12.3003,1,ends_with_virama
23355,▁समनुज्ञः,समनुज्ञः,-12.3003,1,contains_special_A
23356,स्त्रयस्त्रिंस,स्त्रयस्त्रिंस,-12.3003,1,contains_special_A
23357,▁व्याख्यास्यामः,व्याख्यास्यामः,-12.3003,3,contains_special_A
23358,नुष्टुप्,नुष्टुप्,-12.3009,2,ends_with_virama
23359,▁पाणिभ्यां,पाणिभ्यां,-12.3013,3,contains_special_A
23361,ालयविज्ञान,ालयविज्ञान,-12.3017,3,starts_with_dependent_vowel
23365,▁कानिचित्,कानिचित्,-12.3024,3,ends_with_virama
23373,ौपयिक,ौपयिक,-12.304,2,starts_with_dependent_vowel
23376,▁इत्येवमादयः,इत्येवमादयः,-12.3048,3,contains_special_A
23378,ुपपत्तौ,ुपपत्तौ,-12.305,2,starts_with_dependent_vowel
23379,ेषूपपद्यते,ेषूपपद्यते,-12.3051,3,starts_with_dependent_vowel
23385,मुत्तमाम्,मुत्तमाम्,-12.3061,2,ends_with_virama
23386,वलोकयन्,वलोकयन्,-12.3063,1,ends_with_virama
23395,▁लोकविदनुत्तरः,लोकविदनुत्तरः,-12.3075,3,contains_special_A
23398,ेऽप्युक्त,ेऽप्युक्त,-12.3077,2,starts_with_dependent_vowel;contains_special_A
23401,संकुचित,संकुचित,-12.308,2,contains_special_A
23403,र्चिर्,र्चिर्,-12.3089,1,ends_with_virama
23409,▁सनैस्,सनैस्,-12.3104,1,ends_with_virama
23415,▁संविग्न,संविग्न,-12.3113,1,contains_special_A
23418,स्तुभ्यं,स्तुभ्यं,-12.3115,1,contains_special_A
23425,▁ध्वनेः,ध्वनेः,-12.3127,1,contains_special_A
23426,▁संनिध,संनिध,-12.3132,1,contains_special_A
23433,ोदुम्बर,ोदुम्बर,-12.3149,2,starts_with_dependent_vowel
23442,ुपलब्धितामुपादाय,ुपलब्धितामुपादाय,-12.3161,6,starts_with_dependent_vowel
23444,ुत्कट,ुत्कट,-12.3166,1,starts_with_dependent_vowel
23447,ुपजायते,ुपजायते,-12.3168,3,starts_with_dependent_vowel
23448,ोच्छ्रय,ोच्छ्रय,-12.317,1,starts_with_dependent_vowel
23450,येद्बुधः,येद्बुधः,-12.3172,2,contains_special_A
23451,▁जाग्रद्,जाग्रद्,-12.3173,1,ends_with_virama
23454,ाटोप,ाटोप,-12.3186,2,starts_with_dependent_vowel
23457,▁युष्माभिः,युष्माभिः,-12.3188,3,contains_special_A
23460,जातीनां,जातीनां,-12.3192,3,contains_special_A
23462,▁प्राद्रवन्,प्राद्रवन्,-12.3192,1,ends_with_virama
23469,ेक्षेत,ेक्षेत,-12.3211,2,starts_with_dependent_vowel
23474,▁विचिन्तयेत्,विचिन्तयेत्,-12.3222,3,ends_with_virama
23483,▁व्यजिज्ञपत्,व्यजिज्ञपत्,-12.3225,1,ends_with_virama
23490,▁भवेयुर्,भवेयुर्,-12.3246,2,ends_with_virama
23497,▁परपुरंजय,परपुरंजय,-12.3259,1,contains_special_A
23500,▁यदप्युक्तं,यदप्युक्तं,-12.326,1,contains_special_A
23502,ोत्थापन,ोत्थापन,-12.3263,2,starts_with_dependent_vowel
23503,▁निष्कृतिः,निष्कृतिः,-12.3264,3,contains_special_A
23507,ावलम्बिन,ावलम्बिन,-12.327,2,starts_with_dependent_vowel
23510,▁कांस्चिद,कांस्चिद,-12.3273,2,contains_special_A
23511,ैन्द्रिय,ैन्द्रिय,-12.3273,2,starts_with_dependent_vowel
23512,▁यस्मादेवं,यस्मादेवं,-12.3276,2,contains_special_A
23516,विहंग,विहंग,-12.3286,1,contains_special_A
23517,ऽएत,ऽएत,-12.3287,1,contains_special_A
23525,▁द्विजातीनां,द्विजातीनां,-12.3299,4,contains_special_A
23529,ानुपपत्त्या,ानुपपत्त्या,-12.3306,3,starts_with_dependent_vowel
23530,▁नचैवं,नचैवं,-12.331,1,contains_special_A
23532,ावच्छेदेन,ावच्छेदेन,-12.3311,3,starts_with_dependent_vowel
23541,ायुष्मान्सुभूतिर,ायुष्मान्सुभूतिर,-12.3332,6,starts_with_dependent_vowel
23542,ुपेक्षित,ुपेक्षित,-12.3332,3,starts_with_dependent_vowel
23548,माह्निकम्,माह्निकम्,-12.334,2,ends_with_virama
23549,रासयः,रासयः,-12.3344,1,contains_special_A
23550,ेतदुक्तं,ेतदुक्तं,-12.3345,2,starts_with_dependent_vowel;contains_special_A
23554,ोपलब्धेः,ोपलब्धेः,-12.335,2,starts_with_dependent_vowel;contains_special_A
23555,▁ततस्तस्मिन्,ततस्तस्मिन्,-12.3351,1,ends_with_virama
23557,▁कियद्,कियद्,-12.3352,1,ends_with_virama
23560,▁संभवतीत्य,संभवतीत्य,-12.3353,1,contains_special_A
23562,ैर्घोरै,ैर्घोरै,-12.3359,3,starts_with_dependent_vowel
23566,ास्तथापरे,ास्तथापरे,-12.3367,3,starts_with_dependent_vowel
23575,ैतेषां,ैतेषां,-12.3376,3,starts_with_dependent_vowel;contains_special_A
23576,▁इवापरः,इवापरः,-12.3377,2,contains_special_A
23580,ायतेक्षण,ायतेक्षण,-12.3382,2,starts_with_dependent_vowel
23581,ुच्छ्वास,ुच्छ्वास,-12.3383,2,starts_with_dependent_vowel
23588,ोच्येत,ोच्येत,-12.3394,2,starts_with_dependent_vowel
23589,ारभन्ते,ारभन्ते,-12.3394,2,starts_with_dependent_vowel
23596,ुदीर्य,ुदीर्य,-12.3399,2,starts_with_dependent_vowel
23598,▁रुग्,रुग्,-12.34,1,ends_with_virama
23600,ोलूखल,ोलूखल,-12.341,2,starts_with_dependent_vowel
23602,▁पूर्ववद्यावत्,पूर्ववद्यावत्,-12.341,2,ends_with_virama
23603,ुपसान्त,ुपसान्त,-12.3412,2,starts_with_dependent_vowel
23604,ात्प्रमुच्यते,ात्प्रमुच्यते,-12.3414,3,starts_with_dependent_vowel
23615,▁उपसंपाद,उपसंपाद,-12.3432,2,contains_special_A
23620,▁कृण्वन्,कृण्वन्,-12.3443,1,ends_with_virama
23623,▁पाचत्तिकं,पाचत्तिकं,-12.3447,2,contains_special_A
23635,▁साधयितुं,साधयितुं,-12.3461,3,contains_special_A
23636,संप्रमोष,संप्रमोष,-12.3464,1,contains_special_A
23638,▁पर्षत्,पर्षत्,-12.3466,0,ends_with_virama
23643,निःसरण,निःसरण,-12.348,1,contains_special_A
23646,▁सर्वदेहिनाम्,सर्वदेहिनाम्,-12.3485,3,ends_with_virama
23649,ास्तिष्ठन्ति,ास्तिष्ठन्ति,-12.3491,3,starts_with_dependent_vowel
23650,ादेरिव,ादेरिव,-12.3491,3,starts_with_dependent_vowel
23656,सम्यक्प्रहाणर्,सम्यक्प्रहाणर्,-12.3498,1,ends_with_virama
23662,यिष्यन्,यिष्यन्,-12.3516,1,ends_with_virama
23664,द्विसततमोऽध्यायः,द्विसततमोऽध्यायः,-12.3524,3,contains_special_A
23665,▁प्रचोदयात्,प्रचोदयात्,-12.3524,2,ends_with_virama
23667,माहात्म्यवर्णनं,माहात्म्यवर्णनं,-12.3524,2,contains_special_A
23669,ान्गुणान्,ान्गुणान्,-12.3526,3,starts_with_dependent_vowel;ends_with_virama
23673,▁भूयांस,भूयांस,-12.353,2,contains_special_A
23676,ुत्तरसततम,ुत्तरसततम,-12.3533,1,starts_with_dependent_vowel
23686,हविर्,हविर्,-12.3552,1,ends_with_virama
23687,▁कुतस्चित्,कुतस्चित्,-12.3553,2,ends_with_virama
23691,दुःखार्त,दुःखार्त,-12.356,2,contains_special_A
23692,ुल्का,ुल्का,-12.3561,2,starts_with_dependent_vowel
23698,ैवायं,ैवायं,-12.3568,2,starts_with_dependent_vowel;contains_special_A
23704,तिष्ठेद्,तिष्ठेद्,-12.3578,2,ends_with_virama
23707,ोत्पत्तेर,ोत्पत्तेर,-12.3582,2,starts_with_dependent_vowel
23712,▁संसयहेतु,संसयहेतु,-12.3599,2,contains_special_A
23715,▁गंभीर,गंभीर,-12.3601,1,contains_special_A
23716,कण्ठविरचितायां,कण्ठविरचितायां,-12.3601,4,contains_special_A
23717,ापहरण,ापहरण,-12.3603,1,starts_with_dependent_vowel
23720,ैस्चान्यै,ैस्चान्यै,-12.3606,3,starts_with_dependent_vowel
23723,ऽब्रुवन्,ऽब्रुवन्,-12.3616,1,contains_special_A;ends_with_virama
23737,▁सर्वमाख्यातं,सर्वमाख्यातं,-12.3641,2,contains_special_A
23739,ीक्षितुम्,ीक्षितुम्,-12.3644,3,starts_with_dependent_vowel;ends_with_virama
23741,ानुपपत्तेर्,ानुपपत्तेर्,-12.365,3,starts_with_dependent_vowel;ends_with_virama
23742,▁गच्छेन्,गच्छेन्,-12.3654,1,ends_with_virama
23744,ुद्गात,ुद्गात,-12.3658,2,starts_with_dependent_vowel
23752,धुन्वन्,धुन्वन्,-12.367,1,ends_with_virama
23753,▁प्राहिणोत्,प्राहिणोत्,-12.3671,3,ends_with_virama
23755,धिकसततमोऽध्यायः,धिकसततमोऽध्यायः,-12.3678,3,contains_special_A
23757,▁महात्मभिः,महात्मभिः,-12.3678,2,contains_special_A
23760,ेवैतदाह,ेवैतदाह,-12.369,3,starts_with_dependent_vowel
23762,लिखेत्,लिखेत्,-12.3691,2,ends_with_virama
23763,मालिखेत्,मालिखेत्,-12.3692,3,ends_with_virama
23764,ेरन्निति,ेरन्निति,-12.3692,3,starts_with_dependent_vowel
23765,ेऽध्याये,ेऽध्याये,-12.3692,3,starts_with_dependent_vowel;contains_special_A
23766,ुच्यताम्,ुच्यताम्,-12.3693,2,starts_with_dependent_vowel;ends_with_virama
23771,पसंक्रम्य,पसंक्रम्य,-12.3698,0,contains_special_A
23772,संपादित,संपादित,-12.37,2,contains_special_A
23780,▁सम्यक्संबोधेः,सम्यक्संबोधेः,-12.3717,2,contains_special_A
23786,ोदाहर,ोदाहर,-12.3725,2,starts_with_dependent_vowel
23791,▁यत्किंचिद्,यत्किंचिद्,-12.3732,2,contains_special_A;ends_with_virama
23793,ोपपत्तेस्च,ोपपत्तेस्च,-12.3736,2,starts_with_dependent_vowel
23802,ेयुस्च,ेयुस्च,-12.3756,2,starts_with_dependent_vowel
23803,▁नैतदेवम्,नैतदेवम्,-12.3759,2,ends_with_virama
23805,ुच्छ्वस,ुच्छ्वस,-12.3759,1,starts_with_dependent_vowel
23809,मुपास्रितः,मुपास्रितः,-12.3761,3,contains_special_A
23812,रव्ययः,रव्ययः,-12.3765,0,contains_special_A
23813,ैरनेकै,ैरनेकै,-12.3768,3,starts_with_dependent_vowel
23816,ुपपादन,ुपपादन,-12.377,2,starts_with_dependent_vowel
23819,प्राप्नुवन्,प्राप्नुवन्,-12.3778,2,ends_with_virama
23822,चत्वारिंसद्,चत्वारिंसद्,-12.3789,2,contains_special_A;ends_with_virama
23827,▁कदनं,कदनं,-12.3802,0,contains_special_A
23832,▁पतंग,पतंग,-12.3813,0,contains_special_A
23839,▁संसयजाताः,संसयजाताः,-12.3835,2,contains_special_A
23841,ुन्मुख,ुन्मुख,-12.3835,2,starts_with_dependent_vowel
23842,ुदीची,ुदीची,-12.3836,3,starts_with_dependent_vowel
23845,वित्तमः,वित्तमः,-12.3845,1,contains_special_A
23848,निःस्वभाव,निःस्वभाव,-12.3852,2,contains_special_A
23856,▁ऽआत्म,ऽआत्म,-12.3866,1,contains_special_A
23857,संस्कृतसून्यता,संस्कृतसून्यता,-12.3867,3,contains_special_A
23882,ुच्चरन्,ुच्चरन्,-12.3909,1,starts_with_dependent_vowel;ends_with_virama
23883,िसुद्धितामुपादाय,िसुद्धितामुपादाय,-12.3911,7,starts_with_dependent_vowel
23886,तदद्भुतमिवाभवत्,तदद्भुतमिवाभवत्,-12.3914,3,ends_with_virama
23889,▁भ्रातॄणां,भ्रातॄणां,-12.3914,3,contains_special_A
23890,ौपचारिक,ौपचारिक,-12.3915,3,starts_with_dependent_vowel
23893,ानीमानि,ानीमानि,-12.3918,4,starts_with_dependent_vowel
23895,पेक्षणात्,पेक्षणात्,-12.3921,2,ends_with_virama
23896,▁सवितुर्,सवितुर्,-12.3922,2,ends_with_virama
23902,▁प्रससंस,प्रससंस,-12.3929,0,contains_special_A
23907,संसयच्छेत्तारं,संसयच्छेत्तारं,-12.3953,2,contains_special_A
23908,ौदासीन्य,ौदासीन्य,-12.3953,3,starts_with_dependent_vowel
23909,▁स्वर्गगामिनः,स्वर्गगामिनः,-12.3954,2,contains_special_A
23910,▁लोकपितामहः,लोकपितामहः,-12.3954,3,contains_special_A
23915,ीक्षेत,ीक्षेत,-12.3975,2,starts_with_dependent_vowel
23918,िङ्गित,िङ्गित,-12.3982,2,starts_with_dependent_vowel
23920,▁रात्रिंदिव,रात्रिंदिव,-12.3989,3,contains_special_A
23930,▁धमेत्,धमेत्,-12.4008,1,ends_with_virama
23933,ारभेत,ारभेत,-12.4009,2,starts_with_dependent_vowel
23935,ास्रवक्षय,ास्रवक्षय,-12.4011,1,starts_with_dependent_vowel
23936,नासंज्ञासंस्कारा,नासंज्ञासंस्कारा,-12.4015,4,contains_special_A
23939,ुद्धरण,ुद्धरण,-12.4021,1,starts_with_dependent_vowel
23940,सांख्य,सांख्य,-12.4027,1,contains_special_A
23941,ावूचतु,ावूचतु,-12.403,3,starts_with_dependent_vowel
23943,सिद्धितन्त्रं,सिद्धितन्त्रं,-12.4034,2,contains_special_A
23945,ार्धधातुक,ार्धधातुक,-12.4036,3,starts_with_dependent_vowel
23950,ोचुर,ोचुर,-12.4045,2,starts_with_dependent_vowel
23953,▁प्रादाद्,प्रादाद्,-12.4053,2,ends_with_virama
23956,िष्याम्यहं,िष्याम्यहं,-12.4066,2,starts_with_dependent_vowel;contains_special_A
23964,▁दद्युः,दद्युः,-12.4074,1,contains_special_A
23965,▁महामुनिम्,महामुनिम्,-12.4075,3,ends_with_virama
23967,ोपायकौसल्य,ोपायकौसल्य,-12.4076,3,starts_with_dependent_vowel
23971,च्चरेत्,च्चरेत्,-12.4087,1,ends_with_virama
23974,ोद्घात,ोद्घात,-12.4091,2,starts_with_dependent_vowel
23987,▁गंगा,गंगा,-12.4108,1,contains_special_A
23988,ॢ,ॢ,-12.5417,1,starts_with_dependent_vowel
23993,ळ,ळ,-13.958,0,simple_cv
23997,ॣ,ॣ,-14.2681,1,starts_with_dependent_vowel
24000,ॐ,ॐ,-16.9902,0,contains_special_A
