source,source_path,relative_path,canonical_path,canonical_script,document_id,layer,split,char_count,line_count,segment_count,has_accent,has_unknown_chars,source_hash,canonical_hash,byte_count,freeze_id,freeze_input_path
gretil,data/raw/gretil/1_veda/2_bra/gopbra_u.htm,1_veda/2_bra/gopbra_u.htm,data/canonical/gretil_iast/1_veda/2_bra/gopbra_u.txt,iast,doc_623716e476beb6213d79c809,veda,train,241482,10487,5244,false,false,9226c60d019eb37ef306337cfec3ab31612a3b35b3c9ddc602936dfef03928d0,9e447b00d2e742c7c52e72c58901e35b2ecb4a18959c2cffd7c491ebe87894f9,289618,368731bdd1ce7db98d16341648dc4542a71617befdcebb88b675f7fb380c981c,1_veda/2_bra/gopbra_u.txt
gretil,data/raw/gretil/1_veda/2_bra/kausibru.htm,1_veda/2_bra/kausibru.htm,data/canonical/gretil_iast/1_veda/2_bra/kausibru.txt,iast,doc_7f11858eca93c5029fc54fe6,veda,train,340997,13833,6917,false,false,a4007280eaf571f0b9e41900f53a4cb10db905301f582675932fd0ecccd97d0b,be2f79cb168bcac05183c578ca8c69d94c27e7aa05eb2310c172880311ea27af,391445,368731bdd1ce7db98d16341648dc4542a71617befdcebb88b675f7fb380c981c,1_veda/2_bra/kausibru.txt
gretil,data/raw/gretil/1_veda/2_bra/pncvbr1u.htm,1_veda/2_bra/pncvbr1u.htm,data/canonical/gretil_iast/1_veda/2_bra/pncvbr1u.txt,iast,doc_ebc948235a1b7620f48b2187,veda,dev,332187,7123,3562,false,false,5baa2cb6c980efa44bb4dd48e56bceb085f5c595619f65a9315dfd3cb2b4adff,9857e0373b27fa8611a182f94ee563ab139d5b55cddccb764cf7512d3eb5e49f,397706,368731bdd1ce7db98d16341648dc4542a71617befdcebb88b675f7fb380c981c,1_veda/2_bra/pncvbr1u.txt
gretil,data/raw/gretil/1_veda/2_bra/pncvbr2u.htm,1_veda/2_bra/pncvbr2u.htm,data/canonical/gretil_iast/1_veda/2_bra/pncvbr2u.txt,iast,doc_2696004a81193cc08a7b2e5e,veda,train,335411,7123,3562,false,false,43b1a9b55653a798ba2662bc8ab4c91d6e8538299ff410f0f031a6a9c152ca6c,97b5341bbbf9430d50c0568e8fcb73f73c4dc8e85a70ae1e1566af505737926f,397716,368731bdd1ce7db98d16341648dc4542a71617befdcebb88b675f7fb380c981c,1_veda/2_bra/pncvbr2u.txt
gretil,data/raw/gretil/1_veda/2_bra/satapath/sb_01_u.htm,1_veda/2_bra/satapath/sb_01_u.htm,data/canonical/gretil_iast/1_veda/2_bra/satapath/sb_01_u.txt,iast,doc_c87200f346d91442580e7fd2,veda,test,167245,5145,2555,false,false,f7b8223849f011596b68767489e47b82cf15dcc8c98756d4c40506a522c9dc8b,ed57d1b99cc9681c907e7f564ebd173128cc397a839e675ac95340e557e4d0a6,198142,368731bdd1ce7db98d16341648dc4542a71617befdcebb88b675f7fb380c981c,1_veda/2_bra/satapath/sb_01_u.txt
gretil,data/raw/gretil/1_veda/2_bra/satapath/sb_02_u.htm,1_veda/2_bra/satapath/sb_02_u.htm,data/canonical/gretil_iast/1_veda/2_bra/satapath/sb_02_u.txt,iast,doc_58452b0787b62b8ef27e6e73,veda,train,117124,3583,1768,false,false,e64f59c09eea8ce5a508582774be43540fbeae6d19cb99b255cf0ce01777d373,6e21efad48b15b31e72d2270b85df9d49472398050f16e2b9abd23d329452aec,137884,368731bdd1ce7db98d16341648dc4542a71617befdcebb88b675f7fb380c981c,1_veda/2_bra/satapath/sb_02_u.txt
gretil,data/raw/gretil/1_veda/2_bra/satapath/sb_03_u.htm,1_veda/2_bra/satapath/sb_03_u.htm,data/canonical/gretil_iast/1_veda/2_bra/satapath/sb_03_u.txt,iast,doc_91b57c5090e35838b6b3e0e4,veda,dev,173923,5335,2632,false,false,287936df0f2d2ddff0741dc5d953751d1a992643d76bfcfc9d2e17358b12c460,2e6ed4a6d61ee0f2db6f094ba94800455ddf719b54df75b88ee9922b742dc823,206359,368731bdd1ce7db98d16341648dc4542a71617befdcebb88b675f7fb380c981c,1_veda/2_bra/satapath/sb_03_u.txt
gretil,data/raw/gretil/1_veda/2_bra/satapath/sb_04_u.htm,1_veda/2_bra/satapath/sb_04_u.htm,data/canonical/gretil_iast/1_veda/2_bra/satapath/sb_04_u.txt,iast,doc_2be734e31b7165fde38a8272,veda,train,136141,4129,2065,false,false,589d4067984d6b43d4af9c57876a1efc03a03fa5e360cf6873d4ccd8de5952ad,a21c96b439976700e504c4f2e595f0a0d4c2b3fa5c33388d3eaa4e0ad980b411,162557,368731bdd1ce7db98d16341648dc4542a71617befdcebb88b675f7fb380c981c,1_veda/2_bra/satapath/sb_04_u.txt
gretil,data/raw/gretil/1_veda/2_bra/satapath/sb_05_u.htm,1_veda/2_bra/satapath/sb_05_u.htm,data/canonical/gretil_iast/1_veda/2_bra/satapath/sb_05_u.txt,iast,doc_4d968c1f99cec1a666ec6905,veda,train,102932,3067,1534,false,false,acba4da46f1f1ce253eee3dfd03af33df44c7ac282b8dc62d8c1555f5f8e52d1,856f7aa2dc044aec30a3ea4678d97470c3df203b49829b0a4b225ba328e89b11,122404,368731bdd1ce7db98d16341648dc4542a71617befdcebb88b675f7fb380c981c,1_veda/2_bra/satapath/sb_05_u.txt
gretil,data/raw/gretil/1_veda/2_bra/satapath/sb_06_u.htm,1_veda/2_bra/satapath/sb_06_u.htm,data/canonical/gretil_iast/1_veda/2_bra/satapath/sb_06_u.txt,iast,doc_2532a391329da60452ba70b0,veda,train,121622,3631,1816,false,false,a9af8b520311f0b42ba9aca28f4ff06c26f0d97542e9002389ce737039293971,143b4ac6592b6f42545624ce18a208376ca43e5750df464d4c3fd34e850b6baa,143957,368731bdd1ce7db98d16341648dc4542a71617befdcebb88b675f7fb380c981c,1_veda/2_bra/satapath/sb_06_u.txt
gretil,data/raw/gretil/1_veda/2_bra/satapath/sb_07_u.htm,1_veda/2_bra/satapath/sb_07_u.htm,data/canonical/gretil_iast/1_veda/2_bra/satapath/sb_07_u.txt,iast,doc_87077a8774b362e320b90eae,veda,train,94656,2833,1417,false,false,7160e2412d76378f10949f821bfc3a038c9fd8f0d2ea14211609c349d2039d0e,81b93633f376087973e17e7d69fef7960af6e1e7ffe85230fc03b628dcb65346,112654,368731bdd1ce7db98d16341648dc4542a71617befdcebb88b675f7fb380c981c,1_veda/2_bra/satapath/sb_07_u.txt
gretil,data/raw/gretil/1_veda/2_bra/satapath/sb_08_u.htm,1_veda/2_bra/satapath/sb_08_u.htm,data/canonical/gretil_iast/1_veda/2_bra/satapath/sb_08_u.txt,iast,doc_daa75449163bd902e9db0f06,veda,train,107343,3183,1592,false,false,61b5986d871022e4748b272d71e62f475ff39bde4bf744963779768550d2b673,c2599d665cbef112180ca387d6c4d47980a896a34112ab429a0a238aec9eb276,128499,368731bdd1ce7db98d16341648dc4542a71617befdcebb88b675f7fb380c981c,1_veda/2_bra/satapath/sb_08_u.txt
gretil,data/raw/gretil/1_veda/2_bra/satapath/sb_09_u.htm,1_veda/2_bra/satapath/sb_09_u.htm,data/canonical/gretil_iast/1_veda/2_bra/satapath/sb_09_u.txt,iast,doc_cbea56af007c43a96b392ce4,veda,train,90609,2699,1350,false,false,cd846380bd731d439cee6a8658cb9b99dce885bf33a05b75f2c88714f51b4082,2151c83a5521e688981bace75dfe9727b0f24ced954b47453c039f0c44b31ab3,107394,368731bdd1ce7db98d16341648dc4542a71617befdcebb88b675f7fb380c981c,1_veda/2_bra/satapath/sb_09_u.txt
gretil,data/raw/gretil/1_veda/2_bra/satapath/sb_10_u.htm,1_veda/2_bra/satapath/sb_10_u.htm,data/canonical/gretil_iast/1_veda/2_bra/satapath/sb_10_u.txt,iast,doc_7bc976bb4e72d3069671d417,veda,train,85580,2581,1291,false,false,c829d1806ba8bde4f1cd9f90edda757dd7235dcb052c05747817f85e98531b8a,38e738df7b77522aa0c2584b4c0bb413083fd35c0474559610538d26a7922741,102863,368731bdd1ce7db98d16341648dc4542a71617befdcebb88b675f7fb380c981c,1_veda/2_bra/satapath/sb_10_u.txt
gretil,data/raw/gretil/1_veda/2_bra/satapath/sb_11_u.htm,1_veda/2_bra/satapath/sb_11_u.htm,data/canonical/gretil_iast/1_veda/2_bra/satapath/sb_11_u.txt,iast,doc_676d2903ac9451a5f1634600,veda,test,91506,2813,1407,false,false,684721a785e01b2082ec8918551cf8abcead94b5202effcada1a7f737507e208,e91c12c8932ce833c862f56b3a7b2eed898261fc5c1f1887a521c5678ce5e2d8,109549,368731bdd1ce7db98d16341648dc4542a71617befdcebb88b675f7fb380c981c,1_veda/2_bra/satapath/sb_11_u.txt
gretil,data/raw/gretil/1_veda/2_bra/satapath/sb_13_u.htm,1_veda/2_bra/satapath/sb_13_u.htm,data/canonical/gretil_iast/1_veda/2_bra/satapath/sb_13_u.txt,iast,doc_69e63c2bce748c85f66d70dd,veda,dev,88976,2717,1359,false,false,a613d12fff3a2bbab65fe8705daf81d7f784167fee50dec83e03a7639259ff2b,84a37b7cfaa5e43e694ff157a84741221edddb060130ee1df61fced1677c5399,106271,368731bdd1ce7db98d16341648dc4542a71617befdcebb88b675f7fb380c981c,1_veda/2_bra/satapath/sb_13_u.txt
gretil,data/raw/gretil/1_veda/2_bra/satapath/sb_14_u.htm,1_veda/2_bra/satapath/sb_14_u.htm,data/canonical/gretil_iast/1_veda/2_bra/satapath/sb_14_u.txt,iast,doc_f95bd5988b13b6ffeb08b0b9,veda,train,155964,4925,2440,false,false,4d3d186da192c291ce59f15ac96dad7f0f25595094581b268d1b09d6544ee8ef,d120fe51f67575b7509255240d7b630dcacf96b104fd85871903b08a2e10dcbc,185652,368731bdd1ce7db98d16341648dc4542a71617befdcebb88b675f7fb380c981c,1_veda/2_bra/satapath/sb_14_u.txt
gretil,data/raw/gretil/1_veda/3_ara/sankharu.htm,1_veda/3_ara/sankharu.htm,data/canonical/gretil_iast/1_veda/3_ara/sankharu.txt,iast,doc_625f9e58a1b0a51d2b4cfafa,veda,test,85130,645,335,false,false,c5471fa5e742ebe0acef12b3935a35bdfe8c0dab07decdcdddc186834111bc30,76b847b671b5bde273d64ee2bf27fc82afb018d43331be5d7e77756940100c2b,102706,368731bdd1ce7db98d16341648dc4542a71617befdcebb88b675f7fb380c981c,1_veda/3_ara/sankharu.txt
gretil,data/raw/gretil/1_veda/4_upa/aitup__u.htm,1_veda/4_upa/aitup__u.htm,data/canonical/gretil_iast/1_veda/4_upa/aitup__u.txt,iast,doc_08e8b4434a3844cd538cebfd,veda,train,5714,285,143,false,false,03a6f8a29fb6726b71fa0d4a53fbcb9f73b9bf70661da18653e72fa7e5c0fe3b,5c9e4840f8f112ea34b3dc99968e11faf3bb2287d4d9986cae3f3e692a7dc186,6806,368731bdd1ce7db98d16341648dc4542a71617befdcebb88b675f7fb380c981c,1_veda/4_upa/aitup__u.txt
gretil,data/raw/gretil/1_veda/4_upa/brup___u.htm,1_veda/4_upa/brup___u.htm,data/canonical/gretil_iast/1_veda/4_upa/brup___u.txt,iast,doc_aff2a47d3d1504d4fc469b5b,veda,train,123422,5435,2718,false,false,0b860c0fdf3b73b7b479dc42a60c829630c95f2ad4cf0e17891929f3050965fa,08a63e53754e04b026b1928a48d0dee5089d81dc613b37663fdae456d998b35b,146448,368731bdd1ce7db98d16341648dc4542a71617befdcebb88b675f7fb380c981c,1_veda/4_upa/brup___u.txt
gretil,data/raw/gretil/1_veda/4_upa/chup___u.htm,1_veda/4_upa/chup___u.htm,data/canonical/gretil_iast/1_veda/4_upa/chup___u.txt,iast,doc_6d6356467963bad5aee63474,veda,train,105612,5019,2510,false,false,dfa72268d05eb2908694a51750ba35281a5858be2d3a51a8e0d94ad35a51c9c3,b829d6a5eb0f5030be61426a7e64c9eaa42dd8ff8ac156c1db93572f22d4a6f2,124519,368731bdd1ce7db98d16341648dc4542a71617befdcebb88b675f7fb380c981c,1_veda/4_upa/chup___u.txt
gretil,data/raw/gretil/1_veda/4_upa/isup___u.htm,1_veda/4_upa/isup___u.htm,data/canonical/gretil_iast/1_veda/4_upa/isup___u.txt,iast,doc_6c0e9679ea15188a4f47a6ae,veda,train,1979,73,37,false,false,ef05c51ad4b072b60eb290b5267d8fd752ce28002354303cdbd8702f4fb735be,43c358e5b48bb68d96734cd5797db0ed78e8a52152b2948d9aa1c9ae8070da9c,2337,368731bdd1ce7db98d16341648dc4542a71617befdcebb88b675f7fb380c981c,1_veda/4_upa/isup___u.txt
gretil,data/raw/gretil/1_veda/4_upa/kathop_u.htm,1_veda/4_upa/kathop_u.htm,data/canonical/gretil_iast/1_veda/4_upa/kathop_u.txt,iast,doc_3d42ac070083f600ffa83947,veda,train,14394,529,265,false,false,e62789ce5dc2c715f838f24f41c2d3fc210e88a850b7daf9703c394a752225b8,65889f708701d9fa05c4915204b307c43a2c5fd66af6f29fcc275ebecc884d3f,17066,368731bdd1ce7db98d16341648dc4542a71617befdcebb88b675f7fb380c981c,1_veda/4_upa/kathop_u.txt
gretil,data/raw/gretil/1_veda/4_upa/mandup_u.htm,1_veda/4_upa/mandup_u.htm,data/canonical/gretil_iast/1_veda/4_upa/mandup_u.txt,iast,doc_fcf33fe0ebce1ac351699802,veda,train,1572,47,24,false,false,580712ede2c660ecbbded0e3626a8bdb6a5d7124978f3978c2dfbaf0404f22e5,25d0fbc71b062246c119f7ed99de3cae5b6eb1fa3c65193d4667e94e682d0b64,1893,368731bdd1ce7db98d16341648dc4542a71617befdcebb88b675f7fb380c981c,1_veda/4_upa/mandup_u.txt
gretil,data/raw/gretil/1_veda/4_upa/prasup_u.htm,1_veda/4_upa/prasup_u.htm,data/canonical/gretil_iast/1_veda/4_upa/prasup_u.txt,iast,doc_915fde442033b992b4f5278f,veda,train,10981,505,253,false,false,6f3c92ab77c14ce44276bba77e8876e5e00efe50a68d96a3064719bd7d004007,bf8da71b9d3638bab44ea2e02ac7e4b51db0fd9726cb7e62688e0422a11af4f7,13161,368731bdd1ce7db98d16341648dc4542a71617befdcebb88b675f7fb380c981c,1_veda/4_upa/prasup_u.txt
gretil,data/raw/gretil/1_veda/4_upa/svetu_pu.htm,1_veda/4_upa/svetu_pu.htm,data/canonical/gretil_iast/1_veda/4_upa/svetu_pu.txt,iast,doc_84fc969e0aafcb5aa1599fe9,veda,dev,14219,467,234,false,false,93df2e3cbf8ea9ccbdf6a4c19360cdd9c97d68fb7937e6730ff4775bfa989c20,5f286b77fd9197ff49f6af920f8c9aae6c67c81e068fdb8b58c59b5ccab03685,17236,368731bdd1ce7db98d16341648dc4542a71617befdcebb88b675f7fb380c981c,1_veda/4_upa/svetu_pu.txt
gretil,data/raw/gretil/1_veda/5_vedang/1_srauta/apsulb_u.htm,1_veda/5_vedang/1_srauta/apsulb_u.htm,data/canonical/gretil_iast/1_veda/5_vedang/1_srauta/apsulb_u.txt,iast,doc_71b0f593e6b690626c28e5e1,veda,dev,21468,601,301,false,false,de58197e1718d835ff508ac9c6cd48b2adc513b9dafcb28c1bd6b87fa62f0cc1,56e1b82139bd590cc71c8f43ec26d4e375533f4c3e1f380d932874ec3ed33a73,26423,368731bdd1ce7db98d16341648dc4542a71617befdcebb88b675f7fb380c981c,1_veda/5_vedang/1_srauta/apsulb_u.txt
gretil,data/raw/gretil/1_veda/5_vedang/1_srauta/asvss_u.htm,1_veda/5_vedang/1_srauta/asvss_u.htm,data/canonical/gretil_iast/1_veda/5_vedang/1_srauta/asvss_u.txt,iast,doc_a8680e916f881c7ce6ae0245,veda,train,294239,6005,3003,false,false,5b52be0209b76da2bbfdb233aa5a79f3cc9aa1f55318954654c7dbfc036b8c6f,4c414d75fe11a094dd272b8b65fe8927df0eafd39b17a7d65a4f9412b367d1b0,342452,368731bdd1ce7db98d16341648dc4542a71617befdcebb88b675f7fb380c981c,1_veda/5_vedang/1_srauta/asvss_u.txt
gretil,data/raw/gretil/1_veda/5_vedang/1_srauta/sankhssu.htm,1_veda/5_vedang/1_srauta/sankhssu.htm,data/canonical/gretil_iast/1_veda/5_vedang/1_srauta/sankhssu.txt,iast,doc_7e442b07676cd43d807816e2,veda,train,304536,10739,5370,false,false,be9b393cdd5027f409c463649e99ba49b35699eb1fe2fdd2f65b3473bd254a3b,bc063b449c53bf6484273d7691d9cba73f92c4e3782f9eff704b4c7b1744c8bd,356111,368731bdd1ce7db98d16341648dc4542a71617befdcebb88b675f7fb380c981c,1_veda/5_vedang/1_srauta/sankhssu.txt
gretil,data/raw/gretil/1_veda/5_vedang/1_srauta/vaitss_u.htm,1_veda/5_vedang/1_srauta/vaitss_u.htm,data/canonical/gretil_iast/1_veda/5_vedang/1_srauta/vaitss_u.txt,iast,doc_bfb5636b2c7a195ded289fbf,veda,train,78193,1933,967,false,false,4fd6fb364cfe718b74cdf9555c319b33a6add8d00e1b3dac2dabe9f864f47006,3f4c091e3002a37ab9f47d5c341fb41f601151848f03c2a0dbd3f292483004a7,92312,368731bdd1ce7db98d16341648dc4542a71617befdcebb88b675f7fb380c981c,1_veda/5_vedang/1_srauta/vaitss_u.txt
gretil,data/raw/gretil/1_veda/5_vedang/2_grhya/asvgs_u.htm,1_veda/5_vedang/2_grhya/asvgs_u.htm,data/canonical/gretil_iast/1_veda/5_vedang/2_grhya/asvgs_u.txt,iast,doc_cf1f24e5ecb7062024cb5f57,veda,train,52119,1521,761,false,false,3d0649882586e53f3b0f09aac6be33879aa5b5e8607a7deda2a5263ae39a70a3,183df905f9ab8db404bcf61a84a5e7cccd7b9417e368c3e0c1696d48ca32ebd6,61088,368731bdd1ce7db98d16341648dc4542a71617befdcebb88b675f7fb380c981c,1_veda/5_vedang/2_grhya/asvgs_u.txt
gretil,data/raw/gretil/1_veda/5_vedang/2_grhya/jaimigsu.htm,1_veda/5_vedang/2_grhya/jaimigsu.htm,data/canonical/gretil_iast/1_veda/5_vedang/2_grhya/jaimigsu.txt,iast,doc_4f0c0bfb63fce61da1c811af,veda,train,47297,431,183,false,false,47183c56eb57f483a99de78dd518cad97a6b5fdd698882fe21f509ff0c83f032,ca91bd01044f4e35df70fad89d41b026390a49f718bb6c969d9bcfab675de3fd,58264,368731bdd1ce7db98d16341648dc4542a71617befdcebb88b675f7fb380c981c,1_veda/5_vedang/2_grhya/jaimigsu.txt
gretil,data/raw/gretil/1_veda/5_vedang/2_grhya/kaussu_u.htm,1_veda/5_vedang/2_grhya/kaussu_u.htm,data/canonical/gretil_iast/1_veda/5_vedang/2_grhya/kaussu_u.txt,iast,doc_f01dab61c13bd30917779bcb,veda,dev,179335,6107,3054,false,false,38643e6e27469b990553014bed36de9a187bb48fac3133add19e79a5afa29ba7,d656a3589c0c26452da85b4266971b1babd536044fea1da1c7078621c116b882,214418,368731bdd1ce7db98d16341648dc4542a71617befdcebb88b675f7fb380c981c,1_veda/5_vedang/2_grhya/kaussu_u.txt
gretil,data/raw/gretil/1_veda/5_vedang/2_grhya/kauthgsu.htm,1_veda/5_vedang/2_grhya/kauthgsu.htm,data/canonical/gretil_iast/1_veda/5_vedang/2_grhya/kauthgsu.txt,iast,doc_b898f028bdd3ec7db64ed0ee,veda,train,25776,145,73,false,false,5e6364fbaa0e03e7c356bafc70668edde1fef1de6efcdd4ac1755ef60ff985c0,5bdc3ae58b3d50b93b1b88ae4f0d12bd6ecc3b7ba52b2f366e7684e7b33e4bcd,32023,368731bdd1ce7db98d16341648dc4542a71617befdcebb88b675f7fb380c981c,1_veda/5_vedang/2_grhya/kauthgsu.txt
gretil,data/raw/gretil/1_veda/5_vedang/2_grhya/manavgsu.htm,1_veda/5_vedang/2_grhya/manavgsu.htm,data/canonical/gretil_iast/1_veda/5_vedang/2_grhya/manavgsu.txt,iast,doc_60c6fe0d7d68857bd3b89483,veda,train,59452,2101,1051,false,false,0a627b4cedfeff218237f462b8dd20dc24759fa51cc562626106ef0eed3b3e84,d1249d4de99aeb2f350c3ce7bd4a76b201d74e49718be425263f7fd93438eefa,72825,368731bdd1ce7db98d16341648dc4542a71617befdcebb88b675f7fb380c981c,1_veda/5_vedang/2_grhya/manavgsu.txt
gretil,data/raw/gretil/1_veda/5_vedang/2_grhya/sankhgsu.htm,1_veda/5_vedang/2_grhya/sankhgsu.htm,data/canonical/gretil_iast/1_veda/5_vedang/2_grhya/sankhgsu.txt,iast,doc_24a82ea866b35a4e17bc6a9e,veda,train,63869,2417,1209,false,false,85e052344ab31703c7e477961e79b21aeed2dadadf033bcf16ebda5e518b6e29,49e3c8c211e04a152cdaaab44caa89d574208f1a2d9257b462cecd5b2de06ecc,75003,368731bdd1ce7db98d16341648dc4542a71617befdcebb88b675f7fb380c981c,1_veda/5_vedang/2_grhya/sankhgsu.txt
gretil,data/raw/gretil/1_veda/5_vedang/2_grhya/vargs_u.htm,1_veda/5_vedang/2_grhya/vargs_u.htm,data/canonical/gretil_iast/1_veda/5_vedang/2_grhya/vargs_u.txt,iast,doc_c4ff1b6c04ac26bd1bded530,veda,train,35414,1455,728,false,false,04c76f12b159181b840386bfea7ee3e24bd9a949581cba5cde032c26778fa70d,87c191ec634a889a0574e6b1276d0b5b9b66150ee9430390718e54d74920e351,42930,368731bdd1ce7db98d16341648dc4542a71617befdcebb88b675f7fb380c981c,1_veda/5_vedang/2_grhya/vargs_u.txt
gretil,data/raw/gretil/1_veda/5_vedang/2_paris/avpari_u.htm,1_veda/5_vedang/2_paris/avpari_u.htm,data/canonical/gretil_iast/1_veda/5_vedang/2_paris/avpari_u.txt,iast,doc_8ed77aa5659361b5f2cbfc33,veda,train,349257,7591,3796,false,false,294e070de650f3c67e7251ebacd7b675e7278756402040c3d61b0ed5f968db8c,980c72ffe9264fbe8579f4eafa08b14fe163b9ff42d7e4bde0def328c596c475,426211,368731bdd1ce7db98d16341648dc4542a71617befdcebb88b675f7fb380c981c,1_veda/5_vedang/2_paris/avpari_u.txt
gretil,data/raw/gretil/1_veda/5_vedang/2_paris/avpray_u.htm,1_veda/5_vedang/2_paris/avpray_u.htm,data/canonical/gretil_iast/1_veda/5_vedang/2_paris/avpray_u.txt,iast,doc_8168de6699e2060c7ba80975,veda,train,59941,1713,857,false,false,535f469780bf6ffac108f48b70ea80f8fde022f3664594ec4cb66951a07f75c4,9b0eaca509b49e413c365d718d6acc2a21c80f854cd1d105ec0be9e863f50f0b,71653,368731bdd1ce7db98d16341648dc4542a71617befdcebb88b675f7fb380c981c,1_veda/5_vedang/2_paris/avpray_u.txt
gretil,data/raw/gretil/1_veda/5_vedang/3_pratis/rgvidh_u.htm,1_veda/5_vedang/3_pratis/rgvidh_u.htm,data/canonical/gretil_iast/1_veda/5_vedang/3_pratis/rgvidh_u.txt,iast,doc_664fb44db75ad210690ee8f3,veda,train,79936,2995,1498,false,false,0f7d35ffdef8f3674ceddc19a6b46ce81ecf04be1b14a2abfdb9881472814466,de3371f5dbe5fd865d1e1ac6b8f957fee358badce83936aa890bccd50837f56c,91989,368731bdd1ce7db98d16341648dc4542a71617befdcebb88b675f7fb380c981c,1_veda/5_vedang/3_pratis/rgvidh_u.txt
gretil,data/raw/gretil/2_epic/mbh/ext/hv_apppu.htm,2_epic/mbh/ext/hv_apppu.htm,data/canonical/gretil_iast/2_epic/mbh/ext/hv_apppu.txt,iast,doc_f067c5ab780c4051f30ae276,epic,train,1147809,48187,24094,true,false,96f425eac02e9919dcbd304218bf640e28f680e7027caa5eacaffef1c4c9e6f8,fda90ed9592374f9e0ea887f612cce4139605b475bed844554b72f0fad2d7896,1387305,368731bdd1ce7db98d16341648dc4542a71617befdcebb88b675f7fb380c981c,2_epic/mbh/ext/hv_apppu.txt
gretil,data/raw/gretil/2_epic/mbh/ext/hv_conpu.htm,2_epic/mbh/ext/hv_conpu.htm,data/canonical/gretil_iast/2_epic/mbh/ext/hv_conpu.txt,iast,doc_eecc525f3926954a17d0810f,epic,train,843160,34967,17484,true,false,03040a9e2405d5a73324473ef94d38e5cd65ae56da2347e483186df77edb549e,aa9eca40f1593e8579bd67e704283ca338f383b957e0437b8d4a517e0d292e26,1024544,368731bdd1ce7db98d16341648dc4542a71617befdcebb88b675f7fb380c981c,2_epic/mbh/ext/hv_conpu.txt
gretil,data/raw/gretil/2_epic/mbh/mbh_01_u.htm,2_epic/mbh/mbh_01_u.htm,data/canonical/gretil_iast/2_epic/mbh/mbh_01_u.txt,iast,doc_e35bda467d43175e02e281a2,epic,train,1195412,52587,26294,false,false,63499609df72759d1578b3ecc5fdf775cdf2f252746c10eb4c29b23bb17eab05,8a5d5ad70770db085e5c8d241e8dc88d6cbdf7fb66c1e000ce6f24de037e464d,1467335,368731bdd1ce7db98d16341648dc4542a71617befdcebb88b675f7fb380c981c,2_epic/mbh/mbh_01_u.txt
gretil,data/raw/gretil/2_epic/mbh/mbh_02_u.htm,2_epic/mbh/mbh_02_u.htm,data/canonical/gretil_iast/2_epic/mbh/mbh_02_u.txt,iast,doc_3a2f5f54964561bbb0f19598,epic,train,478832,21021,10511,false,false,eee4c534ac8bd11acbb2c018b0ca0a66153e515a446384a19c0c75c05c9655e9,cdeb82fc02b4c65e8ff919977d67676945cebc77ba0ce9c0b2f20f45c6b11ee0,590272,368731bdd1ce7db98d16341648dc4542a71617befdcebb88b675f7fb380c981c,2_epic/mbh/mbh_02_u.txt
gretil,data/raw/gretil/2_epic/mbh/mbh_03_u.htm,2_epic/mbh/mbh_03_u.htm,data/canonical/gretil_iast/2_epic/mbh/mbh_03_u.txt,iast,doc_ef97b887b825359c51c08559,epic,train,1249977,54419,27210,false,false,2863f2e04921535238e61417b85c1b275035f94d2ae203aaf62d679998344cd2,f3b79b2860aa95032ed7b61732b0e5ef8bef63b1a74d993efe150dd69d03c483,1527920,368731bdd1ce7db98d16341648dc4542a71617befdcebb88b675f7fb380c981c,2_epic/mbh/mbh_03_u.txt
gretil,data/raw/gretil/2_epic/mbh/mbh_04_u.htm,2_epic/mbh/mbh_04_u.htm,data/canonical/gretil_iast/2_epic/mbh/mbh_04_u.txt,iast,doc_df9e2cf7067e4f96bc1c0174,epic,train,451100,20523,10262,false,false,478e92ffa40d083134246d447647003d06b766b1138a668019f3f52461cbf443,6165470f460d15024280d067cb6a4cb0111368cd7a6f58d6104a8d615728ffb7,556065,368731bdd1ce7db98d16341648dc4542a71617befdcebb88b675f7fb380c981c,2_epic/mbh/mbh_04_u.txt
gretil,data/raw/gretil/2_epic/mbh/mbh_05_u.htm,2_epic/mbh/mbh_05_u.htm,data/canonical/gretil_iast/2_epic/mbh/mbh_05_u.txt,iast,doc_e0c6767dbd2cac121374ff7b,epic,train,700409,29765,14883,false,false,691471e6a1d76bc02b3134273b22ed545ad667fa7274ce0100971ac2d4750bc4,92af7c03cef70cfb56e69977621e27ddda666663a1beeaa5a79c04117c4cd843,857972,368731bdd1ce7db98d16341648dc4542a71617befdcebb88b675f7fb380c981c,2_epic/mbh/mbh_05_u.txt
gretil,data/raw/gretil/2_epic/mbh/mbh_06_u.htm,2_epic/mbh/mbh_06_u.htm,data/canonical/gretil_iast/2_epic/mbh/mbh_06_u.txt,iast,doc_6a83b225d05cae4af3828d23,epic,train,612472,26377,13189,false,false,0fe89190fc4819d8fe439a7cb0fcb489d4bf4dd831053ef398690745034c56d4,f49522f5fdf7002e4d365f759680b568e6e40e016ece34a91d67c0b8b27bd118,752741,368731bdd1ce7db98d16341648dc4542a71617befdcebb88b675f7fb380c981c,2_epic/mbh/mbh_06_u.txt
gretil,data/raw/gretil/2_epic/mbh/mbh_07_u.htm,2_epic/mbh/mbh_07_u.htm,data/canonical/gretil_iast/2_epic/mbh/mbh_07_u.txt,iast,doc_f3d25ac6a5d37b037306c63f,epic,train,1041739,44801,22401,false,false,73f0f42202a9b77e4cfe0b53b554e21dd786a6cee9c82264920e76c8cf75de29,320c6b2fb6daf02513c726a143373187683dd7319754e18ae1ef6fc9e4610626,1280615,368731bdd1ce7db98d16341648dc4542a71617befdcebb88b675f7fb380c981c,2_epic/mbh/mbh_07_u.txt
gretil,data/raw/gretil/2_epic/mbh/mbh_08_u.htm,2_epic/mbh/mbh_08_u.htm,data/canonical/gretil_iast/2_epic/mbh/mbh_08_u.txt,iast,doc_022171019e5eddb396ca63db,epic,train,612317,26519,13260,false,false,6648478062373c836ca712c15c578f2ee39ad8234e7f6df3e4c22dbcc490d996,a901b317745fe528332eb4e7d368a0f0365e2eff4878094f0484287b6aee94ae,752100,368731bdd1ce7db98d16341648dc4542a71617befdcebb88b675f7fb380c981c,2_epic/mbh/mbh_08_u.txt
gretil,data/raw/gretil/2_epic/mbh/mbh_09_u.htm,2_epic/mbh/mbh_09_u.htm,data/canonical/gretil_iast/2_epic/mbh/mbh_09_u.txt,iast,doc_ca01f2d9d8ecfb8342a88bea,epic,train,376509,16243,8122,false,false,f96f6047d93db9dafa7a841851a91dfbdec321903e397a412714c1c063232cc9,0ed45548372eccffd9764826de96ddf6c6e361d80cbc34fea3cb17ddea948580,461695,368731bdd1ce7db98d16341648dc4542a71617befdcebb88b675f7fb380c981c,2_epic/mbh/mbh_09_u.txt
gretil,data/raw/gretil/2_epic/mbh/mbh_10_u.htm,2_epic/mbh/mbh_10_u.htm,data/canonical/gretil_iast/2_epic/mbh/mbh_10_u.txt,iast,doc_e7edd63f8583af260370c4a0,epic,test,104295,3591,1796,false,false,661fb626db9a2dacbb31f1cadf3b816400a1d881ff9651c9a8c7c6b55febd658,f8e94ca7a53dc435c1dae78e3f9fcbd0e4aa429355ec48ed3bf74d9f289d75f5,123031,368731bdd1ce7db98d16341648dc4542a71617befdcebb88b675f7fb380c981c,2_epic/mbh/mbh_10_u.txt
gretil,data/raw/gretil/2_epic/mbh/mbh_11_u.htm,2_epic/mbh/mbh_11_u.htm,data/canonical/gretil_iast/2_epic/mbh/mbh_11_u.txt,iast,doc_1e40ed52792219ba28582f07,epic,dev,81449,3587,1794,false,false,d8e277bedf514fdb50e28ea6dcb2b521b85e1745957905e190e5d218d2eee075,3d7a5f5d2a5cea90f5a39d124d05d77655388e35b4c69f6b095471535bcb7f56,100481,368731bdd1ce7db98d16341648dc4542a71617befdcebb88b675f7fb380c981c,2_epic/mbh/mbh_11_u.txt
gretil,data/raw/gretil/2_epic/mbh/mbh_12_u.htm,2_epic/mbh/mbh_12_u.htm,data/canonical/gretil_iast/2_epic/mbh/mbh_12_u.txt,iast,doc_b6e127d3c30d451444fd9759,epic,train,1591774,68327,34164,false,false,c8cf9b79a5d16bed79577620bcf71c5e9ef57e5d4fd68862c698ab092a813719,889c870e8fdfa7c9077ed5772872b585f6303554bb851d6f7d68127e862232d5,1933806,368731bdd1ce7db98d16341648dc4542a71617befdcebb88b675f7fb380c981c,2_epic/mbh/mbh_12_u.txt
gretil,data/raw/gretil/2_epic/mbh/mbh_13_u.htm,2_epic/mbh/mbh_13_u.htm,data/canonical/gretil_iast/2_epic/mbh/mbh_13_u.txt,iast,doc_f71fa05f6309e68768fe2796,epic,train,1212584,53621,26811,false,false,67ed86e7e83fb8072b696d4c06676742b102235278bbe5ab7a03eaa68ed4a00d,ebb971046e22b40ec05d6b213e2d8876012655cf5b980f6f5f66eb82b241ef25,1483280,368731bdd1ce7db98d16341648dc4542a71617befdcebb88b675f7fb380c981c,2_epic/mbh/mbh_13_u.txt
gretil,data/raw/gretil/2_epic/mbh/mbh_14_u.htm,2_epic/mbh/mbh_14_u.htm,data/canonical/gretil_iast/2_epic/mbh/mbh_14_u.txt,iast,doc_9a783ed25b4df3c74276f205,epic,train,457034,19929,9965,false,false,bbc2ee32eb887ed014839983fae23251bcea3019dfaee089869b80416842342f,901f444ddf2bc2c6a766281bdb50f529d1ea8850339e3aecc415e880159984c3,556950,368731bdd1ce7db98d16341648dc4542a71617befdcebb88b675f7fb380c981c,2_epic/mbh/mbh_14_u.txt
gretil,data/raw/gretil/2_epic/mbh/mbh_15_u.htm,2_epic/mbh/mbh_15_u.htm,data/canonical/gretil_iast/2_epic/mbh/mbh_15_u.txt,iast,doc_5ff75e7635cdca7d0662368b,epic,train,111592,4859,2430,false,false,9c5416d0d48abea56173cd6079e9959d01ff7f4943ca70ee716313ca2270f218,abb96f3bb9434f11bbb51c36c9207f8d1ae0010ca3dfeac609e0e520c3451e0b,137165,368731bdd1ce7db98d16341648dc4542a71617befdcebb88b675f7fb380c981c,2_epic/mbh/mbh_15_u.txt
gretil,data/raw/gretil/2_epic/mbh/mbh_16_u.htm,2_epic/mbh/mbh_16_u.htm,data/canonical/gretil_iast/2_epic/mbh/mbh_16_u.txt,iast,doc_af9774e99c9e222c73faa93f,epic,train,33234,1425,713,false,false,784d01cbfb7ff9f106a1577d844be19988c069d0663c12efacaf2b19d125c01f,74b02a835626272f2d1a08d04e1347a37a57229bb44294aae45f89fc8b1d5fd1,41065,368731bdd1ce7db98d16341648dc4542a71617befdcebb88b675f7fb380c981c,2_epic/mbh/mbh_16_u.txt
gretil,data/raw/gretil/2_epic/mbh/mbh_17_u.htm,2_epic/mbh/mbh_17_u.htm,data/canonical/gretil_iast/2_epic/mbh/mbh_17_u.txt,iast,doc_0f2d15860ed49dffe7b4b667,epic,train,12436,541,271,false,false,e8394dcea73cbad7a60bec21e90b5d4eec8f888277e8752bc13d6111daf1933c,19d30cbe0fa1d604c023b9488c358ab006099cd0e1b1d29ff8fee8ac150173da,15173,368731bdd1ce7db98d16341648dc4542a71617befdcebb88b675f7fb380c981c,2_epic/mbh/mbh_17_u.txt
gretil,data/raw/gretil/2_epic/mbh/mbh_18_u.htm,2_epic/mbh/mbh_18_u.htm,data/canonical/gretil_iast/2_epic/mbh/mbh_18_u.txt,iast,doc_339ddb649c1651834580de58,epic,train,30246,1315,658,false,false,c9e0349553fa6b80b1146d4a2d71dbe3c134d72cb7f81008e4dcd7b6303b9dd2,7a454d5769d4f9b09295d6719d6d06c2f70004a4a13e044ebdcdba5b38e6f731,37099,368731bdd1ce7db98d16341648dc4542a71617befdcebb88b675f7fb380c981c,2_epic/mbh/mbh_18_u.txt
gretil,data/raw/gretil/2_epic/ramayana/ram_01_u.htm,2_epic/ramayana/ram_01_u.htm,data/canonical/gretil_iast/2_epic/ramayana/ram_01_u.txt,iast,doc_f71f3e0ae42e97ca367a7de2,epic,train,182129,7887,3944,false,false,0d9d89f51669a3ccef5b2bd18a7681ab92d94af17c316228cec9056521fe4cde,300e5b7a8ff2cf96bf366050b8ddfb8db68c70822389a3726c5b7991ce60e93a,223120,368731bdd1ce7db98d16341648dc4542a71617befdcebb88b675f7fb380c981c,2_epic/ramayana/ram_01_u.txt
gretil,data/raw/gretil/2_epic/ramayana/ram_02_u.htm,2_epic/ramayana/ram_02_u.htm,data/canonical/gretil_iast/2_epic/ramayana/ram_02_u.txt,iast,doc_10c618ae9d57fec1feb0d689,epic,train,303205,12819,6410,false,false,419b5c8f5c2ef3032849646848c7bac86ce593891c93af4ccd7f5c92bcfcb99f,4fc26a2d25693bcdd59b04d35cd4a695af3c6e26eb5818393bf150bb1661c75c,370218,368731bdd1ce7db98d16341648dc4542a71617befdcebb88b675f7fb380c981c,2_epic/ramayana/ram_02_u.txt
gretil,data/raw/gretil/2_epic/ramayana/ram_03_u.htm,2_epic/ramayana/ram_03_u.htm,data/canonical/gretil_iast/2_epic/ramayana/ram_03_u.txt,iast,doc_3d2f418eac15e77a13e80ef7,epic,dev,197194,8419,4210,false,false,7fb825f061dd1fdd4beb66aebc98da2c2584bd5faf65c1736d06bee73e29c70b,de83d9699511f44db24442d74ab7d253faf771108e82777f3f47bcb5ae66e4ea,244197,368731bdd1ce7db98d16341648dc4542a71617befdcebb88b675f7fb380c981c,2_epic/ramayana/ram_03_u.txt
gretil,data/raw/gretil/2_epic/ramayana/ram_04_u.htm,2_epic/ramayana/ram_04_u.htm,data/canonical/gretil_iast/2_epic/ramayana/ram_04_u.txt,iast,doc_3d4a7bbad4feaea8ab2473cb,epic,train,188362,8035,4018,false,false,8490deef4d926c046bdf105357e805efbb924ab5a0d5bcc05ad3f30d27515d6b,3d0bb1431c947f9930c8d58c73caf999e835ae6a3f353a6fb93904fbd156c74d,231830,368731bdd1ce7db98d16341648dc4542a71617befdcebb88b675f7fb380c981c,2_epic/ramayana/ram_04_u.txt
gretil,data/raw/gretil/2_epic/ramayana/ram_05_u.htm,2_epic/ramayana/ram_05_u.htm,data/canonical/gretil_iast/2_epic/ramayana/ram_05_u.txt,iast,doc_872e1c5d9338afa9f53a0b61,epic,train,239801,10085,5043,false,false,69bc61e709398ce906755971ec804bcfcfcc903b60764d7853da9484cbc23b5e,f3bb6bdd974acdd4a7ea31e6d9b1a78695802be1edd402af99e24d2318cab6f4,296215,368731bdd1ce7db98d16341648dc4542a71617befdcebb88b675f7fb380c981c,2_epic/ramayana/ram_05_u.txt
gretil,data/raw/gretil/2_epic/ramayana/ram_06_u.htm,2_epic/ramayana/ram_06_u.htm,data/canonical/gretil_iast/2_epic/ramayana/ram_06_u.txt,iast,doc_84d186ead889474b38c18f26,epic,train,425311,17959,8980,false,false,b13d97596a0dcaf0778d1621a522410f37316396b56ae0c9752f1d2cb170c853,8fb18d4d7455f1a9b92adb6306fceed80bdfdddea434af566be09cb7ecef48f9,525129,368731bdd1ce7db98d16341648dc4542a71617befdcebb88b675f7fb380c981c,2_epic/ramayana/ram_06_u.txt
gretil,data/raw/gretil/2_epic/ramayana/ram_07_u.htm,2_epic/ramayana/ram_07_u.htm,data/canonical/gretil_iast/2_epic/ramayana/ram_07_u.txt,iast,doc_13bf336fb614fe4dbe6908ba,epic,train,253804,10879,5440,false,false,ca75b9338374f1bc01f0b172a73af5b77518a82f252ae3988491ac7d6c88b010,1c4e7a4ecf9fe8db8ef3fca496dac1e56c0e2e104f0a49650ffe657fb69f29d1,310853,368731bdd1ce7db98d16341648dc4542a71617befdcebb88b675f7fb380c981c,2_epic/ramayana/ram_07_u.txt
gretil,data/raw/gretil/3_purana/agp_bi_u.htm,3_purana/agp_bi_u.htm,data/canonical/gretil_iast/3_purana/agp_bi_u.txt,iast,doc_c4eb93bec300887f94223a3f,purana,dev,1368721,71847,41446,false,false,ca97372e93654a7aa6693a15e163a8c152a9a832c09395dd66c7e6884ae41c5b,2b59abdeca6e915916db4b16976bd56f8b87e9392d9c5a5d42d5fee001d422aa,1671723,368731bdd1ce7db98d16341648dc4542a71617befdcebb88b675f7fb380c981c,3_purana/agp_bi_u.txt
gretil,data/raw/gretil/3_purana/bhagp/bhp_01u.htm,3_purana/bhagp/bhp_01u.htm,data/canonical/gretil_iast/3_purana/bhagp/bhp_01u.txt,iast,doc_c67de08b047e660fb6b3b002,purana,train,83456,3459,1730,false,false,06ec5067a4342cfb258138ffd8904ce1571e3052cbf8021b532f320cb18882c9,1c5c930e32274cc6c376c16c9d1a5da4f1564c4bc024eee740b8344944395794,102135,368731bdd1ce7db98d16341648dc4542a71617befdcebb88b675f7fb380c981c,3_purana/bhagp/bhp_01u.txt
gretil,data/raw/gretil/3_purana/bhagp/bhp_02u.htm,3_purana/bhagp/bhp_02u.htm,data/canonical/gretil_iast/3_purana/bhagp/bhp_02u.txt,iast,doc_96a17ad96dc2a041a952a063,purana,train,43007,1835,918,false,false,489b022cb884c243080e87371e419436ab2ede46f1757045782fa9cbda267e94,36cd654bfe692a6a524f6bf02b3ef49acec6d0006bf415598bb6659fc60dd025,52275,368731bdd1ce7db98d16341648dc4542a71617befdcebb88b675f7fb380c981c,3_purana/bhagp/bhp_02u.txt
gretil,data/raw/gretil/3_purana/bhagp/bhp_03u.htm,3_purana/bhagp/bhp_03u.htm,data/canonical/gretil_iast/3_purana/bhagp/bhp_03u.txt,iast,doc_ca5180062e78fbd196ac1b75,purana,train,153791,6413,3207,false,false,6d1b0cc66e9e33a0ef9ddd22d9175839a4fa99b1b3fae8872aaf0579c379bac8,bfb5a2e8a962704b37afe528a0b3dd9130fb0ad46ffc19f13b0dc47c26f5d52e,186238,368731bdd1ce7db98d16341648dc4542a71617befdcebb88b675f7fb380c981c,3_purana/bhagp/bhp_03u.txt
gretil,data/raw/gretil/3_purana/bhagp/bhp_04u.htm,3_purana/bhagp/bhp_04u.htm,data/canonical/gretil_iast/3_purana/bhagp/bhp_04u.txt,iast,doc_c29b4cb85660519a665cd48d,purana,train,155313,6349,3175,false,false,85662e69bea75c6fe3d7e68bad991e2ccd5633b8ccf49f39217d0cebd8f78561,9741d0fd7c4f614118696a2c44508e86dc7ddb84d075b9b09f9e3ec7460e8267,188404,368731bdd1ce7db98d16341648dc4542a71617befdcebb88b675f7fb380c981c,3_purana/bhagp/bhp_04u.txt
gretil,data/raw/gretil/3_purana/bhagp/bhp_05u.htm,3_purana/bhagp/bhp_05u.htm,data/canonical/gretil_iast/3_purana/bhagp/bhp_05u.txt,iast,doc_9426bab21f89f26768a34192,purana,train,113233,1953,977,false,false,1c417b5814bcbc78e6eadc3f143953ccb3adc3e384d9c52dbf059957c43730bf,3a57686e45ffea69a6a597ad1e5e7f01bed2e267780bb1726e0c1c064ed91a19,135503,368731bdd1ce7db98d16341648dc4542a71617befdcebb88b675f7fb380c981c,3_purana/bhagp/bhp_05u.txt
gretil,data/raw/gretil/3_purana/bhagp/bhp_06u.htm,3_purana/bhagp/bhp_06u.htm,data/canonical/gretil_iast/3_purana/bhagp/bhp_06u.txt,iast,doc_18f098515b75657c4f042f0d,purana,test,87435,3667,1834,false,false,4b59775f91e5e8a7b02ad8c645a82dfdf8bb34b550ed69574824ed479bae7892,a22a83fa6331b084dc25d7cd5687adc9a9ac7274fca14488a88196af01a901ca,106925,368731bdd1ce7db98d16341648dc4542a71617befdcebb88b675f7fb380c981c,3_purana/bhagp/bhp_06u.txt
gretil,data/raw/gretil/3_purana/bhagp/bhp_07u.htm,3_purana/bhagp/bhp_07u.htm,data/canonical/gretil_iast/3_purana/bhagp/bhp_07u.txt,iast,doc_f297968649dd6c250382696c,purana,train,78356,3425,1713,false,false,8b53a9752140da5be68f80ff2013c7dda57e3824d115a53a7f7eec44b28dc1a0,986686390c9b96388f5455f69cc62a65b2862fbd9bdaa0411dc7932287077e9a,95343,368731bdd1ce7db98d16341648dc4542a71617befdcebb88b675f7fb380c981c,3_purana/bhagp/bhp_07u.txt
gretil,data/raw/gretil/3_purana/bhagp/bhp_08u.htm,3_purana/bhagp/bhp_08u.htm,data/canonical/gretil_iast/3_purana/bhagp/bhp_08u.txt,iast,doc_9652e6389e39063ccc075346,purana,train,96590,4069,2035,false,false,751bc8d3317ca717e37e900563a73ea01a4b1ed40ca13f893bad711f382fdfa9,2b1ac661ca2c32343311a129538584f8985ca496d963f749d9757e86ef82c2be,117947,368731bdd1ce7db98d16341648dc4542a71617befdcebb88b675f7fb380c981c,3_purana/bhagp/bhp_08u.txt
gretil,data/raw/gretil/3_purana/bhagp/bhp_09u.htm,3_purana/bhagp/bhp_09u.htm,data/canonical/gretil_iast/3_purana/bhagp/bhp_09u.txt,iast,doc_5bcda39a8c1eb67ba6f51bc6,purana,train,93558,4115,2058,false,false,71828fb662e3c9ae59557a3e373755d3676fa7c4cc9f43692a7c169cfab0572c,2f8c8bfb3bd0c3bf698938f8326080876fa9953efcfa5a999ed05a63c3560a49,114534,368731bdd1ce7db98d16341648dc4542a71617befdcebb88b675f7fb380c981c,3_purana/bhagp/bhp_09u.txt
gretil,data/raw/gretil/3_purana/bhagp/bhp_10u.htm,3_purana/bhagp/bhp_10u.htm,data/canonical/gretil_iast/3_purana/bhagp/bhp_10u.txt,iast,doc_319d12c6c134438e26963870,purana,train,424798,18121,9061,false,false,fe37c2fc09260d4498545e0cd64dd2ae83f63b421d0d876f530b07bd48558a85,0aa2acf9e3b1732b0322adfcefa2dd3064693fc0979a14cf8490a31d212e2f4d,518494,368731bdd1ce7db98d16341648dc4542a71617befdcebb88b675f7fb380c981c,3_purana/bhagp/bhp_10u.txt
gretil,data/raw/gretil/3_purana/bhagp/bhp_11u.htm,3_purana/bhagp/bhp_11u.htm,data/canonical/gretil_iast/3_purana/bhagp/bhp_11u.txt,iast,doc_855489ea5ca5dae561795249,purana,test,142873,6071,3036,false,false,751d47e9fad45d60e0e8151479038aa0db4db8ca0aa5d0078c50cc97c5158efe,849db842737fbb38c868faa43aa292b70c77218595108f90b2772ffe9a5015d1,173175,368731bdd1ce7db98d16341648dc4542a71617befdcebb88b675f7fb380c981c,3_purana/bhagp/bhp_11u.txt
gretil,data/raw/gretil/3_purana/bhagp/bhp_12u.htm,3_purana/bhagp/bhp_12u.htm,data/canonical/gretil_iast/3_purana/bhagp/bhp_12u.txt,iast,doc_7cbcfcb75beb31983a588fb3,purana,train,58698,2485,1243,false,false,c95164da6ab7f4c175ac7d33c2aee1bc379dfd92945f4d850f55133707ff4f64,de90652aca1387037851a34d8e62a8da7fb2ec931257b028fee00c8158ada4c0,71699,368731bdd1ce7db98d16341648dc4542a71617befdcebb88b675f7fb380c981c,3_purana/bhagp/bhp_12u.txt
gretil,data/raw/gretil/3_purana/brahmap/brahmppu.htm,3_purana/brahmap/brahmppu.htm,data/canonical/gretil_iast/3_purana/brahmap/brahmppu.txt,iast,doc_610aafc3fdda96da7e75cff1,purana,dev,1435809,62253,31127,false,false,bb4d01d53e87a223efc5cb5754f8621a3f69989f8b65ec0a70912785e683f377,ccbd4b0387af0d59b525f6649c0d49850a501e550ea304538376b3d0c0018186,1739059,368731bdd1ce7db98d16341648dc4542a71617befdcebb88b675f7fb380c981c,3_purana/brahmap/brahmppu.txt
gretil,data/raw/gretil/3_purana/brndp1_u.htm,3_purana/brndp1_u.htm,data/canonical/gretil_iast/3_purana/brndp1_u.txt,iast,doc_873303b1e4f70057867c9bdb,purana,test,375188,15447,7724,false,false,4f4197b561fb925442ced512a77575efdb42c022ac398e5240c350e8ac155ebb,b3cd70ced2ac7cf667c479f24e5049676d654a85ce414bdb282db7c1c91cc125,459674,368731bdd1ce7db98d16341648dc4542a71617befdcebb88b675f7fb380c981c,3_purana/brndp1_u.txt
gretil,data/raw/gretil/3_purana/brndp2_u.htm,3_purana/brndp2_u.htm,data/canonical/gretil_iast/3_purana/brndp2_u.txt,iast,doc_7ff8707daf510284cb75fc9f,purana,train,578526,24001,12001,false,false,383cd89e7c484ba03155f3dc8cdc4b8b1d9ec7068a21ae8a63a3dd55a05afa1a,6f1048f951692309da75586ab4b0017739e3843a94b7b229de34e0ae76e09ae8,705861,368731bdd1ce7db98d16341648dc4542a71617befdcebb88b675f7fb380c981c,3_purana/brndp2_u.txt
gretil,data/raw/gretil/3_purana/brndp3_u.htm,3_purana/brndp3_u.htm,data/canonical/gretil_iast/3_purana/brndp3_u.txt,iast,doc_dd1811806bcdf3d401658b01,purana,train,416877,17440,8721,false,false,c3f1b2a19dd616a7d519f2aff19795de02811e57d296c80d0b1c1bb49550daed,897f75dbe81355481a8ac5582987cc942ef03974589ffe559fd4129bff878909,510587,368731bdd1ce7db98d16341648dc4542a71617befdcebb88b675f7fb380c981c,3_purana/brndp3_u.txt
gretil,data/raw/gretil/3_purana/garup1_u.htm,3_purana/garup1_u.htm,data/canonical/gretil_iast/3_purana/garup1_u.txt,iast,doc_a2b322befb2220d6df5546f2,purana,train,784934,32082,16042,false,false,79c204e5b4c0eaf069d8fe91d41bdbe7e26574962a7d4a0a1ff18976e2ff0cad,b3ad2a7ae5ccf87331f0d153fd3accceb043c876505d9a638ed74de0d25e6250,967743,368731bdd1ce7db98d16341648dc4542a71617befdcebb88b675f7fb380c981c,3_purana/garup1_u.txt
gretil,data/raw/gretil/3_purana/garup2_u.htm,3_purana/garup2_u.htm,data/canonical/gretil_iast/3_purana/garup2_u.txt,iast,doc_77ac241767e7f4a3e883bcaf,purana,train,298489,12271,6136,false,false,6486080bde5ee968ba5b44ca97b3dc1fefe1956ffb98ed9b0c19481206a3f87b,bfa3d3f2cd8655819d87eccc9cfcfaab16e2e19264681b0f791f00fd46187092,363329,368731bdd1ce7db98d16341648dc4542a71617befdcebb88b675f7fb380c981c,3_purana/garup2_u.txt
gretil,data/raw/gretil/3_purana/garup3_u.htm,3_purana/garup3_u.htm,data/canonical/gretil_iast/3_purana/garup3_u.txt,iast,doc_01ea8e8c856e7f0f9277d4f6,purana,dev,231651,8335,4168,false,false,e4f9fb285599d2515904cc65830fd518bd9d7e01d86359e1abc10af3d0c4bd88,ad9425f289bcfa36e2b1961726f08ac5dd6acbbf4f69daa94d9eabc570df0147,284265,368731bdd1ce7db98d16341648dc4542a71617befdcebb88b675f7fb380c981c,3_purana/garup3_u.txt
gretil,data/raw/gretil/3_purana/kurmp1_u.htm,3_purana/kurmp1_u.htm,data/canonical/gretil_iast/3_purana/kurmp1_u.txt,iast,doc_e2a0f5e6381882f913028fbb,purana,train,315765,13523,6762,false,false,c1ea9f222e69ff62d105e85b6655036d7fa690378aa5012e303da9cba5b215dc,4a69499ab61ed4dab9354d8ca2f6ae7163c85d6b117e37ac0a11818979edd600,386364,368731bdd1ce7db98d16341648dc4542a71617befdcebb88b675f7fb380c981c,3_purana/kurmp1_u.txt
gretil,data/raw/gretil/3_purana/kurmp2_u.htm,3_purana/kurmp2_u.htm,data/canonical/gretil_iast/3_purana/kurmp2_u.txt,iast,doc_b96248bdfd253b395143a9bb,purana,train,273285,11533,5767,false,false,1f721a442f3333bbf45adfe1db5a3ff1908f79f55b4f546d7c841a601c0ada9b,2931439743ffd80b2de906759df0e3f4992f2274a46c908cc0b310a7a68402af,332857,368731bdd1ce7db98d16341648dc4542a71617befdcebb88b675f7fb380c981c,3_purana/kurmp2_u.txt
gretil,data/raw/gretil/3_purana/lip_1_pu.htm,3_purana/lip_1_pu.htm,data/canonical/gretil_iast/3_purana/lip_1_pu.txt,iast,doc_c083dd24f2d34024e4eeb8e1,purana,train,679833,28377,14189,false,false,a31a3985706b50b651e894c5585e05f70a5ced1d3bb2f3974452ea3a4bfa0a57,dfd74501dd3de79810bd46096989b3e5978d0d01c9f5d4cfd11440074c353680,829606,368731bdd1ce7db98d16341648dc4542a71617befdcebb88b675f7fb380c981c,3_purana/lip_1_pu.txt
gretil,data/raw/gretil/3_purana/lip_2__u.htm,3_purana/lip_2__u.htm,data/canonical/gretil_iast/3_purana/lip_2__u.txt,iast,doc_8cde9d7df59cffc5a23ad98d,purana,train,235075,9615,4808,false,true,d7a62118c050b97c351c905fcf0321e21ef6d61e17f7a501b8e2096552039356,b43a60e7345851bdfb3754545b8925084620ab764c2162f3dc0f3d26ec6efab0,288250,368731bdd1ce7db98d16341648dc4542a71617befdcebb88b675f7fb380c981c,3_purana/lip_2__u.txt
gretil,data/raw/gretil/3_purana/mkp1-93u.htm,3_purana/mkp1-93u.htm,data/canonical/gretil_iast/3_purana/mkp1-93u.txt,iast,doc_5b0bcb7e1fa567081256671d,purana,train,459789,19965,9983,true,false,c7e6336032e40bbcfe3a72cb9b3aec0d9568c70f18acdd312693956da2e30541,9c183320b7f3bd02dcca9be1c412fef60ac3e762d634e3771069f65fee203685,558132,368731bdd1ce7db98d16341648dc4542a71617befdcebb88b675f7fb380c981c,3_purana/mkp1-93u.txt
gretil,data/raw/gretil/3_purana/mtp176pu.htm,3_purana/mtp176pu.htm,data/canonical/gretil_iast/3_purana/mtp176pu.txt,iast,doc_e3c1a64917e3c962344d676f,purana,train,881278,36889,18445,false,false,86b9bab8b8be978af0dc07b0f4607371e9b42c6d77107ed223c45c47152717b6,0fbb43c2a70ab3bbf45915987b9e0d0e060fac0b40d930b234221dbe9bbcf770,1068842,368731bdd1ce7db98d16341648dc4542a71617befdcebb88b675f7fb380c981c,3_purana/mtp176pu.txt
gretil,data/raw/gretil/3_purana/nardp1_u.htm,3_purana/nardp1_u.htm,data/canonical/gretil_iast/3_purana/nardp1_u.txt,iast,doc_57e70353460d234df6247ddb,purana,train,1294967,53375,26688,false,false,209fed071a134b6d1bb13c792adacaecd27461617b2fc1030bdb55e841b76a65,bdebbca62bae15395e139857fe3a159ca0de8e796a0fdd509f139082339e51b3,1585422,368731bdd1ce7db98d16341648dc4542a71617befdcebb88b675f7fb380c981c,3_purana/nardp1_u.txt
gretil,data/raw/gretil/3_purana/nardp2_u.htm,3_purana/nardp2_u.htm,data/canonical/gretil_iast/3_purana/nardp2_u.txt,iast,doc_536e0a10379bfb7e10ce0ae0,purana,train,251950,10297,5149,false,false,72c31bda5f2b57f1eaeb0b0ac8cc0e515599120d77130084830e30ffdb2ca886,f7665fefb0775da3f620c473e51219c8bde85c7a681c46dd3462d64cb56da35c,306739,368731bdd1ce7db98d16341648dc4542a71617befdcebb88b675f7fb380c981c,3_purana/nardp2_u.txt
gretil,data/raw/gretil/3_purana/narsippu.htm,3_purana/narsippu.htm,data/canonical/gretil_iast/3_purana/narsippu.txt,iast,doc_7765c5040e468f6d67ce7a6b,purana,train,369636,14783,7392,false,true,9398b385f2a9036ac9e680919cf921047b79dae12c63ba3cd1a3b278c7d6aca8,ffb8a8abe0157267670e6d492b76c92d97234ef0935324fff5a89fcc9f1b9fad,450582,368731bdd1ce7db98d16341648dc4542a71617befdcebb88b675f7fb380c981c,3_purana/narsippu.txt
gretil,data/raw/gretil/3_purana/sivap1_u.htm,3_purana/sivap1_u.htm,data/canonical/gretil_iast/3_purana/sivap1_u.txt,iast,doc_0ec0243988ef38b6834d0fd7,purana,train,152344,6435,3218,false,false,47648a81ba2801e990e4341a00713e5837c9e94aa5b9f28ee2e897cf371bb711,35c7a7995bf23646fe762c1c2110c0142f02db1a09c9897d0fdba4a513f4d1dc,187756,368731bdd1ce7db98d16341648dc4542a71617befdcebb88b675f7fb380c981c,3_purana/sivap1_u.txt
gretil,data/raw/gretil/3_purana/sivap7_u.htm,3_purana/sivap7_u.htm,data/canonical/gretil_iast/3_purana/sivap7_u.txt,iast,doc_ca63c514794b1b4a0c288993,purana,train,416161,17415,8708,false,false,9ca90cd7e553a3b0ae46a85cd73d6bf2dff7e452c2ad012fe4697259c92965a7,6da02cd1454032568a7fd7371a286d735802f14cf37dd0756bb0c4afef9ec5bd,507749,368731bdd1ce7db98d16341648dc4542a71617befdcebb88b675f7fb380c981c,3_purana/sivap7_u.txt
gretil,data/raw/gretil/3_purana/skp031pu.htm,3_purana/skp031pu.htm,data/canonical/gretil_iast/3_purana/skp031pu.txt,iast,doc_6e174ec4a818996912c48e6b,purana,dev,175873,7553,3777,false,false,62d76af490a02d8fcfae2361568d349f7eba0db044f75ae0135b4441f3e461e2,f98b1603c8edbaf817a9f4aa49e446b05a9ea4edc19463679edf765066d41d1d,211573,368731bdd1ce7db98d16341648dc4542a71617befdcebb88b675f7fb380c981c,3_purana/skp031pu.txt
gretil,data/raw/gretil/3_purana/skprevku.htm,3_purana/skprevku.htm,data/canonical/gretil_iast/3_purana/skprevku.txt,iast,doc_09e60f4e697594e02e0fee51,purana,train,672793,28501,14251,false,false,0815656b09ea67ada754affac12d94df69ec4cfbef56346a9cd0d4a21b8b36c7,99dc7df5b94ff3bcb1cf0fb59717d5ffbf51506ba28f2d2ede4917acd54063fb,816272,368731bdd1ce7db98d16341648dc4542a71617befdcebb88b675f7fb380c981c,3_purana/skprevku.txt
gretil,data/raw/gretil/3_purana/vamp__u.htm,3_purana/vamp__u.htm,data/canonical/gretil_iast/3_purana/vamp__u.txt,iast,doc_dcb4848f2068458b7a9d47bc,purana,test,482333,19265,9633,false,false,8c513cc725f6788f6167fa789a35ab8b74d093315e1093b9a76210f4fe24ea7e,f95cb86b0729dcf035372d2745f88e2b7d2c31d7d7c4a0dd3a562c7449132c53,585389,368731bdd1ce7db98d16341648dc4542a71617befdcebb88b675f7fb380c981c,3_purana/vamp__u.txt
gretil,data/raw/gretil/3_purana/vd2127_u.htm,3_purana/vd2127_u.htm,data/canonical/gretil_iast/3_purana/vd2127_u.txt,iast,doc_f39aefa6dab151f3ab234b4f,purana,train,5607,229,114,false,false,b38eb1d77f0def3adfa41d601073d03394bd2b19a38441521f393021ab727a69,1ef5a6e485dd93f609ead48aa9f4d88a4d0338c05a2dcdd10a4310a4dad55e4f,6630,368731bdd1ce7db98d16341648dc4542a71617befdcebb88b675f7fb380c981c,3_purana/vd2127_u.txt
gretil,data/raw/gretil/3_purana/vd3343pu.htm,3_purana/vd3343pu.htm,data/canonical/gretil_iast/3_purana/vd3343pu.txt,iast,doc_b9b74f2a623a0def4bf8319c,purana,test,38821,2235,1118,false,false,41c563d8c88a02eb9b1dbbe568a0884babbd879152dfc89c9d885fcf43a5b7aa,48c407310a711aa8e0c93cbb0e0aed541b5acab2e326c04f89831c970393df45,46347,368731bdd1ce7db98d16341648dc4542a71617befdcebb88b675f7fb380c981c,3_purana/vd3343pu.txt
gretil,data/raw/gretil/3_purana/vipce_pu.htm,3_purana/vipce_pu.htm,data/canonical/gretil_iast/3_purana/vipce_pu.txt,iast,doc_d53335731554c00f92e34de5,purana,train,658391,26253,13127,false,false,bffea40e3e6d963acf6cce1da7162eeed473cbd5ec6d133b8e6917957ec3c5ad,69740c5f5d94e238acbfc5cc03e8d7f3f654652e9636c445308a43547161ce34,793730,368731bdd1ce7db98d16341648dc4542a71617befdcebb88b675f7fb380c981c,3_purana/vipce_pu.txt
gretil,data/raw/gretil/4_rellit/buddh/asmahsuu.htm,4_rellit/buddh/asmahsuu.htm,data/canonical/gretil_iast/4_rellit/buddh/asmahsuu.txt,iast,doc_1066c86fa0b2f94e3ee9ab90,religious_literature,train,310827,5682,2842,false,false,eb6ce0418a4bd963352ba053afdeede5ce0b90ba5e73f5f4e46b0b322059fb5c,e40a83a07e6fc61ffd5fd1e6a0608484423534c4bc65ae2d590449df168b4a6c,373300,368731bdd1ce7db98d16341648dc4542a71617befdcebb88b675f7fb380c981c,4_rellit/buddh/asmahsuu.txt
gretil,data/raw/gretil/4_rellit/buddh/avsata_u.htm,4_rellit/buddh/avsata_u.htm,data/canonical/gretil_iast/4_rellit/buddh/avsata_u.txt,iast,doc_8a5c00735ea61d59a107df21,religious_literature,train,682815,4623,2315,true,true,d61b8b689ae71d5e90a0cb5be97758fa7c94d01a3d60c8195c8a7fd13b6ba0dd,68400e21239ee322c95a190f6485053522a3094ba029afe630f14e894751e7c3,831238,368731bdd1ce7db98d16341648dc4542a71617befdcebb88b675f7fb380c981c,4_rellit/buddh/avsata_u.txt
gretil,data/raw/gretil/4_rellit/buddh/bhivin_u.htm,4_rellit/buddh/bhivin_u.htm,data/canonical/gretil_iast/4_rellit/buddh/bhivin_u.txt,iast,doc_a0506a54bb6ab615af8a39e9,religious_literature,train,380446,3303,1652,true,true,7821db0f7da7461de145f1da79f08e1d30ec8afdf9ba93edf3794d942991e4ea,7dff8488e79fea32458abf2ad299d80cb25f2e5f0e84502e2ae448bdccf8daa3,463867,368731bdd1ce7db98d16341648dc4542a71617befdcebb88b675f7fb380c981c,4_rellit/buddh/bhivin_u.txt
gretil,data/raw/gretil/4_rellit/buddh/divyav_u.htm,4_rellit/buddh/divyav_u.htm,data/canonical/gretil_iast/4_rellit/buddh/divyav_u.txt,iast,doc_4ff5fdf98c391b8d7635d688,religious_literature,test,1194891,32841,16421,false,false,c212ede81ef0972568f4689b7d6bb26d42691f4d69cb8d07998afbe023b6bc72,8d9950d106d55b296ff6aa38a7d45d7a3f787ff82df35dd588b09ef5831d0019,1454609,368731bdd1ce7db98d16341648dc4542a71617befdcebb88b675f7fb380c981c,4_rellit/buddh/divyav_u.txt
gretil,data/raw/gretil/4_rellit/buddh/mhvastuu.htm,4_rellit/buddh/mhvastuu.htm,data/canonical/gretil_iast/4_rellit/buddh/mhvastuu.txt,iast,doc_8ce895256ac31919f6062612,religious_literature,train,1608752,27731,13866,false,false,daf567444c83bb1874026b5d4583cb1cdfb3cddf5c4d0affa5cf024954e7f5cf,07e55a381a76dd8dc782eb199548f7d1d15f5e4e45ab49dbad6af1a4ce6c3c61,1950032,368731bdd1ce7db98d16341648dc4542a71617befdcebb88b675f7fb380c981c,4_rellit/buddh/mhvastuu.txt
gretil,data/raw/gretil/4_rellit/buddh/srabhu_u.htm,4_rellit/buddh/srabhu_u.htm,data/canonical/gretil_iast/4_rellit/buddh/srabhu_u.txt,iast,doc_5bac095b336a1b07c7acff20,religious_literature,train,399557,4610,2306,false,false,1cedc917b9db5e180a76501abf4913f7af56a7f3e0618b689cd31f41d69b4fc9,c52bc7843600cd8ec5f9853066e077ce4f7b253ffbf4984d8f1abbb6d7441a4f,465591,368731bdd1ce7db98d16341648dc4542a71617befdcebb88b675f7fb380c981c,4_rellit/buddh/srabhu_u.txt
gretil,data/raw/gretil/4_rellit/buddh/sukhvylu.htm,4_rellit/buddh/sukhvylu.htm,data/canonical/gretil_iast/4_rellit/buddh/sukhvylu.txt,iast,doc_e9b4845686d1edba22e20154,religious_literature,train,83404,3375,1688,false,false,8d2ee1c82d25b1690810c61c78e9f5cc8aa33dfb65e1b99d6109cddc4cdd0eb0,2043d5f7818324988bfda2cf3df286ddd0bd408b7738f96a21fd510c36ff4894,99327,368731bdd1ce7db98d16341648dc4542a71617befdcebb88b675f7fb380c981c,4_rellit/buddh/sukhvylu.txt
gretil,data/raw/gretil/4_rellit/buddh/sukhvysu.htm,4_rellit/buddh/sukhvysu.htm,data/canonical/gretil_iast/4_rellit/buddh/sukhvysu.txt,iast,doc_2a09266203dc621d6a5214f2,religious_literature,train,11340,377,189,false,false,3fc86e767a160ce41dc7688d65131ed769217947ec302c4d3958a53ceb8fbaf0,96adfac3b5a961ecd43d5349f3793148d167411506482b2abf2ecc4be61b2cb6,13699,368731bdd1ce7db98d16341648dc4542a71617befdcebb88b675f7fb380c981c,4_rellit/buddh/sukhvysu.txt
gretil,data/raw/gretil/4_rellit/buddh/udanav_u.htm,4_rellit/buddh/udanav_u.htm,data/canonical/gretil_iast/4_rellit/buddh/udanav_u.txt,iast,doc_fe242f157aaefae7c7e7e18b,religious_literature,dev,123163,4525,2263,false,false,b4fd66809e29e24c81b2aa4cc3e110b4ca63e9a90164cd778318ad6e95f760db,a523c83fcc7e06a4142383b9b7447e9d3f4563b2dad1aab42300539bb6b828a8,141634,368731bdd1ce7db98d16341648dc4542a71617befdcebb88b675f7fb380c981c,4_rellit/buddh/udanav_u.txt
gretil,data/raw/gretil/4_rellit/buddh/vimkn_u.htm,4_rellit/buddh/vimkn_u.htm,data/canonical/gretil_iast/4_rellit/buddh/vimkn_u.txt,iast,doc_ac58965be73b0033b2efa548,religious_literature,test,168119,1453,730,false,true,232e0bac5d14904c1d6290f432f29043134ab7fbcd518840d33a43c6de29349d,6c3c2e5b9ad2e861e4655b8e4b2e57b2702eead9c919abb7c68768de5b5eee64,200213,368731bdd1ce7db98d16341648dc4542a71617befdcebb88b675f7fb380c981c,4_rellit/buddh/vimkn_u.txt
gretil,data/raw/gretil/4_rellit/buddh/vinsutru.htm,4_rellit/buddh/vinsutru.htm,data/canonical/gretil_iast/4_rellit/buddh/vinsutru.txt,iast,doc_fe2a9b0b1b25b6b343b010a6,religious_literature,train,265022,12794,6399,false,false,9ccc21db234060f1f6fddadb5742bfb8485a2f0bdc61a2eb3cb39937171a18e0,22a74796a0e6fe6737cdfa6cfcc1de62b98fbc391ebd1ba51a06fd7e62687a10,316351,368731bdd1ce7db98d16341648dc4542a71617befdcebb88b675f7fb380c981c,4_rellit/buddh/vinsutru.txt
gretil,data/raw/gretil/4_rellit/buddh/vinv01_u.htm,4_rellit/buddh/vinv01_u.htm,data/canonical/gretil_iast/4_rellit/buddh/vinv01_u.txt,iast,doc_cd02db2761ca6f5c696abd80,religious_literature,train,92553,861,431,false,true,26becfe7944943a6750ceeea0a3d5d32d500647c6f712022e42c5a1d09570b1d,ec1599a996c5e787e0f6c9e971688efc1fa3760114fe2ef52ae555581aca00f9,111386,368731bdd1ce7db98d16341648dc4542a71617befdcebb88b675f7fb380c981c,4_rellit/buddh/vinv01_u.txt
gretil,data/raw/gretil/4_rellit/buddh/vinv02_u.htm,4_rellit/buddh/vinv02_u.htm,data/canonical/gretil_iast/4_rellit/buddh/vinv02_u.txt,iast,doc_1ed4e790a5d92d108d172753,religious_literature,dev,63523,1423,712,false,false,c6eecc4a1ba4a0771ed4bca1fbbee3adc8fdad25dd6902fbf4a3ce24b22dafce,412ee225fd1360161267fd18d6d5356568d8597a4324e23866453e508f58fcff,78686,368731bdd1ce7db98d16341648dc4542a71617befdcebb88b675f7fb380c981c,4_rellit/buddh/vinv02_u.txt
gretil,data/raw/gretil/4_rellit/buddh/vinv03_u.htm,4_rellit/buddh/vinv03_u.htm,data/canonical/gretil_iast/4_rellit/buddh/vinv03_u.txt,iast,doc_2c1103ac51b21a2e9fddad4b,religious_literature,train,33653,639,319,false,false,c64743d30250b218a5a5f296ca5914cf7041ec52ed8d9943506d5a2adfe33f08,b7cf3b0f4b0d1504674bea8df85461133f34d63fd91a8f3343f169b23b6c23fe,40651,368731bdd1ce7db98d16341648dc4542a71617befdcebb88b675f7fb380c981c,4_rellit/buddh/vinv03_u.txt
gretil,data/raw/gretil/4_rellit/buddh/vinv04_u.htm,4_rellit/buddh/vinv04_u.htm,data/canonical/gretil_iast/4_rellit/buddh/vinv04_u.txt,iast,doc_d5f3223ebd81ea0ac6dad620,religious_literature,train,34429,255,128,false,true,1a22b7248c2a30d614ee100e4cb716e130f6633edf31eb57eda0c1c4680effb3,a2622d68aea779728225c184c8718572604c18cbda3b5bc8d6c61d6c6f3f12e8,42441,368731bdd1ce7db98d16341648dc4542a71617befdcebb88b675f7fb380c981c,4_rellit/buddh/vinv04_u.txt
gretil,data/raw/gretil/4_rellit/buddh/vinv05_u.htm,4_rellit/buddh/vinv05_u.htm,data/canonical/gretil_iast/4_rellit/buddh/vinv05_u.txt,iast,doc_e968225e1ccb9a6aa7b3707b,religious_literature,train,61337,148,75,false,false,8f32b459bcaf9e9e2154417d48683dc0e3265017f1901873e87ef5b2989c5868,eb7ee4b43e76ef5d8dfcc9298ad953869384f0955798a6f5d468111a7fd6fd92,74630,368731bdd1ce7db98d16341648dc4542a71617befdcebb88b675f7fb380c981c,4_rellit/buddh/vinv05_u.txt
gretil,data/raw/gretil/4_rellit/buddh/vinv07_u.htm,4_rellit/buddh/vinv07_u.htm,data/canonical/gretil_iast/4_rellit/buddh/vinv07_u.txt,iast,doc_ddd9b9b6b5d0cb021c14d1ba,religious_literature,train,181786,537,271,false,false,bdafcc26abcac33d19c95d44b5d0b150184d0174cebd5041a7886ffa3a43b412,1ecd8e04aae0eb1260b9c22ff924527933702076a98b7d282f628e016db866a7,219350,368731bdd1ce7db98d16341648dc4542a71617befdcebb88b675f7fb380c981c,4_rellit/buddh/vinv07_u.txt
gretil,data/raw/gretil/4_rellit/buddh/vinv08_u.htm,4_rellit/buddh/vinv08_u.htm,data/canonical/gretil_iast/4_rellit/buddh/vinv08_u.txt,iast,doc_d8765d196f539c913f39a236,religious_literature,test,25015,213,107,false,true,18a87449ad51c97e1da1b3b48ebbdf8e4f96b40437b05173eb0f41b3a5b8238e,595c245b6cbe88f752a0b6fb3dfa988e1629864833436b067a2e4d14ece1542f,31543,368731bdd1ce7db98d16341648dc4542a71617befdcebb88b675f7fb380c981c,4_rellit/buddh/vinv08_u.txt
gretil,data/raw/gretil/4_rellit/buddh/vinv09_u.htm,4_rellit/buddh/vinv09_u.htm,data/canonical/gretil_iast/4_rellit/buddh/vinv09_u.txt,iast,doc_5f76fdcc9f436747239bb964,religious_literature,train,26724,153,77,false,false,5f255f875752271fde99c3bc7b7ab6a953bcaf17538c496d86cddba3c71ccf36,63dda531e999c7c3de7ff882112cbec8680976580f9646e873505a67861343cf,32607,368731bdd1ce7db98d16341648dc4542a71617befdcebb88b675f7fb380c981c,4_rellit/buddh/vinv09_u.txt
gretil,data/raw/gretil/4_rellit/buddh/vinv10_u.htm,4_rellit/buddh/vinv10_u.htm,data/canonical/gretil_iast/4_rellit/buddh/vinv10_u.txt,iast,doc_fed4ed3399bfad1a7df8b077,religious_literature,train,16615,83,42,false,false,15352fdc15fca6d7ec44b3ece6647be0357c9ddfb1bce1f60e47515c6b91de73,7de72911ae5bb58ce15d0b42dc7396f064372b2a4eeede05e80c5e107af48a9b,19747,368731bdd1ce7db98d16341648dc4542a71617befdcebb88b675f7fb380c981c,4_rellit/buddh/vinv10_u.txt
gretil,data/raw/gretil/4_rellit/buddh/vinv11_u.htm,4_rellit/buddh/vinv11_u.htm,data/canonical/gretil_iast/4_rellit/buddh/vinv11_u.txt,iast,doc_0c88b12287c5403565129ccc,religious_literature,train,73119,249,125,false,false,42c7ebc45719e7ad6d13aceb2b24b10a51528c6392a97337a90fa2a0dc4da15c,a3066ad29bdb23f5dc5bbd0ef1f68c9240a1e8269f8756c659ac998bcdd1b533,92329,368731bdd1ce7db98d16341648dc4542a71617befdcebb88b675f7fb380c981c,4_rellit/buddh/vinv11_u.txt
gretil,data/raw/gretil/4_rellit/buddh/vinv12_u.htm,4_rellit/buddh/vinv12_u.htm,data/canonical/gretil_iast/4_rellit/buddh/vinv12_u.txt,iast,doc_f05aca975a51e38a9f877fda,religious_literature,train,34810,181,91,false,false,97e27101b51f7fb4705afbb04c961b894e372548d271c03f3dd1688a71808346,fb21d16312c257ed97e60e1628a182b21af91c85a64c89e9ea290d7d296ec35e,42192,368731bdd1ce7db98d16341648dc4542a71617befdcebb88b675f7fb380c981c,4_rellit/buddh/vinv12_u.txt
gretil,data/raw/gretil/4_rellit/buddh/vinv13_u.htm,4_rellit/buddh/vinv13_u.htm,data/canonical/gretil_iast/4_rellit/buddh/vinv13_u.txt,iast,doc_6fe4c2d613209f3e224869fe,religious_literature,train,13482,85,43,false,false,49f6fcf2e367464f796baf9d064e7dabd40135d713c9e8d492ebddc0b6a66597,fc249507af045395fb119211f308fe09ae07806eaa37014a37f8ba2950de26b1,16741,368731bdd1ce7db98d16341648dc4542a71617befdcebb88b675f7fb380c981c,4_rellit/buddh/vinv13_u.txt
gretil,data/raw/gretil/4_rellit/buddh/vinv14_u.htm,4_rellit/buddh/vinv14_u.htm,data/canonical/gretil_iast/4_rellit/buddh/vinv14_u.txt,iast,doc_edc0c2f9567a71743c896755,religious_literature,train,13507,103,52,false,false,131ba364129b53e7349e63dc39dd6e39834affa3fd6fb5df8fa864040dde6e4a,f7831c445431c08054e41e8c984c945cbbb0ccd621c2fe5cbb5d07d2ff978d2a,16641,368731bdd1ce7db98d16341648dc4542a71617befdcebb88b675f7fb380c981c,4_rellit/buddh/vinv14_u.txt
gretil,data/raw/gretil/4_rellit/buddh/vinv15_u.htm,4_rellit/buddh/vinv15_u.htm,data/canonical/gretil_iast/4_rellit/buddh/vinv15_u.txt,iast,doc_7ea6dc06eeb2b1c0f6a67e84,religious_literature,train,97356,460,238,false,false,f1b4ec8e9e220815bbc403f54d4b9878a455ba4a9d6a99a86f8b979677a10301,a0c8498a71d6e70eac9314c43079eb83eb3cdbfb787510ea68a2de6e8431d1e4,117592,368731bdd1ce7db98d16341648dc4542a71617befdcebb88b675f7fb380c981c,4_rellit/buddh/vinv15_u.txt
gretil,data/raw/gretil/4_rellit/buddh/vinv16_u.htm,4_rellit/buddh/vinv16_u.htm,data/canonical/gretil_iast/4_rellit/buddh/vinv16_u.txt,iast,doc_4e29c1b0e576694c70f7f02d,religious_literature,train,94458,456,239,false,false,ecd53b8c30bb719f8b08fe514ff4aa6e87713baa4d88ca9211072c978cc07f61,6de228584dfe74b54c6489deda7796998a26e825183a249c41acebafeaf1bd49,115035,368731bdd1ce7db98d16341648dc4542a71617befdcebb88b675f7fb380c981c,4_rellit/buddh/vinv16_u.txt
gretil,data/raw/gretil/4_rellit/buddh/vinv171u.htm,4_rellit/buddh/vinv171u.htm,data/canonical/gretil_iast/4_rellit/buddh/vinv171u.txt,iast,doc_f349f7ea9ee2ac0045d8437b,religious_literature,train,380455,2336,1173,false,false,47098dd3f58869706eb3a096036a599621909e88dfb8f7788acac4d3b61bf9f0,6d737133f3a22898bda6bc34becd8eff1e71ea2a9c7027f79df5e85b5c43bfe8,460274,368731bdd1ce7db98d16341648dc4542a71617befdcebb88b675f7fb380c981c,4_rellit/buddh/vinv171u.txt
gretil,data/raw/gretil/4_rellit/buddh/vinv172u.htm,4_rellit/buddh/vinv172u.htm,data/canonical/gretil_iast/4_rellit/buddh/vinv172u.txt,iast,doc_966af94441cd7e6e1f3f59c0,religious_literature,train,502515,2976,1493,false,true,5fa759fbfd7aa172a96ea03c375d591d6f44a6c24281cc5d784219b478df2bc6,7da9959c031f71e65f2051cf7231a266441551563c7a8cbc518a4d070a957ee8,611568,368731bdd1ce7db98d16341648dc4542a71617befdcebb88b675f7fb380c981c,4_rellit/buddh/vinv172u.txt
gretil,data/raw/gretil/4_rellit/buddh/vinv_06u.htm,4_rellit/buddh/vinv_06u.htm,data/canonical/gretil_iast/4_rellit/buddh/vinv_06u.txt,iast,doc_eae6a2ded83e9e9b37f9631c,religious_literature,train,383300,3781,1914,false,false,2400b9ec6144da5ef4d0c1b965a10adeecf9e98ed7ae1e126716c752c7e4a275,eed8bd0f256d390d826408994e2521811f1aafc7bf8d83b4868fb47ed6db6109,463192,368731bdd1ce7db98d16341648dc4542a71617befdcebb88b675f7fb380c981c,4_rellit/buddh/vinv_06u.txt
gretil,data/raw/gretil/4_rellit/saiva/kirtm_pu.htm,4_rellit/saiva/kirtm_pu.htm,data/canonical/gretil_iast/4_rellit/saiva/kirtm_pu.txt,iast,doc_4e62b0a1b68ec0a204103ec5,religious_literature,train,17875,781,391,false,false,531748e0badf297404dc326459cb8291ac4c2eae8286e8a95a3054ca9af76e22,350926c3c458781205c6bcdefcba19de8fa184039e7c9d286a744630c8d97257,21224,368731bdd1ce7db98d16341648dc4542a71617befdcebb88b675f7fb380c981c,4_rellit/saiva/kirtm_pu.txt
gretil,data/raw/gretil/4_rellit/saiva/kubjt_pu.htm,4_rellit/saiva/kubjt_pu.htm,data/canonical/gretil_iast/4_rellit/saiva/kubjt_pu.txt,iast,doc_a13119d787e8d1e4d2b74bcd,religious_literature,train,304951,12567,6284,true,false,58d75eace1b24d363cec4ced6f2b134a31d95d84507a2a213c9a7d25d08a983c,8e0428479053a3f662ea64cd8dc1eef6fc4103bf3643bc0f49112526cd937308,370415,368731bdd1ce7db98d16341648dc4542a71617befdcebb88b675f7fb380c981c,4_rellit/saiva/kubjt_pu.txt
gretil,data/raw/gretil/4_rellit/saiva/malinivu.htm,4_rellit/saiva/malinivu.htm,data/canonical/gretil_iast/4_rellit/saiva/malinivu.txt,iast,doc_eca044c10000bd03db55355d,religious_literature,train,117711,5071,2536,false,false,eb1d85f5548e64ec589ef64006c6a7636102c2ba1a79696455f34729d6e83693,202b59ab6782ca06426da180e7f83c37b09cda1e391fee3489877d4b585d3933,142331,368731bdd1ce7db98d16341648dc4542a71617befdcebb88b675f7fb380c981c,4_rellit/saiva/malinivu.txt
gretil,data/raw/gretil/4_rellit/saiva/mrgt1mpu.htm,4_rellit/saiva/mrgt1mpu.htm,data/canonical/gretil_iast/4_rellit/saiva/mrgt1mpu.txt,iast,doc_b0a2e7dacd7280bd7c20abec,religious_literature,train,44601,1839,920,false,false,dfcc3a9484b9e3712ef532330be6291d2f11af42bd0e4ceccfda3691c1fa3c03,bee80f699432bb8e824a043094a6b36363425fe3ffb8c7babda8983d32d95578,53948,368731bdd1ce7db98d16341648dc4542a71617befdcebb88b675f7fb380c981c,4_rellit/saiva/mrgt1mpu.txt
gretil,data/raw/gretil/4_rellit/saiva/mrgt3mpu.htm,4_rellit/saiva/mrgt3mpu.htm,data/canonical/gretil_iast/4_rellit/saiva/mrgt3mpu.txt,iast,doc_1099e0787eec700c60efaa1e,religious_literature,train,13150,535,268,false,false,5e485fde0ce934630dba680a96ca903aeaf8ef9896a8a20e13b7783f133517be,37b0ae8f3c921198f5c0297a360c17c1c56deb73d09c1b9ccc9d80d99fe5f25b,15966,368731bdd1ce7db98d16341648dc4542a71617befdcebb88b675f7fb380c981c,4_rellit/saiva/mrgt3mpu.txt
gretil,data/raw/gretil/4_rellit/saiva/mrgt4mpu.htm,4_rellit/saiva/mrgt4mpu.htm,data/canonical/gretil_iast/4_rellit/saiva/mrgt4mpu.txt,iast,doc_cda5a82c68a4b6c1c6b659e4,religious_literature,train,6338,261,131,false,false,02faf431ba2a8d03d69db7222237fdacf2a85b929111a053e9764e0f38dcb38c,ecb5b439d3e843ba700643b0588b718a7baadfb6f7aea8aaa8f0bc80a39879b4,7675,368731bdd1ce7db98d16341648dc4542a71617befdcebb88b675f7fb380c981c,4_rellit/saiva/mrgt4mpu.txt
gretil,data/raw/gretil/4_rellit/saiva/parakspu.htm,4_rellit/saiva/parakspu.htm,data/canonical/gretil_iast/4_rellit/saiva/parakspu.txt,iast,doc_2984f82fbb9985dcdac058ae,religious_literature,train,53447,845,423,false,false,13834afd07d5b2c323b4aac73202f5858c99dc3d9e2f23d261b0432a52524e08,797eb06b5e1e4cc6a25b310e13ce647997bfb24e6bca0c82780f27c9645c078f,66171,368731bdd1ce7db98d16341648dc4542a71617befdcebb88b675f7fb380c981c,4_rellit/saiva/parakspu.txt
gretil,data/raw/gretil/4_rellit/saiva/pasupspu.htm,4_rellit/saiva/pasupspu.htm,data/canonical/gretil_iast/4_rellit/saiva/pasupspu.txt,iast,doc_f10f898c2f92dd3ff803ffad,religious_literature,train,4289,343,172,false,false,75a924a807a99df5f0ec69fa725a259aedda6d3edbf5c03d3c139c51725a3ca3,88c7ba99360c2c3ee0ef6c498e5ede48525a6bc77221f2435609695adebdb6c1,5047,368731bdd1ce7db98d16341648dc4542a71617befdcebb88b675f7fb380c981c,4_rellit/saiva/pasupspu.txt
gretil,data/raw/gretil/4_rellit/saiva/sivsutru.htm,4_rellit/saiva/sivsutru.htm,data/canonical/gretil_iast/4_rellit/saiva/sivsutru.txt,iast,doc_8e89282c7fd9cf99fe80f6fe,religious_literature,train,42122,1817,909,false,false,44134fe790ca336f8e51908fcf22462397483b1aee6d6969ff1a0b34c6e63988,d50141acfdd2bad0764286621aca4c06dd7d46c45924e5a68212266b6917866e,49967,368731bdd1ce7db98d16341648dc4542a71617befdcebb88b675f7fb380c981c,4_rellit/saiva/sivsutru.txt
gretil,data/raw/gretil/4_rellit/saiva/svact_pu.htm,4_rellit/saiva/svact_pu.htm,data/canonical/gretil_iast/4_rellit/saiva/svact_pu.txt,iast,doc_9f1c55ae337bf8fcef701e64,religious_literature,train,358036,14869,7435,false,false,d7ce0b4f251d1f79915c0a136e16de893e01443d8cf161489c7cd76dae30a9c7,04dfaf27e44dc447febed51dd10f122c1efde9d4a8a06945a8f6d081fa7f2def,433930,368731bdd1ce7db98d16341648dc4542a71617befdcebb88b675f7fb380c981c,4_rellit/saiva/svact_pu.txt
gretil,data/raw/gretil/4_rellit/saiva/todaltpu.htm,4_rellit/saiva/todaltpu.htm,data/canonical/gretil_iast/4_rellit/saiva/todaltpu.txt,iast,doc_bd4a6f11464b3f7839c27452,religious_literature,train,39243,1717,859,false,false,774df80ea1e760d8535708aaeebd722f0baf3aecd8243311adbf629b53e74dda,609acd50667db98b4e4db8af9e594a910f4f589512dac9fbad6e79fcfee511d8,48032,368731bdd1ce7db98d16341648dc4542a71617befdcebb88b675f7fb380c981c,4_rellit/saiva/todaltpu.txt
gretil,data/raw/gretil/4_rellit/saiva/vinst_pu.htm,4_rellit/saiva/vinst_pu.htm,data/canonical/gretil_iast/4_rellit/saiva/vinst_pu.txt,iast,doc_655ebb53a149cb85299a2d19,religious_literature,dev,39869,1675,836,false,false,bd06e9ecdbcec0449a765c9cd9f4b9345fe144c31a48d207dc0bf430015c9ae5,c21ff8ad520b8de381eeb24298589483fb2ceb94039799ec5600cb38ba490000,48070,368731bdd1ce7db98d16341648dc4542a71617befdcebb88b675f7fb380c981c,4_rellit/saiva/vinst_pu.txt
gretil,data/raw/gretil/4_rellit/vaisn/astavgpu.htm,4_rellit/vaisn/astavgpu.htm,data/canonical/gretil_iast/4_rellit/vaisn/astavgpu.txt,iast,doc_ce361addef3f648dc441d656,religious_literature,train,30224,1235,618,false,false,53e9dcba64ddda201bed2ab399db3a84474a6ef485afe488f6fc82193f4be34f,9c81f5ad1f4c203d2af2163cd893405a36f89928e56d36c190a0df8fd8b3e24e,35799,368731bdd1ce7db98d16341648dc4542a71617befdcebb88b675f7fb380c981c,4_rellit/vaisn/astavgpu.txt
gretil,data/raw/gretil/4_rellit/vaisn/hbhvil_u.htm,4_rellit/vaisn/hbhvil_u.htm,data/canonical/gretil_iast/4_rellit/vaisn/hbhvil_u.txt,iast,doc_5aeec0ebe99c30c3d52e91d8,religious_literature,train,533123,23619,11810,true,false,e6fa4951af64eb5841ae79ae9813efcbddd7137a6c80de78328bcf5b40c5cab2,51ff51bb8352d88ac39de278a862ceea6fbad9b5edd0b7146c62e6946cdbde2a,641744,368731bdd1ce7db98d16341648dc4542a71617befdcebb88b675f7fb380c981c,4_rellit/vaisn/hbhvil_u.txt
gretil,data/raw/gretil/4_rellit/vaisn/satvtanu.htm,4_rellit/vaisn/satvtanu.htm,data/canonical/gretil_iast/4_rellit/vaisn/satvtanu.txt,iast,doc_e7e3757a6517371985efaa03,religious_literature,train,73433,2901,1451,false,false,822f229b7346d1e9c3664f78dff61d8b847553a783ca8bbdec2afed7f62f521c,1ffd580dfc70867775fc8d03a4e320d4de0e24a08c24c04ecb2a150f60e322ee,89478,368731bdd1ce7db98d16341648dc4542a71617befdcebb88b675f7fb380c981c,4_rellit/vaisn/satvtanu.txt
gretil,data/raw/gretil/4_rellit/vaisn/ss1_tatu.htm,4_rellit/vaisn/ss1_tatu.htm,data/canonical/gretil_iast/4_rellit/vaisn/ss1_tatu.txt,iast,doc_3b16ae088bcb719cde199fef,religious_literature,test,108302,3471,1736,false,false,d9c89426a9a0349abea66aad9aa08985e7b8f6a573924595c872d8f1112e993b,67d9206014a15ed3209c68fb37186853234f83c3985d0ad75ba5128191f2a252,128765,368731bdd1ce7db98d16341648dc4542a71617befdcebb88b675f7fb380c981c,4_rellit/vaisn/ss1_tatu.txt
gretil,data/raw/gretil/4_rellit/vaisn/ss2_bhgu.htm,4_rellit/vaisn/ss2_bhgu.htm,data/canonical/gretil_iast/4_rellit/vaisn/ss2_bhgu.txt,iast,doc_381afd035a5d16169a3a032b,religious_literature,train,281967,10061,5030,true,false,c7b334188e57563ffeeb53f1f987f2957e60f80729fb9ce72dbd70a898399a6b,aa26831e52a4b8f129a6d7c0b201727b069a7ace87e04ead2d78b89c2c5829cc,331795,368731bdd1ce7db98d16341648dc4542a71617befdcebb88b675f7fb380c981c,4_rellit/vaisn/ss2_bhgu.txt
gretil,data/raw/gretil/4_rellit/vaisn/ss3_paru.htm,4_rellit/vaisn/ss3_paru.htm,data/canonical/gretil_iast/4_rellit/vaisn/ss3_paru.txt,iast,doc_cf381c71b8c5260c25a45ed3,religious_literature,train,177497,6367,3184,false,true,ea38d0b3f95b6df77cdcab0e73d1116a21619282d3a50a184aca5e6af227fd1d,2629092d372bebbc05cada4d0c5ea063f6de03d0326f2ff62d794723aade0eb0,209434,368731bdd1ce7db98d16341648dc4542a71617befdcebb88b675f7fb380c981c,4_rellit/vaisn/ss3_paru.txt
gretil,data/raw/gretil/4_rellit/vaisn/ss4_krsu.htm,4_rellit/vaisn/ss4_krsu.htm,data/canonical/gretil_iast/4_rellit/vaisn/ss4_krsu.txt,iast,doc_07a701bf9298a7c1313c6dfc,religious_literature,train,339262,11495,5748,true,false,f09fedd19326e4b57482fec540289694ffbe8b1a582d54f19af8544e0c410c7e,51280b18f59ee78deb71b36e1443d0f08cc4489e6a093c0c23fff670ccc5fbb7,404023,368731bdd1ce7db98d16341648dc4542a71617befdcebb88b675f7fb380c981c,4_rellit/vaisn/ss4_krsu.txt
gretil,data/raw/gretil/4_rellit/vaisn/ss5_bhku.htm,4_rellit/vaisn/ss5_bhku.htm,data/canonical/gretil_iast/4_rellit/vaisn/ss5_bhku.txt,iast,doc_3594569705a876e1b5c4482b,religious_literature,train,419282,15106,7552,true,false,5f293e45beb54d9adfe5d43917af9ddb22601cfbd1392c9350e6401ec9b89043,9c795f2a67d09f9eb27ea8ea0b8622cab8a290d7b449854e512540961a96a4a6,495260,368731bdd1ce7db98d16341648dc4542a71617befdcebb88b675f7fb380c981c,4_rellit/vaisn/ss5_bhku.txt
gretil,data/raw/gretil/4_rellit/vaisn/ss6_priu.htm,4_rellit/vaisn/ss6_priu.htm,data/canonical/gretil_iast/4_rellit/vaisn/ss6_priu.txt,iast,doc_9b4c7cedf691f25b71a152d2,religious_literature,train,403308,14583,7292,true,false,647d36a1681e471a1137d64a1bb7164ae84e82c94228601a6c5e08fda3c219ba,d6b0c33f4c411c62ddde459a591b90c82dfdc9694e4e54e89929a42296a57b07,479002,368731bdd1ce7db98d16341648dc4542a71617befdcebb88b675f7fb380c981c,4_rellit/vaisn/ss6_priu.txt
gretil,data/raw/gretil/4_rellit/vaisn/vaimp__u.htm,4_rellit/vaisn/vaimp__u.htm,data/canonical/gretil_iast/4_rellit/vaisn/vaimp__u.txt,iast,doc_c14cb53ae4516891d419fd02,religious_literature,train,264875,14946,7474,false,true,a7ae95dd35f7b51bd01267db6969fb85b090e45a6f417c7cff4a0ce1b25b2f26,b1b529ed26bae08ca97e548831dc419d99f646dbd81092b9aa44e6fa80cf5826,314831,368731bdd1ce7db98d16341648dc4542a71617befdcebb88b675f7fb380c981c,4_rellit/vaisn/vaimp__u.txt
gretil,data/raw/gretil/4_rellit/vaisn/yamcatpu.htm,4_rellit/vaisn/yamcatpu.htm,data/canonical/gretil_iast/4_rellit/vaisn/yamcatpu.txt,iast,doc_0eea1f48cf319dd4c311f29d,religious_literature,train,876,15,8,false,false,2f396613ef7195d313c7363d0d0d5c0967672bb525d6386ddd1cda594120e8ad,8d6261d1edfbe950da4b2ded409c79d41c34939d5270de8d0190c070336e3165,1054,368731bdd1ce7db98d16341648dc4542a71617befdcebb88b675f7fb380c981c,4_rellit/vaisn/yamcatpu.txt
gretil,data/raw/gretil/4_rellit/vaisn/yamsr_pu.htm,4_rellit/vaisn/yamsr_pu.htm,data/canonical/gretil_iast/4_rellit/vaisn/yamsr_pu.txt,iast,doc_5683ef098009c5538bf16653,religious_literature,train,9276,255,128,true,false,bc272632b7bb9b960f1a7286a6058041c7b0779517001eaab38d1e89120c8c2a,2e3892d126e560599b0f70fc74de42657140c71c37748f093b1053504037bf6b,10970,368731bdd1ce7db98d16341648dc4542a71617befdcebb88b675f7fb380c981c,4_rellit/vaisn/yamsr_pu.txt
gretil,data/raw/gretil/5_poetry/1_chandas/jvrtmspu.htm,5_poetry/1_chandas/jvrtmspu.htm,data/canonical/gretil_iast/5_poetry/1_chandas/jvrtmspu.txt,iast,doc_bdfaefa2a67aac879cceb1d4,poetry,train,23198,637,319,false,false,f2a65eaf514cf60a31647b5703a8023eda4ddf493e195178847c8d232024151b,606b76f2c21db24f510809d8d11b2aaf85d4bf91a9df0fcfc95df84b0618a26f,27130,368731bdd1ce7db98d16341648dc4542a71617befdcebb88b675f7fb380c981c,5_poetry/1_chandas/jvrtmspu.txt
gretil,data/raw/gretil/5_poetry/1_chandas/kedvratu.htm,5_poetry/1_chandas/kedvratu.htm,data/canonical/gretil_iast/5_poetry/1_chandas/kedvratu.txt,iast,doc_9f78d9e95a58901c88ffd664,poetry,train,14348,623,312,false,false,77a5363e22fb3abba1811d5aec317c834ffd107065e39cb145ef65529efa4e1f,0c83d000e1928de46004bc5f04b9d13fca817b7a30dc09c8428f505741de93fd,16741,368731bdd1ce7db98d16341648dc4542a71617befdcebb88b675f7fb380c981c,5_poetry/1_chandas/kedvratu.txt
gretil,data/raw/gretil/5_poetry/1_chandas/kvrtrsuu.htm,5_poetry/1_chandas/kvrtrsuu.htm,data/canonical/gretil_iast/5_poetry/1_chandas/kvrtrsuu.txt,iast,doc_67aba093af4f16ae51532d5b,poetry,train,89154,2579,1290,false,false,d3d6903fc0ba93869a241a461ac78640e9988a5333787d955183d2a565058395,f8cd913bc8bea73ee6a67dd39b67445139c180a067bef4bedbbd89e0066a3c9b,106612,368731bdd1ce7db98d16341648dc4542a71617befdcebb88b675f7fb380c981c,5_poetry/1_chandas/kvrtrsuu.txt
gretil,data/raw/gretil/5_poetry/1_natya/bharnatu.htm,5_poetry/1_natya/bharnatu.htm,data/canonical/gretil_iast/5_poetry/1_natya/bharnatu.txt,iast,doc_ccf4fc2876207faaace5526c,poetry,train,456060,18461,9231,false,false,6a72837d9d0ecdd27ed8d82114343673bc00d902856b17ae7825516ad0c9012d,49e750713a0eedb650160c4a1cb0d1305966e86bf623c46918930581d489d56b,556739,368731bdd1ce7db98d16341648dc4542a71617befdcebb88b675f7fb380c981c,5_poetry/1_natya/bharnatu.txt
gretil,data/raw/gretil/5_poetry/1_natya/dhandasu.htm,5_poetry/1_natya/dhandasu.htm,data/canonical/gretil_iast/5_poetry/1_natya/dhandasu.txt,iast,doc_af85f041908a679399ead11f,poetry,train,30147,1263,632,false,false,a550dc882695538a6975d850c8152b63c5ee6de1273f7dc5cbe1da39326dc40f,00ef5f1789ab0984834a14c42a64d6ac61509c9c79f0ed9bdc92415af3f90513,36914,368731bdd1ce7db98d16341648dc4542a71617befdcebb88b675f7fb380c981c,5_poetry/1_natya/dhandasu.txt
gretil,data/raw/gretil/5_poetry/2_kavya/akadambu.htm,5_poetry/2_kavya/akadambu.htm,data/canonical/gretil_iast/5_poetry/2_kavya/akadambu.txt,iast,doc_ef37dc0264c5441a4afca58b,poetry,train,89028,3575,1788,false,false,9899e47fdb20a1b18a1621ce35a6dbfda32fd808000a4314570ddd4f06859cad,932b1bbbc320c632c069cb5e88bfdeab065ad67333122ec83c8e28624f29a02f,106343,368731bdd1ce7db98d16341648dc4542a71617befdcebb88b675f7fb380c981c,5_poetry/2_kavya/akadambu.txt
gretil,data/raw/gretil/5_poetry/2_kavya/amaru_u.htm,5_poetry/2_kavya/amaru_u.htm,data/canonical/gretil_iast/5_poetry/2_kavya/amaru_u.txt,iast,doc_4bbb7fbe786fab461c9fc5bd,poetry,test,55084,2165,1083,false,false,8ff5d7ddf375d146cf7928f06c95a422ad84e9a19bc076059ce1f00cf40874f8,75a1ae7d40b6ead79453932b5224591cff37a64e0dbb8f9306d09137645a7340,65943,368731bdd1ce7db98d16341648dc4542a71617befdcebb88b675f7fb380c981c,5_poetry/2_kavya/amaru_u.txt
gretil,data/raw/gretil/5_poetry/2_kavya/asvbuc2u.htm,5_poetry/2_kavya/asvbuc2u.htm,data/canonical/gretil_iast/5_poetry/2_kavya/asvbuc2u.txt,iast,doc_05ead97b790051409ae24075,poetry,train,125745,4191,2096,false,false,7fa054263f81113d4b8ddf1e12656eca63c1af1cd37e4e9ba9ddf87837d20aae,c465c003e225702fd86d45f7440ab54c9aaa007bf06eaf818fab8c9fbfd64576,151404,368731bdd1ce7db98d16341648dc4542a71617befdcebb88b675f7fb380c981c,5_poetry/2_kavya/asvbuc2u.txt
gretil,data/raw/gretil/5_poetry/2_kavya/asvsau2u.htm,5_poetry/2_kavya/asvsau2u.htm,data/canonical/gretil_iast/5_poetry/2_kavya/asvsau2u.txt,iast,doc_271a49ed2c3b2b22d917039c,poetry,train,127931,4439,2220,false,false,c381a03455bf704f1bf2026690ecf04d6243cc806a8892e052812dd5e2f7e21e,2eb7d7c0ba216ecbcc6afd9dcf0547f96ada94950df9681bd1e32e7421971c4a,153419,368731bdd1ce7db98d16341648dc4542a71617befdcebb88b675f7fb380c981c,5_poetry/2_kavya/asvsau2u.txt
gretil,data/raw/gretil/5_poetry/2_kavya/bhakirpu.htm,5_poetry/2_kavya/bhakirpu.htm,data/canonical/gretil_iast/5_poetry/2_kavya/bhakirpu.txt,iast,doc_bb0821ca58664d8caf9d2e21,poetry,train,132428,4159,2080,false,false,1867b5559c7b480a23ba0768f6186cdf71a2288695af63aab5c106858f556a92,be001e8a03714f750ce1e92f4e1052f140026aabae8f861467008c6b945f8ca5,158809,368731bdd1ce7db98d16341648dc4542a71617befdcebb88b675f7fb380c981c,5_poetry/2_kavya/bhakirpu.txt
gretil,data/raw/gretil/5_poetry/2_kavya/bhattiku.htm,5_poetry/2_kavya/bhattiku.htm,data/canonical/gretil_iast/5_poetry/2_kavya/bhattiku.txt,iast,doc_b9e1bf8f54136198fb9708c2,poetry,train,176982,6691,3346,false,false,0d50e8b762c38917dc490da665d81123b5d8f1869164c08fa307e6f8b3d1e429,3f30c62175867e82e37099a71bd74b20138db21516d4b7d1260eb90239d26477,216616,368731bdd1ce7db98d16341648dc4542a71617befdcebb88b675f7fb380c981c,5_poetry/2_kavya/bhattiku.txt
gretil,data/raw/gretil/5_poetry/2_kavya/bicauppu.htm,5_poetry/2_kavya/bicauppu.htm,data/canonical/gretil_iast/5_poetry/2_kavya/bicauppu.txt,iast,doc_476331f057ba8a98f52d7d17,poetry,train,7823,203,102,false,false,700320a133f1f9c6ef123e07111aac9bf39442eb6aa1ce61e363700805fb465b,2768b04d628cc8a28e4adc1b50bc0d680cbb3c5a522c93e505306025f707e244,9506,368731bdd1ce7db98d16341648dc4542a71617befdcebb88b675f7fb380c981c,5_poetry/2_kavya/bicauppu.txt
gretil,data/raw/gretil/5_poetry/2_kavya/dandkc_u.htm,5_poetry/2_kavya/dandkc_u.htm,data/canonical/gretil_iast/5_poetry/2_kavya/dandkc_u.txt,iast,doc_8294d8a49355ce4cd80af951,poetry,train,242647,4649,2325,false,false,df758848005f571f364a557a4d2ce0e9efa30decd077f00c6ae3885b090d49d8,9acbbb37e80984fc58e9498041e84cfc68e16c93682650d0f916d57684b4f048,291058,368731bdd1ce7db98d16341648dc4542a71617befdcebb88b675f7fb380c981c,5_poetry/2_kavya/dandkc_u.txt
gretil,data/raw/gretil/5_poetry/2_kavya/jaygit2u.htm,5_poetry/2_kavya/jaygit2u.htm,data/canonical/gretil_iast/5_poetry/2_kavya/jaygit2u.txt,iast,doc_1443663b360480c6c344bb34,poetry,train,47456,1669,835,false,false,8fbc0742c76fc2e1a4232bbb068e772ed14011ac44a727700aea01ff0051b36b,92e42dca084822d3a5390a4ed4cb2fee070cf1a90ba1094df48c6b55a6ed6cc4,54532,368731bdd1ce7db98d16341648dc4542a71617befdcebb88b675f7fb380c981c,5_poetry/2_kavya/jaygit2u.txt
gretil,data/raw/gretil/5_poetry/2_kavya/kakumspu.htm,5_poetry/2_kavya/kakumspu.htm,data/canonical/gretil_iast/5_poetry/2_kavya/kakumspu.txt,iast,doc_c50558e3b408d1b37d4956c7,poetry,train,73730,2451,1226,false,false,fb94ec25fef9041972cb22f686e67b112aba19ceeb44245cc9c1064e67b716af,0432f230197f5a1ac3fc81746e2b6c9c65baf063425033f5c608325da4def220,88660,368731bdd1ce7db98d16341648dc4542a71617befdcebb88b675f7fb380c981c,5_poetry/2_kavya/kakumspu.txt
gretil,data/raw/gretil/5_poetry/2_kavya/kalrs_pu.htm,5_poetry/2_kavya/kalrs_pu.htm,data/canonical/gretil_iast/5_poetry/2_kavya/kalrs_pu.txt,iast,doc_7ff5bdf9218915f079ba66d1,poetry,train,22967,643,322,false,false,bc03ada77085f2e6d2940bb97603694465380ba996c4ab872649fae5a10d71dd,e5b2d6bc1d5daf02782d6b53066bf7218921d8a371b685e4acfa182597424501,28012,368731bdd1ce7db98d16341648dc4542a71617befdcebb88b675f7fb380c981c,5_poetry/2_kavya/kalrs_pu.txt
gretil,data/raw/gretil/5_poetry/2_kavya/kmeghdpu.htm,5_poetry/2_kavya/kmeghdpu.htm,data/canonical/gretil_iast/5_poetry/2_kavya/kmeghdpu.txt,iast,doc_b65437e0a2e124a28cb1ee24,poetry,train,21842,445,223,false,false,7188b7f56fa77b02e6ee8286a6d902d5d87b2dec09a6572f7afd5bc7abf8cce5,d54a3500b02810941e255c692556973ce1e8443faa145ece5d6597121cfa7002,26675,368731bdd1ce7db98d16341648dc4542a71617befdcebb88b675f7fb380c981c,5_poetry/2_kavya/kmeghdpu.txt
gretil,data/raw/gretil/5_poetry/2_kavya/kragh_pu.htm,5_poetry/2_kavya/kragh_pu.htm,data/canonical/gretil_iast/5_poetry/2_kavya/kragh_pu.txt,iast,doc_d9fc7b4a62e9a863d976600d,poetry,train,194069,6551,3276,false,false,4fdfb0bcd63334086700831fc5e43f8ed970eff172cc3c96fc4a341bae417d1a,1892310059efdfedf4f09a74e98389a8b10414ae7883a324aed9c46752d0ab7b,233744,368731bdd1ce7db98d16341648dc4542a71617befdcebb88b675f7fb380c981c,5_poetry/2_kavya/kragh_pu.txt
gretil,data/raw/gretil/5_poetry/2_kavya/maghspvu.htm,5_poetry/2_kavya/maghspvu.htm,data/canonical/gretil_iast/5_poetry/2_kavya/maghspvu.txt,iast,doc_aa90a9910da89b391e12f21c,poetry,train,207299,6581,3291,false,false,a64ba87a7f7897afc7f2e3c6dfa69abe23e33e684e6051c36f88998572d935e5,28eaea5cb6e63af0102357d6c93f4929c58d3272e53984528c57587d922788f4,247976,368731bdd1ce7db98d16341648dc4542a71617befdcebb88b675f7fb380c981c,5_poetry/2_kavya/maghspvu.txt
gretil,data/raw/gretil/5_poetry/2_kavya/nkalivpu.htm,5_poetry/2_kavya/nkalivpu.htm,data/canonical/gretil_iast/5_poetry/2_kavya/nkalivpu.txt,iast,doc_e3e54491d0a7ecf58e678eaf,poetry,train,10346,431,216,false,false,b316ce092c43c61bf35e528466d905757e7e4e4fb10a18865f35883c77f58241,59193c07d4c8eea92a02f44cd7ba3c7264491bfd433de03667915cf84c3ef6b4,12302,368731bdd1ce7db98d16341648dc4542a71617befdcebb88b675f7fb380c981c,5_poetry/2_kavya/nkalivpu.txt
gretil,data/raw/gretil/5_poetry/2_kavya/padnscpu.htm,5_poetry/2_kavya/padnscpu.htm,data/canonical/gretil_iast/5_poetry/2_kavya/padnscpu.txt,iast,doc_c3269b8816fe1326c4b15a52,poetry,train,192018,6649,3325,false,false,90eb33c94255d81dfb9703ba3f9eadbb3c252929cf7c7048e479d438e6ee5a43,cd168dd4b8cd4a6dfc19e7d8262734ee492c9f2695562f7ba3e1a542a18fbf98,228124,368731bdd1ce7db98d16341648dc4542a71617befdcebb88b675f7fb380c981c,5_poetry/2_kavya/padnscpu.txt
gretil,data/raw/gretil/5_poetry/2_kavya/ramodtpu.htm,5_poetry/2_kavya/ramodtpu.htm,data/canonical/gretil_iast/5_poetry/2_kavya/ramodtpu.txt,iast,doc_58370f125ad93c8b4230a99f,poetry,train,22696,895,448,false,false,6cb5ae1410fa46f2e30beb98d4b35322f810d5f2e2d6868ee3d33b6f2a1c5298,02d71eb4fd8d7f2d6c0d413fa6692d2c76d278c233e9d29a6cd3754240b3580e,27552,368731bdd1ce7db98d16341648dc4542a71617befdcebb88b675f7fb380c981c,5_poetry/2_kavya/ramodtpu.txt
gretil,data/raw/gretil/5_poetry/4_narr/brkas_pu.htm,5_poetry/4_narr/brkas_pu.htm,data/canonical/gretil_iast/5_poetry/4_narr/brkas_pu.txt,iast,doc_96d002865432e41195bd6cd6,poetry,train,448874,18186,9094,false,false,dbc7a2b7ce919e80277d7ccd6d3ddbc80219fd990f2eaef368e3b05492766a7b,91487c9d8cf65e6d8c50dfce7c998a0a2ab8716dee316d55a5c6e7c6939483f7,540923,368731bdd1ce7db98d16341648dc4542a71617befdcebb88b675f7fb380c981c,5_poetry/4_narr/brkas_pu.txt
gretil,data/raw/gretil/5_poetry/4_narr/hitop_u.htm,5_poetry/4_narr/hitop_u.htm,data/canonical/gretil_iast/5_poetry/4_narr/hitop_u.txt,iast,doc_a539d7c7efa3cb2f9e08c259,poetry,train,175919,5254,2630,false,false,98017f5e69701d91bcf0864597653e579c7195ef7b75620b1fbb8a61f5f4c0e6,22df0f28238f01e2c789e69c848441729f5fd44ed1a85fad43976713c222ca55,209787,368731bdd1ce7db98d16341648dc4542a71617befdcebb88b675f7fb380c981c,5_poetry/4_narr/hitop_u.txt
gretil,data/raw/gretil/5_poetry/4_narr/sokss_pu.htm,5_poetry/4_narr/sokss_pu.htm,data/canonical/gretil_iast/5_poetry/4_narr/sokss_pu.txt,iast,doc_cea9d255acbc481472902ccb,poetry,dev,2214041,86905,43452,false,false,59f95e0e6e7a3a19329ca169ffb6f455084790eed48c0c4cad546cc6288ffcfa,5a7b538da7abb40d11d923153d30d8312391b89a3649d59d73528851520c1687,2646690,368731bdd1ce7db98d16341648dc4542a71617befdcebb88b675f7fb380c981c,5_poetry/4_narr/sokss_pu.txt
gretil,data/raw/gretil/5_poetry/4_narr/suksaptu.htm,5_poetry/4_narr/suksaptu.htm,data/canonical/gretil_iast/5_poetry/4_narr/suksaptu.txt,iast,doc_4a1ae3ecb438b753bfccbc48,poetry,train,147559,5365,2683,false,false,8182463149830d341dc3f937a7d9a5280691c32a2ad22ddee44a746f8865991a,aacf1611a26f283044ddf719f5f724992246241cdfee118c3f479bc824a1aba6,176887,368731bdd1ce7db98d16341648dc4542a71617befdcebb88b675f7fb380c981c,5_poetry/4_narr/suksaptu.txt
gretil,data/raw/gretil/5_poetry/4_narr/ttrkhy1u.htm,5_poetry/4_narr/ttrkhy1u.htm,data/canonical/gretil_iast/5_poetry/4_narr/ttrkhy1u.txt,iast,doc_bbec46ba317f87db1d9d80dc,poetry,train,34482,1721,861,false,false,974a7dc4c64aabcd20f52d64d305ddf85a67a44aa6e7d264cd07d1682cd99e16,9d7f8dd8e30a4c8f5a5e1b39fa37f3c783b76eb0e82c25d7a7e92cd4370a8632,41019,368731bdd1ce7db98d16341648dc4542a71617befdcebb88b675f7fb380c981c,5_poetry/4_narr/ttrkhy1u.txt
gretil,data/raw/gretil/5_poetry/4_narr/ttrkhy2u.htm,5_poetry/4_narr/ttrkhy2u.htm,data/canonical/gretil_iast/5_poetry/4_narr/ttrkhy2u.txt,iast,doc_8ffe0b01aa19d8e906e0eaf2,poetry,train,24721,1223,612,false,false,7dfad9fc209a0e4b10ff25ebd7b7690516af9605c6af84fca94bf558856f10fa,e54cef5a615738ed4180e869807e20605cc0c65b49e4a732f96536a9c0d5d881,29311,368731bdd1ce7db98d16341648dc4542a71617befdcebb88b675f7fb380c981c,5_poetry/4_narr/ttrkhy2u.txt
gretil,data/raw/gretil/5_poetry/5_subhas/bharst_u.htm,5_poetry/5_subhas/bharst_u.htm,data/canonical/gretil_iast/5_poetry/5_subhas/bharst_u.txt,iast,doc_6e17babcee99ec0169bafa37,poetry,train,60412,2501,1251,false,false,53be24a60eea83fd621093ee68c3694575527ae90b8818e7ab75a8cc2f84a680,16d2504cccbe5585f68e6e48cee9faff83eef7117c6a423a32945673af186d66,72802,368731bdd1ce7db98d16341648dc4542a71617befdcebb88b675f7fb380c981c,5_poetry/5_subhas/bharst_u.txt
gretil,data/raw/gretil/5_poetry/5_subhas/ksdarppu.htm,5_poetry/5_subhas/ksdarppu.htm,data/canonical/gretil_iast/5_poetry/5_subhas/ksdarppu.txt,iast,doc_b6638f51b8d4559f7c69c576,poetry,test,64271,2401,1201,false,false,7c0cdc212f40e2fbb61f2281e8f13367ab478294c590b7059bc966f2068b5db4,9296d9902b1f7a1c324d37edfe3052d0dad5c117b0f4573ac48e3ded8da2e192,78352,368731bdd1ce7db98d16341648dc4542a71617befdcebb88b675f7fb380c981c,5_poetry/5_subhas/ksdarppu.txt
gretil,data/raw/gretil/5_poetry/5_subhas/msubhs_u.htm,5_poetry/5_subhas/msubhs_u.htm,data/canonical/gretil_iast/5_poetry/5_subhas/msubhs_u.txt,iast,doc_1090644b3d4ac55cd19400d9,poetry,train,1331615,40841,20421,false,false,a510d2d584c6c8fcc02382faa433591027ce2142fc66b683500e9c066112d342,3845a3b165449c8d8346fea4c16e1545ac8a2f03499afdce84bdda1a03cc7183,1609396,368731bdd1ce7db98d16341648dc4542a71617befdcebb88b675f7fb380c981c,5_poetry/5_subhas/msubhs_u.txt
gretil,data/raw/gretil/5_poetry/5_subhas/valsubhu.htm,5_poetry/5_subhas/valsubhu.htm,data/canonical/gretil_iast/5_poetry/5_subhas/valsubhu.txt,iast,doc_e4c5c00dbe62e559e29c222c,poetry,train,155792,6679,3340,false,false,d03c0f86c392ff2138e775a7ae11f2102fc61f795177019b07bdac71bf8ca22a,adaf8bc829d652cbc403f158ee2efc84135619d5252b31d9df9ec6a8f6852d6b,188000,368731bdd1ce7db98d16341648dc4542a71617befdcebb88b675f7fb380c981c,5_poetry/5_subhas/valsubhu.txt
gretil,data/raw/gretil/5_poetry/5_subhas/vidsrgpu.htm,5_poetry/5_subhas/vidsrgpu.htm,data/canonical/gretil_iast/5_poetry/5_subhas/vidsrgpu.txt,iast,doc_c5da1e1f332631b9920a80d2,poetry,train,398685,9473,4737,false,false,fa020af0ff64f80a6fc39bf6f67aeafc37ae3cb579e7acb8f7f65bfde14212d7,ef65742aab33e9610d40f8c7d736da898816a45d0ed43f4fe10d692cbef546be,467548,368731bdd1ce7db98d16341648dc4542a71617befdcebb88b675f7fb380c981c,5_poetry/5_subhas/vidsrgpu.txt
gretil,data/raw/gretil/5_poetry/6_hist/jonart_pu.htm,5_poetry/6_hist/jonart_pu.htm,data/canonical/gretil_iast/5_poetry/6_hist/jonart_pu.txt,iast,doc_fb15cc1827af36f2417b3ebf,poetry,train,138611,5359,2680,false,false,d9551380608025be0570bba23ff42d8185801012aa1149455348dff836d28ccc,00fdb467add539db69baad8df6b15355c06069b8a289f407486d81db0cc781eb,166474,368731bdd1ce7db98d16341648dc4542a71617befdcebb88b675f7fb380c981c,5_poetry/6_hist/jonart_pu.txt
gretil,data/raw/gretil/6_sastra/3_phil/buddh/nagmmk_u.htm,6_sastra/3_phil/buddh/nagmmk_u.htm,data/canonical/gretil_iast/6_sastra/3_phil/buddh/nagmmk_u.txt,iast,doc_5becb02938cd3a6ff3328ce0,sastra,train,44341,1791,896,false,false,8bd95e7e91fd12a17d144b4a32174da43854b65693a5c506a6ab479ca90533e8,d8986c50e0ab7d0037d901595fdc0d4999d30b4079a5b1e86cb3a3626718a9ef,51733,368731bdd1ce7db98d16341648dc4542a71617befdcebb88b675f7fb380c981c,6_sastra/3_phil/buddh/nagmmk_u.txt
gretil,data/raw/gretil/6_sastra/3_phil/buddh/nagvigvu.htm,6_sastra/3_phil/buddh/nagvigvu.htm,data/canonical/gretil_iast/6_sastra/3_phil/buddh/nagvigvu.txt,iast,doc_c7008040e19b916ff17f3ec6,sastra,train,41771,667,334,false,false,85ec9da540c22d55f6401b2dcc5d952fa81a95a69a50c7b4ed5f87b9cb7398c5,a5965a95d555d11c9459687ca054835d9f3f23588601ce10bb0088e97f63ca8a,49773,368731bdd1ce7db98d16341648dc4542a71617befdcebb88b675f7fb380c981c,6_sastra/3_phil/buddh/nagvigvu.txt
gretil,data/raw/gretil/6_sastra/3_phil/buddh/nrat_1_u.htm,6_sastra/3_phil/buddh/nrat_1_u.htm,data/canonical/gretil_iast/6_sastra/3_phil/buddh/nrat_1_u.txt,iast,doc_22fbd4ecd0a1a637c0713200,sastra,train,7783,311,156,false,false,081142e3fb38ff0441f75d4dd4bb30be2f0acc5b0def05d6cc1496e38ded3079,73def44a6835d2f4f29796082abfecbb4e2398c245bd579c6aa5a6c9e193f91e,9289,368731bdd1ce7db98d16341648dc4542a71617befdcebb88b675f7fb380c981c,6_sastra/3_phil/buddh/nrat_1_u.txt
gretil,data/raw/gretil/6_sastra/3_phil/buddh/nrat_2_u.htm,6_sastra/3_phil/buddh/nrat_2_u.htm,data/canonical/gretil_iast/6_sastra/3_phil/buddh/nrat_2_u.txt,iast,doc_946b6087fbcdd1b5ab727f58,sastra,train,4756,191,96,false,false,45446a958eb55bc52dbed797181595bd712cf26d975a439b857257b0e968f8cb,1c2b4ba4d6b4fd70d74f622a6c3ff151af808e264fb09c06c49b348ab505827d,5619,368731bdd1ce7db98d16341648dc4542a71617befdcebb88b675f7fb380c981c,6_sastra/3_phil/buddh/nrat_2_u.txt
gretil,data/raw/gretil/6_sastra/3_phil/buddh/nrat_4_u.htm,6_sastra/3_phil/buddh/nrat_4_u.htm,data/canonical/gretil_iast/6_sastra/3_phil/buddh/nrat_4_u.txt,iast,doc_eb8d35e7a8c3fc3250477dae,sastra,train,10226,407,204,false,false,303272a06038e1c77fcd94ebf8cf5c2d41b22d3d1d4b66d1914d2f6b1ea52a89,4ff3470797053fad01b95c5ea0514f3379bc1d5b524d3fa09eadc37dfae268d8,12397,368731bdd1ce7db98d16341648dc4542a71617befdcebb88b675f7fb380c981c,6_sastra/3_phil/buddh/nrat_4_u.txt
gretil,data/raw/gretil/6_sastra/3_phil/buddh/pramanvu.htm,6_sastra/3_phil/buddh/pramanvu.htm,data/canonical/gretil_iast/6_sastra/3_phil/buddh/pramanvu.txt,iast,doc_412952e2aafa6b98145766b2,sastra,train,140457,5831,2916,false,false,dca61b9c79a12d31adee0adb36950a596329dd32ee5c2e0033f9524f5ee31d92,07dd87ad97dcf9b54494d6b8b093612a609ac6fcf6081782a078542df52bd1a6,166768,368731bdd1ce7db98d16341648dc4542a71617befdcebb88b675f7fb380c981c,6_sastra/3_phil/buddh/pramanvu.txt
gretil,data/raw/gretil/6_sastra/3_phil/buddh/santbcpu.htm,6_sastra/3_phil/buddh/santbcpu.htm,data/canonical/gretil_iast/6_sastra/3_phil/buddh/santbcpu.txt,iast,doc_3834297eebc91185e2ea2330,sastra,train,91986,3693,1847,false,false,3cf5f73f28b9a8b4d356ade5de21301210ae67f20ab924b377bbbd8437f2b577,1d11a39171984cb9143b706a14fc49e897ad7b5f8fb7ebc88ea5ed090e36132b,110307,368731bdd1ce7db98d16341648dc4542a71617befdcebb88b675f7fb380c981c,6_sastra/3_phil/buddh/santbcpu.txt
gretil,data/raw/gretil/6_sastra/3_phil/buddh/vakobhau.htm,6_sastra/3_phil/buddh/vakobhau.htm,data/canonical/gretil_iast/6_sastra/3_phil/buddh/vakobhau.txt,iast,doc_10c3c60df92f7a5aeeec0f36,sastra,train,807993,58371,15788,false,false,340cf7014f4bd14f6253ddbbe26e3fc86c70111ded5df1bbeeb6968c26a7aecb,16264276047213d947f869632e7ef6fdd1eecffc5750c7f04964890c958ab932,968045,368731bdd1ce7db98d16341648dc4542a71617befdcebb88b675f7fb380c981c,6_sastra/3_phil/buddh/vakobhau.txt
gretil,data/raw/gretil/6_sastra/3_phil/mimamsa/jaimsutu.htm,6_sastra/3_phil/mimamsa/jaimsutu.htm,data/canonical/gretil_iast/6_sastra/3_phil/mimamsa/jaimsutu.txt,iast,doc_0520f1bc37cf0b5f52dcd76b,sastra,train,110983,5455,2728,false,false,eb61e1395f522dfa0956a345dc8e20246e8747fec90cce8ac44c62aeab9d9fad,8b97f304755c2e1e8c53537868b2969ea05ca73df5fe5bc0da4b986fbae657ec,131787,368731bdd1ce7db98d16341648dc4542a71617befdcebb88b675f7fb380c981c,6_sastra/3_phil/mimamsa/jaimsutu.txt
gretil,data/raw/gretil/6_sastra/3_phil/nyaya/antarkpu.htm,6_sastra/3_phil/nyaya/antarkpu.htm,data/canonical/gretil_iast/6_sastra/3_phil/nyaya/antarkpu.txt,iast,doc_a7d50cb6445f74884fe15b8b,sastra,train,13588,169,86,false,false,8e96129a93d138b956fe4f7c25101601da8344f18b2a57ecc99aea9635eceded,0ba1c557f83437b730580943d7bbfd4001bc80c35ee76f6774e001e0a6b5d535,16263,368731bdd1ce7db98d16341648dc4542a71617befdcebb88b675f7fb380c981c,6_sastra/3_phil/nyaya/antarkpu.txt
gretil,data/raw/gretil/6_sastra/3_phil/nyaya/gaunys_u.htm,6_sastra/3_phil/nyaya/gaunys_u.htm,data/canonical/gretil_iast/6_sastra/3_phil/nyaya/gaunys_u.txt,iast,doc_e67217de7dd5a9ed3813f0cc,sastra,train,39312,2381,1191,false,false,5a16fa2a8307780d61c15264afa5cb696f07ca1dd3033786e37bc898ba4fc48a,c3651f6a4cbf4f828777cfa16f748e5b858ebc888b569d0fed0ec2bed3cf3f54,46699,368731bdd1ce7db98d16341648dc4542a71617befdcebb88b675f7fb380c981c,6_sastra/3_phil/nyaya/gaunys_u.txt
gretil,data/raw/gretil/6_sastra/3_phil/saiva/paratriu.htm,6_sastra/3_phil/saiva/paratriu.htm,data/canonical/gretil_iast/6_sastra/3_phil/saiva/paratriu.txt,iast,doc_12c91af6598f45529321f0fb,sastra,train,3623,149,75,false,false,9e0d01c25d1f616f0bc02f4eb54d41ed49e3139ef803921cf80c5c31e43a1730,a17f2cfeddc94e44fd5349a055aeb3915a5656cb3319c2fb7e5c56d559b13f65,4290,368731bdd1ce7db98d16341648dc4542a71617befdcebb88b675f7fb380c981c,6_sastra/3_phil/saiva/paratriu.txt
gretil,data/raw/gretil/6_sastra/3_phil/saiva/parmartu.htm,6_sastra/3_phil/saiva/parmartu.htm,data/canonical/gretil_iast/6_sastra/3_phil/saiva/parmartu.txt,iast,doc_c48ba582e522a5e1205adf91,sastra,train,11486,423,212,false,false,fabfeefd5c1a6fb2c0f0d888aa59e71382d7f2c391ece52ebbf823eae1dec35e,cd3ddb81da69e386b6ba703492d2e4343c4dcc12373722cb025565e1bcef531e,13558,368731bdd1ce7db98d16341648dc4542a71617befdcebb88b675f7fb380c981c,6_sastra/3_phil/saiva/parmartu.txt
gretil,data/raw/gretil/6_sastra/3_phil/saiva/pratyabu.htm,6_sastra/3_phil/saiva/pratyabu.htm,data/canonical/gretil_iast/6_sastra/3_phil/saiva/pratyabu.txt,iast,doc_a4e2e50dd5b3e98ff4c80d4a,sastra,train,33745,1341,671,false,false,907209ce478668583fcd9fe0db3d980cb28132bc6da27c8801ead6a5bb115130,a29f85cdb20021e6775d66c0917591ecddb2424b64f276e307be952d1d29383e,40270,368731bdd1ce7db98d16341648dc4542a71617befdcebb88b675f7fb380c981c,6_sastra/3_phil/saiva/pratyabu.txt
gretil,data/raw/gretil/6_sastra/3_phil/saiva/tantralu.htm,6_sastra/3_phil/saiva/tantralu.htm,data/canonical/gretil_iast/6_sastra/3_phil/saiva/tantralu.txt,iast,doc_63874c710cff292d2a001b9f,sastra,train,572985,23475,11738,false,false,a8495263104dd874b652275c577441c6c827d5c05db0fd966fbad4aea8862753,3b5de6ee1a0e9a65b2af9f3e3af8c1b531bc12dd3bbe71144b742427c780affb,689577,368731bdd1ce7db98d16341648dc4542a71617befdcebb88b675f7fb380c981c,6_sastra/3_phil/saiva/tantralu.txt
gretil,data/raw/gretil/6_sastra/3_phil/samkhya/isvskaru.htm,6_sastra/3_phil/samkhya/isvskaru.htm,data/canonical/gretil_iast/6_sastra/3_phil/samkhya/isvskaru.txt,iast,doc_c7e061dde55a583c00457d00,sastra,train,17108,1499,750,false,false,b0786215cd2c13f87e06d93f48a8396e2d78dd50b0cd5ff56a7e89d46a82ff48,3580ae5ebe49c0ce28c2e050974cafa5a23afb49751d5fe444a1ffb4ba800aa9,19855,368731bdd1ce7db98d16341648dc4542a71617befdcebb88b675f7fb380c981c,6_sastra/3_phil/samkhya/isvskaru.txt
gretil,data/raw/gretil/6_sastra/3_phil/vaisesik/vaissu1u.htm,6_sastra/3_phil/vaisesik/vaissu1u.htm,data/canonical/gretil_iast/6_sastra/3_phil/vaisesik/vaissu1u.txt,iast,doc_a8a06ccb72465439df97e7fd,sastra,train,15268,767,384,false,true,08dd821d7af90f3c10fca6befaaeb541fce1e3f40ec159a88c7221a51f84ea99,404f0f889f4c107d6f5adaefa0438a0097a5c5b5bdeb48db49326e003bc3828b,18719,368731bdd1ce7db98d16341648dc4542a71617befdcebb88b675f7fb380c981c,6_sastra/3_phil/vaisesik/vaissu1u.txt
gretil,data/raw/gretil/6_sastra/3_phil/vedanta/brahmsuu.htm,6_sastra/3_phil/vedanta/brahmsuu.htm,data/canonical/gretil_iast/6_sastra/3_phil/vedanta/brahmsuu.txt,iast,doc_9b9418ec57690cf353b13776,sastra,train,17956,1089,545,false,false,d7984987b1ae9ec9c35f8bbd948f4c5c78b97928c7cde087ef87c9fd4e25363a,de05cfb6132937be1496dc5c202cbf560c80b0519d50fa222d48cf5542762af9,21038,368731bdd1ce7db98d16341648dc4542a71617befdcebb88b675f7fb380c981c,6_sastra/3_phil/vedanta/brahmsuu.txt
gretil,data/raw/gretil/6_sastra/3_phil/vedanta/gaukarpu.htm,6_sastra/3_phil/vedanta/gaukarpu.htm,data/canonical/gretil_iast/6_sastra/3_phil/vedanta/gaukarpu.txt,iast,doc_4bf9abd271fe9bbf46c70d6f,sastra,test,23157,885,443,false,false,cf10b786aa7404d51206dcf4bc0dfd08019bc0f3a1f6db70c17975733b3776d8,be9cb15c7e4beb4e321a315b4228d2b15cf5d9850a2d2d1697c92419cc3eb8e5,27254,368731bdd1ce7db98d16341648dc4542a71617befdcebb88b675f7fb380c981c,6_sastra/3_phil/vedanta/gaukarpu.txt
gretil,data/raw/gretil/6_sastra/3_phil/vedanta/samkupad_u.htm,6_sastra/3_phil/vedanta/samkupad_u.htm,data/canonical/gretil_iast/6_sastra/3_phil/vedanta/samkupad_u.txt,iast,doc_237a2cb6a754ce703edc1eaf,sastra,train,122064,2975,1488,false,false,461b97011d9fd8972765fd1b9df79976cc1582963642a922465a63f0501e7286,0d9f375ecfdff0f1f4ad73df90c42a93a0f45ecb9c37f052482460ed222a5b1d,141667,368731bdd1ce7db98d16341648dc4542a71617befdcebb88b675f7fb380c981c,6_sastra/3_phil/vedanta/samkupad_u.txt
gretil,data/raw/gretil/6_sastra/3_phil/vedanta/yamgaspu.htm,6_sastra/3_phil/vedanta/yamgaspu.htm,data/canonical/gretil_iast/6_sastra/3_phil/vedanta/yamgaspu.txt,iast,doc_75a2d0f882f441d30f4c873b,sastra,train,3114,127,64,false,false,c880dce53238bf7405331d61755231927ef5391fe4bcda4a53d41099521d5733,94ffb64e2e5de07e24a350e5b5e7221fd4a7419321c85276634f18d6d16916a5,3692,368731bdd1ce7db98d16341648dc4542a71617befdcebb88b675f7fb380c981c,6_sastra/3_phil/vedanta/yamgaspu.txt
gretil,data/raw/gretil/6_sastra/3_phil/vedanta/yamis_pu.htm,6_sastra/3_phil/vedanta/yamis_pu.htm,data/canonical/gretil_iast/6_sastra/3_phil/vedanta/yamis_pu.txt,iast,doc_d65d270618f6daa5fa1b4f32,sastra,train,15076,129,65,false,false,c4e0cda631041b7e20b9c393232873780dcb53d83a29b8446f448e8ef708cfd2,99c056b09db532d333800b75bbbf37b5d4ef93fce939f27418afd301bf7fbed5,17803,368731bdd1ce7db98d16341648dc4542a71617befdcebb88b675f7fb380c981c,6_sastra/3_phil/vedanta/yamis_pu.txt
gretil,data/raw/gretil/6_sastra/3_phil/vedanta/yamss_pu.htm,6_sastra/3_phil/vedanta/yamss_pu.htm,data/canonical/gretil_iast/6_sastra/3_phil/vedanta/yamss_pu.txt,iast,doc_a03c55c497118dc9fbe80af6,sastra,train,21741,885,443,false,false,53322533b705542cf587eebee0f325c14c8b2ab3d500596d67647360ef57f679,82cabbbe331ffe6a8e40acd984d52b913a76a513b6c09a40fca08e2b588482aa,25226,368731bdd1ce7db98d16341648dc4542a71617befdcebb88b675f7fb380c981c,6_sastra/3_phil/vedanta/yamss_pu.txt
gretil,data/raw/gretil/6_sastra/3_phil/yoga/ghers__u.htm,6_sastra/3_phil/yoga/ghers__u.htm,data/canonical/gretil_iast/6_sastra/3_phil/yoga/ghers__u.txt,iast,doc_4bf3d5fbecf9093c69055f8a,sastra,train,47697,1649,825,false,false,345cf7891d15ec43696ea160f29716eb3575e13ce902d26c37b55daa26fdd995,5f82889412d45a45510524ae1f5b4016f9d77dcb4be5d75a111fd8bb6a544b9c,56412,368731bdd1ce7db98d16341648dc4542a71617befdcebb88b675f7fb380c981c,6_sastra/3_phil/yoga/ghers__u.txt
gretil,data/raw/gretil/6_sastra/3_phil/yoga/hathyopu.htm,6_sastra/3_phil/yoga/hathyopu.htm,data/canonical/gretil_iast/6_sastra/3_phil/yoga/hathyopu.txt,iast,doc_db9c500f7d5c82ca4a103847,sastra,train,42836,1825,913,true,false,e9a04dc3c8a7453dea91a6563c61cfc3cc90b74519f2cecec84bdf6750fa498b,b9123e740e57ee4c14d84943f79fd8fd3f2045b1947d121289a539d42c9d75b6,51371,368731bdd1ce7db98d16341648dc4542a71617befdcebb88b675f7fb380c981c,6_sastra/3_phil/yoga/hathyopu.txt
gretil,data/raw/gretil/6_sastra/3_phil/yoga/patyog_u.htm,6_sastra/3_phil/yoga/patyog_u.htm,data/canonical/gretil_iast/6_sastra/3_phil/yoga/patyog_u.txt,iast,doc_dc5290e47b63826fae91029e,sastra,train,9268,389,195,false,false,1c9e74894c474be0ff993bb7d627170a718fc5dcf80ddf5b0e3d66b1381d22d8,1533d47e0d6a0aa03efa2555272e69b41db9c568888bcde2bcf61d49bdc0c499,11352,368731bdd1ce7db98d16341648dc4542a71617befdcebb88b675f7fb380c981c,6_sastra/3_phil/yoga/patyog_u.txt
gretil,data/raw/gretil/6_sastra/4_dharma/smrti/angirspu.htm,6_sastra/4_dharma/smrti/angirspu.htm,data/canonical/gretil_iast/6_sastra/4_dharma/smrti/angirspu.txt,iast,doc_8811a9b6bfa1d370352f6b7e,sastra,train,131358,5677,2839,false,false,160d36fa2353ff197caf2152e7bbc146ab7d43a7cc4f8c5ee9b959cbc1c7f738,ca51be2d2d15ee0b19e5848628ac8beecf1a930a0b9f140c98075d71244755dd,158447,368731bdd1ce7db98d16341648dc4542a71617befdcebb88b675f7fb380c981c,6_sastra/4_dharma/smrti/angirspu.txt
gretil,data/raw/gretil/6_sastra/4_dharma/smrti/brhasppu.htm,6_sastra/4_dharma/smrti/brhasppu.htm,data/canonical/gretil_iast/6_sastra/4_dharma/smrti/brhasppu.txt,iast,doc_fe1774671660afd791f4cc3f,sastra,train,130472,5369,2685,false,false,05db495e7ac7ca89e7c4b3c31b13bec4baed866750d41eaa6ddbc779947b9e00,6abcbcc33d2ac26a6dfe2ec8bc94da0a14571bd6e1590a5305b3ead13194538c,158631,368731bdd1ce7db98d16341648dc4542a71617befdcebb88b675f7fb380c981c,6_sastra/4_dharma/smrti/brhasppu.txt
gretil,data/raw/gretil/6_sastra/4_dharma/smrti/katy2p_u.htm,6_sastra/4_dharma/smrti/katy2p_u.htm,data/canonical/gretil_iast/6_sastra/4_dharma/smrti/katy2p_u.txt,iast,doc_d16e3ec283296fe301bc07e8,sastra,train,100358,4095,2048,false,false,18998cc9e86d791b31e47f023a095da783919d0b9f4e9504d0c96136c70b9a97,520fc11b7a01d31ae5b6a96d768d213b3a3fff5bdc7c10a80fb36a8f60c127d7,121658,368731bdd1ce7db98d16341648dc4542a71617befdcebb88b675f7fb380c981c,6_sastra/4_dharma/smrti/katy2p_u.txt
gretil,data/raw/gretil/6_sastra/4_dharma/smrti/manu2p_u.htm,6_sastra/4_dharma/smrti/manu2p_u.htm,data/canonical/gretil_iast/6_sastra/4_dharma/smrti/manu2p_u.txt,iast,doc_893d60bbea44d603a042633f,sastra,train,268341,10751,5376,false,false,5bf9ceaa195aac854a252a3de24bf401a36fd7570a2f9aefa66ed3389c8daecc,20aa3925ee468f74e35a00680b305447e7dbd0fa6703114d507238c340421ef6,326287,368731bdd1ce7db98d16341648dc4542a71617befdcebb88b675f7fb380c981c,6_sastra/4_dharma/smrti/manu2p_u.txt
gretil,data/raw/gretil/6_sastra/4_dharma/smrti/nars2_pu.htm,6_sastra/4_dharma/smrti/nars2_pu.htm,data/canonical/gretil_iast/6_sastra/4_dharma/smrti/nars2_pu.txt,iast,doc_14abb2222c8c83391fffc8d6,sastra,train,95333,3793,1897,false,false,7b8215d4cf26b7633df305824718e5fa4e109b12da6e50fd92178da525bb38b7,81a23a41104e10bb328ef38579bd091c0343bde0527a1ca7eed9102a377f8f2b,115913,368731bdd1ce7db98d16341648dc4542a71617befdcebb88b675f7fb380c981c,6_sastra/4_dharma/smrti/nars2_pu.txt
gretil,data/raw/gretil/6_sastra/4_dharma/smrti/pars2_pu.htm,6_sastra/4_dharma/smrti/pars2_pu.htm,data/canonical/gretil_iast/6_sastra/4_dharma/smrti/pars2_pu.txt,iast,doc_2a58585e9442edbe8a142213,sastra,train,63261,2355,1178,false,false,65b3a07e3f029be69a800c038c7d64e388710aeec20b6250bb8c91a2b6f47177,08bd14314f5fe4833b1e1b93a3b63ba1348880398ae50e42650b468d12dd9bd1,76099,368731bdd1ce7db98d16341648dc4542a71617befdcebb88b675f7fb380c981c,6_sastra/4_dharma/smrti/pars2_pu.txt
gretil,data/raw/gretil/6_sastra/4_dharma/smrti/visnu_pu.htm,6_sastra/4_dharma/smrti/visnu_pu.htm,data/canonical/gretil_iast/6_sastra/4_dharma/smrti/visnu_pu.txt,iast,doc_9aec4d3448be6e23326afa4b,sastra,test,140159,6671,3336,false,false,dee64a49f695d3af8e6e551a286eed82720fdac7f8c3851b909a2274883e5620,10fccde05a1034698ff972106cb2b92ec8e7e7777db72ee66483d82f86583340,170635,368731bdd1ce7db98d16341648dc4542a71617befdcebb88b675f7fb380c981c,6_sastra/4_dharma/smrti/visnu_pu.txt
gretil,data/raw/gretil/6_sastra/4_dharma/smrti/yajn2_pu.htm,6_sastra/4_dharma/smrti/yajn2_pu.htm,data/canonical/gretil_iast/6_sastra/4_dharma/smrti/yajn2_pu.txt,iast,doc_b59864e9f14070848ab0c234,sastra,train,101440,4143,2072,false,false,90c58945c76aeabbae55078243f04e055938b4e839812ac0e400f2c993438f43,8c0b340e5e5c2c4df3ef3eacc436b2d005cdd7ed4ec109d7387e5ac74d613965,123988,368731bdd1ce7db98d16341648dc4542a71617befdcebb88b675f7fb380c981c,6_sastra/4_dharma/smrti/yajn2_pu.txt
gretil,data/raw/gretil/6_sastra/4_dharma/sutra/apastd_u.htm,6_sastra/4_dharma/sutra/apastd_u.htm,data/canonical/gretil_iast/6_sastra/4_dharma/sutra/apastd_u.txt,iast,doc_7e1714c69ea65f6bba98ea52,sastra,dev,97023,2633,1320,false,false,6d6ee07e022a07f1cd4d2db5cee706badcee66c94affeac303f20f20180e7722,bd960e73a6d3216cf5b0bfb85660f2ef457e01f8c2e7afc1f33378fa27ab7c51,111386,368731bdd1ce7db98d16341648dc4542a71617befdcebb88b675f7fb380c981c,6_sastra/4_dharma/sutra/apastd_u.txt
gretil,data/raw/gretil/6_sastra/4_dharma/sutra/baudhd_u.htm,6_sastra/4_dharma/sutra/baudhd_u.htm,data/canonical/gretil_iast/6_sastra/4_dharma/sutra/baudhd_u.txt,iast,doc_fa97f0a2490434cd3b5228a4,sastra,dev,144706,3353,1677,false,false,8df674d3f2d1bb3ceb7cede6810a1318ca8d5299f75f00a81d73dd70dc1cbb21,d253be30d2f3e65a817736f8690b36e4441bb773d4dab23d1b2ac4603e064c09,168288,368731bdd1ce7db98d16341648dc4542a71617befdcebb88b675f7fb380c981c,6_sastra/4_dharma/sutra/baudhd_u.txt
gretil,data/raw/gretil/6_sastra/4_dharma/sutra/gautdh_u.htm,6_sastra/4_dharma/sutra/gautdh_u.htm,data/canonical/gretil_iast/6_sastra/4_dharma/sutra/gautdh_u.txt,iast,doc_ba0514e7e9ac353786ec01ad,sastra,train,64550,2587,1294,false,false,302bf8e72f45ad332b61615aae8ef4b5af4b46db5ef32c9ca8403bf4628c7eec,77fab4bcbae9c898c92c0906bca474a502c1f04d44891ae3dcb4e0cad258aa84,74561,368731bdd1ce7db98d16341648dc4542a71617befdcebb88b675f7fb380c981c,6_sastra/4_dharma/sutra/gautdh_u.txt
gretil,data/raw/gretil/6_sastra/4_dharma/sutra/vaikhd_u.htm,6_sastra/4_dharma/sutra/vaikhd_u.htm,data/canonical/gretil_iast/6_sastra/4_dharma/sutra/vaikhd_u.txt,iast,doc_c6006ed7906795fb296b20de,sastra,train,47490,821,411,false,false,9a108077a1da9cadd9b7561666d1bf3ea33bf9ef6ca9c4ccd79331e9ea8750c8,aae4114b1dba80195df99c8656ee380e01cc85ed6722d58fa297d50c02db88cd,56041,368731bdd1ce7db98d16341648dc4542a71617befdcebb88b675f7fb380c981c,6_sastra/4_dharma/sutra/vaikhd_u.txt
gretil,data/raw/gretil/6_sastra/4_dharma/sutra/vasist_u.htm,6_sastra/4_dharma/sutra/vasist_u.htm,data/canonical/gretil_iast/6_sastra/4_dharma/sutra/vasist_u.txt,iast,doc_b4f6f19e850f9f3fec549db4,sastra,train,99379,2783,1392,false,false,f4248101b860090fe00cc7a798ea25626c0b28d9a06cba91b93076802c8e6cfc,480778976e20bb49050b7fe4cd894c7d559af3d9f547eea66868b14ca82257da,112140,368731bdd1ce7db98d16341648dc4542a71617befdcebb88b675f7fb380c981c,6_sastra/4_dharma/sutra/vasist_u.txt
gretil,data/raw/gretil/6_sastra/5_artha/kautil_u.htm,6_sastra/5_artha/kautil_u.htm,data/canonical/gretil_iast/6_sastra/5_artha/kautil_u.txt,iast,doc_12b72b0f12b77dc88623541e,sastra,train,454857,12073,6037,false,false,d4a69cb05e77f063e7647991ee60cf21af0e3e494a2c86c5b91ca88a4e59b69e,48ce40e0818bace053d9c853900f15cd06d7c23b9c82c606935a4f69619cd744,551976,368731bdd1ce7db98d16341648dc4542a71617befdcebb88b675f7fb380c981c,6_sastra/5_artha/kautil_u.txt
gretil,data/raw/gretil/6_sastra/6_kama/kamasutu.htm,6_sastra/6_kama/kamasutu.htm,data/canonical/gretil_iast/6_sastra/6_kama/kamasutu.txt,iast,doc_c64d3a95704d135f267b9d44,sastra,train,166891,3567,1782,false,false,4a7b2c2102cca91ff6eb424929cb784792e3361c50b64452f692522194901b22,653018a2608566e69aa6bd05720c1970f84f1a7cada6ee4657cb9daf5d81042d,196918,368731bdd1ce7db98d16341648dc4542a71617befdcebb88b675f7fb380c981c,6_sastra/6_kama/kamasutu.txt
gretil,data/raw/gretil/6_sastra/7_ayur/anandk_u.htm,6_sastra/7_ayur/anandk_u.htm,data/canonical/gretil_iast/6_sastra/7_ayur/anandk_u.txt,iast,doc_5fd9088f60624dd6f7c8af02,sastra,dev,612783,26797,13399,false,false,2b904d1c67ad93698a7d5376f49455ffccd2d04223922d3dabb832da4fe23a4a,3df668d54bd9f66bc41b5fe46a0ed410881dc5f9596abb855ee6f7b89676a9da,753073,368731bdd1ce7db98d16341648dc4542a71617befdcebb88b675f7fb380c981c,6_sastra/7_ayur/anandk_u.txt
gretil,data/raw/gretil/6_sastra/7_ayur/bhavpr_u.htm,6_sastra/7_ayur/bhavpr_u.htm,data/canonical/gretil_iast/6_sastra/7_ayur/bhavpr_u.txt,iast,doc_57e8ef37f3e0bedef4791a8e,sastra,train,43140,1811,906,false,false,4bc93e8b34567c42a6b42c9a098d7bc8afaba34db7f585896f6f164ecd696e23,11d8b31e6cfa9ff19e107f7dfb361d80e2e47dbabf3adbb11a749e18b9e8fe95,54445,368731bdd1ce7db98d16341648dc4542a71617befdcebb88b675f7fb380c981c,6_sastra/7_ayur/bhavpr_u.txt
gretil,data/raw/gretil/6_sastra/7_ayur/caraka_u.htm,6_sastra/7_ayur/caraka_u.htm,data/canonical/gretil_iast/6_sastra/7_ayur/caraka_u.txt,iast,doc_0f5c31e089b049e7abbec0b7,sastra,test,311877,8437,4219,false,false,609af8c3dc3f6f7c1a2ff93d20366865bfcf75f8dac2e8b32bfc2dec1c164bd0,1638c2da5a0565d35d14abe84e6b4c2076c032b1314f80ad02f2389a587c41d0,379278,368731bdd1ce7db98d16341648dc4542a71617befdcebb88b675f7fb380c981c,6_sastra/7_ayur/caraka_u.txt
gretil,data/raw/gretil/6_sastra/7_ayur/rasadhpu.htm,6_sastra/7_ayur/rasadhpu.htm,data/canonical/gretil_iast/6_sastra/7_ayur/rasadhpu.txt,iast,doc_1f13b6471412ec463efd7d72,sastra,train,66412,2257,1129,false,false,90157ec24662070e9881d0835b595337428c0804380e1dd5148cc58b9393d86e,f8b00449d4cf59d0ea4fcb5b7fe7ab69f2ea7add6a4499b2673590dba6986364,81699,368731bdd1ce7db98d16341648dc4542a71617befdcebb88b675f7fb380c981c,6_sastra/7_ayur/rasadhpu.txt
gretil,data/raw/gretil/6_sastra/7_ayur/rasarnpu.htm,6_sastra/7_ayur/rasarnpu.htm,data/canonical/gretil_iast/6_sastra/7_ayur/rasarnpu.txt,iast,doc_ebe8cf5347a24809d625da0a,sastra,train,137772,5761,2881,false,false,63fa49fa83fc79edd66ac5ee4875adf8e2607f6b850d44e2eb9422835b2f0aa0,0afbed76feab87dbdcfcde0775d6a17679be459278c72fdbbd7df2606276e7b1,168086,368731bdd1ce7db98d16341648dc4542a71617befdcebb88b675f7fb380c981c,6_sastra/7_ayur/rasarnpu.txt
gretil,data/raw/gretil/6_sastra/7_ayur/vagaah_u.htm,6_sastra/7_ayur/vagaah_u.htm,data/canonical/gretil_iast/6_sastra/7_ayur/vagaah_u.txt,iast,doc_101362fd5d2960f8f5f75941,sastra,test,927306,38421,19211,false,false,6391c6a80de74f7b2c5af89f208ab7eb9b516ac1d97a1915ed88618a966a865b,2f60473fb3067ecb36aa0b0aa8737255d7c4d1b80196ee157fcb619193e96f20,1138564,368731bdd1ce7db98d16341648dc4542a71617befdcebb88b675f7fb380c981c,6_sastra/7_ayur/vagaah_u.txt
gretil,data/raw/gretil/6_sastra/7_ayur/yogasatu.htm,6_sastra/7_ayur/yogasatu.htm,data/canonical/gretil_iast/6_sastra/7_ayur/yogasatu.txt,iast,doc_e944b60768284f6cd9cf5b9c,sastra,train,16732,527,264,false,false,be025e5f4abe38969e1749380c362ecba9256140653c45646df8456db2750726,21aa5281da1479c1de5727938234b2588f93781f4f67371fc23c06d0502daaa7,20851,368731bdd1ce7db98d16341648dc4542a71617befdcebb88b675f7fb380c981c,6_sastra/7_ayur/yogasatu.txt
gretil,data/raw/gretil/6_sastra/8_jyot/aryabh_u.htm,6_sastra/8_jyot/aryabh_u.htm,data/canonical/gretil_iast/6_sastra/8_jyot/aryabh_u.txt,iast,doc_985f315e6daeda2115bbd7c1,sastra,train,14786,491,246,false,false,3e962ec0426588bfd18b5a9f9a8db4274096d18eaea078880f0ce0675dba3905,995398a7da1626fe256b4b87031f84acf4b9f90470165fa303888b01c92102a2,16905,368731bdd1ce7db98d16341648dc4542a71617befdcebb88b675f7fb380c981c,6_sastra/8_jyot/aryabh_u.txt
gretil,data/raw/gretil/6_sastra/8_jyot/bijaganu.htm,6_sastra/8_jyot/bijaganu.htm,data/canonical/gretil_iast/6_sastra/8_jyot/bijaganu.txt,iast,doc_2f91b1d1684e0da262bd4439,sastra,train,24308,679,340,false,false,bd2f57ef8697d1e46414c63c6efecded00103a77f1ddd3ef3a73eb1f73a0631f,f8c6c1817a10b00f76723af252e1068e8718aa7dc9844e8a455a789de7325496,28144,368731bdd1ce7db98d16341648dc4542a71617befdcebb88b675f7fb380c981c,6_sastra/8_jyot/bijaganu.txt
gretil,data/raw/gretil/6_sastra/8_jyot/brhajj_u.htm,6_sastra/8_jyot/brhajj_u.htm,data/canonical/gretil_iast/6_sastra/8_jyot/brhajj_u.txt,iast,doc_a2fffd82ab374b6bc79b5e95,sastra,train,5388,867,434,false,false,defa49d9d1d5def0aad8a81702a97565980bf5d316ced75be88c2683d5ee545c,ac073048fd7054f032e241a1ac80663788dbde732c6127ccc5b00b9b27ee0f43,6252,368731bdd1ce7db98d16341648dc4542a71617befdcebb88b675f7fb380c981c,6_sastra/8_jyot/brhajj_u.txt
gretil,data/raw/gretil/6_sastra/8_jyot/brhats_u.htm,6_sastra/8_jyot/brhats_u.htm,data/canonical/gretil_iast/6_sastra/8_jyot/brhats_u.txt,iast,doc_20c776ee4b23bd317b83d4bb,sastra,train,372110,13785,6893,false,false,f0df184d5ea766a2a9e4a211514061a73a88a5de37dcbb7538bce539193b44ee,8505c07593ba7ac79515ae033d1c35ab2df6e8c1436ec5fba982a8b7d74af905,450649,368731bdd1ce7db98d16341648dc4542a71617befdcebb88b675f7fb380c981c,6_sastra/8_jyot/brhats_u.txt
gretil,data/raw/gretil/6_sastra/8_jyot/brsphutu.htm,6_sastra/8_jyot/brsphutu.htm,data/canonical/gretil_iast/6_sastra/8_jyot/brsphutu.txt,iast,doc_31bdd54d232298386b180046,sastra,train,27862,929,465,false,false,1bfbc4c04ee6a82a03c087bb55ab746dc4450d31891f3c6de1a2346b78eedea1,5eff99945faa1474345bdcfd31d4751fa68204238296ab726c7d769550cbc185,32517,368731bdd1ce7db98d16341648dc4542a71617befdcebb88b675f7fb380c981c,6_sastra/8_jyot/brsphutu.txt
gretil,data/raw/gretil/6_sastra/8_jyot/lilavatu.htm,6_sastra/8_jyot/lilavatu.htm,data/canonical/gretil_iast/6_sastra/8_jyot/lilavatu.txt,iast,doc_d7d443d0f258635420ca6a40,sastra,train,90502,1749,875,false,false,4e91fcee0df46749312c7e85b7bd71f8e94b4c7d381ea68ed5b2dd23de8040c6,03f97b8d5aed30c04c6da3b7ce200eeba6cd8c1e28304f30d116fb3bd04ff73c,102745,368731bdd1ce7db98d16341648dc4542a71617befdcebb88b675f7fb380c981c,6_sastra/8_jyot/lilavatu.txt
gretil,data/raw/gretil/6_sastra/8_jyot/surysidu.htm,6_sastra/8_jyot/surysidu.htm,data/canonical/gretil_iast/6_sastra/8_jyot/surysidu.txt,iast,doc_580e768de10f31b48691e906,sastra,train,50445,2025,1013,false,false,84dbd30b63e2b8c7c8ddcbd259039f0255a4f8357c0b06483ba7e197c53ea3eb,3a0e106920ab66a21fb8afc6c47c15bfa862a1127af65e782eb42f83020ec955,60142,368731bdd1ce7db98d16341648dc4542a71617befdcebb88b675f7fb380c981c,6_sastra/8_jyot/surysidu.txt
