source,source_path,relative_path,canonical_path,canonical_script,document_id,layer,split,char_count,line_count,segment_count,has_accent,has_unknown_chars,source_hash,canonical_hash,byte_count,freeze_id,freeze_input_path
gretil,data/raw/gretil/1_veda/2_bra/gopbra_u.htm,1_veda/2_bra/gopbra_u.htm,data/canonical/gretil_iast/1_veda/2_bra/gopbra_u.txt,iast,doc_623716e476beb6213d79c809,veda,train,241458,10487,5244,false,false,9226c60d019eb37ef306337cfec3ab31612a3b35b3c9ddc602936dfef03928d0,c4bca04d5db081b0b89f8ad5e725f7d0dc1b842b6e2fe5c92c88a5d058602843,289594,9c515ca46ad8f9fca7e879c0a1617207bf5ccf3df21930aaa0995227c3942c40,1_veda/2_bra/gopbra_u.txt
gretil,data/raw/gretil/1_veda/2_bra/kausibru.htm,1_veda/2_bra/kausibru.htm,data/canonical/gretil_iast/1_veda/2_bra/kausibru.txt,iast,doc_7f11858eca93c5029fc54fe6,veda,train,280215,13829,6915,false,false,a4007280eaf571f0b9e41900f53a4cb10db905301f582675932fd0ecccd97d0b,cb4f9d04c0117f16f7da70126111362de15c295c291e1a4b4446cc8053ea8c87,322882,9c515ca46ad8f9fca7e879c0a1617207bf5ccf3df21930aaa0995227c3942c40,1_veda/2_bra/kausibru.txt
gretil,data/raw/gretil/1_veda/2_bra/pncvbr1u.htm,1_veda/2_bra/pncvbr1u.htm,data/canonical/gretil_iast/1_veda/2_bra/pncvbr1u.txt,iast,doc_ebc948235a1b7620f48b2187,veda,dev,331419,7123,3562,false,false,5baa2cb6c980efa44bb4dd48e56bceb085f5c595619f65a9315dfd3cb2b4adff,f21103a2c372f63151c99090d83e42dc2647f219367503619d105001f3ca7fbd,396917,9c515ca46ad8f9fca7e879c0a1617207bf5ccf3df21930aaa0995227c3942c40,1_veda/2_bra/pncvbr1u.txt
gretil,data/raw/gretil/1_veda/2_bra/pncvbr2u.htm,1_veda/2_bra/pncvbr2u.htm,data/canonical/gretil_iast/1_veda/2_bra/pncvbr2u.txt,iast,doc_2696004a81193cc08a7b2e5e,veda,train,331419,7123,3562,false,false,43b1a9b55653a798ba2662bc8ab4c91d6e8538299ff410f0f031a6a9c152ca6c,4dc0455509d7e2390a13646aea642c458d516c84521f319b1e8049209fffd9f6,390481,9c515ca46ad8f9fca7e879c0a1617207bf5ccf3df21930aaa0995227c3942c40,1_veda/2_bra/pncvbr2u.txt
gretil,data/raw/gretil/1_veda/2_bra/satapath/sb_01_u.htm,1_veda/2_bra/satapath/sb_01_u.htm,data/canonical/gretil_iast/1_veda/2_bra/satapath/sb_01_u.txt,iast,doc_c87200f346d91442580e7fd2,veda,test,167114,5109,2555,false,false,f7b8223849f011596b68767489e47b82cf15dcc8c98756d4c40506a522c9dc8b,7137d4ec4d9600839efe000ea98ec8aa45411c3e32dd3aea36e4ec0f8d4700be,198006,9c515ca46ad8f9fca7e879c0a1617207bf5ccf3df21930aaa0995227c3942c40,1_veda/2_bra/satapath/sb_01_u.txt
gretil,data/raw/gretil/1_veda/2_bra/satapath/sb_02_u.htm,1_veda/2_bra/satapath/sb_02_u.htm,data/canonical/gretil_iast/1_veda/2_bra/satapath/sb_02_u.txt,iast,doc_58452b0787b62b8ef27e6e73,veda,train,116994,3535,1768,false,false,e64f59c09eea8ce5a508582774be43540fbeae6d19cb99b255cf0ce01777d373,eb9ec9d35660be11957d5fd1a550b82d1d96b696fa75c3f6be3d45f092845982,137750,9c515ca46ad8f9fca7e879c0a1617207bf5ccf3df21930aaa0995227c3942c40,1_veda/2_bra/satapath/sb_02_u.txt
gretil,data/raw/gretil/1_veda/2_bra/satapath/sb_03_u.htm,1_veda/2_bra/satapath/sb_03_u.htm,data/canonical/gretil_iast/1_veda/2_bra/satapath/sb_03_u.txt,iast,doc_91b57c5090e35838b6b3e0e4,veda,dev,173785,5263,2632,false,false,287936df0f2d2ddff0741dc5d953751d1a992643d76bfcfc9d2e17358b12c460,229a48cba9019702c60e48cd10c50c1cf98cfda844a52ee19b312cebab5d395e,206221,9c515ca46ad8f9fca7e879c0a1617207bf5ccf3df21930aaa0995227c3942c40,1_veda/2_bra/satapath/sb_03_u.txt
gretil,data/raw/gretil/1_veda/2_bra/satapath/sb_04_u.htm,1_veda/2_bra/satapath/sb_04_u.htm,data/canonical/gretil_iast/1_veda/2_bra/satapath/sb_04_u.txt,iast,doc_2be734e31b7165fde38a8272,veda,train,136077,4127,2064,false,false,589d4067984d6b43d4af9c57876a1efc03a03fa5e360cf6873d4ccd8de5952ad,618056daaf746904657db7b8e3a2c627da72a5f1ee89cfff913c436397f534bd,162493,9c515ca46ad8f9fca7e879c0a1617207bf5ccf3df21930aaa0995227c3942c40,1_veda/2_bra/satapath/sb_04_u.txt
gretil,data/raw/gretil/1_veda/2_bra/satapath/sb_05_u.htm,1_veda/2_bra/satapath/sb_05_u.htm,data/canonical/gretil_iast/1_veda/2_bra/satapath/sb_05_u.txt,iast,doc_4d968c1f99cec1a666ec6905,veda,train,102907,3067,1534,false,false,acba4da46f1f1ce253eee3dfd03af33df44c7ac282b8dc62d8c1555f5f8e52d1,bd7155db70092eb2f66650808e12bfc727aeb36b0e7b477fff91f01ba195f8c2,122379,9c515ca46ad8f9fca7e879c0a1617207bf5ccf3df21930aaa0995227c3942c40,1_veda/2_bra/satapath/sb_05_u.txt
gretil,data/raw/gretil/1_veda/2_bra/satapath/sb_06_u.htm,1_veda/2_bra/satapath/sb_06_u.htm,data/canonical/gretil_iast/1_veda/2_bra/satapath/sb_06_u.txt,iast,doc_2532a391329da60452ba70b0,veda,train,121467,3629,1815,false,false,a9af8b520311f0b42ba9aca28f4ff06c26f0d97542e9002389ce737039293971,9d0c94deddb0419b627c29274a553cf4cb9970038d2199df0cdcc6bc33ac8674,143788,9c515ca46ad8f9fca7e879c0a1617207bf5ccf3df21930aaa0995227c3942c40,1_veda/2_bra/satapath/sb_06_u.txt
gretil,data/raw/gretil/1_veda/2_bra/satapath/sb_07_u.htm,1_veda/2_bra/satapath/sb_07_u.htm,data/canonical/gretil_iast/1_veda/2_bra/satapath/sb_07_u.txt,iast,doc_87077a8774b362e320b90eae,veda,train,94599,2833,1417,false,false,7160e2412d76378f10949f821bfc3a038c9fd8f0d2ea14211609c349d2039d0e,76ed8b2fd2f2f1ec0d7a8557153b71170a1263e35c19ee5d3d4717d5233c946a,112597,9c515ca46ad8f9fca7e879c0a1617207bf5ccf3df21930aaa0995227c3942c40,1_veda/2_bra/satapath/sb_07_u.txt
gretil,data/raw/gretil/1_veda/2_bra/satapath/sb_08_u.htm,1_veda/2_bra/satapath/sb_08_u.htm,data/canonical/gretil_iast/1_veda/2_bra/satapath/sb_08_u.txt,iast,doc_daa75449163bd902e9db0f06,veda,train,107276,3183,1592,false,false,61b5986d871022e4748b272d71e62f475ff39bde4bf744963779768550d2b673,58495bfe0d11a6b75045beaa424d83dbd0e8f63c9302c415b8e4174eefaf7562,128432,9c515ca46ad8f9fca7e879c0a1617207bf5ccf3df21930aaa0995227c3942c40,1_veda/2_bra/satapath/sb_08_u.txt
gretil,data/raw/gretil/1_veda/2_bra/satapath/sb_09_u.htm,1_veda/2_bra/satapath/sb_09_u.htm,data/canonical/gretil_iast/1_veda/2_bra/satapath/sb_09_u.txt,iast,doc_cbea56af007c43a96b392ce4,veda,train,90541,2699,1350,false,false,cd846380bd731d439cee6a8658cb9b99dce885bf33a05b75f2c88714f51b4082,8676a4907d13de19973a34fe9d4283d03cc1bf6f4a6da431d78bc3adad22bd1f,107326,9c515ca46ad8f9fca7e879c0a1617207bf5ccf3df21930aaa0995227c3942c40,1_veda/2_bra/satapath/sb_09_u.txt
gretil,data/raw/gretil/1_veda/2_bra/satapath/sb_10_u.htm,1_veda/2_bra/satapath/sb_10_u.htm,data/canonical/gretil_iast/1_veda/2_bra/satapath/sb_10_u.txt,iast,doc_7bc976bb4e72d3069671d417,veda,train,85575,2581,1291,false,false,c829d1806ba8bde4f1cd9f90edda757dd7235dcb052c05747817f85e98531b8a,4455af8c6424dfb56df0ae5f92e9e773aeae22359e1e4ffe36fa388d13719aa5,102857,9c515ca46ad8f9fca7e879c0a1617207bf5ccf3df21930aaa0995227c3942c40,1_veda/2_bra/satapath/sb_10_u.txt
gretil,data/raw/gretil/1_veda/2_bra/satapath/sb_11_u.htm,1_veda/2_bra/satapath/sb_11_u.htm,data/canonical/gretil_iast/1_veda/2_bra/satapath/sb_11_u.txt,iast,doc_676d2903ac9451a5f1634600,veda,test,91518,2813,1407,false,false,684721a785e01b2082ec8918551cf8abcead94b5202effcada1a7f737507e208,e80fda09c1a3dc5387e1257b2aad918f8ad9f262f571a843be1cda074f3fde9d,109561,9c515ca46ad8f9fca7e879c0a1617207bf5ccf3df21930aaa0995227c3942c40,1_veda/2_bra/satapath/sb_11_u.txt
gretil,data/raw/gretil/1_veda/2_bra/satapath/sb_13_u.htm,1_veda/2_bra/satapath/sb_13_u.htm,data/canonical/gretil_iast/1_veda/2_bra/satapath/sb_13_u.txt,iast,doc_69e63c2bce748c85f66d70dd,veda,dev,88989,2717,1359,false,false,a613d12fff3a2bbab65fe8705daf81d7f784167fee50dec83e03a7639259ff2b,f444a0f1d5c4ad633e04532851ff6f28012b2273b81ac54bff39cb7e7b8ae183,106284,9c515ca46ad8f9fca7e879c0a1617207bf5ccf3df21930aaa0995227c3942c40,1_veda/2_bra/satapath/sb_13_u.txt
gretil,data/raw/gretil/1_veda/2_bra/satapath/sb_14_u.htm,1_veda/2_bra/satapath/sb_14_u.htm,data/canonical/gretil_iast/1_veda/2_bra/satapath/sb_14_u.txt,iast,doc_f95bd5988b13b6ffeb08b0b9,veda,train,155860,4877,2439,false,false,4d3d186da192c291ce59f15ac96dad7f0f25595094581b268d1b09d6544ee8ef,eb023adb00545d45c02168e0fa3a5bbc56ad9e28eaf6a4b07103fd236682ee01,185548,9c515ca46ad8f9fca7e879c0a1617207bf5ccf3df21930aaa0995227c3942c40,1_veda/2_bra/satapath/sb_14_u.txt
gretil,data/raw/gretil/1_veda/3_ara/sankharu.htm,1_veda/3_ara/sankharu.htm,data/canonical/gretil_iast/1_veda/3_ara/sankharu.txt,iast,doc_625f9e58a1b0a51d2b4cfafa,veda,test,84213,350,187,false,false,c5471fa5e742ebe0acef12b3935a35bdfe8c0dab07decdcdddc186834111bc30,3242fe23dade298fa771bceb5672a9a0f06a1ec038c3a64ca4645f1eb8580170,101458,9c515ca46ad8f9fca7e879c0a1617207bf5ccf3df21930aaa0995227c3942c40,1_veda/3_ara/sankharu.txt
gretil,data/raw/gretil/1_veda/4_upa/aitup__u.htm,1_veda/4_upa/aitup__u.htm,data/canonical/gretil_iast/1_veda/4_upa/aitup__u.txt,iast,doc_08e8b4434a3844cd538cebfd,veda,train,5714,285,143,false,false,03a6f8a29fb6726b71fa0d4a53fbcb9f73b9bf70661da18653e72fa7e5c0fe3b,f13df975f12bff3a12eaa3930416492fdccc7de0d40a9786ab3eb21bb4f14925,6806,9c515ca46ad8f9fca7e879c0a1617207bf5ccf3df21930aaa0995227c3942c40,1_veda/4_upa/aitup__u.txt
gretil,data/raw/gretil/1_veda/4_upa/brup___u.htm,1_veda/4_upa/brup___u.htm,data/canonical/gretil_iast/1_veda/4_upa/brup___u.txt,iast,doc_aff2a47d3d1504d4fc469b5b,veda,train,123429,5435,2718,false,false,0b860c0fdf3b73b7b479dc42a60c829630c95f2ad4cf0e17891929f3050965fa,7b2c09575b45cbf77f9d9ebc41644ef9584253d927cea93a95b38278d22906d2,146455,9c515ca46ad8f9fca7e879c0a1617207bf5ccf3df21930aaa0995227c3942c40,1_veda/4_upa/brup___u.txt
gretil,data/raw/gretil/1_veda/4_upa/chup___u.htm,1_veda/4_upa/chup___u.htm,data/canonical/gretil_iast/1_veda/4_upa/chup___u.txt,iast,doc_6d6356467963bad5aee63474,veda,train,105547,5017,2509,false,false,dfa72268d05eb2908694a51750ba35281a5858be2d3a51a8e0d94ad35a51c9c3,359c2d6376c5c24df79bde22d6b23700abcc1c836eadaf8fbc5f07fa3d3757b9,124450,9c515ca46ad8f9fca7e879c0a1617207bf5ccf3df21930aaa0995227c3942c40,1_veda/4_upa/chup___u.txt
gretil,data/raw/gretil/1_veda/4_upa/isup___u.htm,1_veda/4_upa/isup___u.htm,data/canonical/gretil_iast/1_veda/4_upa/isup___u.txt,iast,doc_6c0e9679ea15188a4f47a6ae,veda,train,1915,71,36,false,false,ef05c51ad4b072b60eb290b5267d8fd752ce28002354303cdbd8702f4fb735be,c89d4066216fbc9b159e2f6fc60e56b3b097103203f498002b687cfd10ca7739,2258,9c515ca46ad8f9fca7e879c0a1617207bf5ccf3df21930aaa0995227c3942c40,1_veda/4_upa/isup___u.txt
gretil,data/raw/gretil/1_veda/4_upa/kathop_u.htm,1_veda/4_upa/kathop_u.htm,data/canonical/gretil_iast/1_veda/4_upa/kathop_u.txt,iast,doc_3d42ac070083f600ffa83947,veda,train,14394,529,265,false,false,e62789ce5dc2c715f838f24f41c2d3fc210e88a850b7daf9703c394a752225b8,65889f708701d9fa05c4915204b307c43a2c5fd66af6f29fcc275ebecc884d3f,17066,9c515ca46ad8f9fca7e879c0a1617207bf5ccf3df21930aaa0995227c3942c40,1_veda/4_upa/kathop_u.txt
gretil,data/raw/gretil/1_veda/4_upa/mandup_u.htm,1_veda/4_upa/mandup_u.htm,data/canonical/gretil_iast/1_veda/4_upa/mandup_u.txt,iast,doc_fcf33fe0ebce1ac351699802,veda,train,1572,47,24,false,false,580712ede2c660ecbbded0e3626a8bdb6a5d7124978f3978c2dfbaf0404f22e5,25d0fbc71b062246c119f7ed99de3cae5b6eb1fa3c65193d4667e94e682d0b64,1893,9c515ca46ad8f9fca7e879c0a1617207bf5ccf3df21930aaa0995227c3942c40,1_veda/4_upa/mandup_u.txt
gretil,data/raw/gretil/1_veda/4_upa/prasup_u.htm,1_veda/4_upa/prasup_u.htm,data/canonical/gretil_iast/1_veda/4_upa/prasup_u.txt,iast,doc_915fde442033b992b4f5278f,veda,train,10982,505,253,false,false,6f3c92ab77c14ce44276bba77e8876e5e00efe50a68d96a3064719bd7d004007,5eeb79a9938a34aa36c79d2bbb1ee3cd43b20668793f15b091b89fcf44c10030,13162,9c515ca46ad8f9fca7e879c0a1617207bf5ccf3df21930aaa0995227c3942c40,1_veda/4_upa/prasup_u.txt
gretil,data/raw/gretil/1_veda/4_upa/svetu_pu.htm,1_veda/4_upa/svetu_pu.htm,data/canonical/gretil_iast/1_veda/4_upa/svetu_pu.txt,iast,doc_84fc969e0aafcb5aa1599fe9,veda,dev,14174,465,233,false,false,93df2e3cbf8ea9ccbdf6a4c19360cdd9c97d68fb7937e6730ff4775bfa989c20,dca6f9592ffe9c5e7179a405faba0c3b248603ea7f7584696260e457b16f7978,17181,9c515ca46ad8f9fca7e879c0a1617207bf5ccf3df21930aaa0995227c3942c40,1_veda/4_upa/svetu_pu.txt
gretil,data/raw/gretil/1_veda/5_vedang/1_srauta/apsulb_u.htm,1_veda/5_vedang/1_srauta/apsulb_u.htm,data/canonical/gretil_iast/1_veda/5_vedang/1_srauta/apsulb_u.txt,iast,doc_71b0f593e6b690626c28e5e1,veda,dev,21465,601,301,false,false,de58197e1718d835ff508ac9c6cd48b2adc513b9dafcb28c1bd6b87fa62f0cc1,12b5568f5cc977c2d421db31a8ebfc54f741c250562ff06887fd0a5a37b97ae7,26418,9c515ca46ad8f9fca7e879c0a1617207bf5ccf3df21930aaa0995227c3942c40,1_veda/5_vedang/1_srauta/apsulb_u.txt
gretil,data/raw/gretil/1_veda/5_vedang/1_srauta/asvss_u.htm,1_veda/5_vedang/1_srauta/asvss_u.htm,data/canonical/gretil_iast/1_veda/5_vedang/1_srauta/asvss_u.txt,iast,doc_a8680e916f881c7ce6ae0245,veda,train,220118,5993,2997,false,false,5b52be0209b76da2bbfdb233aa5a79f3cc9aa1f55318954654c7dbfc036b8c6f,49b075db90833ce4b84c65f725222c4378be657296b085e66abeeb1f57c4c6ae,258575,9c515ca46ad8f9fca7e879c0a1617207bf5ccf3df21930aaa0995227c3942c40,1_veda/5_vedang/1_srauta/asvss_u.txt
gretil,data/raw/gretil/1_veda/5_vedang/1_srauta/sankhssu.htm,1_veda/5_vedang/1_srauta/sankhssu.htm,data/canonical/gretil_iast/1_veda/5_vedang/1_srauta/sankhssu.txt,iast,doc_7e442b07676cd43d807816e2,veda,train,303736,10739,5370,false,false,be9b393cdd5027f409c463649e99ba49b35699eb1fe2fdd2f65b3473bd254a3b,d15ca711d9d51e51d61c6473a95a5bcfe9d8fe9d3a1dfc9afb3e48de3cfde08d,355214,9c515ca46ad8f9fca7e879c0a1617207bf5ccf3df21930aaa0995227c3942c40,1_veda/5_vedang/1_srauta/sankhssu.txt
gretil,data/raw/gretil/1_veda/5_vedang/1_srauta/vaitss_u.htm,1_veda/5_vedang/1_srauta/vaitss_u.htm,data/canonical/gretil_iast/1_veda/5_vedang/1_srauta/vaitss_u.txt,iast,doc_bfb5636b2c7a195ded289fbf,veda,train,70793,1931,966,false,false,4fd6fb364cfe718b74cdf9555c319b33a6add8d00e1b3dac2dabe9f864f47006,f988a3fae41fa217dc419f7acb95a9dd5ccd68d81cb2a629e66f20715d2cee88,84832,9c515ca46ad8f9fca7e879c0a1617207bf5ccf3df21930aaa0995227c3942c40,1_veda/5_vedang/1_srauta/vaitss_u.txt
gretil,data/raw/gretil/1_veda/5_vedang/2_grhya/asvgs_u.htm,1_veda/5_vedang/2_grhya/asvgs_u.htm,data/canonical/gretil_iast/1_veda/5_vedang/2_grhya/asvgs_u.txt,iast,doc_cf1f24e5ecb7062024cb5f57,veda,train,52173,1521,761,false,false,3d0649882586e53f3b0f09aac6be33879aa5b5e8607a7deda2a5263ae39a70a3,50f2f03ea2bd21e72590354c4c2c23220e2009bd56023e9422bc9a19db979e39,61109,9c515ca46ad8f9fca7e879c0a1617207bf5ccf3df21930aaa0995227c3942c40,1_veda/5_vedang/2_grhya/asvgs_u.txt
gretil,data/raw/gretil/1_veda/5_vedang/2_grhya/jaimigsu.htm,1_veda/5_vedang/2_grhya/jaimigsu.htm,data/canonical/gretil_iast/1_veda/5_vedang/2_grhya/jaimigsu.txt,iast,doc_4f0c0bfb63fce61da1c811af,veda,train,47226,365,183,false,false,47183c56eb57f483a99de78dd518cad97a6b5fdd698882fe21f509ff0c83f032,62fafe36f02d40fc3254268b1f79ed7fd30293bb0951fd01367a094b1f73f559,58193,9c515ca46ad8f9fca7e879c0a1617207bf5ccf3df21930aaa0995227c3942c40,1_veda/5_vedang/2_grhya/jaimigsu.txt
gretil,data/raw/gretil/1_veda/5_vedang/2_grhya/kaussu_u.htm,1_veda/5_vedang/2_grhya/kaussu_u.htm,data/canonical/gretil_iast/1_veda/5_vedang/2_grhya/kaussu_u.txt,iast,doc_f01dab61c13bd30917779bcb,veda,dev,163855,6103,3052,false,false,38643e6e27469b990553014bed36de9a187bb48fac3133add19e79a5afa29ba7,e20e7d54e7fd4cb3f83e937687da2fd41bd73d1747e8b2a2a715972164f68e13,198779,9c515ca46ad8f9fca7e879c0a1617207bf5ccf3df21930aaa0995227c3942c40,1_veda/5_vedang/2_grhya/kaussu_u.txt
gretil,data/raw/gretil/1_veda/5_vedang/2_grhya/kauthgsu.htm,1_veda/5_vedang/2_grhya/kauthgsu.htm,data/canonical/gretil_iast/1_veda/5_vedang/2_grhya/kauthgsu.txt,iast,doc_b898f028bdd3ec7db64ed0ee,veda,train,25479,103,52,false,false,5e6364fbaa0e03e7c356bafc70668edde1fef1de6efcdd4ac1755ef60ff985c0,c0630b759e976595e9e63e759e85fdf99de01d5cf3d36ca426600adc74136482,31722,9c515ca46ad8f9fca7e879c0a1617207bf5ccf3df21930aaa0995227c3942c40,1_veda/5_vedang/2_grhya/kauthgsu.txt
gretil,data/raw/gretil/1_veda/5_vedang/2_grhya/manavgsu.htm,1_veda/5_vedang/2_grhya/manavgsu.htm,data/canonical/gretil_iast/1_veda/5_vedang/2_grhya/manavgsu.txt,iast,doc_60c6fe0d7d68857bd3b89483,veda,train,59415,2099,1050,false,false,0a627b4cedfeff218237f462b8dd20dc24759fa51cc562626106ef0eed3b3e84,7863702661ddb3d0bf7b79347dc98e60283a15a76c47b5cd2b1ab3c9ec2e2ba6,72778,9c515ca46ad8f9fca7e879c0a1617207bf5ccf3df21930aaa0995227c3942c40,1_veda/5_vedang/2_grhya/manavgsu.txt
gretil,data/raw/gretil/1_veda/5_vedang/2_grhya/sankhgsu.htm,1_veda/5_vedang/2_grhya/sankhgsu.htm,data/canonical/gretil_iast/1_veda/5_vedang/2_grhya/sankhgsu.txt,iast,doc_24a82ea866b35a4e17bc6a9e,veda,train,63581,2397,1199,false,false,85e052344ab31703c7e477961e79b21aeed2dadadf033bcf16ebda5e518b6e29,2e7b593b9e0e5bcd0a82aba5d5847a8e68c62a88553ff11e97aab0730733f39c,74620,9c515ca46ad8f9fca7e879c0a1617207bf5ccf3df21930aaa0995227c3942c40,1_veda/5_vedang/2_grhya/sankhgsu.txt
gretil,data/raw/gretil/1_veda/5_vedang/2_grhya/vargs_u.htm,1_veda/5_vedang/2_grhya/vargs_u.htm,data/canonical/gretil_iast/1_veda/5_vedang/2_grhya/vargs_u.txt,iast,doc_c4ff1b6c04ac26bd1bded530,veda,train,35091,1421,711,false,false,04c76f12b159181b840386bfea7ee3e24bd9a949581cba5cde032c26778fa70d,04878a4540947b834d08fdcdc85f09d2e965ecb4fc8ec276fe380a111daf5eee,42522,9c515ca46ad8f9fca7e879c0a1617207bf5ccf3df21930aaa0995227c3942c40,1_veda/5_vedang/2_grhya/vargs_u.txt
gretil,data/raw/gretil/1_veda/5_vedang/2_paris/avpari_u.htm,1_veda/5_vedang/2_paris/avpari_u.htm,data/canonical/gretil_iast/1_veda/5_vedang/2_paris/avpari_u.txt,iast,doc_8ed77aa5659361b5f2cbfc33,veda,train,348302,7589,3795,false,false,294e070de650f3c67e7251ebacd7b675e7278756402040c3d61b0ed5f968db8c,78d96955cf6dc5342ff83d3fb0a76c062da5f8caf45352afb549c7c972847535,425222,9c515ca46ad8f9fca7e879c0a1617207bf5ccf3df21930aaa0995227c3942c40,1_veda/5_vedang/2_paris/avpari_u.txt
gretil,data/raw/gretil/1_veda/5_vedang/2_paris/avpray_u.htm,1_veda/5_vedang/2_paris/avpray_u.htm,data/canonical/gretil_iast/1_veda/5_vedang/2_paris/avpray_u.txt,iast,doc_8168de6699e2060c7ba80975,veda,train,57385,1683,842,false,false,535f469780bf6ffac108f48b70ea80f8fde022f3664594ec4cb66951a07f75c4,51d8ba5178d0fba8293dccefc506a88fe787ad2617dc913e338d21b8709e42be,68946,9c515ca46ad8f9fca7e879c0a1617207bf5ccf3df21930aaa0995227c3942c40,1_veda/5_vedang/2_paris/avpray_u.txt
gretil,data/raw/gretil/1_veda/5_vedang/3_pratis/rgvidh_u.htm,1_veda/5_vedang/3_pratis/rgvidh_u.htm,data/canonical/gretil_iast/1_veda/5_vedang/3_pratis/rgvidh_u.txt,iast,doc_664fb44db75ad210690ee8f3,veda,train,95777,2995,1498,false,false,0f7d35ffdef8f3674ceddc19a6b46ce81ecf04be1b14a2abfdb9881472814466,f8fec2f580cedf759814ac3c7e2fee40e1643f61ae51040766ba1fd751fd1331,107827,9c515ca46ad8f9fca7e879c0a1617207bf5ccf3df21930aaa0995227c3942c40,1_veda/5_vedang/3_pratis/rgvidh_u.txt
gretil,data/raw/gretil/2_epic/mbh/mbh_01_u.htm,2_epic/mbh/mbh_01_u.htm,data/canonical/gretil_iast/2_epic/mbh/mbh_01_u.txt,iast,doc_e35bda467d43175e02e281a2,epic,train,1195094,52585,26293,false,false,63499609df72759d1578b3ecc5fdf775cdf2f252746c10eb4c29b23bb17eab05,6f6efe727744daabc20ce809610b88a38d4a53ce0a5481688976db7a1a298113,1467002,9c515ca46ad8f9fca7e879c0a1617207bf5ccf3df21930aaa0995227c3942c40,2_epic/mbh/mbh_01_u.txt
gretil,data/raw/gretil/2_epic/mbh/mbh_02_u.htm,2_epic/mbh/mbh_02_u.htm,data/canonical/gretil_iast/2_epic/mbh/mbh_02_u.txt,iast,doc_3a2f5f54964561bbb0f19598,epic,train,478677,21019,10510,false,false,eee4c534ac8bd11acbb2c018b0ca0a66153e515a446384a19c0c75c05c9655e9,8ce1d03a0c6c1182a12dbc33131b9d77a34a73c98e68d8eae480be1d7aa17fc8,590108,9c515ca46ad8f9fca7e879c0a1617207bf5ccf3df21930aaa0995227c3942c40,2_epic/mbh/mbh_02_u.txt
gretil,data/raw/gretil/2_epic/mbh/mbh_03_u.htm,2_epic/mbh/mbh_03_u.htm,data/canonical/gretil_iast/2_epic/mbh/mbh_03_u.txt,iast,doc_ef97b887b825359c51c08559,epic,train,1250869,54413,27207,false,false,2863f2e04921535238e61417b85c1b275035f94d2ae203aaf62d679998344cd2,3bb224727af921a3d0e5effa7b45a4c6b83698825d58c4943bf8e0ff08bf52e4,1528809,9c515ca46ad8f9fca7e879c0a1617207bf5ccf3df21930aaa0995227c3942c40,2_epic/mbh/mbh_03_u.txt
gretil,data/raw/gretil/2_epic/mbh/mbh_04_u.htm,2_epic/mbh/mbh_04_u.htm,data/canonical/gretil_iast/2_epic/mbh/mbh_04_u.txt,iast,doc_df9e2cf7067e4f96bc1c0174,epic,train,451126,20519,10260,false,false,478e92ffa40d083134246d447647003d06b766b1138a668019f3f52461cbf443,b912f2b7676c93c92391fc458e85db16b9976fdcaa253a93f1ff541b4b11d83b,556091,9c515ca46ad8f9fca7e879c0a1617207bf5ccf3df21930aaa0995227c3942c40,2_epic/mbh/mbh_04_u.txt
gretil,data/raw/gretil/2_epic/mbh/mbh_05_u.htm,2_epic/mbh/mbh_05_u.htm,data/canonical/gretil_iast/2_epic/mbh/mbh_05_u.txt,iast,doc_e0c6767dbd2cac121374ff7b,epic,train,701711,29765,14883,false,false,691471e6a1d76bc02b3134273b22ed545ad667fa7274ce0100971ac2d4750bc4,5305b06e43160b197a9ae157a5cf6f0bffd4c09d066a40774f28daad80e7e41b,859274,9c515ca46ad8f9fca7e879c0a1617207bf5ccf3df21930aaa0995227c3942c40,2_epic/mbh/mbh_05_u.txt
gretil,data/raw/gretil/2_epic/mbh/mbh_06_u.htm,2_epic/mbh/mbh_06_u.htm,data/canonical/gretil_iast/2_epic/mbh/mbh_06_u.txt,iast,doc_6a83b225d05cae4af3828d23,epic,train,612406,26347,13174,false,false,0fe89190fc4819d8fe439a7cb0fcb489d4bf4dd831053ef398690745034c56d4,7402fda9ec97f8e37e984f06ae768a19bb807801f2a1a0cbbdc8c64b3f58115b,752638,9c515ca46ad8f9fca7e879c0a1617207bf5ccf3df21930aaa0995227c3942c40,2_epic/mbh/mbh_06_u.txt
gretil,data/raw/gretil/2_epic/mbh/mbh_07_u.htm,2_epic/mbh/mbh_07_u.htm,data/canonical/gretil_iast/2_epic/mbh/mbh_07_u.txt,iast,doc_f3d25ac6a5d37b037306c63f,epic,train,1041852,44801,22401,false,false,73f0f42202a9b77e4cfe0b53b554e21dd786a6cee9c82264920e76c8cf75de29,fae85008bdb1fa638d3eec3880b4cfd13377acb0b8779e896500e8b53c226183,1280727,9c515ca46ad8f9fca7e879c0a1617207bf5ccf3df21930aaa0995227c3942c40,2_epic/mbh/mbh_07_u.txt
gretil,data/raw/gretil/2_epic/mbh/mbh_08_u.htm,2_epic/mbh/mbh_08_u.htm,data/canonical/gretil_iast/2_epic/mbh/mbh_08_u.txt,iast,doc_022171019e5eddb396ca63db,epic,train,612490,26519,13260,false,false,6648478062373c836ca712c15c578f2ee39ad8234e7f6df3e4c22dbcc490d996,a8129627d48dc86d89709ed80f0997b7ed75465257f765a96c7a057bd3388c75,752272,9c515ca46ad8f9fca7e879c0a1617207bf5ccf3df21930aaa0995227c3942c40,2_epic/mbh/mbh_08_u.txt
gretil,data/raw/gretil/2_epic/mbh/mbh_09_u.htm,2_epic/mbh/mbh_09_u.htm,data/canonical/gretil_iast/2_epic/mbh/mbh_09_u.txt,iast,doc_ca01f2d9d8ecfb8342a88bea,epic,train,376421,16241,8121,false,false,f96f6047d93db9dafa7a841851a91dfbdec321903e397a412714c1c063232cc9,7a00866c366cc38e0332db6f9bcd67a8b49c8c471b34e88dbfeef545651a86a8,461607,9c515ca46ad8f9fca7e879c0a1617207bf5ccf3df21930aaa0995227c3942c40,2_epic/mbh/mbh_09_u.txt
gretil,data/raw/gretil/2_epic/mbh/mbh_10_u.htm,2_epic/mbh/mbh_10_u.htm,data/canonical/gretil_iast/2_epic/mbh/mbh_10_u.txt,iast,doc_e7edd63f8583af260370c4a0,epic,test,84843,3591,1796,false,false,661fb626db9a2dacbb31f1cadf3b816400a1d881ff9651c9a8c7c6b55febd658,ec7a6ec03618bd1ae268c9e432b3471b66016cbad7aec8b67d0217ed86e901fb,103577,9c515ca46ad8f9fca7e879c0a1617207bf5ccf3df21930aaa0995227c3942c40,2_epic/mbh/mbh_10_u.txt
gretil,data/raw/gretil/2_epic/mbh/mbh_11_u.htm,2_epic/mbh/mbh_11_u.htm,data/canonical/gretil_iast/2_epic/mbh/mbh_11_u.txt,iast,doc_1e40ed52792219ba28582f07,epic,dev,81393,3587,1794,false,false,d8e277bedf514fdb50e28ea6dcb2b521b85e1745957905e190e5d218d2eee075,6d71e5ebd3b41a8e77926414f23a396ff8e17d1826500eca7e64cc674c9bec53,100425,9c515ca46ad8f9fca7e879c0a1617207bf5ccf3df21930aaa0995227c3942c40,2_epic/mbh/mbh_11_u.txt
gretil,data/raw/gretil/2_epic/mbh/mbh_12_u.htm,2_epic/mbh/mbh_12_u.htm,data/canonical/gretil_iast/2_epic/mbh/mbh_12_u.txt,iast,doc_b6e127d3c30d451444fd9759,epic,train,1592385,68321,34161,false,false,c8cf9b79a5d16bed79577620bcf71c5e9ef57e5d4fd68862c698ab092a813719,476cd987492e35941130b9c72988d9e5bdd1c81e821ceb97ca7250ee8f77ef9a,1934415,9c515ca46ad8f9fca7e879c0a1617207bf5ccf3df21930aaa0995227c3942c40,2_epic/mbh/mbh_12_u.txt
gretil,data/raw/gretil/2_epic/mbh/mbh_13_u.htm,2_epic/mbh/mbh_13_u.htm,data/canonical/gretil_iast/2_epic/mbh/mbh_13_u.txt,iast,doc_f71fa05f6309e68768fe2796,epic,train,1213181,53619,26810,false,false,67ed86e7e83fb8072b696d4c06676742b102235278bbe5ab7a03eaa68ed4a00d,2a6cc3a0a9e8d92b7fcabac9b5f4063cf6a9e0c0634dce68cc532cda6705163d,1483877,9c515ca46ad8f9fca7e879c0a1617207bf5ccf3df21930aaa0995227c3942c40,2_epic/mbh/mbh_13_u.txt
gretil,data/raw/gretil/2_epic/mbh/mbh_14_u.htm,2_epic/mbh/mbh_14_u.htm,data/canonical/gretil_iast/2_epic/mbh/mbh_14_u.txt,iast,doc_9a783ed25b4df3c74276f205,epic,train,457137,19929,9965,false,false,bbc2ee32eb887ed014839983fae23251bcea3019dfaee089869b80416842342f,965e6c6dca5395b0b7ecd9d20dd03c513ffb4ccaeb9ca54d24f9cf4167dd39be,557053,9c515ca46ad8f9fca7e879c0a1617207bf5ccf3df21930aaa0995227c3942c40,2_epic/mbh/mbh_14_u.txt
gretil,data/raw/gretil/2_epic/mbh/mbh_15_u.htm,2_epic/mbh/mbh_15_u.htm,data/canonical/gretil_iast/2_epic/mbh/mbh_15_u.txt,iast,doc_5ff75e7635cdca7d0662368b,epic,train,111609,4859,2430,false,false,9c5416d0d48abea56173cd6079e9959d01ff7f4943ca70ee716313ca2270f218,bd3c1d493237fb5b290d7b8af0c9ad2819f957c5427937ba991a926702cd3116,137182,9c515ca46ad8f9fca7e879c0a1617207bf5ccf3df21930aaa0995227c3942c40,2_epic/mbh/mbh_15_u.txt
gretil,data/raw/gretil/2_epic/mbh/mbh_16_u.htm,2_epic/mbh/mbh_16_u.htm,data/canonical/gretil_iast/2_epic/mbh/mbh_16_u.txt,iast,doc_af9774e99c9e222c73faa93f,epic,train,33263,1425,713,false,false,784d01cbfb7ff9f106a1577d844be19988c069d0663c12efacaf2b19d125c01f,1c95ae89bdbfcf2343bdde1b37453debffd4bfe571da867e621cdf23647ffff9,41094,9c515ca46ad8f9fca7e879c0a1617207bf5ccf3df21930aaa0995227c3942c40,2_epic/mbh/mbh_16_u.txt
gretil,data/raw/gretil/2_epic/mbh/mbh_17_u.htm,2_epic/mbh/mbh_17_u.htm,data/canonical/gretil_iast/2_epic/mbh/mbh_17_u.txt,iast,doc_0f2d15860ed49dffe7b4b667,epic,train,12440,541,271,false,false,e8394dcea73cbad7a60bec21e90b5d4eec8f888277e8752bc13d6111daf1933c,6638204eae6d9e28b14b71e1b4b2e7ad6ca9c39671708f653facc2ae7d3ed397,15177,9c515ca46ad8f9fca7e879c0a1617207bf5ccf3df21930aaa0995227c3942c40,2_epic/mbh/mbh_17_u.txt
gretil,data/raw/gretil/2_epic/mbh/mbh_18_u.htm,2_epic/mbh/mbh_18_u.htm,data/canonical/gretil_iast/2_epic/mbh/mbh_18_u.txt,iast,doc_339ddb649c1651834580de58,epic,train,30188,1315,658,false,false,c9e0349553fa6b80b1146d4a2d71dbe3c134d72cb7f81008e4dcd7b6303b9dd2,4744f29ecb8431204b4749b3e683158a808adb6db31af6addfc3be07559d3567,37041,9c515ca46ad8f9fca7e879c0a1617207bf5ccf3df21930aaa0995227c3942c40,2_epic/mbh/mbh_18_u.txt
gretil,data/raw/gretil/2_epic/mbh/ext/hv_conpu.htm,2_epic/mbh/ext/hv_conpu.htm,data/canonical/gretil_iast/2_epic/mbh/ext/hv_conpu.txt,iast,doc_eecc525f3926954a17d0810f,epic,train,832424,34287,17144,false,false,03040a9e2405d5a73324473ef94d38e5cd65ae56da2347e483186df77edb549e,be1e8fa95826ae19549045eb3925b7b751bf522c0727c5aeacd9caee97c69ff6,1012672,9c515ca46ad8f9fca7e879c0a1617207bf5ccf3df21930aaa0995227c3942c40,2_epic/mbh/ext/hv_conpu.txt
gretil,data/raw/gretil/2_epic/mbh/ext/hv_apppu.htm,2_epic/mbh/ext/hv_apppu.htm,data/canonical/gretil_iast/2_epic/mbh/ext/hv_apppu.txt,iast,doc_f067c5ab780c4051f30ae276,epic,train,1113147,46932,23466,false,false,96f425eac02e9919dcbd304218bf640e28f680e7027caa5eacaffef1c4c9e6f8,4c73c70c292971bd0e0330381f737ad5b9476bd6434710fe65439c261bc2888d,1350880,9c515ca46ad8f9fca7e879c0a1617207bf5ccf3df21930aaa0995227c3942c40,2_epic/mbh/ext/hv_apppu.txt
gretil,data/raw/gretil/2_epic/ramayana/ram_01_u.htm,2_epic/ramayana/ram_01_u.htm,data/canonical/gretil_iast/2_epic/ramayana/ram_01_u.txt,iast,doc_f71f3e0ae42e97ca367a7de2,epic,train,182120,7885,3943,false,false,0d9d89f51669a3ccef5b2bd18a7681ab92d94af17c316228cec9056521fe4cde,bd494face7a4cbc08c25af52d5ceae358463be85a5e02ec35b3ff728c6f9da9e,223099,9c515ca46ad8f9fca7e879c0a1617207bf5ccf3df21930aaa0995227c3942c40,2_epic/ramayana/ram_01_u.txt
gretil,data/raw/gretil/2_epic/ramayana/ram_02_u.htm,2_epic/ramayana/ram_02_u.htm,data/canonical/gretil_iast/2_epic/ramayana/ram_02_u.txt,iast,doc_10c618ae9d57fec1feb0d689,epic,train,303458,12817,6409,false,false,419b5c8f5c2ef3032849646848c7bac86ce593891c93af4ccd7f5c92bcfcb99f,e07cd7f334c37d4a2afe643f30b1c5080a571627582d3b2c66f916087217bad7,370459,9c515ca46ad8f9fca7e879c0a1617207bf5ccf3df21930aaa0995227c3942c40,2_epic/ramayana/ram_02_u.txt
gretil,data/raw/gretil/2_epic/ramayana/ram_03_u.htm,2_epic/ramayana/ram_03_u.htm,data/canonical/gretil_iast/2_epic/ramayana/ram_03_u.txt,iast,doc_3d2f418eac15e77a13e80ef7,epic,dev,197287,8417,4209,false,false,7fb825f061dd1fdd4beb66aebc98da2c2584bd5faf65c1736d06bee73e29c70b,17ae70e0fa850d83d4d6237f413ad8d8de7d2c1b4a3d458e3e3a150d8198de26,244277,9c515ca46ad8f9fca7e879c0a1617207bf5ccf3df21930aaa0995227c3942c40,2_epic/ramayana/ram_03_u.txt
gretil,data/raw/gretil/2_epic/ramayana/ram_04_u.htm,2_epic/ramayana/ram_04_u.htm,data/canonical/gretil_iast/2_epic/ramayana/ram_04_u.txt,iast,doc_3d4a7bbad4feaea8ab2473cb,epic,train,188478,8033,4017,false,false,8490deef4d926c046bdf105357e805efbb924ab5a0d5bcc05ad3f30d27515d6b,a7530e62378426747cbb84f8679ac7957623ddf19181bc8109b891b7e2f547be,231932,9c515ca46ad8f9fca7e879c0a1617207bf5ccf3df21930aaa0995227c3942c40,2_epic/ramayana/ram_04_u.txt
gretil,data/raw/gretil/2_epic/ramayana/ram_05_u.htm,2_epic/ramayana/ram_05_u.htm,data/canonical/gretil_iast/2_epic/ramayana/ram_05_u.txt,iast,doc_872e1c5d9338afa9f53a0b61,epic,train,240227,10083,5042,false,false,69bc61e709398ce906755971ec804bcfcfcc903b60764d7853da9484cbc23b5e,b12fa1e88108e4e73080dcea087be8c719032ab9189025e2add7f1f7903b55e8,296631,9c515ca46ad8f9fca7e879c0a1617207bf5ccf3df21930aaa0995227c3942c40,2_epic/ramayana/ram_05_u.txt
gretil,data/raw/gretil/2_epic/ramayana/ram_06_u.htm,2_epic/ramayana/ram_06_u.htm,data/canonical/gretil_iast/2_epic/ramayana/ram_06_u.txt,iast,doc_84d186ead889474b38c18f26,epic,train,425866,17957,8979,false,false,b13d97596a0dcaf0778d1621a522410f37316396b56ae0c9752f1d2cb170c853,c9057008c87aa3df0287bca988fdc7fdd8a8317c76927c9329dc33f0f6bd3029,525673,9c515ca46ad8f9fca7e879c0a1617207bf5ccf3df21930aaa0995227c3942c40,2_epic/ramayana/ram_06_u.txt
gretil,data/raw/gretil/2_epic/ramayana/ram_07_u.htm,2_epic/ramayana/ram_07_u.htm,data/canonical/gretil_iast/2_epic/ramayana/ram_07_u.txt,iast,doc_13bf336fb614fe4dbe6908ba,epic,train,253836,10877,5439,false,false,ca75b9338374f1bc01f0b172a73af5b77518a82f252ae3988491ac7d6c88b010,884df140e7ab95e096362d9eb76e1d649b9a59b0042bfc233d67f73da2bd3d10,310874,9c515ca46ad8f9fca7e879c0a1617207bf5ccf3df21930aaa0995227c3942c40,2_epic/ramayana/ram_07_u.txt
gretil,data/raw/gretil/3_purana/agp_bi_u.htm,3_purana/agp_bi_u.htm,data/canonical/gretil_iast/3_purana/agp_bi_u.txt,iast,doc_c4eb93bec300887f94223a3f,purana,dev,1326184,57420,29567,false,false,ca97372e93654a7aa6693a15e163a8c152a9a832c09395dd66c7e6884ae41c5b,d4bf2940b621c99841ef4bf4ca800972d530603379fca3c00b289be9e4c21e15,1628744,9c515ca46ad8f9fca7e879c0a1617207bf5ccf3df21930aaa0995227c3942c40,3_purana/agp_bi_u.txt
gretil,data/raw/gretil/3_purana/bhagp/bhp_01u.htm,3_purana/bhagp/bhp_01u.htm,data/canonical/gretil_iast/3_purana/bhagp/bhp_01u.txt,iast,doc_c67de08b047e660fb6b3b002,purana,train,83456,3459,1730,false,false,06ec5067a4342cfb258138ffd8904ce1571e3052cbf8021b532f320cb18882c9,1c5c930e32274cc6c376c16c9d1a5da4f1564c4bc024eee740b8344944395794,102135,9c515ca46ad8f9fca7e879c0a1617207bf5ccf3df21930aaa0995227c3942c40,3_purana/bhagp/bhp_01u.txt
gretil,data/raw/gretil/3_purana/bhagp/bhp_02u.htm,3_purana/bhagp/bhp_02u.htm,data/canonical/gretil_iast/3_purana/bhagp/bhp_02u.txt,iast,doc_96a17ad96dc2a041a952a063,purana,train,43007,1835,918,false,false,489b022cb884c243080e87371e419436ab2ede46f1757045782fa9cbda267e94,36cd654bfe692a6a524f6bf02b3ef49acec6d0006bf415598bb6659fc60dd025,52275,9c515ca46ad8f9fca7e879c0a1617207bf5ccf3df21930aaa0995227c3942c40,3_purana/bhagp/bhp_02u.txt
gretil,data/raw/gretil/3_purana/bhagp/bhp_03u.htm,3_purana/bhagp/bhp_03u.htm,data/canonical/gretil_iast/3_purana/bhagp/bhp_03u.txt,iast,doc_ca5180062e78fbd196ac1b75,purana,train,153791,6413,3207,false,false,6d1b0cc66e9e33a0ef9ddd22d9175839a4fa99b1b3fae8872aaf0579c379bac8,bfb5a2e8a962704b37afe528a0b3dd9130fb0ad46ffc19f13b0dc47c26f5d52e,186238,9c515ca46ad8f9fca7e879c0a1617207bf5ccf3df21930aaa0995227c3942c40,3_purana/bhagp/bhp_03u.txt
gretil,data/raw/gretil/3_purana/bhagp/bhp_04u.htm,3_purana/bhagp/bhp_04u.htm,data/canonical/gretil_iast/3_purana/bhagp/bhp_04u.txt,iast,doc_c29b4cb85660519a665cd48d,purana,train,155311,6349,3175,false,false,85662e69bea75c6fe3d7e68bad991e2ccd5633b8ccf49f39217d0cebd8f78561,c35f0f822813813cb3645b2ccc1b50cf86146f2bf85aa13a606beea0a87e7c69,188402,9c515ca46ad8f9fca7e879c0a1617207bf5ccf3df21930aaa0995227c3942c40,3_purana/bhagp/bhp_04u.txt
gretil,data/raw/gretil/3_purana/bhagp/bhp_05u.htm,3_purana/bhagp/bhp_05u.htm,data/canonical/gretil_iast/3_purana/bhagp/bhp_05u.txt,iast,doc_9426bab21f89f26768a34192,purana,train,113230,1953,977,false,false,1c417b5814bcbc78e6eadc3f143953ccb3adc3e384d9c52dbf059957c43730bf,2c3d9fc1f21cf7eda5dc8980d1fcd26c2821d8c71e02f4eb4e49b9fcc0da09d5,135500,9c515ca46ad8f9fca7e879c0a1617207bf5ccf3df21930aaa0995227c3942c40,3_purana/bhagp/bhp_05u.txt
gretil,data/raw/gretil/3_purana/bhagp/bhp_06u.htm,3_purana/bhagp/bhp_06u.htm,data/canonical/gretil_iast/3_purana/bhagp/bhp_06u.txt,iast,doc_18f098515b75657c4f042f0d,purana,test,87435,3667,1834,false,false,4b59775f91e5e8a7b02ad8c645a82dfdf8bb34b550ed69574824ed479bae7892,a22a83fa6331b084dc25d7cd5687adc9a9ac7274fca14488a88196af01a901ca,106925,9c515ca46ad8f9fca7e879c0a1617207bf5ccf3df21930aaa0995227c3942c40,3_purana/bhagp/bhp_06u.txt
gretil,data/raw/gretil/3_purana/bhagp/bhp_07u.htm,3_purana/bhagp/bhp_07u.htm,data/canonical/gretil_iast/3_purana/bhagp/bhp_07u.txt,iast,doc_f297968649dd6c250382696c,purana,train,78356,3425,1713,false,false,8b53a9752140da5be68f80ff2013c7dda57e3824d115a53a7f7eec44b28dc1a0,986686390c9b96388f5455f69cc62a65b2862fbd9bdaa0411dc7932287077e9a,95343,9c515ca46ad8f9fca7e879c0a1617207bf5ccf3df21930aaa0995227c3942c40,3_purana/bhagp/bhp_07u.txt
gretil,data/raw/gretil/3_purana/bhagp/bhp_08u.htm,3_purana/bhagp/bhp_08u.htm,data/canonical/gretil_iast/3_purana/bhagp/bhp_08u.txt,iast,doc_9652e6389e39063ccc075346,purana,train,96590,4069,2035,false,false,751bc8d3317ca717e37e900563a73ea01a4b1ed40ca13f893bad711f382fdfa9,2b1ac661ca2c32343311a129538584f8985ca496d963f749d9757e86ef82c2be,117947,9c515ca46ad8f9fca7e879c0a1617207bf5ccf3df21930aaa0995227c3942c40,3_purana/bhagp/bhp_08u.txt
gretil,data/raw/gretil/3_purana/bhagp/bhp_09u.htm,3_purana/bhagp/bhp_09u.htm,data/canonical/gretil_iast/3_purana/bhagp/bhp_09u.txt,iast,doc_5bcda39a8c1eb67ba6f51bc6,purana,train,93558,4115,2058,false,false,71828fb662e3c9ae59557a3e373755d3676fa7c4cc9f43692a7c169cfab0572c,2f8c8bfb3bd0c3bf698938f8326080876fa9953efcfa5a999ed05a63c3560a49,114534,9c515ca46ad8f9fca7e879c0a1617207bf5ccf3df21930aaa0995227c3942c40,3_purana/bhagp/bhp_09u.txt
gretil,data/raw/gretil/3_purana/bhagp/bhp_10u.htm,3_purana/bhagp/bhp_10u.htm,data/canonical/gretil_iast/3_purana/bhagp/bhp_10u.txt,iast,doc_319d12c6c134438e26963870,purana,train,424782,18121,9061,false,false,fe37c2fc09260d4498545e0cd64dd2ae83f63b421d0d876f530b07bd48558a85,962182efb2033378f6a434bbe9ceb4daa06326c3b9f0341091942de85a18d1b0,518478,9c515ca46ad8f9fca7e879c0a1617207bf5ccf3df21930aaa0995227c3942c40,3_purana/bhagp/bhp_10u.txt
gretil,data/raw/gretil/3_purana/bhagp/bhp_11u.htm,3_purana/bhagp/bhp_11u.htm,data/canonical/gretil_iast/3_purana/bhagp/bhp_11u.txt,iast,doc_855489ea5ca5dae561795249,purana,test,142873,6071,3036,false,false,751d47e9fad45d60e0e8151479038aa0db4db8ca0aa5d0078c50cc97c5158efe,849db842737fbb38c868faa43aa292b70c77218595108f90b2772ffe9a5015d1,173175,9c515ca46ad8f9fca7e879c0a1617207bf5ccf3df21930aaa0995227c3942c40,3_purana/bhagp/bhp_11u.txt
gretil,data/raw/gretil/3_purana/bhagp/bhp_12u.htm,3_purana/bhagp/bhp_12u.htm,data/canonical/gretil_iast/3_purana/bhagp/bhp_12u.txt,iast,doc_7cbcfcb75beb31983a588fb3,purana,train,58697,2485,1243,false,false,c95164da6ab7f4c175ac7d33c2aee1bc379dfd92945f4d850f55133707ff4f64,303469b78c1fbb65040c9896fa562a4fcae1ba58b561a975305feb6ba5666c21,71698,9c515ca46ad8f9fca7e879c0a1617207bf5ccf3df21930aaa0995227c3942c40,3_purana/bhagp/bhp_12u.txt
gretil,data/raw/gretil/3_purana/brahmap/brahmppu.htm,3_purana/brahmap/brahmppu.htm,data/canonical/gretil_iast/3_purana/brahmap/brahmppu.txt,iast,doc_610aafc3fdda96da7e75cff1,purana,dev,1394909,58071,29036,false,false,bb4d01d53e87a223efc5cb5754f8621a3f69989f8b65ec0a70912785e683f377,fa09efff7d58519f4e4b0daab954fb128434f4512f34b8c219845675713a02a5,1693816,9c515ca46ad8f9fca7e879c0a1617207bf5ccf3df21930aaa0995227c3942c40,3_purana/brahmap/brahmppu.txt
gretil,data/raw/gretil/3_purana/brndp1_u.htm,3_purana/brndp1_u.htm,data/canonical/gretil_iast/3_purana/brndp1_u.txt,iast,doc_873303b1e4f70057867c9bdb,purana,test,374966,15447,7724,false,false,4f4197b561fb925442ced512a77575efdb42c022ac398e5240c350e8ac155ebb,953e3f56855a22a7a263a8e45999e5b98cee2ecc29446fe4559d116d5db01aeb,459426,9c515ca46ad8f9fca7e879c0a1617207bf5ccf3df21930aaa0995227c3942c40,3_purana/brndp1_u.txt
gretil,data/raw/gretil/3_purana/brndp2_u.htm,3_purana/brndp2_u.htm,data/canonical/gretil_iast/3_purana/brndp2_u.txt,iast,doc_7ff8707daf510284cb75fc9f,purana,train,578344,23999,12000,false,false,383cd89e7c484ba03155f3dc8cdc4b8b1d9ec7068a21ae8a63a3dd55a05afa1a,cfefdcbdd4c0e052e9e23627184f565ae800d5bf30644a7b47df9e09a7f35346,705661,9c515ca46ad8f9fca7e879c0a1617207bf5ccf3df21930aaa0995227c3942c40,3_purana/brndp2_u.txt
gretil,data/raw/gretil/3_purana/brndp3_u.htm,3_purana/brndp3_u.htm,data/canonical/gretil_iast/3_purana/brndp3_u.txt,iast,doc_dd1811806bcdf3d401658b01,purana,train,416724,17438,8720,false,false,c3f1b2a19dd616a7d519f2aff19795de02811e57d296c80d0b1c1bb49550daed,c45978812b3b54e708b386d90b5c7f4d7b249ef5a7e0a68efc374c24b46207ca,510398,9c515ca46ad8f9fca7e879c0a1617207bf5ccf3df21930aaa0995227c3942c40,3_purana/brndp3_u.txt
gretil,data/raw/gretil/3_purana/garup1_u.htm,3_purana/garup1_u.htm,data/canonical/gretil_iast/3_purana/garup1_u.txt,iast,doc_a2b322befb2220d6df5546f2,purana,train,781868,32040,16021,false,false,79c204e5b4c0eaf069d8fe91d41bdbe7e26574962a7d4a0a1ff18976e2ff0cad,0af79a64cdb1ad5403dd074ae8d39df6ec2b63e2a45d8b8372547baa04fdaa06,964099,9c515ca46ad8f9fca7e879c0a1617207bf5ccf3df21930aaa0995227c3942c40,3_purana/garup1_u.txt
gretil,data/raw/gretil/3_purana/garup2_u.htm,3_purana/garup2_u.htm,data/canonical/gretil_iast/3_purana/garup2_u.txt,iast,doc_77ac241767e7f4a3e883bcaf,purana,train,298155,12265,6133,false,false,6486080bde5ee968ba5b44ca97b3dc1fefe1956ffb98ed9b0c19481206a3f87b,0218196e45393bdf6583d50a847338b8a2aed33125d6afad300e32bd20de4c8d,362924,9c515ca46ad8f9fca7e879c0a1617207bf5ccf3df21930aaa0995227c3942c40,3_purana/garup2_u.txt
gretil,data/raw/gretil/3_purana/garup3_u.htm,3_purana/garup3_u.htm,data/canonical/gretil_iast/3_purana/garup3_u.txt,iast,doc_01ea8e8c856e7f0f9277d4f6,purana,dev,231498,8333,4167,false,false,e4f9fb285599d2515904cc65830fd518bd9d7e01d86359e1abc10af3d0c4bd88,5cc48683991889152eda24eca9ac257a664fc404564438219187da1b97eac4ad,284074,9c515ca46ad8f9fca7e879c0a1617207bf5ccf3df21930aaa0995227c3942c40,3_purana/garup3_u.txt
gretil,data/raw/gretil/3_purana/kurmp1_u.htm,3_purana/kurmp1_u.htm,data/canonical/gretil_iast/3_purana/kurmp1_u.txt,iast,doc_e2a0f5e6381882f913028fbb,purana,train,315745,13523,6762,false,false,c1ea9f222e69ff62d105e85b6655036d7fa690378aa5012e303da9cba5b215dc,78b75ec9b87a9ed031384d6ad2d9a176a045c51397b4bbc2f42ca0318c317b74,386344,9c515ca46ad8f9fca7e879c0a1617207bf5ccf3df21930aaa0995227c3942c40,3_purana/kurmp1_u.txt
gretil,data/raw/gretil/3_purana/kurmp2_u.htm,3_purana/kurmp2_u.htm,data/canonical/gretil_iast/3_purana/kurmp2_u.txt,iast,doc_b96248bdfd253b395143a9bb,purana,train,272986,11525,5763,false,false,1f721a442f3333bbf45adfe1db5a3ff1908f79f55b4f546d7c841a601c0ada9b,3fef885697b05f8610202240c80c1fe958f71d2f045f79c3e53082d6767e99bc,332510,9c515ca46ad8f9fca7e879c0a1617207bf5ccf3df21930aaa0995227c3942c40,3_purana/kurmp2_u.txt
gretil,data/raw/gretil/3_purana/lip_1_pu.htm,3_purana/lip_1_pu.htm,data/canonical/gretil_iast/3_purana/lip_1_pu.txt,iast,doc_c083dd24f2d34024e4eeb8e1,purana,train,676965,28021,14011,false,false,a31a3985706b50b651e894c5585e05f70a5ced1d3bb2f3974452ea3a4bfa0a57,4844e9cb03fd991a3420a20972782f054e2d9a3d4badbcd53e4141bbf00d0319,826613,9c515ca46ad8f9fca7e879c0a1617207bf5ccf3df21930aaa0995227c3942c40,3_purana/lip_1_pu.txt
gretil,data/raw/gretil/3_purana/lip_2__u.htm,3_purana/lip_2__u.htm,data/canonical/gretil_iast/3_purana/lip_2__u.txt,iast,doc_8cde9d7df59cffc5a23ad98d,purana,train,235073,9615,4808,false,false,d7a62118c050b97c351c905fcf0321e21ef6d61e17f7a501b8e2096552039356,5205343cb45ab69a16adcf73f66b5dd6866f41a1c3e3e799d8b4e32dec3d5e13,288248,9c515ca46ad8f9fca7e879c0a1617207bf5ccf3df21930aaa0995227c3942c40,3_purana/lip_2__u.txt
gretil,data/raw/gretil/3_purana/mkp1-93u.htm,3_purana/mkp1-93u.htm,data/canonical/gretil_iast/3_purana/mkp1-93u.txt,iast,doc_5b0bcb7e1fa567081256671d,purana,train,459273,19957,9979,false,false,c7e6336032e40bbcfe3a72cb9b3aec0d9568c70f18acdd312693956da2e30541,bdc68f1a61af0b9449462c19c7466e87bf1ef6b74aee592c00b0a516bed49b87,557580,9c515ca46ad8f9fca7e879c0a1617207bf5ccf3df21930aaa0995227c3942c40,3_purana/mkp1-93u.txt
gretil,data/raw/gretil/3_purana/mtp176pu.htm,3_purana/mtp176pu.htm,data/canonical/gretil_iast/3_purana/mtp176pu.txt,iast,doc_e3c1a64917e3c962344d676f,purana,train,877539,36531,18266,false,false,86b9bab8b8be978af0dc07b0f4607371e9b42c6d77107ed223c45c47152717b6,18951fbdb7cfc432ebe5f3938ece4d28fab9b1984a708f78e0f6e2aa40032698,1064575,9c515ca46ad8f9fca7e879c0a1617207bf5ccf3df21930aaa0995227c3942c40,3_purana/mtp176pu.txt
gretil,data/raw/gretil/3_purana/nardp1_u.htm,3_purana/nardp1_u.htm,data/canonical/gretil_iast/3_purana/nardp1_u.txt,iast,doc_57e70353460d234df6247ddb,purana,train,1294655,53375,26688,false,false,209fed071a134b6d1bb13c792adacaecd27461617b2fc1030bdb55e841b76a65,7c3b97c27e7c410facd0d1b5021e7c0516cd1e26d677831faff4ffb9964da4c5,1585084,9c515ca46ad8f9fca7e879c0a1617207bf5ccf3df21930aaa0995227c3942c40,3_purana/nardp1_u.txt
gretil,data/raw/gretil/3_purana/nardp2_u.htm,3_purana/nardp2_u.htm,data/canonical/gretil_iast/3_purana/nardp2_u.txt,iast,doc_536e0a10379bfb7e10ce0ae0,purana,train,251934,10297,5149,false,false,72c31bda5f2b57f1eaeb0b0ac8cc0e515599120d77130084830e30ffdb2ca886,ea5d0413e80f758fbb89d321a549abca5e5065501f1bd07287ba117762cc54ca,306723,9c515ca46ad8f9fca7e879c0a1617207bf5ccf3df21930aaa0995227c3942c40,3_purana/nardp2_u.txt
gretil,data/raw/gretil/3_purana/narsippu.htm,3_purana/narsippu.htm,data/canonical/gretil_iast/3_purana/narsippu.txt,iast,doc_7765c5040e468f6d67ce7a6b,purana,train,369384,14783,7392,false,false,9398b385f2a9036ac9e680919cf921047b79dae12c63ba3cd1a3b278c7d6aca8,51fc274020031db8d671560d694fa2c03bde95dd997996b023c8ead68c382bc9,450330,9c515ca46ad8f9fca7e879c0a1617207bf5ccf3df21930aaa0995227c3942c40,3_purana/narsippu.txt
gretil,data/raw/gretil/3_purana/sivap1_u.htm,3_purana/sivap1_u.htm,data/canonical/gretil_iast/3_purana/sivap1_u.txt,iast,doc_0ec0243988ef38b6834d0fd7,purana,train,151905,6385,3193,false,false,47648a81ba2801e990e4341a00713e5837c9e94aa5b9f28ee2e897cf371bb711,160fc9166c7d4a75d317fc03cf2ae38d344951c04f72bcac2a9c3acf4e6b1834,187302,9c515ca46ad8f9fca7e879c0a1617207bf5ccf3df21930aaa0995227c3942c40,3_purana/sivap1_u.txt
gretil,data/raw/gretil/3_purana/sivap7_u.htm,3_purana/sivap7_u.htm,data/canonical/gretil_iast/3_purana/sivap7_u.txt,iast,doc_ca63c514794b1b4a0c288993,purana,train,415384,17263,8632,false,false,9ca90cd7e553a3b0ae46a85cd73d6bf2dff7e452c2ad012fe4697259c92965a7,58ce55a5c093824d90344ed21f8693aeb52411072909463cee6ebde69a8f6bfd,506969,9c515ca46ad8f9fca7e879c0a1617207bf5ccf3df21930aaa0995227c3942c40,3_purana/sivap7_u.txt
gretil,data/raw/gretil/3_purana/skp031pu.htm,3_purana/skp031pu.htm,data/canonical/gretil_iast/3_purana/skp031pu.txt,iast,doc_6e174ec4a818996912c48e6b,purana,dev,175879,7553,3777,false,false,62d76af490a02d8fcfae2361568d349f7eba0db044f75ae0135b4441f3e461e2,ea671c586a2277c651a397be87dc26eb0b9f9ce4773ca0ce8135e4f8889cff0e,211579,9c515ca46ad8f9fca7e879c0a1617207bf5ccf3df21930aaa0995227c3942c40,3_purana/skp031pu.txt
gretil,data/raw/gretil/3_purana/skprevku.htm,3_purana/skprevku.htm,data/canonical/gretil_iast/3_purana/skprevku.txt,iast,doc_09e60f4e697594e02e0fee51,purana,train,672660,28499,14250,false,false,0815656b09ea67ada754affac12d94df69ec4cfbef56346a9cd0d4a21b8b36c7,b6d4a7f31eed336598b669ef9ba20fee50b1b3ef4262c65bf2c3179ad46a786d,816131,9c515ca46ad8f9fca7e879c0a1617207bf5ccf3df21930aaa0995227c3942c40,3_purana/skprevku.txt
gretil,data/raw/gretil/3_purana/vamp__u.htm,3_purana/vamp__u.htm,data/canonical/gretil_iast/3_purana/vamp__u.txt,iast,doc_dcb4848f2068458b7a9d47bc,purana,test,482169,19245,9623,false,false,8c513cc725f6788f6167fa789a35ab8b74d093315e1093b9a76210f4fe24ea7e,c32043531099c2ed3806fe2e53eb546d2e16e902d0e1efa1803f746544d25f2a,585203,9c515ca46ad8f9fca7e879c0a1617207bf5ccf3df21930aaa0995227c3942c40,3_purana/vamp__u.txt
gretil,data/raw/gretil/3_purana/vd2127_u.htm,3_purana/vd2127_u.htm,data/canonical/gretil_iast/3_purana/vd2127_u.txt,iast,doc_f39aefa6dab151f3ab234b4f,purana,train,5482,217,109,false,false,b38eb1d77f0def3adfa41d601073d03394bd2b19a38441521f393021ab727a69,552edb99fa834d5c74a1fe122caf63583f962ae5bdfb92e5cc1ef9786e00b56a,6493,9c515ca46ad8f9fca7e879c0a1617207bf5ccf3df21930aaa0995227c3942c40,3_purana/vd2127_u.txt
gretil,data/raw/gretil/3_purana/vd3343pu.htm,3_purana/vd3343pu.htm,data/canonical/gretil_iast/3_purana/vd3343pu.txt,iast,doc_b9b74f2a623a0def4bf8319c,purana,test,38122,2233,1117,false,false,41c563d8c88a02eb9b1dbbe568a0884babbd879152dfc89c9d885fcf43a5b7aa,b209e8a6de6dd617bb995bd1209bd066397b7e08604a9988f0a44c87bdaaf491,45644,9c515ca46ad8f9fca7e879c0a1617207bf5ccf3df21930aaa0995227c3942c40,3_purana/vd3343pu.txt
gretil,data/raw/gretil/3_purana/vipce_pu.htm,3_purana/vipce_pu.htm,data/canonical/gretil_iast/3_purana/vipce_pu.txt,iast,doc_d53335731554c00f92e34de5,purana,train,652157,25837,12919,false,false,bffea40e3e6d963acf6cce1da7162eeed473cbd5ec6d133b8e6917957ec3c5ad,afad84225a31809c416d3987e22f7097cd47554976dccf9e3b100e07e91ef7d7,786591,9c515ca46ad8f9fca7e879c0a1617207bf5ccf3df21930aaa0995227c3942c40,3_purana/vipce_pu.txt
gretil,data/raw/gretil/4_rellit/buddh/avsata_u.htm,4_rellit/buddh/avsata_u.htm,data/canonical/gretil_iast/4_rellit/buddh/avsata_u.txt,iast,doc_8a5c00735ea61d59a107df21,religious_literature,train,679834,4089,2048,false,false,d61b8b689ae71d5e90a0cb5be97758fa7c94d01a3d60c8195c8a7fd13b6ba0dd,8830b2e0ed1af3359349504c6207a3a6fca6a35007a0105c6ef47efa88559878,827968,9c515ca46ad8f9fca7e879c0a1617207bf5ccf3df21930aaa0995227c3942c40,4_rellit/buddh/avsata_u.txt
gretil,data/raw/gretil/4_rellit/buddh/divyav_u.htm,4_rellit/buddh/divyav_u.htm,data/canonical/gretil_iast/4_rellit/buddh/divyav_u.txt,iast,doc_4ff5fdf98c391b8d7635d688,religious_literature,test,1222837,32839,16420,false,false,c212ede81ef0972568f4689b7d6bb26d42691f4d69cb8d07998afbe023b6bc72,795f22048616d51c0473ed9e62eb93a9f739d0f0e008f8a942ffb4b32b1b2855,1482448,9c515ca46ad8f9fca7e879c0a1617207bf5ccf3df21930aaa0995227c3942c40,4_rellit/buddh/divyav_u.txt
gretil,data/raw/gretil/4_rellit/buddh/mhvastuu.htm,4_rellit/buddh/mhvastuu.htm,data/canonical/gretil_iast/4_rellit/buddh/mhvastuu.txt,iast,doc_8ce895256ac31919f6062612,religious_literature,train,1584681,27649,13825,false,false,daf567444c83bb1874026b5d4583cb1cdfb3cddf5c4d0affa5cf024954e7f5cf,e2b66e763ee2037d55e826d6bacd8b34d4681476a8acd560a3115ca7af9e233c,1925730,9c515ca46ad8f9fca7e879c0a1617207bf5ccf3df21930aaa0995227c3942c40,4_rellit/buddh/mhvastuu.txt
gretil,data/raw/gretil/4_rellit/buddh/vimkn_u.htm,4_rellit/buddh/vimkn_u.htm,data/canonical/gretil_iast/4_rellit/buddh/vimkn_u.txt,iast,doc_ac58965be73b0033b2efa548,religious_literature,test,128237,1281,643,false,false,232e0bac5d14904c1d6290f432f29043134ab7fbcd518840d33a43c6de29349d,23849e383c196cf8410454c209bc0c8103bd5efc7af91c829899a08f39e9afc5,152837,9c515ca46ad8f9fca7e879c0a1617207bf5ccf3df21930aaa0995227c3942c40,4_rellit/buddh/vimkn_u.txt
gretil,data/raw/gretil/4_rellit/buddh/sukhvylu.htm,4_rellit/buddh/sukhvylu.htm,data/canonical/gretil_iast/4_rellit/buddh/sukhvylu.txt,iast,doc_e9b4845686d1edba22e20154,religious_literature,train,84856,3241,1621,false,false,8d2ee1c82d25b1690810c61c78e9f5cc8aa33dfb65e1b99d6109cddc4cdd0eb0,69c2ccbf9733fb7f13de2b0c5cb203a9c7fd3ea7e0df2913d3cb1399666da7e1,100779,9c515ca46ad8f9fca7e879c0a1617207bf5ccf3df21930aaa0995227c3942c40,4_rellit/buddh/sukhvylu.txt
gretil,data/raw/gretil/4_rellit/buddh/sukhvysu.htm,4_rellit/buddh/sukhvysu.htm,data/canonical/gretil_iast/4_rellit/buddh/sukhvysu.txt,iast,doc_2a09266203dc621d6a5214f2,religious_literature,train,11208,353,177,false,false,3fc86e767a160ce41dc7688d65131ed769217947ec302c4d3958a53ceb8fbaf0,81ac6abd8ba6f0460d1755bc41c7c66cee0da001baf65b44117652d7daffb781,13567,9c515ca46ad8f9fca7e879c0a1617207bf5ccf3df21930aaa0995227c3942c40,4_rellit/buddh/sukhvysu.txt
gretil,data/raw/gretil/4_rellit/buddh/udanav_u.htm,4_rellit/buddh/udanav_u.htm,data/canonical/gretil_iast/4_rellit/buddh/udanav_u.txt,iast,doc_fe242f157aaefae7c7e7e18b,religious_literature,dev,142748,4275,2138,false,false,b4fd66809e29e24c81b2aa4cc3e110b4ca63e9a90164cd778318ad6e95f760db,bf5aa1bad356df7bbb55b66e67d86df9cea0e8a870272cbb9f1132c5b0871603,160405,9c515ca46ad8f9fca7e879c0a1617207bf5ccf3df21930aaa0995227c3942c40,4_rellit/buddh/udanav_u.txt
gretil,data/raw/gretil/4_rellit/buddh/asmahsuu.htm,4_rellit/buddh/asmahsuu.htm,data/canonical/gretil_iast/4_rellit/buddh/asmahsuu.txt,iast,doc_1066c86fa0b2f94e3ee9ab90,religious_literature,train,307603,5414,2708,false,false,eb6ce0418a4bd963352ba053afdeede5ce0b90ba5e73f5f4e46b0b322059fb5c,d5bf366938a43cec4f15c045028b18ca8fad8e6144bb217763f6f225f30d7a5e,370063,9c515ca46ad8f9fca7e879c0a1617207bf5ccf3df21930aaa0995227c3942c40,4_rellit/buddh/asmahsuu.txt
gretil,data/raw/gretil/4_rellit/buddh/srabhu_u.htm,4_rellit/buddh/srabhu_u.htm,data/canonical/gretil_iast/4_rellit/buddh/srabhu_u.txt,iast,doc_5bac095b336a1b07c7acff20,religious_literature,train,320026,2864,1433,false,false,1cedc917b9db5e180a76501abf4913f7af56a7f3e0618b689cd31f41d69b4fc9,cb9192ebbf0e7a993fa180a01e4f80881504e0b32d6420c6deba24d5bc48b5c3,383193,9c515ca46ad8f9fca7e879c0a1617207bf5ccf3df21930aaa0995227c3942c40,4_rellit/buddh/srabhu_u.txt
gretil,data/raw/gretil/4_rellit/buddh/vinsutru.htm,4_rellit/buddh/vinsutru.htm,data/canonical/gretil_iast/4_rellit/buddh/vinsutru.txt,iast,doc_fe2a9b0b1b25b6b343b010a6,religious_literature,train,232006,12732,6368,false,false,9ccc21db234060f1f6fddadb5742bfb8485a2f0bdc61a2eb3cb39937171a18e0,196bc0f28b7a7fd2b6f9b1084b8556180f564b373e2a35dbf255557d025ddd63,283239,9c515ca46ad8f9fca7e879c0a1617207bf5ccf3df21930aaa0995227c3942c40,4_rellit/buddh/vinsutru.txt
gretil,data/raw/gretil/4_rellit/buddh/bhivin_u.htm,4_rellit/buddh/bhivin_u.htm,data/canonical/gretil_iast/4_rellit/buddh/bhivin_u.txt,iast,doc_a0506a54bb6ab615af8a39e9,religious_literature,train,379778,3287,1644,false,false,7821db0f7da7461de145f1da79f08e1d30ec8afdf9ba93edf3794d942991e4ea,000628b742b7485c1c9812944eb3d628b82648d892ef068f464a14b4168ecc95,463171,9c515ca46ad8f9fca7e879c0a1617207bf5ccf3df21930aaa0995227c3942c40,4_rellit/buddh/bhivin_u.txt
gretil,data/raw/gretil/4_rellit/buddh/vinv01_u.htm,4_rellit/buddh/vinv01_u.htm,data/canonical/gretil_iast/4_rellit/buddh/vinv01_u.txt,iast,doc_cd02db2761ca6f5c696abd80,religious_literature,train,87381,839,420,false,false,26becfe7944943a6750ceeea0a3d5d32d500647c6f712022e42c5a1d09570b1d,96214c70ad6ae7d46836e206912a6a77d4bafeffcd77e0cb4abb3b34e6138188,106127,9c515ca46ad8f9fca7e879c0a1617207bf5ccf3df21930aaa0995227c3942c40,4_rellit/buddh/vinv01_u.txt
gretil,data/raw/gretil/4_rellit/buddh/vinv02_u.htm,4_rellit/buddh/vinv02_u.htm,data/canonical/gretil_iast/4_rellit/buddh/vinv02_u.txt,iast,doc_1ed4e790a5d92d108d172753,religious_literature,dev,58993,1284,642,false,false,c6eecc4a1ba4a0771ed4bca1fbbee3adc8fdad25dd6902fbf4a3ce24b22dafce,c96c9c04db03becb57f513d484d25c6c77e7d1b360eb21faf64095e2b59df7a7,73453,9c515ca46ad8f9fca7e879c0a1617207bf5ccf3df21930aaa0995227c3942c40,4_rellit/buddh/vinv02_u.txt
gretil,data/raw/gretil/4_rellit/buddh/vinv03_u.htm,4_rellit/buddh/vinv03_u.htm,data/canonical/gretil_iast/4_rellit/buddh/vinv03_u.txt,iast,doc_2c1103ac51b21a2e9fddad4b,religious_literature,train,30333,298,149,false,false,c64743d30250b218a5a5f296ca5914cf7041ec52ed8d9943506d5a2adfe33f08,5e199f69f3c229d6a2932e18ac774fa14fc7def8a6db3f246581e9a05a8d4a36,37154,9c515ca46ad8f9fca7e879c0a1617207bf5ccf3df21930aaa0995227c3942c40,4_rellit/buddh/vinv03_u.txt
gretil,data/raw/gretil/4_rellit/buddh/vinv04_u.htm,4_rellit/buddh/vinv04_u.htm,data/canonical/gretil_iast/4_rellit/buddh/vinv04_u.txt,iast,doc_d5f3223ebd81ea0ac6dad620,religious_literature,train,33795,223,112,false,false,1a22b7248c2a30d614ee100e4cb716e130f6633edf31eb57eda0c1c4680effb3,a0994e1c1b17679b9fb8bc6b47b25908a2b49b6476be34fc2176b10b2996afa1,41700,9c515ca46ad8f9fca7e879c0a1617207bf5ccf3df21930aaa0995227c3942c40,4_rellit/buddh/vinv04_u.txt
gretil,data/raw/gretil/4_rellit/buddh/vinv05_u.htm,4_rellit/buddh/vinv05_u.htm,data/canonical/gretil_iast/4_rellit/buddh/vinv05_u.txt,iast,doc_e968225e1ccb9a6aa7b3707b,religious_literature,train,59863,138,70,false,false,8f32b459bcaf9e9e2154417d48683dc0e3265017f1901873e87ef5b2989c5868,8c68a8ca12f38697873d5409e345f1803b79a0f4c8da6d83c98bd01cf793741f,73070,9c515ca46ad8f9fca7e879c0a1617207bf5ccf3df21930aaa0995227c3942c40,4_rellit/buddh/vinv05_u.txt
gretil,data/raw/gretil/4_rellit/buddh/vinv_06u.htm,4_rellit/buddh/vinv_06u.htm,data/canonical/gretil_iast/4_rellit/buddh/vinv_06u.txt,iast,doc_eae6a2ded83e9e9b37f9631c,religious_literature,train,367010,3400,1723,false,false,2400b9ec6144da5ef4d0c1b965a10adeecf9e98ed7ae1e126716c752c7e4a275,23c212e2db0fd3d97272364fc06f39d39e7c5e6a951553c470883194e43eb9a2,446619,9c515ca46ad8f9fca7e879c0a1617207bf5ccf3df21930aaa0995227c3942c40,4_rellit/buddh/vinv_06u.txt
gretil,data/raw/gretil/4_rellit/buddh/vinv07_u.htm,4_rellit/buddh/vinv07_u.htm,data/canonical/gretil_iast/4_rellit/buddh/vinv07_u.txt,iast,doc_ddd9b9b6b5d0cb021c14d1ba,religious_literature,train,178884,495,250,false,false,bdafcc26abcac33d19c95d44b5d0b150184d0174cebd5041a7886ffa3a43b412,b54d8d4fd95cc7635c9cc4202eb1d6ba8f5f71d417f9cd51a11a037c9a733017,216414,9c515ca46ad8f9fca7e879c0a1617207bf5ccf3df21930aaa0995227c3942c40,4_rellit/buddh/vinv07_u.txt
gretil,data/raw/gretil/4_rellit/buddh/vinv08_u.htm,4_rellit/buddh/vinv08_u.htm,data/canonical/gretil_iast/4_rellit/buddh/vinv08_u.txt,iast,doc_d8765d196f539c913f39a236,religious_literature,test,24007,213,107,false,false,18a87449ad51c97e1da1b3b48ebbdf8e4f96b40437b05173eb0f41b3a5b8238e,ef9731228eef5468eb964627b0f451b2a48cfe43e5c995ee85f9d21a98d15c1d,30395,9c515ca46ad8f9fca7e879c0a1617207bf5ccf3df21930aaa0995227c3942c40,4_rellit/buddh/vinv08_u.txt
gretil,data/raw/gretil/4_rellit/buddh/vinv09_u.htm,4_rellit/buddh/vinv09_u.htm,data/canonical/gretil_iast/4_rellit/buddh/vinv09_u.txt,iast,doc_5f76fdcc9f436747239bb964,religious_literature,train,26062,133,67,false,false,5f255f875752271fde99c3bc7b7ab6a953bcaf17538c496d86cddba3c71ccf36,dc6822c86a6b81234ea20232532043e5e3c5bf98fdaabbca352c72a3bcd5857c,31877,9c515ca46ad8f9fca7e879c0a1617207bf5ccf3df21930aaa0995227c3942c40,4_rellit/buddh/vinv09_u.txt
gretil,data/raw/gretil/4_rellit/buddh/vinv10_u.htm,4_rellit/buddh/vinv10_u.htm,data/canonical/gretil_iast/4_rellit/buddh/vinv10_u.txt,iast,doc_fed4ed3399bfad1a7df8b077,religious_literature,train,16333,75,38,false,false,15352fdc15fca6d7ec44b3ece6647be0357c9ddfb1bce1f60e47515c6b91de73,06c1c354ba6c9e3c61f389605738aaf97b870e9c446d883b27226f474344f12e,19465,9c515ca46ad8f9fca7e879c0a1617207bf5ccf3df21930aaa0995227c3942c40,4_rellit/buddh/vinv10_u.txt
gretil,data/raw/gretil/4_rellit/buddh/vinv11_u.htm,4_rellit/buddh/vinv11_u.htm,data/canonical/gretil_iast/4_rellit/buddh/vinv11_u.txt,iast,doc_0c88b12287c5403565129ccc,religious_literature,train,71934,247,124,false,false,42c7ebc45719e7ad6d13aceb2b24b10a51528c6392a97337a90fa2a0dc4da15c,636782dd9eb82e03326a3d873edb364f7a9b48c96ef78e3af72cc2822750fa13,90433,9c515ca46ad8f9fca7e879c0a1617207bf5ccf3df21930aaa0995227c3942c40,4_rellit/buddh/vinv11_u.txt
gretil,data/raw/gretil/4_rellit/buddh/vinv12_u.htm,4_rellit/buddh/vinv12_u.htm,data/canonical/gretil_iast/4_rellit/buddh/vinv12_u.txt,iast,doc_f05aca975a51e38a9f877fda,religious_literature,train,34314,163,82,false,false,97e27101b51f7fb4705afbb04c961b894e372548d271c03f3dd1688a71808346,bad8c13967f8c53b994673306545eaaa174168bbd8122a53da40e36a7c4f26f1,41696,9c515ca46ad8f9fca7e879c0a1617207bf5ccf3df21930aaa0995227c3942c40,4_rellit/buddh/vinv12_u.txt
gretil,data/raw/gretil/4_rellit/buddh/vinv13_u.htm,4_rellit/buddh/vinv13_u.htm,data/canonical/gretil_iast/4_rellit/buddh/vinv13_u.txt,iast,doc_6fe4c2d613209f3e224869fe,religious_literature,train,13258,73,37,false,false,49f6fcf2e367464f796baf9d064e7dabd40135d713c9e8d492ebddc0b6a66597,09275901e9a67418bbcf25509fe9a6bbe75248f491b8e0dea3aa12a4e352cc61,16517,9c515ca46ad8f9fca7e879c0a1617207bf5ccf3df21930aaa0995227c3942c40,4_rellit/buddh/vinv13_u.txt
gretil,data/raw/gretil/4_rellit/buddh/vinv14_u.htm,4_rellit/buddh/vinv14_u.htm,data/canonical/gretil_iast/4_rellit/buddh/vinv14_u.txt,iast,doc_edc0c2f9567a71743c896755,religious_literature,train,13275,95,48,false,false,131ba364129b53e7349e63dc39dd6e39834affa3fd6fb5df8fa864040dde6e4a,b3bd0e22f140f97fa38e1b624313da79534feeed6829c9f97fc25aa231c74682,16409,9c515ca46ad8f9fca7e879c0a1617207bf5ccf3df21930aaa0995227c3942c40,4_rellit/buddh/vinv14_u.txt
gretil,data/raw/gretil/4_rellit/buddh/vinv15_u.htm,4_rellit/buddh/vinv15_u.htm,data/canonical/gretil_iast/4_rellit/buddh/vinv15_u.txt,iast,doc_7ea6dc06eeb2b1c0f6a67e84,religious_literature,train,95328,367,191,false,false,f1b4ec8e9e220815bbc403f54d4b9878a455ba4a9d6a99a86f8b979677a10301,32961c938a24de8e1901571901008e47c9a588e16a1dd7330f8eca9263c323a3,115343,9c515ca46ad8f9fca7e879c0a1617207bf5ccf3df21930aaa0995227c3942c40,4_rellit/buddh/vinv15_u.txt
gretil,data/raw/gretil/4_rellit/buddh/vinv16_u.htm,4_rellit/buddh/vinv16_u.htm,data/canonical/gretil_iast/4_rellit/buddh/vinv16_u.txt,iast,doc_4e29c1b0e576694c70f7f02d,religious_literature,train,90647,315,168,false,false,ecd53b8c30bb719f8b08fe514ff4aa6e87713baa4d88ca9211072c978cc07f61,e52cba373e989385a08ddfdac9c3b93457ac8313b646e666b20299d199494962,111079,9c515ca46ad8f9fca7e879c0a1617207bf5ccf3df21930aaa0995227c3942c40,4_rellit/buddh/vinv16_u.txt
gretil,data/raw/gretil/4_rellit/buddh/vinv171u.htm,4_rellit/buddh/vinv171u.htm,data/canonical/gretil_iast/4_rellit/buddh/vinv171u.txt,iast,doc_f349f7ea9ee2ac0045d8437b,religious_literature,train,381571,2096,1053,false,false,47098dd3f58869706eb3a096036a599621909e88dfb8f7788acac4d3b61bf9f0,7404132a706319d27812568e77298a4c90a8bcf938712fb6d27505abb9ff77c0,461221,9c515ca46ad8f9fca7e879c0a1617207bf5ccf3df21930aaa0995227c3942c40,4_rellit/buddh/vinv171u.txt
gretil,data/raw/gretil/4_rellit/buddh/vinv172u.htm,4_rellit/buddh/vinv172u.htm,data/canonical/gretil_iast/4_rellit/buddh/vinv172u.txt,iast,doc_966af94441cd7e6e1f3f59c0,religious_literature,train,499383,2592,1301,false,false,5fa759fbfd7aa172a96ea03c375d591d6f44a6c24281cc5d784219b478df2bc6,bba0498a55f8d999e7aadf47fdbb90307c1f4f44dd7cf3b8a4914e1fef4ade0d,608127,9c515ca46ad8f9fca7e879c0a1617207bf5ccf3df21930aaa0995227c3942c40,4_rellit/buddh/vinv172u.txt
gretil,data/raw/gretil/6_sastra/3_phil/buddh/nagmmk_u.htm,6_sastra/3_phil/buddh/nagmmk_u.htm,data/canonical/gretil_iast/6_sastra/3_phil/buddh/nagmmk_u.txt,iast,doc_5becb02938cd3a6ff3328ce0,sastra,train,44338,1791,896,false,false,8bd95e7e91fd12a17d144b4a32174da43854b65693a5c506a6ab479ca90533e8,eac4ef20356fb616942be13bf672b0f0c2f5c64d049d781723124475e4a7a9e0,51730,9c515ca46ad8f9fca7e879c0a1617207bf5ccf3df21930aaa0995227c3942c40,6_sastra/3_phil/buddh/nagmmk_u.txt
gretil,data/raw/gretil/6_sastra/3_phil/buddh/nagvigvu.htm,6_sastra/3_phil/buddh/nagvigvu.htm,data/canonical/gretil_iast/6_sastra/3_phil/buddh/nagvigvu.txt,iast,doc_c7008040e19b916ff17f3ec6,sastra,train,41569,665,333,false,false,85ec9da540c22d55f6401b2dcc5d952fa81a95a69a50c7b4ed5f87b9cb7398c5,2e52aaa7d8730fccf3dfc1d9d7a9d6b8855850a6970ed6cba588333822407648,49571,9c515ca46ad8f9fca7e879c0a1617207bf5ccf3df21930aaa0995227c3942c40,6_sastra/3_phil/buddh/nagvigvu.txt
gretil,data/raw/gretil/6_sastra/3_phil/buddh/nrat_1_u.htm,6_sastra/3_phil/buddh/nrat_1_u.htm,data/canonical/gretil_iast/6_sastra/3_phil/buddh/nrat_1_u.txt,iast,doc_22fbd4ecd0a1a637c0713200,sastra,train,7682,310,155,false,false,081142e3fb38ff0441f75d4dd4bb30be2f0acc5b0def05d6cc1496e38ded3079,35ca54961a3941c0cd9a454b6a479b25e920180fdd3814ecbd4aea573dea90cf,9188,9c515ca46ad8f9fca7e879c0a1617207bf5ccf3df21930aaa0995227c3942c40,6_sastra/3_phil/buddh/nrat_1_u.txt
gretil,data/raw/gretil/6_sastra/3_phil/buddh/nrat_2_u.htm,6_sastra/3_phil/buddh/nrat_2_u.htm,data/canonical/gretil_iast/6_sastra/3_phil/buddh/nrat_2_u.txt,iast,doc_946b6087fbcdd1b5ab727f58,sastra,train,4572,184,92,false,false,45446a958eb55bc52dbed797181595bd712cf26d975a439b857257b0e968f8cb,e96e56d6654976b5caba1416a46303c60e177b0d6be6e1b66fc3f4c8d42ac908,5435,9c515ca46ad8f9fca7e879c0a1617207bf5ccf3df21930aaa0995227c3942c40,6_sastra/3_phil/buddh/nrat_2_u.txt
gretil,data/raw/gretil/6_sastra/3_phil/buddh/nrat_4_u.htm,6_sastra/3_phil/buddh/nrat_4_u.htm,data/canonical/gretil_iast/6_sastra/3_phil/buddh/nrat_4_u.txt,iast,doc_eb8d35e7a8c3fc3250477dae,sastra,train,10053,402,201,false,false,303272a06038e1c77fcd94ebf8cf5c2d41b22d3d1d4b66d1914d2f6b1ea52a89,4c90fdbd66b952d202c2fcec7d0b83e9c46639aa3078e42f7494635d404a549d,12224,9c515ca46ad8f9fca7e879c0a1617207bf5ccf3df21930aaa0995227c3942c40,6_sastra/3_phil/buddh/nrat_4_u.txt
gretil,data/raw/gretil/6_sastra/3_phil/buddh/pramanvu.htm,6_sastra/3_phil/buddh/pramanvu.htm,data/canonical/gretil_iast/6_sastra/3_phil/buddh/pramanvu.txt,iast,doc_412952e2aafa6b98145766b2,sastra,train,139994,5811,2906,false,false,dca61b9c79a12d31adee0adb36950a596329dd32ee5c2e0033f9524f5ee31d92,006c6140dc13e5dfeb5983a46fd247ad85f3d8cf3b3f47df0f282d654bdef914,166199,9c515ca46ad8f9fca7e879c0a1617207bf5ccf3df21930aaa0995227c3942c40,6_sastra/3_phil/buddh/pramanvu.txt
gretil,data/raw/gretil/6_sastra/3_phil/buddh/santbcpu.htm,6_sastra/3_phil/buddh/santbcpu.htm,data/canonical/gretil_iast/6_sastra/3_phil/buddh/santbcpu.txt,iast,doc_3834297eebc91185e2ea2330,sastra,train,91940,3691,1846,false,false,3cf5f73f28b9a8b4d356ade5de21301210ae67f20ab924b377bbbd8437f2b577,e413ae132a506e49c446aa4142745d907772377d43571f848f7ce503a93aa61c,110261,9c515ca46ad8f9fca7e879c0a1617207bf5ccf3df21930aaa0995227c3942c40,6_sastra/3_phil/buddh/santbcpu.txt
gretil,data/raw/gretil/6_sastra/3_phil/buddh/vakobhau.htm,6_sastra/3_phil/buddh/vakobhau.htm,data/canonical/gretil_iast/6_sastra/3_phil/buddh/vakobhau.txt,iast,doc_10c3c60df92f7a5aeeec0f36,sastra,train,778800,31509,15755,false,false,340cf7014f4bd14f6253ddbbe26e3fc86c70111ded5df1bbeeb6968c26a7aecb,40abee07c1566de34715073e4d007622bd5f714e32b2faa3f85cba682b8a3b70,938810,9c515ca46ad8f9fca7e879c0a1617207bf5ccf3df21930aaa0995227c3942c40,6_sastra/3_phil/buddh/vakobhau.txt
gretil,data/raw/gretil/4_rellit/saiva/kirtm_pu.htm,4_rellit/saiva/kirtm_pu.htm,data/canonical/gretil_iast/4_rellit/saiva/kirtm_pu.txt,iast,doc_4e62b0a1b68ec0a204103ec5,religious_literature,train,17940,781,391,false,false,531748e0badf297404dc326459cb8291ac4c2eae8286e8a95a3054ca9af76e22,e07dc9a65030c1c9cfcb691f5c30d4a21cc944d7512a11bc8fc0c71c33a3aa37,21289,9c515ca46ad8f9fca7e879c0a1617207bf5ccf3df21930aaa0995227c3942c40,4_rellit/saiva/kirtm_pu.txt
gretil,data/raw/gretil/4_rellit/saiva/kubjt_pu.htm,4_rellit/saiva/kubjt_pu.htm,data/canonical/gretil_iast/4_rellit/saiva/kubjt_pu.txt,iast,doc_a13119d787e8d1e4d2b74bcd,religious_literature,train,304457,12549,6275,false,false,58d75eace1b24d363cec4ced6f2b134a31d95d84507a2a213c9a7d25d08a983c,dd0debf0eba3accb2d7e139b69c72526f2aef8c88dab61322f2b28db59a1042c,369872,9c515ca46ad8f9fca7e879c0a1617207bf5ccf3df21930aaa0995227c3942c40,4_rellit/saiva/kubjt_pu.txt
gretil,data/raw/gretil/4_rellit/saiva/malinivu.htm,4_rellit/saiva/malinivu.htm,data/canonical/gretil_iast/4_rellit/saiva/malinivu.txt,iast,doc_eca044c10000bd03db55355d,religious_literature,train,117680,5071,2536,false,false,eb1d85f5548e64ec589ef64006c6a7636102c2ba1a79696455f34729d6e83693,a75f922ee1249629c07b02407db1f38fc84b15f60edb00e9c0ce7a8f7c2dbbcf,142298,9c515ca46ad8f9fca7e879c0a1617207bf5ccf3df21930aaa0995227c3942c40,4_rellit/saiva/malinivu.txt
gretil,data/raw/gretil/4_rellit/saiva/mrgt1mpu.htm,4_rellit/saiva/mrgt1mpu.htm,data/canonical/gretil_iast/4_rellit/saiva/mrgt1mpu.txt,iast,doc_b0a2e7dacd7280bd7c20abec,religious_literature,train,44316,1829,915,false,false,dfcc3a9484b9e3712ef532330be6291d2f11af42bd0e4ceccfda3691c1fa3c03,89732087b90681053f5e95ae56d609bf643aa2f842e0a434a9c9646ec73f58ad,53661,9c515ca46ad8f9fca7e879c0a1617207bf5ccf3df21930aaa0995227c3942c40,4_rellit/saiva/mrgt1mpu.txt
gretil,data/raw/gretil/4_rellit/saiva/mrgt3mpu.htm,4_rellit/saiva/mrgt3mpu.htm,data/canonical/gretil_iast/4_rellit/saiva/mrgt3mpu.txt,iast,doc_1099e0787eec700c60efaa1e,religious_literature,train,12993,529,265,false,false,5e485fde0ce934630dba680a96ca903aeaf8ef9896a8a20e13b7783f133517be,11ec1dc76055c39a7fe89bb32f6269745f2098f56589fa2dc718d850b896a43e,15808,9c515ca46ad8f9fca7e879c0a1617207bf5ccf3df21930aaa0995227c3942c40,4_rellit/saiva/mrgt3mpu.txt
gretil,data/raw/gretil/4_rellit/saiva/mrgt4mpu.htm,4_rellit/saiva/mrgt4mpu.htm,data/canonical/gretil_iast/4_rellit/saiva/mrgt4mpu.txt,iast,doc_cda5a82c68a4b6c1c6b659e4,religious_literature,train,6349,261,131,false,false,02faf431ba2a8d03d69db7222237fdacf2a85b929111a053e9764e0f38dcb38c,caf973d2798b7763960db9ec38139d2faf526e6c1283985661e4d80858060b9e,7686,9c515ca46ad8f9fca7e879c0a1617207bf5ccf3df21930aaa0995227c3942c40,4_rellit/saiva/mrgt4mpu.txt
gretil,data/raw/gretil/4_rellit/saiva/parakspu.htm,4_rellit/saiva/parakspu.htm,data/canonical/gretil_iast/4_rellit/saiva/parakspu.txt,iast,doc_2984f82fbb9985dcdac058ae,religious_literature,train,53558,843,422,false,false,13834afd07d5b2c323b4aac73202f5858c99dc3d9e2f23d261b0432a52524e08,c719ff67dfe0df145ad8218f40f45ca28d1518e20d9f147f170928197bede6bb,66277,9c515ca46ad8f9fca7e879c0a1617207bf5ccf3df21930aaa0995227c3942c40,4_rellit/saiva/parakspu.txt
gretil,data/raw/gretil/4_rellit/saiva/pasupspu.htm,4_rellit/saiva/pasupspu.htm,data/canonical/gretil_iast/4_rellit/saiva/pasupspu.txt,iast,doc_f10f898c2f92dd3ff803ffad,religious_literature,train,3903,329,165,false,false,75a924a807a99df5f0ec69fa725a259aedda6d3edbf5c03d3c139c51725a3ca3,3494910d97c49b423a4ccc6db32f45534c38c0775b0bd154375ae3b7b2b04989,4576,9c515ca46ad8f9fca7e879c0a1617207bf5ccf3df21930aaa0995227c3942c40,4_rellit/saiva/pasupspu.txt
gretil,data/raw/gretil/4_rellit/saiva/sivsutru.htm,4_rellit/saiva/sivsutru.htm,data/canonical/gretil_iast/4_rellit/saiva/sivsutru.txt,iast,doc_8e89282c7fd9cf99fe80f6fe,religious_literature,train,40392,1817,909,false,false,44134fe790ca336f8e51908fcf22462397483b1aee6d6969ff1a0b34c6e63988,0cd25ecbe4562592dbf142327468b2f115ea6403e54d67716402f2cce4ef3b8c,48237,9c515ca46ad8f9fca7e879c0a1617207bf5ccf3df21930aaa0995227c3942c40,4_rellit/saiva/sivsutru.txt
gretil,data/raw/gretil/4_rellit/saiva/svact_pu.htm,4_rellit/saiva/svact_pu.htm,data/canonical/gretil_iast/4_rellit/saiva/svact_pu.txt,iast,doc_9f1c55ae337bf8fcef701e64,religious_literature,train,357480,14855,7428,false,false,d7ce0b4f251d1f79915c0a136e16de893e01443d8cf161489c7cd76dae30a9c7,f8436cd190e567e9e7a3f60ca3e878fe04ccbddc086225646dfc167656dec7f6,433351,9c515ca46ad8f9fca7e879c0a1617207bf5ccf3df21930aaa0995227c3942c40,4_rellit/saiva/svact_pu.txt
gretil,data/raw/gretil/4_rellit/saiva/todaltpu.htm,4_rellit/saiva/todaltpu.htm,data/canonical/gretil_iast/4_rellit/saiva/todaltpu.txt,iast,doc_bd4a6f11464b3f7839c27452,religious_literature,train,39234,1715,858,false,false,774df80ea1e760d8535708aaeebd722f0baf3aecd8243311adbf629b53e74dda,f0663b175ec060d5f92b1e773440207b0a2134a501ffba74b915d46a6b4c1860,48015,9c515ca46ad8f9fca7e879c0a1617207bf5ccf3df21930aaa0995227c3942c40,4_rellit/saiva/todaltpu.txt
gretil,data/raw/gretil/4_rellit/saiva/vinst_pu.htm,4_rellit/saiva/vinst_pu.htm,data/canonical/gretil_iast/4_rellit/saiva/vinst_pu.txt,iast,doc_655ebb53a149cb85299a2d19,religious_literature,dev,39709,1653,827,false,false,bd06e9ecdbcec0449a765c9cd9f4b9345fe144c31a48d207dc0bf430015c9ae5,6467f80db4d0931397e1578a65343e3ba1af04ceb04239d6da5a3516c1ad7aad,47897,9c515ca46ad8f9fca7e879c0a1617207bf5ccf3df21930aaa0995227c3942c40,4_rellit/saiva/vinst_pu.txt
gretil,data/raw/gretil/4_rellit/vaisn/astavgpu.htm,4_rellit/vaisn/astavgpu.htm,data/canonical/gretil_iast/4_rellit/vaisn/astavgpu.txt,iast,doc_ce361addef3f648dc441d656,religious_literature,train,30215,1235,618,false,false,53e9dcba64ddda201bed2ab399db3a84474a6ef485afe488f6fc82193f4be34f,becaa71a5ae25b22d5e6c7263f62476e4d5c28c91d0cee418405b2d91810199b,35790,9c515ca46ad8f9fca7e879c0a1617207bf5ccf3df21930aaa0995227c3942c40,4_rellit/vaisn/astavgpu.txt
gretil,data/raw/gretil/4_rellit/vaisn/hbhvil_u.htm,4_rellit/vaisn/hbhvil_u.htm,data/canonical/gretil_iast/4_rellit/vaisn/hbhvil_u.txt,iast,doc_5aeec0ebe99c30c3d52e91d8,religious_literature,train,516792,23599,11800,false,false,e6fa4951af64eb5841ae79ae9813efcbddd7137a6c80de78328bcf5b40c5cab2,d84304eb9231052befaee1a04f3cfde3554cd9dddb8e474505b865312d19dedd,625249,9c515ca46ad8f9fca7e879c0a1617207bf5ccf3df21930aaa0995227c3942c40,4_rellit/vaisn/hbhvil_u.txt
gretil,data/raw/gretil/4_rellit/vaisn/ss1_tatu.htm,4_rellit/vaisn/ss1_tatu.htm,data/canonical/gretil_iast/4_rellit/vaisn/ss1_tatu.txt,iast,doc_3b16ae088bcb719cde199fef,religious_literature,test,104119,3465,1733,false,false,d9c89426a9a0349abea66aad9aa08985e7b8f6a573924595c872d8f1112e993b,61329ad342e593a76004d808eea37362ed89a71052a9f3a8c33edc0e4ce59acf,124504,9c515ca46ad8f9fca7e879c0a1617207bf5ccf3df21930aaa0995227c3942c40,4_rellit/vaisn/ss1_tatu.txt
gretil,data/raw/gretil/4_rellit/vaisn/ss2_bhgu.htm,4_rellit/vaisn/ss2_bhgu.htm,data/canonical/gretil_iast/4_rellit/vaisn/ss2_bhgu.txt,iast,doc_381afd035a5d16169a3a032b,religious_literature,train,268460,9848,4924,false,false,c7b334188e57563ffeeb53f1f987f2957e60f80729fb9ce72dbd70a898399a6b,930b1850494361f22ed792b2823698df2795c9121fd87f5623212abf82ba7495,318027,9c515ca46ad8f9fca7e879c0a1617207bf5ccf3df21930aaa0995227c3942c40,4_rellit/vaisn/ss2_bhgu.txt
gretil,data/raw/gretil/4_rellit/vaisn/ss3_paru.htm,4_rellit/vaisn/ss3_paru.htm,data/canonical/gretil_iast/4_rellit/vaisn/ss3_paru.txt,iast,doc_cf381c71b8c5260c25a45ed3,religious_literature,train,171567,6333,3167,false,false,ea38d0b3f95b6df77cdcab0e73d1116a21619282d3a50a184aca5e6af227fd1d,3ea3fe27e094f3632fa09d5017dd462763637adbb8d53038d21cb28d6d56f502,203358,9c515ca46ad8f9fca7e879c0a1617207bf5ccf3df21930aaa0995227c3942c40,4_rellit/vaisn/ss3_paru.txt
gretil,data/raw/gretil/4_rellit/vaisn/ss4_krsu.htm,4_rellit/vaisn/ss4_krsu.htm,data/canonical/gretil_iast/4_rellit/vaisn/ss4_krsu.txt,iast,doc_07a701bf9298a7c1313c6dfc,religious_literature,train,258711,9116,4558,false,false,f09fedd19326e4b57482fec540289694ffbe8b1a582d54f19af8544e0c410c7e,2b7d5e54be724639a5507b3dc402e44a78cb69c5e93ced17166c195994708435,310199,9c515ca46ad8f9fca7e879c0a1617207bf5ccf3df21930aaa0995227c3942c40,4_rellit/vaisn/ss4_krsu.txt
gretil,data/raw/gretil/4_rellit/vaisn/ss5_bhku.htm,4_rellit/vaisn/ss5_bhku.htm,data/canonical/gretil_iast/4_rellit/vaisn/ss5_bhku.txt,iast,doc_3594569705a876e1b5c4482b,religious_literature,train,405138,15052,7527,false,false,5f293e45beb54d9adfe5d43917af9ddb22601cfbd1392c9350e6401ec9b89043,1db299075aae62f89de922e6fe552fec2e18e2cc85d74a4e857fb45e3e9c9b1f,480883,9c515ca46ad8f9fca7e879c0a1617207bf5ccf3df21930aaa0995227c3942c40,4_rellit/vaisn/ss5_bhku.txt
gretil,data/raw/gretil/4_rellit/vaisn/ss6_priu.htm,4_rellit/vaisn/ss6_priu.htm,data/canonical/gretil_iast/4_rellit/vaisn/ss6_priu.txt,iast,doc_9b4c7cedf691f25b71a152d2,religious_literature,train,388735,14547,7274,false,false,647d36a1681e471a1137d64a1bb7164ae84e82c94228601a6c5e08fda3c219ba,cbcceda77a80116c1c49574e51d0c834cb42d96acc84bbbd7e373905e28daf60,464259,9c515ca46ad8f9fca7e879c0a1617207bf5ccf3df21930aaa0995227c3942c40,4_rellit/vaisn/ss6_priu.txt
gretil,data/raw/gretil/4_rellit/vaisn/satvtanu.htm,4_rellit/vaisn/satvtanu.htm,data/canonical/gretil_iast/4_rellit/vaisn/satvtanu.txt,iast,doc_e7e3757a6517371985efaa03,religious_literature,train,73344,2897,1449,false,false,822f229b7346d1e9c3664f78dff61d8b847553a783ca8bbdec2afed7f62f521c,f6bea6ab41ccaa1746e183a437edaf0079c9ea58a916839c08b56dddeace174a,89376,9c515ca46ad8f9fca7e879c0a1617207bf5ccf3df21930aaa0995227c3942c40,4_rellit/vaisn/satvtanu.txt
gretil,data/raw/gretil/4_rellit/vaisn/vaimp__u.htm,4_rellit/vaisn/vaimp__u.htm,data/canonical/gretil_iast/4_rellit/vaisn/vaimp__u.txt,iast,doc_c14cb53ae4516891d419fd02,religious_literature,train,217126,13703,6852,false,false,a7ae95dd35f7b51bd01267db6969fb85b090e45a6f417c7cff4a0ce1b25b2f26,c7179c52ddf792fb72181179d3d923d354b0966c1eb08abee8fe8ae2cb14e9ab,265197,9c515ca46ad8f9fca7e879c0a1617207bf5ccf3df21930aaa0995227c3942c40,4_rellit/vaisn/vaimp__u.txt
gretil,data/raw/gretil/4_rellit/vaisn/yamcatpu.htm,4_rellit/vaisn/yamcatpu.htm,data/canonical/gretil_iast/4_rellit/vaisn/yamcatpu.txt,iast,doc_0eea1f48cf319dd4c311f29d,religious_literature,train,877,15,8,false,false,2f396613ef7195d313c7363d0d0d5c0967672bb525d6386ddd1cda594120e8ad,1f4047944fbd4f1eaa71e7535635ebd7fa78adf149fa6c889c9c04d67a3e24b2,1055,9c515ca46ad8f9fca7e879c0a1617207bf5ccf3df21930aaa0995227c3942c40,4_rellit/vaisn/yamcatpu.txt
gretil,data/raw/gretil/4_rellit/vaisn/yamsr_pu.htm,4_rellit/vaisn/yamsr_pu.htm,data/canonical/gretil_iast/4_rellit/vaisn/yamsr_pu.txt,iast,doc_5683ef098009c5538bf16653,religious_literature,train,9184,253,127,false,false,bc272632b7bb9b960f1a7286a6058041c7b0779517001eaab38d1e89120c8c2a,b86cecd0914f726732d2ee8aa0e828d39c2118e7b029db187946138c16f1c230,10867,9c515ca46ad8f9fca7e879c0a1617207bf5ccf3df21930aaa0995227c3942c40,4_rellit/vaisn/yamsr_pu.txt
gretil,data/raw/gretil/5_poetry/2_kavya/akadambu.htm,5_poetry/2_kavya/akadambu.htm,data/canonical/gretil_iast/5_poetry/2_kavya/akadambu.txt,iast,doc_ef37dc0264c5441a4afca58b,poetry,train,88967,3573,1787,false,false,9899e47fdb20a1b18a1621ce35a6dbfda32fd808000a4314570ddd4f06859cad,3d8c25edc06672c908d25e1858b2a42e58507caa08d2afa54fb44022743fd872,106278,9c515ca46ad8f9fca7e879c0a1617207bf5ccf3df21930aaa0995227c3942c40,5_poetry/2_kavya/akadambu.txt
gretil,data/raw/gretil/5_poetry/2_kavya/amaru_u.htm,5_poetry/2_kavya/amaru_u.htm,data/canonical/gretil_iast/5_poetry/2_kavya/amaru_u.txt,iast,doc_4bbb7fbe786fab461c9fc5bd,poetry,test,47612,1846,923,false,false,8ff5d7ddf375d146cf7928f06c95a422ad84e9a19bc076059ce1f00cf40874f8,7e27ff346025e7171b9055cdcc904129e1bf7adb75019103d7514cb1a53db959,57783,9c515ca46ad8f9fca7e879c0a1617207bf5ccf3df21930aaa0995227c3942c40,5_poetry/2_kavya/amaru_u.txt
gretil,data/raw/gretil/5_poetry/2_kavya/asvbuc2u.htm,5_poetry/2_kavya/asvbuc2u.htm,data/canonical/gretil_iast/5_poetry/2_kavya/asvbuc2u.txt,iast,doc_05ead97b790051409ae24075,poetry,train,125575,4161,2081,false,false,7fa054263f81113d4b8ddf1e12656eca63c1af1cd37e4e9ba9ddf87837d20aae,d9789f28b4dd80704e59af97af25cd888f9ab1566576ebb290347179d502f2b3,151231,9c515ca46ad8f9fca7e879c0a1617207bf5ccf3df21930aaa0995227c3942c40,5_poetry/2_kavya/asvbuc2u.txt
gretil,data/raw/gretil/5_poetry/2_kavya/asvsau2u.htm,5_poetry/2_kavya/asvsau2u.htm,data/canonical/gretil_iast/5_poetry/2_kavya/asvsau2u.txt,iast,doc_271a49ed2c3b2b22d917039c,poetry,train,127895,4439,2220,false,false,c381a03455bf704f1bf2026690ecf04d6243cc806a8892e052812dd5e2f7e21e,c68e0c6f9e6454e7d56611e0e4242fd99c7a90965c0315af12b8e11946000b82,153383,9c515ca46ad8f9fca7e879c0a1617207bf5ccf3df21930aaa0995227c3942c40,5_poetry/2_kavya/asvsau2u.txt
gretil,data/raw/gretil/5_poetry/2_kavya/bhakirpu.htm,5_poetry/2_kavya/bhakirpu.htm,data/canonical/gretil_iast/5_poetry/2_kavya/bhakirpu.txt,iast,doc_bb0821ca58664d8caf9d2e21,poetry,train,132469,4159,2080,false,false,1867b5559c7b480a23ba0768f6186cdf71a2288695af63aab5c106858f556a92,6caef04704607f623cf18b721ce0b69bd4d42ffc9a86afbd5ee84b4ff3050258,158850,9c515ca46ad8f9fca7e879c0a1617207bf5ccf3df21930aaa0995227c3942c40,5_poetry/2_kavya/bhakirpu.txt
gretil,data/raw/gretil/5_poetry/2_kavya/bhattiku.htm,5_poetry/2_kavya/bhattiku.htm,data/canonical/gretil_iast/5_poetry/2_kavya/bhattiku.txt,iast,doc_b9e1bf8f54136198fb9708c2,poetry,train,173370,6437,3219,false,false,0d50e8b762c38917dc490da665d81123b5d8f1869164c08fa307e6f8b3d1e429,f4557da63b872174ac7e1592da4d6cfced46a8cefb2952f694137df4cdd670ce,212013,9c515ca46ad8f9fca7e879c0a1617207bf5ccf3df21930aaa0995227c3942c40,5_poetry/2_kavya/bhattiku.txt
gretil,data/raw/gretil/5_poetry/2_kavya/bicauppu.htm,5_poetry/2_kavya/bicauppu.htm,data/canonical/gretil_iast/5_poetry/2_kavya/bicauppu.txt,iast,doc_476331f057ba8a98f52d7d17,poetry,train,7823,203,102,false,false,700320a133f1f9c6ef123e07111aac9bf39442eb6aa1ce61e363700805fb465b,0c8a8f9eea6c0d8913e87014e5dae59750b80759b30229e0e5b526bf29037994,9506,9c515ca46ad8f9fca7e879c0a1617207bf5ccf3df21930aaa0995227c3942c40,5_poetry/2_kavya/bicauppu.txt
gretil,data/raw/gretil/5_poetry/2_kavya/dandkc_u.htm,5_poetry/2_kavya/dandkc_u.htm,data/canonical/gretil_iast/5_poetry/2_kavya/dandkc_u.txt,iast,doc_8294d8a49355ce4cd80af951,poetry,train,239801,4299,2150,false,false,df758848005f571f364a557a4d2ce0e9efa30decd077f00c6ae3885b090d49d8,ddd3682c3134abe7552231f1e58aee7b291dcb9ffef98d682922f181f64eac01,288191,9c515ca46ad8f9fca7e879c0a1617207bf5ccf3df21930aaa0995227c3942c40,5_poetry/2_kavya/dandkc_u.txt
gretil,data/raw/gretil/5_poetry/2_kavya/jaygit2u.htm,5_poetry/2_kavya/jaygit2u.htm,data/canonical/gretil_iast/5_poetry/2_kavya/jaygit2u.txt,iast,doc_1443663b360480c6c344bb34,poetry,train,40996,1441,721,false,false,8fbc0742c76fc2e1a4232bbb068e772ed14011ac44a727700aea01ff0051b36b,b332ad6d14a53dda127cf04ca2adfd803991d5b0d58f474c709eb27850db473f,47453,9c515ca46ad8f9fca7e879c0a1617207bf5ccf3df21930aaa0995227c3942c40,5_poetry/2_kavya/jaygit2u.txt
gretil,data/raw/gretil/5_poetry/2_kavya/kakumspu.htm,5_poetry/2_kavya/kakumspu.htm,data/canonical/gretil_iast/5_poetry/2_kavya/kakumspu.txt,iast,doc_c50558e3b408d1b37d4956c7,poetry,train,73732,2451,1226,false,false,fb94ec25fef9041972cb22f686e67b112aba19ceeb44245cc9c1064e67b716af,94f8f3d8ba63d475cc0c6b2817716954fec8bfedff8936e37b49e6681856ff2a,88662,9c515ca46ad8f9fca7e879c0a1617207bf5ccf3df21930aaa0995227c3942c40,5_poetry/2_kavya/kakumspu.txt
gretil,data/raw/gretil/5_poetry/2_kavya/kalrs_pu.htm,5_poetry/2_kavya/kalrs_pu.htm,data/canonical/gretil_iast/5_poetry/2_kavya/kalrs_pu.txt,iast,doc_7ff5bdf9218915f079ba66d1,poetry,train,22965,643,322,false,false,bc03ada77085f2e6d2940bb97603694465380ba996c4ab872649fae5a10d71dd,218feb599f4bb546c61e3776103f2912805b214d87b5cea9b1295769c97e9cd8,28010,9c515ca46ad8f9fca7e879c0a1617207bf5ccf3df21930aaa0995227c3942c40,5_poetry/2_kavya/kalrs_pu.txt
gretil,data/raw/gretil/5_poetry/2_kavya/kmeghdpu.htm,5_poetry/2_kavya/kmeghdpu.htm,data/canonical/gretil_iast/5_poetry/2_kavya/kmeghdpu.txt,iast,doc_b65437e0a2e124a28cb1ee24,poetry,train,21842,445,223,false,false,7188b7f56fa77b02e6ee8286a6d902d5d87b2dec09a6572f7afd5bc7abf8cce5,d54a3500b02810941e255c692556973ce1e8443faa145ece5d6597121cfa7002,26675,9c515ca46ad8f9fca7e879c0a1617207bf5ccf3df21930aaa0995227c3942c40,5_poetry/2_kavya/kmeghdpu.txt
gretil,data/raw/gretil/5_poetry/2_kavya/kragh_pu.htm,5_poetry/2_kavya/kragh_pu.htm,data/canonical/gretil_iast/5_poetry/2_kavya/kragh_pu.txt,iast,doc_d9fc7b4a62e9a863d976600d,poetry,train,193919,6547,3274,false,false,4fdfb0bcd63334086700831fc5e43f8ed970eff172cc3c96fc4a341bae417d1a,871d481e98eb4f5cceeacce49e137c1339c8d672606e0a075e639251cc4a5b8a,233592,9c515ca46ad8f9fca7e879c0a1617207bf5ccf3df21930aaa0995227c3942c40,5_poetry/2_kavya/kragh_pu.txt
gretil,data/raw/gretil/5_poetry/2_kavya/maghspvu.htm,5_poetry/2_kavya/maghspvu.htm,data/canonical/gretil_iast/5_poetry/2_kavya/maghspvu.txt,iast,doc_aa90a9910da89b391e12f21c,poetry,train,207228,6579,3290,false,false,a64ba87a7f7897afc7f2e3c6dfa69abe23e33e684e6051c36f88998572d935e5,7e4d857e547b3badda8047b6b19400ee93369468ed4db113b5516f9ad3c7daa0,247892,9c515ca46ad8f9fca7e879c0a1617207bf5ccf3df21930aaa0995227c3942c40,5_poetry/2_kavya/maghspvu.txt
gretil,data/raw/gretil/5_poetry/2_kavya/nkalivpu.htm,5_poetry/2_kavya/nkalivpu.htm,data/canonical/gretil_iast/5_poetry/2_kavya/nkalivpu.txt,iast,doc_e3e54491d0a7ecf58e678eaf,poetry,train,10210,425,213,false,false,b316ce092c43c61bf35e528466d905757e7e4e4fb10a18865f35883c77f58241,b55aa0878824496f266d2461be73af96badf8fb098dd833bdaec78975c0be87b,12154,9c515ca46ad8f9fca7e879c0a1617207bf5ccf3df21930aaa0995227c3942c40,5_poetry/2_kavya/nkalivpu.txt
gretil,data/raw/gretil/5_poetry/2_kavya/padnscpu.htm,5_poetry/2_kavya/padnscpu.htm,data/canonical/gretil_iast/5_poetry/2_kavya/padnscpu.txt,iast,doc_c3269b8816fe1326c4b15a52,poetry,train,191068,6575,3288,false,false,90eb33c94255d81dfb9703ba3f9eadbb3c252929cf7c7048e479d438e6ee5a43,77b0fc4cf11d7e35ca7ef4e7ff53c01fbdc6a456c783ae638c3d4ccedcd075b3,227126,9c515ca46ad8f9fca7e879c0a1617207bf5ccf3df21930aaa0995227c3942c40,5_poetry/2_kavya/padnscpu.txt
gretil,data/raw/gretil/5_poetry/2_kavya/ramodtpu.htm,5_poetry/2_kavya/ramodtpu.htm,data/canonical/gretil_iast/5_poetry/2_kavya/ramodtpu.txt,iast,doc_58370f125ad93c8b4230a99f,poetry,train,21675,895,448,false,false,6cb5ae1410fa46f2e30beb98d4b35322f810d5f2e2d6868ee3d33b6f2a1c5298,e4b7f34f86587b3236e6a1b0b6f1a0968e5ad2ef7d270cc46dfd818daca8fca1,26531,9c515ca46ad8f9fca7e879c0a1617207bf5ccf3df21930aaa0995227c3942c40,5_poetry/2_kavya/ramodtpu.txt
gretil,data/raw/gretil/5_poetry/4_narr/brkas_pu.htm,5_poetry/4_narr/brkas_pu.htm,data/canonical/gretil_iast/5_poetry/4_narr/brkas_pu.txt,iast,doc_96d002865432e41195bd6cd6,poetry,train,457012,18141,9071,false,false,dbc7a2b7ce919e80277d7ccd6d3ddbc80219fd990f2eaef368e3b05492766a7b,1bbead87e3d2d02b58a793c5fba9b6a74941dc5ec7dd688ae2f59896d3143a38,549058,9c515ca46ad8f9fca7e879c0a1617207bf5ccf3df21930aaa0995227c3942c40,5_poetry/4_narr/brkas_pu.txt
gretil,data/raw/gretil/5_poetry/4_narr/hitop_u.htm,5_poetry/4_narr/hitop_u.htm,data/canonical/gretil_iast/5_poetry/4_narr/hitop_u.txt,iast,doc_a539d7c7efa3cb2f9e08c259,poetry,train,173137,5218,2612,false,false,98017f5e69701d91bcf0864597653e579c7195ef7b75620b1fbb8a61f5f4c0e6,bb68c22d2e6b2161837554abf41635202bddef131e5bb107e19e386d39626254,206950,9c515ca46ad8f9fca7e879c0a1617207bf5ccf3df21930aaa0995227c3942c40,5_poetry/4_narr/hitop_u.txt
gretil,data/raw/gretil/5_poetry/4_narr/sokss_pu.htm,5_poetry/4_narr/sokss_pu.htm,data/canonical/gretil_iast/5_poetry/4_narr/sokss_pu.txt,iast,doc_cea9d255acbc481472902ccb,poetry,dev,2147324,86751,43376,false,false,59f95e0e6e7a3a19329ca169ffb6f455084790eed48c0c4cad546cc6288ffcfa,eb9a1b26778358dfa764229e579d378c98ff84731efb929f64588f5d0abc170d,2579693,9c515ca46ad8f9fca7e879c0a1617207bf5ccf3df21930aaa0995227c3942c40,5_poetry/4_narr/sokss_pu.txt
gretil,data/raw/gretil/5_poetry/4_narr/ttrkhy1u.htm,5_poetry/4_narr/ttrkhy1u.htm,data/canonical/gretil_iast/5_poetry/4_narr/ttrkhy1u.txt,iast,doc_bbec46ba317f87db1d9d80dc,poetry,train,33973,1671,836,false,false,974a7dc4c64aabcd20f52d64d305ddf85a67a44aa6e7d264cd07d1682cd99e16,0f78147713bbfc8eb982b2b9637986d058b5e49f515db61502e15fcf45a67cac,40496,9c515ca46ad8f9fca7e879c0a1617207bf5ccf3df21930aaa0995227c3942c40,5_poetry/4_narr/ttrkhy1u.txt
gretil,data/raw/gretil/5_poetry/4_narr/ttrkhy2u.htm,5_poetry/4_narr/ttrkhy2u.htm,data/canonical/gretil_iast/5_poetry/4_narr/ttrkhy2u.txt,iast,doc_8ffe0b01aa19d8e906e0eaf2,poetry,train,24327,1207,604,false,false,7dfad9fc209a0e4b10ff25ebd7b7690516af9605c6af84fca94bf558856f10fa,8b4f8111e685633189c9ede1b3c70666f1583bec5be408aff7e26f86b30e4459,28910,9c515ca46ad8f9fca7e879c0a1617207bf5ccf3df21930aaa0995227c3942c40,5_poetry/4_narr/ttrkhy2u.txt
gretil,data/raw/gretil/5_poetry/5_subhas/bharst_u.htm,5_poetry/5_subhas/bharst_u.htm,data/canonical/gretil_iast/5_poetry/5_subhas/bharst_u.txt,iast,doc_6e17babcee99ec0169bafa37,poetry,train,60329,2499,1250,false,false,53be24a60eea83fd621093ee68c3694575527ae90b8818e7ab75a8cc2f84a680,d0bacd909d66966539730010b59d42f07bb2bac733c9296570a865f1ba52f666,72705,9c515ca46ad8f9fca7e879c0a1617207bf5ccf3df21930aaa0995227c3942c40,5_poetry/5_subhas/bharst_u.txt
gretil,data/raw/gretil/5_poetry/5_subhas/ksdarppu.htm,5_poetry/5_subhas/ksdarppu.htm,data/canonical/gretil_iast/5_poetry/5_subhas/ksdarppu.txt,iast,doc_b6638f51b8d4559f7c69c576,poetry,test,64279,2395,1198,false,false,7c0cdc212f40e2fbb61f2281e8f13367ab478294c590b7059bc966f2068b5db4,8b0904d366ebb5a25ce83ff0b6e9ac1bb14c430e657fedb916f25f67d89f1c8e,78360,9c515ca46ad8f9fca7e879c0a1617207bf5ccf3df21930aaa0995227c3942c40,5_poetry/5_subhas/ksdarppu.txt
gretil,data/raw/gretil/5_poetry/5_subhas/msubhs_u.htm,5_poetry/5_subhas/msubhs_u.htm,data/canonical/gretil_iast/5_poetry/5_subhas/msubhs_u.txt,iast,doc_1090644b3d4ac55cd19400d9,poetry,train,1331551,40771,20386,false,false,a510d2d584c6c8fcc02382faa433591027ce2142fc66b683500e9c066112d342,a41a044d39ca4796548b6cb34bad568861a9a9199e77a49cdf700b19c1001bda,1609320,9c515ca46ad8f9fca7e879c0a1617207bf5ccf3df21930aaa0995227c3942c40,5_poetry/5_subhas/msubhs_u.txt
gretil,data/raw/gretil/5_poetry/5_subhas/valsubhu.htm,5_poetry/5_subhas/valsubhu.htm,data/canonical/gretil_iast/5_poetry/5_subhas/valsubhu.txt,iast,doc_e4c5c00dbe62e559e29c222c,poetry,train,156065,6677,3339,false,false,d03c0f86c392ff2138e775a7ae11f2102fc61f795177019b07bdac71bf8ca22a,fa4788a3b25e76c6300116f7c6278e152c175fd6d5441053f846cc985b1c5e2a,188273,9c515ca46ad8f9fca7e879c0a1617207bf5ccf3df21930aaa0995227c3942c40,5_poetry/5_subhas/valsubhu.txt
gretil,data/raw/gretil/5_poetry/5_subhas/vidsrgpu.htm,5_poetry/5_subhas/vidsrgpu.htm,data/canonical/gretil_iast/5_poetry/5_subhas/vidsrgpu.txt,iast,doc_c5da1e1f332631b9920a80d2,poetry,train,331947,9079,4540,false,false,fa020af0ff64f80a6fc39bf6f67aeafc37ae3cb579e7acb8f7f65bfde14212d7,8f508110e6e43034bfd4162b3a7ecc5d9fa3f8f2d5d2513c5199777985a32f79,399466,9c515ca46ad8f9fca7e879c0a1617207bf5ccf3df21930aaa0995227c3942c40,5_poetry/5_subhas/vidsrgpu.txt
gretil,data/raw/gretil/5_poetry/6_hist/jonart_pu.htm,5_poetry/6_hist/jonart_pu.htm,data/canonical/gretil_iast/5_poetry/6_hist/jonart_pu.txt,iast,doc_fb15cc1827af36f2417b3ebf,poetry,train,133355,5335,2668,false,false,d9551380608025be0570bba23ff42d8185801012aa1149455348dff836d28ccc,12e61ef70de2c6b4ba3b74bf2caa4a19089dc8a0aed543d8404bc14b94e24a29,161177,9c515ca46ad8f9fca7e879c0a1617207bf5ccf3df21930aaa0995227c3942c40,5_poetry/6_hist/jonart_pu.txt
gretil,data/raw/gretil/5_poetry/1_natya/bharnatu.htm,5_poetry/1_natya/bharnatu.htm,data/canonical/gretil_iast/5_poetry/1_natya/bharnatu.txt,iast,doc_ccf4fc2876207faaace5526c,poetry,train,455675,18441,9221,false,false,6a72837d9d0ecdd27ed8d82114343673bc00d902856b17ae7825516ad0c9012d,0b7999fcca63fa954f2a4ed9cbb18bb7dfd3ce3c6f0a1e94e26735273fb00ef4,556301,9c515ca46ad8f9fca7e879c0a1617207bf5ccf3df21930aaa0995227c3942c40,5_poetry/1_natya/bharnatu.txt
gretil,data/raw/gretil/5_poetry/1_natya/dhandasu.htm,5_poetry/1_natya/dhandasu.htm,data/canonical/gretil_iast/5_poetry/1_natya/dhandasu.txt,iast,doc_af85f041908a679399ead11f,poetry,train,30141,1263,632,false,false,a550dc882695538a6975d850c8152b63c5ee6de1273f7dc5cbe1da39326dc40f,7602c481f80527f39bf3ea763bf1fb0a0a32612c2c958b67786286105eb30c89,36908,9c515ca46ad8f9fca7e879c0a1617207bf5ccf3df21930aaa0995227c3942c40,5_poetry/1_natya/dhandasu.txt
gretil,data/raw/gretil/5_poetry/1_chandas/jvrtmspu.htm,5_poetry/1_chandas/jvrtmspu.htm,data/canonical/gretil_iast/5_poetry/1_chandas/jvrtmspu.txt,iast,doc_bdfaefa2a67aac879cceb1d4,poetry,train,23193,637,319,false,false,f2a65eaf514cf60a31647b5703a8023eda4ddf493e195178847c8d232024151b,10d6fd17650371fd98627577806ebc7044f072a67ff8122c7fbe348a911577f0,27125,9c515ca46ad8f9fca7e879c0a1617207bf5ccf3df21930aaa0995227c3942c40,5_poetry/1_chandas/jvrtmspu.txt
gretil,data/raw/gretil/5_poetry/1_chandas/kedvratu.htm,5_poetry/1_chandas/kedvratu.htm,data/canonical/gretil_iast/5_poetry/1_chandas/kedvratu.txt,iast,doc_9f78d9e95a58901c88ffd664,poetry,train,14167,621,311,false,false,77a5363e22fb3abba1811d5aec317c834ffd107065e39cb145ef65529efa4e1f,396f82413edc8556c7c8f95e973cac99487805dde286e40b19aaeb742f04233f,16555,9c515ca46ad8f9fca7e879c0a1617207bf5ccf3df21930aaa0995227c3942c40,5_poetry/1_chandas/kedvratu.txt
gretil,data/raw/gretil/5_poetry/1_chandas/kvrtrsuu.htm,5_poetry/1_chandas/kvrtrsuu.htm,data/canonical/gretil_iast/5_poetry/1_chandas/kvrtrsuu.txt,iast,doc_67aba093af4f16ae51532d5b,poetry,train,88471,2565,1283,false,false,d3d6903fc0ba93869a241a461ac78640e9988a5333787d955183d2a565058395,9cb36dc9529accab6d7e34f7e890d75cdbd5aa789cb808d1f1826eb303cd3d8d,105915,9c515ca46ad8f9fca7e879c0a1617207bf5ccf3df21930aaa0995227c3942c40,5_poetry/1_chandas/kvrtrsuu.txt
gretil,data/raw/gretil/6_sastra/3_phil/mimamsa/jaimsutu.htm,6_sastra/3_phil/mimamsa/jaimsutu.htm,data/canonical/gretil_iast/6_sastra/3_phil/mimamsa/jaimsutu.txt,iast,doc_0520f1bc37cf0b5f52dcd76b,sastra,train,110855,5449,2725,false,false,eb61e1395f522dfa0956a345dc8e20246e8747fec90cce8ac44c62aeab9d9fad,7cf06b6b538be1270ff995f3fed3e718134476239b1fe3cbe1ed20256ae63f5c,131644,9c515ca46ad8f9fca7e879c0a1617207bf5ccf3df21930aaa0995227c3942c40,6_sastra/3_phil/mimamsa/jaimsutu.txt
gretil,data/raw/gretil/6_sastra/3_phil/nyaya/gaunys_u.htm,6_sastra/3_phil/nyaya/gaunys_u.htm,data/canonical/gretil_iast/6_sastra/3_phil/nyaya/gaunys_u.txt,iast,doc_e67217de7dd5a9ed3813f0cc,sastra,train,26762,1249,625,false,false,5a16fa2a8307780d61c15264afa5cb696f07ca1dd3033786e37bc898ba4fc48a,d748011af50425faa9c8dff897a301274e7ad24e31635a46070464f6bb41491b,32327,9c515ca46ad8f9fca7e879c0a1617207bf5ccf3df21930aaa0995227c3942c40,6_sastra/3_phil/nyaya/gaunys_u.txt
gretil,data/raw/gretil/6_sastra/3_phil/nyaya/antarkpu.htm,6_sastra/3_phil/nyaya/antarkpu.htm,data/canonical/gretil_iast/6_sastra/3_phil/nyaya/antarkpu.txt,iast,doc_a7d50cb6445f74884fe15b8b,sastra,train,13590,169,86,false,false,8e96129a93d138b956fe4f7c25101601da8344f18b2a57ecc99aea9635eceded,68d89a938255dcf4f68cab584e3c40a4a2ee2e8b07599214e90687ddc130360a,16265,9c515ca46ad8f9fca7e879c0a1617207bf5ccf3df21930aaa0995227c3942c40,6_sastra/3_phil/nyaya/antarkpu.txt
gretil,data/raw/gretil/6_sastra/3_phil/vaisesik/vaissu1u.htm,6_sastra/3_phil/vaisesik/vaissu1u.htm,data/canonical/gretil_iast/6_sastra/3_phil/vaisesik/vaissu1u.txt,iast,doc_a8a06ccb72465439df97e7fd,sastra,train,15026,767,384,false,false,08dd821d7af90f3c10fca6befaaeb541fce1e3f40ec159a88c7221a51f84ea99,b0d87dcc4fa7941be49056cedcd97c3c3fd5e449790185a9e1f3cd5b431b06c4,18425,9c515ca46ad8f9fca7e879c0a1617207bf5ccf3df21930aaa0995227c3942c40,6_sastra/3_phil/vaisesik/vaissu1u.txt
gretil,data/raw/gretil/6_sastra/3_phil/samkhya/isvskaru.htm,6_sastra/3_phil/samkhya/isvskaru.htm,data/canonical/gretil_iast/6_sastra/3_phil/samkhya/isvskaru.txt,iast,doc_c7e061dde55a583c00457d00,sastra,train,7404,294,147,false,false,b0786215cd2c13f87e06d93f48a8396e2d78dd50b0cd5ff56a7e89d46a82ff48,3c8802b2f399b2871e0a8839a838d41c988a8ba6f2217ff20c2285c8d573200a,8990,9c515ca46ad8f9fca7e879c0a1617207bf5ccf3df21930aaa0995227c3942c40,6_sastra/3_phil/samkhya/isvskaru.txt
gretil,data/raw/gretil/6_sastra/3_phil/yoga/patyog_u.htm,6_sastra/3_phil/yoga/patyog_u.htm,data/canonical/gretil_iast/6_sastra/3_phil/yoga/patyog_u.txt,iast,doc_dc5290e47b63826fae91029e,sastra,train,9268,389,195,false,false,1c9e74894c474be0ff993bb7d627170a718fc5dcf80ddf5b0e3d66b1381d22d8,1533d47e0d6a0aa03efa2555272e69b41db9c568888bcde2bcf61d49bdc0c499,11352,9c515ca46ad8f9fca7e879c0a1617207bf5ccf3df21930aaa0995227c3942c40,6_sastra/3_phil/yoga/patyog_u.txt
gretil,data/raw/gretil/6_sastra/3_phil/yoga/hathyopu.htm,6_sastra/3_phil/yoga/hathyopu.htm,data/canonical/gretil_iast/6_sastra/3_phil/yoga/hathyopu.txt,iast,doc_db9c500f7d5c82ca4a103847,sastra,train,42836,1825,913,false,false,e9a04dc3c8a7453dea91a6563c61cfc3cc90b74519f2cecec84bdf6750fa498b,da632d4f7eb67f94fd82ef791d7e47532564d1d5fb6f59ae8d6ba00b9e804a91,51370,9c515ca46ad8f9fca7e879c0a1617207bf5ccf3df21930aaa0995227c3942c40,6_sastra/3_phil/yoga/hathyopu.txt
gretil,data/raw/gretil/6_sastra/3_phil/yoga/ghers__u.htm,6_sastra/3_phil/yoga/ghers__u.htm,data/canonical/gretil_iast/6_sastra/3_phil/yoga/ghers__u.txt,iast,doc_4bf3d5fbecf9093c69055f8a,sastra,train,38281,1632,816,false,false,345cf7891d15ec43696ea160f29716eb3575e13ce902d26c37b55daa26fdd995,a1089ce9503a91305bbff9c688e11f03cc98372914ff554c9e565f8d9c1453e2,46752,9c515ca46ad8f9fca7e879c0a1617207bf5ccf3df21930aaa0995227c3942c40,6_sastra/3_phil/yoga/ghers__u.txt
gretil,data/raw/gretil/6_sastra/3_phil/vedanta/brahmsuu.htm,6_sastra/3_phil/vedanta/brahmsuu.htm,data/canonical/gretil_iast/6_sastra/3_phil/vedanta/brahmsuu.txt,iast,doc_9b9418ec57690cf353b13776,sastra,train,17949,1089,545,false,false,d7984987b1ae9ec9c35f8bbd948f4c5c78b97928c7cde087ef87c9fd4e25363a,947e7eff1dcbb392fd7e620022aacab0e8aac50c823680d975c1ea623984232c,21031,9c515ca46ad8f9fca7e879c0a1617207bf5ccf3df21930aaa0995227c3942c40,6_sastra/3_phil/vedanta/brahmsuu.txt
gretil,data/raw/gretil/6_sastra/3_phil/vedanta/gaukarpu.htm,6_sastra/3_phil/vedanta/gaukarpu.htm,data/canonical/gretil_iast/6_sastra/3_phil/vedanta/gaukarpu.txt,iast,doc_4bf9abd271fe9bbf46c70d6f,sastra,test,21301,885,443,false,false,cf10b786aa7404d51206dcf4bc0dfd08019bc0f3a1f6db70c17975733b3776d8,e9b4187c0e9bb9f0da43034f0eeffd5398a9d9fedf5e9fc95da4d95830018599,25107,9c515ca46ad8f9fca7e879c0a1617207bf5ccf3df21930aaa0995227c3942c40,6_sastra/3_phil/vedanta/gaukarpu.txt
gretil,data/raw/gretil/6_sastra/3_phil/vedanta/samkupad_u.htm,6_sastra/3_phil/vedanta/samkupad_u.htm,data/canonical/gretil_iast/6_sastra/3_phil/vedanta/samkupad_u.txt,iast,doc_237a2cb6a754ce703edc1eaf,sastra,train,106800,2971,1486,false,false,461b97011d9fd8972765fd1b9df79976cc1582963642a922465a63f0501e7286,0edf71282eeee5779c7c2e344c541b76ec8eb9cb7f0234cd4471c16b9b9092b8,126397,9c515ca46ad8f9fca7e879c0a1617207bf5ccf3df21930aaa0995227c3942c40,6_sastra/3_phil/vedanta/samkupad_u.txt
gretil,data/raw/gretil/6_sastra/3_phil/vedanta/yamgaspu.htm,6_sastra/3_phil/vedanta/yamgaspu.htm,data/canonical/gretil_iast/6_sastra/3_phil/vedanta/yamgaspu.txt,iast,doc_75a2d0f882f441d30f4c873b,sastra,train,3114,127,64,false,false,c880dce53238bf7405331d61755231927ef5391fe4bcda4a53d41099521d5733,94ffb64e2e5de07e24a350e5b5e7221fd4a7419321c85276634f18d6d16916a5,3692,9c515ca46ad8f9fca7e879c0a1617207bf5ccf3df21930aaa0995227c3942c40,6_sastra/3_phil/vedanta/yamgaspu.txt
gretil,data/raw/gretil/6_sastra/3_phil/vedanta/yamis_pu.htm,6_sastra/3_phil/vedanta/yamis_pu.htm,data/canonical/gretil_iast/6_sastra/3_phil/vedanta/yamis_pu.txt,iast,doc_d65d270618f6daa5fa1b4f32,sastra,train,15108,129,65,false,false,c4e0cda631041b7e20b9c393232873780dcb53d83a29b8446f448e8ef708cfd2,21b91e8344d3380f86d5e4d463007e7d36c5c3f4617e6e83c1a0495ca09472e4,17834,9c515ca46ad8f9fca7e879c0a1617207bf5ccf3df21930aaa0995227c3942c40,6_sastra/3_phil/vedanta/yamis_pu.txt
gretil,data/raw/gretil/6_sastra/3_phil/vedanta/yamss_pu.htm,6_sastra/3_phil/vedanta/yamss_pu.htm,data/canonical/gretil_iast/6_sastra/3_phil/vedanta/yamss_pu.txt,iast,doc_a03c55c497118dc9fbe80af6,sastra,train,21431,885,443,false,false,53322533b705542cf587eebee0f325c14c8b2ab3d500596d67647360ef57f679,27bed776114f91a024115cc0e6add4e289fb329d6ae238380e7e0c073cb55c84,24860,9c515ca46ad8f9fca7e879c0a1617207bf5ccf3df21930aaa0995227c3942c40,6_sastra/3_phil/vedanta/yamss_pu.txt
gretil,data/raw/gretil/6_sastra/3_phil/saiva/parmartu.htm,6_sastra/3_phil/saiva/parmartu.htm,data/canonical/gretil_iast/6_sastra/3_phil/saiva/parmartu.txt,iast,doc_c48ba582e522a5e1205adf91,sastra,train,11499,421,211,false,false,fabfeefd5c1a6fb2c0f0d888aa59e71382d7f2c391ece52ebbf823eae1dec35e,66f293b1b064110fbc21b3aa99a600067eeaba63e62a315aaccf238a7b581d72,13571,9c515ca46ad8f9fca7e879c0a1617207bf5ccf3df21930aaa0995227c3942c40,6_sastra/3_phil/saiva/parmartu.txt
gretil,data/raw/gretil/6_sastra/3_phil/saiva/pratyabu.htm,6_sastra/3_phil/saiva/pratyabu.htm,data/canonical/gretil_iast/6_sastra/3_phil/saiva/pratyabu.txt,iast,doc_a4e2e50dd5b3e98ff4c80d4a,sastra,train,32149,1180,590,false,false,907209ce478668583fcd9fe0db3d980cb28132bc6da27c8801ead6a5bb115130,9fb07fd54562710fe5ccce055be41700676ffc70e4239589eb929fa5c74c5f91,38600,9c515ca46ad8f9fca7e879c0a1617207bf5ccf3df21930aaa0995227c3942c40,6_sastra/3_phil/saiva/pratyabu.txt
gretil,data/raw/gretil/6_sastra/3_phil/saiva/tantralu.htm,6_sastra/3_phil/saiva/tantralu.htm,data/canonical/gretil_iast/6_sastra/3_phil/saiva/tantralu.txt,iast,doc_63874c710cff292d2a001b9f,sastra,train,569675,23391,11696,false,false,a8495263104dd874b652275c577441c6c827d5c05db0fd966fbad4aea8862753,9a66b8bb0de31ffcc4f2b9725db9864ba854259f92a97cd48beb9f8cc67d6b6a,686010,9c515ca46ad8f9fca7e879c0a1617207bf5ccf3df21930aaa0995227c3942c40,6_sastra/3_phil/saiva/tantralu.txt
gretil,data/raw/gretil/6_sastra/3_phil/saiva/paratriu.htm,6_sastra/3_phil/saiva/paratriu.htm,data/canonical/gretil_iast/6_sastra/3_phil/saiva/paratriu.txt,iast,doc_12c91af6598f45529321f0fb,sastra,train,3619,149,75,false,false,9e0d01c25d1f616f0bc02f4eb54d41ed49e3139ef803921cf80c5c31e43a1730,c8d460fcc33b840610a7889bc76bdffb895839ca39ec158afde11e75de59d1b6,4286,9c515ca46ad8f9fca7e879c0a1617207bf5ccf3df21930aaa0995227c3942c40,6_sastra/3_phil/saiva/paratriu.txt
gretil,data/raw/gretil/6_sastra/4_dharma/sutra/baudhd_u.htm,6_sastra/4_dharma/sutra/baudhd_u.htm,data/canonical/gretil_iast/6_sastra/4_dharma/sutra/baudhd_u.txt,iast,doc_fa97f0a2490434cd3b5228a4,sastra,dev,113711,3337,1669,false,false,8df674d3f2d1bb3ceb7cede6810a1318ca8d5299f75f00a81d73dd70dc1cbb21,5e57cc0092d2f89ac09cc7684f33c3cad6c92e1b1a996d044eaec23a47636fd0,136270,9c515ca46ad8f9fca7e879c0a1617207bf5ccf3df21930aaa0995227c3942c40,6_sastra/4_dharma/sutra/baudhd_u.txt
gretil,data/raw/gretil/6_sastra/4_dharma/sutra/gautdh_u.htm,6_sastra/4_dharma/sutra/gautdh_u.htm,data/canonical/gretil_iast/6_sastra/4_dharma/sutra/gautdh_u.txt,iast,doc_ba0514e7e9ac353786ec01ad,sastra,train,41782,2045,1023,false,false,302bf8e72f45ad332b61615aae8ef4b5af4b46db5ef32c9ca8403bf4628c7eec,528d04898748f4c31cd7221c0bf249d10c4efaa0e6f449a7cccfba0b37369f0e,50947,9c515ca46ad8f9fca7e879c0a1617207bf5ccf3df21930aaa0995227c3942c40,6_sastra/4_dharma/sutra/gautdh_u.txt
gretil,data/raw/gretil/6_sastra/4_dharma/sutra/vasist_u.htm,6_sastra/4_dharma/sutra/vasist_u.htm,data/canonical/gretil_iast/6_sastra/4_dharma/sutra/vasist_u.txt,iast,doc_b4f6f19e850f9f3fec549db4,sastra,train,73630,2767,1384,false,false,f4248101b860090fe00cc7a798ea25626c0b28d9a06cba91b93076802c8e6cfc,19454d06a5a1d2271ab3830f2b4f2c650dbd36892da25bb59bbfdd2e2e65dab3,84641,9c515ca46ad8f9fca7e879c0a1617207bf5ccf3df21930aaa0995227c3942c40,6_sastra/4_dharma/sutra/vasist_u.txt
gretil,data/raw/gretil/6_sastra/4_dharma/smrti/angirspu.htm,6_sastra/4_dharma/smrti/angirspu.htm,data/canonical/gretil_iast/6_sastra/4_dharma/smrti/angirspu.txt,iast,doc_8811a9b6bfa1d370352f6b7e,sastra,train,131294,5677,2839,false,false,160d36fa2353ff197caf2152e7bbc146ab7d43a7cc4f8c5ee9b959cbc1c7f738,af5b4411801358aa1f157716ab661de7e1375469606600c495dd622cab25fdf7,158377,9c515ca46ad8f9fca7e879c0a1617207bf5ccf3df21930aaa0995227c3942c40,6_sastra/4_dharma/smrti/angirspu.txt
gretil,data/raw/gretil/6_sastra/4_dharma/smrti/brhasppu.htm,6_sastra/4_dharma/smrti/brhasppu.htm,data/canonical/gretil_iast/6_sastra/4_dharma/smrti/brhasppu.txt,iast,doc_fe1774671660afd791f4cc3f,sastra,train,125056,5032,2516,false,false,05db495e7ac7ca89e7c4b3c31b13bec4baed866750d41eaa6ddbc779947b9e00,745ee55173781bc1a6bdc8d2022451d64ee335da8c4bf4285b3dc706546815ad,152359,9c515ca46ad8f9fca7e879c0a1617207bf5ccf3df21930aaa0995227c3942c40,6_sastra/4_dharma/smrti/brhasppu.txt
gretil,data/raw/gretil/6_sastra/4_dharma/smrti/katy2p_u.htm,6_sastra/4_dharma/smrti/katy2p_u.htm,data/canonical/gretil_iast/6_sastra/4_dharma/smrti/katy2p_u.txt,iast,doc_d16e3ec283296fe301bc07e8,sastra,train,100165,4091,2046,false,false,18998cc9e86d791b31e47f023a095da783919d0b9f4e9504d0c96136c70b9a97,1fa81313ad928a4d71216c52d9b5d0494e72bd19457620d08d9f924f745ac6ed,121442,9c515ca46ad8f9fca7e879c0a1617207bf5ccf3df21930aaa0995227c3942c40,6_sastra/4_dharma/smrti/katy2p_u.txt
gretil,data/raw/gretil/6_sastra/4_dharma/smrti/manu2p_u.htm,6_sastra/4_dharma/smrti/manu2p_u.htm,data/canonical/gretil_iast/6_sastra/4_dharma/smrti/manu2p_u.txt,iast,doc_893d60bbea44d603a042633f,sastra,train,268280,10751,5376,false,false,5bf9ceaa195aac854a252a3de24bf401a36fd7570a2f9aefa66ed3389c8daecc,2c8e97ac776925f19f26ca303b9e2f814e209e83892d8aa94dae31c3e1106f37,326218,9c515ca46ad8f9fca7e879c0a1617207bf5ccf3df21930aaa0995227c3942c40,6_sastra/4_dharma/smrti/manu2p_u.txt
gretil,data/raw/gretil/6_sastra/4_dharma/smrti/nars2_pu.htm,6_sastra/4_dharma/smrti/nars2_pu.htm,data/canonical/gretil_iast/6_sastra/4_dharma/smrti/nars2_pu.txt,iast,doc_14abb2222c8c83391fffc8d6,sastra,train,93478,3787,1894,false,false,7b8215d4cf26b7633df305824718e5fa4e109b12da6e50fd92178da525bb38b7,70baeee71bfae5dbd9081109df78a676723c77f14c118d884038da41f820c228,114047,9c515ca46ad8f9fca7e879c0a1617207bf5ccf3df21930aaa0995227c3942c40,6_sastra/4_dharma/smrti/nars2_pu.txt
gretil,data/raw/gretil/6_sastra/4_dharma/smrti/pars2_pu.htm,6_sastra/4_dharma/smrti/pars2_pu.htm,data/canonical/gretil_iast/6_sastra/4_dharma/smrti/pars2_pu.txt,iast,doc_2a58585e9442edbe8a142213,sastra,train,57863,2338,1169,false,false,65b3a07e3f029be69a800c038c7d64e388710aeec20b6250bb8c91a2b6f47177,c34a321453dc4ab15e6fc24fbdb0116026ce701b6a4476f63589ea0d10ae97e1,70689,9c515ca46ad8f9fca7e879c0a1617207bf5ccf3df21930aaa0995227c3942c40,6_sastra/4_dharma/smrti/pars2_pu.txt
gretil,data/raw/gretil/6_sastra/4_dharma/smrti/visnu_pu.htm,6_sastra/4_dharma/smrti/visnu_pu.htm,data/canonical/gretil_iast/6_sastra/4_dharma/smrti/visnu_pu.txt,iast,doc_9aec4d3448be6e23326afa4b,sastra,test,140142,6668,3334,false,false,dee64a49f695d3af8e6e551a286eed82720fdac7f8c3851b909a2274883e5620,db04ecaac1b183d79df7d8e5c135510ef1e50875ec1293f98d2d0c2a860bdec4,170602,9c515ca46ad8f9fca7e879c0a1617207bf5ccf3df21930aaa0995227c3942c40,6_sastra/4_dharma/smrti/visnu_pu.txt
gretil,data/raw/gretil/6_sastra/4_dharma/smrti/yajn2_pu.htm,6_sastra/4_dharma/smrti/yajn2_pu.htm,data/canonical/gretil_iast/6_sastra/4_dharma/smrti/yajn2_pu.txt,iast,doc_b59864e9f14070848ab0c234,sastra,train,100293,4051,2026,false,false,90c58945c76aeabbae55078243f04e055938b4e839812ac0e400f2c993438f43,c5b7c3aa61be41e573cda625d90f41addcd0c2091a98e0ce803ee85405dba092,122631,9c515ca46ad8f9fca7e879c0a1617207bf5ccf3df21930aaa0995227c3942c40,6_sastra/4_dharma/smrti/yajn2_pu.txt
gretil,data/raw/gretil/6_sastra/5_artha/kautil_u.htm,6_sastra/5_artha/kautil_u.htm,data/canonical/gretil_iast/6_sastra/5_artha/kautil_u.txt,iast,doc_12b72b0f12b77dc88623541e,sastra,train,484678,11722,5861,false,false,d4a69cb05e77f063e7647991ee60cf21af0e3e494a2c86c5b91ca88a4e59b69e,03dfc8184435d545f7c52e0ad28ca3e84dfbbf346c8fe5dca9853e3429b758cc,581129,9c515ca46ad8f9fca7e879c0a1617207bf5ccf3df21930aaa0995227c3942c40,6_sastra/5_artha/kautil_u.txt
gretil,data/raw/gretil/6_sastra/6_kama/kamasutu.htm,6_sastra/6_kama/kamasutu.htm,data/canonical/gretil_iast/6_sastra/6_kama/kamasutu.txt,iast,doc_c64d3a95704d135f267b9d44,sastra,train,152769,3561,1781,false,false,4a7b2c2102cca91ff6eb424929cb784792e3361c50b64452f692522194901b22,8490f10148eb08efc4cd19631307b8753e72b352bd75ce0b7abc49de1038cb44,182449,9c515ca46ad8f9fca7e879c0a1617207bf5ccf3df21930aaa0995227c3942c40,6_sastra/6_kama/kamasutu.txt
gretil,data/raw/gretil/6_sastra/7_ayur/anandk_u.htm,6_sastra/7_ayur/anandk_u.htm,data/canonical/gretil_iast/6_sastra/7_ayur/anandk_u.txt,iast,doc_5fd9088f60624dd6f7c8af02,sastra,dev,610974,26683,13342,false,false,2b904d1c67ad93698a7d5376f49455ffccd2d04223922d3dabb832da4fe23a4a,585f5c2a021cb2e0ee6dd72fab4104c0991e972c44adda18485199f2958ee883,751155,9c515ca46ad8f9fca7e879c0a1617207bf5ccf3df21930aaa0995227c3942c40,6_sastra/7_ayur/anandk_u.txt
gretil,data/raw/gretil/6_sastra/7_ayur/bhavpr_u.htm,6_sastra/7_ayur/bhavpr_u.htm,data/canonical/gretil_iast/6_sastra/7_ayur/bhavpr_u.txt,iast,doc_57e8ef37f3e0bedef4791a8e,sastra,train,43119,1809,905,false,false,4bc93e8b34567c42a6b42c9a098d7bc8afaba34db7f585896f6f164ecd696e23,16fab679da34e668c123445f439930317b7ae1c163548a7ab2e781caac27b534,54417,9c515ca46ad8f9fca7e879c0a1617207bf5ccf3df21930aaa0995227c3942c40,6_sastra/7_ayur/bhavpr_u.txt
gretil,data/raw/gretil/6_sastra/7_ayur/caraka_u.htm,6_sastra/7_ayur/caraka_u.htm,data/canonical/gretil_iast/6_sastra/7_ayur/caraka_u.txt,iast,doc_0f5c31e089b049e7abbec0b7,sastra,test,305289,7845,3923,false,false,609af8c3dc3f6f7c1a2ff93d20366865bfcf75f8dac2e8b32bfc2dec1c164bd0,e17839c19c9121eeed00982fe87b0ec4ebdc40b0872b8ea48025e78f70d780ed,371801,9c515ca46ad8f9fca7e879c0a1617207bf5ccf3df21930aaa0995227c3942c40,6_sastra/7_ayur/caraka_u.txt
gretil,data/raw/gretil/6_sastra/7_ayur/vagaah_u.htm,6_sastra/7_ayur/vagaah_u.htm,data/canonical/gretil_iast/6_sastra/7_ayur/vagaah_u.txt,iast,doc_101362fd5d2960f8f5f75941,sastra,test,924042,38337,19169,false,false,6391c6a80de74f7b2c5af89f208ab7eb9b516ac1d97a1915ed88618a966a865b,b34c9e7fe92c1c44010e06f1d02567964b8ac12ac0ff6c1b3b5cb5404c93f802,1135130,9c515ca46ad8f9fca7e879c0a1617207bf5ccf3df21930aaa0995227c3942c40,6_sastra/7_ayur/vagaah_u.txt
gretil,data/raw/gretil/6_sastra/7_ayur/rasarnpu.htm,6_sastra/7_ayur/rasarnpu.htm,data/canonical/gretil_iast/6_sastra/7_ayur/rasarnpu.txt,iast,doc_ebe8cf5347a24809d625da0a,sastra,train,137852,5759,2880,false,false,63fa49fa83fc79edd66ac5ee4875adf8e2607f6b850d44e2eb9422835b2f0aa0,6ae73294d18fddfec42ea8b61e55fd125f6c9b7c9583cfe73a14dcade7ab7cc6,168160,9c515ca46ad8f9fca7e879c0a1617207bf5ccf3df21930aaa0995227c3942c40,6_sastra/7_ayur/rasarnpu.txt
gretil,data/raw/gretil/6_sastra/7_ayur/rasadhpu.htm,6_sastra/7_ayur/rasadhpu.htm,data/canonical/gretil_iast/6_sastra/7_ayur/rasadhpu.txt,iast,doc_1f13b6471412ec463efd7d72,sastra,train,64929,2138,1069,false,false,90157ec24662070e9881d0835b595337428c0804380e1dd5148cc58b9393d86e,6bc9923f1c1db346939f4a334d42ca54302884b25a21a390df1cd875ac759dd1,80214,9c515ca46ad8f9fca7e879c0a1617207bf5ccf3df21930aaa0995227c3942c40,6_sastra/7_ayur/rasadhpu.txt
gretil,data/raw/gretil/6_sastra/7_ayur/yogasatu.htm,6_sastra/7_ayur/yogasatu.htm,data/canonical/gretil_iast/6_sastra/7_ayur/yogasatu.txt,iast,doc_e944b60768284f6cd9cf5b9c,sastra,train,16740,527,264,false,false,be025e5f4abe38969e1749380c362ecba9256140653c45646df8456db2750726,c4d708c28505c692f96c8f38ba02cd6b5ae8f9ec311644fb01f27b4d15c9a6da,20859,9c515ca46ad8f9fca7e879c0a1617207bf5ccf3df21930aaa0995227c3942c40,6_sastra/7_ayur/yogasatu.txt
gretil,data/raw/gretil/6_sastra/8_jyot/aryabh_u.htm,6_sastra/8_jyot/aryabh_u.htm,data/canonical/gretil_iast/6_sastra/8_jyot/aryabh_u.txt,iast,doc_985f315e6daeda2115bbd7c1,sastra,train,14300,491,246,false,false,3e962ec0426588bfd18b5a9f9a8db4274096d18eaea078880f0ce0675dba3905,4ae78f1f2dde53093584b71c011bb49640b6a0ecec3e96609ca71f308eb7800c,16413,9c515ca46ad8f9fca7e879c0a1617207bf5ccf3df21930aaa0995227c3942c40,6_sastra/8_jyot/aryabh_u.txt
gretil,data/raw/gretil/6_sastra/8_jyot/brhajj_u.htm,6_sastra/8_jyot/brhajj_u.htm,data/canonical/gretil_iast/6_sastra/8_jyot/brhajj_u.txt,iast,doc_a2fffd82ab374b6bc79b5e95,sastra,train,88656,1681,841,false,false,defa49d9d1d5def0aad8a81702a97565980bf5d316ced75be88c2683d5ee545c,249b26749c740f90a716ae966ee7d4258077a245659d51562d59475fa9c4374c,101810,9c515ca46ad8f9fca7e879c0a1617207bf5ccf3df21930aaa0995227c3942c40,6_sastra/8_jyot/brhajj_u.txt
gretil,data/raw/gretil/6_sastra/8_jyot/brhats_u.htm,6_sastra/8_jyot/brhats_u.htm,data/canonical/gretil_iast/6_sastra/8_jyot/brhats_u.txt,iast,doc_20c776ee4b23bd317b83d4bb,sastra,train,354174,13651,6826,false,false,f0df184d5ea766a2a9e4a211514061a73a88a5de37dcbb7538bce539193b44ee,326b4cc5b5b78041e2d002f8a75f2812be38ce84547d0f34a093e1c73ce21a6a,428896,9c515ca46ad8f9fca7e879c0a1617207bf5ccf3df21930aaa0995227c3942c40,6_sastra/8_jyot/brhats_u.txt
gretil,data/raw/gretil/6_sastra/8_jyot/surysidu.htm,6_sastra/8_jyot/surysidu.htm,data/canonical/gretil_iast/6_sastra/8_jyot/surysidu.txt,iast,doc_580e768de10f31b48691e906,sastra,train,50168,2025,1013,false,false,84dbd30b63e2b8c7c8ddcbd259039f0255a4f8357c0b06483ba7e197c53ea3eb,df922f1f2475611cc4af36a58f00a9702753c07c975a6014b2f629c8eb791588,59741,9c515ca46ad8f9fca7e879c0a1617207bf5ccf3df21930aaa0995227c3942c40,6_sastra/8_jyot/surysidu.txt
