path,source,layer,chars,lines,compact_chars,duplicate_status,duplicate_of,layer_weight,duplicate_weight,final_weight,effective_chars
data/processed/gretil_devanagari/1_veda/1_sam/1_rv/rv_01_u.txt,gretil,veda,178480,4129,155244,primary,,0.800,1.000,0.800,142784.0
data/processed/gretil_devanagari/1_veda/1_sam/1_rv/rv_02_u.txt,gretil,veda,41567,883,36177,primary,,0.800,1.000,0.800,33253.6
data/processed/gretil_devanagari/1_veda/1_sam/1_rv/rv_03_u.txt,gretil,veda,55578,1269,48415,primary,,0.800,1.000,0.800,44462.4
data/processed/gretil_devanagari/1_veda/1_sam/1_rv/rv_04_u.txt,gretil,veda,54785,1227,47652,primary,,0.800,1.000,0.800,43828.0
data/processed/gretil_devanagari/1_veda/1_sam/1_rv/rv_05_u.txt,gretil,veda,66565,1526,57759,primary,,0.800,1.000,0.800,53252.0
data/processed/gretil_devanagari/1_veda/1_sam/1_rv/rv_06_u.txt,gretil,veda,70099,1562,60791,primary,,0.800,1.000,0.800,56079.2
data/processed/gretil_devanagari/1_veda/1_sam/1_rv/rv_07_u.txt,gretil,veda,77596,1720,67135,primary,,0.800,1.000,0.800,62076.8
data/processed/gretil_devanagari/1_veda/1_sam/1_rv/rv_08_u.txt,gretil,veda,121153,3511,104810,primary,,0.800,1.000,0.800,96922.4
data/processed/gretil_devanagari/1_veda/1_sam/1_rv/rv_09_u.txt,gretil,veda,81447,2295,70401,primary,,0.800,1.000,0.800,65157.6
data/processed/gretil_devanagari/1_veda/1_sam/1_rv/rv_10_u.txt,gretil,veda,163772,3666,144045,primary,,0.800,1.000,0.800,131017.6
data/processed/gretil_devanagari/1_veda/1_sam/1_rv/rv_hn01u.txt,gretil,veda,189053,4225,165204,primary,,0.800,1.000,0.800,151242.4
data/processed/gretil_devanagari/1_veda/1_sam/1_rv/rv_hn02u.txt,gretil,veda,44658,902,39026,primary,,0.800,1.000,0.800,35726.4
data/processed/gretil_devanagari/1_veda/1_sam/1_rv/rv_hn03u.txt,gretil,veda,59361,1297,52016,primary,,0.800,1.000,0.800,47488.8
data/processed/gretil_devanagari/1_veda/1_sam/1_rv/rv_hn04u.txt,gretil,veda,56124,1235,48962,primary,,0.800,1.000,0.800,44899.2
data/processed/gretil_devanagari/1_veda/1_sam/1_rv/rv_hn05u.txt,gretil,veda,68145,1535,59324,primary,,0.800,1.000,0.800,54516.0
data/processed/gretil_devanagari/1_veda/1_sam/1_rv/rv_hn06u.txt,gretil,veda,72241,1599,62871,primary,,0.800,1.000,0.800,57792.8
data/processed/gretil_devanagari/1_veda/1_sam/1_rv/rv_hn07u.txt,gretil,veda,82736,1742,71993,primary,,0.800,1.000,0.800,66188.8
data/processed/gretil_devanagari/1_veda/1_sam/1_rv/rv_hn08u.txt,gretil,veda,126669,3516,110128,primary,,0.800,1.000,0.800,101335.2
data/processed/gretil_devanagari/1_veda/1_sam/1_rv/rv_hn09u.txt,gretil,veda,84629,2305,73511,primary,,0.800,1.000,0.800,67703.2
data/processed/gretil_devanagari/1_veda/1_sam/1_rv/rv_hn10u.txt,gretil,veda,173123,3684,151656,primary,,0.800,1.000,0.800,138498.4
data/processed/gretil_devanagari/1_veda/1_sam/1_rv/rvh1-10u.txt,gretil,veda,956755,22047,834691,primary,,0.800,1.000,0.800,765404.0
data/processed/gretil_devanagari/1_veda/1_sam/1_rv/rvkhilau.txt,gretil,veda,77293,1750,68913,primary,,0.800,1.000,0.800,61834.4
data/processed/gretil_devanagari/1_veda/1_sam/avs___u.txt,gretil,veda,525046,17024,454731,primary,,0.800,1.000,0.800,420036.8
data/processed/gretil_devanagari/1_veda/1_sam/avs_acu.txt,gretil,veda,524825,17045,454647,primary,,0.800,1.000,0.800,419860.0
data/processed/gretil_devanagari/1_veda/1_sam/maitrs_au.txt,gretil,veda,714520,8142,630475,primary,,0.800,1.000,0.800,571616.0
data/processed/gretil_devanagari/1_veda/1_sam/maitrs_pu.txt,gretil,veda,697008,8143,618068,primary,,0.800,1.000,0.800,557606.4
data/processed/gretil_devanagari/1_veda/1_sam/samavedu.txt,gretil,veda,140239,4245,120732,primary,,0.800,1.000,0.800,112191.2
data/processed/gretil_devanagari/1_veda/2_bra/gopbra_u.txt,gretil,veda,192146,5481,171086,primary,,0.800,1.000,0.800,153716.8
data/processed/gretil_devanagari/1_veda/2_bra/gopthbru.txt,gretil,veda,48857,141,44003,primary,,0.800,1.000,0.800,39085.6
data/processed/gretil_devanagari/1_veda/2_bra/kausibru.txt,gretil,veda,234300,7182,207133,primary,,0.800,1.000,0.800,187440.0
data/processed/gretil_devanagari/1_veda/2_bra/pncvbr1u.txt,gretil,veda,280684,3873,251406,primary,,0.800,1.000,0.800,224547.2
data/processed/gretil_devanagari/1_veda/2_bra/pncvbr2u.txt,gretil,veda,281265,3876,252384,primary,,0.800,1.000,0.800,225012.0
data/processed/gretil_devanagari/1_veda/2_bra/satapath/sb_01_u.txt,gretil,veda,149128,3394,132499,primary,,0.800,1.000,0.800,119302.4
data/processed/gretil_devanagari/1_veda/2_bra/satapath/sb_02_u.txt,gretil,veda,104137,2314,92564,primary,,0.800,1.000,0.800,83309.6
data/processed/gretil_devanagari/1_veda/2_bra/satapath/sb_03_u.txt,gretil,veda,155252,3493,138043,primary,,0.800,1.000,0.800,124201.6
data/processed/gretil_devanagari/1_veda/2_bra/satapath/sb_04_u.txt,gretil,veda,121869,2707,108496,primary,,0.800,1.000,0.800,97495.2
data/processed/gretil_devanagari/1_veda/2_bra/satapath/sb_05_u.txt,gretil,veda,91686,2004,81529,primary,,0.800,1.000,0.800,73348.8
data/processed/gretil_devanagari/1_veda/2_bra/satapath/sb_06_u.txt,gretil,veda,109112,2343,97896,primary,,0.800,1.000,0.800,87289.6
data/processed/gretil_devanagari/1_veda/2_bra/satapath/sb_07_u.txt,gretil,veda,84968,1814,75873,primary,,0.800,1.000,0.800,67974.4
data/processed/gretil_devanagari/1_veda/2_bra/satapath/sb_08_u.txt,gretil,veda,95975,2024,85932,primary,,0.800,1.000,0.800,76780.0
data/processed/gretil_devanagari/1_veda/2_bra/satapath/sb_09_u.txt,gretil,veda,80700,1747,72014,primary,,0.800,1.000,0.800,64560.0
data/processed/gretil_devanagari/1_veda/2_bra/satapath/sb_10_u.txt,gretil,veda,76792,1658,68363,primary,,0.800,1.000,0.800,61433.6
data/processed/gretil_devanagari/1_veda/2_bra/satapath/sb_11_u.txt,gretil,veda,81499,1838,72308,primary,,0.800,1.000,0.800,65199.2
data/processed/gretil_devanagari/1_veda/2_bra/satapath/sb_13_u.txt,gretil,veda,80149,1787,71885,primary,,0.800,1.000,0.800,64119.2
data/processed/gretil_devanagari/1_veda/2_bra/satapath/sb_14_u.txt,gretil,veda,140875,3271,124884,primary,,0.800,1.000,0.800,112700.0
data/processed/gretil_devanagari/1_veda/3_ara/sankharu.txt,gretil,veda,68058,320,60247,primary,,0.800,1.000,0.800,54446.4
data/processed/gretil_devanagari/1_veda/4_upa/agsas_1u.txt,gretil,veda,30147,625,27328,primary,,0.800,1.000,0.800,24117.6
data/processed/gretil_devanagari/1_veda/4_upa/agsas_2u.txt,gretil,veda,18650,381,16892,primary,,0.800,1.000,0.800,14920.0
data/processed/gretil_devanagari/1_veda/4_upa/agsas_3u.txt,gretil,veda,31372,583,28467,primary,,0.800,1.000,0.800,25097.6
data/processed/gretil_devanagari/1_veda/4_upa/agsas_4u.txt,gretil,veda,43299,933,39070,primary,,0.800,1.000,0.800,34639.2
data/processed/gretil_devanagari/1_veda/4_upa/aitup__u.txt,gretil,veda,4857,174,4326,primary,,0.800,1.000,0.800,3885.6
data/processed/gretil_devanagari/1_veda/4_upa/aitupsbu.txt,gretil,veda,44138,808,40045,primary,,0.800,1.000,0.800,35310.4
data/processed/gretil_devanagari/1_veda/4_upa/brbiuppu.txt,gretil,veda,1819,45,1611,primary,,0.800,1.000,0.800,1455.2
data/processed/gretil_devanagari/1_veda/4_upa/brup___u.txt,gretil,veda,101221,3119,89025,primary,,0.800,1.000,0.800,80976.8
data/processed/gretil_devanagari/1_veda/4_upa/brupsb1u.txt,gretil,veda,188740,2767,171592,primary,,0.800,1.000,0.800,150992.0
data/processed/gretil_devanagari/1_veda/4_upa/brupsb2u.txt,gretil,veda,116829,1719,105670,primary,,0.800,1.000,0.800,93463.2
data/processed/gretil_devanagari/1_veda/4_upa/brupsb3u.txt,gretil,veda,113718,1756,102354,primary,,0.800,1.000,0.800,90974.4
data/processed/gretil_devanagari/1_veda/4_upa/brupsb4u.txt,gretil,veda,169360,2852,153750,primary,,0.800,1.000,0.800,135488.0
data/processed/gretil_devanagari/1_veda/4_upa/brupsb5u.txt,gretil,veda,43760,889,39345,primary,,0.800,1.000,0.800,35008.0
data/processed/gretil_devanagari/1_veda/4_upa/brupsb6u.txt,gretil,veda,59181,1260,53177,primary,,0.800,1.000,0.800,47344.8
data/processed/gretil_devanagari/1_veda/4_upa/brupsb_u.txt,gretil,veda,691599,11248,625889,primary,,0.800,1.000,0.800,553279.2
data/processed/gretil_devanagari/1_veda/4_upa/chup___u.txt,gretil,veda,87586,3124,76887,primary,,0.800,1.000,0.800,70068.8
data/processed/gretil_devanagari/1_veda/4_upa/chupsb_u.txt,gretil,veda,410228,8219,369698,primary,,0.800,1.000,0.800,328182.4
data/processed/gretil_devanagari/1_veda/4_upa/garbhupu.txt,gretil,veda,3273,25,2926,primary,,0.800,1.000,0.800,2618.4
data/processed/gretil_devanagari/1_veda/4_upa/gmandk_u.txt,gretil,veda,17948,632,15746,primary,,0.800,1.000,0.800,14358.4
data/processed/gretil_devanagari/1_veda/4_upa/isup___u.txt,gretil,veda,1617,55,1415,primary,,0.800,1.000,0.800,1293.6
data/processed/gretil_devanagari/1_veda/4_upa/isupsb_u.txt,gretil,veda,18578,324,16760,primary,,0.800,1.000,0.800,14862.4
data/processed/gretil_devanagari/1_veda/4_upa/kaivup_u.txt,gretil,veda,3151,92,2785,primary,,0.800,1.000,0.800,2520.8
data/processed/gretil_devanagari/1_veda/4_upa/kathop_u.txt,gretil,veda,12299,404,10774,primary,,0.800,1.000,0.800,9839.2
data/processed/gretil_devanagari/1_veda/4_upa/mand_upu.txt,gretil,veda,4269,143,3766,primary,,0.800,1.000,0.800,3415.2
data/processed/gretil_devanagari/1_veda/4_upa/mandup_u.txt,gretil,veda,1334,35,1185,primary,,0.800,1.000,0.800,1067.2
data/processed/gretil_devanagari/1_veda/4_upa/ndbiuppu.txt,gretil,veda,1609,41,1423,primary,,0.800,1.000,0.800,1287.2
data/processed/gretil_devanagari/1_veda/4_upa/prasup_u.txt,gretil,veda,9099,317,7967,primary,,0.800,1.000,0.800,7279.2
data/processed/gretil_devanagari/1_veda/4_upa/prasupbu.txt,gretil,veda,56588,1034,50821,primary,,0.800,1.000,0.800,45270.4
data/processed/gretil_devanagari/1_veda/4_upa/sirup_u.txt,gretil,veda,8532,104,7474,primary,,0.800,1.000,0.800,6825.6
data/processed/gretil_devanagari/1_veda/4_upa/svetu_au.txt,gretil,veda,12098,354,10639,primary,,0.800,1.000,0.800,9678.4
data/processed/gretil_devanagari/1_veda/4_upa/svetu_iu.txt,gretil,veda,11831,451,10452,primary,,0.800,1.000,0.800,9464.8
data/processed/gretil_devanagari/1_veda/4_upa/svetu_pu.txt,gretil,veda,12189,350,10736,primary,,0.800,1.000,0.800,9751.2
data/processed/gretil_devanagari/1_veda/4_upa/svetugau.txt,gretil,veda,12812,404,11062,primary,,0.800,1.000,0.800,10249.6
data/processed/gretil_devanagari/1_veda/4_upa/svetugiu.txt,gretil,veda,12015,451,10431,primary,,0.800,1.000,0.800,9612.0
data/processed/gretil_devanagari/1_veda/4_upa/svetugpu.txt,gretil,veda,12904,401,11159,primary,,0.800,1.000,0.800,10323.2
data/processed/gretil_devanagari/1_veda/5_vedang/1_srauta/apsulb_u.txt,gretil,veda,18593,322,16996,primary,,0.800,1.000,0.800,14874.4
data/processed/gretil_devanagari/1_veda/5_vedang/1_srauta/apsulbcu.txt,gretil,veda,312681,8348,282626,primary,,0.800,1.000,0.800,250144.8
data/processed/gretil_devanagari/1_veda/5_vedang/1_srauta/asvss_u.txt,gretil,veda,184435,3158,164240,primary,,0.800,1.000,0.800,147548.0
data/processed/gretil_devanagari/1_veda/5_vedang/1_srauta/sankhssu.txt,gretil,veda,257679,5822,228284,primary,,0.800,1.000,0.800,206143.2
data/processed/gretil_devanagari/1_veda/5_vedang/1_srauta/vaitss_u.txt,gretil,veda,36095,1008,32976,primary,,0.800,1.000,0.800,28876.0
data/processed/gretil_devanagari/1_veda/5_vedang/2_grhya/apastgcu.txt,gretil,veda,412017,9122,375161,primary,,0.800,1.000,0.800,329613.6
data/processed/gretil_devanagari/1_veda/5_vedang/2_grhya/asvgs_u.txt,gretil,veda,42299,814,37784,primary,,0.800,1.000,0.800,33839.2
data/processed/gretil_devanagari/1_veda/5_vedang/2_grhya/jaimigsu.txt,gretil,veda,40878,213,36927,primary,,0.800,1.000,0.800,32702.4
data/processed/gretil_devanagari/1_veda/5_vedang/2_grhya/kaussu_u.txt,gretil,veda,95618,5890,83117,primary,,0.800,1.000,0.800,76494.4
data/processed/gretil_devanagari/1_veda/5_vedang/2_grhya/kauthgsu.txt,gretil,veda,19719,71,17870,primary,,0.800,1.000,0.800,15775.2
data/processed/gretil_devanagari/1_veda/5_vedang/2_grhya/keskaupu.txt,gretil,veda,501417,6539,449092,primary,,0.800,1.000,0.800,401133.6
data/processed/gretil_devanagari/1_veda/5_vedang/2_grhya/manavgsu.txt,gretil,veda,53041,1897,46821,primary,,0.800,1.000,0.800,42432.8
data/processed/gretil_devanagari/1_veda/5_vedang/2_grhya/sankhgsu.txt,gretil,veda,49439,1302,43862,primary,,0.800,1.000,0.800,39551.2
data/processed/gretil_devanagari/1_veda/5_vedang/2_grhya/vargs_u.txt,gretil,veda,30356,727,27284,primary,,0.800,1.000,0.800,24284.8
data/processed/gretil_devanagari/1_veda/5_vedang/2_paris/avpari_u.txt,gretil,veda,294331,3793,263945,primary,,0.800,1.000,0.800,235464.8
data/processed/gretil_devanagari/1_veda/5_vedang/2_paris/avpray_u.txt,gretil,veda,36911,1559,32805,primary,,0.800,1.000,0.800,29528.8
data/processed/gretil_devanagari/1_veda/5_vedang/2_paris/dantyovu.txt,gretil,veda,1954,53,1711,primary,,0.800,1.000,0.800,1563.2
data/processed/gretil_devanagari/1_veda/5_vedang/3_pratis/niruktau.txt,gretil,veda,207946,5399,183244,primary,,0.800,1.000,0.800,166356.8
data/processed/gretil_devanagari/1_veda/5_vedang/3_pratis/rgvidh_u.txt,gretil,veda,66469,2230,58849,primary,,0.800,1.000,0.800,53175.2
data/processed/gretil_devanagari/2_epic/mbh/ext/bhagvg_u.txt,gretil,epic,60058,2404,52698,primary,,1.000,1.000,1.000,60058.0
data/processed/gretil_devanagari/2_epic/mbh/ext/bhg4c01u.txt,gretil,epic,37541,424,33284,primary,,1.000,1.000,1.000,37541.0
data/processed/gretil_devanagari/2_epic/mbh/ext/bhg4c02u.txt,gretil,epic,182180,1399,160927,primary,,1.000,1.000,1.000,182180.0
data/processed/gretil_devanagari/2_epic/mbh/ext/bhg4c03u.txt,gretil,epic,103682,852,91754,primary,,1.000,1.000,1.000,103682.0
data/processed/gretil_devanagari/2_epic/mbh/ext/bhg4c04u.txt,gretil,epic,86181,656,76193,primary,,1.000,1.000,1.000,86181.0
data/processed/gretil_devanagari/2_epic/mbh/ext/bhg4c05u.txt,gretil,epic,69516,560,61192,primary,,1.000,1.000,1.000,69516.0
data/processed/gretil_devanagari/2_epic/mbh/ext/bhg4c06u.txt,gretil,epic,132253,1010,116700,primary,,1.000,1.000,1.000,132253.0
data/processed/gretil_devanagari/2_epic/mbh/ext/bhg4c07u.txt,gretil,epic,74859,553,65964,primary,,1.000,1.000,1.000,74859.0
data/processed/gretil_devanagari/2_epic/mbh/ext/bhg4c08u.txt,gretil,epic,56832,446,50300,primary,,1.000,1.000,1.000,56832.0
data/processed/gretil_devanagari/2_epic/mbh/ext/bhg4c09u.txt,gretil,epic,83002,601,73179,primary,,1.000,1.000,1.000,83002.0
data/processed/gretil_devanagari/2_epic/mbh/ext/bhg4c10u.txt,gretil,epic,63258,563,55839,primary,,1.000,1.000,1.000,63258.0
data/processed/gretil_devanagari/2_epic/mbh/ext/bhg4c11u.txt,gretil,epic,75943,745,66931,primary,,1.000,1.000,1.000,75943.0
data/processed/gretil_devanagari/2_epic/mbh/ext/bhg4c12u.txt,gretil,epic,40389,364,35605,primary,,1.000,1.000,1.000,40389.0
data/processed/gretil_devanagari/2_epic/mbh/ext/bhg4c13u.txt,gretil,epic,79645,638,70698,primary,,1.000,1.000,1.000,79645.0
data/processed/gretil_devanagari/2_epic/mbh/ext/bhg4c14u.txt,gretil,epic,48816,405,43075,primary,,1.000,1.000,1.000,48816.0
data/processed/gretil_devanagari/2_epic/mbh/ext/bhg4c15u.txt,gretil,epic,48807,432,43120,primary,,1.000,1.000,1.000,48807.0
data/processed/gretil_devanagari/2_epic/mbh/ext/bhg4c16u.txt,gretil,epic,42443,362,37589,primary,,1.000,1.000,1.000,42443.0
data/processed/gretil_devanagari/2_epic/mbh/ext/bhg4c17u.txt,gretil,epic,46522,363,41183,primary,,1.000,1.000,1.000,46522.0
data/processed/gretil_devanagari/2_epic/mbh/ext/bhg4c18u.txt,gretil,epic,91191,1074,80317,primary,,1.000,1.000,1.000,91191.0
data/processed/gretil_devanagari/2_epic/mbh/ext/bhg4c__u.txt,gretil,epic,1368415,11866,1208505,primary,,1.000,1.000,1.000,1368415.0
data/processed/gretil_devanagari/2_epic/mbh/ext/bhgce__u.txt,gretil,epic,59584,2147,52387,primary,,1.000,1.000,1.000,59584.0
data/processed/gretil_devanagari/2_epic/mbh/ext/hv_appau.txt,gretil,epic,932070,25314,830420,primary,,1.000,1.000,1.000,932070.0
data/processed/gretil_devanagari/2_epic/mbh/ext/hv_appiu.txt,gretil,epic,898363,44845,797892,primary,,1.000,1.000,1.000,898363.0
data/processed/gretil_devanagari/2_epic/mbh/ext/hv_apppu.txt,gretil,epic,932070,25314,830420,primary,,1.000,1.000,1.000,932070.0
data/processed/gretil_devanagari/2_epic/mbh/ext/hv_conau.txt,gretil,epic,693559,19412,615787,primary,,1.000,1.000,1.000,693559.0
data/processed/gretil_devanagari/2_epic/mbh/ext/hv_coniu.txt,gretil,epic,680410,34047,602629,primary,,1.000,1.000,1.000,680410.0
data/processed/gretil_devanagari/2_epic/mbh/ext/hv_conpu.txt,gretil,epic,699889,19401,622134,primary,,1.000,1.000,1.000,699889.0
data/processed/gretil_devanagari/2_epic/mbh/ext/hv_cumiu.txt,gretil,epic,1578773,78891,1400521,primary,,1.000,1.000,1.000,1578773.0
data/processed/gretil_devanagari/2_epic/mbh/ext/naray__u.txt,gretil,epic,102905,2701,91499,primary,,1.000,1.000,1.000,102905.0
data/processed/gretil_devanagari/2_epic/mbh/ext/naray_bu.txt,gretil,epic,106248,2714,91870,primary,,1.000,1.000,1.000,106248.0
data/processed/gretil_devanagari/2_epic/mbh/ext/narayriu.txt,gretil,epic,17341,2750,14381,primary,,1.000,1.000,1.000,17341.0
data/processed/gretil_devanagari/2_epic/mbh/mbh1-18u.txt,gretil,epic,8816319,224741,7835081,primary,,1.000,1.000,1.000,8816319.0
data/processed/gretil_devanagari/2_epic/mbh/mbh_01_u.txt,gretil,epic,1019981,26291,905882,primary,,1.000,1.000,1.000,1019981.0
data/processed/gretil_devanagari/2_epic/mbh/mbh_02_u.txt,gretil,epic,408715,10511,363410,primary,,1.000,1.000,1.000,408715.0
data/processed/gretil_devanagari/2_epic/mbh/mbh_03_u.txt,gretil,epic,1066107,27216,946662,primary,,1.000,1.000,1.000,1066107.0
data/processed/gretil_devanagari/2_epic/mbh/mbh_04_u.txt,gretil,epic,385706,10261,341913,primary,,1.000,1.000,1.000,385706.0
data/processed/gretil_devanagari/2_epic/mbh/mbh_05_u.txt,gretil,epic,599446,14883,530834,primary,,1.000,1.000,1.000,599446.0
data/processed/gretil_devanagari/2_epic/mbh/mbh_06_u.txt,gretil,epic,517305,13177,460575,primary,,1.000,1.000,1.000,517305.0
data/processed/gretil_devanagari/2_epic/mbh/mbh_07_u.txt,gretil,epic,883671,22401,789663,primary,,1.000,1.000,1.000,883671.0
data/processed/gretil_devanagari/2_epic/mbh/mbh_08_u.txt,gretil,epic,516719,13260,461041,primary,,1.000,1.000,1.000,516719.0
data/processed/gretil_devanagari/2_epic/mbh/mbh_09_u.txt,gretil,epic,319003,8122,283599,primary,,1.000,1.000,1.000,319003.0
data/processed/gretil_devanagari/2_epic/mbh/mbh_10_u.txt,gretil,epic,70240,1796,62543,primary,,1.000,1.000,1.000,70240.0
data/processed/gretil_devanagari/2_epic/mbh/mbh_11_u.txt,gretil,epic,69479,1794,61633,primary,,1.000,1.000,1.000,69479.0
data/processed/gretil_devanagari/2_epic/mbh/mbh_12_u.txt,gretil,epic,1365168,34165,1212963,primary,,1.000,1.000,1.000,1365168.0
data/processed/gretil_devanagari/2_epic/mbh/mbh_13_u.txt,gretil,epic,1041616,26810,923563,primary,,1.000,1.000,1.000,1041616.0
data/processed/gretil_devanagari/2_epic/mbh/mbh_14_u.txt,gretil,epic,393219,9965,348890,primary,,1.000,1.000,1.000,393219.0
data/processed/gretil_devanagari/2_epic/mbh/mbh_15_u.txt,gretil,epic,95242,2430,84395,primary,,1.000,1.000,1.000,95242.0
data/processed/gretil_devanagari/2_epic/mbh/mbh_16_u.txt,gretil,epic,28317,713,25285,primary,,1.000,1.000,1.000,28317.0
data/processed/gretil_devanagari/2_epic/mbh/mbh_17_u.txt,gretil,epic,10647,271,9414,primary,,1.000,1.000,1.000,10647.0
data/processed/gretil_devanagari/2_epic/mbh/mbh_18_u.txt,gretil,epic,25704,658,22816,primary,,1.000,1.000,1.000,25704.0
data/processed/gretil_devanagari/2_epic/ramayana/ram2-3iu.txt,gretil,epic,450985,21236,400853,primary,,1.000,1.000,1.000,450985.0
data/processed/gretil_devanagari/2_epic/ramayana/ram_01_u.txt,gretil,epic,155694,3943,138409,primary,,1.000,1.000,1.000,155694.0
data/processed/gretil_devanagari/2_epic/ramayana/ram_02_u.txt,gretil,epic,258894,6409,229143,primary,,1.000,1.000,1.000,258894.0
data/processed/gretil_devanagari/2_epic/ramayana/ram_02au.txt,gretil,epic,262187,6523,232587,primary,,1.000,1.000,1.000,262187.0
data/processed/gretil_devanagari/2_epic/ramayana/ram_02pu.txt,gretil,epic,265415,6519,235821,primary,,1.000,1.000,1.000,265415.0
data/processed/gretil_devanagari/2_epic/ramayana/ram_02su.txt,gretil,epic,265422,6519,235837,primary,,1.000,1.000,1.000,265422.0
data/processed/gretil_devanagari/2_epic/ramayana/ram_03_u.txt,gretil,epic,168182,4209,149073,primary,,1.000,1.000,1.000,168182.0
data/processed/gretil_devanagari/2_epic/ramayana/ram_03au.txt,gretil,epic,170372,4283,151282,primary,,1.000,1.000,1.000,170372.0
data/processed/gretil_devanagari/2_epic/ramayana/ram_03pu.txt,gretil,epic,172499,4279,153415,primary,,1.000,1.000,1.000,172499.0
data/processed/gretil_devanagari/2_epic/ramayana/ram_04_u.txt,gretil,epic,161531,4017,143487,primary,,1.000,1.000,1.000,161531.0
data/processed/gretil_devanagari/2_epic/ramayana/ram_05_u.txt,gretil,epic,204706,5042,182498,primary,,1.000,1.000,1.000,204706.0
data/processed/gretil_devanagari/2_epic/ramayana/ram_06_u.txt,gretil,epic,361939,8979,322531,primary,,1.000,1.000,1.000,361939.0
data/processed/gretil_devanagari/2_epic/ramayana/ram_07_u.txt,gretil,epic,217179,5439,192307,primary,,1.000,1.000,1.000,217179.0
data/processed/gretil_devanagari/2_epic/ramayana/ram_1-7u.txt,gretil,epic,1528137,38044,1357448,primary,,1.000,1.000,1.000,1528137.0
data/processed/gretil_devanagari/3_purana/agp_bi_u.txt,gretil,purana,1158613,44132,1026300,primary,,0.700,1.000,0.700,811029.1
data/processed/gretil_devanagari/3_purana/bhagp/bhp1-12u.txt,gretil,purana,1343024,29291,1193701,primary,,0.700,1.000,0.700,940116.8
data/processed/gretil_devanagari/3_purana/bhagp/bhp_01u.txt,gretil,purana,72121,1730,64934,primary,,0.700,1.000,0.700,50484.7
data/processed/gretil_devanagari/3_purana/bhagp/bhp_02u.txt,gretil,purana,36865,918,33173,primary,,0.700,1.000,0.700,25805.5
data/processed/gretil_devanagari/3_purana/bhagp/bhp_03u.txt,gretil,purana,130936,3207,115473,primary,,0.700,1.000,0.700,91655.2
data/processed/gretil_devanagari/3_purana/bhagp/bhp_04u.txt,gretil,purana,132541,3175,116707,primary,,0.700,1.000,0.700,92778.7
data/processed/gretil_devanagari/3_purana/bhagp/bhp_05u.txt,gretil,purana,94495,977,83294,primary,,0.700,1.000,0.700,66146.5
data/processed/gretil_devanagari/3_purana/bhagp/bhp_06u.txt,gretil,purana,75935,1834,68193,primary,,0.700,1.000,0.700,53154.5
data/processed/gretil_devanagari/3_purana/bhagp/bhp_07u.txt,gretil,purana,68481,1713,61617,primary,,0.700,1.000,0.700,47936.7
data/processed/gretil_devanagari/3_purana/bhagp/bhp_08u.txt,gretil,purana,83751,2035,75526,primary,,0.700,1.000,0.700,58625.7
data/processed/gretil_devanagari/3_purana/bhagp/bhp_09u.txt,gretil,purana,82356,2058,74163,primary,,0.700,1.000,0.700,57649.2
data/processed/gretil_devanagari/3_purana/bhagp/bhp_10u.txt,gretil,purana,364702,9061,320414,primary,,0.700,1.000,0.700,255291.4
data/processed/gretil_devanagari/3_purana/bhagp/bhp_11u.txt,gretil,purana,123257,3036,108390,primary,,0.700,1.000,0.700,86279.9
data/processed/gretil_devanagari/3_purana/bhagp/bhp_12u.txt,gretil,purana,50355,1243,44294,primary,,0.700,1.000,0.700,35248.5
data/processed/gretil_devanagari/3_purana/bhagp/bhpc101u.txt,gretil,purana,50478,888,45123,primary,,0.700,1.000,0.700,35334.6
data/processed/gretil_devanagari/3_purana/brahmap/brahmpau.txt,gretil,purana,1181427,31132,1051790,primary,,0.700,1.000,0.700,826998.9
data/processed/gretil_devanagari/3_purana/brahmap/brahmpiu.txt,gretil,purana,1149112,55867,1018476,primary,,0.700,1.000,0.700,804378.4
data/processed/gretil_devanagari/3_purana/brahmap/brahmppu.txt,gretil,purana,1194849,31125,1065223,primary,,0.700,1.000,0.700,836394.3
data/processed/gretil_devanagari/3_purana/brndp1_u.txt,gretil,purana,326723,7805,292146,primary,,0.700,1.000,0.700,228706.1
data/processed/gretil_devanagari/3_purana/brndp2_u.txt,gretil,purana,497161,12090,444937,primary,,0.700,1.000,0.700,348012.7
data/processed/gretil_devanagari/3_purana/brndp3_u.txt,gretil,purana,359950,8769,325712,primary,,0.700,1.000,0.700,251965.0
data/processed/gretil_devanagari/3_purana/dbhp_dgu.txt,gretil,purana,45167,1647,40074,primary,,0.700,1.000,0.700,31616.9
data/processed/gretil_devanagari/3_purana/garup1_u.txt,gretil,purana,676659,16513,606935,primary,,0.700,1.000,0.700,473661.3
data/processed/gretil_devanagari/3_purana/garup2_u.txt,gretil,purana,258967,6240,230548,primary,,0.700,1.000,0.700,181276.9
data/processed/gretil_devanagari/3_purana/garup3_u.txt,gretil,purana,202940,4231,180192,primary,,0.700,1.000,0.700,142058.0
data/processed/gretil_devanagari/3_purana/kurmp1_u.txt,gretil,purana,271293,6858,243500,primary,,0.700,1.000,0.700,189905.1
data/processed/gretil_devanagari/3_purana/kurmp2_u.txt,gretil,purana,235602,5849,210942,primary,,0.700,1.000,0.700,164921.4
data/processed/gretil_devanagari/3_purana/lip_1_au.txt,gretil,purana,572174,14476,510693,primary,,0.700,1.000,0.700,400521.8
data/processed/gretil_devanagari/3_purana/lip_1_iu.txt,gretil,purana,586167,27211,524037,primary,,0.700,1.000,0.700,410316.9
data/processed/gretil_devanagari/3_purana/lip_1_pu.txt,gretil,purana,577289,14431,516005,primary,,0.700,1.000,0.700,404102.3
data/processed/gretil_devanagari/3_purana/lip_2__u.txt,gretil,purana,201706,4921,180380,primary,,0.700,1.000,0.700,141194.2
data/processed/gretil_devanagari/3_purana/mkp1-93u.txt,gretil,purana,396568,11203,354018,primary,,0.700,1.000,0.700,277597.6
data/processed/gretil_devanagari/3_purana/mtp176au.txt,gretil,purana,739847,18916,661502,primary,,0.700,1.000,0.700,517892.9
data/processed/gretil_devanagari/3_purana/mtp176iu.txt,gretil,purana,726032,35123,646340,primary,,0.700,1.000,0.700,508222.4
data/processed/gretil_devanagari/3_purana/mtp176pu.txt,gretil,purana,748903,18915,670561,primary,,0.700,1.000,0.700,524232.1
data/processed/gretil_devanagari/3_purana/nardp1_u.txt,gretil,purana,1119623,26954,1010951,primary,,0.700,1.000,0.700,783736.1
data/processed/gretil_devanagari/3_purana/nardp2_u.txt,gretil,purana,217614,5237,193267,primary,,0.700,1.000,0.700,152329.8
data/processed/gretil_devanagari/3_purana/narsipau.txt,gretil,purana,307496,7739,273515,primary,,0.700,1.000,0.700,215247.2
data/processed/gretil_devanagari/3_purana/narsipiu.txt,gretil,purana,280623,13414,248409,primary,,0.700,1.000,0.700,196436.1
data/processed/gretil_devanagari/3_purana/narsippu.txt,gretil,purana,310820,7734,276848,primary,,0.700,1.000,0.700,217574.0
data/processed/gretil_devanagari/3_purana/sivap1_u.txt,gretil,purana,151166,3247,135079,primary,,0.700,1.000,0.700,105816.2
data/processed/gretil_devanagari/3_purana/sivap7_u.txt,gretil,purana,414137,8962,362290,primary,,0.700,1.000,0.700,289895.9
data/processed/gretil_devanagari/3_purana/skp031au.txt,gretil,purana,146470,4022,129659,primary,,0.700,1.000,0.700,102529.0
data/processed/gretil_devanagari/3_purana/skp031iu.txt,gretil,purana,141052,6967,124603,primary,,0.700,1.000,0.700,98736.4
data/processed/gretil_devanagari/3_purana/skp031pu.txt,gretil,purana,148285,4018,131480,primary,,0.700,1.000,0.700,103799.5
data/processed/gretil_devanagari/3_purana/skprevku.txt,gretil,purana,568303,15137,504840,primary,,0.700,1.000,0.700,397812.1
data/processed/gretil_devanagari/3_purana/vamp__u.txt,gretil,purana,411006,9768,366877,primary,,0.700,1.000,0.700,287704.2
data/processed/gretil_devanagari/3_purana/vampsm_u.txt,gretil,purana,105565,2571,93729,primary,,0.700,1.000,0.700,73895.5
data/processed/gretil_devanagari/3_purana/vd2127_u.txt,gretil,purana,4595,126,4087,primary,,0.700,1.000,0.700,3216.5
data/processed/gretil_devanagari/3_purana/vd3343au.txt,gretil,purana,32095,1215,27740,primary,,0.700,1.000,0.700,22466.5
data/processed/gretil_devanagari/3_purana/vd3343pu.txt,gretil,purana,31311,1203,27930,primary,,0.700,1.000,0.700,21917.7
data/processed/gretil_devanagari/3_purana/vipce_au.txt,gretil,purana,533458,13800,477986,primary,,0.700,1.000,0.700,373420.6
data/processed/gretil_devanagari/3_purana/vipce_iu.txt,gretil,purana,468209,21815,419102,primary,,0.700,1.000,0.700,327746.3
data/processed/gretil_devanagari/3_purana/vipce_pu.txt,gretil,purana,538206,13791,483060,primary,,0.700,1.000,0.700,376744.2
data/processed/gretil_devanagari/3_purana/visnup_u.txt,gretil,purana,519909,12444,468352,primary,,0.700,1.000,0.700,363936.3
data/processed/gretil_devanagari/3_purana/vprevk_u.txt,gretil,purana,700661,18230,622877,primary,,0.700,1.000,0.700,490462.7
data/processed/gretil_devanagari/4_rellit/buddh/abhisamu.txt,gretil,rellit,22802,588,20818,primary,,0.700,1.000,0.700,15961.4
data/processed/gretil_devanagari/4_rellit/buddh/abhisdhu.txt,gretil,rellit,211492,3987,184975,primary,,0.700,1.000,0.700,148044.4
data/processed/gretil_devanagari/4_rellit/buddh/abhnispu.txt,gretil,rellit,6549,46,6059,primary,,0.700,1.000,0.700,4584.3
data/processed/gretil_devanagari/4_rellit/buddh/acatstvu.txt,gretil,rellit,6931,41,6394,primary,,0.700,1.000,0.700,4851.7
data/processed/gretil_devanagari/4_rellit/buddh/adbhutdu.txt,gretil,rellit,5717,21,5251,primary,,0.700,1.000,0.700,4001.9
data/processed/gretil_devanagari/4_rellit/buddh/adhsatpu.txt,gretil,rellit,11202,100,10347,primary,,0.700,1.000,0.700,7841.4
data/processed/gretil_devanagari/4_rellit/buddh/adsp55-u.txt,gretil,rellit,226616,119,204781,primary,,0.700,1.000,0.700,158631.2
data/processed/gretil_devanagari/4_rellit/buddh/adsp70-u.txt,gretil,rellit,204992,888,184255,primary,,0.700,1.000,0.700,143494.4
data/processed/gretil_devanagari/4_rellit/buddh/ahovcs_u.txt,gretil,rellit,33908,813,30381,primary,,0.700,1.000,0.700,23735.6
data/processed/gretil_devanagari/4_rellit/buddh/ahovk1_u.txt,gretil,rellit,13672,325,12350,primary,,0.700,1.000,0.700,9570.4
data/processed/gretil_devanagari/4_rellit/buddh/ahovk2_u.txt,gretil,rellit,12084,113,10850,primary,,0.700,1.000,0.700,8458.8
data/processed/gretil_devanagari/4_rellit/buddh/ajitsvyu.txt,gretil,rellit,28327,366,25157,primary,,0.700,1.000,0.700,19828.9
data/processed/gretil_devanagari/4_rellit/buddh/amoghapu.txt,gretil,rellit,13083,28,11750,primary,,0.700,1.000,0.700,9158.1
data/processed/gretil_devanagari/4_rellit/buddh/anitysuu.txt,gretil,rellit,3249,46,2942,primary,,0.700,1.000,0.700,2274.3
data/processed/gretil_devanagari/4_rellit/buddh/asmahsbu.txt,gretil,rellit,256626,3664,233374,primary,,0.700,1.000,0.700,179638.2
data/processed/gretil_devanagari/4_rellit/buddh/asmahsuu.txt,gretil,rellit,260884,4316,237149,primary,,0.700,1.000,0.700,182618.8
data/processed/gretil_devanagari/4_rellit/buddh/atrisatu.txt,gretil,rellit,5947,159,5441,primary,,0.700,1.000,0.700,4162.9
data/processed/gretil_devanagari/4_rellit/buddh/avsata_u.txt,gretil,rellit,573453,2646,519219,primary,,0.700,1.000,0.700,401417.1
data/processed/gretil_devanagari/4_rellit/buddh/ayuhparu.txt,gretil,rellit,15013,174,13501,primary,,0.700,1.000,0.700,10509.1
data/processed/gretil_devanagari/4_rellit/buddh/bghsic_u.txt,gretil,rellit,67180,1344,62461,primary,,0.700,1.000,0.700,47026.0
data/processed/gretil_devanagari/4_rellit/buddh/bhikavau.txt,gretil,rellit,36720,266,33199,primary,,0.700,1.000,0.700,25704.0
data/processed/gretil_devanagari/4_rellit/buddh/bhivin_u.txt,gretil,rellit,328831,2958,290651,primary,,0.700,1.000,0.700,230181.7
data/processed/gretil_devanagari/4_rellit/buddh/bowermsu.txt,gretil,rellit,120087,1036,107562,primary,,0.700,1.000,0.700,84060.9
data/processed/gretil_devanagari/4_rellit/buddh/bsa051_u.txt,gretil,rellit,331016,2564,300207,primary,,0.700,1.000,0.700,231711.2
data/processed/gretil_devanagari/4_rellit/buddh/bsa056_u.txt,gretil,rellit,116468,1748,103918,primary,,0.700,1.000,0.700,81527.6
data/processed/gretil_devanagari/4_rellit/buddh/bst-108u.txt,gretil,rellit,253432,6094,229912,primary,,0.700,1.000,0.700,177402.4
data/processed/gretil_devanagari/4_rellit/buddh/bsu001_u.txt,gretil,rellit,3077,38,2799,primary,,0.700,1.000,0.700,2153.9
data/processed/gretil_devanagari/4_rellit/buddh/bsu002_u.txt,gretil,rellit,11969,47,10703,primary,,0.700,1.000,0.700,8378.3
data/processed/gretil_devanagari/4_rellit/buddh/bsu003_u.txt,gretil,rellit,6036,82,5396,primary,,0.700,1.000,0.700,4225.2
data/processed/gretil_devanagari/4_rellit/buddh/bsu004_u.txt,gretil,rellit,14995,42,13587,primary,,0.700,1.000,0.700,10496.5
data/processed/gretil_devanagari/4_rellit/buddh/bsu005_u.txt,gretil,rellit,41564,135,37997,primary,,0.700,1.000,0.700,29094.8
data/processed/gretil_devanagari/4_rellit/buddh/bsu006_u.txt,gretil,rellit,28736,247,25553,primary,,0.700,1.000,0.700,20115.2
data/processed/gretil_devanagari/4_rellit/buddh/bsu007_u.txt,gretil,rellit,7300,18,6712,primary,,0.700,1.000,0.700,5110.0
data/processed/gretil_devanagari/4_rellit/buddh/bsu008_u.txt,gretil,rellit,9456,24,8760,primary,,0.700,1.000,0.700,6619.2
data/processed/gretil_devanagari/4_rellit/buddh/bsu009_u.txt,gretil,rellit,9434,233,8472,primary,,0.700,1.000,0.700,6603.8
data/processed/gretil_devanagari/4_rellit/buddh/bsu010_u.txt,gretil,rellit,3591,43,3186,primary,,0.700,1.000,0.700,2513.7
data/processed/gretil_devanagari/4_rellit/buddh/bsu011_u.txt,gretil,rellit,5632,23,5180,primary,,0.700,1.000,0.700,3942.4
data/processed/gretil_devanagari/4_rellit/buddh/bsu012_u.txt,gretil,rellit,19763,42,17834,primary,,0.700,1.000,0.700,13834.1
data/processed/gretil_devanagari/4_rellit/buddh/bsu013_u.txt,gretil,rellit,1417,15,1300,primary,,0.700,1.000,0.700,991.9
data/processed/gretil_devanagari/4_rellit/buddh/bsu014_u.txt,gretil,rellit,189686,1211,173842,primary,,0.700,1.000,0.700,132780.2
data/processed/gretil_devanagari/4_rellit/buddh/bsu015_u.txt,gretil,rellit,4858,26,4381,primary,,0.700,1.000,0.700,3400.6
data/processed/gretil_devanagari/4_rellit/buddh/bsu016_u.txt,gretil,rellit,869629,3583,808731,primary,,0.700,1.000,0.700,608740.3
data/processed/gretil_devanagari/4_rellit/buddh/bsu017_u.txt,gretil,rellit,2479,7,2238,primary,,0.700,1.000,0.700,1735.3
data/processed/gretil_devanagari/4_rellit/buddh/bsu018_u.txt,gretil,rellit,327560,891,298180,primary,,0.700,1.000,0.700,229292.0
data/processed/gretil_devanagari/4_rellit/buddh/bsu019_u.txt,gretil,rellit,118700,408,107276,primary,,0.700,1.000,0.700,83090.0
data/processed/gretil_devanagari/4_rellit/buddh/bsu020_u.txt,gretil,rellit,65342,786,58284,primary,,0.700,1.000,0.700,45739.4
data/processed/gretil_devanagari/4_rellit/buddh/bsu021_u.txt,gretil,rellit,288308,3479,261751,primary,,0.700,1.000,0.700,201815.6
data/processed/gretil_devanagari/4_rellit/buddh/bsu022_u.txt,gretil,rellit,487197,5473,438132,primary,,0.700,1.000,0.700,341037.9
data/processed/gretil_devanagari/4_rellit/buddh/bsu023_u.txt,gretil,rellit,14378,58,12978,primary,,0.700,1.000,0.700,10064.6
data/processed/gretil_devanagari/4_rellit/buddh/bsu024_u.txt,gretil,rellit,108554,1213,97701,primary,,0.700,1.000,0.700,75987.8
data/processed/gretil_devanagari/4_rellit/buddh/bsu025_u.txt,gretil,rellit,4426,113,3904,primary,,0.700,1.000,0.700,3098.2
data/processed/gretil_devanagari/4_rellit/buddh/bsu026_u.txt,gretil,rellit,1490,12,1350,primary,,0.700,1.000,0.700,1043.0
data/processed/gretil_devanagari/4_rellit/buddh/bsu027_u.txt,gretil,rellit,3419,35,3108,primary,,0.700,1.000,0.700,2393.3
data/processed/gretil_devanagari/4_rellit/buddh/bsu028au.txt,gretil,rellit,43136,992,37336,primary,,0.700,1.000,0.700,30195.2
data/processed/gretil_devanagari/4_rellit/buddh/bsu028iu.txt,gretil,rellit,40368,1220,35034,primary,,0.700,1.000,0.700,28257.6
data/processed/gretil_devanagari/4_rellit/buddh/bsu028pu.txt,gretil,rellit,43414,986,37622,primary,,0.700,1.000,0.700,30389.8
data/processed/gretil_devanagari/4_rellit/buddh/bsu029_u.txt,gretil,rellit,67020,913,59755,primary,,0.700,1.000,0.700,46914.0
data/processed/gretil_devanagari/4_rellit/buddh/bsu030_u.txt,gretil,rellit,170754,397,155233,primary,,0.700,1.000,0.700,119527.8
data/processed/gretil_devanagari/4_rellit/buddh/bsu031_u.txt,gretil,rellit,16430,48,14912,primary,,0.700,1.000,0.700,11501.0
data/processed/gretil_devanagari/4_rellit/buddh/bsu032_u.txt,gretil,rellit,9732,51,8745,primary,,0.700,1.000,0.700,6812.4
data/processed/gretil_devanagari/4_rellit/buddh/bsu033_u.txt,gretil,rellit,70141,324,64036,primary,,0.700,1.000,0.700,49098.7
data/processed/gretil_devanagari/4_rellit/buddh/bsu034_u.txt,gretil,rellit,334673,4935,296913,primary,,0.700,1.000,0.700,234271.1
data/processed/gretil_devanagari/4_rellit/buddh/bsu035_u.txt,gretil,rellit,134814,1586,121807,primary,,0.700,1.000,0.700,94369.8
data/processed/gretil_devanagari/4_rellit/buddh/bsu036_u.txt,gretil,rellit,415851,3589,373543,primary,,0.700,1.000,0.700,291095.7
data/processed/gretil_devanagari/4_rellit/buddh/bsu037_u.txt,gretil,rellit,36086,165,32608,primary,,0.700,1.000,0.700,25260.2
data/processed/gretil_devanagari/4_rellit/buddh/bsu038_u.txt,gretil,rellit,964,19,889,primary,,0.700,1.000,0.700,674.8
data/processed/gretil_devanagari/4_rellit/buddh/bsu039_u.txt,gretil,rellit,2573,18,2305,primary,,0.700,1.000,0.700,1801.1
data/processed/gretil_devanagari/4_rellit/buddh/bsu040_u.txt,gretil,rellit,6541,17,6010,primary,,0.700,1.000,0.700,4578.7
data/processed/gretil_devanagari/4_rellit/buddh/bsu041_u.txt,gretil,rellit,911408,13466,819242,primary,,0.700,1.000,0.700,637985.6
data/processed/gretil_devanagari/4_rellit/buddh/bsu045_u.txt,gretil,rellit,111285,1064,99034,primary,,0.700,1.000,0.700,77899.5
data/processed/gretil_devanagari/4_rellit/buddh/bsu046_u.txt,gretil,rellit,51411,592,45795,primary,,0.700,1.000,0.700,35987.7
data/processed/gretil_devanagari/4_rellit/buddh/bsu049_u.txt,gretil,rellit,625818,1146,566001,primary,,0.700,1.000,0.700,438072.6
data/processed/gretil_devanagari/4_rellit/buddh/bsu050_u.txt,gretil,rellit,3851,23,3450,primary,,0.700,1.000,0.700,2695.7
data/processed/gretil_devanagari/4_rellit/buddh/bsu051_u.txt,gretil,rellit,30443,141,27236,primary,,0.700,1.000,0.700,21310.1
data/processed/gretil_devanagari/4_rellit/buddh/bsu052_u.txt,gretil,rellit,27210,112,24544,primary,,0.700,1.000,0.700,19047.0
data/processed/gretil_devanagari/4_rellit/buddh/bsu053_u.txt,gretil,rellit,2292,11,2063,primary,,0.700,1.000,0.700,1604.4
data/processed/gretil_devanagari/4_rellit/buddh/bsu054_u.txt,gretil,rellit,1169,17,1054,primary,,0.700,1.000,0.700,818.3
data/processed/gretil_devanagari/4_rellit/buddh/bsu055_u.txt,gretil,rellit,3944,50,3563,primary,,0.700,1.000,0.700,2760.8
data/processed/gretil_devanagari/4_rellit/buddh/bsu056_u.txt,gretil,rellit,5817,49,5412,primary,,0.700,1.000,0.700,4071.9
data/processed/gretil_devanagari/4_rellit/buddh/bsu057_u.txt,gretil,rellit,3179,31,2895,primary,,0.700,1.000,0.700,2225.3
data/processed/gretil_devanagari/4_rellit/buddh/bsu058_u.txt,gretil,rellit,99051,155,89018,primary,,0.700,1.000,0.700,69335.7
data/processed/gretil_devanagari/4_rellit/buddh/bsu059_u.txt,gretil,rellit,5493,168,4980,primary,,0.700,1.000,0.700,3845.1
data/processed/gretil_devanagari/4_rellit/buddh/bsu060_u.txt,gretil,rellit,20058,70,17846,primary,,0.700,1.000,0.700,14040.6
data/processed/gretil_devanagari/4_rellit/buddh/bsu061_u.txt,gretil,rellit,135821,822,124385,primary,,0.700,1.000,0.700,95074.7
data/processed/gretil_devanagari/4_rellit/buddh/bsu062_u.txt,gretil,rellit,338698,8450,304851,primary,,0.700,1.000,0.700,237088.6
data/processed/gretil_devanagari/4_rellit/buddh/bsu078_u.txt,gretil,rellit,344741,8454,312082,primary,,0.700,1.000,0.700,241318.7
data/processed/gretil_devanagari/4_rellit/buddh/busto1_u.txt,gretil,rellit,18623,862,16477,primary,,0.700,1.000,0.700,13036.1
data/processed/gretil_devanagari/4_rellit/buddh/byogalbu.txt,gretil,rellit,60668,847,54722,primary,,0.700,1.000,0.700,42467.6
data/processed/gretil_devanagari/4_rellit/buddh/candras_pu.txt,gretil,rellit,1153,23,1029,primary,,0.700,1.000,0.700,807.1
data/processed/gretil_devanagari/4_rellit/buddh/candras_tu.txt,gretil,rellit,1154,29,1029,primary,,0.700,1.000,0.700,807.8
data/processed/gretil_devanagari/4_rellit/buddh/cansisyu.txt,gretil,rellit,14250,235,12988,primary,,0.700,1.000,0.700,9975.0
data/processed/gretil_devanagari/4_rellit/buddh/davyasou.txt,gretil,rellit,6312,220,5625,primary,,0.700,1.000,0.700,4418.4
data/processed/gretil_devanagari/4_rellit/buddh/dbsu1-4u.txt,gretil,rellit,15998,145,14505,primary,,0.700,1.000,0.700,11198.6
data/processed/gretil_devanagari/4_rellit/buddh/dhppat_u.txt,gretil,rellit,68608,2397,58815,primary,,0.700,1.000,0.700,48025.6
data/processed/gretil_devanagari/4_rellit/buddh/dhrmsk_u.txt,gretil,rellit,75502,664,67835,primary,,0.700,1.000,0.700,52851.4
data/processed/gretil_devanagari/4_rellit/buddh/dhvajkdu.txt,gretil,rellit,2888,17,2556,primary,,0.700,1.000,0.700,2021.6
data/processed/gretil_devanagari/4_rellit/buddh/dhvajkeu.txt,gretil,rellit,1280,18,1071,primary,,0.700,1.000,0.700,896.0
data/processed/gretil_devanagari/4_rellit/buddh/dhvjgs_pu.txt,gretil,rellit,1877,23,1664,primary,,0.700,1.000,0.700,1313.9
data/processed/gretil_devanagari/4_rellit/buddh/dhvjgs_tu.txt,gretil,rellit,1877,23,1664,primary,,0.700,1.000,0.700,1313.9
data/processed/gretil_devanagari/4_rellit/buddh/dipguhsu.txt,gretil,rellit,39161,1340,35535,primary,,0.700,1.000,0.700,27412.7
data/processed/gretil_devanagari/4_rellit/buddh/divav29u.txt,gretil,rellit,116468,1748,103918,primary,,0.700,1.000,0.700,81527.6
data/processed/gretil_devanagari/4_rellit/buddh/divav33u.txt,gretil,rellit,191700,5339,163755,primary,,0.700,1.000,0.700,134190.0
data/processed/gretil_devanagari/4_rellit/buddh/divyav_u.txt,gretil,rellit,1039241,16962,933952,primary,,0.700,1.000,0.700,727468.7
data/processed/gretil_devanagari/4_rellit/buddh/dsp1-2_u.txt,gretil,rellit,36525,419,33389,primary,,0.700,1.000,0.700,25567.5
data/processed/gretil_devanagari/4_rellit/buddh/dvavims_pu.txt,gretil,rellit,171480,3186,153189,primary,,0.700,1.000,0.700,120036.0
data/processed/gretil_devanagari/4_rellit/buddh/dvavims_tu.txt,gretil,rellit,171506,3184,153216,primary,,0.700,1.000,0.700,120054.2
data/processed/gretil_devanagari/4_rellit/buddh/dvtasutu.txt,gretil,rellit,3264,78,2831,primary,,0.700,1.000,0.700,2284.8
data/processed/gretil_devanagari/4_rellit/buddh/ekmuhr_u.txt,gretil,rellit,6527,106,5836,primary,,0.700,1.000,0.700,4568.9
data/processed/gretil_devanagari/4_rellit/buddh/ekottaru.txt,gretil,rellit,55470,483,49680,primary,,0.700,1.000,0.700,38829.0
data/processed/gretil_devanagari/4_rellit/buddh/ganphrdu.txt,gretil,rellit,1822,31,1588,primary,,0.700,1.000,0.700,1275.4
data/processed/gretil_devanagari/4_rellit/buddh/gopjatmu.txt,gretil,rellit,172154,3573,156815,primary,,0.700,1.000,0.700,120507.8
data/processed/gretil_devanagari/4_rellit/buddh/grahmdhu.txt,gretil,rellit,9138,59,8216,primary,,0.700,1.000,0.700,6396.6
data/processed/gretil_devanagari/4_rellit/buddh/hjatm_au.txt,gretil,rellit,181287,3623,164149,primary,,0.700,1.000,0.700,126900.9
data/processed/gretil_devanagari/4_rellit/buddh/hjatm_iu.txt,gretil,rellit,100627,3778,90517,primary,,0.700,1.000,0.700,70438.9
data/processed/gretil_devanagari/4_rellit/buddh/hjatm_pu.txt,gretil,rellit,182149,3619,165050,primary,,0.700,1.000,0.700,127504.3
data/processed/gretil_devanagari/4_rellit/buddh/jatkstau.txt,gretil,rellit,3764,48,3476,primary,,0.700,1.000,0.700,2634.8
data/processed/gretil_devanagari/4_rellit/buddh/jatkstiu.txt,gretil,rellit,3707,80,3416,primary,,0.700,1.000,0.700,2594.9
data/processed/gretil_devanagari/4_rellit/buddh/jatkstpu.txt,gretil,rellit,3762,44,3480,primary,,0.700,1.000,0.700,2633.4
data/processed/gretil_devanagari/4_rellit/buddh/jnalokau.txt,gretil,rellit,59491,414,54030,primary,,0.700,1.000,0.700,41643.7
data/processed/gretil_devanagari/4_rellit/buddh/jsphustu.txt,gretil,rellit,72682,421,65204,primary,,0.700,1.000,0.700,50877.4
data/processed/gretil_devanagari/4_rellit/buddh/kamvchtu.txt,gretil,rellit,145227,912,132013,primary,,0.700,1.000,0.700,101658.9
data/processed/gretil_devanagari/4_rellit/buddh/kasyparu.txt,gretil,rellit,70446,1101,62810,primary,,0.700,1.000,0.700,49312.2
data/processed/gretil_devanagari/4_rellit/buddh/kathinau.txt,gretil,rellit,23281,373,20878,primary,,0.700,1.000,0.700,16296.7
data/processed/gretil_devanagari/4_rellit/buddh/kbavk10u.txt,gretil,rellit,4305,103,3930,primary,,0.700,1.000,0.700,3013.5
data/processed/gretil_devanagari/4_rellit/buddh/kbavk64u.txt,gretil,rellit,29273,695,26448,primary,,0.700,1.000,0.700,20491.1
data/processed/gretil_devanagari/4_rellit/buddh/kbavk75u.txt,gretil,rellit,1059,37,968,primary,,0.700,1.000,0.700,741.3
data/processed/gretil_devanagari/4_rellit/buddh/kbavk93u.txt,gretil,rellit,10191,234,9275,primary,,0.700,1.000,0.700,7133.7
data/processed/gretil_devanagari/4_rellit/buddh/khasrpsu.txt,gretil,rellit,2963,13,2671,primary,,0.700,1.000,0.700,2074.1
data/processed/gretil_devanagari/4_rellit/buddh/KLPDRAAU.txt,gretil,rellit,40746,1015,36435,primary,,0.700,1.000,0.700,28522.2
data/processed/gretil_devanagari/4_rellit/buddh/klpdraiu.txt,gretil,rellit,40363,1949,35966,primary,,0.700,1.000,0.700,28254.1
data/processed/gretil_devanagari/4_rellit/buddh/klpdrapu.txt,gretil,rellit,41216,1011,36911,primary,,0.700,1.000,0.700,28851.2
data/processed/gretil_devanagari/4_rellit/buddh/knavslou.txt,gretil,rellit,1305,35,1188,primary,,0.700,1.000,0.700,913.5
data/processed/gretil_devanagari/4_rellit/buddh/ksnarm_u.txt,gretil,rellit,33894,1290,30391,primary,,0.700,1.000,0.700,23725.8
data/processed/gretil_devanagari/4_rellit/buddh/kukalpmu.txt,gretil,rellit,47453,1181,41463,primary,,0.700,1.000,0.700,33217.1
data/processed/gretil_devanagari/4_rellit/buddh/madadh_u.txt,gretil,rellit,4171,23,3720,primary,,0.700,1.000,0.700,2919.7
data/processed/gretil_devanagari/4_rellit/buddh/mahama_u.txt,gretil,rellit,7517,112,6661,primary,,0.700,1.000,0.700,5261.9
data/processed/gretil_devanagari/4_rellit/buddh/mahpratu.txt,gretil,rellit,45402,458,40969,primary,,0.700,1.000,0.700,31781.4
data/processed/gretil_devanagari/4_rellit/buddh/maivy_au.txt,gretil,rellit,23058,571,20669,primary,,0.700,1.000,0.700,16140.6
data/processed/gretil_devanagari/4_rellit/buddh/maivy_iu.txt,gretil,rellit,22175,1087,19823,primary,,0.700,1.000,0.700,15522.5
data/processed/gretil_devanagari/4_rellit/buddh/maivy_pu.txt,gretil,rellit,23324,567,20941,primary,,0.700,1.000,0.700,16326.8
data/processed/gretil_devanagari/4_rellit/buddh/manivdhu.txt,gretil,rellit,3374,58,3003,primary,,0.700,1.000,0.700,2361.8
data/processed/gretil_devanagari/4_rellit/buddh/manjn1au.txt,gretil,rellit,21902,407,20283,primary,,0.700,1.000,0.700,15331.4
data/processed/gretil_devanagari/4_rellit/buddh/manjn1iu.txt,gretil,rellit,12803,664,11755,primary,,0.700,1.000,0.700,8962.1
data/processed/gretil_devanagari/4_rellit/buddh/manjn1pu.txt,gretil,rellit,22046,403,20433,primary,,0.700,1.000,0.700,15432.2
data/processed/gretil_devanagari/4_rellit/buddh/manjnsau.txt,gretil,rellit,14356,372,13248,primary,,0.700,1.000,0.700,10049.2
data/processed/gretil_devanagari/4_rellit/buddh/manjnsiu.txt,gretil,rellit,12976,666,11922,primary,,0.700,1.000,0.700,9083.2
data/processed/gretil_devanagari/4_rellit/buddh/manjnspu.txt,gretil,rellit,14500,368,13398,primary,,0.700,1.000,0.700,10150.0
data/processed/gretil_devanagari/4_rellit/buddh/maricdhu.txt,gretil,rellit,2354,11,2034,primary,,0.700,1.000,0.700,1647.8
data/processed/gretil_devanagari/4_rellit/buddh/matpra_u.txt,gretil,rellit,12687,457,11257,primary,,0.700,1.000,0.700,8880.9
data/processed/gretil_devanagari/4_rellit/buddh/mavadsuu.txt,gretil,rellit,48656,1021,43367,primary,,0.700,1.000,0.700,34059.2
data/processed/gretil_devanagari/4_rellit/buddh/mekhdh_u.txt,gretil,rellit,4458,32,3873,primary,,0.700,1.000,0.700,3120.6
data/processed/gretil_devanagari/4_rellit/buddh/mhvastuu.txt,gretil,rellit,1360806,15328,1192763,primary,,0.700,1.000,0.700,952564.2
data/processed/gretil_devanagari/4_rellit/buddh/mkarmviu.txt,gretil,rellit,61942,464,55435,primary,,0.700,1.000,0.700,43359.4
data/processed/gretil_devanagari/4_rellit/buddh/mmayuvru.txt,gretil,rellit,75996,603,67061,primary,,0.700,1.000,0.700,53197.2
data/processed/gretil_devanagari/4_rellit/buddh/mpratpru.txt,gretil,rellit,47109,549,42349,primary,,0.700,1.000,0.700,32976.3
data/processed/gretil_devanagari/4_rellit/buddh/mprsvdhu.txt,gretil,rellit,10122,106,9008,primary,,0.700,1.000,0.700,7085.4
data/processed/gretil_devanagari/4_rellit/buddh/mpsu_w_u.txt,gretil,rellit,71151,1353,64134,primary,,0.700,1.000,0.700,49805.7
data/processed/gretil_devanagari/4_rellit/buddh/mpvv_u.txt,gretil,rellit,3506,64,3003,primary,,0.700,1.000,0.700,2454.2
data/processed/gretil_devanagari/4_rellit/buddh/mrtvstsu.txt,gretil,rellit,1271,32,1189,primary,,0.700,1.000,0.700,889.7
data/processed/gretil_devanagari/4_rellit/buddh/mrtvts_u.txt,gretil,rellit,573,16,531,primary,,0.700,1.000,0.700,401.1
data/processed/gretil_devanagari/4_rellit/buddh/mrtvutsu.txt,gretil,rellit,1360,34,1265,primary,,0.700,1.000,0.700,952.0
data/processed/gretil_devanagari/4_rellit/buddh/msitvatu.txt,gretil,rellit,4715,19,4203,primary,,0.700,1.000,0.700,3300.5
data/processed/gretil_devanagari/4_rellit/buddh/mspram_u.txt,gretil,rellit,54670,1011,49057,primary,,0.700,1.000,0.700,38269.0
data/processed/gretil_devanagari/4_rellit/buddh/msudarsu.txt,gretil,rellit,17172,92,15572,primary,,0.700,1.000,0.700,12020.4
data/processed/gretil_devanagari/4_rellit/buddh/nagcitau.txt,gretil,rellit,26321,665,23557,primary,,0.700,1.000,0.700,18424.7
data/processed/gretil_devanagari/4_rellit/buddh/nagcitiu.txt,gretil,rellit,25785,1277,22973,primary,,0.700,1.000,0.700,18049.5
data/processed/gretil_devanagari/4_rellit/buddh/nagcitpu.txt,gretil,rellit,26639,661,23885,primary,,0.700,1.000,0.700,18647.3
data/processed/gretil_devanagari/4_rellit/buddh/nagsu_pu.txt,gretil,rellit,15519,192,13797,primary,,0.700,1.000,0.700,10863.3
data/processed/gretil_devanagari/4_rellit/buddh/nagsu_tu.txt,gretil,rellit,15238,190,13545,primary,,0.700,1.000,0.700,10666.6
data/processed/gretil_devanagari/4_rellit/buddh/namekvsu.txt,gretil,rellit,2099,57,1960,primary,,0.700,1.000,0.700,1469.3
data/processed/gretil_devanagari/4_rellit/buddh/nidansyu.txt,gretil,rellit,65098,1051,58581,primary,,0.700,1.000,0.700,45568.6
data/processed/gretil_devanagari/4_rellit/buddh/nitkarpu.txt,gretil,rellit,12082,202,10645,primary,,0.700,1.000,0.700,8457.4
data/processed/gretil_devanagari/4_rellit/buddh/pamsuavu.txt,gretil,rellit,527,15,455,primary,,0.700,1.000,0.700,368.9
data/processed/gretil_devanagari/4_rellit/buddh/ppfrag_u.txt,gretil,rellit,94052,971,84507,primary,,0.700,1.000,0.700,65836.4
data/processed/gretil_devanagari/4_rellit/buddh/pplg1__u.txt,gretil,rellit,71542,141,65194,primary,,0.700,1.000,0.700,50079.4
data/processed/gretil_devanagari/4_rellit/buddh/pplg202u.txt,gretil,rellit,13946,94,12585,primary,,0.700,1.000,0.700,9762.2
data/processed/gretil_devanagari/4_rellit/buddh/prajnhsu.txt,gretil,rellit,1123,42,980,primary,,0.700,1.000,0.700,786.1
data/processed/gretil_devanagari/4_rellit/buddh/prmosu_u.txt,gretil,rellit,41898,702,37604,primary,,0.700,1.000,0.700,29328.6
data/processed/gretil_devanagari/4_rellit/buddh/prmosubu.txt,gretil,rellit,46143,435,41772,primary,,0.700,1.000,0.700,32300.1
data/processed/gretil_devanagari/4_rellit/buddh/prmosufu.txt,gretil,rellit,13116,165,11840,primary,,0.700,1.000,0.700,9181.2
data/processed/gretil_devanagari/4_rellit/buddh/prmosulu.txt,gretil,rellit,52643,630,46652,primary,,0.700,1.000,0.700,36850.1
data/processed/gretil_devanagari/4_rellit/buddh/psarkdhu.txt,gretil,rellit,2588,6,2280,primary,,0.700,1.000,0.700,1811.6
data/processed/gretil_devanagari/4_rellit/buddh/psp_1u.txt,gretil,rellit,596919,4889,539608,primary,,0.700,1.000,0.700,417843.3
data/processed/gretil_devanagari/4_rellit/buddh/psp_2-3u.txt,gretil,rellit,327512,1610,298606,primary,,0.700,1.000,0.700,229258.4
data/processed/gretil_devanagari/4_rellit/buddh/psp_4u.txt,gretil,rellit,340996,1769,310595,primary,,0.700,1.000,0.700,238697.2
data/processed/gretil_devanagari/4_rellit/buddh/psp_5u.txt,gretil,rellit,293367,1385,267716,primary,,0.700,1.000,0.700,205356.9
data/processed/gretil_devanagari/4_rellit/buddh/psp_6-8u.txt,gretil,rellit,283734,1320,258160,primary,,0.700,1.000,0.700,198613.8
data/processed/gretil_devanagari/4_rellit/buddh/pspdut2u.txt,gretil,rellit,647416,5754,584875,primary,,0.700,1.000,0.700,453191.2
data/processed/gretil_devanagari/4_rellit/buddh/pspduttu.txt,gretil,rellit,629172,136,570793,primary,,0.700,1.000,0.700,440420.4
data/processed/gretil_devanagari/4_rellit/buddh/psupvibhs_pu.txt,gretil,rellit,3482,101,3116,primary,,0.700,1.000,0.700,2437.4
data/processed/gretil_devanagari/4_rellit/buddh/psupvibhs_tu.txt,gretil,rellit,3482,101,3116,primary,,0.700,1.000,0.700,2437.4
data/processed/gretil_devanagari/4_rellit/buddh/pvspl_u.txt,gretil,rellit,21509,7,19890,primary,,0.700,1.000,0.700,15056.3
data/processed/gretil_devanagari/4_rellit/buddh/rabhramu.txt,gretil,rellit,11954,187,10894,primary,,0.700,1.000,0.700,8367.8
data/processed/gretil_devanagari/4_rellit/buddh/rahppsau.txt,gretil,rellit,1788,66,1583,primary,,0.700,1.000,0.700,1251.6
data/processed/gretil_devanagari/4_rellit/buddh/rahppsiu.txt,gretil,rellit,1744,84,1557,primary,,0.700,1.000,0.700,1220.8
data/processed/gretil_devanagari/4_rellit/buddh/rahppspu.txt,gretil,rellit,1786,61,1588,primary,,0.700,1.000,0.700,1250.2
data/processed/gretil_devanagari/4_rellit/buddh/rastrps_pu.txt,gretil,rellit,9141,93,8286,primary,,0.700,1.000,0.700,6398.7
data/processed/gretil_devanagari/4_rellit/buddh/rastrps_tu.txt,gretil,rellit,8485,92,7681,primary,,0.700,1.000,0.700,5939.5
data/processed/gretil_devanagari/4_rellit/buddh/ratnakeu.txt,gretil,rellit,131232,1307,119051,primary,,0.700,1.000,0.700,91862.4
data/processed/gretil_devanagari/4_rellit/buddh/ratnml_u.txt,gretil,rellit,726677,17919,645985,primary,,0.700,1.000,0.700,508673.9
data/processed/gretil_devanagari/4_rellit/buddh/sabhivpu.txt,gretil,rellit,19523,470,17443,primary,,0.700,1.000,0.700,13666.1
data/processed/gretil_devanagari/4_rellit/buddh/samghscu.txt,gretil,rellit,108949,1038,96778,primary,,0.700,1.000,0.700,76264.3
data/processed/gretil_devanagari/4_rellit/buddh/samyu_wu.txt,gretil,rellit,18723,88,16778,primary,,0.700,1.000,0.700,13106.1
data/processed/gretil_devanagari/4_rellit/buddh/sarvttsu.txt,gretil,rellit,292940,7783,264261,primary,,0.700,1.000,0.700,205058.0
data/processed/gretil_devanagari/4_rellit/buddh/satyas_pu.txt,gretil,rellit,523,10,478,primary,,0.700,1.000,0.700,366.1
data/processed/gretil_devanagari/4_rellit/buddh/satyas_tu.txt,gretil,rellit,523,10,478,primary,,0.700,1.000,0.700,366.1
data/processed/gretil_devanagari/4_rellit/buddh/sdurst_u.txt,gretil,rellit,108849,2160,98360,primary,,0.700,1.000,0.700,76194.3
data/processed/gretil_devanagari/4_rellit/buddh/sghancsu.txt,gretil,rellit,16426,473,14812,primary,,0.700,1.000,0.700,11498.2
data/processed/gretil_devanagari/4_rellit/buddh/sivmstau.txt,gretil,rellit,6712,215,5966,primary,,0.700,1.000,0.700,4698.4
data/processed/gretil_devanagari/4_rellit/buddh/sivmstpu.txt,gretil,rellit,6712,215,5966,primary,,0.700,1.000,0.700,4698.4
data/processed/gretil_devanagari/4_rellit/buddh/sivmstxu.txt,gretil,rellit,6841,214,6255,primary,,0.700,1.000,0.700,4788.7
data/processed/gretil_devanagari/4_rellit/buddh/sjdh_u.txt,gretil,rellit,13396,65,12146,primary,,0.700,1.000,0.700,9377.2
data/processed/gretil_devanagari/4_rellit/buddh/srabhu_u.txt,gretil,rellit,283422,2809,256044,primary,,0.700,1.000,0.700,198395.4
data/processed/gretil_devanagari/4_rellit/buddh/srabhusu.txt,gretil,rellit,331099,1910,299661,primary,,0.700,1.000,0.700,231769.3
data/processed/gretil_devanagari/4_rellit/buddh/srajsgiu.txt,gretil,rellit,92434,1117,80548,primary,,0.700,1.000,0.700,64703.8
data/processed/gretil_devanagari/4_rellit/buddh/sspp2_1u.txt,gretil,rellit,365588,2228,330858,primary,,0.700,1.000,0.700,255911.6
data/processed/gretil_devanagari/4_rellit/buddh/sspp2_2u.txt,gretil,rellit,356738,1629,327341,primary,,0.700,1.000,0.700,249716.6
data/processed/gretil_devanagari/4_rellit/buddh/sspp2_3u.txt,gretil,rellit,447678,1808,405724,primary,,0.700,1.000,0.700,313374.6
data/processed/gretil_devanagari/4_rellit/buddh/sspp2_4u.txt,gretil,rellit,518850,2094,471721,primary,,0.700,1.000,0.700,363195.0
data/processed/gretil_devanagari/4_rellit/buddh/stuplaku.txt,gretil,rellit,11054,154,10011,primary,,0.700,1.000,0.700,7737.8
data/processed/gretil_devanagari/4_rellit/buddh/subhrk_u.txt,gretil,rellit,26415,580,23892,primary,,0.700,1.000,0.700,18490.5
data/processed/gretil_devanagari/4_rellit/buddh/sukhvylu.txt,gretil,rellit,70953,1691,64468,primary,,0.700,1.000,0.700,49667.1
data/processed/gretil_devanagari/4_rellit/buddh/sukhvysu.txt,gretil,rellit,9515,188,8551,primary,,0.700,1.000,0.700,6660.5
data/processed/gretil_devanagari/4_rellit/buddh/sumagavu.txt,gretil,rellit,41423,592,37157,primary,,0.700,1.000,0.700,28996.1
data/processed/gretil_devanagari/4_rellit/buddh/suvrnavu.txt,gretil,rellit,121789,984,110953,primary,,0.700,1.000,0.700,85252.3
data/processed/gretil_devanagari/4_rellit/buddh/svabhupu.txt,gretil,rellit,148190,3567,132838,primary,,0.700,1.000,0.700,103733.0
data/processed/gretil_devanagari/4_rellit/buddh/svagata_pu.txt,gretil,rellit,767,15,694,primary,,0.700,1.000,0.700,536.9
data/processed/gretil_devanagari/4_rellit/buddh/svagata_tu.txt,gretil,rellit,767,15,694,primary,,0.700,1.000,0.700,536.9
data/processed/gretil_devanagari/4_rellit/buddh/tarasdhu.txt,gretil,rellit,7534,152,7100,primary,,0.700,1.000,0.700,5273.8
data/processed/gretil_devanagari/4_rellit/buddh/tarb108u.txt,gretil,rellit,4673,122,4233,primary,,0.700,1.000,0.700,3271.1
data/processed/gretil_devanagari/4_rellit/buddh/tbimbk_u.txt,gretil,rellit,4860,43,4411,primary,,0.700,1.000,0.700,3402.0
data/processed/gretil_devanagari/4_rellit/buddh/udanav_u.txt,gretil,rellit,100570,2322,88594,primary,,0.700,1.000,0.700,70399.0
data/processed/gretil_devanagari/4_rellit/buddh/upsmpjnu.txt,gretil,rellit,21830,172,19602,primary,,0.700,1.000,0.700,15281.0
data/processed/gretil_devanagari/4_rellit/buddh/vadhdhdu.txt,gretil,rellit,23541,37,20849,primary,,0.700,1.000,0.700,16478.7
data/processed/gretil_devanagari/4_rellit/buddh/vadhdhgu.txt,gretil,rellit,5089,30,4577,primary,,0.700,1.000,0.700,3562.3
data/processed/gretil_devanagari/4_rellit/buddh/vadhdhju.txt,gretil,rellit,10933,57,9763,primary,,0.700,1.000,0.700,7653.1
data/processed/gretil_devanagari/4_rellit/buddh/vajvidhu.txt,gretil,rellit,2028,41,1769,primary,,0.700,1.000,0.700,1419.6
data/processed/gretil_devanagari/4_rellit/buddh/vamvupau.txt,gretil,rellit,32619,781,29775,primary,,0.700,1.000,0.700,22833.3
data/processed/gretil_devanagari/4_rellit/buddh/vamvupiu.txt,gretil,rellit,32127,1517,29112,primary,,0.700,1.000,0.700,22488.9
data/processed/gretil_devanagari/4_rellit/buddh/vamvuppu.txt,gretil,rellit,32900,777,30139,primary,,0.700,1.000,0.700,23030.0
data/processed/gretil_devanagari/4_rellit/buddh/vchedpgu.txt,gretil,rellit,12053,165,10719,primary,,0.700,1.000,0.700,8437.1
data/processed/gretil_devanagari/4_rellit/buddh/vchedppu.txt,gretil,rellit,15373,76,13715,primary,,0.700,1.000,0.700,10761.1
data/processed/gretil_devanagari/4_rellit/buddh/vimkn_u.txt,gretil,rellit,138891,1312,125948,primary,,0.700,1.000,0.700,97223.7
data/processed/gretil_devanagari/4_rellit/buddh/vinsutru.txt,gretil,rellit,203574,6719,186570,primary,,0.700,1.000,0.700,142501.8
data/processed/gretil_devanagari/4_rellit/buddh/vinv01_u.txt,gretil,rellit,73048,596,65263,primary,,0.700,1.000,0.700,51133.6
data/processed/gretil_devanagari/4_rellit/buddh/vinv02_u.txt,gretil,rellit,51019,1243,45423,primary,,0.700,1.000,0.700,35713.3
data/processed/gretil_devanagari/4_rellit/buddh/vinv03_u.txt,gretil,rellit,23701,264,21223,primary,,0.700,1.000,0.700,16590.7
data/processed/gretil_devanagari/4_rellit/buddh/vinv04_u.txt,gretil,rellit,28409,135,25546,primary,,0.700,1.000,0.700,19886.3
data/processed/gretil_devanagari/4_rellit/buddh/vinv05_u.txt,gretil,rellit,36724,111,32815,primary,,0.700,1.000,0.700,25706.8
data/processed/gretil_devanagari/4_rellit/buddh/vinv07_u.txt,gretil,rellit,144125,430,128471,primary,,0.700,1.000,0.700,100887.5
data/processed/gretil_devanagari/4_rellit/buddh/vinv08_u.txt,gretil,rellit,20446,205,18443,primary,,0.700,1.000,0.700,14312.2
data/processed/gretil_devanagari/4_rellit/buddh/vinv09_u.txt,gretil,rellit,22478,104,20246,primary,,0.700,1.000,0.700,15734.6
data/processed/gretil_devanagari/4_rellit/buddh/vinv10_u.txt,gretil,rellit,13844,70,12412,primary,,0.700,1.000,0.700,9690.8
data/processed/gretil_devanagari/4_rellit/buddh/vinv11_u.txt,gretil,rellit,60302,126,55262,primary,,0.700,1.000,0.700,42211.4
data/processed/gretil_devanagari/4_rellit/buddh/vinv12_u.txt,gretil,rellit,29639,158,26889,primary,,0.700,1.000,0.700,20747.3
data/processed/gretil_devanagari/4_rellit/buddh/vinv13_u.txt,gretil,rellit,11409,67,10393,primary,,0.700,1.000,0.700,7986.3
data/processed/gretil_devanagari/4_rellit/buddh/vinv14_u.txt,gretil,rellit,11120,91,9910,primary,,0.700,1.000,0.700,7784.0
data/processed/gretil_devanagari/4_rellit/buddh/vinv15_u.txt,gretil,rellit,79801,280,71924,primary,,0.700,1.000,0.700,55860.7
data/processed/gretil_devanagari/4_rellit/buddh/vinv16_u.txt,gretil,rellit,76552,309,68897,primary,,0.700,1.000,0.700,53586.4
data/processed/gretil_devanagari/4_rellit/buddh/vinv171u.txt,gretil,rellit,311828,1365,280800,primary,,0.700,1.000,0.700,218279.6
data/processed/gretil_devanagari/4_rellit/buddh/vinv172u.txt,gretil,rellit,411573,1710,367696,primary,,0.700,1.000,0.700,288101.1
data/processed/gretil_devanagari/4_rellit/buddh/vinv_06u.txt,gretil,rellit,286358,2300,256362,primary,,0.700,1.000,0.700,200450.6
data/processed/gretil_devanagari/4_rellit/buddh/visvantu.txt,gretil,rellit,18490,237,16558,primary,,0.700,1.000,0.700,12943.0
data/processed/gretil_devanagari/4_rellit/buddh/vjviddhu.txt,gretil,rellit,3215,42,2841,primary,,0.700,1.000,0.700,2250.5
data/processed/gretil_devanagari/4_rellit/buddh/vsths_pu.txt,gretil,rellit,2007,62,1775,primary,,0.700,1.000,0.700,1404.9
data/processed/gretil_devanagari/4_rellit/buddh/vsths_tu.txt,gretil,rellit,1995,62,1763,primary,,0.700,1.000,0.700,1396.5
data/processed/gretil_devanagari/4_rellit/buddh/vtrksopu.txt,gretil,rellit,18837,146,17199,primary,,0.700,1.000,0.700,13185.9
data/processed/gretil_devanagari/4_rellit/jaina/hsasvrau.txt,gretil,rellit,59727,1568,53710,primary,,0.700,1.000,0.700,41808.9
data/processed/gretil_devanagari/4_rellit/jaina/hsasvriu.txt,gretil,rellit,56653,2802,50711,primary,,0.700,1.000,0.700,39657.1
data/processed/gretil_devanagari/4_rellit/jaina/hsasvrpu.txt,gretil,rellit,60398,1566,54395,primary,,0.700,1.000,0.700,42278.6
data/processed/gretil_devanagari/4_rellit/saiva/bhnstcau.txt,gretil,rellit,10240,369,9066,primary,,0.700,1.000,0.700,7168.0
data/processed/gretil_devanagari/4_rellit/saiva/bhnstcbu.txt,gretil,rellit,10107,357,8908,primary,,0.700,1.000,0.700,7074.9
data/processed/gretil_devanagari/4_rellit/saiva/bhnstciu.txt,gretil,rellit,9888,484,8774,primary,,0.700,1.000,0.700,6921.6
data/processed/gretil_devanagari/4_rellit/saiva/bhnstcpu.txt,gretil,rellit,10206,353,9013,primary,,0.700,1.000,0.700,7144.2
data/processed/gretil_devanagari/4_rellit/saiva/bhnstcxu.txt,gretil,rellit,10266,361,9295,primary,,0.700,1.000,0.700,7186.2
data/processed/gretil_devanagari/4_rellit/saiva/bijnighu.txt,gretil,rellit,6337,147,5739,primary,,0.700,1.000,0.700,4435.9
data/processed/gretil_devanagari/4_rellit/saiva/cakbh_au.txt,gretil,rellit,3764,98,3474,primary,,0.700,1.000,0.700,2634.8
data/processed/gretil_devanagari/4_rellit/saiva/cakbh_iu.txt,gretil,rellit,3732,188,3423,primary,,0.700,1.000,0.700,2612.4
data/processed/gretil_devanagari/4_rellit/saiva/cakbh_pu.txt,gretil,rellit,3789,94,3505,primary,,0.700,1.000,0.700,2652.3
data/processed/gretil_devanagari/4_rellit/saiva/cakbhavu.txt,gretil,rellit,22660,349,20909,primary,,0.700,1.000,0.700,15862.0
data/processed/gretil_devanagari/4_rellit/saiva/devikaau.txt,gretil,rellit,7206,175,6435,primary,,0.700,1.000,0.700,5044.2
data/processed/gretil_devanagari/4_rellit/saiva/devikaiu.txt,gretil,rellit,7090,336,6301,primary,,0.700,1.000,0.700,4963.0
data/processed/gretil_devanagari/4_rellit/saiva/devikapu.txt,gretil,rellit,7268,171,6503,primary,,0.700,1.000,0.700,5087.6
data/processed/gretil_devanagari/4_rellit/saiva/goramaru.txt,gretil,rellit,9789,164,8884,primary,,0.700,1.000,0.700,6852.3
data/processed/gretil_devanagari/4_rellit/saiva/gorst1au.txt,gretil,rellit,9184,220,7978,primary,,0.700,1.000,0.700,6428.8
data/processed/gretil_devanagari/4_rellit/saiva/gorst1pu.txt,gretil,rellit,9261,216,8061,primary,,0.700,1.000,0.700,6482.7
data/processed/gretil_devanagari/4_rellit/saiva/gorst2au.txt,gretil,rellit,9084,220,7894,primary,,0.700,1.000,0.700,6358.8
data/processed/gretil_devanagari/4_rellit/saiva/gorst2pu.txt,gretil,rellit,9162,216,7978,primary,,0.700,1.000,0.700,6413.4
data/processed/gretil_devanagari/4_rellit/saiva/gorst_iu.txt,gretil,rellit,18058,796,15617,primary,,0.700,1.000,0.700,12640.6
data/processed/gretil_devanagari/4_rellit/saiva/jssivpau.txt,gretil,rellit,6726,147,6171,primary,,0.700,1.000,0.700,4708.2
data/processed/gretil_devanagari/4_rellit/saiva/jssivpiu.txt,gretil,rellit,6614,166,6087,primary,,0.700,1.000,0.700,4629.8
data/processed/gretil_devanagari/4_rellit/saiva/jssivppu.txt,gretil,rellit,6740,143,6191,primary,,0.700,1.000,0.700,4718.0
data/processed/gretil_devanagari/4_rellit/saiva/jssivpxu.txt,gretil,rellit,6731,98,6442,primary,,0.700,1.000,0.700,4711.7
data/processed/gretil_devanagari/4_rellit/saiva/kalhans_u.txt,gretil,rellit,3241,53,2937,primary,,0.700,1.000,0.700,2268.7
data/processed/gretil_devanagari/4_rellit/saiva/karatoau.txt,gretil,rellit,7959,277,7010,primary,,0.700,1.000,0.700,5571.3
data/processed/gretil_devanagari/4_rellit/saiva/karatoiu.txt,gretil,rellit,7530,355,6681,primary,,0.700,1.000,0.700,5271.0
data/processed/gretil_devanagari/4_rellit/saiva/karatopu.txt,gretil,rellit,8012,272,7080,primary,,0.700,1.000,0.700,5608.4
data/processed/gretil_devanagari/4_rellit/saiva/kirtc_au.txt,gretil,rellit,130562,2845,118277,primary,,0.700,1.000,0.700,91393.4
data/processed/gretil_devanagari/4_rellit/saiva/kirtc_pu.txt,gretil,rellit,131227,2886,118860,primary,,0.700,1.000,0.700,91858.9
data/processed/gretil_devanagari/4_rellit/saiva/kirtm_au.txt,gretil,rellit,15096,395,13540,primary,,0.700,1.000,0.700,10567.2
data/processed/gretil_devanagari/4_rellit/saiva/kirtm_iu.txt,gretil,rellit,14588,700,13000,primary,,0.700,1.000,0.700,10211.6
data/processed/gretil_devanagari/4_rellit/saiva/kirtm_pu.txt,gretil,rellit,15254,391,13704,primary,,0.700,1.000,0.700,10677.8
data/processed/gretil_devanagari/4_rellit/saiva/kubjt_au.txt,gretil,rellit,258658,9211,227795,primary,,0.700,1.000,0.700,181060.6
data/processed/gretil_devanagari/4_rellit/saiva/kubjt_iu.txt,gretil,rellit,239943,11813,213344,primary,,0.700,1.000,0.700,167960.1
data/processed/gretil_devanagari/4_rellit/saiva/kubjt_pu.txt,gretil,rellit,261588,9211,230725,primary,,0.700,1.000,0.700,183111.6
data/processed/gretil_devanagari/4_rellit/saiva/mabhedtu.txt,gretil,rellit,46890,1208,41621,primary,,0.700,1.000,0.700,32823.0
data/processed/gretil_devanagari/4_rellit/saiva/malinivu.txt,gretil,rellit,102220,2604,92689,primary,,0.700,1.000,0.700,71554.0
data/processed/gretil_devanagari/4_rellit/saiva/mrgt14iu.txt,gretil,rellit,55585,2608,50454,primary,,0.700,1.000,0.700,38909.5
data/processed/gretil_devanagari/4_rellit/saiva/mrgt14pu.txt,gretil,rellit,54928,1331,50045,primary,,0.700,1.000,0.700,38449.6
data/processed/gretil_devanagari/4_rellit/saiva/mrgt1chu.txt,gretil,rellit,113943,1864,103146,primary,,0.700,1.000,0.700,79760.1
data/processed/gretil_devanagari/4_rellit/saiva/mrgt1mau.txt,gretil,rellit,37623,936,34230,primary,,0.700,1.000,0.700,26336.1
data/processed/gretil_devanagari/4_rellit/saiva/mrgt1mpu.txt,gretil,rellit,38058,932,34671,primary,,0.700,1.000,0.700,26640.6
data/processed/gretil_devanagari/4_rellit/saiva/mrgt3cau.txt,gretil,rellit,42508,1035,38456,primary,,0.700,1.000,0.700,29755.6
data/processed/gretil_devanagari/4_rellit/saiva/mrgt3cpu.txt,gretil,rellit,42618,1031,38572,primary,,0.700,1.000,0.700,29832.6
data/processed/gretil_devanagari/4_rellit/saiva/mrgt3mau.txt,gretil,rellit,11253,269,10229,primary,,0.700,1.000,0.700,7877.1
data/processed/gretil_devanagari/4_rellit/saiva/mrgt3miu.txt,gretil,rellit,11173,530,10101,primary,,0.700,1.000,0.700,7821.1
data/processed/gretil_devanagari/4_rellit/saiva/mrgt3mpu.txt,gretil,rellit,11392,268,10369,primary,,0.700,1.000,0.700,7974.4
data/processed/gretil_devanagari/4_rellit/saiva/mrgt4mau.txt,gretil,rellit,5458,135,4979,primary,,0.700,1.000,0.700,3820.6
data/processed/gretil_devanagari/4_rellit/saiva/mrgt4mpu.txt,gretil,rellit,5502,131,5029,primary,,0.700,1.000,0.700,3851.4
data/processed/gretil_devanagari/4_rellit/saiva/paraksau.txt,gretil,rellit,49525,785,42667,primary,,0.700,1.000,0.700,34667.5
data/processed/gretil_devanagari/4_rellit/saiva/parakspu.txt,gretil,rellit,45999,764,41723,primary,,0.700,1.000,0.700,32199.3
data/processed/gretil_devanagari/4_rellit/saiva/pasupbhu.txt,gretil,rellit,140502,3470,127066,primary,,0.700,1.000,0.700,98351.4
data/processed/gretil_devanagari/4_rellit/saiva/pasupsau.txt,gretil,rellit,3411,190,2971,primary,,0.700,1.000,0.700,2387.7
data/processed/gretil_devanagari/4_rellit/saiva/pasupspu.txt,gretil,rellit,3346,182,2918,primary,,0.700,1.000,0.700,2342.2
data/processed/gretil_devanagari/4_rellit/saiva/purekaku.txt,gretil,rellit,2352,54,2048,primary,,0.700,1.000,0.700,1646.4
data/processed/gretil_devanagari/4_rellit/saiva/saivjvbu.txt,gretil,rellit,35040,1693,31020,primary,,0.700,1.000,0.700,24528.0
data/processed/gretil_devanagari/4_rellit/saiva/saivrliu.txt,gretil,rellit,818171,39526,730533,primary,,0.700,1.000,0.700,572719.7
data/processed/gretil_devanagari/4_rellit/saiva/saulahau.txt,gretil,rellit,16514,320,14145,primary,,0.700,1.000,0.700,11559.8
data/processed/gretil_devanagari/4_rellit/saiva/saulahiu.txt,gretil,rellit,15474,412,13972,primary,,0.700,1.000,0.700,10831.8
data/processed/gretil_devanagari/4_rellit/saiva/saulahpu.txt,gretil,rellit,15782,513,14178,primary,,0.700,1.000,0.700,11047.4
data/processed/gretil_devanagari/4_rellit/saiva/sivsutru.txt,gretil,rellit,33030,981,30276,primary,,0.700,1.000,0.700,23121.0
data/processed/gretil_devanagari/4_rellit/saiva/sivup_au.txt,gretil,rellit,53295,1290,46531,primary,,0.700,1.000,0.700,37306.5
data/processed/gretil_devanagari/4_rellit/saiva/sivup_pu.txt,gretil,rellit,52335,1290,47183,primary,,0.700,1.000,0.700,36634.5
data/processed/gretil_devanagari/4_rellit/saiva/sivup_su.txt,gretil,rellit,51097,2506,45750,primary,,0.700,1.000,0.700,35767.9
data/processed/gretil_devanagari/4_rellit/saiva/somsv_u.txt,gretil,rellit,2507,60,2252,primary,,0.700,1.000,0.700,1754.9
data/processed/gretil_devanagari/4_rellit/saiva/sratrpau.txt,gretil,rellit,26787,701,24185,primary,,0.700,1.000,0.700,18750.9
data/processed/gretil_devanagari/4_rellit/saiva/sratrpiu.txt,gretil,rellit,25819,1289,23180,primary,,0.700,1.000,0.700,18073.3
data/processed/gretil_devanagari/4_rellit/saiva/sratrppu.txt,gretil,rellit,27089,698,24492,primary,,0.700,1.000,0.700,18962.3
data/processed/gretil_devanagari/4_rellit/saiva/stkal_au.txt,gretil,rellit,27417,734,24330,primary,,0.700,1.000,0.700,19191.9
data/processed/gretil_devanagari/4_rellit/saiva/stkal_iu.txt,gretil,rellit,26303,1231,23266,primary,,0.700,1.000,0.700,18412.1
data/processed/gretil_devanagari/4_rellit/saiva/stkal_pu.txt,gretil,rellit,27702,731,24620,primary,,0.700,1.000,0.700,19391.4
data/processed/gretil_devanagari/4_rellit/saiva/svact_au.txt,gretil,rellit,304457,7484,273593,primary,,0.700,1.000,0.700,213119.9
data/processed/gretil_devanagari/4_rellit/saiva/svact_iu.txt,gretil,rellit,300535,14680,268890,primary,,0.700,1.000,0.700,210374.5
data/processed/gretil_devanagari/4_rellit/saiva/svact_pu.txt,gretil,rellit,308129,7480,277265,primary,,0.700,1.000,0.700,215690.3
data/processed/gretil_devanagari/4_rellit/saiva/todaltau.txt,gretil,rellit,33220,872,29498,primary,,0.700,1.000,0.700,23254.0
data/processed/gretil_devanagari/4_rellit/saiva/todaltiu.txt,gretil,rellit,32159,1600,28503,primary,,0.700,1.000,0.700,22511.3
data/processed/gretil_devanagari/4_rellit/saiva/todaltpu.txt,gretil,rellit,33602,868,29886,primary,,0.700,1.000,0.700,23521.4
data/processed/gretil_devanagari/4_rellit/saiva/uddamt_u.txt,gretil,rellit,65103,1177,57703,primary,,0.700,1.000,0.700,45572.1
data/processed/gretil_devanagari/4_rellit/saiva/utsivsau.txt,gretil,rellit,39757,961,35861,primary,,0.700,1.000,0.700,27829.9
data/processed/gretil_devanagari/4_rellit/saiva/vinst_au.txt,gretil,rellit,33574,864,30109,primary,,0.700,1.000,0.700,23501.8
data/processed/gretil_devanagari/4_rellit/saiva/vinst_pu.txt,gretil,rellit,33968,864,30504,primary,,0.700,1.000,0.700,23777.6
data/processed/gretil_devanagari/4_rellit/saiva/vinst_su.txt,gretil,rellit,32502,1584,29084,primary,,0.700,1.000,0.700,22751.4
data/processed/gretil_devanagari/4_rellit/vaisn/astavgau.txt,gretil,rellit,25297,643,21868,primary,,0.700,1.000,0.700,17707.9
data/processed/gretil_devanagari/4_rellit/vaisn/astavgiu.txt,gretil,rellit,24867,1192,21404,primary,,0.700,1.000,0.700,17406.9
data/processed/gretil_devanagari/4_rellit/vaisn/astavgpu.txt,gretil,rellit,25572,639,22150,primary,,0.700,1.000,0.700,17900.4
data/processed/gretil_devanagari/4_rellit/vaisn/bhrgus_u.txt,gretil,rellit,476556,11591,431161,primary,,0.700,1.000,0.700,333589.2
data/processed/gretil_devanagari/4_rellit/vaisn/brhms5cu.txt,gretil,rellit,61124,1607,53246,primary,,0.700,1.000,0.700,42786.8
data/processed/gretil_devanagari/4_rellit/vaisn/caitcanu.txt,gretil,rellit,23048,683,19858,primary,,0.700,1.000,0.700,16133.6
data/processed/gretil_devanagari/4_rellit/vaisn/dhyggs_u.txt,gretil,rellit,46600,1461,40165,primary,,0.700,1.000,0.700,32620.0
data/processed/gretil_devanagari/4_rellit/vaisn/dhyrkk_u.txt,gretil,rellit,16629,435,14517,primary,,0.700,1.000,0.700,11640.3
data/processed/gretil_devanagari/4_rellit/vaisn/harinc_u.txt,gretil,rellit,74136,2853,60836,primary,,0.700,1.000,0.700,51895.2
data/processed/gretil_devanagari/4_rellit/vaisn/hbhvil_u.txt,gretil,rellit,449055,14335,389939,primary,,0.700,1.000,0.700,314338.5
data/processed/gretil_devanagari/4_rellit/vaisn/jivrkadu.txt,gretil,rellit,35801,750,31199,primary,,0.700,1.000,0.700,25060.7
data/processed/gretil_devanagari/4_rellit/vaisn/jnass01u.txt,gretil,rellit,89262,2364,77013,primary,,0.700,1.000,0.700,62483.4
data/processed/gretil_devanagari/4_rellit/vaisn/kbss_1-u.txt,gretil,rellit,80940,3287,69879,primary,,0.700,1.000,0.700,56658.0
data/processed/gretil_devanagari/4_rellit/vaisn/krdipc_u.txt,gretil,rellit,293629,5192,256197,primary,,0.700,1.000,0.700,205540.3
data/processed/gretil_devanagari/4_rellit/vaisn/kumukumu.txt,gretil,rellit,5924,122,5285,primary,,0.700,1.000,0.700,4146.8
data/processed/gretil_devanagari/4_rellit/vaisn/laghbh_u.txt,gretil,rellit,88894,2863,77943,primary,,0.700,1.000,0.700,62225.8
data/processed/gretil_devanagari/4_rellit/vaisn/mdhvkmou.txt,gretil,rellit,19279,704,16878,primary,,0.700,1.000,0.700,13495.3
data/processed/gretil_devanagari/4_rellit/vaisn/muktacau.txt,gretil,rellit,109626,2699,95688,primary,,0.700,1.000,0.700,76738.2
data/processed/gretil_devanagari/4_rellit/vaisn/prakassu.txt,gretil,rellit,137130,4944,123693,primary,,0.700,1.000,0.700,95991.0
data/processed/gretil_devanagari/4_rellit/vaisn/ps27-43u.txt,gretil,rellit,303139,10963,270977,primary,,0.700,1.000,0.700,212197.3
data/processed/gretil_devanagari/4_rellit/vaisn/ruphbr_u.txt,gretil,rellit,242365,8735,210913,primary,,0.700,1.000,0.700,169655.5
data/processed/gretil_devanagari/4_rellit/vaisn/sadhdipu.txt,gretil,rellit,234868,6944,202577,primary,,0.700,1.000,0.700,164407.6
data/processed/gretil_devanagari/4_rellit/vaisn/satvtanu.txt,gretil,rellit,61049,1459,55601,primary,,0.700,1.000,0.700,42734.3
data/processed/gretil_devanagari/4_rellit/vaisn/sdahen_u.txt,gretil,rellit,137276,2544,124319,primary,,0.700,1.000,0.700,96093.2
data/processed/gretil_devanagari/4_rellit/vaisn/sdahennu.txt,gretil,rellit,176480,3486,159782,primary,,0.700,1.000,0.700,123536.0
data/processed/gretil_devanagari/4_rellit/vaisn/ss1_tatu.txt,gretil,rellit,90580,2055,80099,primary,,0.700,1.000,0.700,63406.0
data/processed/gretil_devanagari/4_rellit/vaisn/ss2_bhgu.txt,gretil,rellit,232333,6166,203650,primary,,0.700,1.000,0.700,162633.1
data/processed/gretil_devanagari/4_rellit/vaisn/ss3_paru.txt,gretil,rellit,148479,3874,130561,primary,,0.700,1.000,0.700,103935.3
data/processed/gretil_devanagari/4_rellit/vaisn/ss4_krsu.txt,gretil,rellit,280959,7019,245752,primary,,0.700,1.000,0.700,196671.3
data/processed/gretil_devanagari/4_rellit/vaisn/ss5_bhku.txt,gretil,rellit,350924,9742,306765,primary,,0.700,1.000,0.700,245646.8
data/processed/gretil_devanagari/4_rellit/vaisn/ss6_priu.txt,gretil,rellit,338570,9351,295896,primary,,0.700,1.000,0.700,236999.0
data/processed/gretil_devanagari/4_rellit/vaisn/utajp_au.txt,gretil,rellit,8403,139,7746,primary,,0.700,1.000,0.700,5882.1
data/processed/gretil_devanagari/4_rellit/vaisn/utajp_iu.txt,gretil,rellit,2220,108,2007,primary,,0.700,1.000,0.700,1554.0
data/processed/gretil_devanagari/4_rellit/vaisn/utajp_pu.txt,gretil,rellit,8418,139,7773,primary,,0.700,1.000,0.700,5892.6
data/processed/gretil_devanagari/4_rellit/vaisn/vaimp__u.txt,gretil,rellit,192657,7646,168067,primary,,0.700,1.000,0.700,134859.9
data/processed/gretil_devanagari/4_rellit/vaisn/vaimp_cu.txt,gretil,rellit,192724,7648,168124,primary,,0.700,1.000,0.700,134906.8
data/processed/gretil_devanagari/4_rellit/vaisn/vdhapadu.txt,gretil,rellit,222285,18055,193440,primary,,0.700,1.000,0.700,155599.5
data/processed/gretil_devanagari/4_rellit/vaisn/vdhasrtu.txt,gretil,rellit,222082,17860,193432,primary,,0.700,1.000,0.700,155457.4
data/processed/gretil_devanagari/4_rellit/vaisn/visvaksu.txt,gretil,rellit,337466,11830,301555,primary,,0.700,1.000,0.700,236226.2
data/processed/gretil_devanagari/4_rellit/vaisn/yamcatau.txt,gretil,rellit,775,11,677,primary,,0.700,1.000,0.700,542.5
data/processed/gretil_devanagari/4_rellit/vaisn/yamcatpu.txt,gretil,rellit,753,11,677,primary,,0.700,1.000,0.700,527.1
data/processed/gretil_devanagari/4_rellit/vaisn/yamsr_au.txt,gretil,rellit,7771,191,6749,primary,,0.700,1.000,0.700,5439.7
data/processed/gretil_devanagari/4_rellit/vaisn/yamsr_pu.txt,gretil,rellit,7452,191,6730,primary,,0.700,1.000,0.700,5216.4
data/processed/gretil_devanagari/5_poetry/1_alam/andhvc1u.txt,gretil,poetry,315177,6268,288601,primary,,1.000,1.000,1.000,315177.0
data/processed/gretil_devanagari/5_poetry/1_alam/andhvc2u.txt,gretil,poetry,239281,5585,218211,primary,,1.000,1.000,1.000,239281.0
data/processed/gretil_devanagari/5_poetry/1_alam/andhvc3u.txt,gretil,poetry,454046,9724,415478,primary,,1.000,1.000,1.000,454046.0
data/processed/gretil_devanagari/5_poetry/1_alam/andhvc4u.txt,gretil,poetry,63626,1318,58149,primary,,1.000,1.000,1.000,63626.0
data/processed/gretil_devanagari/5_poetry/1_alam/andhvy_u.txt,gretil,poetry,142929,2154,125947,primary,,1.000,1.000,1.000,142929.0
data/processed/gretil_devanagari/5_poetry/1_alam/bhakavau.txt,gretil,poetry,38089,1095,34314,primary,,1.000,1.000,1.000,38089.0
data/processed/gretil_devanagari/5_poetry/1_alam/bhakaviu.txt,gretil,poetry,32565,1597,29220,primary,,1.000,1.000,1.000,32565.0
data/processed/gretil_devanagari/5_poetry/1_alam/bhakavpu.txt,gretil,poetry,39053,1093,35250,primary,,1.000,1.000,1.000,39053.0
data/processed/gretil_devanagari/5_poetry/1_alam/dkavy12u.txt,gretil,poetry,38698,953,35091,primary,,1.000,1.000,1.000,38698.0
data/processed/gretil_devanagari/5_poetry/1_alam/dkavy1au.txt,gretil,poetry,9083,228,7786,primary,,1.000,1.000,1.000,9083.0
data/processed/gretil_devanagari/5_poetry/1_alam/dkavy1pu.txt,gretil,poetry,8717,228,7891,primary,,1.000,1.000,1.000,8717.0
data/processed/gretil_devanagari/5_poetry/1_alam/dkavy2au.txt,gretil,poetry,17297,538,14733,primary,,1.000,1.000,1.000,17297.0
data/processed/gretil_devanagari/5_poetry/1_alam/dkavy2pu.txt,gretil,poetry,16618,538,14936,primary,,1.000,1.000,1.000,16618.0
data/processed/gretil_devanagari/5_poetry/1_alam/dkavy3_u.txt,gretil,poetry,16041,575,14277,primary,,1.000,1.000,1.000,16041.0
data/processed/gretil_devanagari/5_poetry/1_alam/jaycndau.txt,gretil,poetry,25503,878,22910,primary,,1.000,1.000,1.000,25503.0
data/processed/gretil_devanagari/5_poetry/1_alam/jaycndiu.txt,gretil,poetry,24936,1176,22503,primary,,1.000,1.000,1.000,24936.0
data/processed/gretil_devanagari/5_poetry/1_alam/jaycndpu.txt,gretil,poetry,25767,872,23189,primary,,1.000,1.000,1.000,25767.0
data/processed/gretil_devanagari/5_poetry/1_alam/jgrasg1u.txt,gretil,poetry,108410,1118,99314,primary,,1.000,1.000,1.000,108410.0
data/processed/gretil_devanagari/5_poetry/1_alam/kunvjivu.txt,gretil,poetry,292595,5503,268538,primary,,1.000,1.000,1.000,292595.0
data/processed/gretil_devanagari/5_poetry/1_alam/mamkavpu.txt,gretil,poetry,173711,4692,155469,primary,,1.000,1.000,1.000,173711.0
data/processed/gretil_devanagari/5_poetry/1_alam/mamkpb_u.txt,gretil,poetry,164355,3158,148524,primary,,1.000,1.000,1.000,164355.0
data/processed/gretil_devanagari/5_poetry/1_alam/mamkpbiu.txt,gretil,poetry,11433,606,10208,primary,,1.000,1.000,1.000,11433.0
data/processed/gretil_devanagari/5_poetry/1_alam/mamkprku.txt,gretil,poetry,12328,421,11104,primary,,1.000,1.000,1.000,12328.0
data/processed/gretil_devanagari/5_poetry/1_alam/msabdvvu.txt,gretil,poetry,14223,118,12891,primary,,1.000,1.000,1.000,14223.0
data/processed/gretil_devanagari/5_poetry/1_alam/rajkmimu.txt,gretil,poetry,125214,2690,113581,primary,,1.000,1.000,1.000,125214.0
data/processed/gretil_devanagari/5_poetry/1_alam/rnatc__u.txt,gretil,poetry,69376,2909,59971,primary,,1.000,1.000,1.000,69376.0
data/processed/gretil_devanagari/5_poetry/1_alam/ruvyavivya_au.txt,gretil,poetry,47950,312,43568,primary,,1.000,1.000,1.000,47950.0
data/processed/gretil_devanagari/5_poetry/1_alam/ruvyavivya_pu.txt,gretil,poetry,105137,337,95717,primary,,1.000,1.000,1.000,105137.0
data/processed/gretil_devanagari/5_poetry/1_alam/ruyalscu.txt,gretil,poetry,219623,4563,200579,primary,,1.000,1.000,1.000,219623.0
data/processed/gretil_devanagari/5_poetry/1_alam/ruyalssu.txt,gretil,poetry,49372,1061,45200,primary,,1.000,1.000,1.000,49372.0
data/processed/gretil_devanagari/5_poetry/1_alam/ruyalsvu.txt,gretil,poetry,195919,4059,179750,primary,,1.000,1.000,1.000,195919.0
data/processed/gretil_devanagari/5_poetry/1_alam/simhrs_u.txt,gretil,poetry,261571,8162,227632,primary,,1.000,1.000,1.000,261571.0
data/processed/gretil_devanagari/5_poetry/1_alam/simhrsku.txt,gretil,poetry,83362,2075,73773,primary,,1.000,1.000,1.000,83362.0
data/processed/gretil_devanagari/5_poetry/1_alam/udkass_u.txt,gretil,poetry,128673,2790,117924,primary,,1.000,1.000,1.000,128673.0
data/processed/gretil_devanagari/5_poetry/1_alam/udkassku.txt,gretil,poetry,6122,155,5596,primary,,1.000,1.000,1.000,6122.0
data/processed/gretil_devanagari/5_poetry/1_alam/ujjvni_u.txt,gretil,poetry,179224,6287,155358,primary,,1.000,1.000,1.000,179224.0
data/processed/gretil_devanagari/5_poetry/1_alam/vamkalsu.txt,gretil,poetry,10374,380,9548,primary,,1.000,1.000,1.000,10374.0
data/processed/gretil_devanagari/5_poetry/1_alam/vamkalvu.txt,gretil,poetry,79437,2197,71361,primary,,1.000,1.000,1.000,79437.0
data/processed/gretil_devanagari/5_poetry/1_alam/vcamkc_u.txt,gretil,poetry,173085,3791,157791,primary,,1.000,1.000,1.000,173085.0
data/processed/gretil_devanagari/5_poetry/1_alam/viprud_u.txt,gretil,poetry,207833,6490,188505,primary,,1.000,1.000,1.000,207833.0
data/processed/gretil_devanagari/5_poetry/1_alam/visa01cu.txt,gretil,poetry,35980,645,32845,primary,,1.000,1.000,1.000,35980.0
data/processed/gretil_devanagari/5_poetry/1_alam/visa02cu.txt,gretil,poetry,67571,1327,61561,primary,,1.000,1.000,1.000,67571.0
data/processed/gretil_devanagari/5_poetry/1_alam/visa03cu.txt,gretil,poetry,168213,4579,151802,primary,,1.000,1.000,1.000,168213.0
data/processed/gretil_devanagari/5_poetry/1_alam/visa04cu.txt,gretil,poetry,74643,1415,68026,primary,,1.000,1.000,1.000,74643.0
data/processed/gretil_devanagari/5_poetry/1_alam/visa05cu.txt,gretil,poetry,38001,743,34616,primary,,1.000,1.000,1.000,38001.0
data/processed/gretil_devanagari/5_poetry/1_alam/visa06cu.txt,gretil,poetry,164038,4865,148099,primary,,1.000,1.000,1.000,164038.0
data/processed/gretil_devanagari/5_poetry/1_alam/visa07cu.txt,gretil,poetry,137217,3137,124103,primary,,1.000,1.000,1.000,137217.0
data/processed/gretil_devanagari/5_poetry/1_alam/visa08cu.txt,gretil,poetry,21219,505,19320,primary,,1.000,1.000,1.000,21219.0
data/processed/gretil_devanagari/5_poetry/1_alam/visa09cu.txt,gretil,poetry,6958,187,6359,primary,,1.000,1.000,1.000,6958.0
data/processed/gretil_devanagari/5_poetry/1_alam/visa10cu.txt,gretil,poetry,365840,8177,333557,primary,,1.000,1.000,1.000,365840.0
data/processed/gretil_devanagari/5_poetry/1_alam/visah__u.txt,gretil,poetry,294374,7143,266174,primary,,1.000,1.000,1.000,294374.0
data/processed/gretil_devanagari/5_poetry/1_alam/visah_cu.txt,gretil,poetry,1079702,25596,980289,primary,,1.000,1.000,1.000,1079702.0
data/processed/gretil_devanagari/5_poetry/1_alam/visvsdpu.txt,gretil,poetry,69495,1684,61731,primary,,1.000,1.000,1.000,69495.0
data/processed/gretil_devanagari/5_poetry/1_chandas/chandovu.txt,gretil,poetry,5689,361,5004,primary,,1.000,1.000,1.000,5689.0
data/processed/gretil_devanagari/5_poetry/1_chandas/jvrtmsau.txt,gretil,poetry,18152,464,16623,primary,,1.000,1.000,1.000,18152.0
data/processed/gretil_devanagari/5_poetry/1_chandas/jvrtmsiu.txt,gretil,poetry,17212,600,15832,primary,,1.000,1.000,1.000,17212.0
data/processed/gretil_devanagari/5_poetry/1_chandas/jvrtmspu.txt,gretil,poetry,18304,464,16777,primary,,1.000,1.000,1.000,18304.0
data/processed/gretil_devanagari/5_poetry/1_chandas/kedvratu.txt,gretil,poetry,11413,397,10220,primary,,1.000,1.000,1.000,11413.0
data/processed/gretil_devanagari/5_poetry/1_chandas/kvrtrsuu.txt,gretil,poetry,72045,1510,64643,primary,,1.000,1.000,1.000,72045.0
data/processed/gretil_devanagari/5_poetry/1_natya/bharnatu.txt,gretil,poetry,390416,9467,351937,primary,,1.000,1.000,1.000,390416.0
data/processed/gretil_devanagari/5_poetry/1_natya/dhandasu.txt,gretil,poetry,26528,907,24138,primary,,1.000,1.000,1.000,26528.0
data/processed/gretil_devanagari/5_poetry/2_kavya/aghatkvu.txt,gretil,poetry,22387,152,19830,primary,,1.000,1.000,1.000,22387.0
data/processed/gretil_devanagari/5_poetry/2_kavya/akadambu.txt,gretil,poetry,74935,2686,66923,primary,,1.000,1.000,1.000,74935.0
data/processed/gretil_devanagari/5_poetry/2_kavya/amaru_u.txt,gretil,poetry,42391,1208,37830,primary,,1.000,1.000,1.000,42391.0
data/processed/gretil_devanagari/5_poetry/2_kavya/anvallcu.txt,gretil,poetry,84662,2242,75806,primary,,1.000,1.000,1.000,84662.0
data/processed/gretil_devanagari/5_poetry/2_kavya/appvairu.txt,gretil,poetry,9035,206,8021,primary,,1.000,1.000,1.000,9035.0
data/processed/gretil_devanagari/5_poetry/2_kavya/asvbc_1u.txt,gretil,poetry,97811,2116,87393,primary,,1.000,1.000,1.000,97811.0
data/processed/gretil_devanagari/5_poetry/2_kavya/asvbc_2u.txt,gretil,poetry,108217,3693,92399,primary,,1.000,1.000,1.000,108217.0
data/processed/gretil_devanagari/5_poetry/2_kavya/asvbc_3u.txt,gretil,poetry,101300,2124,87902,primary,,1.000,1.000,1.000,101300.0
data/processed/gretil_devanagari/5_poetry/2_kavya/asvbuc2u.txt,gretil,poetry,108456,3124,96165,primary,,1.000,1.000,1.000,108456.0
data/processed/gretil_devanagari/5_poetry/2_kavya/asvsau2u.txt,gretil,poetry,108894,2273,97439,primary,,1.000,1.000,1.000,108894.0
data/processed/gretil_devanagari/5_poetry/2_kavya/asvsaunu.txt,gretil,poetry,107497,2193,96191,primary,,1.000,1.000,1.000,107497.0
data/processed/gretil_devanagari/5_poetry/2_kavya/bahcar1u.txt,gretil,poetry,37426,322,34463,primary,,1.000,1.000,1.000,37426.0
data/processed/gretil_devanagari/5_poetry/2_kavya/bahcar2u.txt,gretil,poetry,35546,147,33158,primary,,1.000,1.000,1.000,35546.0
data/processed/gretil_devanagari/5_poetry/2_kavya/bahcar3u.txt,gretil,poetry,36280,278,33463,primary,,1.000,1.000,1.000,36280.0
data/processed/gretil_devanagari/5_poetry/2_kavya/bahcar4u.txt,gretil,poetry,36033,243,33336,primary,,1.000,1.000,1.000,36033.0
data/processed/gretil_devanagari/5_poetry/2_kavya/bahcar5_au.txt,gretil,poetry,36589,331,31960,primary,,1.000,1.000,1.000,36589.0
data/processed/gretil_devanagari/5_poetry/2_kavya/bahcar5_pu.txt,gretil,poetry,35201,331,32415,primary,,1.000,1.000,1.000,35201.0
data/processed/gretil_devanagari/5_poetry/2_kavya/bahcar6u.txt,gretil,poetry,35426,328,32592,primary,,1.000,1.000,1.000,35426.0
data/processed/gretil_devanagari/5_poetry/2_kavya/bahcar7u.txt,gretil,poetry,36259,198,33856,primary,,1.000,1.000,1.000,36259.0
data/processed/gretil_devanagari/5_poetry/2_kavya/bahcar8u.txt,gretil,poetry,36072,322,33178,primary,,1.000,1.000,1.000,36072.0
data/processed/gretil_devanagari/5_poetry/2_kavya/bahcarpu.txt,gretil,poetry,1745,61,1547,primary,,1.000,1.000,1.000,1745.0
data/processed/gretil_devanagari/5_poetry/2_kavya/bankad1u.txt,gretil,poetry,79239,442,72353,primary,,1.000,1.000,1.000,79239.0
data/processed/gretil_devanagari/5_poetry/2_kavya/bhakirau.txt,gretil,poetry,106668,3120,95850,primary,,1.000,1.000,1.000,106668.0
data/processed/gretil_devanagari/5_poetry/2_kavya/bhakiriu.txt,gretil,poetry,105331,4160,95087,primary,,1.000,1.000,1.000,105331.0
data/processed/gretil_devanagari/5_poetry/2_kavya/bhakirpu.txt,gretil,poetry,107621,3108,96821,primary,,1.000,1.000,1.000,107621.0
data/processed/gretil_devanagari/5_poetry/2_kavya/bhakirxu.txt,gretil,poetry,109510,3107,101104,primary,,1.000,1.000,1.000,109510.0
data/processed/gretil_devanagari/5_poetry/2_kavya/bhall_au.txt,gretil,poetry,15502,320,13829,primary,,1.000,1.000,1.000,15502.0
data/processed/gretil_devanagari/5_poetry/2_kavya/bhall_iu.txt,gretil,poetry,15039,404,13489,primary,,1.000,1.000,1.000,15039.0
data/processed/gretil_devanagari/5_poetry/2_kavya/bhall_pu.txt,gretil,poetry,15504,309,13865,primary,,1.000,1.000,1.000,15504.0
data/processed/gretil_devanagari/5_poetry/2_kavya/bhall_xu.txt,gretil,poetry,15416,309,13760,primary,,1.000,1.000,1.000,15416.0
data/processed/gretil_devanagari/5_poetry/2_kavya/bhattiku.txt,gretil,poetry,153434,3388,135543,primary,,1.000,1.000,1.000,153434.0
data/processed/gretil_devanagari/5_poetry/2_kavya/bhcarr_au.txt,gretil,poetry,292958,647,255168,primary,,1.000,1.000,1.000,292958.0
data/processed/gretil_devanagari/5_poetry/2_kavya/bhcarr_pu.txt,gretil,poetry,284282,670,263012,primary,,1.000,1.000,1.000,284282.0
data/processed/gretil_devanagari/5_poetry/2_kavya/bicaupau.txt,gretil,poetry,7070,114,6085,primary,,1.000,1.000,1.000,7070.0
data/processed/gretil_devanagari/5_poetry/2_kavya/bicaupiu.txt,gretil,poetry,6559,204,5974,primary,,1.000,1.000,1.000,6559.0
data/processed/gretil_devanagari/5_poetry/2_kavya/bicauppu.txt,gretil,poetry,6636,102,6066,primary,,1.000,1.000,1.000,6636.0
data/processed/gretil_devanagari/5_poetry/2_kavya/bicaupxu.txt,gretil,poetry,7195,102,6091,primary,,1.000,1.000,1.000,7195.0
data/processed/gretil_devanagari/5_poetry/2_kavya/damkuttu.txt,gretil,poetry,91400,2119,82891,primary,,1.000,1.000,1.000,91400.0
data/processed/gretil_devanagari/5_poetry/2_kavya/danddk1u.txt,gretil,poetry,56560,1799,50899,primary,,1.000,1.000,1.000,56560.0
data/processed/gretil_devanagari/5_poetry/2_kavya/danddk2u.txt,gretil,poetry,58766,1800,50962,primary,,1.000,1.000,1.000,58766.0
data/processed/gretil_devanagari/5_poetry/2_kavya/dandkc_u.txt,gretil,poetry,204350,2356,187023,primary,,1.000,1.000,1.000,204350.0
data/processed/gretil_devanagari/5_poetry/2_kavya/dhoypavu.txt,gretil,poetry,17449,518,16225,primary,,1.000,1.000,1.000,17449.0
data/processed/gretil_devanagari/5_poetry/2_kavya/ghatgu_u.txt,gretil,poetry,21009,448,18274,primary,,1.000,1.000,1.000,21009.0
data/processed/gretil_devanagari/5_poetry/2_kavya/govass_u.txt,gretil,poetry,69373,2338,59129,primary,,1.000,1.000,1.000,69373.0
data/processed/gretil_devanagari/5_poetry/2_kavya/gp01-11u.txt,gretil,poetry,225267,4093,195954,primary,,1.000,1.000,1.000,225267.0
data/processed/gretil_devanagari/5_poetry/2_kavya/gp12-22u.txt,gretil,poetry,207356,4357,180309,primary,,1.000,1.000,1.000,207356.0
data/processed/gretil_devanagari/5_poetry/2_kavya/gp23-33u.txt,gretil,poetry,205340,3570,178661,primary,,1.000,1.000,1.000,205340.0
data/processed/gretil_devanagari/5_poetry/2_kavya/gu01-03u.txt,gretil,poetry,40132,885,34702,primary,,1.000,1.000,1.000,40132.0
data/processed/gretil_devanagari/5_poetry/2_kavya/gu05-06u.txt,gretil,poetry,40360,802,35047,primary,,1.000,1.000,1.000,40360.0
data/processed/gretil_devanagari/5_poetry/2_kavya/gu29___u.txt,gretil,poetry,26724,510,23211,primary,,1.000,1.000,1.000,26724.0
data/processed/gretil_devanagari/5_poetry/2_kavya/jagpranu.txt,gretil,poetry,15547,328,14175,primary,,1.000,1.000,1.000,15547.0
data/processed/gretil_devanagari/5_poetry/2_kavya/jagsudhu.txt,gretil,poetry,6129,65,5635,primary,,1.000,1.000,1.000,6129.0
data/processed/gretil_devanagari/5_poetry/2_kavya/jalmugau.txt,gretil,poetry,12665,213,11001,primary,,1.000,1.000,1.000,12665.0
data/processed/gretil_devanagari/5_poetry/2_kavya/jalmugiu.txt,gretil,poetry,12046,264,10806,primary,,1.000,1.000,1.000,12046.0
data/processed/gretil_devanagari/5_poetry/2_kavya/jalmugpu.txt,gretil,poetry,12275,201,10990,primary,,1.000,1.000,1.000,12275.0
data/processed/gretil_devanagari/5_poetry/2_kavya/jalmugxu.txt,gretil,poetry,13005,333,11486,primary,,1.000,1.000,1.000,13005.0
data/processed/gretil_devanagari/5_poetry/2_kavya/jaygit1u.txt,gretil,poetry,33976,921,28805,primary,,1.000,1.000,1.000,33976.0
data/processed/gretil_devanagari/5_poetry/2_kavya/jaygit2u.txt,gretil,poetry,36230,1146,30596,primary,,1.000,1.000,1.000,36230.0
data/processed/gretil_devanagari/5_poetry/2_kavya/jivskd_u.txt,gretil,poetry,75702,1723,67901,primary,,1.000,1.000,1.000,75702.0
data/processed/gretil_devanagari/5_poetry/2_kavya/kakumsau.txt,gretil,poetry,60837,1839,54768,primary,,1.000,1.000,1.000,60837.0
data/processed/gretil_devanagari/5_poetry/2_kavya/kakumsiu.txt,gretil,poetry,60124,2452,54361,primary,,1.000,1.000,1.000,60124.0
data/processed/gretil_devanagari/5_poetry/2_kavya/kakumspu.txt,gretil,poetry,61428,1835,55365,primary,,1.000,1.000,1.000,61428.0
data/processed/gretil_devanagari/5_poetry/2_kavya/kalrs_au.txt,gretil,poetry,19279,331,17758,primary,,1.000,1.000,1.000,19279.0
data/processed/gretil_devanagari/5_poetry/2_kavya/kalrs_iu.txt,gretil,poetry,19094,632,17536,primary,,1.000,1.000,1.000,19094.0
data/processed/gretil_devanagari/5_poetry/2_kavya/kalrs_pu.txt,gretil,poetry,19415,327,17900,primary,,1.000,1.000,1.000,19415.0
data/processed/gretil_devanagari/5_poetry/2_kavya/kmeghdau.txt,gretil,poetry,18579,334,16901,primary,,1.000,1.000,1.000,18579.0
data/processed/gretil_devanagari/5_poetry/2_kavya/kmeghdiu.txt,gretil,poetry,18388,444,16775,primary,,1.000,1.000,1.000,18388.0
data/processed/gretil_devanagari/5_poetry/2_kavya/kmeghdpu.txt,gretil,poetry,18679,332,17004,primary,,1.000,1.000,1.000,18679.0
data/processed/gretil_devanagari/5_poetry/2_kavya/kmeghvau.txt,gretil,poetry,18523,329,16854,primary,,1.000,1.000,1.000,18523.0
data/processed/gretil_devanagari/5_poetry/2_kavya/kmeghviu.txt,gretil,poetry,18376,444,16762,primary,,1.000,1.000,1.000,18376.0
data/processed/gretil_devanagari/5_poetry/2_kavya/kmeghvpu.txt,gretil,poetry,18624,328,16957,primary,,1.000,1.000,1.000,18624.0
data/processed/gretil_devanagari/5_poetry/2_kavya/kragh_au.txt,gretil,poetry,160475,5257,144467,primary,,1.000,1.000,1.000,160475.0
data/processed/gretil_devanagari/5_poetry/2_kavya/kragh_iu.txt,gretil,poetry,158046,6548,143080,primary,,1.000,1.000,1.000,158046.0
data/processed/gretil_devanagari/5_poetry/2_kavya/kragh_pu.txt,gretil,poetry,161311,4895,145705,primary,,1.000,1.000,1.000,161311.0
data/processed/gretil_devanagari/5_poetry/2_kavya/ksbhm06u.txt,gretil,poetry,42024,1565,37476,primary,,1.000,1.000,1.000,42024.0
data/processed/gretil_devanagari/5_poetry/2_kavya/ksbhm07u.txt,gretil,poetry,66745,2479,59692,primary,,1.000,1.000,1.000,66745.0
data/processed/gretil_devanagari/5_poetry/2_kavya/ksbhm08u.txt,gretil,poetry,18152,675,16135,primary,,1.000,1.000,1.000,18152.0
data/processed/gretil_devanagari/5_poetry/2_kavya/ksbhm09u.txt,gretil,poetry,5959,220,5332,primary,,1.000,1.000,1.000,5959.0
data/processed/gretil_devanagari/5_poetry/2_kavya/ksbhm10u.txt,gretil,poetry,9430,342,8375,primary,,1.000,1.000,1.000,9430.0
data/processed/gretil_devanagari/5_poetry/2_kavya/ksbhm11u.txt,gretil,poetry,8703,316,7773,primary,,1.000,1.000,1.000,8703.0
data/processed/gretil_devanagari/5_poetry/2_kavya/ksbhm12u.txt,gretil,poetry,7662,276,6780,primary,,1.000,1.000,1.000,7662.0
data/processed/gretil_devanagari/5_poetry/2_kavya/ksbhm13u.txt,gretil,poetry,155265,5719,137521,primary,,1.000,1.000,1.000,155265.0
data/processed/gretil_devanagari/5_poetry/2_kavya/ksbhm14u.txt,gretil,poetry,18227,661,16186,primary,,1.000,1.000,1.000,18227.0
data/processed/gretil_devanagari/5_poetry/2_kavya/ksbhm15u.txt,gretil,poetry,5774,210,5108,primary,,1.000,1.000,1.000,5774.0
data/processed/gretil_devanagari/5_poetry/2_kavya/ksbhm16u.txt,gretil,poetry,5869,216,5242,primary,,1.000,1.000,1.000,5869.0
data/processed/gretil_devanagari/5_poetry/2_kavya/ksbhm17u.txt,gretil,poetry,2862,103,2529,primary,,1.000,1.000,1.000,2862.0
data/processed/gretil_devanagari/5_poetry/2_kavya/ksbhm18u.txt,gretil,poetry,2876,106,2576,primary,,1.000,1.000,1.000,2876.0
data/processed/gretil_devanagari/5_poetry/2_kavya/ksbhm19u.txt,gretil,poetry,137040,5120,122838,primary,,1.000,1.000,1.000,137040.0
data/processed/gretil_devanagari/5_poetry/2_kavya/kskala_u.txt,gretil,poetry,48244,1138,43492,primary,,1.000,1.000,1.000,48244.0
data/processed/gretil_devanagari/5_poetry/2_kavya/ksyadndu.txt,gretil,poetry,4348,69,4101,primary,,1.000,1.000,1.000,4348.0
data/processed/gretil_devanagari/5_poetry/2_kavya/kulmukuu.txt,gretil,poetry,5096,72,4613,primary,,1.000,1.000,1.000,5096.0
data/processed/gretil_devanagari/5_poetry/2_kavya/lnksivsu.txt,gretil,poetry,1447,24,1351,primary,,1.000,1.000,1.000,1447.0
data/processed/gretil_devanagari/5_poetry/2_kavya/maghspvu.txt,gretil,poetry,171334,4923,156244,primary,,1.000,1.000,1.000,171334.0
data/processed/gretil_devanagari/5_poetry/2_kavya/meghdk_u.txt,gretil,poetry,20418,611,18552,primary,,1.000,1.000,1.000,20418.0
data/processed/gretil_devanagari/5_poetry/2_kavya/meghdksu.txt,gretil,poetry,20164,488,18421,primary,,1.000,1.000,1.000,20164.0
data/processed/gretil_devanagari/5_poetry/2_kavya/narayniu.txt,gretil,poetry,147192,3350,133410,primary,,1.000,1.000,1.000,147192.0
data/processed/gretil_devanagari/5_poetry/2_kavya/nkalivau.txt,gretil,poetry,8842,319,7693,primary,,1.000,1.000,1.000,8842.0
data/processed/gretil_devanagari/5_poetry/2_kavya/nkaliviu.txt,gretil,poetry,8463,408,7542,primary,,1.000,1.000,1.000,8463.0
data/processed/gretil_devanagari/5_poetry/2_kavya/nkalivpu.txt,gretil,poetry,8709,307,7718,primary,,1.000,1.000,1.000,8709.0
data/processed/gretil_devanagari/5_poetry/2_kavya/nkalivxu.txt,gretil,poetry,8851,250,7934,primary,,1.000,1.000,1.000,8851.0
data/processed/gretil_devanagari/5_poetry/2_kavya/padnscau.txt,gretil,poetry,160684,4978,138875,primary,,1.000,1.000,1.000,160684.0
data/processed/gretil_devanagari/5_poetry/2_kavya/padnscpu.txt,gretil,poetry,155517,4966,140260,primary,,1.000,1.000,1.000,155517.0
data/processed/gretil_devanagari/5_poetry/2_kavya/padnscsu.txt,gretil,poetry,145757,6135,131935,primary,,1.000,1.000,1.000,145757.0
data/processed/gretil_devanagari/5_poetry/2_kavya/padnscxu.txt,gretil,poetry,164090,8017,139916,primary,,1.000,1.000,1.000,164090.0
data/processed/gretil_devanagari/5_poetry/2_kavya/padyavlu.txt,gretil,poetry,65039,2568,56069,primary,,1.000,1.000,1.000,65039.0
data/processed/gretil_devanagari/5_poetry/2_kavya/raggancu.txt,gretil,poetry,8953,163,8156,primary,,1.000,1.000,1.000,8953.0
data/processed/gretil_devanagari/5_poetry/2_kavya/ragh1-6u.txt,gretil,poetry,49105,1001,44852,primary,,1.000,1.000,1.000,49105.0
data/processed/gretil_devanagari/5_poetry/2_kavya/ramodtau.txt,gretil,poetry,17932,460,15975,primary,,1.000,1.000,1.000,17932.0
data/processed/gretil_devanagari/5_poetry/2_kavya/ramodtiu.txt,gretil,poetry,17327,864,15362,primary,,1.000,1.000,1.000,17327.0
data/processed/gretil_devanagari/5_poetry/2_kavya/ramodtpu.txt,gretil,poetry,18123,456,16175,primary,,1.000,1.000,1.000,18123.0
data/processed/gretil_devanagari/5_poetry/2_kavya/ruphamdu.txt,gretil,poetry,21798,708,19520,primary,,1.000,1.000,1.000,21798.0
data/processed/gretil_devanagari/5_poetry/2_kavya/srngt_pu.txt,gretil,poetry,40779,1228,36356,primary,,1.000,1.000,1.000,40779.0
data/processed/gretil_devanagari/5_poetry/2_kavya/srngt_su.txt,gretil,poetry,40571,1378,35390,primary,,1.000,1.000,1.000,40571.0
data/processed/gretil_devanagari/5_poetry/2_kavya/srngt_vu.txt,gretil,poetry,41400,958,36023,primary,,1.000,1.000,1.000,41400.0
data/processed/gretil_devanagari/5_poetry/2_kavya/suvasavu.txt,gretil,poetry,52426,139,48667,primary,,1.000,1.000,1.000,52426.0
data/processed/gretil_devanagari/5_poetry/2_kavya/uddkokau.txt,gretil,poetry,27371,490,24783,primary,,1.000,1.000,1.000,27371.0
data/processed/gretil_devanagari/5_poetry/2_kavya/uddkokiu.txt,gretil,poetry,27113,648,24615,primary,,1.000,1.000,1.000,27113.0
data/processed/gretil_devanagari/5_poetry/2_kavya/uddkokpu.txt,gretil,poetry,27507,482,24929,primary,,1.000,1.000,1.000,27507.0
data/processed/gretil_devanagari/5_poetry/3_drama/bhasdutu.txt,gretil,poetry,15527,667,13661,primary,,1.000,1.000,1.000,15527.0
data/processed/gretil_devanagari/5_poetry/3_drama/bhassv_u.txt,gretil,poetry,33131,1577,28545,primary,,1.000,1.000,1.000,33131.0
data/processed/gretil_devanagari/5_poetry/3_drama/bhveni_u.txt,gretil,poetry,122068,4076,107827,primary,,1.000,1.000,1.000,122068.0
data/processed/gretil_devanagari/5_poetry/3_drama/dramfrag_pu.txt,gretil,poetry,15139,686,12800,primary,,1.000,1.000,1.000,15139.0
data/processed/gretil_devanagari/5_poetry/3_drama/dramfrag_tu.txt,gretil,poetry,12655,679,10488,primary,,1.000,1.000,1.000,12655.0
data/processed/gretil_devanagari/5_poetry/3_drama/harnagau.txt,gretil,poetry,17027,402,15376,primary,,1.000,1.000,1.000,17027.0
data/processed/gretil_devanagari/5_poetry/3_drama/hdratn_u.txt,gretil,poetry,39380,777,34525,primary,,1.000,1.000,1.000,39380.0
data/processed/gretil_devanagari/5_poetry/3_drama/hpriydau.txt,gretil,poetry,32551,928,27582,primary,,1.000,1.000,1.000,32551.0
data/processed/gretil_devanagari/5_poetry/3_drama/hpriydpu.txt,gretil,poetry,30712,932,26565,primary,,1.000,1.000,1.000,30712.0
data/processed/gretil_devanagari/5_poetry/3_drama/ksakunau.txt,gretil,poetry,82923,2703,71308,primary,,1.000,1.000,1.000,82923.0
data/processed/gretil_devanagari/5_poetry/3_drama/ksakunpu.txt,gretil,poetry,80935,2696,71199,primary,,1.000,1.000,1.000,80935.0
data/processed/gretil_devanagari/5_poetry/3_drama/ksakunxu.txt,gretil,poetry,83954,2696,71489,primary,,1.000,1.000,1.000,83954.0
data/processed/gretil_devanagari/5_poetry/3_drama/mmatvipu.txt,gretil,poetry,15065,402,13244,primary,,1.000,1.000,1.000,15065.0
data/processed/gretil_devanagari/5_poetry/3_drama/rmc1-3au.txt,gretil,poetry,30848,979,27783,primary,,1.000,1.000,1.000,30848.0
data/processed/gretil_devanagari/5_poetry/3_drama/rmc1-3pu.txt,gretil,poetry,31106,973,28051,primary,,1.000,1.000,1.000,31106.0
data/processed/gretil_devanagari/5_poetry/3_drama/rmc1-3xu.txt,gretil,poetry,31225,972,28684,primary,,1.000,1.000,1.000,31225.0
data/processed/gretil_devanagari/5_poetry/3_drama/ruysahlu.txt,gretil,poetry,2848,22,2481,primary,,1.000,1.000,1.000,2848.0
data/processed/gretil_devanagari/5_poetry/3_drama/sypadatu.txt,gretil,poetry,49870,834,45073,primary,,1.000,1.000,1.000,49870.0
data/processed/gretil_devanagari/5_poetry/4_narr/brkas_au.txt,gretil,poetry,387249,9086,339166,primary,,1.000,1.000,1.000,387249.0
data/processed/gretil_devanagari/5_poetry/4_narr/brkas_pu.txt,gretil,poetry,377248,9086,339103,primary,,1.000,1.000,1.000,377248.0
data/processed/gretil_devanagari/5_poetry/4_narr/brkas_su.txt,gretil,poetry,359198,18146,321051,primary,,1.000,1.000,1.000,359198.0
data/processed/gretil_devanagari/5_poetry/4_narr/hitop_u.txt,gretil,poetry,147896,3879,128415,primary,,1.000,1.000,1.000,147896.0
data/processed/gretil_devanagari/5_poetry/4_narr/sokss_mu.txt,gretil,poetry,2628321,149581,2321492,primary,,1.000,1.000,1.000,2628321.0
data/processed/gretil_devanagari/5_poetry/4_narr/sokss_pu.txt,gretil,poetry,1848581,65220,1634327,primary,,1.000,1.000,1.000,1848581.0
data/processed/gretil_devanagari/5_poetry/4_narr/soksvpau.txt,gretil,poetry,190297,6526,164192,primary,,1.000,1.000,1.000,190297.0
data/processed/gretil_devanagari/5_poetry/4_narr/soksvppu.txt,gretil,poetry,186527,6608,164902,primary,,1.000,1.000,1.000,186527.0
data/processed/gretil_devanagari/5_poetry/4_narr/suksaptu.txt,gretil,poetry,118406,3315,103503,primary,,1.000,1.000,1.000,118406.0
data/processed/gretil_devanagari/5_poetry/4_narr/ttrkhy1u.txt,gretil,poetry,27964,878,25436,primary,,1.000,1.000,1.000,27964.0
data/processed/gretil_devanagari/5_poetry/4_narr/ttrkhy2u.txt,gretil,poetry,20031,676,17955,primary,,1.000,1.000,1.000,20031.0
data/processed/gretil_devanagari/5_poetry/5_subhas/bharst_u.txt,gretil,poetry,50229,1253,43671,primary,,1.000,1.000,1.000,50229.0
data/processed/gretil_devanagari/5_poetry/5_subhas/ksdarpau.txt,gretil,poetry,54423,1799,48622,primary,,1.000,1.000,1.000,54423.0
data/processed/gretil_devanagari/5_poetry/5_subhas/ksdarpiu.txt,gretil,poetry,53454,2363,48067,primary,,1.000,1.000,1.000,53454.0
data/processed/gretil_devanagari/5_poetry/5_subhas/ksdarppu.txt,gretil,poetry,54987,1795,49192,primary,,1.000,1.000,1.000,54987.0
data/processed/gretil_devanagari/5_poetry/5_subhas/msubhs_u.txt,gretil,poetry,1124496,20421,1012557,primary,,1.000,1.000,1.000,1124496.0
data/processed/gretil_devanagari/5_poetry/5_subhas/valsubhu.txt,gretil,poetry,130781,3340,117223,primary,,1.000,1.000,1.000,130781.0
data/processed/gretil_devanagari/5_poetry/5_subhas/vidsrgau.txt,gretil,poetry,286340,7319,248423,primary,,1.000,1.000,1.000,286340.0
data/processed/gretil_devanagari/5_poetry/5_subhas/vidsrgiu.txt,gretil,poetry,271748,6629,236026,primary,,1.000,1.000,1.000,271748.0
data/processed/gretil_devanagari/5_poetry/5_subhas/vidsrgpu.txt,gretil,poetry,287878,7305,249977,primary,,1.000,1.000,1.000,287878.0
data/processed/gretil_devanagari/5_poetry/5_subhas/vidsriau.txt,gretil,poetry,274256,8081,247981,primary,,1.000,1.000,1.000,274256.0
data/processed/gretil_devanagari/5_poetry/5_subhas/vidsriiu.txt,gretil,poetry,259093,6624,235124,primary,,1.000,1.000,1.000,259093.0
data/processed/gretil_devanagari/5_poetry/5_subhas/vidsrimu.txt,gretil,poetry,272300,6148,246242,primary,,1.000,1.000,1.000,272300.0
data/processed/gretil_devanagari/5_poetry/5_subhas/vidsripu.txt,gretil,poetry,273850,6146,247796,primary,,1.000,1.000,1.000,273850.0
data/processed/gretil_devanagari/5_poetry/5_subhas/vidsrixu.txt,gretil,poetry,279751,8090,258981,primary,,1.000,1.000,1.000,279751.0
data/processed/gretil_devanagari/5_poetry/5_subhas/vispancu.txt,gretil,poetry,346004,6599,300681,primary,,1.000,1.000,1.000,346004.0
data/processed/gretil_devanagari/5_poetry/6_hist/jonart_au.txt,gretil,poetry,99241,3964,89064,primary,,1.000,1.000,1.000,99241.0
data/processed/gretil_devanagari/5_poetry/6_hist/jonart_pu.txt,gretil,poetry,113608,3982,102491,primary,,1.000,1.000,1.000,113608.0
data/processed/gretil_devanagari/5_poetry/6_hist/kaulpradsam_u.txt,gretil,poetry,68215,1019,61383,primary,,1.000,1.000,1.000,68215.0
data/processed/gretil_devanagari/6_sastra/1_gram/jvkasipu.txt,gretil,sastra,1390927,55295,1228837,primary,,1.000,1.000,1.000,1390927.0
data/processed/gretil_devanagari/6_sastra/1_gram/jvkasixu.txt,gretil,sastra,1390924,55295,1228848,primary,,1.000,1.000,1.000,1390924.0
data/processed/gretil_devanagari/6_sastra/1_gram/panini_u.txt,gretil,sastra,72148,3960,58670,primary,,1.000,1.000,1.000,72148.0
data/processed/gretil_devanagari/6_sastra/1_gram/paniniiu.txt,gretil,sastra,81666,3951,71705,primary,,1.000,1.000,1.000,81666.0
data/processed/gretil_devanagari/6_sastra/1_gram/paninipu.txt,gretil,sastra,83197,3982,73035,primary,,1.000,1.000,1.000,83197.0
data/processed/gretil_devanagari/6_sastra/1_gram/paninixu.txt,gretil,sastra,83150,3951,73021,primary,,1.000,1.000,1.000,83150.0
data/processed/gretil_devanagari/6_sastra/1_gram/paribhsu.txt,gretil,sastra,114144,1173,103751,primary,,1.000,1.000,1.000,114144.0
data/processed/gretil_devanagari/6_sastra/1_gram/pmbh_1su.txt,gretil,sastra,535767,14177,473919,primary,,1.000,1.000,1.000,535767.0
data/processed/gretil_devanagari/6_sastra/1_gram/pmbhassu.txt,gretil,sastra,1674696,49088,1483080,primary,,1.000,1.000,1.000,1674696.0
data/processed/gretil_devanagari/6_sastra/1_gram/pmbhasuu.txt,gretil,sastra,1817108,4380,1621592,primary,,1.000,1.000,1.000,1817108.0
data/processed/gretil_devanagari/6_sastra/1_gram/samanv_u.txt,gretil,sastra,12022,399,10644,primary,,1.000,1.000,1.000,12022.0
data/processed/gretil_devanagari/6_sastra/1_gram/vakyp1au.txt,gretil,sastra,165091,4027,149488,primary,,1.000,1.000,1.000,165091.0
data/processed/gretil_devanagari/6_sastra/1_gram/vakyp1iu.txt,gretil,sastra,169940,7988,153429,primary,,1.000,1.000,1.000,169940.0
data/processed/gretil_devanagari/6_sastra/1_gram/vakyp1pu.txt,gretil,sastra,167066,4023,151469,primary,,1.000,1.000,1.000,167066.0
data/processed/gretil_devanagari/6_sastra/1_gram/vakyp_au.txt,gretil,sastra,91075,2276,82404,primary,,1.000,1.000,1.000,91075.0
data/processed/gretil_devanagari/6_sastra/1_gram/vakyp_pu.txt,gretil,sastra,92169,2277,83499,primary,,1.000,1.000,1.000,92169.0
data/processed/gretil_devanagari/6_sastra/1_gram/vakyp_su.txt,gretil,sastra,91843,4384,82799,primary,,1.000,1.000,1.000,91843.0
data/processed/gretil_devanagari/6_sastra/1_gram/varlghku.txt,gretil,sastra,143993,2844,128583,primary,,1.000,1.000,1.000,143993.0
data/processed/gretil_devanagari/6_sastra/2_lex/amark1hu.txt,gretil,sastra,27884,1069,24823,primary,,1.000,1.000,1.000,27884.0
data/processed/gretil_devanagari/6_sastra/2_lex/amark1pu.txt,gretil,sastra,25205,894,22424,primary,,1.000,1.000,1.000,25205.0
data/processed/gretil_devanagari/6_sastra/2_lex/amark2_u.txt,gretil,sastra,62720,3010,54846,primary,,1.000,1.000,1.000,62720.0
data/processed/gretil_devanagari/6_sastra/2_lex/amark3_u.txt,gretil,sastra,43840,1100,39332,primary,,1.000,1.000,1.000,43840.0
data/processed/gretil_devanagari/6_sastra/3_phil/advaita/moksop_u.txt,gretil,sastra,1601677,60409,1435727,primary,,1.000,1.000,1.000,1601677.0
data/processed/gretil_devanagari/6_sastra/3_phil/advaita/motik_au.txt,gretil,sastra,812443,23614,721514,primary,,1.000,1.000,1.000,812443.0
data/processed/gretil_devanagari/6_sastra/3_phil/advaita/motik_pu.txt,gretil,sastra,791097,19087,706229,primary,,1.000,1.000,1.000,791097.0
data/processed/gretil_devanagari/6_sastra/3_phil/buddh/abhsubhu.txt,gretil,sastra,226668,1120,209277,primary,,1.000,1.000,1.000,226668.0
data/processed/gretil_devanagari/6_sastra/3_phil/buddh/ajm_u.txt,gretil,sastra,120282,2419,108761,primary,,1.000,1.000,1.000,120282.0
data/processed/gretil_devanagari/6_sastra/3_phil/buddh/arhebt2u.txt,gretil,sastra,309095,1268,282009,primary,,1.000,1.000,1.000,309095.0
data/processed/gretil_devanagari/6_sastra/3_phil/buddh/arhebt_u.txt,gretil,sastra,322218,1805,294939,primary,,1.000,1.000,1.000,322218.0
data/processed/gretil_devanagari/6_sastra/3_phil/buddh/asabhs_u.txt,gretil,sastra,143212,536,130789,primary,,1.000,1.000,1.000,143212.0
data/processed/gretil_devanagari/6_sastra/3_phil/buddh/asycsaru.txt,gretil,sastra,6849,198,6022,primary,,1.000,1.000,1.000,6849.0
data/processed/gretil_devanagari/6_sastra/3_phil/buddh/bsa001_u.txt,gretil,sastra,777,31,701,primary,,1.000,1.000,1.000,777.0
data/processed/gretil_devanagari/6_sastra/3_phil/buddh/bsa002_u.txt,gretil,sastra,2913,88,2619,primary,,1.000,1.000,1.000,2913.0
data/processed/gretil_devanagari/6_sastra/3_phil/buddh/bsa003_u.txt,gretil,sastra,79136,1891,71045,primary,,1.000,1.000,1.000,79136.0
data/processed/gretil_devanagari/6_sastra/3_phil/buddh/bsa004_u.txt,gretil,sastra,6067,148,5527,primary,,1.000,1.000,1.000,6067.0
data/processed/gretil_devanagari/6_sastra/3_phil/buddh/bsa005_u.txt,gretil,sastra,2014,50,1811,primary,,1.000,1.000,1.000,2014.0
data/processed/gretil_devanagari/6_sastra/3_phil/buddh/bsa006_u.txt,gretil,sastra,10813,271,9862,primary,,1.000,1.000,1.000,10813.0
data/processed/gretil_devanagari/6_sastra/3_phil/buddh/bsa007_u.txt,gretil,sastra,19178,301,17397,primary,,1.000,1.000,1.000,19178.0
data/processed/gretil_devanagari/6_sastra/3_phil/buddh/bsa008_u.txt,gretil,sastra,1264,32,1172,primary,,1.000,1.000,1.000,1264.0
data/processed/gretil_devanagari/6_sastra/3_phil/buddh/bsa009_u.txt,gretil,sastra,680,21,622,primary,,1.000,1.000,1.000,680.0
data/processed/gretil_devanagari/6_sastra/3_phil/buddh/bsa010_u.txt,gretil,sastra,9290,248,8511,primary,,1.000,1.000,1.000,9290.0
data/processed/gretil_devanagari/6_sastra/3_phil/buddh/bsa011_u.txt,gretil,sastra,4877,124,4420,primary,,1.000,1.000,1.000,4877.0
data/processed/gretil_devanagari/6_sastra/3_phil/buddh/bsa012_u.txt,gretil,sastra,731,18,661,primary,,1.000,1.000,1.000,731.0
data/processed/gretil_devanagari/6_sastra/3_phil/buddh/bsa013_u.txt,gretil,sastra,3576,52,3193,primary,,1.000,1.000,1.000,3576.0
data/processed/gretil_devanagari/6_sastra/3_phil/buddh/bsa014_u.txt,gretil,sastra,2234,54,2020,primary,,1.000,1.000,1.000,2234.0
data/processed/gretil_devanagari/6_sastra/3_phil/buddh/bsa015_u.txt,gretil,sastra,12597,252,11413,primary,,1.000,1.000,1.000,12597.0
data/processed/gretil_devanagari/6_sastra/3_phil/buddh/bsa016_u.txt,gretil,sastra,6336,148,5661,primary,,1.000,1.000,1.000,6336.0
data/processed/gretil_devanagari/6_sastra/3_phil/buddh/bsa017_u.txt,gretil,sastra,2486,46,2297,primary,,1.000,1.000,1.000,2486.0
data/processed/gretil_devanagari/6_sastra/3_phil/buddh/bsa018_u.txt,gretil,sastra,2562,66,2319,primary,,1.000,1.000,1.000,2562.0
data/processed/gretil_devanagari/6_sastra/3_phil/buddh/bsa019_u.txt,gretil,sastra,3273,83,3013,primary,,1.000,1.000,1.000,3273.0
data/processed/gretil_devanagari/6_sastra/3_phil/buddh/bsa020_u.txt,gretil,sastra,4751,111,4242,primary,,1.000,1.000,1.000,4751.0
data/processed/gretil_devanagari/6_sastra/3_phil/buddh/bsa021_u.txt,gretil,sastra,6556,143,5804,primary,,1.000,1.000,1.000,6556.0
data/processed/gretil_devanagari/6_sastra/3_phil/buddh/bsa022_u.txt,gretil,sastra,1869,47,1674,primary,,1.000,1.000,1.000,1869.0
data/processed/gretil_devanagari/6_sastra/3_phil/buddh/bsa023_u.txt,gretil,sastra,1821,48,1629,primary,,1.000,1.000,1.000,1821.0
data/processed/gretil_devanagari/6_sastra/3_phil/buddh/bsa024_u.txt,gretil,sastra,2771,66,2518,primary,,1.000,1.000,1.000,2771.0
data/processed/gretil_devanagari/6_sastra/3_phil/buddh/bsa025_u.txt,gretil,sastra,18435,466,16736,primary,,1.000,1.000,1.000,18435.0
data/processed/gretil_devanagari/6_sastra/3_phil/buddh/bsa026_u.txt,gretil,sastra,24321,792,22081,primary,,1.000,1.000,1.000,24321.0
data/processed/gretil_devanagari/6_sastra/3_phil/buddh/bsa027_u.txt,gretil,sastra,37100,980,32833,primary,,1.000,1.000,1.000,37100.0
data/processed/gretil_devanagari/6_sastra/3_phil/buddh/bsa028_u.txt,gretil,sastra,1758,64,1539,primary,,1.000,1.000,1.000,1758.0
data/processed/gretil_devanagari/6_sastra/3_phil/buddh/bsa030_u.txt,gretil,sastra,77988,2579,70025,primary,,1.000,1.000,1.000,77988.0
data/processed/gretil_devanagari/6_sastra/3_phil/buddh/bsa031_u.txt,gretil,sastra,118029,1835,109234,primary,,1.000,1.000,1.000,118029.0
data/processed/gretil_devanagari/6_sastra/3_phil/buddh/bsa032_u.txt,gretil,sastra,290917,5221,263313,primary,,1.000,1.000,1.000,290917.0
data/processed/gretil_devanagari/6_sastra/3_phil/buddh/bsa033_u.txt,gretil,sastra,64298,1432,58823,primary,,1.000,1.000,1.000,64298.0
data/processed/gretil_devanagari/6_sastra/3_phil/buddh/bsa034_u.txt,gretil,sastra,415635,1616,379581,primary,,1.000,1.000,1.000,415635.0
data/processed/gretil_devanagari/6_sastra/3_phil/buddh/bsa035_u.txt,gretil,sastra,3944,42,3586,primary,,1.000,1.000,1.000,3944.0
data/processed/gretil_devanagari/6_sastra/3_phil/buddh/bsa036_u.txt,gretil,sastra,2825,65,2550,primary,,1.000,1.000,1.000,2825.0
data/processed/gretil_devanagari/6_sastra/3_phil/buddh/bsa037_u.txt,gretil,sastra,989,34,886,primary,,1.000,1.000,1.000,989.0
data/processed/gretil_devanagari/6_sastra/3_phil/buddh/bsa038_u.txt,gretil,sastra,5332,24,4895,primary,,1.000,1.000,1.000,5332.0
data/processed/gretil_devanagari/6_sastra/3_phil/buddh/bsa039_u.txt,gretil,sastra,2097,24,1901,primary,,1.000,1.000,1.000,2097.0
data/processed/gretil_devanagari/6_sastra/3_phil/buddh/bsa040_u.txt,gretil,sastra,7185,60,6571,primary,,1.000,1.000,1.000,7185.0
data/processed/gretil_devanagari/6_sastra/3_phil/buddh/bsa041_u.txt,gretil,sastra,1042,13,953,primary,,1.000,1.000,1.000,1042.0
data/processed/gretil_devanagari/6_sastra/3_phil/buddh/bsa042_u.txt,gretil,sastra,1383,15,1251,primary,,1.000,1.000,1.000,1383.0
data/processed/gretil_devanagari/6_sastra/3_phil/buddh/bsa043_u.txt,gretil,sastra,1152,40,1048,primary,,1.000,1.000,1.000,1152.0
data/processed/gretil_devanagari/6_sastra/3_phil/buddh/bsa044_u.txt,gretil,sastra,879,32,787,primary,,1.000,1.000,1.000,879.0
data/processed/gretil_devanagari/6_sastra/3_phil/buddh/bsa045_u.txt,gretil,sastra,4510,152,4039,primary,,1.000,1.000,1.000,4510.0
data/processed/gretil_devanagari/6_sastra/3_phil/buddh/bsa046_u.txt,gretil,sastra,817,31,743,primary,,1.000,1.000,1.000,817.0
data/processed/gretil_devanagari/6_sastra/3_phil/buddh/bsa047_u.txt,gretil,sastra,102192,520,92999,primary,,1.000,1.000,1.000,102192.0
data/processed/gretil_devanagari/6_sastra/3_phil/buddh/bsa048_u.txt,gretil,sastra,20053,534,18146,primary,,1.000,1.000,1.000,20053.0
data/processed/gretil_devanagari/6_sastra/3_phil/buddh/bsa050_u.txt,gretil,sastra,38962,759,35472,primary,,1.000,1.000,1.000,38962.0
data/processed/gretil_devanagari/6_sastra/3_phil/buddh/bsa052_u.txt,gretil,sastra,215030,7384,189738,primary,,1.000,1.000,1.000,215030.0
data/processed/gretil_devanagari/6_sastra/3_phil/buddh/bsa053_u.txt,gretil,sastra,47039,426,42943,primary,,1.000,1.000,1.000,47039.0
data/processed/gretil_devanagari/6_sastra/3_phil/buddh/bsa054_u.txt,gretil,sastra,517300,7144,465278,primary,,1.000,1.000,1.000,517300.0
data/processed/gretil_devanagari/6_sastra/3_phil/buddh/bsa0551u.txt,gretil,sastra,16015,90,14718,primary,,1.000,1.000,1.000,16015.0
data/processed/gretil_devanagari/6_sastra/3_phil/buddh/bsa0552u.txt,gretil,sastra,29339,105,26967,primary,,1.000,1.000,1.000,29339.0
data/processed/gretil_devanagari/6_sastra/3_phil/buddh/bsa0553u.txt,gretil,sastra,22162,101,20418,primary,,1.000,1.000,1.000,22162.0
data/processed/gretil_devanagari/6_sastra/3_phil/buddh/bsa0554u.txt,gretil,sastra,14272,43,13017,primary,,1.000,1.000,1.000,14272.0
data/processed/gretil_devanagari/6_sastra/3_phil/buddh/bsa0555u.txt,gretil,sastra,7645,34,7047,primary,,1.000,1.000,1.000,7645.0
data/processed/gretil_devanagari/6_sastra/3_phil/buddh/bsa0556u.txt,gretil,sastra,11226,74,10315,primary,,1.000,1.000,1.000,11226.0
data/processed/gretil_devanagari/6_sastra/3_phil/buddh/bsa057_u.txt,gretil,sastra,13992,225,12859,primary,,1.000,1.000,1.000,13992.0
data/processed/gretil_devanagari/6_sastra/3_phil/buddh/bsa058_u.txt,gretil,sastra,13512,239,12140,primary,,1.000,1.000,1.000,13512.0
data/processed/gretil_devanagari/6_sastra/3_phil/buddh/bsa059_u.txt,gretil,sastra,7473,40,6865,primary,,1.000,1.000,1.000,7473.0
data/processed/gretil_devanagari/6_sastra/3_phil/buddh/bsa060_u.txt,gretil,sastra,10040,216,8845,primary,,1.000,1.000,1.000,10040.0
data/processed/gretil_devanagari/6_sastra/3_phil/buddh/bsa061_u.txt,gretil,sastra,40412,518,36876,primary,,1.000,1.000,1.000,40412.0
data/processed/gretil_devanagari/6_sastra/3_phil/buddh/bsa062_u.txt,gretil,sastra,6112,149,5582,primary,,1.000,1.000,1.000,6112.0
data/processed/gretil_devanagari/6_sastra/3_phil/buddh/bsa063_u.txt,gretil,sastra,8125,124,7334,primary,,1.000,1.000,1.000,8125.0
data/processed/gretil_devanagari/6_sastra/3_phil/buddh/bsa064_u.txt,gretil,sastra,59587,779,54190,primary,,1.000,1.000,1.000,59587.0
data/processed/gretil_devanagari/6_sastra/3_phil/buddh/bsa065_u.txt,gretil,sastra,12189,219,11111,primary,,1.000,1.000,1.000,12189.0
data/processed/gretil_devanagari/6_sastra/3_phil/buddh/bsa066_u.txt,gretil,sastra,46929,152,42558,primary,,1.000,1.000,1.000,46929.0
data/processed/gretil_devanagari/6_sastra/3_phil/buddh/bsa067_u.txt,gretil,sastra,1536,38,1358,primary,,1.000,1.000,1.000,1536.0
data/processed/gretil_devanagari/6_sastra/3_phil/buddh/bsa068_u.txt,gretil,sastra,16596,36,14958,primary,,1.000,1.000,1.000,16596.0
data/processed/gretil_devanagari/6_sastra/3_phil/buddh/bsa069_u.txt,gretil,sastra,25998,248,23653,primary,,1.000,1.000,1.000,25998.0
data/processed/gretil_devanagari/6_sastra/3_phil/buddh/bsa070_u.txt,gretil,sastra,30501,388,27428,primary,,1.000,1.000,1.000,30501.0
data/processed/gretil_devanagari/6_sastra/3_phil/buddh/bsa071_u.txt,gretil,sastra,36146,204,32757,primary,,1.000,1.000,1.000,36146.0
data/processed/gretil_devanagari/6_sastra/3_phil/buddh/bsa072_u.txt,gretil,sastra,71870,698,65191,primary,,1.000,1.000,1.000,71870.0
data/processed/gretil_devanagari/6_sastra/3_phil/buddh/bsa073_u.txt,gretil,sastra,111936,1515,103561,primary,,1.000,1.000,1.000,111936.0
data/processed/gretil_devanagari/6_sastra/3_phil/buddh/bsa075_u.txt,gretil,sastra,273282,2400,250181,primary,,1.000,1.000,1.000,273282.0
data/processed/gretil_devanagari/6_sastra/3_phil/buddh/canprasu.txt,gretil,sastra,441453,6218,394115,primary,,1.000,1.000,1.000,441453.0
data/processed/gretil_devanagari/6_sastra/3_phil/buddh/dhkhetuu.txt,gretil,sastra,38259,790,33360,primary,,1.000,1.000,1.000,38259.0
data/processed/gretil_devanagari/6_sastra/3_phil/buddh/dhknyayu.txt,gretil,sastra,15258,249,13353,primary,,1.000,1.000,1.000,15258.0
data/processed/gretil_devanagari/6_sastra/3_phil/buddh/dhkprviu.txt,gretil,sastra,1483,19,1336,primary,,1.000,1.000,1.000,1483.0
data/processed/gretil_devanagari/6_sastra/3_phil/buddh/dhkprvku.txt,gretil,sastra,96436,2261,83841,primary,,1.000,1.000,1.000,96436.0
data/processed/gretil_devanagari/6_sastra/3_phil/buddh/dhkpvsvu.txt,gretil,sastra,227579,4547,197915,primary,,1.000,1.000,1.000,227579.0
data/processed/gretil_devanagari/6_sastra/3_phil/buddh/dhksparu.txt,gretil,sastra,3260,88,2868,primary,,1.000,1.000,1.000,3260.0
data/processed/gretil_devanagari/6_sastra/3_phil/buddh/dhkvadnu.txt,gretil,sastra,62749,1346,54845,primary,,1.000,1.000,1.000,62749.0
data/processed/gretil_devanagari/6_sastra/3_phil/buddh/dhnyabpu.txt,gretil,sastra,256256,2665,231893,primary,,1.000,1.000,1.000,256256.0
data/processed/gretil_devanagari/6_sastra/3_phil/buddh/hvsatssu.txt,gretil,sastra,791224,3653,712202,primary,,1.000,1.000,1.000,791224.0
data/processed/gretil_devanagari/6_sastra/3_phil/buddh/jithettu.txt,gretil,sastra,14838,225,13365,primary,,1.000,1.000,1.000,14838.0
data/processed/gretil_devanagari/6_sastra/3_phil/buddh/jithetuu.txt,gretil,sastra,14851,229,13450,primary,,1.000,1.000,1.000,14851.0
data/processed/gretil_devanagari/6_sastra/3_phil/buddh/ksmadhlu.txt,gretil,sastra,249433,1751,226598,primary,,1.000,1.000,1.000,249433.0
data/processed/gretil_devanagari/6_sastra/3_phil/buddh/nagast_u.txt,gretil,sastra,5032,178,4471,primary,,1.000,1.000,1.000,5032.0
data/processed/gretil_devanagari/6_sastra/3_phil/buddh/nagbhc_u.txt,gretil,sastra,783,30,698,primary,,1.000,1.000,1.000,783.0
data/processed/gretil_devanagari/6_sastra/3_phil/buddh/nagdhdbu.txt,gretil,sastra,2011,31,1794,primary,,1.000,1.000,1.000,2011.0
data/processed/gretil_devanagari/6_sastra/3_phil/buddh/naglok_u.txt,gretil,sastra,2403,84,2131,primary,,1.000,1.000,1.000,2403.0
data/processed/gretil_devanagari/6_sastra/3_phil/buddh/nagmmk_u.txt,gretil,sastra,36792,1339,32180,primary,,1.000,1.000,1.000,36792.0
data/processed/gretil_devanagari/6_sastra/3_phil/buddh/nagmyv_u.txt,gretil,sastra,2316,58,2078,primary,,1.000,1.000,1.000,2316.0
data/processed/gretil_devanagari/6_sastra/3_phil/buddh/nagpancu.txt,gretil,sastra,27225,688,24606,primary,,1.000,1.000,1.000,27225.0
data/processed/gretil_devanagari/6_sastra/3_phil/buddh/nagpindu.txt,gretil,sastra,20006,499,18118,primary,,1.000,1.000,1.000,20006.0
data/processed/gretil_devanagari/6_sastra/3_phil/buddh/nagsaliu.txt,gretil,sastra,77527,657,70114,primary,,1.000,1.000,1.000,77527.0
data/processed/gretil_devanagari/6_sastra/3_phil/buddh/nagvigvu.txt,gretil,sastra,35676,523,31755,primary,,1.000,1.000,1.000,35676.0
data/processed/gretil_devanagari/6_sastra/3_phil/buddh/nagvvy_u.txt,gretil,sastra,6647,214,5816,primary,,1.000,1.000,1.000,6647.0
data/processed/gretil_devanagari/6_sastra/3_phil/buddh/nagysk_u.txt,gretil,sastra,1038,35,934,primary,,1.000,1.000,1.000,1038.0
data/processed/gretil_devanagari/6_sastra/3_phil/buddh/nagyuksu.txt,gretil,sastra,5337,135,4836,primary,,1.000,1.000,1.000,5337.0
data/processed/gretil_devanagari/6_sastra/3_phil/buddh/narsekou.txt,gretil,sastra,14643,354,13272,primary,,1.000,1.000,1.000,14643.0
data/processed/gretil_devanagari/6_sastra/3_phil/buddh/nrat_1_u.txt,gretil,sastra,6455,308,5720,primary,,1.000,1.000,1.000,6455.0
data/processed/gretil_devanagari/6_sastra/3_phil/buddh/nrat_2_u.txt,gretil,sastra,3859,183,3408,primary,,1.000,1.000,1.000,3859.0
data/processed/gretil_devanagari/6_sastra/3_phil/buddh/nrat_4_u.txt,gretil,sastra,8577,398,7646,primary,,1.000,1.000,1.000,8577.0
data/processed/gretil_devanagari/6_sastra/3_phil/buddh/pramanvu.txt,gretil,sastra,120977,2922,110389,primary,,1.000,1.000,1.000,120977.0
data/processed/gretil_devanagari/6_sastra/3_phil/buddh/ratksanu.txt,gretil,sastra,21421,207,19581,primary,,1.000,1.000,1.000,21421.0
data/processed/gretil_devanagari/6_sastra/3_phil/buddh/rvadrahu.txt,gretil,sastra,101917,895,93053,primary,,1.000,1.000,1.000,101917.0
data/processed/gretil_devanagari/6_sastra/3_phil/buddh/sanss01u.txt,gretil,sastra,46558,2213,41937,primary,,1.000,1.000,1.000,46558.0
data/processed/gretil_devanagari/6_sastra/3_phil/buddh/sanss02u.txt,gretil,sastra,12091,579,10732,primary,,1.000,1.000,1.000,12091.0
data/processed/gretil_devanagari/6_sastra/3_phil/buddh/sanss03u.txt,gretil,sastra,16993,833,15033,primary,,1.000,1.000,1.000,16993.0
data/processed/gretil_devanagari/6_sastra/3_phil/buddh/sanss04u.txt,gretil,sastra,48370,2435,42651,primary,,1.000,1.000,1.000,48370.0
data/processed/gretil_devanagari/6_sastra/3_phil/buddh/sanss05u.txt,gretil,sastra,18511,881,16345,primary,,1.000,1.000,1.000,18511.0
data/processed/gretil_devanagari/6_sastra/3_phil/buddh/sanss06u.txt,gretil,sastra,28228,1406,24924,primary,,1.000,1.000,1.000,28228.0
data/processed/gretil_devanagari/6_sastra/3_phil/buddh/sanss07u.txt,gretil,sastra,19010,886,16860,primary,,1.000,1.000,1.000,19010.0
data/processed/gretil_devanagari/6_sastra/3_phil/buddh/sanss08u.txt,gretil,sastra,23543,968,20932,primary,,1.000,1.000,1.000,23543.0
data/processed/gretil_devanagari/6_sastra/3_phil/buddh/sanss09u.txt,gretil,sastra,11734,520,10497,primary,,1.000,1.000,1.000,11734.0
data/processed/gretil_devanagari/6_sastra/3_phil/buddh/sanss10u.txt,gretil,sastra,4612,183,4206,primary,,1.000,1.000,1.000,4612.0
data/processed/gretil_devanagari/6_sastra/3_phil/buddh/sanss11u.txt,gretil,sastra,11130,432,9874,primary,,1.000,1.000,1.000,11130.0
data/processed/gretil_devanagari/6_sastra/3_phil/buddh/sanss12u.txt,gretil,sastra,29101,1163,26001,primary,,1.000,1.000,1.000,29101.0
data/processed/gretil_devanagari/6_sastra/3_phil/buddh/sanss13u.txt,gretil,sastra,12168,579,10710,primary,,1.000,1.000,1.000,12168.0
data/processed/gretil_devanagari/6_sastra/3_phil/buddh/sanss14u.txt,gretil,sastra,28611,1361,25006,primary,,1.000,1.000,1.000,28611.0
data/processed/gretil_devanagari/6_sastra/3_phil/buddh/sanss15u.txt,gretil,sastra,6915,344,6110,primary,,1.000,1.000,1.000,6915.0
data/processed/gretil_devanagari/6_sastra/3_phil/buddh/sanss16u.txt,gretil,sastra,24138,1006,21919,primary,,1.000,1.000,1.000,24138.0
data/processed/gretil_devanagari/6_sastra/3_phil/buddh/sanss17u.txt,gretil,sastra,17130,585,15215,primary,,1.000,1.000,1.000,17130.0
data/processed/gretil_devanagari/6_sastra/3_phil/buddh/sanss18u.txt,gretil,sastra,29832,862,26309,primary,,1.000,1.000,1.000,29832.0
data/processed/gretil_devanagari/6_sastra/3_phil/buddh/sanss19u.txt,gretil,sastra,17465,617,15511,primary,,1.000,1.000,1.000,17465.0
data/processed/gretil_devanagari/6_sastra/3_phil/buddh/sanssr_au.txt,gretil,sastra,424958,3709,361546,primary,,1.000,1.000,1.000,424958.0
data/processed/gretil_devanagari/6_sastra/3_phil/buddh/sanssr_pu.txt,gretil,sastra,400095,3711,361082,primary,,1.000,1.000,1.000,400095.0
data/processed/gretil_devanagari/6_sastra/3_phil/buddh/santbcau.txt,gretil,sastra,78526,2761,69559,primary,,1.000,1.000,1.000,78526.0
data/processed/gretil_devanagari/6_sastra/3_phil/buddh/santbciu.txt,gretil,sastra,76848,3650,68457,primary,,1.000,1.000,1.000,76848.0
data/processed/gretil_devanagari/6_sastra/3_phil/buddh/santbcpu.txt,gretil,sastra,79415,2757,70454,primary,,1.000,1.000,1.000,79415.0
data/processed/gretil_devanagari/6_sastra/3_phil/buddh/santts_u.txt,gretil,sastra,176,36,136,primary,,1.000,1.000,1.000,176.0
data/processed/gretil_devanagari/6_sastra/3_phil/buddh/sbpramvu.txt,gretil,sastra,85172,364,77121,primary,,1.000,1.000,1.000,85172.0
data/processed/gretil_devanagari/6_sastra/3_phil/buddh/sthtvbhu.txt,gretil,sastra,54176,680,49570,primary,,1.000,1.000,1.000,54176.0
data/processed/gretil_devanagari/6_sastra/3_phil/buddh/sunytjsu.txt,gretil,sastra,6827,154,6252,primary,,1.000,1.000,1.000,6827.0
data/processed/gretil_devanagari/6_sastra/3_phil/buddh/tarkrplu.txt,gretil,sastra,12324,410,11230,primary,,1.000,1.000,1.000,12324.0
data/processed/gretil_devanagari/6_sastra/3_phil/buddh/tarkrsau.txt,gretil,sastra,106446,3913,94247,primary,,1.000,1.000,1.000,106446.0
data/processed/gretil_devanagari/6_sastra/3_phil/buddh/vabhdicu.txt,gretil,sastra,315807,4992,288207,primary,,1.000,1.000,1.000,315807.0
data/processed/gretil_devanagari/6_sastra/3_phil/buddh/vabhdiku.txt,gretil,sastra,50445,1182,46330,primary,,1.000,1.000,1.000,50445.0
data/processed/gretil_devanagari/6_sastra/3_phil/buddh/vabhdilu.txt,gretil,sastra,33426,830,30570,primary,,1.000,1.000,1.000,33426.0
data/processed/gretil_devanagari/6_sastra/3_phil/buddh/vakobhau.txt,gretil,sastra,690567,29145,614820,primary,,1.000,1.000,1.000,690567.0
data/processed/gretil_devanagari/6_sastra/3_phil/buddh/vakobhku.txt,gretil,sastra,51743,1262,47120,primary,,1.000,1.000,1.000,51743.0
data/processed/gretil_devanagari/6_sastra/3_phil/buddh/vasbocpu.txt,gretil,sastra,53973,262,49346,primary,,1.000,1.000,1.000,53973.0
data/processed/gretil_devanagari/6_sastra/3_phil/buddh/vasvvmsu.txt,gretil,sastra,12174,171,10884,primary,,1.000,1.000,1.000,12174.0
data/processed/gretil_devanagari/6_sastra/3_phil/buddh/vmvkbh_u.txt,gretil,sastra,50966,787,46669,primary,,1.000,1.000,1.000,50966.0
data/processed/gretil_devanagari/6_sastra/3_phil/buddh/yabhkvyu.txt,gretil,sastra,1217966,6559,1108386,primary,,1.000,1.000,1.000,1217966.0
data/processed/gretil_devanagari/6_sastra/3_phil/jaytupau.txt,gretil,sastra,82501,735,75598,primary,,1.000,1.000,1.000,82501.0
data/processed/gretil_devanagari/6_sastra/3_phil/jaytuppu.txt,gretil,sastra,82436,727,75545,primary,,1.000,1.000,1.000,82436.0
data/processed/gretil_devanagari/6_sastra/3_phil/mimamsa/dhebta_u.txt,gretil,sastra,278399,1848,254318,primary,,1.000,1.000,1.000,278399.0
data/processed/gretil_devanagari/6_sastra/3_phil/mimamsa/durdhpru.txt,gretil,sastra,538462,5137,489296,primary,,1.000,1.000,1.000,538462.0
data/processed/gretil_devanagari/6_sastra/3_phil/mimamsa/jaimsutu.txt,gretil,sastra,100928,5442,90413,primary,,1.000,1.000,1.000,100928.0
data/processed/gretil_devanagari/6_sastra/3_phil/mimamsa/jsbh1-1u.txt,gretil,sastra,33905,218,31672,primary,,1.000,1.000,1.000,33905.0
data/processed/gretil_devanagari/6_sastra/3_phil/mimamsa/jsbh1-2u.txt,gretil,sastra,135058,1069,126025,primary,,1.000,1.000,1.000,135058.0
data/processed/gretil_devanagari/6_sastra/3_phil/mimamsa/jsbh1-3u.txt,gretil,sastra,111748,994,103950,primary,,1.000,1.000,1.000,111748.0
data/processed/gretil_devanagari/6_sastra/3_phil/mimamsa/jsbh1-4u.txt,gretil,sastra,219104,1628,204629,primary,,1.000,1.000,1.000,219104.0
data/processed/gretil_devanagari/6_sastra/3_phil/mimamsa/jsbh2-1u.txt,gretil,sastra,94533,811,88053,primary,,1.000,1.000,1.000,94533.0
data/processed/gretil_devanagari/6_sastra/3_phil/mimamsa/jsbh2-2u.txt,gretil,sastra,134769,1058,126123,primary,,1.000,1.000,1.000,134769.0
data/processed/gretil_devanagari/6_sastra/3_phil/mimamsa/jsbh2-3u.txt,gretil,sastra,85540,775,80125,primary,,1.000,1.000,1.000,85540.0
data/processed/gretil_devanagari/6_sastra/3_phil/mimamsa/jsbh2-4u.txt,gretil,sastra,15150,137,14187,primary,,1.000,1.000,1.000,15150.0
data/processed/gretil_devanagari/6_sastra/3_phil/mimamsa/jsbh3-1u.txt,gretil,sastra,105904,889,99193,primary,,1.000,1.000,1.000,105904.0
data/processed/gretil_devanagari/6_sastra/3_phil/mimamsa/jsbh3-2u.txt,gretil,sastra,122166,894,114315,primary,,1.000,1.000,1.000,122166.0
data/processed/gretil_devanagari/6_sastra/3_phil/mimamsa/jsbh3-3u.txt,gretil,sastra,120408,1019,112234,primary,,1.000,1.000,1.000,120408.0
data/processed/gretil_devanagari/6_sastra/3_phil/mimamsa/ktv_2-1u.txt,gretil,sastra,31999,705,29080,primary,,1.000,1.000,1.000,31999.0
data/processed/gretil_devanagari/6_sastra/3_phil/mimamsa/mimslovu.txt,gretil,sastra,316625,6009,287677,primary,,1.000,1.000,1.000,316625.0
data/processed/gretil_devanagari/6_sastra/3_phil/mimamsa/mimsvtku.txt,gretil,sastra,916094,5057,832457,primary,,1.000,1.000,1.000,916094.0
data/processed/gretil_devanagari/6_sastra/3_phil/mimamsa/mjnya01u.txt,gretil,sastra,88530,1958,80618,primary,,1.000,1.000,1.000,88530.0
data/processed/gretil_devanagari/6_sastra/3_phil/mimamsa/mjnya02u.txt,gretil,sastra,70864,1568,64489,primary,,1.000,1.000,1.000,70864.0
data/processed/gretil_devanagari/6_sastra/3_phil/mimamsa/mjnya03u.txt,gretil,sastra,149656,3663,136082,primary,,1.000,1.000,1.000,149656.0
data/processed/gretil_devanagari/6_sastra/3_phil/mimamsa/mjnya04u.txt,gretil,sastra,62273,1474,56646,primary,,1.000,1.000,1.000,62273.0
data/processed/gretil_devanagari/6_sastra/3_phil/mimamsa/msbh1-7u.txt,gretil,sastra,888325,9328,796653,primary,,1.000,1.000,1.000,888325.0
data/processed/gretil_devanagari/6_sastra/3_phil/mimamsa/prakp01u.txt,gretil,sastra,16425,252,15233,primary,,1.000,1.000,1.000,16425.0
data/processed/gretil_devanagari/6_sastra/3_phil/mimamsa/prakp02u.txt,gretil,sastra,4436,115,4021,primary,,1.000,1.000,1.000,4436.0
data/processed/gretil_devanagari/6_sastra/3_phil/mimamsa/prakp03u.txt,gretil,sastra,6469,167,5861,primary,,1.000,1.000,1.000,6469.0
data/processed/gretil_devanagari/6_sastra/3_phil/mimamsa/prakp04u.txt,gretil,sastra,21201,314,19327,primary,,1.000,1.000,1.000,21201.0
data/processed/gretil_devanagari/6_sastra/3_phil/mimamsa/prakp05u.txt,gretil,sastra,6676,173,6053,primary,,1.000,1.000,1.000,6676.0
data/processed/gretil_devanagari/6_sastra/3_phil/mimamsa/prakp06u.txt,gretil,sastra,37634,620,34497,primary,,1.000,1.000,1.000,37634.0
data/processed/gretil_devanagari/6_sastra/3_phil/mimamsa/prakp07u.txt,gretil,sastra,10664,176,9804,primary,,1.000,1.000,1.000,10664.0
data/processed/gretil_devanagari/6_sastra/3_phil/mimamsa/prakp08u.txt,gretil,sastra,27638,491,25241,primary,,1.000,1.000,1.000,27638.0
data/processed/gretil_devanagari/6_sastra/3_phil/mimamsa/prakp09u.txt,gretil,sastra,13042,196,11995,primary,,1.000,1.000,1.000,13042.0
data/processed/gretil_devanagari/6_sastra/3_phil/mimamsa/prakp10u.txt,gretil,sastra,13008,195,11876,primary,,1.000,1.000,1.000,13008.0
data/processed/gretil_devanagari/6_sastra/3_phil/mimamsa/prakp11u.txt,gretil,sastra,78214,1235,71755,primary,,1.000,1.000,1.000,78214.0
data/processed/gretil_devanagari/6_sastra/3_phil/mimamsa/prakp12u.txt,gretil,sastra,6334,110,5762,primary,,1.000,1.000,1.000,6334.0
data/processed/gretil_devanagari/6_sastra/3_phil/mimamsa/prakp13u.txt,gretil,sastra,33998,471,31336,primary,,1.000,1.000,1.000,33998.0
data/processed/gretil_devanagari/6_sastra/3_phil/mimamsa/prakp14u.txt,gretil,sastra,6322,171,5750,primary,,1.000,1.000,1.000,6322.0
data/processed/gretil_devanagari/6_sastra/3_phil/mimamsa/sabbha1u.txt,gretil,sastra,29813,205,26593,primary,,1.000,1.000,1.000,29813.0
data/processed/gretil_devanagari/6_sastra/3_phil/mimamsa/sastrdiu.txt,gretil,sastra,190833,2968,174387,primary,,1.000,1.000,1.000,190833.0
data/processed/gretil_devanagari/6_sastra/3_phil/nyaya/antarkau.txt,gretil,sastra,12071,93,10735,primary,,1.000,1.000,1.000,12071.0
data/processed/gretil_devanagari/6_sastra/3_phil/nyaya/antarkpu.txt,gretil,sastra,11648,87,10682,primary,,1.000,1.000,1.000,11648.0
data/processed/gretil_devanagari/6_sastra/3_phil/nyaya/antarkxu.txt,gretil,sastra,12251,85,10707,primary,,1.000,1.000,1.000,12251.0
data/processed/gretil_devanagari/6_sastra/3_phil/nyaya/antsdi_u.txt,gretil,sastra,959343,23985,886464,primary,,1.000,1.000,1.000,959343.0
data/processed/gretil_devanagari/6_sastra/3_phil/nyaya/gangtciu.txt,gretil,sastra,185501,1674,170220,primary,,1.000,1.000,1.000,185501.0
data/processed/gretil_devanagari/6_sastra/3_phil/nyaya/gaunys_u.txt,gretil,sastra,30267,1278,27606,primary,,1.000,1.000,1.000,30267.0
data/processed/gretil_devanagari/6_sastra/3_phil/nyaya/nvtp1_1u.txt,gretil,sastra,440783,8253,400955,primary,,1.000,1.000,1.000,440783.0
data/processed/gretil_devanagari/6_sastra/3_phil/nyaya/nvtp1_2u.txt,gretil,sastra,39227,678,35919,primary,,1.000,1.000,1.000,39227.0
data/processed/gretil_devanagari/6_sastra/3_phil/nyaya/nystik_u.txt,gretil,sastra,968604,18599,882697,primary,,1.000,1.000,1.000,968604.0
data/processed/gretil_devanagari/6_sastra/3_phil/nyaya/nysu51au.txt,gretil,sastra,19968,144,18072,primary,,1.000,1.000,1.000,19968.0
data/processed/gretil_devanagari/6_sastra/3_phil/nyaya/nysu51pu.txt,gretil,sastra,19699,157,18147,primary,,1.000,1.000,1.000,19699.0
data/processed/gretil_devanagari/6_sastra/3_phil/nyaya/nysu51xu.txt,gretil,sastra,20576,157,18193,primary,,1.000,1.000,1.000,20576.0
data/processed/gretil_devanagari/6_sastra/3_phil/nyaya/nysvbh1u.txt,gretil,sastra,277135,3982,252394,primary,,1.000,1.000,1.000,277135.0
data/processed/gretil_devanagari/6_sastra/3_phil/nyaya/nysvbh_u.txt,gretil,sastra,274601,6430,250128,primary,,1.000,1.000,1.000,274601.0
data/processed/gretil_devanagari/6_sastra/3_phil/nyaya/snyayvau.txt,gretil,sastra,152152,314,136674,primary,,1.000,1.000,1.000,152152.0
data/processed/gretil_devanagari/6_sastra/3_phil/nyaya/snyayvpu.txt,gretil,sastra,144075,314,133546,primary,,1.000,1.000,1.000,144075.0
data/processed/gretil_devanagari/6_sastra/3_phil/nyaya/udnyku1u.txt,gretil,sastra,33236,494,30290,primary,,1.000,1.000,1.000,33236.0
data/processed/gretil_devanagari/6_sastra/3_phil/nyaya/udnyku2u.txt,gretil,sastra,42513,566,39080,primary,,1.000,1.000,1.000,42513.0
data/processed/gretil_devanagari/6_sastra/3_phil/nyaya/udnyku3u.txt,gretil,sastra,48628,714,44498,primary,,1.000,1.000,1.000,48628.0
data/processed/gretil_devanagari/6_sastra/3_phil/nyaya/udnyku4u.txt,gretil,sastra,14781,231,13579,primary,,1.000,1.000,1.000,14781.0
data/processed/gretil_devanagari/6_sastra/3_phil/nyaya/udnyku5u.txt,gretil,sastra,56931,851,52114,primary,,1.000,1.000,1.000,56931.0
data/processed/gretil_devanagari/6_sastra/3_phil/nyaya/vnyps00u.txt,gretil,sastra,14376,132,13300,primary,,1.000,1.000,1.000,14376.0
data/processed/gretil_devanagari/6_sastra/3_phil/nyaya/vnyps11u.txt,gretil,sastra,17999,319,16576,primary,,1.000,1.000,1.000,17999.0
data/processed/gretil_devanagari/6_sastra/3_phil/nyaya/vnyps12u.txt,gretil,sastra,17438,238,16138,primary,,1.000,1.000,1.000,17438.0
data/processed/gretil_devanagari/6_sastra/3_phil/nyaya/vnyps31u.txt,gretil,sastra,24323,325,22388,primary,,1.000,1.000,1.000,24323.0
data/processed/gretil_devanagari/6_sastra/3_phil/nyaya/vnyps32u.txt,gretil,sastra,42956,445,39630,primary,,1.000,1.000,1.000,42956.0
data/processed/gretil_devanagari/6_sastra/3_phil/nyaya/vnyps41u.txt,gretil,sastra,5694,59,5270,primary,,1.000,1.000,1.000,5694.0
data/processed/gretil_devanagari/6_sastra/3_phil/nyaya/vnyps42u.txt,gretil,sastra,12863,171,11852,primary,,1.000,1.000,1.000,12863.0
data/processed/gretil_devanagari/6_sastra/3_phil/nyaya/vnyps51u.txt,gretil,sastra,16653,171,15357,primary,,1.000,1.000,1.000,16653.0
data/processed/gretil_devanagari/6_sastra/3_phil/nyaya/vnyps52u.txt,gretil,sastra,9116,120,8437,primary,,1.000,1.000,1.000,9116.0
data/processed/gretil_devanagari/6_sastra/3_phil/nyaya/vytrkt1u.txt,gretil,sastra,607767,8429,554889,primary,,1.000,1.000,1.000,607767.0
data/processed/gretil_devanagari/6_sastra/3_phil/nyaya/vytrkt2u.txt,gretil,sastra,370388,5039,336291,primary,,1.000,1.000,1.000,370388.0
data/processed/gretil_devanagari/6_sastra/3_phil/nyaya/vytrkt3u.txt,gretil,sastra,392779,5025,357990,primary,,1.000,1.000,1.000,392779.0
data/processed/gretil_devanagari/6_sastra/3_phil/saiva/abhiprvu.txt,gretil,sastra,250331,1900,225453,primary,,1.000,1.000,1.000,250331.0
data/processed/gretil_devanagari/6_sastra/3_phil/saiva/abhmal1u.txt,gretil,sastra,89967,3027,80749,primary,,1.000,1.000,1.000,89967.0
data/processed/gretil_devanagari/6_sastra/3_phil/saiva/abhmal2u.txt,gretil,sastra,28992,1041,25987,primary,,1.000,1.000,1.000,28992.0
data/processed/gretil_devanagari/6_sastra/3_phil/saiva/abhtantu.txt,gretil,sastra,87166,846,79012,primary,,1.000,1.000,1.000,87166.0
data/processed/gretil_devanagari/6_sastra/3_phil/saiva/adyappau.txt,gretil,sastra,4383,163,3927,primary,,1.000,1.000,1.000,4383.0
data/processed/gretil_devanagari/6_sastra/3_phil/saiva/adyappiu.txt,gretil,sastra,4149,204,3734,primary,,1.000,1.000,1.000,4149.0
data/processed/gretil_devanagari/6_sastra/3_phil/saiva/adyapppu.txt,gretil,sastra,4407,159,3962,primary,,1.000,1.000,1.000,4407.0
data/processed/gretil_devanagari/6_sastra/3_phil/saiva/anuttaru.txt,gretil,sastra,1567,45,1390,primary,,1.000,1.000,1.000,1567.0
data/processed/gretil_devanagari/6_sastra/3_phil/saiva/aparmyou.txt,gretil,sastra,111049,951,101521,primary,,1.000,1.000,1.000,111049.0
data/processed/gretil_devanagari/6_sastra/3_phil/saiva/bhairstu.txt,gretil,sastra,1049,35,950,primary,,1.000,1.000,1.000,1049.0
data/processed/gretil_devanagari/6_sastra/3_phil/saiva/bhutisbs_u.txt,gretil,sastra,2870,98,2620,primary,,1.000,1.000,1.000,2870.0
data/processed/gretil_devanagari/6_sastra/3_phil/saiva/bodhpanu.txt,gretil,sastra,1302,49,1161,primary,,1.000,1.000,1.000,1302.0
data/processed/gretil_devanagari/6_sastra/3_phil/saiva/kramstou.txt,gretil,sastra,4643,151,4173,primary,,1.000,1.000,1.000,4643.0
data/processed/gretil_devanagari/6_sastra/3_phil/saiva/ksembodhv_u.txt,gretil,sastra,3526,129,3197,primary,,1.000,1.000,1.000,3526.0
data/processed/gretil_devanagari/6_sastra/3_phil/saiva/paratriu.txt,gretil,sastra,3106,114,2772,primary,,1.000,1.000,1.000,3106.0
data/processed/gretil_devanagari/6_sastra/3_phil/saiva/parmartu.txt,gretil,sastra,9385,315,8412,primary,,1.000,1.000,1.000,9385.0
data/processed/gretil_devanagari/6_sastra/3_phil/saiva/partr_au.txt,gretil,sastra,2905,77,2614,primary,,1.000,1.000,1.000,2905.0
data/processed/gretil_devanagari/6_sastra/3_phil/saiva/partr_iu.txt,gretil,sastra,2836,138,2545,primary,,1.000,1.000,1.000,2836.0
data/processed/gretil_devanagari/6_sastra/3_phil/saiva/partr_pu.txt,gretil,sastra,2918,73,2633,primary,,1.000,1.000,1.000,2918.0
data/processed/gretil_devanagari/6_sastra/3_phil/saiva/partrvau.txt,gretil,sastra,131337,1628,119886,primary,,1.000,1.000,1.000,131337.0
data/processed/gretil_devanagari/6_sastra/3_phil/saiva/partrvpu.txt,gretil,sastra,131145,1628,119722,primary,,1.000,1.000,1.000,131145.0
data/processed/gretil_devanagari/6_sastra/3_phil/saiva/parypanu.txt,gretil,sastra,4520,167,4123,primary,,1.000,1.000,1.000,4520.0
data/processed/gretil_devanagari/6_sastra/3_phil/saiva/pratyabu.txt,gretil,sastra,28220,802,25580,primary,,1.000,1.000,1.000,28220.0
data/processed/gretil_devanagari/6_sastra/3_phil/saiva/spandkau.txt,gretil,sastra,4544,168,4067,primary,,1.000,1.000,1.000,4544.0
data/processed/gretil_devanagari/6_sastra/3_phil/saiva/tantralu.txt,gretil,sastra,501532,11812,454085,primary,,1.000,1.000,1.000,501532.0
data/processed/gretil_devanagari/6_sastra/3_phil/saiva/timudghu.txt,gretil,sastra,26020,834,22994,primary,,1.000,1.000,1.000,26020.0
data/processed/gretil_devanagari/6_sastra/3_phil/saiva/utipk_au.txt,gretil,sastra,45293,989,41335,primary,,1.000,1.000,1.000,45293.0
data/processed/gretil_devanagari/6_sastra/3_phil/saiva/utipk_iu.txt,gretil,sastra,15837,758,14377,primary,,1.000,1.000,1.000,15837.0
data/processed/gretil_devanagari/6_sastra/3_phil/saiva/utipk_pu.txt,gretil,sastra,45482,985,41541,primary,,1.000,1.000,1.000,45482.0
data/processed/gretil_devanagari/6_sastra/3_phil/saiva/vamjanmu.txt,gretil,sastra,18707,318,16951,primary,,1.000,1.000,1.000,18707.0
data/processed/gretil_devanagari/6_sastra/3_phil/saiva/vamsbum_u.txt,gretil,sastra,3744,133,3361,primary,,1.000,1.000,1.000,3744.0
data/processed/gretil_devanagari/6_sastra/3_phil/saiva/vasspacu.txt,gretil,sastra,67012,840,61500,primary,,1.000,1.000,1.000,67012.0
data/processed/gretil_devanagari/6_sastra/3_phil/saiva/vatnsuau.txt,gretil,sastra,14117,124,12536,primary,,1.000,1.000,1.000,14117.0
data/processed/gretil_devanagari/6_sastra/3_phil/saiva/vatnsupu.txt,gretil,sastra,13254,120,12435,primary,,1.000,1.000,1.000,13254.0
data/processed/gretil_devanagari/6_sastra/3_phil/saiva/vatnsuxu.txt,gretil,sastra,14556,127,12790,primary,,1.000,1.000,1.000,14556.0
data/processed/gretil_devanagari/6_sastra/3_phil/saiva/vijnbhau.txt,gretil,sastra,13956,505,12417,primary,,1.000,1.000,1.000,13956.0
data/processed/gretil_devanagari/6_sastra/3_phil/samkhya/bhgank_u.txt,gretil,sastra,40208,663,36898,primary,,1.000,1.000,1.000,40208.0
data/processed/gretil_devanagari/6_sastra/3_phil/samkhya/iskamatu.txt,gretil,sastra,103468,653,93551,primary,,1.000,1.000,1.000,103468.0
data/processed/gretil_devanagari/6_sastra/3_phil/samkhya/iskar_u.txt,gretil,sastra,6721,215,6122,primary,,1.000,1.000,1.000,6721.0
data/processed/gretil_devanagari/6_sastra/3_phil/samkhya/iskgaudu.txt,gretil,sastra,66169,455,60112,primary,,1.000,1.000,1.000,66169.0
data/processed/gretil_devanagari/6_sastra/3_phil/samkhya/isvskaru.txt,gretil,sastra,12510,896,10797,primary,,1.000,1.000,1.000,12510.0
data/processed/gretil_devanagari/6_sastra/3_phil/samkhya/jaymangu.txt,gretil,sastra,75259,841,68376,primary,,1.000,1.000,1.000,75259.0
data/processed/gretil_devanagari/6_sastra/3_phil/samkhya/kavsttvu.txt,gretil,sastra,25419,300,23090,primary,,1.000,1.000,1.000,25419.0
data/processed/gretil_devanagari/6_sastra/3_phil/samkhya/kestprau.txt,gretil,sastra,8422,92,7716,primary,,1.000,1.000,1.000,8422.0
data/processed/gretil_devanagari/6_sastra/3_phil/samkhya/samkhsuu.txt,gretil,sastra,18870,1117,16959,primary,,1.000,1.000,1.000,18870.0
data/processed/gretil_devanagari/6_sastra/3_phil/samkhya/sparibhu.txt,gretil,sastra,21721,460,19357,primary,,1.000,1.000,1.000,21721.0
data/processed/gretil_devanagari/6_sastra/3_phil/samkhya/tatsuvru.txt,gretil,sastra,21314,503,19476,primary,,1.000,1.000,1.000,21314.0
data/processed/gretil_devanagari/6_sastra/3_phil/samkhya/tattvmiu.txt,gretil,sastra,16353,29,14849,primary,,1.000,1.000,1.000,16353.0
data/processed/gretil_devanagari/6_sastra/3_phil/samkhya/tsc_bhau.txt,gretil,sastra,36518,763,33407,primary,,1.000,1.000,1.000,36518.0
data/processed/gretil_devanagari/6_sastra/3_phil/samkhya/tsc_simu.txt,gretil,sastra,41014,762,37443,primary,,1.000,1.000,1.000,41014.0
data/processed/gretil_devanagari/6_sastra/3_phil/samkhya/tsc_vivu.txt,gretil,sastra,10595,295,9636,primary,,1.000,1.000,1.000,10595.0
data/processed/gretil_devanagari/6_sastra/3_phil/samkhya/ttssarvu.txt,gretil,sastra,10001,169,9166,primary,,1.000,1.000,1.000,10001.0
data/processed/gretil_devanagari/6_sastra/3_phil/samkhya/tttvsamu.txt,gretil,sastra,1659,100,1485,primary,,1.000,1.000,1.000,1659.0
data/processed/gretil_devanagari/6_sastra/3_phil/samkhya/vijsamsu.txt,gretil,sastra,42247,747,38630,primary,,1.000,1.000,1.000,42247.0
data/processed/gretil_devanagari/6_sastra/3_phil/samkhya/yuktdipu.txt,gretil,sastra,328452,1848,301201,primary,,1.000,1.000,1.000,328452.0
data/processed/gretil_devanagari/6_sastra/3_phil/sarvmtsu.txt,gretil,sastra,44148,781,40816,primary,,1.000,1.000,1.000,44148.0
data/processed/gretil_devanagari/6_sastra/3_phil/sbhami_u.txt,gretil,sastra,10006,348,9112,primary,,1.000,1.000,1.000,10006.0
data/processed/gretil_devanagari/6_sastra/3_phil/vaisesik/paddhs_u.txt,gretil,sastra,65175,702,61448,primary,,1.000,1.000,1.000,65175.0
data/processed/gretil_devanagari/6_sastra/3_phil/vaisesik/vaisessu.txt,gretil,sastra,12918,725,11558,primary,,1.000,1.000,1.000,12918.0
data/processed/gretil_devanagari/6_sastra/3_phil/vaisesik/vaissu1u.txt,gretil,sastra,12909,394,11894,primary,,1.000,1.000,1.000,12909.0
data/processed/gretil_devanagari/6_sastra/3_phil/vaisesik/vvmanmhu.txt,gretil,sastra,66709,1180,61435,primary,,1.000,1.000,1.000,66709.0
data/processed/gretil_devanagari/6_sastra/3_phil/vedanta/bbdip11u.txt,gretil,sastra,254679,1736,231629,primary,,1.000,1.000,1.000,254679.0
data/processed/gretil_devanagari/6_sastra/3_phil/vedanta/bbdip12u.txt,gretil,sastra,124688,716,113832,primary,,1.000,1.000,1.000,124688.0
data/processed/gretil_devanagari/6_sastra/3_phil/vedanta/bbdip13u.txt,gretil,sastra,189357,985,172710,primary,,1.000,1.000,1.000,189357.0
data/processed/gretil_devanagari/6_sastra/3_phil/vedanta/bhbhg_cu.txt,gretil,sastra,234327,8603,209847,primary,,1.000,1.000,1.000,234327.0
data/processed/gretil_devanagari/6_sastra/3_phil/vedanta/bhgsbh_u.txt,gretil,sastra,348537,4433,305999,primary,,1.000,1.000,1.000,348537.0
data/processed/gretil_devanagari/6_sastra/3_phil/vedanta/brahms2u.txt,gretil,sastra,15240,570,13964,primary,,1.000,1.000,1.000,15240.0
data/processed/gretil_devanagari/6_sastra/3_phil/vedanta/brahmsuu.txt,gretil,sastra,15144,559,13892,primary,,1.000,1.000,1.000,15144.0
data/processed/gretil_devanagari/6_sastra/3_phil/vedanta/brsgor1u.txt,gretil,sastra,343281,5393,314355,primary,,1.000,1.000,1.000,343281.0
data/processed/gretil_devanagari/6_sastra/3_phil/vedanta/brsgor2u.txt,gretil,sastra,234698,5239,215463,primary,,1.000,1.000,1.000,234698.0
data/processed/gretil_devanagari/6_sastra/3_phil/vedanta/brsgor3u.txt,gretil,sastra,190407,3055,174678,primary,,1.000,1.000,1.000,190407.0
data/processed/gretil_devanagari/6_sastra/3_phil/vedanta/brsgor4u.txt,gretil,sastra,58185,1068,53361,primary,,1.000,1.000,1.000,58185.0
data/processed/gretil_devanagari/6_sastra/3_phil/vedanta/brssbh1u.txt,gretil,sastra,284937,5139,259309,primary,,1.000,1.000,1.000,284937.0
data/processed/gretil_devanagari/6_sastra/3_phil/vedanta/brssbh2u.txt,gretil,sastra,232759,4381,212751,primary,,1.000,1.000,1.000,232759.0
data/processed/gretil_devanagari/6_sastra/3_phil/vedanta/brssbh3u.txt,gretil,sastra,208710,3952,190402,primary,,1.000,1.000,1.000,208710.0
data/processed/gretil_devanagari/6_sastra/3_phil/vedanta/brssbh4u.txt,gretil,sastra,84225,1572,74555,primary,,1.000,1.000,1.000,84225.0
data/processed/gretil_devanagari/6_sastra/3_phil/vedanta/brssgo1u.txt,gretil,sastra,624255,10100,570284,primary,,1.000,1.000,1.000,624255.0
data/processed/gretil_devanagari/6_sastra/3_phil/vedanta/brssgo2u.txt,gretil,sastra,462633,7659,424282,primary,,1.000,1.000,1.000,462633.0
data/processed/gretil_devanagari/6_sastra/3_phil/vedanta/brssgo3u.txt,gretil,sastra,393122,6264,360090,primary,,1.000,1.000,1.000,393122.0
data/processed/gretil_devanagari/6_sastra/3_phil/vedanta/brssgo4u.txt,gretil,sastra,139923,2340,125849,primary,,1.000,1.000,1.000,139923.0
data/processed/gretil_devanagari/6_sastra/3_phil/vedanta/brsvbh1u.txt,gretil,sastra,413444,6498,377872,primary,,1.000,1.000,1.000,413444.0
data/processed/gretil_devanagari/6_sastra/3_phil/vedanta/brsvbh2u.txt,gretil,sastra,212076,3605,193953,primary,,1.000,1.000,1.000,212076.0
data/processed/gretil_devanagari/6_sastra/3_phil/vedanta/brsvbh3u.txt,gretil,sastra,205398,3466,188263,primary,,1.000,1.000,1.000,205398.0
data/processed/gretil_devanagari/6_sastra/3_phil/vedanta/brsvbh4u.txt,gretil,sastra,73374,1227,67243,primary,,1.000,1.000,1.000,73374.0
data/processed/gretil_devanagari/6_sastra/3_phil/vedanta/gaukarau.txt,gretil,sastra,18021,461,15533,primary,,1.000,1.000,1.000,18021.0
data/processed/gretil_devanagari/6_sastra/3_phil/vedanta/gaukarpu.txt,gretil,sastra,17633,454,15641,primary,,1.000,1.000,1.000,17633.0
data/processed/gretil_devanagari/6_sastra/3_phil/vedanta/gaukarsu.txt,gretil,sastra,17506,860,15390,primary,,1.000,1.000,1.000,17506.0
data/processed/gretil_devanagari/6_sastra/3_phil/vedanta/m_mbhtnu.txt,gretil,sastra,547134,11037,489627,primary,,1.000,1.000,1.000,547134.0
data/processed/gretil_devanagari/6_sastra/3_phil/vedanta/madhanuu.txt,gretil,sastra,162021,3874,146324,primary,,1.000,1.000,1.000,162021.0
data/processed/gretil_devanagari/6_sastra/3_phil/vedanta/madhsiddhb_u.txt,gretil,sastra,50903,296,46820,primary,,1.000,1.000,1.000,50903.0
data/processed/gretil_devanagari/6_sastra/3_phil/vedanta/mbrahsiu.txt,gretil,sastra,223654,4564,203140,primary,,1.000,1.000,1.000,223654.0
data/processed/gretil_devanagari/6_sastra/3_phil/vedanta/mndvivau.txt,gretil,sastra,12818,471,11424,primary,,1.000,1.000,1.000,12818.0
data/processed/gretil_devanagari/6_sastra/3_phil/vedanta/mndviviu.txt,gretil,sastra,12601,620,11288,primary,,1.000,1.000,1.000,12601.0
data/processed/gretil_devanagari/6_sastra/3_phil/vedanta/mndvivpu.txt,gretil,sastra,12927,467,11563,primary,,1.000,1.000,1.000,12927.0
data/processed/gretil_devanagari/6_sastra/3_phil/vedanta/nabodhsu.txt,gretil,sastra,125169,3182,111542,primary,,1.000,1.000,1.000,125169.0
data/processed/gretil_devanagari/6_sastra/3_phil/vedanta/nysu__1u.txt,gretil,sastra,598947,14078,546660,primary,,1.000,1.000,1.000,598947.0
data/processed/gretil_devanagari/6_sastra/3_phil/vedanta/nysu__2u.txt,gretil,sastra,748536,18524,682865,primary,,1.000,1.000,1.000,748536.0
data/processed/gretil_devanagari/6_sastra/3_phil/vedanta/nysu__3u.txt,gretil,sastra,538211,13727,488575,primary,,1.000,1.000,1.000,538211.0
data/processed/gretil_devanagari/6_sastra/3_phil/vedanta/nysu__4u.txt,gretil,sastra,151219,3960,136336,primary,,1.000,1.000,1.000,151219.0
data/processed/gretil_devanagari/6_sastra/3_phil/vedanta/ramgbhau.txt,gretil,sastra,325629,3899,285758,primary,,1.000,1.000,1.000,325629.0
data/processed/gretil_devanagari/6_sastra/3_phil/vedanta/ramgbhpu.txt,gretil,sastra,311703,3795,282349,primary,,1.000,1.000,1.000,311703.0
data/processed/gretil_devanagari/6_sastra/3_phil/vedanta/rams11au.txt,gretil,sastra,10890,50,9692,primary,,1.000,1.000,1.000,10890.0
data/processed/gretil_devanagari/6_sastra/3_phil/vedanta/rams11pu.txt,gretil,sastra,10302,50,9570,primary,,1.000,1.000,1.000,10302.0
data/processed/gretil_devanagari/6_sastra/3_phil/vedanta/ramvasau.txt,gretil,sastra,103630,699,91477,primary,,1.000,1.000,1.000,103630.0
data/processed/gretil_devanagari/6_sastra/3_phil/vedanta/ramvaspu.txt,gretil,sastra,97750,640,89453,primary,,1.000,1.000,1.000,97750.0
data/processed/gretil_devanagari/6_sastra/3_phil/vedanta/samkaubh_u.txt,gretil,sastra,73018,550,66266,primary,,1.000,1.000,1.000,73018.0
data/processed/gretil_devanagari/6_sastra/3_phil/vedanta/samkupad_u.txt,gretil,sastra,90885,2284,81716,primary,,1.000,1.000,1.000,90885.0
data/processed/gretil_devanagari/6_sastra/3_phil/vedanta/vacbhamu.txt,gretil,sastra,860763,14784,786004,primary,,1.000,1.000,1.000,860763.0
data/processed/gretil_devanagari/6_sastra/3_phil/vedanta/vivcud_u.txt,gretil,sastra,61215,2359,55051,primary,,1.000,1.000,1.000,61215.0
data/processed/gretil_devanagari/6_sastra/3_phil/vedanta/yaatsi_u.txt,gretil,sastra,279527,702,257233,primary,,1.000,1.000,1.000,279527.0
data/processed/gretil_devanagari/6_sastra/3_phil/vedanta/yaissi_u.txt,gretil,sastra,50397,149,46705,primary,,1.000,1.000,1.000,50397.0
data/processed/gretil_devanagari/6_sastra/3_phil/vedanta/yamgasau.txt,gretil,sastra,2918,103,2571,primary,,1.000,1.000,1.000,2918.0
data/processed/gretil_devanagari/6_sastra/3_phil/vedanta/yamgaspu.txt,gretil,sastra,2713,95,2493,primary,,1.000,1.000,1.000,2713.0
data/processed/gretil_devanagari/6_sastra/3_phil/vedanta/yamis_au.txt,gretil,sastra,13214,115,11714,primary,,1.000,1.000,1.000,13214.0
data/processed/gretil_devanagari/6_sastra/3_phil/vedanta/yamis_pu.txt,gretil,sastra,12466,107,11533,primary,,1.000,1.000,1.000,12466.0
data/processed/gretil_devanagari/6_sastra/3_phil/vedanta/yamss_au.txt,gretil,sastra,18175,456,16066,primary,,1.000,1.000,1.000,18175.0
data/processed/gretil_devanagari/6_sastra/3_phil/vedanta/yamss_iu.txt,gretil,sastra,17748,878,15936,primary,,1.000,1.000,1.000,17748.0
data/processed/gretil_devanagari/6_sastra/3_phil/vedanta/yamss_pu.txt,gretil,sastra,17928,444,16236,primary,,1.000,1.000,1.000,17928.0
data/processed/gretil_devanagari/6_sastra/3_phil/vedanta/yamsvsau.txt,gretil,sastra,18056,466,16348,primary,,1.000,1.000,1.000,18056.0
data/processed/gretil_devanagari/6_sastra/3_phil/vedanta/yamsvsiu.txt,gretil,sastra,17802,878,15995,primary,,1.000,1.000,1.000,17802.0
data/processed/gretil_devanagari/6_sastra/3_phil/vedanta/yamsvspu.txt,gretil,sastra,17969,454,16279,primary,,1.000,1.000,1.000,17969.0
data/processed/gretil_devanagari/6_sastra/3_phil/vedanta/yasasi_u.txt,gretil,sastra,91043,1571,83712,primary,,1.000,1.000,1.000,91043.0
data/processed/gretil_devanagari/6_sastra/3_phil/yoga/ghers__u.txt,gretil,sastra,32181,817,28672,primary,,1.000,1.000,1.000,32181.0
data/processed/gretil_devanagari/6_sastra/3_phil/yoga/ghers_au.txt,gretil,sastra,36055,899,30748,primary,,1.000,1.000,1.000,36055.0
data/processed/gretil_devanagari/6_sastra/3_phil/yoga/ghers_bu.txt,gretil,sastra,34015,838,29286,primary,,1.000,1.000,1.000,34015.0
data/processed/gretil_devanagari/6_sastra/3_phil/yoga/ghers_pu.txt,gretil,sastra,34017,819,29619,primary,,1.000,1.000,1.000,34017.0
data/processed/gretil_devanagari/6_sastra/3_phil/yoga/hathyopu.txt,gretil,sastra,36080,1012,31417,primary,,1.000,1.000,1.000,36080.0
data/processed/gretil_devanagari/6_sastra/3_phil/yoga/patyog_u.txt,gretil,sastra,7847,198,7337,primary,,1.000,1.000,1.000,7847.0
data/processed/gretil_devanagari/6_sastra/3_phil/yoga/patyogbu.txt,gretil,sastra,98321,754,89773,primary,,1.000,1.000,1.000,98321.0
data/processed/gretil_devanagari/6_sastra/3_phil/yoga/vivcud_u.txt,gretil,sastra,61215,2359,55051,primary,,1.000,1.000,1.000,61215.0
data/processed/gretil_devanagari/6_sastra/3_phil/yoga/yogasutu.txt,gretil,sastra,9024,231,8037,primary,,1.000,1.000,1.000,9024.0
data/processed/gretil_devanagari/6_sastra/3_phil/yoga/yogsubhu.txt,gretil,sastra,96001,1703,87814,primary,,1.000,1.000,1.000,96001.0
data/processed/gretil_devanagari/6_sastra/4_dharma/smrti/angirsau.txt,gretil,sastra,112924,3001,100941,primary,,1.000,1.000,1.000,112924.0
data/processed/gretil_devanagari/6_sastra/4_dharma/smrti/angirsiu.txt,gretil,sastra,106206,5100,94435,primary,,1.000,1.000,1.000,106206.0
data/processed/gretil_devanagari/6_sastra/4_dharma/smrti/angirspu.txt,gretil,sastra,114030,2996,102201,primary,,1.000,1.000,1.000,114030.0
data/processed/gretil_devanagari/6_sastra/4_dharma/smrti/brhasp_u.txt,gretil,sastra,109271,2676,95568,primary,,1.000,1.000,1.000,109271.0
data/processed/gretil_devanagari/6_sastra/4_dharma/smrti/brhaspau.txt,gretil,sastra,106681,2687,94114,primary,,1.000,1.000,1.000,106681.0
data/processed/gretil_devanagari/6_sastra/4_dharma/smrti/brhaspiu.txt,gretil,sastra,108826,4989,97527,primary,,1.000,1.000,1.000,108826.0
data/processed/gretil_devanagari/6_sastra/4_dharma/smrti/brhasppu.txt,gretil,sastra,106205,2675,95189,primary,,1.000,1.000,1.000,106205.0
data/processed/gretil_devanagari/6_sastra/4_dharma/smrti/dharmpiu.txt,gretil,sastra,668417,31862,595043,primary,,1.000,1.000,1.000,668417.0
data/processed/gretil_devanagari/6_sastra/4_dharma/smrti/katy1__u.txt,gretil,sastra,89240,3915,75683,primary,,1.000,1.000,1.000,89240.0
data/processed/gretil_devanagari/6_sastra/4_dharma/smrti/katy2a_u.txt,gretil,sastra,86133,2936,74860,primary,,1.000,1.000,1.000,86133.0
data/processed/gretil_devanagari/6_sastra/4_dharma/smrti/katy2p_u.txt,gretil,sastra,85542,2937,75668,primary,,1.000,1.000,1.000,85542.0
data/processed/gretil_devanagari/6_sastra/4_dharma/smrti/katy2piu.txt,gretil,sastra,83278,3934,73940,primary,,1.000,1.000,1.000,83278.0
data/processed/gretil_devanagari/6_sastra/4_dharma/smrti/manu1__u.txt,gretil,sastra,238653,10663,205868,primary,,1.000,1.000,1.000,238653.0
data/processed/gretil_devanagari/6_sastra/4_dharma/smrti/manu2a_u.txt,gretil,sastra,230898,8063,203471,primary,,1.000,1.000,1.000,230898.0
data/processed/gretil_devanagari/6_sastra/4_dharma/smrti/manu2p_u.txt,gretil,sastra,229024,5385,205499,primary,,1.000,1.000,1.000,229024.0
data/processed/gretil_devanagari/6_sastra/4_dharma/smrti/manu2piu.txt,gretil,sastra,225585,10749,200866,primary,,1.000,1.000,1.000,225585.0
data/processed/gretil_devanagari/6_sastra/4_dharma/smrti/mvir_sau.txt,gretil,sastra,432336,13796,388729,primary,,1.000,1.000,1.000,432336.0
data/processed/gretil_devanagari/6_sastra/4_dharma/smrti/narads_u.txt,gretil,sastra,81953,3758,72135,primary,,1.000,1.000,1.000,81953.0
data/processed/gretil_devanagari/6_sastra/4_dharma/smrti/nars2_au.txt,gretil,sastra,79152,1976,71079,primary,,1.000,1.000,1.000,79152.0
data/processed/gretil_devanagari/6_sastra/4_dharma/smrti/nars2_iu.txt,gretil,sastra,78377,3734,69986,primary,,1.000,1.000,1.000,78377.0
data/processed/gretil_devanagari/6_sastra/4_dharma/smrti/nars2_pu.txt,gretil,sastra,80000,1965,71944,primary,,1.000,1.000,1.000,80000.0
data/processed/gretil_devanagari/6_sastra/4_dharma/smrti/pars1__u.txt,gretil,sastra,52830,2323,44400,primary,,1.000,1.000,1.000,52830.0
data/processed/gretil_devanagari/6_sastra/4_dharma/smrti/pars2_au.txt,gretil,sastra,50929,1757,43895,primary,,1.000,1.000,1.000,50929.0
data/processed/gretil_devanagari/6_sastra/4_dharma/smrti/pars2_iu.txt,gretil,sastra,48894,2330,43318,primary,,1.000,1.000,1.000,48894.0
data/processed/gretil_devanagari/6_sastra/4_dharma/smrti/pars2_pu.txt,gretil,sastra,50366,1751,44422,primary,,1.000,1.000,1.000,50366.0
data/processed/gretil_devanagari/6_sastra/4_dharma/smrti/visnu_au.txt,gretil,sastra,123722,6166,105819,primary,,1.000,1.000,1.000,123722.0
data/processed/gretil_devanagari/6_sastra/4_dharma/smrti/visnu_iu.txt,gretil,sastra,40465,1920,35955,primary,,1.000,1.000,1.000,40465.0
data/processed/gretil_devanagari/6_sastra/4_dharma/smrti/visnu_pu.txt,gretil,sastra,120238,6162,106191,primary,,1.000,1.000,1.000,120238.0
data/processed/gretil_devanagari/6_sastra/4_dharma/smrti/visnus_u.txt,gretil,sastra,125470,6632,105374,primary,,1.000,1.000,1.000,125470.0
data/processed/gretil_devanagari/6_sastra/4_dharma/smrti/yajn1_u.txt,gretil,sastra,86656,3972,75599,primary,,1.000,1.000,1.000,86656.0
data/processed/gretil_devanagari/6_sastra/4_dharma/smrti/yajn2_au.txt,gretil,sastra,87480,3016,76062,primary,,1.000,1.000,1.000,87480.0
data/processed/gretil_devanagari/6_sastra/4_dharma/smrti/yajn2_pu.txt,gretil,sastra,86283,3006,76955,primary,,1.000,1.000,1.000,86283.0
data/processed/gretil_devanagari/6_sastra/4_dharma/smrti/yajn2piu.txt,gretil,sastra,83893,4044,75132,primary,,1.000,1.000,1.000,83893.0
data/processed/gretil_devanagari/6_sastra/4_dharma/smrti/ys-78_au.txt,gretil,sastra,6729,163,5990,primary,,1.000,1.000,1.000,6729.0
data/processed/gretil_devanagari/6_sastra/4_dharma/smrti/ys-78_iu.txt,gretil,sastra,6553,306,5820,primary,,1.000,1.000,1.000,6553.0
data/processed/gretil_devanagari/6_sastra/4_dharma/smrti/ys-78_pu.txt,gretil,sastra,6782,159,6049,primary,,1.000,1.000,1.000,6782.0
data/processed/gretil_devanagari/6_sastra/4_dharma/smrti/ys-99_au.txt,gretil,sastra,8590,208,7656,primary,,1.000,1.000,1.000,8590.0
data/processed/gretil_devanagari/6_sastra/4_dharma/smrti/ys-99_iu.txt,gretil,sastra,8417,395,7469,primary,,1.000,1.000,1.000,8417.0
data/processed/gretil_devanagari/6_sastra/4_dharma/smrti/ys-99_pu.txt,gretil,sastra,8667,204,7739,primary,,1.000,1.000,1.000,8667.0
data/processed/gretil_devanagari/6_sastra/4_dharma/smrti/ys182_au.txt,gretil,sastra,15798,392,13962,primary,,1.000,1.000,1.000,15798.0
data/processed/gretil_devanagari/6_sastra/4_dharma/smrti/ys182_iu.txt,gretil,sastra,15157,719,13353,primary,,1.000,1.000,1.000,15157.0
data/processed/gretil_devanagari/6_sastra/4_dharma/smrti/ys182_pu.txt,gretil,sastra,15955,388,14126,primary,,1.000,1.000,1.000,15955.0
data/processed/gretil_devanagari/6_sastra/4_dharma/smrti/ysall_iu.txt,gretil,sastra,42179,1972,37366,primary,,1.000,1.000,1.000,42179.0
data/processed/gretil_devanagari/6_sastra/4_dharma/smrti/yssoutau.txt,gretil,sastra,12165,287,10868,primary,,1.000,1.000,1.000,12165.0
data/processed/gretil_devanagari/6_sastra/4_dharma/smrti/yssoutiu.txt,gretil,sastra,12049,552,10724,primary,,1.000,1.000,1.000,12049.0
data/processed/gretil_devanagari/6_sastra/4_dharma/smrti/yssoutpu.txt,gretil,sastra,12279,283,10988,primary,,1.000,1.000,1.000,12279.0
data/processed/gretil_devanagari/6_sastra/4_dharma/sutra/apastd_u.txt,gretil,sastra,55115,1347,48375,primary,,1.000,1.000,1.000,55115.0
data/processed/gretil_devanagari/6_sastra/4_dharma/sutra/baudhd_u.txt,gretil,sastra,91087,1677,79922,primary,,1.000,1.000,1.000,91087.0
data/processed/gretil_devanagari/6_sastra/4_dharma/sutra/gautdh_u.txt,gretil,sastra,39415,2263,35370,primary,,1.000,1.000,1.000,39415.0
data/processed/gretil_devanagari/6_sastra/4_dharma/sutra/gautdhcu.txt,gretil,sastra,78130,2157,70666,primary,,1.000,1.000,1.000,78130.0
data/processed/gretil_devanagari/6_sastra/4_dharma/sutra/vaikhd_u.txt,gretil,sastra,32025,411,28183,primary,,1.000,1.000,1.000,32025.0
data/processed/gretil_devanagari/6_sastra/4_dharma/sutra/vasist_u.txt,gretil,sastra,63636,2744,56086,primary,,1.000,1.000,1.000,63636.0
data/processed/gretil_devanagari/6_sastra/5_artha/kautil_u.txt,gretil,sastra,376968,6027,326891,primary,,1.000,1.000,1.000,376968.0
data/processed/gretil_devanagari/6_sastra/6_kama/jyopancu.txt,gretil,sastra,41049,862,37060,primary,,1.000,1.000,1.000,41049.0
data/processed/gretil_devanagari/6_sastra/6_kama/kamasufu.txt,gretil,sastra,134038,1986,118698,primary,,1.000,1.000,1.000,134038.0
data/processed/gretil_devanagari/6_sastra/6_kama/kamasutu.txt,gretil,sastra,125728,3492,108824,primary,,1.000,1.000,1.000,125728.0
data/processed/gretil_devanagari/6_sastra/6_kama/minsmaru.txt,gretil,sastra,19909,456,17772,primary,,1.000,1.000,1.000,19909.0
data/processed/gretil_devanagari/6_sastra/6_kama/purukadu.txt,gretil,sastra,14066,222,12935,primary,,1.000,1.000,1.000,14066.0
data/processed/gretil_devanagari/6_sastra/7_ayur/anandk_u.txt,gretil,sastra,509480,13435,458096,primary,,1.000,1.000,1.000,509480.0
data/processed/gretil_devanagari/6_sastra/7_ayur/bhavpr_u.txt,gretil,sastra,37228,904,33630,primary,,1.000,1.000,1.000,37228.0
data/processed/gretil_devanagari/6_sastra/7_ayur/caraka_u.txt,gretil,sastra,266693,4226,242185,primary,,1.000,1.000,1.000,266693.0
data/processed/gretil_devanagari/6_sastra/7_ayur/dhrasciu.txt,gretil,sastra,79221,2086,71380,primary,,1.000,1.000,1.000,79221.0
data/processed/gretil_devanagari/6_sastra/7_ayur/grasht_u.txt,gretil,sastra,221974,4139,198548,primary,,1.000,1.000,1.000,221974.0
data/processed/gretil_devanagari/6_sastra/7_ayur/nitrrk_u.txt,gretil,sastra,340867,8472,305838,primary,,1.000,1.000,1.000,340867.0
data/processed/gretil_devanagari/6_sastra/7_ayur/rajnighu.txt,gretil,sastra,325829,7241,292788,primary,,1.000,1.000,1.000,325829.0
data/processed/gretil_devanagari/6_sastra/7_ayur/rasadh_u.txt,gretil,sastra,90941,1857,81390,primary,,1.000,1.000,1.000,90941.0
data/processed/gretil_devanagari/6_sastra/7_ayur/rasadhau.txt,gretil,sastra,55692,1132,49844,primary,,1.000,1.000,1.000,55692.0
data/processed/gretil_devanagari/6_sastra/7_ayur/rasadhiu.txt,gretil,sastra,25991,1211,23110,primary,,1.000,1.000,1.000,25991.0
data/processed/gretil_devanagari/6_sastra/7_ayur/rasadhpu.txt,gretil,sastra,55975,1128,50133,primary,,1.000,1.000,1.000,55975.0
data/processed/gretil_devanagari/6_sastra/7_ayur/rasarnau.txt,gretil,sastra,115651,2892,103171,primary,,1.000,1.000,1.000,115651.0
data/processed/gretil_devanagari/6_sastra/7_ayur/rasarniu.txt,gretil,sastra,112962,5622,100446,primary,,1.000,1.000,1.000,112962.0
data/processed/gretil_devanagari/6_sastra/7_ayur/rasarnpu.txt,gretil,sastra,117036,2888,104562,primary,,1.000,1.000,1.000,117036.0
data/processed/gretil_devanagari/6_sastra/7_ayur/rascum_u.txt,gretil,sastra,116665,3150,105270,primary,,1.000,1.000,1.000,116665.0
data/processed/gretil_devanagari/6_sastra/7_ayur/rassanku.txt,gretil,sastra,27111,708,24374,primary,,1.000,1.000,1.000,27111.0
data/processed/gretil_devanagari/6_sastra/7_ayur/salrasmu.txt,gretil,sastra,75779,1964,67627,primary,,1.000,1.000,1.000,75779.0
data/processed/gretil_devanagari/6_sastra/7_ayur/samapviu.txt,gretil,sastra,74821,2528,66637,primary,,1.000,1.000,1.000,74821.0
data/processed/gretil_devanagari/6_sastra/7_ayur/vagaah_u.txt,gretil,sastra,794589,19215,693401,primary,,1.000,1.000,1.000,794589.0
data/processed/gretil_devanagari/6_sastra/7_ayur/vanighau.txt,gretil,sastra,33611,819,30098,primary,,1.000,1.000,1.000,33611.0
data/processed/gretil_devanagari/6_sastra/7_ayur/vanighiu.txt,gretil,sastra,33221,1624,29659,primary,,1.000,1.000,1.000,33221.0
data/processed/gretil_devanagari/6_sastra/7_ayur/vanighpu.txt,gretil,sastra,33993,815,30486,primary,,1.000,1.000,1.000,33993.0
data/processed/gretil_devanagari/6_sastra/7_ayur/vrasrs_u.txt,gretil,sastra,107275,3667,95903,primary,,1.000,1.000,1.000,107275.0
data/processed/gretil_devanagari/6_sastra/7_ayur/vrasrscu.txt,gretil,sastra,277630,6901,250403,primary,,1.000,1.000,1.000,277630.0
data/processed/gretil_devanagari/6_sastra/7_ayur/yogasatu.txt,gretil,sastra,14265,265,13256,primary,,1.000,1.000,1.000,14265.0
data/processed/gretil_devanagari/6_sastra/7_ayur/yrasprau.txt,gretil,sastra,91636,2560,81373,primary,,1.000,1.000,1.000,91636.0
data/processed/gretil_devanagari/6_sastra/7_ayur/yraspriu.txt,gretil,sastra,90535,4158,80425,primary,,1.000,1.000,1.000,90535.0
data/processed/gretil_devanagari/6_sastra/7_ayur/yrasprpu.txt,gretil,sastra,92642,2556,82385,primary,,1.000,1.000,1.000,92642.0
data/processed/gretil_devanagari/6_sastra/8_jyot/aryabh_u.txt,gretil,sastra,12497,489,10786,primary,,1.000,1.000,1.000,12497.0
data/processed/gretil_devanagari/6_sastra/8_jyot/aryabhcu.txt,gretil,sastra,353681,4813,319009,primary,,1.000,1.000,1.000,353681.0
data/processed/gretil_devanagari/6_sastra/8_jyot/bijaganu.txt,gretil,sastra,19596,657,17208,primary,,1.000,1.000,1.000,19596.0
data/processed/gretil_devanagari/6_sastra/8_jyot/brhajj_u.txt,gretil,sastra,60073,1699,50443,primary,,1.000,1.000,1.000,60073.0
data/processed/gretil_devanagari/6_sastra/8_jyot/brhats_u.txt,gretil,sastra,307902,13682,262809,primary,,1.000,1.000,1.000,307902.0
data/processed/gretil_devanagari/6_sastra/8_jyot/brsphutu.txt,gretil,sastra,21617,861,18778,primary,,1.000,1.000,1.000,21617.0
data/processed/gretil_devanagari/6_sastra/8_jyot/lagrvvju.txt,gretil,sastra,3104,70,2799,primary,,1.000,1.000,1.000,3104.0
data/processed/gretil_devanagari/6_sastra/8_jyot/lilavatu.txt,gretil,sastra,69173,1643,60016,primary,,1.000,1.000,1.000,69173.0
data/processed/gretil_devanagari/6_sastra/8_jyot/surysidu.txt,gretil,sastra,36060,1483,32496,primary,,1.000,1.000,1.000,36060.0
data/processed/gretil_devanagari/6_sastra/8_jyot/tikaniku.txt,gretil,sastra,11213,487,10020,primary,,1.000,1.000,1.000,11213.0
data/processed/gretil_devanagari/6_sastra/8_jyot/vivahapu.txt,gretil,sastra,10603,399,9362,primary,,1.000,1.000,1.000,10603.0
data/processed/gretil_devanagari/6_sastra/8_jyot/yogay1_u.txt,gretil,sastra,59187,2473,53054,primary,,1.000,1.000,1.000,59187.0
data/processed/gretil_devanagari/6_sastra/8_jyot/yogay2_u.txt,gretil,sastra,56441,2099,50489,primary,,1.000,1.000,1.000,56441.0
data/processed/gretil_devanagari/7_fromindonesia/sktexcerptsjb_iu.txt,gretil,other,46938,2235,41591,primary,,0.700,1.000,0.700,32856.6
data/processed/gretil_devanagari/7_fromindonesia/sktexcerptsjb_pu.txt,gretil,other,48551,1684,42780,primary,,0.700,1.000,0.700,33985.7
data/processed/gretil_devanagari/tei/transformations/html/pAda-index_sa-dharma.txt,gretil,sastra,850472,77467,722593,tei_unique,,1.000,1.000,1.000,850472.0
data/processed/gretil_devanagari/tei/transformations/html/sa_108-buddhist-stotras.txt,gretil,rellit,254382,8109,228887,tei_unique,,0.700,1.000,0.700,178067.4
data/processed/gretil_devanagari/tei/transformations/html/sa_abhayAkaragupta-niSpaNNayogAvali.txt,gretil,other,6546,95,6058,tei_unique,,0.700,1.000,0.700,4582.2
data/processed/gretil_devanagari/tei/transformations/html/sa_abhidharmasamuccayabhASya.txt,gretil,sastra,236345,3227,218487,tei_unique,,1.000,1.000,1.000,236345.0
data/processed/gretil_devanagari/tei/transformations/html/sa_abhinanda-kAdambarIkathAsAra.txt,gretil,other,74956,2731,66928,prefix_in_candidate,5_poetry/2_kavya/akadambu.txt,0.700,0.200,0.140,10493.8
data/processed/gretil_devanagari/tei/transformations/html/sa_abhinanda-rAmacaritamahAkAvye.txt,gretil,other,62263,1948,55967,tei_unique,,0.700,1.000,0.700,43584.1
data/processed/gretil_devanagari/tei/transformations/html/sa_abhinavagupta-anuttarASTikA.txt,gretil,other,1557,42,1383,tei_unique,,0.700,1.000,0.700,1089.9
data/processed/gretil_devanagari/tei/transformations/html/sa_abhinavagupta-bhairavastava.txt,gretil,other,1042,32,946,tei_unchecked_short,,0.700,1.000,0.700,729.4
data/processed/gretil_devanagari/tei/transformations/html/sa_abhinavagupta-bodhapaJcadazikA.txt,gretil,other,1301,48,1161,exact,6_sastra/3_phil/saiva/bodhpanu.txt,0.700,0.200,0.140,182.1
data/processed/gretil_devanagari/tei/transformations/html/sa_abhinavagupta-IzvarapratyabhijJAvimarzinI.txt,gretil,other,250081,4233,225051,tei_unique,,0.700,1.000,0.700,175056.7
data/processed/gretil_devanagari/tei/transformations/html/sa_abhinavagupta-kramastotra.txt,gretil,rellit,4642,150,4173,exact,6_sastra/3_phil/saiva/kramstou.txt,0.700,0.200,0.140,649.9
data/processed/gretil_devanagari/tei/transformations/html/sa_abhinavagupta-mAlinIzlokavArttika.txt,gretil,other,120706,4391,108158,tei_unique,,0.700,1.000,0.700,84494.2
data/processed/gretil_devanagari/tei/transformations/html/sa_abhinavagupta-paramArthasAra-comm.txt,gretil,other,112833,1694,103115,tei_unique,,0.700,1.000,0.700,78983.1
data/processed/gretil_devanagari/tei/transformations/html/sa_abhinavagupta-paramArthasAra.txt,gretil,other,9384,314,8412,exact,6_sastra/3_phil/saiva/parmartu.txt,0.700,0.200,0.140,1313.8
data/processed/gretil_devanagari/tei/transformations/html/sa_abhinavagupta-paryantapaJcAzikA.txt,gretil,other,4517,164,4123,exact,6_sastra/3_phil/saiva/parypanu.txt,0.700,0.200,0.140,632.4
data/processed/gretil_devanagari/tei/transformations/html/sa_abhinavagupta-tantrAloka.txt,gretil,rellit,507499,17664,454209,tei_unique,,0.700,1.000,0.700,355249.3
data/processed/gretil_devanagari/tei/transformations/html/sa_abhinavagupta-tantrasAra.txt,gretil,rellit,87503,1604,79083,tei_unique,,0.700,1.000,0.700,61252.1
data/processed/gretil_devanagari/tei/transformations/html/sa_abhisamAcArikadharma.txt,gretil,sastra,211591,4008,185052,tei_unique,,1.000,1.000,1.000,211591.0
data/processed/gretil_devanagari/tei/transformations/html/sa_abhisamayAlaMkAra.txt,gretil,other,24498,969,22081,exact,6_sastra/3_phil/buddh/bsa026_u.txt,0.700,0.200,0.140,3429.7
data/processed/gretil_devanagari/tei/transformations/html/sa_abhisamayAlaMkAravivaraNa.txt,gretil,other,63845,1601,58609,tei_unique,,0.700,1.000,0.700,44691.5
data/processed/gretil_devanagari/tei/transformations/html/sa_abhisamayAlaMkAravRttiH-sphuTArthA.txt,gretil,other,117641,2483,108976,tei_unique,,0.700,1.000,0.700,82348.7
data/processed/gretil_devanagari/tei/transformations/html/sa_adbhutadharmaparyAya.txt,gretil,sastra,5742,80,5266,tei_unique,,1.000,1.000,1.000,5742.0
data/processed/gretil_devanagari/tei/transformations/html/sa_adhikaraNavastu.txt,gretil,other,76858,1176,69057,tei_unique,,0.700,1.000,0.700,53800.6
data/processed/gretil_devanagari/tei/transformations/html/sa_adhyardhazatikA-prajJApAramitA.txt,gretil,other,5662,96,5278,tei_unique,,0.700,1.000,0.700,3963.4
data/processed/gretil_devanagari/tei/transformations/html/sa_AdizeSa-paramArthasAra.txt,gretil,other,7769,262,6952,tei_unique,,0.700,1.000,0.700,5438.3
data/processed/gretil_devanagari/tei/transformations/html/sa_advayazatikA-prajJApAramitA.txt,gretil,other,3095,46,2829,tei_unique,,0.700,1.000,0.700,2166.5
data/processed/gretil_devanagari/tei/transformations/html/sa_AdyanAtha-anuttaraprakAzapaJcAzikA.txt,gretil,other,4348,157,3911,prefix_in_candidate,6_sastra/3_phil/saiva/adyappau.txt,0.700,0.200,0.140,608.7
data/processed/gretil_devanagari/tei/transformations/html/sa_AGgirasasmRti.txt,gretil,other,115548,4263,102422,prefix_in_candidate,6_sastra/4_dharma/smrti/angirspu.txt,0.700,0.200,0.140,16176.7
data/processed/gretil_devanagari/tei/transformations/html/sa_agnipurANa.txt,gretil,other,1155608,31807,1035643,prefix_in_candidate,3_purana/agp_bi_u.txt,0.700,0.200,0.140,161785.1
data/processed/gretil_devanagari/tei/transformations/html/sa_agniveza-carakasaMhitA-parts-comm.txt,gretil,other,268671,6832,242558,tei_unique,,0.700,1.000,0.700,188069.7
data/processed/gretil_devanagari/tei/transformations/html/sa_ahorAtravratacaityasevAnuzaMsAvadAna.txt,gretil,other,34266,1171,30381,exact,4_rellit/buddh/ahovcs_u.txt,0.700,0.200,0.140,4797.2
data/processed/gretil_devanagari/tei/transformations/html/sa_ahoratravratakathA-prose.txt,gretil,other,12332,144,11096,tei_unique,,0.700,1.000,0.700,8632.4
data/processed/gretil_devanagari/tei/transformations/html/sa_ahoratravratakathA.txt,gretil,other,13807,462,12352,tei_unique,,0.700,1.000,0.700,9664.9
data/processed/gretil_devanagari/tei/transformations/html/sa_aitareyopaniSad-comm.txt,gretil,other,44023,947,39972,tei_unique,,0.700,1.000,0.700,30816.1
data/processed/gretil_devanagari/tei/transformations/html/sa_ajitasenavyAkaraNa-alt.txt,gretil,other,28723,513,25502,tei_unique,,0.700,1.000,0.700,20106.1
data/processed/gretil_devanagari/tei/transformations/html/sa_ajitasenavyAkaraNa.txt,gretil,other,28410,651,25157,tei_unique,,0.700,1.000,0.700,19887.0
data/processed/gretil_devanagari/tei/transformations/html/sa_AlambanaparIkSA-comm.txt,gretil,other,2875,64,2616,tei_unique,,0.700,1.000,0.700,2012.5
data/processed/gretil_devanagari/tei/transformations/html/sa_AlambanaparIkSA.txt,gretil,other,774,28,701,tei_unchecked_short,,0.700,1.000,0.700,541.8
data/processed/gretil_devanagari/tei/transformations/html/sa_amarasiMha-nAmaliGgAnuzAsana.txt,gretil,other,132795,3494,119038,prefix_in_candidate,6_sastra/2_lex/amark1hu.txt,0.700,0.200,0.140,18591.3
data/processed/gretil_devanagari/tei/transformations/html/sa_amaru-amaruzataka.txt,gretil,poetry,42472,1120,37990,prefix_in_candidate,5_poetry/2_kavya/amaru_u.txt,1.000,0.200,0.200,8494.4
data/processed/gretil_devanagari/tei/transformations/html/sa_amoghapAzahRdayasUtra-alt.txt,gretil,other,11940,180,10680,tei_unique,,0.700,1.000,0.700,8358.0
data/processed/gretil_devanagari/tei/transformations/html/sa_amoghapAzahRdayasUtra-mz.txt,gretil,other,12733,195,11506,tei_unique,,0.700,1.000,0.700,8913.1
data/processed/gretil_devanagari/tei/transformations/html/sa_amoghapAzahRdayasUtra.txt,gretil,other,13079,177,11735,tei_unique,,0.700,1.000,0.700,9155.3
data/processed/gretil_devanagari/tei/transformations/html/sa_amRtAkara-catuHstavasamAsArtha.txt,gretil,other,8175,124,7522,tei_unique,,0.700,1.000,0.700,5722.5
data/processed/gretil_devanagari/tei/transformations/html/sa_AnandabhaTTa-vallAlacarita.txt,gretil,other,85487,3074,75805,prefix_in_candidate,5_poetry/2_kavya/anvallcu.txt,0.700,0.200,0.140,11968.2
data/processed/gretil_devanagari/tei/transformations/html/sa_Anandakanda.txt,gretil,other,514829,18842,458084,prefix_in_candidate,6_sastra/7_ayur/anandk_u.txt,0.700,0.200,0.140,72076.1
data/processed/gretil_devanagari/tei/transformations/html/sa_Anandavardhana-dhvanyAloka-comm.txt,gretil,other,1072552,27304,979691,tei_unique,,0.700,1.000,0.700,750786.4
data/processed/gretil_devanagari/tei/transformations/html/sa_Anandavardhana-dhvanyAloka.txt,gretil,other,143179,3091,126099,tei_unique,,0.700,1.000,0.700,100225.3
data/processed/gretil_devanagari/tei/transformations/html/sa_anityatAsUtra.txt,gretil,other,3258,62,2957,tei_unique,,0.700,1.000,0.700,2280.6
data/processed/gretil_devanagari/tei/transformations/html/sa_annaMbhaTTa-tarkasaMgraha-comm.txt,gretil,sastra,955736,20808,886313,prefix_in_candidate,6_sastra/3_phil/nyaya/antsdi_u.txt,1.000,0.200,0.200,191147.2
data/processed/gretil_devanagari/tei/transformations/html/sa_annaMbhatta-tarkasaMgraha.txt,gretil,sastra,24079,548,21360,tei_unique,,1.000,1.000,1.000,24079.0
data/processed/gretil_devanagari/tei/transformations/html/sa_antarvyAptisamarthana.txt,gretil,other,11200,180,10287,tei_unique,,0.700,1.000,0.700,7840.0
data/processed/gretil_devanagari/tei/transformations/html/sa_aparimitAyuHsUtra.txt,gretil,other,6016,110,5397,tei_unique,,0.700,1.000,0.700,4211.2
data/processed/gretil_devanagari/tei/transformations/html/sa_ApastambadharmasUtra.txt,gretil,sastra,57101,1607,50052,tei_unique,,1.000,1.000,1.000,57101.0
data/processed/gretil_devanagari/tei/transformations/html/sa_ApastambagRhyasUtra-comm.txt,gretil,other,409025,9855,372732,tei_unique,,0.700,1.000,0.700,286317.5
data/processed/gretil_devanagari/tei/transformations/html/sa_ApastambazulbasUtra.txt,gretil,other,311154,7873,282556,tei_unique,,0.700,1.000,0.700,217807.8
data/processed/gretil_devanagari/tei/transformations/html/sa_apohasiddhi.txt,gretil,other,15977,234,14691,tei_unique,,0.700,1.000,0.700,11183.9
data/processed/gretil_devanagari/tei/transformations/html/sa_appayadIkSita-vairAgyazatakam.txt,gretil,poetry,9135,306,8021,exact,5_poetry/2_kavya/appvairu.txt,1.000,0.200,0.200,1827.0
data/processed/gretil_devanagari/tei/transformations/html/sa_arcaTa-hetubinduTIkA-edsanghavi.txt,gretil,other,326318,4816,297965,tei_unique,,0.700,1.000,0.700,228422.6
data/processed/gretil_devanagari/tei/transformations/html/sa_arcaTa-hetubinduTIkA.txt,gretil,other,321540,4696,293176,tei_unique,,0.700,1.000,0.700,225078.0
data/processed/gretil_devanagari/tei/transformations/html/sa_arthavinizcayasUtra.txt,gretil,other,40773,576,37272,tei_unique,,0.700,1.000,0.700,28541.1
data/processed/gretil_devanagari/tei/transformations/html/sa_AryabhaTa-AryabhaTIya-comm.txt,gretil,other,355819,7601,320715,tei_unique,,0.700,1.000,0.700,249073.3
data/processed/gretil_devanagari/tei/transformations/html/sa_AryabhaTa-AryabhaTIya.txt,gretil,other,12379,371,10786,exact,6_sastra/8_jyot/aryabh_u.txt,0.700,0.200,0.140,1733.1
data/processed/gretil_devanagari/tei/transformations/html/sa_Aryadeva-caryAmelAvaNapradIpa.txt,gretil,other,20198,680,18146,exact,6_sastra/3_phil/buddh/bsa048_u.txt,0.700,0.200,0.140,2827.7
data/processed/gretil_devanagari/tei/transformations/html/sa_Aryadeva-catuHzatikA.txt,gretil,other,1758,64,1539,exact,6_sastra/3_phil/buddh/bsa028_u.txt,0.700,0.200,0.140,246.1
data/processed/gretil_devanagari/tei/transformations/html/sa_Aryadeva-cittavizuddhiprakaraNa.txt,gretil,other,10945,403,9862,exact,6_sastra/3_phil/buddh/bsa006_u.txt,0.700,0.200,0.140,1532.3
data/processed/gretil_devanagari/tei/transformations/html/sa_AryAnityatAsUtra.txt,gretil,other,3068,58,2797,tei_unique,,0.700,1.000,0.700,2147.6
data/processed/gretil_devanagari/tei/transformations/html/sa_AryazUra-jAtakamAlA-1-15.txt,gretil,other,120584,3020,108883,tei_unique,,0.700,1.000,0.700,84408.8
data/processed/gretil_devanagari/tei/transformations/html/sa_AryazUra-jAtakamAlA.txt,gretil,other,291111,7144,262902,prefix_in_candidate,6_sastra/3_phil/buddh/bsa032_u.txt,0.700,0.200,0.140,40755.5
data/processed/gretil_devanagari/tei/transformations/html/sa_AryazUra-pAramitAsamAsa.txt,gretil,other,39312,1112,35469,prefix_in_candidate,6_sastra/3_phil/buddh/bsa050_u.txt,0.700,0.200,0.140,5503.7
data/processed/gretil_devanagari/tei/transformations/html/sa_asaGga-abhidharmasamuccaya.txt,gretil,sastra,157231,2186,143586,tei_unique,,1.000,1.000,1.000,157231.0
data/processed/gretil_devanagari/tei/transformations/html/sa_asaGga-mahAyAnasUtrAlaMkAra-alt.txt,gretil,other,77929,2587,70005,tei_unique,,0.700,1.000,0.700,54550.3
data/processed/gretil_devanagari/tei/transformations/html/sa_asaGga-mahAyAnasUtrAlaMkAra-comm.txt,gretil,other,261764,5250,237681,tei_unique,,0.700,1.000,0.700,183234.8
data/processed/gretil_devanagari/tei/transformations/html/sa_asaGga-mahAyAnasUtrAlaMkAra.txt,gretil,other,264530,5974,240567,tei_unique,,0.700,1.000,0.700,185171.0
data/processed/gretil_devanagari/tei/transformations/html/sa_asaGga-trizatikAyAH-prajJApAramitAyAH-kArikAsaptatiH.txt,gretil,other,6006,218,5441,exact,4_rellit/buddh/atrisatu.txt,0.700,0.200,0.140,840.8
data/processed/gretil_devanagari/tei/transformations/html/sa_asaGga-zarIrArthagAthA.txt,gretil,other,6888,239,6022,exact,6_sastra/3_phil/buddh/asycsaru.txt,0.700,0.200,0.140,964.3
data/processed/gretil_devanagari/tei/transformations/html/sa_asaGga-zrAvakabhUmi-edshukla.txt,gretil,other,359479,5207,325921,tei_unique,,0.700,1.000,0.700,251635.3
data/processed/gretil_devanagari/tei/transformations/html/sa_aSTAdazasAhasrikA-prajJApAramitA55-82.txt,gretil,other,448189,4660,403784,tei_unique,,0.700,1.000,0.700,313732.3
data/processed/gretil_devanagari/tei/transformations/html/sa_aSTasAhasrikA-prajJApAramitA.txt,gretil,other,615849,8102,556881,tei_unique,,0.700,1.000,0.700,431094.3
data/processed/gretil_devanagari/tei/transformations/html/sa_aSTAvakragItA.txt,gretil,other,50435,1830,43466,tei_unique,,0.700,1.000,0.700,35304.5
data/processed/gretil_devanagari/tei/transformations/html/sa_atharvaprAyazcittAni.txt,gretil,other,46061,1304,41347,tei_unique,,0.700,1.000,0.700,32242.7
data/processed/gretil_devanagari/tei/transformations/html/sa_atharvavedapariziSTas.txt,gretil,veda,297362,7042,265846,tei_unique,,0.800,1.000,0.800,237889.6
data/processed/gretil_devanagari/tei/transformations/html/sa_atiza-bodhipathapradIpa.txt,gretil,other,6133,214,5527,exact,6_sastra/3_phil/buddh/bsa004_u.txt,0.700,0.200,0.140,858.6
data/processed/gretil_devanagari/tei/transformations/html/sa_avadAnazataka.txt,gretil,poetry,580241,9450,524154,tei_unique,,1.000,1.000,1.000,580241.0
data/processed/gretil_devanagari/tei/transformations/html/sa_avadhUtasiddha-bhagavadbhaktistotra.txt,gretil,rellit,8594,328,7687,tei_unique,,0.700,1.000,0.700,6015.8
data/processed/gretil_devanagari/tei/transformations/html/sa_AyuHparyantasUtra.txt,gretil,other,15062,260,13512,tei_unique,,0.700,1.000,0.700,10543.4
data/processed/gretil_devanagari/tei/transformations/html/sa_azokAvadAna.txt,gretil,other,116128,2421,103696,tei_unique,,0.700,1.000,0.700,81289.6
data/processed/gretil_devanagari/tei/transformations/html/sa_azvaghoSa-buddhacarita-alt.txt,gretil,rellit,108456,3124,96165,exact,5_poetry/2_kavya/asvbuc2u.txt,0.700,0.200,0.140,15183.8
data/processed/gretil_devanagari/tei/transformations/html/sa_azvaghoSa-buddhacarita.txt,gretil,rellit,203601,6147,176024,tei_unique,,0.700,1.000,0.700,142520.7
data/processed/gretil_devanagari/tei/transformations/html/sa_azvaghoSa-gurupaJcAzikA.txt,gretil,other,4511,154,4038,tei_unique,,0.700,1.000,0.700,3157.7
data/processed/gretil_devanagari/tei/transformations/html/sa_azvaghoSa-saundarAnanda-edmatsunami.txt,gretil,other,108545,3259,96185,prefix_in_candidate,5_poetry/2_kavya/asvsaunu.txt,0.700,0.200,0.140,15196.3
data/processed/gretil_devanagari/tei/transformations/html/sa_azvaghoSa-saundarAnanda.txt,gretil,other,109920,3303,97436,prefix_in_candidate,5_poetry/2_kavya/asvsau2u.txt,0.700,0.200,0.140,15388.8
data/processed/gretil_devanagari/tei/transformations/html/sa_azvaghoSa-vajrasUcI.txt,gretil,other,4803,163,4242,exact,6_sastra/3_phil/buddh/bsa020_u.txt,0.700,0.200,0.140,672.4
data/processed/gretil_devanagari/tei/transformations/html/sa_AzvalAyanagRhyasUtra.txt,gretil,other,44464,762,39742,tei_unique,,0.700,1.000,0.700,31124.8
data/processed/gretil_devanagari/tei/transformations/html/sa_AzvalAyanazrautasUtra.txt,gretil,veda,190207,4018,168599,prefix_in_candidate,1_veda/5_vedang/1_srauta/asvss_u.txt,0.800,0.200,0.160,30433.1
data/processed/gretil_devanagari/tei/transformations/html/sa_bAdarAyaNa-brahmasUtra-alt.txt,gretil,veda,15246,565,13970,tei_unique,,0.800,1.000,0.800,12196.8
data/processed/gretil_devanagari/tei/transformations/html/sa_bAdarAyaNa-brahmasUtra-comm-subcomm2.txt,gretil,veda,1621034,32676,1481785,tei_unique,,0.800,1.000,0.800,1296827.2
data/processed/gretil_devanagari/tei/transformations/html/sa_bAdarAyaNa-brahmasUtra-comm.txt,gretil,veda,811459,17600,738544,tei_unique,,0.800,1.000,0.800,649167.2
data/processed/gretil_devanagari/tei/transformations/html/sa_bAdarAyaNa-brahmasUtra-subcomm.txt,gretil,veda,825440,16210,757335,tei_unique,,0.800,1.000,0.800,660352.0
data/processed/gretil_devanagari/tei/transformations/html/sa_bAdarAyaNa-brahmasUtra-subcomm2.txt,gretil,veda,904340,18652,827175,tei_unique,,0.800,1.000,0.800,723472.0
data/processed/gretil_devanagari/tei/transformations/html/sa_bAdarAyaNa-brahmasUtra.txt,gretil,veda,15154,555,13899,tei_unique,,0.800,1.000,0.800,12123.2
"data/processed/gretil_devanagari/tei/transformations/html/sa_bAdarAyaNa-brahmasUtra1,1-1,3-comm-subcomm.txt",gretil,veda,565379,9272,514785,tei_unique,,0.800,1.000,0.800,452303.2
data/processed/gretil_devanagari/tei/transformations/html/sa_bANa-harSacarita.txt,gretil,other,296990,4075,258153,tei_unique,,0.700,1.000,0.700,207893.0
data/processed/gretil_devanagari/tei/transformations/html/sa_bANa-harSacaritapariziSTa.txt,gretil,other,1744,60,1547,exact,5_poetry/2_kavya/bahcarpu.txt,0.700,0.200,0.140,244.2
"data/processed/gretil_devanagari/tei/transformations/html/sa_bANa-kAdambarI-1,84-122.txt",gretil,other,78937,1394,72064,tei_unique,,0.700,1.000,0.700,55255.9
data/processed/gretil_devanagari/tei/transformations/html/sa_baudhAyanadharmasUtra.txt,gretil,sastra,93527,2305,81856,tei_unique,,1.000,1.000,1.000,93527.0
data/processed/gretil_devanagari/tei/transformations/html/sa_bhagavadgItA-4comm.txt,gretil,other,1402610,24161,1237310,tei_unique,,0.700,1.000,0.700,981827.0
data/processed/gretil_devanagari/tei/transformations/html/sa_bhagavadgItA-comm.txt,gretil,other,350877,7568,307462,tei_unique,,0.700,1.000,0.700,245613.9
"data/processed/gretil_devanagari/tei/transformations/html/sa_bhAgavatapurANa-10,29-33.txt",gretil,other,51127,1242,45615,tei_unique,,0.700,1.000,0.700,35788.9
data/processed/gretil_devanagari/tei/transformations/html/sa_bhAgavatapurANa.txt,gretil,other,1397855,45994,1228376,tei_unique,,0.700,1.000,0.700,978498.5
data/processed/gretil_devanagari/tei/transformations/html/sa_bhaiSajyaguruvaidUryaprabharAjasUtra.txt,gretil,other,19972,275,18007,tei_unique,,0.700,1.000,0.700,13980.4
data/processed/gretil_devanagari/tei/transformations/html/sa_bhaiSajyavastu.txt,gretil,other,309377,4790,276825,tei_unique,,0.700,1.000,0.700,216563.9
data/processed/gretil_devanagari/tei/transformations/html/sa_bhaktivinoda-harinAmacintAmaNi.txt,gretil,rellit,74965,3686,60836,exact,4_rellit/vaisn/harinc_u.txt,0.700,0.200,0.140,10495.1
data/processed/gretil_devanagari/tei/transformations/html/sa_bhallaTa-bhallaTazataka.txt,gretil,poetry,30811,718,27503,tei_unique,,1.000,1.000,1.000,30811.0
data/processed/gretil_devanagari/tei/transformations/html/sa_bhAmaha-kAvyAlaMkAra.txt,gretil,other,37873,1242,34002,tei_unique,,0.700,1.000,0.700,26511.1
data/processed/gretil_devanagari/tei/transformations/html/sa_bharata-nATyazAstra-1-1618-303335-37.txt,gretil,other,394504,13717,351867,prefix_in_candidate,5_poetry/1_natya/bharnatu.txt,0.700,0.200,0.140,55230.6
data/processed/gretil_devanagari/tei/transformations/html/sa_bhAravi-kirAtArjunIya.txt,gretil,other,213873,6244,191726,tei_unique,,0.700,1.000,0.700,149711.1
data/processed/gretil_devanagari/tei/transformations/html/sa_bhartRhari-vAkyapadIya.txt,gretil,other,167016,5992,149511,prefix_in_candidate,6_sastra/1_gram/vakyp1au.txt,0.700,0.200,0.140,23382.2
"data/processed/gretil_devanagari/tei/transformations/html/sa_bhartRhari-vAkyapadIya1-3,7.txt",gretil,other,91028,2229,82404,exact,6_sastra/1_gram/vakyp_au.txt,0.700,0.200,0.140,12743.9
data/processed/gretil_devanagari/tei/transformations/html/sa_bhAsa-dUtavAkya.txt,gretil,other,15305,445,13661,exact,5_poetry/3_drama/bhasdutu.txt,0.700,0.200,0.140,2142.7
data/processed/gretil_devanagari/tei/transformations/html/sa_bhAsa-svapnavAsavadatta.txt,gretil,other,40798,1624,35526,tei_unique,,0.700,1.000,0.700,28558.6
data/processed/gretil_devanagari/tei/transformations/html/sa_bhAsarvajJa-gaNakArikA-1-comm.txt,gretil,other,40535,969,37044,tei_unique,,0.700,1.000,0.700,28374.5
data/processed/gretil_devanagari/tei/transformations/html/sa_bhAskara-bhagavadAzayAnusaraNabhAsya.txt,gretil,other,234016,8297,209846,tei_unique,,0.700,1.000,0.700,163811.2
data/processed/gretil_devanagari/tei/transformations/html/sa_bhAskara-bIjagaNita.txt,gretil,other,19697,510,17442,tei_unique,,0.700,1.000,0.700,13787.9
data/processed/gretil_devanagari/tei/transformations/html/sa_bhAskara-lIlAvatI.txt,gretil,other,69788,1807,60631,tei_unique,,0.700,1.000,0.700,48851.6
data/processed/gretil_devanagari/tei/transformations/html/sa_bhAskarakaNTha-mokSopAyaTIkA.txt,gretil,other,844431,26977,750752,tei_unique,,0.700,1.000,0.700,591101.7
data/processed/gretil_devanagari/tei/transformations/html/sa_bhatRhari-zatakatraya.txt,gretil,poetry,50556,1580,43671,exact,5_poetry/5_subhas/bharst_u.txt,1.000,0.200,0.200,10111.2
data/processed/gretil_devanagari/tei/transformations/html/sa_bhaTTanArAyaNa-stavacintAmaNi.txt,gretil,other,20324,725,18187,prefix_in_candidate,4_rellit/saiva/bhnstcbu.txt,0.700,0.200,0.140,2845.4
data/processed/gretil_devanagari/tei/transformations/html/sa_bhaTTanArAyaNa-veNIsaMhAra.txt,gretil,other,121079,3949,107683,tei_unique,,0.700,1.000,0.700,84755.3
data/processed/gretil_devanagari/tei/transformations/html/sa_bhaTTi-rAvaNavadha.txt,gretil,other,155112,5081,135543,exact,5_poetry/2_kavya/bhattiku.txt,0.700,0.200,0.140,21715.7
data/processed/gretil_devanagari/tei/transformations/html/sa_bhAvAgaNeza-tattvayAthArthyadIpana.txt,gretil,other,36589,903,33436,tei_unique,,0.700,1.000,0.700,25612.3
data/processed/gretil_devanagari/tei/transformations/html/sa_bhAvamizra-bhAvaprakAza.txt,gretil,other,37674,1352,33630,exact,6_sastra/7_ayur/bhavpr_u.txt,0.700,0.200,0.140,5274.4
data/processed/gretil_devanagari/tei/transformations/html/sa_bhavasaMkrAntisUtra.txt,gretil,other,3578,68,3180,tei_unique,,0.700,1.000,0.700,2504.6
data/processed/gretil_devanagari/tei/transformations/html/sa_bhikSukarmavAkya.txt,gretil,other,17563,241,15827,tei_unique,,0.700,1.000,0.700,12294.1
data/processed/gretil_devanagari/tei/transformations/html/sa_bhikSuNIkarmavAcanA.txt,gretil,other,36672,445,33212,tei_unique,,0.700,1.000,0.700,25670.4
data/processed/gretil_devanagari/tei/transformations/html/sa_bhikSuNIvinaya.txt,gretil,other,328138,5550,290477,tei_unique,,0.700,1.000,0.700,229696.6
data/processed/gretil_devanagari/tei/transformations/html/sa_bhRgusaMhitA.txt,gretil,other,482103,17147,431159,prefix_in_candidate,4_rellit/vaisn/bhrgus_u.txt,0.700,0.200,0.140,67494.4
data/processed/gretil_devanagari/tei/transformations/html/sa_bhUtirAja-svabodhasiddhi.txt,gretil,other,2870,100,2619,tei_unique,,0.700,1.000,0.700,2009.0
data/processed/gretil_devanagari/tei/transformations/html/sa_bIjanighaNTu.txt,gretil,other,6975,221,6212,tei_unique,,0.700,1.000,0.700,4882.5
data/processed/gretil_devanagari/tei/transformations/html/sa_bilhaNa-caurapaJcAzikA.txt,gretil,other,13844,307,12032,tei_unique,,0.700,1.000,0.700,9690.8
data/processed/gretil_devanagari/tei/transformations/html/sa_bodhisattvabhUmi.txt,gretil,other,445374,6084,407074,tei_unique,,0.700,1.000,0.700,311761.8
data/processed/gretil_devanagari/tei/transformations/html/sa_bodhisattvaprAtimokSasUtra.txt,gretil,other,5628,75,5175,tei_unique,,0.700,1.000,0.700,3939.6
data/processed/gretil_devanagari/tei/transformations/html/sa_bower-manuscript.txt,gretil,other,120138,1134,107586,tei_unique,,0.700,1.000,0.700,84096.6
data/processed/gretil_devanagari/tei/transformations/html/sa_brahmabindUpaniSad.txt,gretil,veda,1840,66,1611,exact,1_veda/4_upa/brbiuppu.txt,0.800,0.200,0.160,294.4
data/processed/gretil_devanagari/tei/transformations/html/sa_brahmagupta-brAhmasphuTasiddhAnta.txt,gretil,veda,21519,645,18871,tei_unique,,0.800,1.000,0.800,17215.2
data/processed/gretil_devanagari/tei/transformations/html/sa_brahmANDapurANa.txt,gretil,veda,1197691,42524,1062876,prefix_in_candidate,3_purana/brndp1_u.txt,0.800,0.200,0.160,191630.6
data/processed/gretil_devanagari/tei/transformations/html/sa_brahmapurANa-1-246.txt,gretil,veda,1197213,47145,1051885,prefix_in_candidate,3_purana/brahmap/brahmpau.txt,0.800,0.200,0.160,191554.1
data/processed/gretil_devanagari/tei/transformations/html/sa_brahmasaMhitA-5-comm.txt,gretil,veda,60910,1393,53246,exact,4_rellit/vaisn/brhms5cu.txt,0.800,0.200,0.160,9745.6
data/processed/gretil_devanagari/tei/transformations/html/sa_bRhadAraNyakopaniSadkANva-recension-comm.txt,gretil,other,694427,14606,628020,tei_unique,,0.700,1.000,0.700,486098.9
data/processed/gretil_devanagari/tei/transformations/html/sa_bRhaspatismRti-vyavahArakANDa.txt,gretil,other,220516,7886,193228,tei_unique,,0.700,1.000,0.700,154361.2
data/processed/gretil_devanagari/tei/transformations/html/sa_buddhabalAdhAnaprAtihAryavikurvANanirdezasUtra.txt,gretil,rellit,9442,120,8749,tei_unique,,0.700,1.000,0.700,6609.4
data/processed/gretil_devanagari/tei/transformations/html/sa_buddhaghoSa-siddhArthacaritrakAvya.txt,gretil,rellit,67795,1965,62456,prefix_in_candidate,4_rellit/buddh/bghsic_u.txt,0.700,0.200,0.140,9491.3
data/processed/gretil_devanagari/tei/transformations/html/sa_buddhasvAmin-bRhatkathAzlokasaMgraha.txt,gretil,rellit,744686,27239,648197,tei_unique,,0.700,1.000,0.700,521280.2
data/processed/gretil_devanagari/tei/transformations/html/sa_buddhist-stotras.txt,gretil,rellit,18628,853,16491,tei_unique,,0.700,1.000,0.700,13039.6
data/processed/gretil_devanagari/tei/transformations/html/sa_buddhist-yoga-manual.txt,gretil,rellit,60980,936,55051,tei_unique,,0.700,1.000,0.700,42686.0
data/processed/gretil_devanagari/tei/transformations/html/sa_cakrapANinAtha-bhavopahArastotra.txt,gretil,rellit,3761,140,3458,prefix_in_candidate,4_rellit/saiva/cakbh_au.txt,0.700,0.200,0.140,526.5
data/processed/gretil_devanagari/tei/transformations/html/sa_cAmuNDa-rasasaMketakalikA.txt,gretil,other,27327,939,24373,prefix_in_candidate,6_sastra/7_ayur/rassanku.txt,0.700,0.200,0.140,3825.8
data/processed/gretil_devanagari/tei/transformations/html/sa_candragomin-ziSyalekha.txt,gretil,other,14341,370,12953,prefix_in_candidate,4_rellit/buddh/cansisyu.txt,0.700,0.200,0.140,2007.7
data/processed/gretil_devanagari/tei/transformations/html/sa_candrakIrti-bodhisattvayogAcAracatuHzatakaTIkA.txt,gretil,poetry,118896,2405,106783,tei_unique,,1.000,1.000,1.000,118896.0
data/processed/gretil_devanagari/tei/transformations/html/sa_candrakIrti-prasannapada.txt,gretil,other,444268,8589,397638,tei_unique,,0.700,1.000,0.700,310987.6
data/processed/gretil_devanagari/tei/transformations/html/sa_candrasUtra.txt,gretil,other,1109,26,990,tei_unchecked_short,,0.700,1.000,0.700,776.3
data/processed/gretil_devanagari/tei/transformations/html/sa_carmavastu.txt,gretil,other,50772,697,45356,tei_unique,,0.700,1.000,0.700,35540.4
data/processed/gretil_devanagari/tei/transformations/html/sa_caturdharmanirdezasUtra.txt,gretil,sastra,1408,25,1296,tei_unique,,1.000,1.000,1.000,1408.0
data/processed/gretil_devanagari/tei/transformations/html/sa_chAndogyopaniSad-comm.txt,gretil,other,410722,10226,369717,tei_unique,,0.700,1.000,0.700,287505.4
data/processed/gretil_devanagari/tei/transformations/html/sa_chandoviciti.txt,gretil,other,5658,328,5004,exact,5_poetry/1_chandas/chandovu.txt,0.700,0.200,0.140,792.1
data/processed/gretil_devanagari/tei/transformations/html/sa_cIvaravastu.txt,gretil,other,151215,2115,134631,tei_unique,,0.700,1.000,0.700,105850.5
data/processed/gretil_devanagari/tei/transformations/html/sa_dAmodaragupta-kuTTanImata.txt,gretil,other,92454,3173,82891,exact,5_poetry/2_kavya/damkuttu.txt,0.700,0.200,0.140,12943.6
data/processed/gretil_devanagari/tei/transformations/html/sa_daNDin-dazakumAracarita.txt,gretil,other,204739,3770,187251,tei_unique,,0.700,1.000,0.700,143317.3
data/processed/gretil_devanagari/tei/transformations/html/sa_daNDin-dazakumAracarita3--5-6.txt,gretil,other,114345,1589,100525,tei_unique,,0.700,1.000,0.700,80041.5
data/processed/gretil_devanagari/tei/transformations/html/sa_daNDin-kAvyAdarza-1-2.txt,gretil,other,38703,958,35091,exact,5_poetry/1_alam/dkavy12u.txt,0.700,0.200,0.140,5418.4
data/processed/gretil_devanagari/tei/transformations/html/sa_daNDin-kAvyAdarza-3.txt,gretil,other,16044,578,14278,prefix_in_candidate,5_poetry/1_alam/dkavy3_u.txt,0.700,0.200,0.140,2246.2
data/processed/gretil_devanagari/tei/transformations/html/sa_daNDin-kAvyAdarza1--2.1-144--2.310-368.txt,gretil,other,52860,1919,45459,tei_unique,,0.700,1.000,0.700,37002.0
data/processed/gretil_devanagari/tei/transformations/html/sa_dantyoSThavidhi.txt,gretil,other,1974,73,1711,exact,1_veda/5_vedang/2_paris/dantyovu.txt,0.700,0.200,0.140,276.4
data/processed/gretil_devanagari/tei/transformations/html/sa_davuldeNa-jJAnezvara-mahAsthavira-yazodharAcarita.txt,gretil,other,6366,274,5625,exact,4_rellit/buddh/davyasou.txt,0.700,0.200,0.140,891.2
data/processed/gretil_devanagari/tei/transformations/html/sa_dazabalasUtra-1-4.txt,gretil,other,15979,181,14500,tei_unique,,0.700,1.000,0.700,11185.3
data/processed/gretil_devanagari/tei/transformations/html/sa_dazabhUmikasUtra.txt,gretil,other,190663,3129,174482,tei_unique,,0.700,1.000,0.700,133464.1
data/processed/gretil_devanagari/tei/transformations/html/sa_dazasAhasrikA-prajJApAramitA1-and-2-translated-from-tibetan.txt,gretil,other,36479,565,33467,tei_unique,,0.700,1.000,0.700,25535.3
data/processed/gretil_devanagari/tei/transformations/html/sa_devatAsUtra-and-alpadevatAsUtra.txt,gretil,other,3266,85,2831,exact,4_rellit/buddh/dvtasutu.txt,0.700,0.200,0.140,457.2
data/processed/gretil_devanagari/tei/transformations/html/sa_devIgItA.txt,gretil,other,45163,1623,40084,tei_unique,,0.700,1.000,0.700,31614.1
data/processed/gretil_devanagari/tei/transformations/html/sa_devIkAlottarAgama.txt,gretil,other,7266,255,6419,prefix_in_candidate,4_rellit/saiva/devikaau.txt,0.700,0.200,0.140,1017.2
data/processed/gretil_devanagari/tei/transformations/html/sa_dhanaMjaya-dazarUpaka-1-4.txt,gretil,other,26530,909,24138,exact,5_poetry/1_natya/dhandasu.txt,0.700,0.200,0.140,3714.2
data/processed/gretil_devanagari/tei/transformations/html/sa_dharmakIrti-hetubindu-edsteinkellner.txt,gretil,sastra,38257,789,33360,exact,6_sastra/3_phil/buddh/dhkhetuu.txt,1.000,0.200,0.200,7651.4
data/processed/gretil_devanagari/tei/transformations/html/sa_dharmakIrti-hetubindu.txt,gretil,sastra,36727,536,33322,tei_unique,,1.000,1.000,1.000,36727.0
data/processed/gretil_devanagari/tei/transformations/html/sa_dharmakIrti-nyAyabindu.txt,gretil,sastra,15304,331,13375,tei_unique,,1.000,1.000,1.000,15304.0
data/processed/gretil_devanagari/tei/transformations/html/sa_dharmakIrti-nyAyabinduprakaraNa-comm.txt,gretil,sastra,255910,4034,232336,tei_unique,,1.000,1.000,1.000,255910.0
data/processed/gretil_devanagari/tei/transformations/html/sa_dharmakIrti-nyAyabinduprakaraNakArikA.txt,gretil,sastra,13965,285,12830,tei_unique,,1.000,1.000,1.000,13965.0
data/processed/gretil_devanagari/tei/transformations/html/sa_dharmakIrti-pramANavArttikakArikA.txt,gretil,sastra,96431,2257,83841,exact,6_sastra/3_phil/buddh/dhkprvku.txt,1.000,0.200,0.200,19286.2
data/processed/gretil_devanagari/tei/transformations/html/sa_dharmakIrti-pramANavArttisvavRtti.txt,gretil,sastra,228085,5062,197907,prefix_in_candidate,6_sastra/3_phil/buddh/dhkpvsvu.txt,1.000,0.200,0.200,45617.0
data/processed/gretil_devanagari/tei/transformations/html/sa_dharmakIrti-pramANavinizcaya-fragment.txt,gretil,sastra,1479,27,1335,tei_unique,,1.000,1.000,1.000,1479.0
data/processed/gretil_devanagari/tei/transformations/html/sa_dharmakIrti-saMbandhaparIkSA-comm.txt,gretil,sastra,8116,182,7325,tei_unique,,1.000,1.000,1.000,8116.0
data/processed/gretil_devanagari/tei/transformations/html/sa_dharmakIrti-saMtAnAntarasiddhi.txt,gretil,sastra,7464,108,6857,tei_unique,,1.000,1.000,1.000,7464.0
data/processed/gretil_devanagari/tei/transformations/html/sa_dharmakIrti-subandhaparIkSA-1-25.txt,gretil,sastra,3257,86,2868,exact,6_sastra/3_phil/buddh/dhksparu.txt,1.000,0.200,0.200,651.4
data/processed/gretil_devanagari/tei/transformations/html/sa_dharmakIrti-vAdanyAya-alt.txt,gretil,sastra,59091,979,53977,tei_unique,,1.000,1.000,1.000,59091.0
data/processed/gretil_devanagari/tei/transformations/html/sa_dharmakIrti-vAdanyAya.txt,gretil,sastra,62750,1348,54845,exact,6_sastra/3_phil/buddh/dhkvadnu.txt,1.000,0.200,0.200,12550.0
data/processed/gretil_devanagari/tei/transformations/html/sa_dharmasamuccaya.txt,gretil,sastra,216431,8786,189738,exact,6_sastra/3_phil/buddh/bsa052_u.txt,1.000,0.200,0.200,43286.2
data/processed/gretil_devanagari/tei/transformations/html/sa_dharmaskandha.txt,gretil,sastra,75299,723,67820,tei_unique,,1.000,1.000,1.000,75299.0
data/processed/gretil_devanagari/tei/transformations/html/sa_dhoyI-pavanadUta.txt,gretil,other,17348,417,16225,exact,5_poetry/2_kavya/dhoypavu.txt,0.700,0.200,0.140,2428.7
data/processed/gretil_devanagari/tei/transformations/html/sa_DhuNDhukanAtha-rasendracintAmaNi.txt,gretil,other,79732,2649,71381,tei_unique,,0.700,1.000,0.700,55812.4
data/processed/gretil_devanagari/tei/transformations/html/sa_dhvajAgrakeyUrAdhAriNI-alt.txt,gretil,other,2884,46,2555,tei_unique,,0.700,1.000,0.700,2018.8
data/processed/gretil_devanagari/tei/transformations/html/sa_dhvajAgrakeyUrAdhAriNI.txt,gretil,other,1272,21,1070,tei_unique,,0.700,1.000,0.700,890.4
data/processed/gretil_devanagari/tei/transformations/html/sa_dhvajAgrasUtra.txt,gretil,other,1876,35,1663,tei_unique,,0.700,1.000,0.700,1313.2
data/processed/gretil_devanagari/tei/transformations/html/sa_dhyAnacandragosvAmin-gauragaovindArcanasmaraNapaddhati.txt,gretil,other,46719,1612,40160,tei_unique,,0.700,1.000,0.700,32703.3
data/processed/gretil_devanagari/tei/transformations/html/sa_dhyAnacandragosvAmin-rAdhAkRSNASTakAlIyalIlAsmaraNakramapaddhati.txt,gretil,other,16791,596,14519,prefix_in_candidate,4_rellit/vaisn/dhyrkk_u.txt,0.700,0.200,0.140,2350.7
data/processed/gretil_devanagari/tei/transformations/html/sa_dignAga-prajJApAramitApiNDArtha.txt,gretil,other,4932,179,4420,exact,6_sastra/3_phil/buddh/bsa011_u.txt,0.700,0.200,0.140,690.5
data/processed/gretil_devanagari/tei/transformations/html/sa_dignAga-yogAvatAra.txt,gretil,other,815,29,743,tei_unchecked_short,,0.700,1.000,0.700,570.5
data/processed/gretil_devanagari/tei/transformations/html/sa_dIpaMkara-caryAsaMgrahapradIpa.txt,gretil,other,2034,70,1811,exact,6_sastra/3_phil/buddh/bsa005_u.txt,0.700,0.200,0.140,284.8
data/processed/gretil_devanagari/tei/transformations/html/sa_dIpaMkara-satyadvayAvatAranAma.txt,gretil,other,2799,94,2518,exact,6_sastra/3_phil/buddh/bsa024_u.txt,0.700,0.200,0.140,391.9
data/processed/gretil_devanagari/tei/transformations/html/sa_dIpaMkarabhadra-guhyasamAjamaNDalavidhi.txt,gretil,other,39149,1333,35536,prefix_in_candidate,4_rellit/buddh/dipguhsu.txt,0.700,0.200,0.140,5480.9
data/processed/gretil_devanagari/tei/transformations/html/sa_dIpaMkarazrIjJAna-ApattidezanAvidhi.txt,gretil,other,1034,17,950,tei_unchecked_short,,0.700,1.000,0.700,723.8
data/processed/gretil_devanagari/tei/transformations/html/sa_dIpaMkarazrIjJAna-bodhisattvAdikarmikamArgAvatAradezanA.txt,gretil,other,3851,66,3504,tei_unique,,0.700,1.000,0.700,2695.7
data/processed/gretil_devanagari/tei/transformations/html/sa_dIpaMkarazrIjJAna-cittotpAdasaMvaravidhikrama.txt,gretil,other,7196,115,6587,tei_unique,,0.700,1.000,0.700,5037.2
data/processed/gretil_devanagari/tei/transformations/html/sa_dIpaMkarazrIjJAna-dazAkuzalakarmapathadezanA.txt,gretil,other,2085,33,1896,tei_unique,,0.700,1.000,0.700,1459.5
data/processed/gretil_devanagari/tei/transformations/html/sa_dIpaMkarazrIjJAna-gurukriyAkrama.txt,gretil,other,1374,22,1247,tei_unique,,0.700,1.000,0.700,961.8
data/processed/gretil_devanagari/tei/transformations/html/sa_dIpaMkarazrIjJAna-mahAyAnapathasAdhanasaMgraha.txt,gretil,other,1007,33,903,tei_unchecked_short,,0.700,1.000,0.700,704.9
data/processed/gretil_devanagari/tei/transformations/html/sa_dIpaMkarazrIjJAna-samAdhisaMbhAraparivarta.txt,gretil,other,1150,39,1048,exact,6_sastra/3_phil/buddh/bsa043_u.txt,0.700,0.200,0.140,161.0
data/processed/gretil_devanagari/tei/transformations/html/sa_dIpaMkarazrIjJAna-sUtrArthasamuccayopadeza.txt,gretil,other,5339,78,4901,tei_unique,,0.700,1.000,0.700,3737.3
data/processed/gretil_devanagari/tei/transformations/html/sa_dIpaMkarazrIjJAna-zaraNagamanadezanA.txt,gretil,other,2809,64,2547,tei_unique,,0.700,1.000,0.700,1966.3
data/processed/gretil_devanagari/tei/transformations/html/sa_divyAvadAna.txt,gretil,other,1039096,21556,933959,prefix_in_candidate,4_rellit/buddh/divyav_u.txt,0.700,0.200,0.140,145473.4
data/processed/gretil_devanagari/tei/transformations/html/sa_dramatic-fragments-buddhist.txt,gretil,rellit,13323,755,11054,tei_unique,,0.700,1.000,0.700,9326.1
data/processed/gretil_devanagari/tei/transformations/html/sa_durvekamizra-dharmottarapradIpa.txt,gretil,other,540736,8380,491021,tei_unique,,0.700,1.000,0.700,378515.2
data/processed/gretil_devanagari/tei/transformations/html/sa_durvekamizra-hetubinduTIkAloka.txt,gretil,other,303061,3359,276909,tei_unique,,0.700,1.000,0.700,212142.7
data/processed/gretil_devanagari/tei/transformations/html/sa_dvAviMzatyavadAnakathA.txt,gretil,other,171411,3662,153365,tei_unique,,0.700,1.000,0.700,119987.7
data/processed/gretil_devanagari/tei/transformations/html/sa_ekAdazamukha.txt,gretil,other,4843,70,4371,tei_unique,,0.700,1.000,0.700,3390.1
data/processed/gretil_devanagari/tei/transformations/html/sa_ekAdazamukhahRdaya.txt,gretil,other,6695,151,5971,tei_unique,,0.700,1.000,0.700,4686.5
data/processed/gretil_devanagari/tei/transformations/html/sa_ekottarAgamafragments.txt,gretil,other,55903,788,50014,tei_unique,,0.700,1.000,0.700,39132.1
data/processed/gretil_devanagari/tei/transformations/html/sa_fragments-of-prajJApAramitA-texts.txt,gretil,other,94464,1518,84765,tei_unique,,0.700,1.000,0.700,66124.8
data/processed/gretil_devanagari/tei/transformations/html/sa_gAGgeza-tattvacintAmaNizabdakhANDa.txt,gretil,other,185286,3004,169920,tei_unique,,0.700,1.000,0.700,129700.2
data/processed/gretil_devanagari/tei/transformations/html/sa_gaNapatihRdaydhAraNI.txt,gretil,other,1815,40,1584,tei_unique,,0.700,1.000,0.700,1270.5
data/processed/gretil_devanagari/tei/transformations/html/sa_gaNDavyUhasUtra.txt,gretil,other,868815,12810,807074,tei_unique,,0.700,1.000,0.700,608170.5
data/processed/gretil_devanagari/tei/transformations/html/sa_garbhasaMgrahaH.txt,gretil,other,1277,45,1172,exact,6_sastra/3_phil/buddh/bsa008_u.txt,0.700,0.200,0.140,178.8
data/processed/gretil_devanagari/tei/transformations/html/sa_garbhopaniSad.txt,gretil,other,3283,60,2926,tei_unique,,0.700,1.000,0.700,2298.1
data/processed/gretil_devanagari/tei/transformations/html/sa_garuDapurANa.txt,gretil,other,1150965,39165,1017994,tei_unique,,0.700,1.000,0.700,805675.5
data/processed/gretil_devanagari/tei/transformations/html/sa_gauDapAda-AgamazAstra.txt,gretil,other,35656,1309,30539,tei_unique,,0.700,1.000,0.700,24959.2
data/processed/gretil_devanagari/tei/transformations/html/sa_gautama-dharmasUtra.txt,gretil,sastra,38564,1315,35500,tei_unique,,1.000,1.000,1.000,38564.0
data/processed/gretil_devanagari/tei/transformations/html/sa_gautama-dharmasUtra1-3-comm.txt,gretil,sastra,78130,2198,70821,tei_unique,,1.000,1.000,1.000,78130.0
data/processed/gretil_devanagari/tei/transformations/html/sa_gautama-nyAyasUtra-comm-alt.txt,gretil,other,274219,7018,250084,prefix_in_candidate,6_sastra/3_phil/nyaya/nysvbh_u.txt,0.700,0.200,0.140,38390.7
data/processed/gretil_devanagari/tei/transformations/html/sa_gautama-nyAyasUtra-comm.txt,gretil,other,279734,5619,254975,tei_unique,,0.700,1.000,0.700,195813.8
data/processed/gretil_devanagari/tei/transformations/html/sa_gautama-nyAyasUtra-comm2.txt,gretil,other,968581,22411,882254,tei_unique,,0.700,1.000,0.700,678006.7
data/processed/gretil_devanagari/tei/transformations/html/sa_gautama-nyAyasUtra.txt,gretil,other,30155,1170,27610,prefix_in_candidate,6_sastra/3_phil/nyaya/gaunys_u.txt,0.700,0.200,0.140,4221.7
"data/processed/gretil_devanagari/tei/transformations/html/sa_gautama-nyAyasUtra5,1-comm.txt",gretil,other,40111,812,36056,tei_unique,,0.700,1.000,0.700,28077.7
data/processed/gretil_devanagari/tei/transformations/html/sa_ghaTakarparakAvya-comm.txt,gretil,other,22373,393,19781,tei_unique,,0.700,1.000,0.700,15661.1
data/processed/gretil_devanagari/tei/transformations/html/sa_gheraNDasaMhitA.txt,gretil,other,67946,2396,58584,tei_unique,,0.700,1.000,0.700,47562.2
data/processed/gretil_devanagari/tei/transformations/html/sa_gopadatta-jAtakamAlA.txt,gretil,other,173151,4813,156822,tei_unique,,0.700,1.000,0.700,121205.7
data/processed/gretil_devanagari/tei/transformations/html/sa_gopAlabhaTTa-haribhaktivilAsa-1-11.txt,gretil,rellit,451672,17030,389965,prefix_in_candidate,4_rellit/vaisn/hbhvil_u.txt,0.700,0.200,0.140,63234.1
"data/processed/gretil_devanagari/tei/transformations/html/sa_gopathabrAhmaNa-1,1,1-1,3,6.txt",gretil,veda,53096,755,47615,tei_unique,,0.800,1.000,0.800,42476.8
data/processed/gretil_devanagari/tei/transformations/html/sa_gopathabrAhmaNa.txt,gretil,veda,200122,6356,177934,tei_unique,,0.800,1.000,0.800,160097.6
data/processed/gretil_devanagari/tei/transformations/html/sa_gorakSanAtha-AmaraughazAsana-comm.txt,gretil,other,9886,218,8977,tei_unique,,0.700,1.000,0.700,6920.2
data/processed/gretil_devanagari/tei/transformations/html/sa_gorakSanAtha-gorakSazataka.txt,gretil,poetry,9280,301,7994,prefix_in_candidate,4_rellit/saiva/gorst1au.txt,1.000,0.200,0.200,1856.0
data/processed/gretil_devanagari/tei/transformations/html/sa_gorakSazataka-alt.txt,gretil,poetry,9148,304,7878,prefix_in_candidate,4_rellit/saiva/gorst2au.txt,1.000,0.200,0.200,1829.6
data/processed/gretil_devanagari/tei/transformations/html/sa_govardhana-AryAsaptazatI.txt,gretil,other,69341,2306,59129,exact,5_poetry/2_kavya/govass_u.txt,0.700,0.200,0.140,9707.7
data/processed/gretil_devanagari/tei/transformations/html/sa_govindabhagavatpAda-rasahRdayatantra-comm.txt,gretil,rellit,222988,5957,198678,tei_unique,,0.700,1.000,0.700,156091.6
data/processed/gretil_devanagari/tei/transformations/html/sa_govindkaul-pradezasaMgraha.txt,gretil,other,68500,1401,61552,tei_unique,,0.700,1.000,0.700,47950.0
data/processed/gretil_devanagari/tei/transformations/html/sa_grahamAtRkAdhAraNI.txt,gretil,other,9125,142,8206,tei_unique,,0.700,1.000,0.700,6387.5
data/processed/gretil_devanagari/tei/transformations/html/sa_guNakAraNDavyUhasUtra.txt,gretil,other,342348,12104,304850,prefix_in_candidate,4_rellit/buddh/bsu062_u.txt,0.700,0.200,0.140,47928.7
data/processed/gretil_devanagari/tei/transformations/html/sa_haribhadrasUri-nyAyapravezapravRtti.txt,gretil,other,46968,669,42588,tei_unique,,0.700,1.000,0.700,32877.6
data/processed/gretil_devanagari/tei/transformations/html/sa_haribhadrasUri-zAstravArttAsamuccaya.txt,gretil,other,59012,2142,52635,prefix_in_candidate,4_rellit/jaina/hsasvrau.txt,0.700,0.200,0.140,8261.7
data/processed/gretil_devanagari/tei/transformations/html/sa_haribhaTTa-jAtakamAlA1-8--11-12--19-20--22--24--26--32--35.txt,gretil,other,181734,4451,164362,tei_unique,,0.700,1.000,0.700,127213.8
data/processed/gretil_devanagari/tei/transformations/html/sa_harivaMza-app1.txt,gretil,other,937860,25335,836001,tei_unique,,0.700,1.000,0.700,656502.0
data/processed/gretil_devanagari/tei/transformations/html/sa_harivaMza.txt,gretil,other,705707,25188,622042,tei_unique,,0.700,1.000,0.700,493994.9
data/processed/gretil_devanagari/tei/transformations/html/sa_harivarman-satyasiddhizAstram.txt,gretil,other,805063,11630,725285,tei_unique,,0.700,1.000,0.700,563544.1
data/processed/gretil_devanagari/tei/transformations/html/sa_harSadeva-nAgAnanda.txt,gretil,other,17142,518,15375,prefix_in_candidate,5_poetry/3_drama/harnagau.txt,0.700,0.200,0.140,2399.9
data/processed/gretil_devanagari/tei/transformations/html/sa_harSadeva-priyadarzikA.txt,gretil,other,43087,1108,36931,tei_unique,,0.700,1.000,0.700,30160.9
data/processed/gretil_devanagari/tei/transformations/html/sa_harSadeva-ratnAvalInATikA.txt,gretil,other,39328,1056,34455,tei_unique,,0.700,1.000,0.700,27529.6
data/processed/gretil_devanagari/tei/transformations/html/sa_hastavAlaprakaraNavRtti.txt,gretil,other,679,21,622,tei_unchecked_short,,0.700,1.000,0.700,475.3
data/processed/gretil_devanagari/tei/transformations/html/sa_hayagrIvavidyA.txt,gretil,other,2471,34,2232,tei_unique,,0.700,1.000,0.700,1729.7
data/processed/gretil_devanagari/tei/transformations/html/sa_hetvAbhAsadazaka.txt,gretil,other,1996,52,1775,tei_unique,,0.700,1.000,0.700,1397.2
data/processed/gretil_devanagari/tei/transformations/html/sa_IzopaniSad-or-IzAvAsyopaniSadkANva-recension-comm.txt,gretil,other,18547,384,16760,tei_unique,,0.700,1.000,0.700,12982.9
data/processed/gretil_devanagari/tei/transformations/html/sa_IzvarakRSNa-sAMkhyakArikA-alt.txt,gretil,other,6721,215,6122,exact,6_sastra/3_phil/samkhya/iskar_u.txt,0.700,0.200,0.140,940.9
data/processed/gretil_devanagari/tei/transformations/html/sa_IzvarakRSNa-sAMkhyakArikA-comm.txt,gretil,other,105269,1808,94951,tei_unique,,0.700,1.000,0.700,73688.3
data/processed/gretil_devanagari/tei/transformations/html/sa_IzvarakRSNa-sAMkhyakArikA-comm2.txt,gretil,other,66175,1133,60034,tei_unique,,0.700,1.000,0.700,46322.5
data/processed/gretil_devanagari/tei/transformations/html/sa_IzvarakRSNa-sAMkhyakArikA-comm3.txt,gretil,other,77313,1542,70153,tei_unique,,0.700,1.000,0.700,54119.1
data/processed/gretil_devanagari/tei/transformations/html/sa_IzvarakRSNa-sAMkhyakArikA.txt,gretil,other,12465,842,10780,tei_unique,,0.700,1.000,0.700,8725.5
data/processed/gretil_devanagari/tei/transformations/html/sa_jagannAtha-prANAbharaNa-comm.txt,gretil,other,15544,430,14142,tei_unique,,0.700,1.000,0.700,10880.8
data/processed/gretil_devanagari/tei/transformations/html/sa_jagannAtha-sudhAlaharI.txt,gretil,other,6158,154,5630,tei_unique,,0.700,1.000,0.700,4310.6
data/processed/gretil_devanagari/tei/transformations/html/sa_jagannAthapaNDitarAja-rasagaGgAdhara-1.txt,gretil,other,109132,1915,99859,prefix_in_candidate,5_poetry/1_alam/jgrasg1u.txt,0.700,0.200,0.140,15278.5
data/processed/gretil_devanagari/tei/transformations/html/sa_jaimini-mImAMsAsUtra-1-7-comm.txt,gretil,other,899609,17198,806605,tei_unique,,0.700,1.000,0.700,629726.3
data/processed/gretil_devanagari/tei/transformations/html/sa_jaimini-mImAMsAsUtra.txt,gretil,other,98697,2986,90524,tei_unique,,0.700,1.000,0.700,69087.9
data/processed/gretil_devanagari/tei/transformations/html/sa_jaiminIyagRhyasUtra.txt,gretil,other,43130,685,38947,tei_unique,,0.700,1.000,0.700,30191.0
data/processed/gretil_devanagari/tei/transformations/html/sa_jalhaNa-mugdhopadeza.txt,gretil,other,25006,532,21860,tei_unique,,0.700,1.000,0.700,17504.2
data/processed/gretil_devanagari/tei/transformations/html/sa_jayadeva-candrAloka.txt,gretil,other,25388,881,22874,prefix_in_candidate,5_poetry/1_alam/jaycndau.txt,0.700,0.200,0.140,3554.3
data/processed/gretil_devanagari/tei/transformations/html/sa_jayadeva-gItagovinda-alt.txt,gretil,other,36309,1271,30628,tei_unique,,0.700,1.000,0.700,25416.3
data/processed/gretil_devanagari/tei/transformations/html/sa_jayadeva-gItagovinda.txt,gretil,other,34228,1173,28805,exact,5_poetry/2_kavya/jaygit1u.txt,0.700,0.200,0.140,4791.9
data/processed/gretil_devanagari/tei/transformations/html/sa_jayAditya-and-vAmana-kAzikAvRtti.txt,gretil,other,1394986,61681,1228516,tei_unique,,0.700,1.000,0.700,976490.2
data/processed/gretil_devanagari/tei/transformations/html/sa_jayarakSita-sphuTArthA-zrIghanAcArasaMgrahaTIkA.txt,gretil,other,83040,1214,74686,tei_unique,,0.700,1.000,0.700,58128.0
data/processed/gretil_devanagari/tei/transformations/html/sa_jayarAzi-tattvopaplavasiMha.txt,gretil,other,167576,3179,153057,tei_unique,,0.700,1.000,0.700,117303.2
data/processed/gretil_devanagari/tei/transformations/html/sa_jayatIrtha-nyAyasudhA.txt,gretil,other,2037993,56592,1853348,tei_unique,,0.700,1.000,0.700,1426595.1
data/processed/gretil_devanagari/tei/transformations/html/sa_jitAri-hetutattvopadeza-alt.txt,gretil,other,14724,252,13407,tei_unique,,0.700,1.000,0.700,10306.8
data/processed/gretil_devanagari/tei/transformations/html/sa_jitAri-hetutattvopadeza.txt,gretil,other,14771,254,13359,tei_unique,,0.700,1.000,0.700,10339.7
data/processed/gretil_devanagari/tei/transformations/html/sa_jiva-gosvami-satsamdarbha.txt,gretil,other,1439219,35553,1262741,prefix_in_candidate,4_rellit/vaisn/ss1_tatu.txt,0.700,0.200,0.140,201490.7
data/processed/gretil_devanagari/tei/transformations/html/sa_jIvagosvAmin-gopAlacampUp1-33u1-3u5-6u29.txt,gretil,other,747381,16381,651206,tei_unique,,0.700,1.000,0.700,523166.7
data/processed/gretil_devanagari/tei/transformations/html/sa_jIvagosvAmin-rAdhAkRSNArcanadIpikA.txt,gretil,other,36014,918,31392,tei_unique,,0.700,1.000,0.700,25209.8
data/processed/gretil_devanagari/tei/transformations/html/sa_jIvagosvAmin-saMkalpakalpadruma.txt,gretil,other,76385,2372,67948,tei_unique,,0.700,1.000,0.700,53469.5
data/processed/gretil_devanagari/tei/transformations/html/sa_jJAnAlokAlaMkArasUtra.txt,gretil,other,59577,986,54022,tei_unique,,0.700,1.000,0.700,41703.9
data/processed/gretil_devanagari/tei/transformations/html/sa_jJAnAmRtasArasaMhitA.txt,gretil,other,90114,3218,77013,exact,4_rellit/vaisn/jnass01u.txt,0.700,0.200,0.140,12616.0
data/processed/gretil_devanagari/tei/transformations/html/sa_jJAnayazas-jAtakastava.txt,gretil,other,3760,62,3460,prefix_in_candidate,4_rellit/buddh/jatkstau.txt,0.700,0.200,0.140,526.4
data/processed/gretil_devanagari/tei/transformations/html/sa_jJAnazambhu-zivapUjAstava.txt,gretil,rellit,6807,145,6257,tei_unique,,0.700,1.000,0.700,4764.9
data/processed/gretil_devanagari/tei/transformations/html/sa_jJAnazrImitra-vRttamAlAstuti.txt,gretil,other,18092,479,16600,prefix_in_candidate,5_poetry/1_chandas/jvrtmsau.txt,0.700,0.200,0.140,2532.9
data/processed/gretil_devanagari/tei/transformations/html/sa_jonarAja-and-pseudo-jonarAja-rAjataraGginI.txt,gretil,other,99030,3784,89067,tei_unique,,0.700,1.000,0.700,69321.0
data/processed/gretil_devanagari/tei/transformations/html/sa_jyotirIzvarakavizekhara-paJcasAyaka.txt,gretil,sastra,41195,1190,37031,tei_unique,,1.000,1.000,1.000,41195.0
data/processed/gretil_devanagari/tei/transformations/html/sa_kaivalyopaniSad.txt,gretil,other,3149,93,2785,exact,1_veda/4_upa/kaivup_u.txt,0.700,0.200,0.140,440.9
data/processed/gretil_devanagari/tei/transformations/html/sa_kalhaNa-ardhanarIzvarastotra.txt,gretil,rellit,3256,89,2942,tei_unique,,0.700,1.000,0.700,2279.2
data/processed/gretil_devanagari/tei/transformations/html/sa_kAlidAsa-abhijJAnazakuntala.txt,gretil,other,270826,10360,232328,tei_unique,,0.700,1.000,0.700,189578.2
data/processed/gretil_devanagari/tei/transformations/html/sa_kAlidAsa-kumArasaMbhava.txt,gretil,other,60810,1837,54752,prefix_in_candidate,5_poetry/2_kavya/kakumsau.txt,0.700,0.200,0.140,8513.4
data/processed/gretil_devanagari/tei/transformations/html/sa_kAlidAsa-meghadUta-acc-vallabhadeva.txt,gretil,other,18517,332,16846,prefix_in_candidate,5_poetry/2_kavya/kmeghvau.txt,0.700,0.200,0.140,2592.4
data/processed/gretil_devanagari/tei/transformations/html/sa_kAlidAsa-meghadUta-edkale.txt,gretil,other,20539,732,18552,exact,5_poetry/2_kavya/meghdk_u.txt,0.700,0.200,0.140,2875.5
data/processed/gretil_devanagari/tei/transformations/html/sa_kAlidAsa-meghadUta.txt,gretil,other,18570,334,16893,prefix_in_candidate,5_poetry/2_kavya/kmeghdau.txt,0.700,0.200,0.140,2599.8
data/processed/gretil_devanagari/tei/transformations/html/sa_kAlidAsa-raghuvaMza-kashm1-6.txt,gretil,other,49590,1488,44850,prefix_in_candidate,5_poetry/2_kavya/ragh1-6u.txt,0.700,0.200,0.140,6942.6
data/processed/gretil_devanagari/tei/transformations/html/sa_kAlidAsa-raghuvaMza.txt,gretil,other,160067,4915,144372,tei_unique,,0.700,1.000,0.700,112046.9
data/processed/gretil_devanagari/tei/transformations/html/sa_kAlidAsa-RtusaMhAra.txt,gretil,other,19409,479,17742,prefix_in_candidate,5_poetry/2_kavya/kalrs_au.txt,0.700,0.200,0.140,2717.3
data/processed/gretil_devanagari/tei/transformations/html/sa_kAlidAsa-zyAmalAdaNDaka.txt,gretil,other,4347,92,4094,tei_unique,,0.700,1.000,0.700,3042.9
data/processed/gretil_devanagari/tei/transformations/html/sa_kalpadrumAvadAnamAlA.txt,gretil,other,41301,1461,36552,tei_unique,,0.700,1.000,0.700,28910.7
data/processed/gretil_devanagari/tei/transformations/html/sa_kamalazIla-bhAvanAkrama.txt,gretil,other,102129,1461,92948,tei_unique,,0.700,1.000,0.700,71490.3
data/processed/gretil_devanagari/tei/transformations/html/sa_kamalazIla-madhyamakAloka.txt,gretil,other,252627,3922,229726,tei_unique,,0.700,1.000,0.700,176838.9
data/processed/gretil_devanagari/tei/transformations/html/sa_kamalazIla-vajracchedikATIkA.txt,gretil,other,145601,2145,132487,tei_unique,,0.700,1.000,0.700,101920.7
data/processed/gretil_devanagari/tei/transformations/html/sa_kambalapAda-navazlokI.txt,gretil,other,1316,46,1188,exact,4_rellit/buddh/knavslou.txt,0.700,0.200,0.140,184.2
data/processed/gretil_devanagari/tei/transformations/html/sa_kaNAda-vaizeSikasUtra-alt.txt,gretil,other,12606,391,11569,tei_unique,,0.700,1.000,0.700,8824.2
data/processed/gretil_devanagari/tei/transformations/html/sa_kaNAda-vaizeSikasUtra.txt,gretil,other,12994,413,11948,tei_unique,,0.700,1.000,0.700,9095.8
data/processed/gretil_devanagari/tei/transformations/html/sa_kapila-sAMkhyasUtra.txt,gretil,other,18837,1089,16956,tei_unique,,0.700,1.000,0.700,13185.9
data/processed/gretil_devanagari/tei/transformations/html/sa_kAraNDavyUha.txt,gretil,other,118353,1671,107019,tei_unique,,0.700,1.000,0.700,82847.1
data/processed/gretil_devanagari/tei/transformations/html/sa_karatoyAmAhAtmya.txt,gretil,other,7951,277,7012,prefix_in_candidate,4_rellit/saiva/karatoau.txt,0.700,0.200,0.140,1113.1
data/processed/gretil_devanagari/tei/transformations/html/sa_karmavastu.txt,gretil,other,13828,202,12397,tei_unique,,0.700,1.000,0.700,9679.6
data/processed/gretil_devanagari/tei/transformations/html/sa_karmavibhaGgopadeza.txt,gretil,other,19186,287,17078,tei_unique,,0.700,1.000,0.700,13430.2
data/processed/gretil_devanagari/tei/transformations/html/sa_karuNApuNDarIkasUtra.txt,gretil,other,337293,4487,306971,tei_unique,,0.700,1.000,0.700,236105.1
data/processed/gretil_devanagari/tei/transformations/html/sa_kaThinAvadAna.txt,gretil,other,25821,588,23163,tei_unique,,0.700,1.000,0.700,18074.7
data/processed/gretil_devanagari/tei/transformations/html/sa_kaThinavastu.txt,gretil,other,20405,291,18459,tei_unique,,0.700,1.000,0.700,14283.5
data/processed/gretil_devanagari/tei/transformations/html/sa_kathopaniSad.txt,gretil,other,12298,403,10774,exact,1_veda/4_upa/kathop_u.txt,0.700,0.200,0.140,1721.7
data/processed/gretil_devanagari/tei/transformations/html/sa_kAtyAyanasmRti.txt,gretil,other,173850,5885,151695,tei_unique,,0.700,1.000,0.700,121695.0
data/processed/gretil_devanagari/tei/transformations/html/sa_kauSItakibrAhmaNa.txt,gretil,veda,235314,7212,207992,tei_unique,,0.800,1.000,0.800,188251.2
data/processed/gretil_devanagari/tei/transformations/html/sa_kauthumagRhyasUtra.txt,gretil,other,23562,333,21349,tei_unique,,0.700,1.000,0.700,16493.4
data/processed/gretil_devanagari/tei/transformations/html/sa_kauTilya-arthazAstra.txt,gretil,other,378042,8641,326918,tei_unique,,0.700,1.000,0.700,264629.4
data/processed/gretil_devanagari/tei/transformations/html/sa_kauzikaprajJApAramitAsUtra.txt,gretil,other,3699,64,3343,tei_unique,,0.700,1.000,0.700,2589.3
data/processed/gretil_devanagari/tei/transformations/html/sa_kauzikasUtra.txt,gretil,other,120242,4006,107072,tei_unique,,0.700,1.000,0.700,84169.4
data/processed/gretil_devanagari/tei/transformations/html/sa_kavirAjayati-sAMkhyatattvapradIpa.txt,gretil,other,27016,387,24679,tei_unique,,0.700,1.000,0.700,18911.2
data/processed/gretil_devanagari/tei/transformations/html/sa_kAzyapaparivartasUtra-alt.txt,gretil,other,65209,1219,58228,tei_unique,,0.700,1.000,0.700,45646.3
data/processed/gretil_devanagari/tei/transformations/html/sa_kAzyapaparivartasUtra.txt,gretil,other,70719,1574,62996,tei_unique,,0.700,1.000,0.700,49503.3
data/processed/gretil_devanagari/tei/transformations/html/sa_kedArabhaTTa-vRttaratnAkara-comm.txt,gretil,other,73020,1816,65333,tei_unique,,0.700,1.000,0.700,51114.0
data/processed/gretil_devanagari/tei/transformations/html/sa_kedArabhaTTa-vRttaratnAkara.txt,gretil,other,11384,370,10218,prefix_in_candidate,5_poetry/1_chandas/kedvratu.txt,0.700,0.200,0.140,1593.8
data/processed/gretil_devanagari/tei/transformations/html/sa_kezava-kauzikapaddhati.txt,gretil,other,532184,10290,477261,tei_unique,,0.700,1.000,0.700,372528.8
data/processed/gretil_devanagari/tei/transformations/html/sa_kezava-sAMkhyatattvapradIpikA.txt,gretil,other,8411,146,7710,tei_unique,,0.700,1.000,0.700,5887.7
data/processed/gretil_devanagari/tei/transformations/html/sa_kezavakAzmIri-kramadIpikA.txt,gretil,other,295173,7134,257319,tei_unique,,0.700,1.000,0.700,206621.1
"data/processed/gretil_devanagari/tei/transformations/html/sa_khaNDadeva-bhATTadIpikA1-3,3.txt",gretil,other,1204630,19675,1123372,tei_unique,,0.700,1.000,0.700,843241.0
data/processed/gretil_devanagari/tei/transformations/html/sa_khasarpaNasAdhana.txt,gretil,other,2962,43,2667,tei_unique,,0.700,1.000,0.700,2073.4
data/processed/gretil_devanagari/tei/transformations/html/sa_kiraNatantra1-6.txt,gretil,rellit,129363,3005,117502,prefix_in_candidate,4_rellit/saiva/kirtc_au.txt,0.700,0.200,0.140,18110.8
data/processed/gretil_devanagari/tei/transformations/html/sa_kozAmbakavastu.txt,gretil,other,22671,329,20397,tei_unique,,0.700,1.000,0.700,15869.7
data/processed/gretil_devanagari/tei/transformations/html/sa_kRSNadAsa-bhAvanAsArasaMgraha-1-2.txt,gretil,other,86911,3863,75231,tei_unique,,0.700,1.000,0.700,60837.7
data/processed/gretil_devanagari/tei/transformations/html/sa_kSaNabhaGgasiddhi.txt,gretil,other,29253,398,26896,tei_unique,,0.700,1.000,0.700,20477.1
data/processed/gretil_devanagari/tei/transformations/html/sa_kSemarAja-bhairavAnukaraNastotra.txt,gretil,rellit,4320,146,3914,tei_unique,,0.700,1.000,0.700,3024.0
data/processed/gretil_devanagari/tei/transformations/html/sa_kSemarAja-bodhavilAsa.txt,gretil,other,3526,129,3197,exact,6_sastra/3_phil/saiva/ksembodhv_u.txt,0.700,0.200,0.140,493.6
data/processed/gretil_devanagari/tei/transformations/html/sa_kSemarAja-pratyabhijJAhRdaya.txt,gretil,other,28085,667,25580,exact,6_sastra/3_phil/saiva/pratyabu.txt,0.700,0.200,0.140,3931.9
data/processed/gretil_devanagari/tei/transformations/html/sa_kSemendra-avadAnakalpalatA.txt,gretil,other,348612,12401,312058,prefix_in_candidate,4_rellit/buddh/bsu078_u.txt,0.700,0.200,0.140,48805.7
data/processed/gretil_devanagari/tei/transformations/html/sa_kSemendra-bhAratamaJjarI-6-19.txt,gretil,other,486445,18019,433425,prefix_in_candidate,5_poetry/2_kavya/ksbhm06u.txt,0.700,0.200,0.140,68102.3
data/processed/gretil_devanagari/tei/transformations/html/sa_kSemendra-bodhisattvAvadAnakalpalatA-93sumAgadhAvadAna.txt,gretil,other,10301,345,9275,exact,4_rellit/buddh/kbavk93u.txt,0.700,0.200,0.140,1442.1
data/processed/gretil_devanagari/tei/transformations/html/sa_kSemendra-caturvargasaMgraha.txt,gretil,other,15735,463,14110,tei_unique,,0.700,1.000,0.700,11014.5
data/processed/gretil_devanagari/tei/transformations/html/sa_kSemendra-darpadalana.txt,gretil,other,54354,1793,48667,prefix_in_candidate,5_poetry/5_subhas/ksdarpau.txt,0.700,0.200,0.140,7609.6
data/processed/gretil_devanagari/tei/transformations/html/sa_kSemendra-garbhAvakrAntyavadAna.txt,gretil,other,4331,130,3930,exact,4_rellit/buddh/kbavk10u.txt,0.700,0.200,0.140,606.3
data/processed/gretil_devanagari/tei/transformations/html/sa_kSemendra-kalAvilAsa.txt,gretil,other,48223,1117,43492,exact,5_poetry/2_kavya/kskala_u.txt,0.700,0.200,0.140,6751.2
data/processed/gretil_devanagari/tei/transformations/html/sa_kSemendra-narmamAlA.txt,gretil,other,33890,1290,30390,prefix_in_candidate,4_rellit/buddh/ksnarm_u.txt,0.700,0.200,0.140,4744.6
data/processed/gretil_devanagari/tei/transformations/html/sa_kSemendra-pratItyasamutpAdAvadAna.txt,gretil,other,1059,37,968,tei_unchecked_short,,0.700,1.000,0.700,741.3
data/processed/gretil_devanagari/tei/transformations/html/sa_kSemendra-sevyasevakopadeza.txt,gretil,other,6942,213,6196,tei_unique,,0.700,1.000,0.700,4859.4
data/processed/gretil_devanagari/tei/transformations/html/sa_kSemendra-sudhanakinnaryavadAna.txt,gretil,other,29592,1027,26440,tei_unique,,0.700,1.000,0.700,20714.4
data/processed/gretil_devanagari/tei/transformations/html/sa_kubjikamatatantra.txt,gretil,rellit,259073,9431,227989,prefix_in_candidate,4_rellit/saiva/kubjt_au.txt,0.700,0.200,0.140,36270.2
data/processed/gretil_devanagari/tei/transformations/html/sa_kuDaka-samanvayadiz.txt,gretil,other,12024,398,10647,prefix_in_candidate,6_sastra/1_gram/samanv_u.txt,0.700,0.200,0.140,1683.4
data/processed/gretil_devanagari/tei/transformations/html/sa_kulazekhara-mukundamAlA-eddurgaprasad.txt,gretil,other,5127,138,4605,tei_unique,,0.700,1.000,0.700,3588.9
data/processed/gretil_devanagari/tei/transformations/html/sa_kulazekhara-mukundamAlA.txt,gretil,other,5927,156,5280,tei_unique,,0.700,1.000,0.700,4148.9
data/processed/gretil_devanagari/tei/transformations/html/sa_kumAralAta-kalpanAmaNDitikA.txt,gretil,other,47599,1379,41541,tei_unique,,0.700,1.000,0.700,33319.3
data/processed/gretil_devanagari/tei/transformations/html/sa_kumArila-mImAMsazlokavArttika-comm.txt,gretil,other,317530,7934,287569,tei_unique,,0.700,1.000,0.700,222271.0
"data/processed/gretil_devanagari/tei/transformations/html/sa_kumArila-tantravArttika-2,1,1-4.txt",gretil,rellit,32144,799,29211,tei_unique,,0.700,1.000,0.700,22500.8
data/processed/gretil_devanagari/tei/transformations/html/sa_kuntaka-vakroktijIvita-comm.txt,gretil,other,292968,6923,268891,tei_unique,,0.700,1.000,0.700,205077.6
data/processed/gretil_devanagari/tei/transformations/html/sa_kUrmapurANa.txt,gretil,other,512638,18449,454442,prefix_in_candidate,3_purana/kurmp1_u.txt,0.700,0.200,0.140,71769.3
data/processed/gretil_devanagari/tei/transformations/html/sa_kuzalamizra-gUDhArthadIpikA.txt,gretil,other,21319,471,18530,tei_unique,,0.700,1.000,0.700,14923.3
data/processed/gretil_devanagari/tei/transformations/html/sa_lagadha-RgvedavedAGgajyotiSa.txt,gretil,veda,3138,104,2799,exact,6_sastra/8_jyot/lagrvvju.txt,0.800,0.200,0.160,502.1
data/processed/gretil_devanagari/tei/transformations/html/sa_laGkezvara-zivastuti.txt,gretil,rellit,1450,41,1338,tei_unique,,0.700,1.000,0.700,1015.0
data/processed/gretil_devanagari/tei/transformations/html/sa_lakSmINkarA-advayasiddhi.txt,gretil,other,3331,118,3001,tei_unique,,0.700,1.000,0.700,2331.7
data/processed/gretil_devanagari/tei/transformations/html/sa_lalitavistara.txt,gretil,other,482749,9513,433254,tei_unique,,0.700,1.000,0.700,337924.3
data/processed/gretil_devanagari/tei/transformations/html/sa_larger-prajJApAramitA-edchoong.txt,gretil,other,13982,216,12597,tei_unique,,0.700,1.000,0.700,9787.4
data/processed/gretil_devanagari/tei/transformations/html/sa_larger-prajJApAramitA.txt,gretil,other,72982,832,66446,tei_unique,,0.700,1.000,0.700,51087.4
data/processed/gretil_devanagari/tei/transformations/html/sa_liGgapurANa1-108.txt,gretil,other,579697,21199,511616,prefix_in_candidate,3_purana/lip_1_au.txt,0.700,0.200,0.140,81157.6
"data/processed/gretil_devanagari/tei/transformations/html/sa_liGgapurANa2,1-55.txt",gretil,other,203947,7202,180399,prefix_in_candidate,3_purana/lip_2__u.txt,0.700,0.200,0.140,28552.6
data/processed/gretil_devanagari/tei/transformations/html/sa_lolimbarAja-vaidyajIvana.txt,gretil,other,25272,963,22886,tei_unique,,0.700,1.000,0.700,17690.4
data/processed/gretil_devanagari/tei/transformations/html/sa_mAdhava-jaiminIyanyAyamAlAvistara.txt,gretil,other,372412,10366,338054,tei_unique,,0.700,1.000,0.700,260688.4
data/processed/gretil_devanagari/tei/transformations/html/sa_madhusUdanasarasvatI-siddhAntabindu.txt,gretil,other,52944,816,48616,tei_unique,,0.700,1.000,0.700,37060.8
data/processed/gretil_devanagari/tei/transformations/html/sa_mAdhva-anuvyAkhyAna.txt,gretil,other,163837,5685,146335,tei_unique,,0.700,1.000,0.700,114685.9
data/processed/gretil_devanagari/tei/transformations/html/sa_mAdhva-kRSNAmRtamahArNava.txt,gretil,other,19103,528,16878,exact,4_rellit/vaisn/mdhvkmou.txt,0.700,0.200,0.140,2674.4
data/processed/gretil_devanagari/tei/transformations/html/sa_mAdhva-mahAbhAratatAtparyanirNaya.txt,gretil,other,547509,11495,489550,tei_unique,,0.700,1.000,0.700,383256.3
data/processed/gretil_devanagari/tei/transformations/html/sa_madhyamakAvatAra-1-5.txt,gretil,other,48104,812,43935,tei_unique,,0.700,1.000,0.700,33672.8
data/processed/gretil_devanagari/tei/transformations/html/sa_madhyamakazAlistambasUtra.txt,gretil,other,14817,220,13382,tei_unique,,0.700,1.000,0.700,10371.9
data/processed/gretil_devanagari/tei/transformations/html/sa_mAgha-zizupAlavadha.txt,gretil,other,171327,4961,156213,prefix_in_candidate,5_poetry/2_kavya/maghspvu.txt,0.700,0.200,0.140,23985.8
data/processed/gretil_devanagari/tei/transformations/html/sa_mahAdaNDadhAraNIzItavatI.txt,gretil,other,4155,65,3707,tei_unique,,0.700,1.000,0.700,2908.5
data/processed/gretil_devanagari/tei/transformations/html/sa_mahAkarmavibhaGga.txt,gretil,other,65955,1016,59071,tei_unique,,0.700,1.000,0.700,46168.5
data/processed/gretil_devanagari/tei/transformations/html/sa_mahAmaNivipulavimAnavizvasupratiSThitaguhyaparamarahasyakalparAjadhAraNI.txt,gretil,other,3375,68,3000,tei_unique,,0.700,1.000,0.700,2362.5
data/processed/gretil_devanagari/tei/transformations/html/sa_mahAmantrAnusAriNI.txt,gretil,other,7542,189,6644,tei_unique,,0.700,1.000,0.700,5279.4
data/processed/gretil_devanagari/tei/transformations/html/sa_mahAmAyUrIvidyArAjJI.txt,gretil,other,75892,1169,67087,tei_unique,,0.700,1.000,0.700,53124.4
data/processed/gretil_devanagari/tei/transformations/html/sa_mahAparinirvANasUtra.txt,gretil,other,113837,2722,102383,tei_unique,,0.700,1.000,0.700,79685.9
data/processed/gretil_devanagari/tei/transformations/html/sa_mahApratisarA-paJcarakSA.txt,gretil,other,47164,980,42295,tei_unique,,0.700,1.000,0.700,33014.8
data/processed/gretil_devanagari/tei/transformations/html/sa_mahApratisarAmahAvidyArAjJI.txt,gretil,other,45550,984,40902,tei_unique,,0.700,1.000,0.700,31885.0
data/processed/gretil_devanagari/tei/transformations/html/sa_mahApratisarAvidyAdhAraNI.txt,gretil,other,10144,219,8994,tei_unique,,0.700,1.000,0.700,7100.8
data/processed/gretil_devanagari/tei/transformations/html/sa_mahApratisarAvidyAvidhi.txt,gretil,other,3478,69,2999,tei_unique,,0.700,1.000,0.700,2434.6
data/processed/gretil_devanagari/tei/transformations/html/sa_mahAsAhasrapramardanI.txt,gretil,other,54838,1470,49005,tei_unique,,0.700,1.000,0.700,38386.6
data/processed/gretil_devanagari/tei/transformations/html/sa_mahAsaMnipAtaratnaketudhAraNIsUtra.txt,gretil,other,134029,1835,121605,tei_unique,,0.700,1.000,0.700,93820.3
data/processed/gretil_devanagari/tei/transformations/html/sa_mahAsaMnipAtaratnaketudhAraNIsUtra1-610-11.txt,gretil,other,111397,2146,100181,tei_unique,,0.700,1.000,0.700,77977.9
data/processed/gretil_devanagari/tei/transformations/html/sa_mahAsubhASitasaMgraha-1-9979.txt,gretil,other,1134451,34096,1011618,tei_unique,,0.700,1.000,0.700,794115.7
data/processed/gretil_devanagari/tei/transformations/html/sa_mahAsudarzanAvadAna.txt,gretil,other,18309,176,16587,tei_unique,,0.700,1.000,0.700,12816.3
data/processed/gretil_devanagari/tei/transformations/html/sa_mahAvadAnasUtra.txt,gretil,other,48203,940,43113,tei_unique,,0.700,1.000,0.700,33742.1
data/processed/gretil_devanagari/tei/transformations/html/sa_mahAvastu-avAdana.txt,gretil,other,1367091,30420,1193631,tei_unique,,0.700,1.000,0.700,956963.7
data/processed/gretil_devanagari/tei/transformations/html/sa_mahAzItavatI-vidyArAjJI.txt,gretil,other,4704,65,4191,tei_unique,,0.700,1.000,0.700,3292.8
data/processed/gretil_devanagari/tei/transformations/html/sa_mahendravarman-i-mattavilAsaprahasana.txt,gretil,other,18664,565,16476,tei_unique,,0.700,1.000,0.700,13064.8
data/processed/gretil_devanagari/tei/transformations/html/sa_maitreya-madhyAntavibhAgakArikA.txt,gretil,other,9392,350,8511,exact,6_sastra/3_phil/buddh/bsa010_u.txt,0.700,0.200,0.140,1314.9
data/processed/gretil_devanagari/tei/transformations/html/sa_maitreyanAtha-abhisamayAlaMkaranAmaprajJApAramitopadezazAstra.txt,gretil,other,23065,851,20818,exact,4_rellit/buddh/abhisamu.txt,0.700,0.200,0.140,3229.1
data/processed/gretil_devanagari/tei/transformations/html/sa_maitreyanAtha-bhavasaMkrAntiTIkA.txt,gretil,other,13446,298,12102,tei_unique,,0.700,1.000,0.700,9412.2
data/processed/gretil_devanagari/tei/transformations/html/sa_maitreyavyAkaraNa-alt.txt,gretil,other,9545,344,8472,exact,4_rellit/buddh/bsu009_u.txt,0.700,0.200,0.140,1336.3
data/processed/gretil_devanagari/tei/transformations/html/sa_maitreyavyAkaraNa.txt,gretil,other,23342,823,20705,tei_unique,,0.700,1.000,0.700,16339.4
data/processed/gretil_devanagari/tei/transformations/html/sa_maJjuzrImUlakalpa.txt,gretil,other,924109,23012,826634,tei_unique,,0.700,1.000,0.700,646876.3
data/processed/gretil_devanagari/tei/transformations/html/sa_maJjuzrInAmasaMgIti-alt.txt,gretil,other,21994,642,20236,prefix_in_candidate,4_rellit/buddh/manjn1au.txt,0.700,0.200,0.140,3079.2
data/processed/gretil_devanagari/tei/transformations/html/sa_maJjuzrInAmasaMgIti.txt,gretil,other,14486,537,13232,prefix_in_candidate,4_rellit/buddh/manjnsau.txt,0.700,0.200,0.140,2028.0
data/processed/gretil_devanagari/tei/transformations/html/sa_mAlinIvijayottaratantra.txt,gretil,rellit,102152,2536,92689,exact,4_rellit/saiva/malinivu.txt,0.700,0.200,0.140,14301.3
data/processed/gretil_devanagari/tei/transformations/html/sa_mammaTa-kAvyaprakAza-comm.txt,gretil,other,176535,5285,158570,tei_unique,,0.700,1.000,0.700,123574.5
data/processed/gretil_devanagari/tei/transformations/html/sa_mammaTa-kAvyaprakAza.txt,gretil,other,185414,5098,166456,prefix_in_candidate,5_poetry/1_alam/mamkprku.txt,0.700,0.200,0.140,25958.0
data/processed/gretil_devanagari/tei/transformations/html/sa_mammaTa-zabdavyApAravicAra.txt,gretil,other,14277,271,12889,tei_unique,,0.700,1.000,0.700,9993.9
data/processed/gretil_devanagari/tei/transformations/html/sa_mAnavagRhyasUtra-maitrAyaNIyamAnavagRhyasUtra.txt,gretil,other,52501,1419,46843,tei_unique,,0.700,1.000,0.700,36750.7
data/processed/gretil_devanagari/tei/transformations/html/sa_mandanamizra-brahmasiddhi.txt,gretil,veda,224667,5222,204022,tei_unique,,0.800,1.000,0.800,179733.6
data/processed/gretil_devanagari/tei/transformations/html/sa_maNDanamizra-vibhramaviveka.txt,gretil,other,12777,472,11408,prefix_in_candidate,6_sastra/3_phil/vedanta/mndvivau.txt,0.700,0.200,0.140,1788.8
data/processed/gretil_devanagari/tei/transformations/html/sa_mANDUkyopaniSad-alt.txt,gretil,other,4271,145,3766,exact,1_veda/4_upa/mand_upu.txt,0.700,0.200,0.140,597.9
data/processed/gretil_devanagari/tei/transformations/html/sa_mANDUkyopaniSad-comm.txt,gretil,other,123745,3069,111907,tei_unique,,0.700,1.000,0.700,86621.5
data/processed/gretil_devanagari/tei/transformations/html/sa_mANDUkyopaniSatkArikA.txt,gretil,other,17960,644,15746,exact,1_veda/4_upa/gmandk_u.txt,0.700,0.200,0.140,2514.4
data/processed/gretil_devanagari/tei/transformations/html/sa_manusmRti.txt,gretil,other,473476,16841,416136,tei_unique,,0.700,1.000,0.700,331433.2
data/processed/gretil_devanagari/tei/transformations/html/sa_mArIcInAmadhAraNI.txt,gretil,other,2347,35,2030,tei_unique,,0.700,1.000,0.700,1642.9
data/processed/gretil_devanagari/tei/transformations/html/sa_mArkaNDeyapurANa1-93.txt,gretil,other,400380,15019,354018,exact,3_purana/mkp1-93u.txt,0.700,0.200,0.140,56053.2
data/processed/gretil_devanagari/tei/transformations/html/sa_mAtRceTa-zatapaJcAzatka.txt,gretil,other,12692,462,11257,exact,4_rellit/buddh/matpra_u.txt,0.700,0.200,0.140,1776.9
data/processed/gretil_devanagari/tei/transformations/html/sa_mAtRkAbhedatantra.txt,gretil,rellit,47435,1757,41621,exact,4_rellit/saiva/mabhedtu.txt,0.700,0.200,0.140,6640.9
data/processed/gretil_devanagari/tei/transformations/html/sa_matsyapurANa1-176.txt,gretil,other,748199,27484,661555,prefix_in_candidate,3_purana/mtp176au.txt,0.700,0.200,0.140,104747.9
data/processed/gretil_devanagari/tei/transformations/html/sa_mekhalAdhAraNI.txt,gretil,other,4456,62,3871,tei_unique,,0.700,1.000,0.700,3119.2
data/processed/gretil_devanagari/tei/transformations/html/sa_mInanAtha-smaradIpikA.txt,gretil,other,20136,695,17771,tei_unique,,0.700,1.000,0.700,14095.2
data/processed/gretil_devanagari/tei/transformations/html/sa_mokSopAya.txt,gretil,other,2045584,78057,1833605,tei_unique,,0.700,1.000,0.700,1431908.8
data/processed/gretil_devanagari/tei/transformations/html/sa_mRgendrAgama.txt,gretil,other,85688,2799,77455,tei_unique,,0.700,1.000,0.700,59981.6
"data/processed/gretil_devanagari/tei/transformations/html/sa_mRgendrAgama1,1-7,23.txt",gretil,other,114566,2708,103350,tei_unique,,0.700,1.000,0.700,80196.2
data/processed/gretil_devanagari/tei/transformations/html/sa_mRtyuvaJcanasitatArAsAdhana.txt,gretil,other,1285,46,1189,exact,4_rellit/buddh/mrtvstsu.txt,0.700,0.200,0.140,179.9
data/processed/gretil_devanagari/tei/transformations/html/sa_mRtyuvaJcanatArAsAdhana.txt,gretil,other,579,22,531,tei_unchecked_short,,0.700,1.000,0.700,405.3
data/processed/gretil_devanagari/tei/transformations/html/sa_mRtyuvaJcanopadezatArAsAdhana.txt,gretil,other,1375,49,1265,exact,4_rellit/buddh/mrtvutsu.txt,0.700,0.200,0.140,192.5
data/processed/gretil_devanagari/tei/transformations/html/sa_nAdabindUpaniSad.txt,gretil,veda,1628,60,1423,exact,1_veda/4_upa/ndbiuppu.txt,0.800,0.200,0.160,260.5
data/processed/gretil_devanagari/tei/transformations/html/sa_nAgArjuna-acintyastava.txt,gretil,other,5032,178,4471,exact,6_sastra/3_phil/buddh/nagast_u.txt,0.700,0.200,0.140,704.5
data/processed/gretil_devanagari/tei/transformations/html/sa_nAgArjuna-bhavasaGkrAntiparikathA.txt,gretil,other,1551,53,1358,exact,6_sastra/3_phil/buddh/bsa067_u.txt,0.700,0.200,0.140,217.1
data/processed/gretil_devanagari/tei/transformations/html/sa_nAgArjuna-bodhicittavivaraNa-fragments.txt,gretil,other,783,30,698,tei_unchecked_short,,0.700,1.000,0.700,548.1
data/processed/gretil_devanagari/tei/transformations/html/sa_nAgArjuna-dharmadhAtugarbhavivaraNa.txt,gretil,sastra,2000,40,1792,tei_unique,,1.000,1.000,1.000,2000.0
data/processed/gretil_devanagari/tei/transformations/html/sa_nAgArjuna-dharmasaMgraha.txt,gretil,sastra,19855,363,18097,tei_unique,,1.000,1.000,1.000,19855.0
data/processed/gretil_devanagari/tei/transformations/html/sa_nAgArjuna-kriyAsaMgrahakArikA.txt,gretil,other,879,32,787,tei_unchecked_short,,0.700,1.000,0.700,615.3
data/processed/gretil_devanagari/tei/transformations/html/sa_nAgArjuna-lokAtItastava.txt,gretil,other,2404,85,2131,exact,6_sastra/3_phil/buddh/naglok_u.txt,0.700,0.200,0.140,336.6
data/processed/gretil_devanagari/tei/transformations/html/sa_nAgArjuna-madhyamakazAstra.txt,gretil,other,37521,1401,32833,exact,6_sastra/3_phil/buddh/bsa027_u.txt,0.700,0.200,0.140,5252.9
data/processed/gretil_devanagari/tei/transformations/html/sa_nAgArjuna-mahAyAnaviMzikA.txt,gretil,other,2342,84,2078,exact,6_sastra/3_phil/buddh/nagmyv_u.txt,0.700,0.200,0.140,327.9
data/processed/gretil_devanagari/tei/transformations/html/sa_nAgArjuna-mUlamadhyamakakArikA.txt,gretil,other,36795,1342,32180,exact,6_sastra/3_phil/buddh/nagmmk_u.txt,0.700,0.200,0.140,5151.3
data/processed/gretil_devanagari/tei/transformations/html/sa_nAgArjuna-paJcakrama.txt,gretil,other,27474,947,24602,prefix_in_candidate,6_sastra/3_phil/buddh/nagpancu.txt,0.700,0.200,0.140,3846.4
data/processed/gretil_devanagari/tei/transformations/html/sa_nAgArjuna-piNDIkrama.txt,gretil,other,20216,711,18118,prefix_in_candidate,6_sastra/3_phil/buddh/nagpindu.txt,0.700,0.200,0.140,2830.2
data/processed/gretil_devanagari/tei/transformations/html/sa_nAgArjuna-pratItyasamutpAdahRdayakArikA.txt,gretil,other,737,24,661,tei_unchecked_short,,0.700,1.000,0.700,515.9
data/processed/gretil_devanagari/tei/transformations/html/sa_nAgArjuna-pratItyasamutpAdahRdayavyAkhyAna.txt,gretil,other,4262,77,3825,tei_unique,,0.700,1.000,0.700,2983.4
data/processed/gretil_devanagari/tei/transformations/html/sa_nAgArjuna-ratnAvalI.txt,gretil,other,18640,671,16736,exact,6_sastra/3_phil/buddh/bsa025_u.txt,0.700,0.200,0.140,2609.6
"data/processed/gretil_devanagari/tei/transformations/html/sa_nAgArjuna-ratnAvali1,2,4.txt",gretil,other,18456,452,16774,prefix_in_candidate,6_sastra/3_phil/buddh/nrat_1_u.txt,0.700,0.200,0.140,2583.8
data/processed/gretil_devanagari/tei/transformations/html/sa_nAgArjuna-suhRllekha.txt,gretil,other,12720,375,11413,exact,6_sastra/3_phil/buddh/bsa015_u.txt,0.700,0.200,0.140,1780.8
data/processed/gretil_devanagari/tei/transformations/html/sa_nAgArjuna-vigrahavyAvartanI-alt.txt,gretil,other,6627,214,5804,exact,6_sastra/3_phil/buddh/bsa021_u.txt,0.700,0.200,0.140,927.8
data/processed/gretil_devanagari/tei/transformations/html/sa_nAgArjuna-vigrahavyAvartanI.txt,gretil,other,35711,780,31763,tei_unique,,0.700,1.000,0.700,24997.7
data/processed/gretil_devanagari/tei/transformations/html/sa_nAgArjuna-vigrahavyAvartanIkArikA.txt,gretil,other,6647,214,5816,exact,6_sastra/3_phil/buddh/nagvvy_u.txt,0.700,0.200,0.140,930.6
data/processed/gretil_devanagari/tei/transformations/html/sa_nAgArjuna-yuktiSaSTikakArikA-fragments.txt,gretil,other,1038,35,934,tei_unchecked_short,,0.700,1.000,0.700,726.6
data/processed/gretil_devanagari/tei/transformations/html/sa_nAgArjuna-yuktiSaSTikakArikA.txt,gretil,other,5396,194,4836,exact,6_sastra/3_phil/buddh/nagyuksu.txt,0.700,0.200,0.140,755.4
data/processed/gretil_devanagari/tei/transformations/html/sa_nAgArjuna-zAlistambakakArikA.txt,gretil,other,6180,217,5582,exact,6_sastra/3_phil/buddh/bsa062_u.txt,0.700,0.200,0.140,865.2
data/processed/gretil_devanagari/tei/transformations/html/sa_nAgArjuna-zAlistambakamahAyAnasUtraTIkA.txt,gretil,other,77210,1144,69939,tei_unique,,0.700,1.000,0.700,54047.0
data/processed/gretil_devanagari/tei/transformations/html/sa_nAgArjuna-zUnyatAsaptati.txt,gretil,other,6408,220,5661,exact,6_sastra/3_phil/buddh/bsa016_u.txt,0.700,0.200,0.140,897.1
data/processed/gretil_devanagari/tei/transformations/html/sa_nagaropamasUtra.txt,gretil,other,16473,252,14714,tei_unique,,0.700,1.000,0.700,11531.1
data/processed/gretil_devanagari/tei/transformations/html/sa_nAgeza-paribhASenduzekhara.txt,gretil,other,113729,1824,103552,prefix_in_candidate,6_sastra/1_gram/paribhsu.txt,0.700,0.200,0.140,15922.1
data/processed/gretil_devanagari/tei/transformations/html/sa_nagnajit-citralakSaNam.txt,gretil,other,26574,947,23541,prefix_in_candidate,4_rellit/buddh/nagcitau.txt,0.700,0.200,0.140,3720.4
data/processed/gretil_devanagari/tei/transformations/html/sa_nairAtmyaparipRcchAmahAyAnasUtra.txt,gretil,other,4409,117,3901,tei_unique,,0.700,1.000,0.700,3086.3
data/processed/gretil_devanagari/tei/transformations/html/sa_namaskAraikaviMzatistotra.txt,gretil,rellit,2124,83,1960,exact,4_rellit/buddh/namekvsu.txt,0.700,0.200,0.140,297.4
data/processed/gretil_devanagari/tei/transformations/html/sa_nAradapurANa.txt,gretil,other,1352766,47788,1204271,prefix_in_candidate,3_purana/nardp1_u.txt,0.700,0.200,0.140,189387.2
data/processed/gretil_devanagari/tei/transformations/html/sa_nAradasmRti.txt,gretil,other,161000,5636,143288,tei_unique,,0.700,1.000,0.700,112700.0
data/processed/gretil_devanagari/tei/transformations/html/sa_narahari-bodhasAra.txt,gretil,other,126330,4460,111521,prefix_in_candidate,6_sastra/3_phil/vedanta/nabodhsu.txt,0.700,0.200,0.140,17686.2
data/processed/gretil_devanagari/tei/transformations/html/sa_narahari-rAjanighaNTu.txt,gretil,other,329357,11013,292778,tei_unique,,0.700,1.000,0.700,230549.9
data/processed/gretil_devanagari/tei/transformations/html/sa_narasiMhapurANa.txt,gretil,other,310652,11237,273262,prefix_in_candidate,3_purana/narsipau.txt,0.700,0.200,0.140,43491.3
data/processed/gretil_devanagari/tei/transformations/html/sa_nArAyaNa-hitopadeza.txt,gretil,other,147884,4404,128431,tei_unique,,0.700,1.000,0.700,103518.8
data/processed/gretil_devanagari/tei/transformations/html/sa_nArAyaNabhaTTa-nArAyaNIya.txt,gretil,other,148280,4372,133470,tei_unique,,0.700,1.000,0.700,103796.0
data/processed/gretil_devanagari/tei/transformations/html/sa_nArAyaNIya.txt,gretil,other,210613,7958,181136,tei_unique,,0.700,1.000,0.700,147429.1
data/processed/gretil_devanagari/tei/transformations/html/sa_nAropa-sekoddeza.txt,gretil,other,14808,519,13272,exact,6_sastra/3_phil/buddh/narsekou.txt,0.700,0.200,0.140,2073.1
data/processed/gretil_devanagari/tei/transformations/html/sa_nidAnasaMyukta.txt,gretil,other,64748,882,58593,tei_unique,,0.700,1.000,0.700,45323.6
data/processed/gretil_devanagari/tei/transformations/html/sa_nIlakaNThadIkSita-kaliviDambana.txt,gretil,other,17485,614,15273,tei_unique,,0.700,1.000,0.700,12239.5
data/processed/gretil_devanagari/tei/transformations/html/sa_nityakarmapUjAvidhi.txt,gretil,other,12088,295,10630,tei_unique,,0.700,1.000,0.700,8461.6
data/processed/gretil_devanagari/tei/transformations/html/sa_nityanAthasiddha-rasaratnAkara.txt,gretil,other,344561,12233,305827,prefix_in_candidate,6_sastra/7_ayur/nitrrk_u.txt,0.700,0.200,0.140,48238.5
data/processed/gretil_devanagari/tei/transformations/html/sa_padmagupta-navasAhasAGkacarita.txt,gretil,other,315372,9982,276206,tei_unique,,0.700,1.000,0.700,220760.4
data/processed/gretil_devanagari/tei/transformations/html/sa_paippalAdasaMhitA-rev.txt,gretil,other,688354,36526,592746,tei_unique,,0.700,1.000,0.700,481847.8
data/processed/gretil_devanagari/tei/transformations/html/sa_paippalAdasaMhitA.txt,gretil,other,688354,36526,592746,tei_unique,,0.700,1.000,0.700,481847.8
data/processed/gretil_devanagari/tei/transformations/html/sa_paJcaviMzabrAhmaNa.txt,gretil,veda,286139,5791,256012,tei_unique,,0.800,1.000,0.800,228911.2
data/processed/gretil_devanagari/tei/transformations/html/sa_paJcaviMzatisAhasrikA-prajJApAramitA.txt,gretil,other,26581,286,24493,tei_unique,,0.700,1.000,0.700,18606.7
data/processed/gretil_devanagari/tei/transformations/html/sa_paJcaviMzatisAhasrikA-prajJApAramitA1-8.txt,gretil,other,1862455,26285,1693853,tei_unique,,0.700,1.000,0.700,1303718.5
data/processed/gretil_devanagari/tei/transformations/html/sa_paJcaviMzatisAhasrikA-prajJApAramitA1.txt,gretil,other,649221,10866,585875,tei_unique,,0.700,1.000,0.700,454454.7
data/processed/gretil_devanagari/tei/transformations/html/sa_pAMzupradAna-avadAna.txt,gretil,other,2536,91,2191,tei_unique,,0.700,1.000,0.700,1775.2
data/processed/gretil_devanagari/tei/transformations/html/sa_paNDitAzoka-avayavinirAkaraNa.txt,gretil,other,14238,199,12982,tei_unique,,0.700,1.000,0.700,9966.6
data/processed/gretil_devanagari/tei/transformations/html/sa_paNDitAzoka-sAmAnyadUSaNadikprasAritA.txt,gretil,other,7616,109,7024,tei_unique,,0.700,1.000,0.700,5331.2
data/processed/gretil_devanagari/tei/transformations/html/sa_pANDulohitakavastu.txt,gretil,other,61838,483,56614,tei_unique,,0.700,1.000,0.700,43286.6
data/processed/gretil_devanagari/tei/transformations/html/sa_pANini-aSTAdhyAyI-alt.txt,gretil,other,72049,3836,58696,prefix_in_candidate,6_sastra/1_gram/panini_u.txt,0.700,0.200,0.140,10086.9
data/processed/gretil_devanagari/tei/transformations/html/sa_pANini-aSTAdhyAyI.txt,gretil,other,83245,4015,73030,tei_unique,,0.700,1.000,0.700,58271.5
data/processed/gretil_devanagari/tei/transformations/html/sa_parAtriMzikA-comm.txt,gretil,other,135540,2383,123846,tei_unique,,0.700,1.000,0.700,94878.0
data/processed/gretil_devanagari/tei/transformations/html/sa_parAtriMzikA.txt,gretil,other,3103,111,2772,exact,6_sastra/3_phil/saiva/paratriu.txt,0.700,0.200,0.140,434.4
data/processed/gretil_devanagari/tei/transformations/html/sa_parAzarasmRti-AcAra-prAyazcitta.txt,gretil,other,102563,3506,88985,tei_unique,,0.700,1.000,0.700,71794.1
data/processed/gretil_devanagari/tei/transformations/html/sa_parazurAmakalpasUtra.txt,gretil,other,48303,919,41754,tei_unique,,0.700,1.000,0.700,33812.1
data/processed/gretil_devanagari/tei/transformations/html/sa_pArivAsikavastu.txt,gretil,other,11415,164,10391,tei_unique,,0.700,1.000,0.700,7990.5
data/processed/gretil_devanagari/tei/transformations/html/sa_pArthasArathimizra-zAstradIpikA.txt,gretil,other,190626,4122,174071,tei_unique,,0.700,1.000,0.700,133438.2
data/processed/gretil_devanagari/tei/transformations/html/sa_pataJjali-vyAkaraNamahAbhASya.txt,gretil,other,1681649,66467,1485194,tei_unique,,0.700,1.000,0.700,1177154.3
data/processed/gretil_devanagari/tei/transformations/html/sa_pataJjali-yogasUtra-alt.txt,gretil,other,9179,253,8167,tei_unique,,0.700,1.000,0.700,6425.3
data/processed/gretil_devanagari/tei/transformations/html/sa_pataJjali-yogasUtra-with-bhASya-alt.txt,gretil,other,95645,1514,87665,tei_unique,,0.700,1.000,0.700,66951.5
data/processed/gretil_devanagari/tei/transformations/html/sa_pataJjali-yogasUtra-with-bhASya.txt,gretil,other,99718,1651,90920,tei_unique,,0.700,1.000,0.700,69802.6
data/processed/gretil_devanagari/tei/transformations/html/sa_pataJjali-yogasUtra.txt,gretil,other,7853,209,7334,tei_unique,,0.700,1.000,0.700,5497.1
data/processed/gretil_devanagari/tei/transformations/html/sa_patna-dharmapada.txt,gretil,sastra,68622,2404,58819,prefix_in_candidate,4_rellit/buddh/dhppat_u.txt,1.000,0.200,0.200,13724.4
data/processed/gretil_devanagari/tei/transformations/html/sa_pauSkarasaMhitA-27-43.txt,gretil,other,303101,10929,270974,prefix_in_candidate,4_rellit/vaisn/ps27-43u.txt,0.700,0.200,0.140,42434.1
data/processed/gretil_devanagari/tei/transformations/html/sa_pAzupatasUtra-comm.txt,gretil,other,140348,3824,126978,tei_unique,,0.700,1.000,0.700,98243.6
data/processed/gretil_devanagari/tei/transformations/html/sa_pAzupatasUtra.txt,gretil,other,6887,677,5759,tei_unique,,0.700,1.000,0.700,4820.9
data/processed/gretil_devanagari/tei/transformations/html/sa_poSadhasthApanavastu.txt,gretil,other,11079,171,9894,tei_unique,,0.700,1.000,0.700,7755.3
data/processed/gretil_devanagari/tei/transformations/html/sa_poSadhavastu.txt,gretil,other,50480,865,45422,tei_unique,,0.700,1.000,0.700,35336.0
data/processed/gretil_devanagari/tei/transformations/html/sa_prabodhAnandasarasvatI-caitanyacandrAmRta.txt,gretil,other,22907,542,19858,exact,4_rellit/vaisn/caitcanu.txt,0.700,0.200,0.140,3207.0
data/processed/gretil_devanagari/tei/transformations/html/sa_prajJAkaramati-bodhicaryAvatArapaJjikA.txt,gretil,other,517811,10325,466468,tei_unique,,0.700,1.000,0.700,362467.7
data/processed/gretil_devanagari/tei/transformations/html/sa_prajJApAramitAhRdayasUtra.txt,gretil,other,1116,35,980,tei_unchecked_short,,0.700,1.000,0.700,781.2
data/processed/gretil_devanagari/tei/transformations/html/sa_prajJApAramitAhRdayasUtrasaMkSiptamAtRkA.txt,gretil,other,1160,19,1053,tei_unique,,0.700,1.000,0.700,812.0
data/processed/gretil_devanagari/tei/transformations/html/sa_prajJApAramitAhRdayasUtravistaramAtRkA.txt,gretil,other,2213,32,1991,tei_unique,,0.700,1.000,0.700,1549.1
data/processed/gretil_devanagari/tei/transformations/html/sa_prakAzasaMhitA.txt,gretil,other,137114,4926,123694,prefix_in_candidate,4_rellit/vaisn/prakassu.txt,0.700,0.200,0.140,19196.0
data/processed/gretil_devanagari/tei/transformations/html/sa_pramANavArttika.txt,gretil,other,122424,4370,110388,tei_unique,,0.700,1.000,0.700,85696.8
data/processed/gretil_devanagari/tei/transformations/html/sa_prAtimokSasUtra-of-the-lokottaravAdimahAsaGghika.txt,gretil,other,52537,1005,46623,tei_unique,,0.700,1.000,0.700,36775.9
data/processed/gretil_devanagari/tei/transformations/html/sa_prAtimokSasUtra-of-the-mahAsAMghikas.txt,gretil,other,52202,944,46618,tei_unique,,0.700,1.000,0.700,36541.4
data/processed/gretil_devanagari/tei/transformations/html/sa_prAtimokSasUtra-of-the-mUlasarvAstivAdins.txt,gretil,other,46105,749,41648,tei_unique,,0.700,1.000,0.700,32273.5
data/processed/gretil_devanagari/tei/transformations/html/sa_prAtimokSasUtra-of-the-sarvAstivAdins.txt,gretil,other,42890,1035,38436,tei_unique,,0.700,1.000,0.700,30023.0
data/processed/gretil_devanagari/tei/transformations/html/sa_prAtimokSasUtrafragments.txt,gretil,other,13096,208,11854,tei_unique,,0.700,1.000,0.700,9167.2
data/processed/gretil_devanagari/tei/transformations/html/sa_pratisarAkalpadhAraNI.txt,gretil,other,2587,35,2278,tei_unique,,0.700,1.000,0.700,1810.9
data/processed/gretil_devanagari/tei/transformations/html/sa_pratItyasamutpAdAdivibhaGganirdezasUtra.txt,gretil,other,3402,54,3105,tei_unique,,0.700,1.000,0.700,2381.4
data/processed/gretil_devanagari/tei/transformations/html/sa_pratItyasamutpAdamahAyAnasUtra.txt,gretil,other,1486,23,1349,tei_unique,,0.700,1.000,0.700,1040.2
data/processed/gretil_devanagari/tei/transformations/html/sa_pratItyasamutpAdavibhaGgasUtra.txt,gretil,other,3444,73,3115,tei_unique,,0.700,1.000,0.700,2410.8
data/processed/gretil_devanagari/tei/transformations/html/sa_pratyakSalakSaNa-of-the-tarkarahasya.txt,gretil,sastra,13001,491,11824,tei_unique,,1.000,1.000,1.000,13001.0
data/processed/gretil_devanagari/tei/transformations/html/sa_pravAraNAvastu.txt,gretil,other,25021,437,22398,tei_unique,,0.700,1.000,0.700,17514.7
data/processed/gretil_devanagari/tei/transformations/html/sa_pravrajyAvastu.txt,gretil,other,74552,1100,66618,tei_unique,,0.700,1.000,0.700,52186.4
data/processed/gretil_devanagari/tei/transformations/html/sa_prazastapAda-pAdArthadharmasaMgraha.txt,gretil,sastra,65069,596,61448,exact,6_sastra/3_phil/vaisesik/paddhs_u.txt,1.000,0.200,0.200,13013.8
data/processed/gretil_devanagari/tei/transformations/html/sa_praznopaniSad-comm.txt,gretil,other,56527,1295,50790,tei_unique,,0.700,1.000,0.700,39568.9
data/processed/gretil_devanagari/tei/transformations/html/sa_pudgalavastu.txt,gretil,other,29657,413,26886,tei_unique,,0.700,1.000,0.700,20759.9
data/processed/gretil_devanagari/tei/transformations/html/sa_purUravas-kAdambarIsvIkaraNasUtramaJjarI.txt,gretil,other,14086,299,12950,tei_unique,,0.700,1.000,0.700,9860.2
data/processed/gretil_devanagari/tei/transformations/html/sa_puruSottamadeva-ekAkSarakoza.txt,gretil,other,2378,80,2048,exact,4_rellit/saiva/purekaku.txt,0.700,0.200,0.140,332.9
data/processed/gretil_devanagari/tei/transformations/html/sa_rAdhAkRSNadAsagosvAmin-sAdhanadIpikA.txt,gretil,other,235296,7375,202575,prefix_in_candidate,4_rellit/vaisn/sadhdipu.txt,0.700,0.200,0.140,32941.4
data/processed/gretil_devanagari/tei/transformations/html/sa_rAghavacaitanya-mahAgaNapatistotra-comm.txt,gretil,rellit,8959,230,8142,tei_unique,,0.700,1.000,0.700,6271.3
data/processed/gretil_devanagari/tei/transformations/html/sa_raghunAthadAsagosvAmin-muktAcarita.txt,gretil,other,109118,2192,95687,prefix_in_candidate,4_rellit/vaisn/muktacau.txt,0.700,0.200,0.140,15276.5
data/processed/gretil_devanagari/tei/transformations/html/sa_rAhulabhadra-prajJApAramitAstotra.txt,gretil,rellit,1766,62,1567,prefix_in_candidate,4_rellit/buddh/rahppsau.txt,0.700,0.200,0.140,247.2
data/processed/gretil_devanagari/tei/transformations/html/sa_rAjazekhara-kAvyamImAMsA-1.txt,gretil,other,125904,3842,113444,tei_unique,,0.700,1.000,0.700,88132.8
data/processed/gretil_devanagari/tei/transformations/html/sa_rAmAnuja-bhagavadgItAbhASya.txt,gretil,other,657055,13908,578749,tei_unique,,0.700,1.000,0.700,459938.5
data/processed/gretil_devanagari/tei/transformations/html/sa_rAmAnuja-vedArthasaMgraha.txt,gretil,veda,210844,3497,186713,tei_unique,,0.800,1.000,0.800,168675.2
"data/processed/gretil_devanagari/tei/transformations/html/sa_rAmAnuja-zrIbhASya-1,1,3.txt",gretil,other,21377,332,19096,tei_unique,,0.700,1.000,0.700,14963.9
data/processed/gretil_devanagari/tei/transformations/html/sa_rAmAyaNa.txt,gretil,other,1547309,56801,1357877,tei_unique,,0.700,1.000,0.700,1083116.3
data/processed/gretil_devanagari/tei/transformations/html/sa_rAmodanta.txt,gretil,other,18122,671,15959,prefix_in_candidate,5_poetry/2_kavya/ramodtau.txt,0.700,0.200,0.140,2537.1
data/processed/gretil_devanagari/tei/transformations/html/sa_rasAdhyaya1-302-com.txt,gretil,other,55981,1619,49798,tei_unique,,0.700,1.000,0.700,39186.7
data/processed/gretil_devanagari/tei/transformations/html/sa_rasArNava1-12.txt,gretil,other,116945,4330,103155,prefix_in_candidate,6_sastra/7_ayur/rasarnau.txt,0.700,0.200,0.140,16372.3
data/processed/gretil_devanagari/tei/transformations/html/sa_rASTrapAlaparipRcchA.txt,gretil,other,67106,1486,59582,tei_unique,,0.700,1.000,0.700,46974.2
data/processed/gretil_devanagari/tei/transformations/html/sa_rASTrapAlasUtra.txt,gretil,other,9004,122,8124,tei_unique,,0.700,1.000,0.700,6302.8
data/processed/gretil_devanagari/tei/transformations/html/sa_ratnagotravibhAga.txt,gretil,other,111967,2416,103388,tei_unique,,0.700,1.000,0.700,78376.9
data/processed/gretil_devanagari/tei/transformations/html/sa_ratnaguNasaMcayagAthA.txt,gretil,other,43233,989,37430,tei_unique,,0.700,1.000,0.700,30263.1
data/processed/gretil_devanagari/tei/transformations/html/sa_ratnAkarazAnti-bhramaharanAma-hevajrasAdhana.txt,gretil,other,11976,268,10906,tei_unique,,0.700,1.000,0.700,8383.2
data/processed/gretil_devanagari/tei/transformations/html/sa_ratnAkarazAnti-sAratama.txt,gretil,other,347307,5535,315284,tei_unique,,0.700,1.000,0.700,243114.9
data/processed/gretil_devanagari/tei/transformations/html/sa_ratnakIrti-kSaNabhaGgasiddhi-vyatirekAtmikA-alt.txt,gretil,other,22088,311,20356,tei_unique,,0.700,1.000,0.700,15461.6
data/processed/gretil_devanagari/tei/transformations/html/sa_ratnakIrti-kSaNabhaGgasiddhi-vyatirekAtmikA.txt,gretil,other,21431,344,19605,tei_unique,,0.700,1.000,0.700,15001.7
data/processed/gretil_devanagari/tei/transformations/html/sa_ratnakIrti-nibandhAvalI.txt,gretil,other,275462,4491,252491,tei_unique,,0.700,1.000,0.700,192823.4
data/processed/gretil_devanagari/tei/transformations/html/sa_ratnakIrti-vAdarahasya.txt,gretil,other,111434,1992,101678,tei_unique,,0.700,1.000,0.700,78003.8
data/processed/gretil_devanagari/tei/transformations/html/sa_ratnamAlAvadAna.txt,gretil,other,734840,26065,646026,prefix_in_candidate,4_rellit/buddh/ratnml_u.txt,0.700,0.200,0.140,102877.6
data/processed/gretil_devanagari/tei/transformations/html/sa_rAva-mithyAgrahaNa.txt,gretil,other,14370,276,13165,tei_unique,,0.700,1.000,0.700,10059.0
data/processed/gretil_devanagari/tei/transformations/html/sa_ravideva-rAkSasakAvyawithTIkA.txt,gretil,other,15351,264,13507,tei_unique,,0.700,1.000,0.700,10745.7
data/processed/gretil_devanagari/tei/transformations/html/sa_revAkhANDa-of-the-vAyupurANa-rkv.txt,gretil,other,707350,25176,622857,tei_unique,,0.700,1.000,0.700,495145.0
data/processed/gretil_devanagari/tei/transformations/html/sa_Rgveda-edAufrecht.txt,gretil,veda,897142,29876,775134,tei_unique,,0.800,1.000,0.800,717713.6
data/processed/gretil_devanagari/tei/transformations/html/sa_RgvedakhilAni.txt,gretil,veda,77992,2179,69091,tei_unique,,0.800,1.000,0.800,62393.6
data/processed/gretil_devanagari/tei/transformations/html/sa_RgvedasaMhitApadapATha.txt,gretil,veda,1209953,27479,1018183,tei_unique,,0.800,1.000,0.800,967962.4
data/processed/gretil_devanagari/tei/transformations/html/sa_RgvidhAna.txt,gretil,other,66540,2253,58893,prefix_in_candidate,1_veda/5_vedang/3_pratis/rgvidh_u.txt,0.700,0.200,0.140,9315.6
data/processed/gretil_devanagari/tei/transformations/html/sa_rudrabhaTTaH-zRGgAratilaka.txt,gretil,other,41450,1083,36023,exact,5_poetry/2_kavya/srngt_vu.txt,0.700,0.200,0.140,5803.0
data/processed/gretil_devanagari/tei/transformations/html/sa_rUpagosvAmin-haMsadUta.txt,gretil,other,21801,711,19520,exact,5_poetry/2_kavya/ruphamdu.txt,0.700,0.200,0.140,3052.1
data/processed/gretil_devanagari/tei/transformations/html/sa_rUpagosvAmin-haribhaktirasAmRtasindhu.txt,gretil,rellit,243466,9790,210958,prefix_in_candidate,4_rellit/vaisn/ruphbr_u.txt,0.700,0.200,0.140,34085.2
data/processed/gretil_devanagari/tei/transformations/html/sa_rUpagosvAmin-laghubhAgavatAmRta.txt,gretil,other,89495,3464,77943,exact,4_rellit/vaisn/laghbh_u.txt,0.700,0.200,0.140,12529.3
data/processed/gretil_devanagari/tei/transformations/html/sa_rUpagosvAmin-nATakacandrikA.txt,gretil,other,68928,2464,59969,prefix_in_candidate,5_poetry/1_alam/rnatc__u.txt,0.700,0.200,0.140,9649.9
data/processed/gretil_devanagari/tei/transformations/html/sa_rUpagosvAmin-padyAvalI.txt,gretil,other,65319,2804,56108,prefix_in_candidate,5_poetry/2_kavya/padyavlu.txt,0.700,0.200,0.140,9144.7
data/processed/gretil_devanagari/tei/transformations/html/sa_rUpagosvAmin-ujjvalanIlamaNi.txt,gretil,other,179956,7019,155358,exact,5_poetry/1_alam/ujjvni_u.txt,0.700,0.200,0.140,25193.8
data/processed/gretil_devanagari/tei/transformations/html/sa_ruyyaka-alaMkArasarvasva-1-34-comm.txt,gretil,other,196253,5175,179490,tei_unique,,0.700,1.000,0.700,137377.1
data/processed/gretil_devanagari/tei/transformations/html/sa_ruyyaka-alaMkArasarvasva-1-34.txt,gretil,other,49509,1317,45192,tei_unique,,0.700,1.000,0.700,34656.3
data/processed/gretil_devanagari/tei/transformations/html/sa_ruyyaka-alaMkArasarvasva.txt,gretil,other,219671,5320,200374,tei_unique,,0.700,1.000,0.700,153769.7
data/processed/gretil_devanagari/tei/transformations/html/sa_ruyyaka-sahRdayalIlA.txt,gretil,other,3966,53,3531,tei_unique,,0.700,1.000,0.700,2776.2
data/processed/gretil_devanagari/tei/transformations/html/sa_ruyyaka-vyaktivivekavyAkhyA-2.txt,gretil,other,100938,1477,91685,tei_unique,,0.700,1.000,0.700,70656.6
data/processed/gretil_devanagari/tei/transformations/html/sa_sabhikasaugatazAsanapravrajyAvratacaraNaparivarta.txt,gretil,other,19749,698,17442,prefix_in_candidate,4_rellit/buddh/sabhivpu.txt,0.700,0.200,0.140,2764.9
data/processed/gretil_devanagari/tei/transformations/html/sa_saddharmalaGkAvatArasUtra.txt,gretil,sastra,286648,6383,259238,tei_unique,,1.000,1.000,1.000,286648.0
data/processed/gretil_devanagari/tei/transformations/html/sa_saddharmapuNDarIkasUtra.txt,gretil,sastra,414538,7608,371462,tei_unique,,1.000,1.000,1.000,414538.0
data/processed/gretil_devanagari/tei/transformations/html/sa_sAgaranAgarAjaparipRcchAmahAyAnasUtra.txt,gretil,other,953,19,884,tei_unchecked_short,,0.700,1.000,0.700,667.1
data/processed/gretil_devanagari/tei/transformations/html/sa_saGghabhedavastu.txt,gretil,other,738274,11746,660249,tei_unique,,0.700,1.000,0.700,516791.8
data/processed/gretil_devanagari/tei/transformations/html/sa_samAdhirAjasUtra.txt,gretil,other,336310,8099,296586,tei_unique,,0.700,1.000,0.700,235417.0
data/processed/gretil_devanagari/tei/transformations/html/sa_samAdhirAjasUtratransliteration-1-111315-22.txt,gretil,other,93977,1987,81853,tei_unique,,0.700,1.000,0.700,65783.9
data/processed/gretil_devanagari/tei/transformations/html/sa_samantabhadra-AptamImAMsA.txt,gretil,other,10006,348,9112,exact,6_sastra/3_phil/sbhami_u.txt,0.700,0.200,0.140,1400.8
data/processed/gretil_devanagari/tei/transformations/html/sa_sAmavedasaMhitA.txt,gretil,veda,139776,3802,120732,exact,1_veda/1_sam/samavedu.txt,0.800,0.200,0.160,22364.2
data/processed/gretil_devanagari/tei/transformations/html/sa_saMghATasUtra-alt.txt,gretil,other,113585,2211,100735,tei_unique,,0.700,1.000,0.700,79509.5
data/processed/gretil_devanagari/tei/transformations/html/sa_saMghATasUtra.txt,gretil,other,116441,2025,103728,tei_unique,,0.700,1.000,0.700,81508.7
data/processed/gretil_devanagari/tei/transformations/html/sa_sAMkhyaparibhASA.txt,gretil,other,21907,705,19347,tei_unique,,0.700,1.000,0.700,15334.9
data/processed/gretil_devanagari/tei/transformations/html/sa_sAMkhyasUtravivaraNa.txt,gretil,other,10604,338,9623,tei_unique,,0.700,1.000,0.700,7422.8
data/processed/gretil_devanagari/tei/transformations/html/sa_samyaksaMbuddhabhASitaM-pratimAlakSaNam.txt,gretil,rellit,5490,175,4977,tei_unique,,0.700,1.000,0.700,3843.0
data/processed/gretil_devanagari/tei/transformations/html/sa_saMyuktAgama-966-972-according-to-the-chinese-canon.txt,gretil,other,18772,190,16801,tei_unique,,0.700,1.000,0.700,13140.4
data/processed/gretil_devanagari/tei/transformations/html/sa_saptazatikA-prajJApAramitA.txt,gretil,other,26264,376,23692,tei_unique,,0.700,1.000,0.700,18384.8
data/processed/gretil_devanagari/tei/transformations/html/sa_sArdhatrizatikAlottarAgama.txt,gretil,other,27636,986,24300,tei_unique,,0.700,1.000,0.700,19345.2
data/processed/gretil_devanagari/tei/transformations/html/sa_sarvadurgatiparizodhanatantra.txt,gretil,rellit,108693,2327,98465,tei_unique,,0.700,1.000,0.700,76085.1
data/processed/gretil_devanagari/tei/transformations/html/sa_sarvajJatAkAradhAraNI.txt,gretil,other,13414,197,12154,tei_unique,,0.700,1.000,0.700,9389.8
data/processed/gretil_devanagari/tei/transformations/html/sa_sarvamatasaMgraha.txt,gretil,other,44301,967,40922,tei_unique,,0.700,1.000,0.700,31010.7
data/processed/gretil_devanagari/tei/transformations/html/sa_sarvatathAgatAdhiSThAnavyUhasUtra.txt,gretil,other,36142,540,32651,tei_unique,,0.700,1.000,0.700,25299.4
data/processed/gretil_devanagari/tei/transformations/html/sa_sarvatathAgatatattvasaMgraha.txt,gretil,other,296206,8951,267145,tei_unique,,0.700,1.000,0.700,207344.2
data/processed/gretil_devanagari/tei/transformations/html/sa_sarvopakAriNI.txt,gretil,other,10094,235,9249,tei_unique,,0.700,1.000,0.700,7065.8
data/processed/gretil_devanagari/tei/transformations/html/sa_sAtvatatantra.txt,gretil,rellit,61744,2164,55601,prefix_in_candidate,4_rellit/vaisn/satvtanu.txt,0.700,0.200,0.140,8644.2
data/processed/gretil_devanagari/tei/transformations/html/sa_satyasUtra.txt,gretil,other,542,11,495,tei_unchecked_short,,0.700,1.000,0.700,379.4
data/processed/gretil_devanagari/tei/transformations/html/sa_siddhasenamahAmati-nyAyAvatAra-comm.txt,gretil,other,161643,2100,144661,tei_unique,,0.700,1.000,0.700,113150.1
data/processed/gretil_devanagari/tei/transformations/html/sa_SimAnanda-sAMkhyatattvavivecana.txt,gretil,other,41141,1066,37408,tei_unique,,0.700,1.000,0.700,28798.7
data/processed/gretil_devanagari/tei/transformations/html/sa_siMhabhUpAla-rasArNavasudhAkara.txt,gretil,other,265828,7589,232241,prefix_in_candidate,5_poetry/1_alam/simhrs_u.txt,0.700,0.200,0.140,37215.9
data/processed/gretil_devanagari/tei/transformations/html/sa_sitAtapatrA.txt,gretil,other,14958,213,13554,tei_unique,,0.700,1.000,0.700,10470.6
data/processed/gretil_devanagari/tei/transformations/html/sa_skandapurANa-revAkhaNDa-rks.txt,gretil,other,574145,21015,504810,prefix_in_candidate,3_purana/skprevku.txt,0.700,0.200,0.140,80380.3
"data/processed/gretil_devanagari/tei/transformations/html/sa_skandapurANa1-31,14.txt",gretil,other,148078,5667,129643,prefix_in_candidate,3_purana/skp031au.txt,0.700,0.200,0.140,20730.9
data/processed/gretil_devanagari/tei/transformations/html/sa_smaller-sukhAvatIvyUha.txt,gretil,other,9516,189,8551,exact,4_rellit/buddh/sukhvysu.txt,0.700,0.200,0.140,1332.2
data/processed/gretil_devanagari/tei/transformations/html/sa_somadeva-kathAsaritsAgara.txt,gretil,other,2650187,170280,2322414,prefix_in_candidate,5_poetry/4_narr/sokss_mu.txt,0.700,0.200,0.140,371026.2
data/processed/gretil_devanagari/tei/transformations/html/sa_somadeva-kathAsaritsAgaravetAlapaJcaviMzatikA.txt,gretil,other,379722,13076,328702,tei_unique,,0.700,1.000,0.700,265805.4
data/processed/gretil_devanagari/tei/transformations/html/sa_somadeva-rasendracUDAmaNi-3-57-16.txt,gretil,other,117876,4428,105257,prefix_in_candidate,6_sastra/7_ayur/rascum_u.txt,0.700,0.200,0.140,16502.6
data/processed/gretil_devanagari/tei/transformations/html/sa_somAnanda-zAktavijJAna.txt,gretil,other,2536,89,2252,exact,4_rellit/saiva/somsv_u.txt,0.700,0.200,0.140,355.0
data/processed/gretil_devanagari/tei/transformations/html/sa_srinivasamakhi-vedantadesika-dazavidhAhetunirUpaNa.txt,gretil,veda,178304,4573,160760,tei_unique,,0.800,1.000,0.800,142643.2
data/processed/gretil_devanagari/tei/transformations/html/sa_stUpalakSaNakArikAvivecana.txt,gretil,other,11366,236,10279,tei_unique,,0.700,1.000,0.700,7956.2
data/processed/gretil_devanagari/tei/transformations/html/sa_subandhu-vAsavadattA.txt,gretil,other,53432,794,49491,tei_unique,,0.700,1.000,0.700,37402.4
data/processed/gretil_devanagari/tei/transformations/html/sa_subhASitaratnakaraNDakathA.txt,gretil,other,26574,751,23882,tei_unique,,0.700,1.000,0.700,18601.8
data/processed/gretil_devanagari/tei/transformations/html/sa_sucaritamizra-mImAMsAzlokavArttika.txt,gretil,other,928137,13880,841850,tei_unique,,0.700,1.000,0.700,649695.9
data/processed/gretil_devanagari/tei/transformations/html/sa_sukhAvatIvyUha.txt,gretil,other,70883,1621,64468,exact,4_rellit/buddh/sukhvylu.txt,0.700,0.200,0.140,9923.6
data/processed/gretil_devanagari/tei/transformations/html/sa_sukhAvatIvyUhasaMkSiptamAtRkA.txt,gretil,other,9627,146,8661,tei_unique,,0.700,1.000,0.700,6738.9
data/processed/gretil_devanagari/tei/transformations/html/sa_sukhAvatIvyUhavistaramAtRkA.txt,gretil,other,69329,1048,63245,tei_unique,,0.700,1.000,0.700,48530.3
data/processed/gretil_devanagari/tei/transformations/html/sa_sumAgadhAvadAna.txt,gretil,other,41554,705,37417,tei_unique,,0.700,1.000,0.700,29087.8
data/processed/gretil_devanagari/tei/transformations/html/sa_sUryasiddhAnta.txt,gretil,other,35747,1017,32637,tei_unique,,0.700,1.000,0.700,25022.9
data/processed/gretil_devanagari/tei/transformations/html/sa_suSeNa-Ayurvedamahodadhau-annapAnavidhi.txt,gretil,veda,74966,2687,66626,prefix_in_candidate,6_sastra/7_ayur/samapviu.txt,0.800,0.200,0.160,11994.6
data/processed/gretil_devanagari/tei/transformations/html/sa_suvarNaprabhAsasUtra.txt,gretil,other,136831,2852,123323,tei_unique,,0.700,1.000,0.700,95781.7
data/processed/gretil_devanagari/tei/transformations/html/sa_suvarNavarNAvadAna.txt,gretil,other,122217,2111,111093,tei_unique,,0.700,1.000,0.700,85551.9
data/processed/gretil_devanagari/tei/transformations/html/sa_suvikrAntavikrAmiparipRcchA.txt,gretil,other,174498,2284,158550,tei_unique,,0.700,1.000,0.700,122148.6
data/processed/gretil_devanagari/tei/transformations/html/sa_svacchandatantra.txt,gretil,rellit,307917,11103,273499,prefix_in_candidate,4_rellit/saiva/svact_au.txt,0.700,0.200,0.140,43108.4
data/processed/gretil_devanagari/tei/transformations/html/sa_svAgatasUtra.txt,gretil,other,925,14,846,tei_unchecked_short,,0.700,1.000,0.700,647.5
data/processed/gretil_devanagari/tei/transformations/html/sa_svalpAkSarA-prajJApAramitA.txt,gretil,other,3843,58,3451,tei_unique,,0.700,1.000,0.700,2690.1
data/processed/gretil_devanagari/tei/transformations/html/sa_svAtmArAma-haThayogapradIpikA.txt,gretil,other,36387,1319,31417,exact,6_sastra/3_phil/yoga/hathyopu.txt,0.700,0.200,0.140,5094.2
data/processed/gretil_devanagari/tei/transformations/html/sa_svayaMbhupurANa.txt,gretil,other,149916,5304,132836,prefix_in_candidate,4_rellit/buddh/svabhupu.txt,0.700,0.200,0.140,20988.2
data/processed/gretil_devanagari/tei/transformations/html/sa_taittirIyopaniSad-zaMkarabhASya.txt,gretil,other,113887,1591,103063,tei_unique,,0.700,1.000,0.700,79720.9
data/processed/gretil_devanagari/tei/transformations/html/sa_tantrAkhyAyika-1-2.txt,gretil,rellit,47943,1501,43391,prefix_in_candidate,5_poetry/4_narr/ttrkhy1u.txt,0.700,0.200,0.140,6712.0
data/processed/gretil_devanagari/tei/transformations/html/sa_tArAbhaTTArikAnAmASTottarazatakastotra.txt,gretil,poetry,4727,176,4233,exact,4_rellit/buddh/tarb108u.txt,1.000,0.200,0.200,945.4
data/processed/gretil_devanagari/tei/transformations/html/sa_tArAsragdharAstotra.txt,gretil,rellit,7569,187,7100,exact,4_rellit/buddh/tarasdhu.txt,0.700,0.200,0.140,1059.7
data/processed/gretil_devanagari/tei/transformations/html/sa_tarkabhASA.txt,gretil,sastra,70925,1151,64496,tei_unique,,1.000,1.000,1.000,70925.0
data/processed/gretil_devanagari/tei/transformations/html/sa_tarkarahasya.txt,gretil,sastra,105889,3414,94588,tei_unique,,1.000,1.000,1.000,105889.0
data/processed/gretil_devanagari/tei/transformations/html/sa_tarkazAstra.txt,gretil,sastra,39509,612,35918,tei_unique,,1.000,1.000,1.000,39509.0
data/processed/gretil_devanagari/tei/transformations/html/sa_tathAgatabimbakArApaNasUtra.txt,gretil,other,4868,68,4411,tei_unique,,0.700,1.000,0.700,3407.6
data/processed/gretil_devanagari/tei/transformations/html/sa_tattvamImAMsA.txt,gretil,other,16330,218,14819,tei_unique,,0.700,1.000,0.700,11431.0
data/processed/gretil_devanagari/tei/transformations/html/sa_tattvaratnAvaloka.txt,gretil,other,2503,64,2296,tei_unique,,0.700,1.000,0.700,1752.1
data/processed/gretil_devanagari/tei/transformations/html/sa_tattvasamAsa-4versions.txt,gretil,other,1658,100,1484,tei_unique,,0.700,1.000,0.700,1160.6
data/processed/gretil_devanagari/tei/transformations/html/sa_tattvasamAsasUtravRtti.txt,gretil,other,21323,571,19454,tei_unique,,0.700,1.000,0.700,14926.1
data/processed/gretil_devanagari/tei/transformations/html/sa_timirodghATana.txt,gretil,other,26029,797,23042,tei_unique,,0.700,1.000,0.700,18220.3
data/processed/gretil_devanagari/tei/transformations/html/sa_toDalatantra.txt,gretil,rellit,33608,1293,29482,prefix_in_candidate,4_rellit/saiva/todaltau.txt,0.700,0.200,0.140,4705.1
data/processed/gretil_devanagari/tei/transformations/html/sa_triskandhasUtra.txt,gretil,other,2565,40,2303,tei_unique,,0.700,1.000,0.700,1795.5
data/processed/gretil_devanagari/tei/transformations/html/sa_udAnavarga.txt,gretil,other,101419,3234,88534,tei_unique,,0.700,1.000,0.700,70993.3
data/processed/gretil_devanagari/tei/transformations/html/sa_udayana-nyAyakusumAJjali.txt,gretil,other,196430,3914,179559,tei_unique,,0.700,1.000,0.700,137501.0
data/processed/gretil_devanagari/tei/transformations/html/sa_udayana-nyAyavArttikatAtparyaparizuddhi-1.txt,gretil,other,479899,10844,436590,tei_unique,,0.700,1.000,0.700,335929.3
data/processed/gretil_devanagari/tei/transformations/html/sa_udbhaTa-kAvyAlaMkArasArasaMgraha.txt,gretil,other,128457,3170,117730,tei_unique,,0.700,1.000,0.700,89919.9
data/processed/gretil_devanagari/tei/transformations/html/sa_uDDAmarezvaratantra.txt,gretil,rellit,65570,1868,57694,prefix_in_candidate,4_rellit/saiva/uddamt_u.txt,0.700,0.200,0.140,9179.8
data/processed/gretil_devanagari/tei/transformations/html/sa_uddaNDa-kokilasaMdesa.txt,gretil,other,27346,487,24767,prefix_in_candidate,5_poetry/2_kavya/uddkokau.txt,0.700,0.200,0.140,3828.4
data/processed/gretil_devanagari/tei/transformations/html/sa_udIcyazyAmilaka-pADatADitaka.txt,gretil,other,50063,1102,45224,tei_unique,,0.700,1.000,0.700,35044.1
data/processed/gretil_devanagari/tei/transformations/html/sa_upasaMpadAjJapti.txt,gretil,other,22841,376,20506,tei_unique,,0.700,1.000,0.700,15988.7
data/processed/gretil_devanagari/tei/transformations/html/sa_upAyahRdaya.txt,gretil,other,30281,508,27337,tei_unique,,0.700,1.000,0.700,21196.7
data/processed/gretil_devanagari/tei/transformations/html/sa_utpaladeva-ajaDapramAtRsiddhi.txt,gretil,other,8390,152,7758,tei_unique,,0.700,1.000,0.700,5873.0
data/processed/gretil_devanagari/tei/transformations/html/sa_utpaladeva-IzvarapratyabhijJAkArikA-with-vRtti.txt,gretil,other,45599,1246,41605,tei_unique,,0.700,1.000,0.700,31919.3
data/processed/gretil_devanagari/tei/transformations/html/sa_utpaladeva-zivastotrAvali.txt,gretil,rellit,39732,944,35862,prefix_in_candidate,4_rellit/saiva/utsivsau.txt,0.700,0.200,0.140,5562.5
data/processed/gretil_devanagari/tei/transformations/html/sa_vAcaspatimizra-bhAmati.txt,gretil,other,862111,17382,787131,tei_unique,,0.700,1.000,0.700,603477.7
data/processed/gretil_devanagari/tei/transformations/html/sa_vAdivAgIzvara-mAnamanohara.txt,gretil,other,66476,1303,61302,tei_unique,,0.700,1.000,0.700,46533.2
data/processed/gretil_devanagari/tei/transformations/html/sa_vAgbhaTa-aSTAGgahRdayasUtra.txt,gretil,other,802522,27165,693385,prefix_in_candidate,6_sastra/7_ayur/vagaah_u.txt,0.700,0.200,0.140,112353.1
"data/processed/gretil_devanagari/tei/transformations/html/sa_vAgbhaTa-rasaratnasamuccaya-1-18,29.txt",gretil,other,278877,8747,250337,tei_unique,,0.700,1.000,0.700,195213.9
data/processed/gretil_devanagari/tei/transformations/html/sa_vAgbhaTa-rasaratnasamuccaya.txt,gretil,other,107259,3706,95892,tei_unique,,0.700,1.000,0.700,75081.3
data/processed/gretil_devanagari/tei/transformations/html/sa_vAgIzvarakIrti-mRtyuvaJcanopadeza.txt,gretil,other,32897,1156,29758,prefix_in_candidate,4_rellit/buddh/vamvupau.txt,0.700,0.200,0.140,4605.6
data/processed/gretil_devanagari/tei/transformations/html/sa_vAhaTa-aSTAGganighaNTu.txt,gretil,other,33932,1222,30082,prefix_in_candidate,6_sastra/7_ayur/vanighau.txt,0.700,0.200,0.140,4750.5
data/processed/gretil_devanagari/tei/transformations/html/sa_vaikhAnasadharmasUtra.txt,gretil,sastra,32843,687,28869,tei_unique,,1.000,1.000,1.000,32843.0
data/processed/gretil_devanagari/tei/transformations/html/sa_vaikhAnasamantraprazna5-8.txt,gretil,other,195669,7542,171139,tei_unique,,0.700,1.000,0.700,136968.3
data/processed/gretil_devanagari/tei/transformations/html/sa_vaitAnazrautasUtra-vaitAnasUtra.txt,gretil,veda,49129,1544,44266,tei_unique,,0.800,1.000,0.800,39303.2
data/processed/gretil_devanagari/tei/transformations/html/sa_vajracchedikA-prajJApAramitA-frag.txt,gretil,other,15607,175,13902,tei_unique,,0.700,1.000,0.700,10924.9
data/processed/gretil_devanagari/tei/transformations/html/sa_vajracchedikA-prajJApAramitA-gilgit.txt,gretil,other,12020,202,10728,tei_unique,,0.700,1.000,0.700,8414.0
data/processed/gretil_devanagari/tei/transformations/html/sa_vajracchedikA-prajJApAramitA.txt,gretil,other,29337,428,26281,tei_unique,,0.700,1.000,0.700,20535.9
data/processed/gretil_devanagari/tei/transformations/html/sa_vajravidAraNAdhAraNI.txt,gretil,other,3217,71,2841,tei_unique,,0.700,1.000,0.700,2251.9
data/processed/gretil_devanagari/tei/transformations/html/sa_vajravidAraNIdhAraNI.txt,gretil,other,2027,47,1773,tei_unique,,0.700,1.000,0.700,1418.9
data/processed/gretil_devanagari/tei/transformations/html/sa_vallabhadeva-subhASitAvali-1-1040.txt,gretil,other,131899,4373,117297,prefix_in_candidate,5_poetry/5_subhas/valsubhu.txt,0.700,0.200,0.140,18465.9
data/processed/gretil_devanagari/tei/transformations/html/sa_vAlmIki-rAmAyaNa-rev-2-3.txt,gretil,other,437540,15835,383837,prefix_in_candidate,2_epic/ramayana/ram_02au.txt,0.700,0.200,0.140,61255.6
data/processed/gretil_devanagari/tei/transformations/html/sa_vAlmIki-rAmAyaNa-southern-2.txt,gretil,other,268603,9567,235904,prefix_in_candidate,2_epic/ramayana/ram_02su.txt,0.700,0.200,0.140,37604.4
data/processed/gretil_devanagari/tei/transformations/html/sa_vAmadeva-janmamaraNavicAra.txt,gretil,other,18751,415,16958,tei_unique,,0.700,1.000,0.700,13125.7
data/processed/gretil_devanagari/tei/transformations/html/sa_vAmana-kAvyAlaMkArasUtra-alt.txt,gretil,other,10356,353,9552,tei_unique,,0.700,1.000,0.700,7249.2
data/processed/gretil_devanagari/tei/transformations/html/sa_vAmana-kAvyAlaMkArasUtra.txt,gretil,other,79039,1833,71518,tei_unique,,0.700,1.000,0.700,55327.3
data/processed/gretil_devanagari/tei/transformations/html/sa_vAmanadatta-dvayasaMpattivArttika.txt,gretil,other,1966,70,1747,tei_unique,,0.700,1.000,0.700,1376.2
data/processed/gretil_devanagari/tei/transformations/html/sa_vAmanadatta-svabodhodayamaJjarI.txt,gretil,other,3744,133,3361,exact,6_sastra/3_phil/saiva/vamsbum_u.txt,0.700,0.200,0.140,524.2
data/processed/gretil_devanagari/tei/transformations/html/sa_vAmanapurANa1-69.txt,gretil,other,415531,14355,366884,tei_unique,,0.700,1.000,0.700,290871.7
data/processed/gretil_devanagari/tei/transformations/html/sa_vAmanapurANasaromAhAtmya.txt,gretil,other,106725,3757,93728,prefix_in_candidate,3_purana/vampsm_u.txt,0.700,0.200,0.140,14941.5
data/processed/gretil_devanagari/tei/transformations/html/sa_varadarAja-laghusiddhAntakaumudI.txt,gretil,other,143410,3486,128002,tei_unique,,0.700,1.000,0.700,100387.0
data/processed/gretil_devanagari/tei/transformations/html/sa_vArAhagRhyasUtra.txt,gretil,other,30587,1013,27280,tei_unique,,0.700,1.000,0.700,21410.9
data/processed/gretil_devanagari/tei/transformations/html/sa_varAhamihira-bRhajjAtaka.txt,gretil,other,59846,1685,50248,tei_unique,,0.700,1.000,0.700,41892.2
data/processed/gretil_devanagari/tei/transformations/html/sa_varAhamihira-bRhatsaMhitA.txt,gretil,other,301705,7033,263308,tei_unique,,0.700,1.000,0.700,211193.5
data/processed/gretil_devanagari/tei/transformations/html/sa_varAhamihira-tikanikayAtra.txt,gretil,other,11184,456,10016,prefix_in_candidate,6_sastra/8_jyot/tikaniku.txt,0.700,0.200,0.140,1565.8
data/processed/gretil_devanagari/tei/transformations/html/sa_varAhamihira-vivAhapaTala.txt,gretil,other,10604,404,9362,exact,6_sastra/8_jyot/vivahapu.txt,0.700,0.200,0.140,1484.6
data/processed/gretil_devanagari/tei/transformations/html/sa_varAhamihira-yogayAtrA-edjha.txt,gretil,other,56931,2163,50909,tei_unique,,0.700,1.000,0.700,39851.7
data/processed/gretil_devanagari/tei/transformations/html/sa_varAhamihira-yogayAtrA-edpingree.txt,gretil,other,58705,2413,52635,prefix_in_candidate,6_sastra/8_jyot/yogay1_u.txt,0.700,0.200,0.140,8218.7
data/processed/gretil_devanagari/tei/transformations/html/sa_vararuci-zatagAthA.txt,gretil,other,10146,324,8846,tei_unique,,0.700,1.000,0.700,7102.2
data/processed/gretil_devanagari/tei/transformations/html/sa_varSAvastu.txt,gretil,other,28485,338,25587,tei_unique,,0.700,1.000,0.700,19939.5
data/processed/gretil_devanagari/tei/transformations/html/sa_vAsiSThadharmasUtra.txt,gretil,sastra,63162,1640,56764,tei_unique,,1.000,1.000,1.000,63162.0
data/processed/gretil_devanagari/tei/transformations/html/sa_vasubandhu-abhidharmakoza.txt,gretil,sastra,52317,1836,47120,exact,6_sastra/3_phil/buddh/vakobhku.txt,1.000,0.200,0.200,10463.4
data/processed/gretil_devanagari/tei/transformations/html/sa_vasubandhu-abhidharmakozabhASya.txt,gretil,sastra,690491,30426,614640,tei_unique,,1.000,1.000,1.000,690491.0
data/processed/gretil_devanagari/tei/transformations/html/sa_vasubandhu-bodhicittotpAdasUtrazAstra.txt,gretil,other,53780,786,49214,tei_unique,,0.700,1.000,0.700,37646.0
data/processed/gretil_devanagari/tei/transformations/html/sa_vasubandhu-madhyAntavibhAgakArikAbhASya.txt,gretil,other,51985,1029,47666,tei_unique,,0.700,1.000,0.700,36389.5
data/processed/gretil_devanagari/tei/transformations/html/sa_vasubandhu-paJcaskandhaprakaraNa.txt,gretil,other,12011,273,10927,tei_unique,,0.700,1.000,0.700,8407.7
data/processed/gretil_devanagari/tei/transformations/html/sa_vasubandhu-triMzikAvijJaptikArikA-comm.txt,gretil,other,54072,913,49574,tei_unique,,0.700,1.000,0.700,37850.4
data/processed/gretil_devanagari/tei/transformations/html/sa_vasubandhu-triMzikAvijJaptikArikA.txt,gretil,other,2590,94,2319,exact,6_sastra/3_phil/buddh/bsa018_u.txt,0.700,0.200,0.140,362.6
data/processed/gretil_devanagari/tei/transformations/html/sa_vasubandhu-trisvabhAvanirdeza.txt,gretil,other,3309,119,3013,exact,6_sastra/3_phil/buddh/bsa019_u.txt,0.700,0.200,0.140,463.3
data/processed/gretil_devanagari/tei/transformations/html/sa_vasubandhu-viMzatikA-vijJaptimAtratAsiddhi.txt,gretil,other,12592,232,11278,tei_unique,,0.700,1.000,0.700,8814.4
data/processed/gretil_devanagari/tei/transformations/html/sa_vasudhArAdhAraNI-alt.txt,gretil,other,10913,167,9752,tei_unique,,0.700,1.000,0.700,7639.1
data/processed/gretil_devanagari/tei/transformations/html/sa_vasudhArAdhAraNI-gilgit.txt,gretil,other,5105,65,4586,tei_unique,,0.700,1.000,0.700,3573.5
data/processed/gretil_devanagari/tei/transformations/html/sa_vasudhArAdhAraNI.txt,gretil,other,23555,323,20840,tei_unique,,0.700,1.000,0.700,16488.5
data/processed/gretil_devanagari/tei/transformations/html/sa_vasugupta-spandakArikA-comm.txt,gretil,other,69037,1550,63037,tei_unique,,0.700,1.000,0.700,48325.9
data/processed/gretil_devanagari/tei/transformations/html/sa_vasugupta-spandakArikA.txt,gretil,other,4542,166,4067,exact,6_sastra/3_phil/saiva/spandkau.txt,0.700,0.200,0.140,635.9
data/processed/gretil_devanagari/tei/transformations/html/sa_vAtsyAyana-kAmasUtra-ednirnaya.txt,gretil,other,124754,2528,109314,tei_unique,,0.700,1.000,0.700,87327.8
data/processed/gretil_devanagari/tei/transformations/html/sa_vAtsyAyana-kAmasUtra.txt,gretil,other,136690,2920,120876,tei_unique,,0.700,1.000,0.700,95683.0
data/processed/gretil_devanagari/tei/transformations/html/sa_vAtUlanAtha-vAtUlanAthasUtra-comm.txt,gretil,other,27597,519,24827,tei_unique,,0.700,1.000,0.700,19317.9
data/processed/gretil_devanagari/tei/transformations/html/sa_veGkaTanAtha-nyAyaparizuddhibhUmikA-13-5.txt,gretil,other,162510,3435,149368,tei_unique,,0.700,1.000,0.700,113757.0
data/processed/gretil_devanagari/tei/transformations/html/sa_vidyAkara-subhASitaratnakoza.txt,gretil,other,286104,7245,248490,prefix_in_candidate,5_poetry/5_subhas/vidsrgau.txt,0.700,0.200,0.140,40054.6
data/processed/gretil_devanagari/tei/transformations/html/sa_vidyAkarazAnti-tarkasopAna.txt,gretil,sastra,36483,543,33272,tei_unique,,1.000,1.000,1.000,36483.0
data/processed/gretil_devanagari/tei/transformations/html/sa_vidyAnAtha-pratAparudrIya.txt,gretil,other,208985,6724,189801,tei_unique,,0.700,1.000,0.700,146289.5
data/processed/gretil_devanagari/tei/transformations/html/sa_vidyAsthAnopamasUtra.txt,gretil,other,1988,56,1763,exact,4_rellit/buddh/vsths_tu.txt,0.700,0.200,0.140,278.3
data/processed/gretil_devanagari/tei/transformations/html/sa_vijJAnabhairava.txt,gretil,other,13950,499,12417,exact,6_sastra/3_phil/saiva/vijnbhau.txt,0.700,0.200,0.140,1953.0
data/processed/gretil_devanagari/tei/transformations/html/sa_vijJAnabhikSu-sAMkhyasAra.txt,gretil,other,45655,1256,41467,tei_unique,,0.700,1.000,0.700,31958.5
data/processed/gretil_devanagari/tei/transformations/html/sa_vijJAnezvara-mitAkSarA.txt,gretil,other,1001920,22044,903889,tei_unique,,0.700,1.000,0.700,701344.0
data/processed/gretil_devanagari/tei/transformations/html/sa_vimalakIrtinirdeza.txt,gretil,other,141847,2311,128786,tei_unique,,0.700,1.000,0.700,99292.9
data/processed/gretil_devanagari/tei/transformations/html/sa_vimalakIrtinirdezasUtra.txt,gretil,other,138326,2091,126710,tei_unique,,0.700,1.000,0.700,96828.2
data/processed/gretil_devanagari/tei/transformations/html/sa_vimalamitra-abhidharmadIpa-1-383.txt,gretil,sastra,33774,1179,30569,prefix_in_candidate,6_sastra/3_phil/buddh/vabhdilu.txt,1.000,0.200,0.200,6754.8
data/processed/gretil_devanagari/tei/transformations/html/sa_vimalamitra-abhidharmadIpa-comm.txt,gretil,sastra,316559,6221,289686,tei_unique,,1.000,1.000,1.000,316559.0
data/processed/gretil_devanagari/tei/transformations/html/sa_vimalamitra-abhidharmadIpa.txt,gretil,sastra,51033,1770,46330,exact,6_sastra/3_phil/buddh/vabhdiku.txt,1.000,0.200,0.200,10206.6
data/processed/gretil_devanagari/tei/transformations/html/sa_viMzatikAkArikA.txt,gretil,other,1842,69,1629,exact,6_sastra/3_phil/buddh/bsa023_u.txt,0.700,0.200,0.140,257.9
data/processed/gretil_devanagari/tei/transformations/html/sa_viMzikAvRtti.txt,gretil,other,1890,68,1674,exact,6_sastra/3_phil/buddh/bsa022_u.txt,0.700,0.200,0.140,264.6
data/processed/gretil_devanagari/tei/transformations/html/sa_vinayasUtra-1pravrajyAvastu.txt,gretil,other,115586,1630,103634,tei_unique,,0.700,1.000,0.700,80910.2
data/processed/gretil_devanagari/tei/transformations/html/sa_vinayasUtra.txt,gretil,other,209001,12199,186648,tei_unique,,0.700,1.000,0.700,146300.7
data/processed/gretil_devanagari/tei/transformations/html/sa_vinayavinizcayaupAliparipRcchA.txt,gretil,other,7314,97,6723,tei_unique,,0.700,1.000,0.700,5119.8
data/processed/gretil_devanagari/tei/transformations/html/sa_vINAzikhatantra.txt,gretil,rellit,34016,1241,30174,tei_unique,,0.700,1.000,0.700,23811.2
data/processed/gretil_devanagari/tei/transformations/html/sa_vinItadeva-saMtAnAntarasiddhiTIkA.txt,gretil,other,40718,677,37350,tei_unique,,0.700,1.000,0.700,28502.6
data/processed/gretil_devanagari/tei/transformations/html/sa_viSNudharma.txt,gretil,sastra,221177,16947,193440,exact,4_rellit/vaisn/vdhapadu.txt,1.000,0.200,0.200,44235.4
"data/processed/gretil_devanagari/tei/transformations/html/sa_viSNudharmottarapurANa-2,127.txt",gretil,other,4636,167,4087,exact,3_purana/vd2127_u.txt,0.700,0.200,0.140,649.0
"data/processed/gretil_devanagari/tei/transformations/html/sa_viSNudharmottarapurANa3,343-353.txt",gretil,other,63178,3497,54120,tei_unique,,0.700,1.000,0.700,44224.6
data/processed/gretil_devanagari/tei/transformations/html/sa_viSNupurANa-crit.txt,gretil,other,538490,19757,477820,prefix_in_candidate,3_purana/vipce_au.txt,0.700,0.200,0.140,75388.6
data/processed/gretil_devanagari/tei/transformations/html/sa_viSNupurANa.txt,gretil,other,525622,18213,468432,prefix_in_candidate,3_purana/visnup_u.txt,0.700,0.200,0.140,73587.1
data/processed/gretil_devanagari/tei/transformations/html/sa_viSNusmRti.txt,gretil,other,245821,12633,211921,tei_unique,,0.700,1.000,0.700,172074.7
data/processed/gretil_devanagari/tei/transformations/html/sa_viSNuzarman-paJcatantra.txt,gretil,rellit,346125,8517,300778,tei_unique,,0.700,1.000,0.700,242287.5
data/processed/gretil_devanagari/tei/transformations/html/sa_viSvaksenasaMhitA.txt,gretil,other,337363,11799,301539,prefix_in_candidate,4_rellit/vaisn/visvaksu.txt,0.700,0.200,0.140,47230.8
data/processed/gretil_devanagari/tei/transformations/html/sa_vizvanAthakavirAja-sAhityadarpaNa-comm.txt,gretil,other,1080124,30023,979477,tei_unique,,0.700,1.000,0.700,756086.8
data/processed/gretil_devanagari/tei/transformations/html/sa_vizvanAthakavirAja-sAhityadarpaNa.txt,gretil,other,70272,2465,61732,prefix_in_candidate,5_poetry/1_alam/visvsdpu.txt,0.700,0.200,0.140,9838.1
data/processed/gretil_devanagari/tei/transformations/html/sa_vizvantarAvadAna.txt,gretil,other,18594,394,16577,tei_unique,,0.700,1.000,0.700,13015.8
data/processed/gretil_devanagari/tei/transformations/html/sa_vizvezvarakavicandra-camatkAracandrikA.txt,gretil,other,173055,4709,157573,prefix_in_candidate,5_poetry/1_alam/vcamkc_u.txt,0.700,0.200,0.140,24227.7
data/processed/gretil_devanagari/tei/transformations/html/sa_vyAsatIrtha-tarkatANDava-comm.txt,gretil,sastra,1366607,22840,1251858,tei_unique,,1.000,1.000,1.000,1366607.0
data/processed/gretil_devanagari/tei/transformations/html/sa_yAjJavalkyasmRti.txt,gretil,other,176753,6156,155036,tei_unique,,0.700,1.000,0.700,123727.1
data/processed/gretil_devanagari/tei/transformations/html/sa_yamasmRti-182v.txt,gretil,other,16129,562,14138,tei_unique,,0.700,1.000,0.700,11290.3
data/processed/gretil_devanagari/tei/transformations/html/sa_yamasmRti-78v.txt,gretil,other,6852,236,6049,exact,6_sastra/4_dharma/smrti/ys-78_pu.txt,0.700,0.200,0.140,959.3
data/processed/gretil_devanagari/tei/transformations/html/sa_yamasmRti-99v.txt,gretil,other,8763,302,7739,exact,6_sastra/4_dharma/smrti/ys-99_pu.txt,0.700,0.200,0.140,1226.8
data/processed/gretil_devanagari/tei/transformations/html/sa_yamasmRti-s.txt,gretil,other,12463,419,11035,prefix_in_candidate,6_sastra/4_dharma/smrti/yssoutpu.txt,0.700,0.200,0.140,1744.8
data/processed/gretil_devanagari/tei/transformations/html/sa_yAmuna-Atmasiddhi.txt,gretil,other,285448,3472,262454,tei_unique,,0.700,1.000,0.700,199813.6
data/processed/gretil_devanagari/tei/transformations/html/sa_yAmuna-catuHzlokI.txt,gretil,other,1545,39,1355,tei_unique,,0.700,1.000,0.700,1081.5
data/processed/gretil_devanagari/tei/transformations/html/sa_yAmuna-gItArthasaMgraha.txt,gretil,other,5667,191,5042,tei_unique,,0.700,1.000,0.700,3966.9
data/processed/gretil_devanagari/tei/transformations/html/sa_yAmuna-Izvarasiddhi-alt.txt,gretil,other,52200,658,48315,tei_unique,,0.700,1.000,0.700,36540.0
data/processed/gretil_devanagari/tei/transformations/html/sa_yAmuna-Izvarasiddhi.txt,gretil,other,26193,497,23329,tei_unique,,0.700,1.000,0.700,18335.1
data/processed/gretil_devanagari/tei/transformations/html/sa_yAmuna-saMvitsiddhi-alt.txt,gretil,other,36812,1314,32246,tei_unique,,0.700,1.000,0.700,25768.4
data/processed/gretil_devanagari/tei/transformations/html/sa_yAmuna-saMvitsiddhi-comm.txt,gretil,other,91004,2041,83486,tei_unique,,0.700,1.000,0.700,63702.8
data/processed/gretil_devanagari/tei/transformations/html/sa_yAmuna-saMvitsiddhi.txt,gretil,other,36684,1767,32558,tei_unique,,0.700,1.000,0.700,25678.8
data/processed/gretil_devanagari/tei/transformations/html/sa_yAmuna-stotraratna.txt,gretil,rellit,15406,406,13479,tei_unique,,0.700,1.000,0.700,10784.2
data/processed/gretil_devanagari/tei/transformations/html/sa_yAska-nirukta.txt,gretil,other,207549,4938,183303,prefix_in_candidate,1_veda/5_vedang/3_pratis/niruktau.txt,0.700,0.200,0.140,29056.9
data/processed/gretil_devanagari/tei/transformations/html/sa_yazodhara-rasaprakAzasudhAkara.txt,gretil,other,98137,3231,86998,tei_unique,,0.700,1.000,0.700,68695.9
data/processed/gretil_devanagari/tei/transformations/html/sa_yazomitra-sphuTArthA-abhidharmakozavyAkhyA.txt,gretil,sastra,1311816,19680,1192173,tei_unique,,1.000,1.000,1.000,1311816.0
data/processed/gretil_devanagari/tei/transformations/html/sa_yogazataka.txt,gretil,poetry,14374,379,13252,prefix_in_candidate,6_sastra/7_ayur/yogasatu.txt,1.000,0.200,0.200,2874.8
data/processed/gretil_devanagari/tei/transformations/html/sa_yuktidIpikA.txt,gretil,other,329573,5159,301986,tei_unique,,0.700,1.000,0.700,230701.1
"data/processed/gretil_devanagari/tei/transformations/html/sa_zabara-mImAMsAsUtrabhASya-1,1,1-5.txt",gretil,other,30149,474,26882,tei_unique,,0.700,1.000,0.700,21104.3
data/processed/gretil_devanagari/tei/transformations/html/sa_zaGkhAyana-AraNyaka.txt,gretil,other,70779,1175,62464,tei_unique,,0.700,1.000,0.700,49545.3
data/processed/gretil_devanagari/tei/transformations/html/sa_zAGkhAyanagRhyasUtra.txt,gretil,other,49167,1230,43662,tei_unique,,0.700,1.000,0.700,34416.9
data/processed/gretil_devanagari/tei/transformations/html/sa_zAGkhAyanazrautasUtra.txt,gretil,veda,256160,5504,227083,tei_unique,,0.800,1.000,0.800,204928.0
data/processed/gretil_devanagari/tei/transformations/html/sa_zAkyabuddhi-pramANavArttikaTIkA.txt,gretil,rellit,88790,1419,80104,tei_unique,,0.700,1.000,0.700,62153.0
data/processed/gretil_devanagari/tei/transformations/html/sa_zAlikanAthamizra-prakaraNapaJcikA-comm.txt,gretil,other,294988,6411,269670,tei_unique,,0.700,1.000,0.700,206491.6
data/processed/gretil_devanagari/tei/transformations/html/sa_zAlinAtha-rasamaJjarI.txt,gretil,other,76440,2659,67624,tei_unique,,0.700,1.000,0.700,53508.0
data/processed/gretil_devanagari/tei/transformations/html/sa_zAlistambasUtra.txt,gretil,other,16971,231,15414,tei_unique,,0.700,1.000,0.700,11879.7
data/processed/gretil_devanagari/tei/transformations/html/sa_zaMkara-kaThopaniSadbhASya.txt,gretil,other,76294,1370,68900,tei_unique,,0.700,1.000,0.700,53405.8
data/processed/gretil_devanagari/tei/transformations/html/sa_zaMkara-saundaryalaharI.txt,gretil,other,32226,734,28172,tei_unique,,0.700,1.000,0.700,22558.2
data/processed/gretil_devanagari/tei/transformations/html/sa_zaMkara-upadezasAhasrI.txt,gretil,other,92110,2538,82832,prefix_in_candidate,6_sastra/3_phil/vedanta/samkupad_u.txt,0.700,0.200,0.140,12895.4
data/processed/gretil_devanagari/tei/transformations/html/sa_zaMkara-vivekacuDAmaNi.txt,gretil,other,61239,2383,55051,exact,6_sastra/3_phil/vedanta/vivcud_u.txt,0.700,0.200,0.140,8573.5
data/processed/gretil_devanagari/tei/transformations/html/sa_zAntarakSita-tattvasaMgraha.txt,gretil,other,65703,10198,54583,tei_unique,,0.700,1.000,0.700,45992.1
data/processed/gretil_devanagari/tei/transformations/html/sa_zAntideva-bodhicaryAvatAra-alt.txt,gretil,other,80028,2791,71045,exact,6_sastra/3_phil/buddh/bsa003_u.txt,0.700,0.200,0.140,11203.9
data/processed/gretil_devanagari/tei/transformations/html/sa_zAntideva-bodhicaryAvatAra.txt,gretil,other,78470,2758,69543,prefix_in_candidate,6_sastra/3_phil/buddh/santbcau.txt,0.700,0.200,0.140,10985.8
data/processed/gretil_devanagari/tei/transformations/html/sa_zAntideva-zikSAsamuccaya-alt.txt,gretil,other,398367,11024,360638,tei_unique,,0.700,1.000,0.700,278856.9
data/processed/gretil_devanagari/tei/transformations/html/sa_zAntideva-zikSAsamuccaya.txt,gretil,other,424933,6767,362206,tei_unique,,0.700,1.000,0.700,297453.1
data/processed/gretil_devanagari/tei/transformations/html/sa_zArdUlakarNAvadAna.txt,gretil,other,189472,3580,163995,tei_unique,,0.700,1.000,0.700,132630.4
data/processed/gretil_devanagari/tei/transformations/html/sa_zatasAhasrikA-prajJApAramitA-2.txt,gretil,other,1705654,22972,1551521,tei_unique,,0.700,1.000,0.700,1193957.8
data/processed/gretil_devanagari/tei/transformations/html/sa_zatasAhasrikAprajJApAramitA-1.txt,gretil,other,2059130,25012,1869539,tei_unique,,0.700,1.000,0.700,1441391.0
data/processed/gretil_devanagari/tei/transformations/html/sa_zayanAsanavastu.txt,gretil,other,80181,1201,72093,tei_unique,,0.700,1.000,0.700,56126.7
data/processed/gretil_devanagari/tei/transformations/html/sa_zikSAsamuccayakArikA.txt,gretil,other,2260,80,2020,exact,6_sastra/3_phil/buddh/bsa014_u.txt,0.700,0.200,0.140,316.4
data/processed/gretil_devanagari/tei/transformations/html/sa_zira-upaniSad.txt,gretil,veda,8551,160,7477,tei_unique,,0.800,1.000,0.800,6840.8
data/processed/gretil_devanagari/tei/transformations/html/sa_zivamahimnastava.txt,gretil,rellit,13404,403,11888,tei_unique,,0.700,1.000,0.700,9382.8
data/processed/gretil_devanagari/tei/transformations/html/sa_zivapurANabooks-1-and-7.txt,gretil,rellit,565202,12210,497359,prefix_in_candidate,3_purana/sivap1_u.txt,0.700,0.200,0.140,79128.3
data/processed/gretil_devanagari/tei/transformations/html/sa_zivasaMkalpopaniSad.txt,gretil,rellit,2821,83,2492,tei_unique,,0.700,1.000,0.700,1974.7
data/processed/gretil_devanagari/tei/transformations/html/sa_zivasUtra-with-vArttika.txt,gretil,rellit,32958,909,30276,exact,4_rellit/saiva/sivsutru.txt,0.700,0.200,0.140,4614.1
data/processed/gretil_devanagari/tei/transformations/html/sa_zivopaniSad.txt,gretil,other,106572,3774,92853,tei_unique,,0.700,1.000,0.700,74600.4
data/processed/gretil_devanagari/tei/transformations/html/sa_zrAvakabhUmi.txt,gretil,other,292711,5260,264250,tei_unique,,0.700,1.000,0.700,204897.7
data/processed/gretil_devanagari/tei/transformations/html/sa_zrIghanAcArasaMgraha.txt,gretil,other,16597,644,14812,exact,4_rellit/buddh/sghancsu.txt,0.700,0.200,0.140,2323.6
data/processed/gretil_devanagari/tei/transformations/html/sa_zrIkaNTha-ratnatrayaparIkSA.txt,gretil,other,28012,1019,25090,prefix_in_candidate,4_rellit/saiva/sratrpau.txt,0.700,0.200,0.140,3921.7
data/processed/gretil_devanagari/tei/transformations/html/sa_zrImahAdevIvyAkaraNa.txt,gretil,other,7284,95,6700,tei_unique,,0.700,1.000,0.700,5098.8
data/processed/gretil_devanagari/tei/transformations/html/sa_zukasaptati.txt,gretil,other,118466,3526,103550,tei_unique,,0.700,1.000,0.700,82926.2
data/processed/gretil_devanagari/tei/transformations/html/sa_zUnyasamAdhipAda-tattvajJAnasaMsiddhi.txt,gretil,other,6885,213,6252,exact,6_sastra/3_phil/buddh/sunytjsu.txt,0.700,0.200,0.140,963.9
data/processed/gretil_devanagari/tei/transformations/html/sa_zvetAzvataropaniSad-alt.txt,gretil,other,12759,367,11048,tei_unique,,0.700,1.000,0.700,8931.3
data/processed/gretil_devanagari/tei/transformations/html/sa_zvetAzvataropaniSad.txt,gretil,other,12069,344,10623,prefix_in_candidate,1_veda/4_upa/svetu_au.txt,0.700,0.200,0.140,1689.7
data/processed/ambuda-text/abhishekanatakam.txt,ambuda,ambuda,42007,1926,36695,unique,,0.700,1.000,0.700,29404.9
data/processed/ambuda-text/acamanopanishat.txt,ambuda,ambuda,819,13,727,unchecked_short,,0.700,1.000,0.700,573.3
data/processed/ambuda-text/acyutashtakam.txt,ambuda,ambuda,1243,59,1117,unchecked_short,,0.700,1.000,0.700,870.1
data/processed/ambuda-text/adityahrdayam.txt,ambuda,ambuda,2512,93,2217,unique,,0.700,1.000,0.700,1758.4
data/processed/ambuda-text/advaitanubhuti.txt,ambuda,ambuda,7057,264,6281,unique,,0.700,1.000,0.700,4939.9
data/processed/ambuda-text/advaitapancaratnam.txt,ambuda,ambuda,825,37,744,unchecked_short,,0.700,1.000,0.700,577.5
data/processed/ambuda-text/advaitopanishat.txt,ambuda,ambuda,2018,12,1819,unique,,0.700,1.000,0.700,1412.6
data/processed/ambuda-text/allopanishat.txt,ambuda,ambuda,1465,16,1286,unchecked_short,,0.700,1.000,0.700,1025.5
data/processed/ambuda-text/amarushatakam.txt,ambuda,ambuda,19186,541,17075,word_overlap,5_poetry/2_kavya/amaru_u.txt,0.700,0.286,0.200,3837.2
data/processed/ambuda-text/anandalahari.txt,ambuda,ambuda,3211,114,2883,unique,,0.700,1.000,0.700,2247.7
data/processed/ambuda-text/anatmashrivigarhanaprakaranam.txt,ambuda,ambuda,2541,99,2208,unique,,0.700,1.000,0.700,1778.7
data/processed/ambuda-text/annapurnashtakam.txt,ambuda,ambuda,2104,76,1933,unchecked_short,,0.700,1.000,0.700,1472.8
data/processed/ambuda-text/anyoktimuktalata.txt,ambuda,ambuda,19131,541,17075,unique,,0.700,1.000,0.700,13391.7
data/processed/ambuda-text/aparokshanubhuti.txt,ambuda,ambuda,12440,445,10990,unique,,0.700,1.000,0.700,8708.0
data/processed/ambuda-text/ardhanarishvarastotram.txt,ambuda,ambuda,1098,59,986,unchecked_short,,0.700,1.000,0.700,768.6
data/processed/ambuda-text/arsheyopanishat.txt,ambuda,ambuda,4088,38,3646,unique,,0.700,1.000,0.700,2861.6
data/processed/ambuda-text/arunikopanishat.txt,ambuda,ambuda,2172,23,1954,unique,,0.700,1.000,0.700,1520.4
data/processed/ambuda-text/atharvanadvitiyopanishat.txt,ambuda,ambuda,10069,16,8315,unique,,0.700,1.000,0.700,7048.3
data/processed/ambuda-text/atmabodha.txt,ambuda,ambuda,5936,221,5380,unique,,0.700,1.000,0.700,4155.2
data/processed/ambuda-text/atmapujopanishat.txt,ambuda,ambuda,607,10,558,unchecked_short,,0.700,1.000,0.700,424.9
data/processed/ambuda-text/bashkalamantropanishat.txt,ambuda,ambuda,2768,87,2390,unique,,0.700,1.000,0.700,1937.6
data/processed/ambuda-text/bhagavanmanasapuja.txt,ambuda,ambuda,1728,64,1547,unique,,0.700,1.000,0.700,1209.6
data/processed/ambuda-text/bhattikavyam.txt,ambuda,ambuda,153325,5066,134544,word_overlap,5_poetry/2_kavya/bhattiku.txt,0.700,0.286,0.200,30665.0
data/processed/ambuda-text/bhavanibhujangam.txt,ambuda,ambuda,2341,99,2126,unique,,0.700,1.000,0.700,1638.7
data/processed/ambuda-text/bhramarambashtakam.txt,ambuda,ambuda,1795,59,1671,unchecked_short,,0.700,1.000,0.700,1256.5
data/processed/ambuda-text/bilvopanishat.txt,ambuda,ambuda,3205,107,2840,unique,,0.700,1.000,0.700,2243.5
data/processed/ambuda-text/bodhicaryavatara.txt,ambuda,ambuda,79538,2764,69881,word_overlap,tei/transformations/html/sa_zAntideva-bodhicaryAvatAra.txt,0.700,0.286,0.200,15907.6
data/processed/ambuda-text/brahmabindupanishat.txt,ambuda,ambuda,2107,38,1869,word_overlap,1_veda/4_upa/brbiuppu.txt,0.700,0.286,0.200,421.4
data/processed/ambuda-text/brahmajnanavalimala.txt,ambuda,ambuda,1832,75,1681,unique,,0.700,1.000,0.700,1282.4
data/processed/ambuda-text/brahmanucintanam.txt,ambuda,ambuda,2549,96,2244,unique,,0.700,1.000,0.700,1784.3
data/processed/ambuda-text/cakshushopanishat.txt,ambuda,ambuda,1473,22,1294,unique,,0.700,1.000,0.700,1031.1
data/processed/ambuda-text/catuhshloki.txt,ambuda,ambuda,797,11,695,unchecked_short,,0.700,1.000,0.700,557.9
data/processed/ambuda-text/caturvedopanishat.txt,ambuda,ambuda,2014,31,1763,unique,,0.700,1.000,0.700,1409.8
data/processed/ambuda-text/caurapancashika.txt,ambuda,ambuda,6688,149,5983,word_overlap,tei/transformations/html/sa_bilhaNa-caurapaJcAzikA.txt,0.700,0.286,0.200,1337.6
data/processed/ambuda-text/chagaleyopanishat.txt,ambuda,ambuda,3735,30,3343,unique,,0.700,1.000,0.700,2614.5
data/processed/ambuda-text/charucharya-prakash.txt,ambuda,ambuda,15640,201,12484,unique,,0.700,1.000,0.700,10948.0
data/processed/ambuda-text/charucharya.txt,ambuda,ambuda,8640,301,7726,unique,,0.700,1.000,0.700,6048.0
data/processed/ambuda-text/dakshinamurtistotram.txt,ambuda,ambuda,2152,106,1950,unique,,0.700,1.000,0.700,1506.4
data/processed/ambuda-text/dakshinamurtivarnamalastotram.txt,ambuda,ambuda,3753,141,3393,unique,,0.700,1.000,0.700,2627.1
data/processed/ambuda-text/dashashloki.txt,ambuda,ambuda,1444,61,1247,unique,,0.700,1.000,0.700,1010.8
data/processed/ambuda-text/dashashlokistuti.txt,ambuda,ambuda,2031,64,1816,unique,,0.700,1.000,0.700,1421.7
data/processed/ambuda-text/devibhujangastotram.txt,ambuda,ambuda,3681,154,3307,unique,,0.700,1.000,0.700,2576.7
data/processed/ambuda-text/devicatuhshashtyupacarapujastotram.txt,ambuda,ambuda,9264,363,8407,unique,,0.700,1.000,0.700,6484.8
data/processed/ambuda-text/devyupanishat.txt,ambuda,ambuda,3847,44,3446,unique,,0.700,1.000,0.700,2692.9
data/processed/ambuda-text/dhanyashtakam.txt,ambuda,ambuda,1204,52,1093,unchecked_short,,0.700,1.000,0.700,842.8
data/processed/ambuda-text/dutaghatotkacam.txt,ambuda,ambuda,13818,702,12020,unique,,0.700,1.000,0.700,9672.6
data/processed/ambuda-text/dutavakyam.txt,ambuda,ambuda,15070,604,13224,word_overlap,5_poetry/3_drama/bhasdutu.txt,0.700,0.286,0.200,3014.0
data/processed/ambuda-text/dvadashalingastotram.txt,ambuda,ambuda,1577,79,1425,unique,,0.700,1.000,0.700,1103.9
data/processed/ambuda-text/dvayopanishat.txt,ambuda,ambuda,880,32,785,unchecked_short,,0.700,1.000,0.700,616.0
data/processed/ambuda-text/ekashloki.txt,ambuda,ambuda,345,17,309,unchecked_short,,0.700,1.000,0.700,241.5
data/processed/ambuda-text/ganeshabhujangam.txt,ambuda,ambuda,1115,55,1022,unchecked_short,,0.700,1.000,0.700,780.5
data/processed/ambuda-text/ganeshapancaratnam.txt,ambuda,ambuda,913,39,832,unchecked_short,,0.700,1.000,0.700,639.1
data/processed/ambuda-text/ganeshashtakam.txt,ambuda,ambuda,1404,48,1213,unique,,0.700,1.000,0.700,982.8
data/processed/ambuda-text/gangashtakam.txt,ambuda,ambuda,1577,59,1438,unique,,0.700,1.000,0.700,1103.9
data/processed/ambuda-text/gauridashakam.txt,ambuda,ambuda,1517,64,1392,unchecked_short,,0.700,1.000,0.700,1061.9
data/processed/ambuda-text/gayatrirahasyopanishat.txt,ambuda,ambuda,6034,18,5458,unique,,0.700,1.000,0.700,4223.8
data/processed/ambuda-text/gayatryupanishat.txt,ambuda,ambuda,2021,12,1772,unique,,0.700,1.000,0.700,1414.7
data/processed/ambuda-text/gopicandanopanishat.txt,ambuda,ambuda,5075,97,4576,unique,,0.700,1.000,0.700,3552.5
data/processed/ambuda-text/govindadamodarastotram.txt,ambuda,ambuda,7353,356,6498,unique,,0.700,1.000,0.700,5147.1
data/processed/ambuda-text/govindashtakam.txt,ambuda,ambuda,1709,59,1583,unchecked_short,,0.700,1.000,0.700,1196.3
data/processed/ambuda-text/guhyakalyupanishat.txt,ambuda,ambuda,8303,319,7262,unique,,0.700,1.000,0.700,5812.1
data/processed/ambuda-text/guhyashodhanyasopanishat.txt,ambuda,ambuda,1511,12,1338,unique,,0.700,1.000,0.700,1057.7
data/processed/ambuda-text/gurvashtakam.txt,ambuda,ambuda,1356,59,1158,unchecked_short,,0.700,1.000,0.700,949.2
data/processed/ambuda-text/hamsadutam.txt,ambuda,ambuda,21974,711,19599,word_overlap,5_poetry/2_kavya/ruphamdu.txt,0.700,0.286,0.200,4394.8
data/processed/ambuda-text/hamsashodhopanishat.txt,ambuda,ambuda,1520,12,1301,unique,,0.700,1.000,0.700,1064.0
data/processed/ambuda-text/hamsopanishat.txt,ambuda,ambuda,2562,28,2291,unique,,0.700,1.000,0.700,1793.4
data/processed/ambuda-text/hanumatpancaratnam.txt,ambuda,ambuda,737,44,680,unchecked_short,,0.700,1.000,0.700,515.9
data/processed/ambuda-text/haristuti.txt,ambuda,ambuda,6245,228,5594,unique,,0.700,1.000,0.700,4371.5
data/processed/ambuda-text/herambopanishat.txt,ambuda,ambuda,2068,59,1806,unique,,0.700,1.000,0.700,1447.6
data/processed/ambuda-text/indrasahasre-katakshastabaka.txt,ambuda,ambuda,1530,79,1338,unique,,0.700,1.000,0.700,1071.0
data/processed/ambuda-text/indravimshati.txt,ambuda,ambuda,1251,73,1091,unique,,0.700,1.000,0.700,875.7
data/processed/ambuda-text/itihasopanishat.txt,ambuda,ambuda,11208,302,9781,unique,,0.700,1.000,0.700,7845.6
data/processed/ambuda-text/jabalopanishat.txt,ambuda,ambuda,3714,68,3317,unique,,0.700,1.000,0.700,2599.8
data/processed/ambuda-text/jagannathashtakam.txt,ambuda,ambuda,1337,54,1196,unchecked_short,,0.700,1.000,0.700,935.9
data/processed/ambuda-text/jivanmuktanandalahari.txt,ambuda,ambuda,2940,96,2654,unique,,0.700,1.000,0.700,2058.0
data/processed/ambuda-text/kaivalyopanishat.txt,ambuda,ambuda,3131,47,2789,word_overlap,1_veda/4_upa/kaivup_u.txt,0.700,0.286,0.200,626.2
data/processed/ambuda-text/kalabhairavashtakam.txt,ambuda,ambuda,1358,59,1261,unchecked_short,,0.700,1.000,0.700,950.6
data/processed/ambuda-text/kalikopanishat.txt,ambuda,ambuda,3555,35,3130,unique,,0.700,1.000,0.700,2488.5
data/processed/ambuda-text/kalimedhadikshitopanishat.txt,ambuda,ambuda,1332,12,1196,unchecked_short,,0.700,1.000,0.700,932.4
data/processed/ambuda-text/kalisamtaranopanishat.txt,ambuda,ambuda,1148,23,1013,unchecked_short,,0.700,1.000,0.700,803.6
data/processed/ambuda-text/kalyanavrshtistavah.txt,ambuda,ambuda,2339,94,2087,unique,,0.700,1.000,0.700,1637.3
data/processed/ambuda-text/kamarajakilitoddharopanishat.txt,ambuda,ambuda,1634,18,1455,unique,,0.700,1.000,0.700,1143.8
data/processed/ambuda-text/kanakadharastotram.txt,ambuda,ambuda,2404,103,2187,unique,,0.700,1.000,0.700,1682.8
data/processed/ambuda-text/karnabharam.txt,ambuda,ambuda,8273,454,7157,unique,,0.700,1.000,0.700,5791.1
data/processed/ambuda-text/kashipancakam.txt,ambuda,ambuda,787,39,700,unchecked_short,,0.700,1.000,0.700,550.9
data/processed/ambuda-text/katyayanopanishat.txt,ambuda,ambuda,1235,12,1103,unique,,0.700,1.000,0.700,864.5
data/processed/ambuda-text/kiratarjuniyam.txt,ambuda,ambuda,114087,3119,100087,word_overlap,5_poetry/2_kavya/bhakirpu.txt,0.700,0.286,0.200,22817.4
data/processed/ambuda-text/kokilasandesha.txt,ambuda,ambuda,27562,489,24795,word_overlap,tei/transformations/html/sa_uddaNDa-kokilasaMdesa.txt,0.700,0.286,0.200,5512.4
data/processed/ambuda-text/krshnashtakam.txt,ambuda,ambuda,1457,54,1282,unique,,0.700,1.000,0.700,1019.9
data/processed/ambuda-text/kumarasambhavam.txt,ambuda,ambuda,64947,1842,57059,word_overlap,5_poetry/2_kavya/kakumspu.txt,0.700,0.286,0.200,12989.4
data/processed/ambuda-text/laghuvakyavrtti.txt,ambuda,ambuda,1764,102,1583,unique,,0.700,1.000,0.700,1234.8
data/processed/ambuda-text/lakshminrsimhakarunarasastotram.txt,ambuda,ambuda,2327,99,2118,unique,,0.700,1.000,0.700,1628.9
data/processed/ambuda-text/lakshminrsimhapancaratnam.txt,ambuda,ambuda,1119,39,1008,unchecked_short,,0.700,1.000,0.700,783.3
data/processed/ambuda-text/lakshmistotram.txt,ambuda,ambuda,1350,49,1189,unique,,0.700,1.000,0.700,945.0
data/processed/ambuda-text/lalitapancaratnam.txt,ambuda,ambuda,987,44,905,unchecked_short,,0.700,1.000,0.700,690.9
data/processed/ambuda-text/langulopanishat.txt,ambuda,ambuda,5113,30,4569,unique,,0.700,1.000,0.700,3579.1
data/processed/ambuda-text/lingopanishat.txt,ambuda,ambuda,3571,20,3195,unique,,0.700,1.000,0.700,2499.7
data/processed/ambuda-text/madhyamavyayoga.txt,ambuda,ambuda,15150,919,13039,unique,,0.700,1.000,0.700,10605.0
data/processed/ambuda-text/mahabharatam.txt,ambuda,ambuda,6535113,232317,5761831,word_overlap,2_epic/mbh/mbh1-18u.txt,0.700,0.286,0.200,1307022.6
data/processed/ambuda-text/mandukyopanishat.txt,ambuda,ambuda,1993,59,1772,unique,,0.700,1.000,0.700,1395.1
data/processed/ambuda-text/manikarnikashtakam.txt,ambuda,ambuda,1905,59,1701,unique,,0.700,1.000,0.700,1333.5
data/processed/ambuda-text/manishapancakam.txt,ambuda,ambuda,1153,37,1026,unchecked_short,,0.700,1.000,0.700,807.1
data/processed/ambuda-text/mantramatrkapushpamalastavah.txt,ambuda,ambuda,3294,99,3032,unique,,0.700,1.000,0.700,2305.8
data/processed/ambuda-text/mantrikopanishat.txt,ambuda,ambuda,1990,38,1789,unique,,0.700,1.000,0.700,1393.0
data/processed/ambuda-text/mathamnayopanishat.txt,ambuda,ambuda,2827,29,2581,unique,,0.700,1.000,0.700,1978.9
data/processed/ambuda-text/mayapancakam.txt,ambuda,ambuda,666,37,606,unchecked_short,,0.700,1.000,0.700,466.2
data/processed/ambuda-text/meghadutam-kale.txt,ambuda,ambuda,21359,608,18986,word_overlap,5_poetry/2_kavya/meghdk_u.txt,0.700,0.286,0.200,4271.8
data/processed/ambuda-text/minakshipancaratnam.txt,ambuda,ambuda,1176,39,1097,unchecked_short,,0.700,1.000,0.700,823.2
data/processed/ambuda-text/minakshistotram.txt,ambuda,ambuda,1605,53,1474,unchecked_short,,0.700,1.000,0.700,1123.5
data/processed/ambuda-text/mohamudgara.txt,ambuda,ambuda,3154,166,2754,unique,,0.700,1.000,0.700,2207.8
data/processed/ambuda-text/mrtyulangulopanishat.txt,ambuda,ambuda,1211,23,1066,unique,,0.700,1.000,0.700,847.7
data/processed/ambuda-text/mukundamala.txt,ambuda,ambuda,5147,149,4613,word_overlap,5_poetry/2_kavya/kulmukuu.txt,0.700,0.286,0.200,1029.4
data/processed/ambuda-text/naraabharanam.txt,ambuda,ambuda,30186,1026,26527,unique,,0.700,1.000,0.700,21130.2
data/processed/ambuda-text/naradopanishat.txt,ambuda,ambuda,908,12,812,unchecked_short,,0.700,1.000,0.700,635.6
data/processed/ambuda-text/narayanapurvatapiniyopanishat.txt,ambuda,ambuda,8571,138,7667,unique,,0.700,1.000,0.700,5999.7
data/processed/ambuda-text/narayanatharvashiraupanishat.txt,ambuda,ambuda,2010,71,1805,unique,,0.700,1.000,0.700,1407.0
data/processed/ambuda-text/narayanottaratapiniyopanishat.txt,ambuda,ambuda,3558,85,3148,unique,,0.700,1.000,0.700,2490.6
data/processed/ambuda-text/narmadashtakam.txt,ambuda,ambuda,1432,59,1307,unchecked_short,,0.700,1.000,0.700,1002.4
data/processed/ambuda-text/navaratnamalika.txt,ambuda,ambuda,1752,65,1642,unchecked_short,,0.700,1.000,0.700,1226.4
data/processed/ambuda-text/nilarudropanishat.txt,ambuda,ambuda,2300,97,1975,unique,,0.700,1.000,0.700,1610.0
data/processed/ambuda-text/nirgunamanasapuja.txt,ambuda,ambuda,3008,119,2752,unique,,0.700,1.000,0.700,2105.6
data/processed/ambuda-text/niruktopanishat.txt,ambuda,ambuda,2073,32,1855,unique,,0.700,1.000,0.700,1451.1
data/processed/ambuda-text/nirvanamanjari.txt,ambuda,ambuda,1696,72,1520,unique,,0.700,1.000,0.700,1187.2
data/processed/ambuda-text/nirvanashatkam.txt,ambuda,ambuda,932,42,793,unchecked_short,,0.700,1.000,0.700,652.4
data/processed/ambuda-text/nrsimhashatcakropanishat.txt,ambuda,ambuda,2611,26,2319,unique,,0.700,1.000,0.700,1827.7
data/processed/ambuda-text/pancikaranam.txt,ambuda,ambuda,1607,32,1466,unique,,0.700,1.000,0.700,1124.9
data/processed/ambuda-text/pandurangashtakam.txt,ambuda,ambuda,1326,59,1194,unchecked_short,,0.700,1.000,0.700,928.2
data/processed/ambuda-text/parayanopanishat.txt,ambuda,ambuda,1318,12,1161,unchecked_short,,0.700,1.000,0.700,922.6
data/processed/ambuda-text/pindopanishat.txt,ambuda,ambuda,811,35,702,unchecked_short,,0.700,1.000,0.700,567.7
data/processed/ambuda-text/pitambaropanishat.txt,ambuda,ambuda,2139,12,1932,unique,,0.700,1.000,0.700,1497.3
data/processed/ambuda-text/pranavopanishat-2.txt,ambuda,ambuda,7525,27,6758,unique,,0.700,1.000,0.700,5267.5
data/processed/ambuda-text/pranavopanishat.txt,ambuda,ambuda,1327,52,1169,unique,,0.700,1.000,0.700,928.9
data/processed/ambuda-text/prashnottararatnamalika.txt,ambuda,ambuda,6334,348,5458,unique,,0.700,1.000,0.700,4433.8
data/processed/ambuda-text/pratahsmaranastotram.txt,ambuda,ambuda,686,34,617,unchecked_short,,0.700,1.000,0.700,480.2
data/processed/ambuda-text/praudhanubhuti.txt,ambuda,ambuda,3491,97,3173,unique,,0.700,1.000,0.700,2443.7
data/processed/ambuda-text/radhopanishat.txt,ambuda,ambuda,6767,48,6079,unique,,0.700,1.000,0.700,4736.9
data/processed/ambuda-text/raghuvamsham.txt,ambuda,ambuda,168943,4855,148512,word_overlap,5_poetry/2_kavya/kragh_pu.txt,0.700,0.286,0.200,33788.6
data/processed/ambuda-text/rajashyamalarahasyopanishat.txt,ambuda,ambuda,4862,21,4460,unique,,0.700,1.000,0.700,3403.4
data/processed/ambuda-text/ramagita.txt,ambuda,ambuda,936,32,819,unchecked_short,,0.700,1.000,0.700,655.2
data/processed/ambuda-text/ramarakshastotram-translation.txt,ambuda,ambuda,5640,67,4746,unique,,0.700,1.000,0.700,3948.0
data/processed/ambuda-text/ramarakshastotram.txt,ambuda,ambuda,3805,136,3358,unique,,0.700,1.000,0.700,2663.5
data/processed/ambuda-text/ramayanam.txt,ambuda,ambuda,1584936,56803,1396019,word_overlap,tei/transformations/html/sa_rAmAyaNa.txt,0.700,0.286,0.200,316987.2
data/processed/ambuda-text/rtusamharam.txt,ambuda,ambuda,19793,485,17958,word_overlap,5_poetry/2_kavya/kalrs_pu.txt,0.700,0.286,0.200,3958.6
data/processed/ambuda-text/rudropanishat.txt,ambuda,ambuda,1965,16,1760,unique,,0.700,1.000,0.700,1375.5
data/processed/ambuda-text/sadacaranusandhanam.txt,ambuda,ambuda,4875,178,4334,unique,,0.700,1.000,0.700,3412.5
data/processed/ambuda-text/sadandopanishat.txt,ambuda,ambuda,1903,56,1677,unique,,0.700,1.000,0.700,1332.1
data/processed/ambuda-text/sankarshanopanishat.txt,ambuda,ambuda,1651,13,1489,unique,,0.700,1.000,0.700,1155.7
data/processed/ambuda-text/saundaranandam.txt,ambuda,ambuda,115544,3274,99682,word_overlap,tei/transformations/html/sa_azvaghoSa-saundarAnanda-edmatsunami.txt,0.700,0.286,0.200,23108.8
data/processed/ambuda-text/sharadabhujangaprayatashtakam.txt,ambuda,ambuda,1244,54,1138,unchecked_short,,0.700,1.000,0.700,870.8
data/processed/ambuda-text/shatakatrayam.txt,ambuda,ambuda,51292,1578,44720,word_overlap,5_poetry/5_subhas/bharst_u.txt,0.700,0.286,0.200,10258.4
data/processed/ambuda-text/shatpadistotram.txt,ambuda,ambuda,690,46,603,unchecked_short,,0.700,1.000,0.700,483.0
data/processed/ambuda-text/shaunakopanishat.txt,ambuda,ambuda,3971,31,3531,unique,,0.700,1.000,0.700,2779.7
data/processed/ambuda-text/shishupalavadham.txt,ambuda,ambuda,172099,4934,156458,word_overlap,5_poetry/2_kavya/maghspvu.txt,0.700,0.286,0.200,34419.8
data/processed/ambuda-text/shivabhujangam.txt,ambuda,ambuda,5128,214,4564,unique,,0.700,1.000,0.700,3589.6
data/processed/ambuda-text/shivagitam.txt,ambuda,ambuda,1745,81,1510,unique,,0.700,1.000,0.700,1221.5
data/processed/ambuda-text/shivakeshadipadantavarnanastotram.txt,ambuda,ambuda,6275,161,5777,unique,,0.700,1.000,0.700,4392.5
data/processed/ambuda-text/shivanamavalyashtakam.txt,ambuda,ambuda,1226,59,1091,unchecked_short,,0.700,1.000,0.700,858.2
data/processed/ambuda-text/shivanandalahari.txt,ambuda,ambuda,15913,512,14166,unique,,0.700,1.000,0.700,11139.1
data/processed/ambuda-text/shivapadadikeshantavarnanastotram.txt,ambuda,ambuda,8220,222,7573,unique,,0.700,1.000,0.700,5754.0
data/processed/ambuda-text/shivapancaksharanakshatramalastotram.txt,ambuda,ambuda,4033,155,3565,unique,,0.700,1.000,0.700,2823.1
data/processed/ambuda-text/shivapancaksharastotram.txt,ambuda,ambuda,714,39,647,unchecked_short,,0.700,1.000,0.700,499.8
data/processed/ambuda-text/shivaparadhakshamapanastotram.txt,ambuda,ambuda,3271,90,2909,unique,,0.700,1.000,0.700,2289.7
data/processed/ambuda-text/shivasankalpopanishat-vajasaneya.txt,ambuda,ambuda,798,28,708,unchecked_short,,0.700,1.000,0.700,558.6
data/processed/ambuda-text/shivasankalpopanishat.txt,ambuda,ambuda,4248,147,3683,unique,,0.700,1.000,0.700,2973.6
data/processed/ambuda-text/shivasaptatinamastotram.txt,ambuda,ambuda,706,25,636,unchecked_short,,0.700,1.000,0.700,494.2
data/processed/ambuda-text/shivopanishat.txt,ambuda,ambuda,54291,1891,47259,unique,,0.700,1.000,0.700,38003.7
data/processed/ambuda-text/shodhopanishat.txt,ambuda,ambuda,1640,12,1452,unique,,0.700,1.000,0.700,1148.0
data/processed/ambuda-text/shricakropanishat.txt,ambuda,ambuda,912,17,795,unchecked_short,,0.700,1.000,0.700,638.4
data/processed/ambuda-text/shridakshinamurtyashtakam.txt,ambuda,ambuda,2129,64,1942,unique,,0.700,1.000,0.700,1490.3
data/processed/ambuda-text/shrikrshnaksharamalika.txt,ambuda,ambuda,5325,167,4620,unique,,0.700,1.000,0.700,3727.5
data/processed/ambuda-text/shrikrshnapurushottamasiddhantopanishat.txt,ambuda,ambuda,1817,17,1633,unique,,0.700,1.000,0.700,1271.9
data/processed/ambuda-text/shrimrtyunjayamanasikapujastotram.txt,ambuda,ambuda,5510,235,5018,unique,,0.700,1.000,0.700,3857.0
data/processed/ambuda-text/shrinrsimhapancaratnam.txt,ambuda,ambuda,574,30,508,unchecked_short,,0.700,1.000,0.700,401.8
data/processed/ambuda-text/shripavanashtakam.txt,ambuda,ambuda,790,41,686,unchecked_short,,0.700,1.000,0.700,553.0
data/processed/ambuda-text/shriramabhujangaprayatastotram.txt,ambuda,ambuda,3672,160,3292,unique,,0.700,1.000,0.700,2570.4
data/processed/ambuda-text/shriramanacatvarimshat.txt,ambuda,ambuda,4886,165,4341,unique,,0.700,1.000,0.700,3420.2
data/processed/ambuda-text/shrivenkateshamangalashasanam.txt,ambuda,ambuda,1298,55,1187,unchecked_short,,0.700,1.000,0.700,908.6
data/processed/ambuda-text/shrivenkateshaprapatti.txt,ambuda,ambuda,2303,94,2088,unique,,0.700,1.000,0.700,1612.1
data/processed/ambuda-text/shrivenkateshastotram.txt,ambuda,ambuda,1243,66,1108,unique,,0.700,1.000,0.700,870.1
data/processed/ambuda-text/shrivenkateshasuprabhatam.txt,ambuda,ambuda,3799,156,3481,unique,,0.700,1.000,0.700,2659.3
data/processed/ambuda-text/shrividyatarakopanishat.txt,ambuda,ambuda,2733,52,2459,unique,,0.700,1.000,0.700,1913.1
data/processed/ambuda-text/shrivishnubhujangaprayatastotram.txt,ambuda,ambuda,1940,83,1754,unique,,0.700,1.000,0.700,1358.0
data/processed/ambuda-text/shrivyasayogicaritam.txt,ambuda,ambuda,94816,1141,87685,unique,,0.700,1.000,0.700,66371.2
data/processed/ambuda-text/shriyoganjaneyapancaratnam.txt,ambuda,ambuda,466,20,413,unchecked_short,,0.700,1.000,0.700,326.2
data/processed/ambuda-text/shyamopanishat.txt,ambuda,ambuda,1518,12,1364,unique,,0.700,1.000,0.700,1062.6
data/processed/ambuda-text/siddhantasaropanishat.txt,ambuda,ambuda,7580,50,7257,unique,,0.700,1.000,0.700,5306.0
data/processed/ambuda-text/siddhantashikhopanishat.txt,ambuda,ambuda,4227,100,3765,unique,,0.700,1.000,0.700,2958.9
data/processed/ambuda-text/somanathashatakam.txt,ambuda,ambuda,22662,554,20330,unique,,0.700,1.000,0.700,15863.4
data/processed/ambuda-text/subrahmanyabhujangam.txt,ambuda,ambuda,4338,179,3854,unique,,0.700,1.000,0.700,3036.6
data/processed/ambuda-text/sudarshanopanishat.txt,ambuda,ambuda,2536,60,2254,unique,,0.700,1.000,0.700,1775.2
data/processed/ambuda-text/sumukhyupanishat.txt,ambuda,ambuda,1522,12,1371,unique,,0.700,1.000,0.700,1065.4
data/processed/ambuda-text/suryashatakam-tika.txt,ambuda,ambuda,78320,210,70359,unique,,0.700,1.000,0.700,54824.0
data/processed/ambuda-text/suryashatakam.txt,ambuda,ambuda,20836,506,18991,unique,,0.700,1.000,0.700,14585.2
data/processed/ambuda-text/suryatapinyupanishat.txt,ambuda,ambuda,7512,111,6711,unique,,0.700,1.000,0.700,5258.4
data/processed/ambuda-text/suvarnamalastuti.txt,ambuda,ambuda,4820,264,4052,unique,,0.700,1.000,0.700,3374.0
data/processed/ambuda-text/svarupanusandhanashtakam.txt,ambuda,ambuda,1322,58,1181,unchecked_short,,0.700,1.000,0.700,925.4
data/processed/ambuda-text/svasamvedyopanishat.txt,ambuda,ambuda,2405,18,2092,unique,,0.700,1.000,0.700,1683.5
data/processed/ambuda-text/svatmanirupanam.txt,ambuda,ambuda,14463,475,13102,unique,,0.700,1.000,0.700,10124.1
data/processed/ambuda-text/svatmaprakashika.txt,ambuda,ambuda,6098,233,5394,unique,,0.700,1.000,0.700,4268.6
data/processed/ambuda-text/tattvopadesha.txt,ambuda,ambuda,7663,273,6879,unique,,0.700,1.000,0.700,5364.1
data/processed/ambuda-text/tripurasundaryashtakam.txt,ambuda,ambuda,1393,54,1305,unchecked_short,,0.700,1.000,0.700,975.1
data/processed/ambuda-text/tripuropanishat.txt,ambuda,ambuda,2027,34,1795,unique,,0.700,1.000,0.700,1418.9
data/processed/ambuda-text/tulasyupanishat.txt,ambuda,ambuda,2394,56,2126,unique,,0.700,1.000,0.700,1675.8
data/processed/ambuda-text/turiyopanishat.txt,ambuda,ambuda,1201,20,1100,unchecked_short,,0.700,1.000,0.700,840.7
data/processed/ambuda-text/umamaheshvarastotram.txt,ambuda,ambuda,1671,79,1532,unchecked_short,,0.700,1.000,0.700,1169.7
data/processed/ambuda-text/upadeshapancakam.txt,ambuda,ambuda,1183,36,1077,unchecked_short,,0.700,1.000,0.700,828.1
data/processed/ambuda-text/urdhvapundropanishat.txt,ambuda,ambuda,1801,26,1592,unique,,0.700,1.000,0.700,1260.7
data/processed/ambuda-text/urubhangam.txt,ambuda,ambuda,17809,905,15670,unique,,0.700,1.000,0.700,12466.3
data/processed/ambuda-text/vajrapanjaropanishat.txt,ambuda,ambuda,2139,33,1860,unique,,0.700,1.000,0.700,1497.3
data/processed/ambuda-text/vajrasucikopanishat.txt,ambuda,ambuda,2467,26,2241,unique,,0.700,1.000,0.700,1726.9
data/processed/ambuda-text/vakyavrtti.txt,ambuda,ambuda,4600,175,4151,unique,,0.700,1.000,0.700,3220.0
data/processed/ambuda-text/vatukopanishat.txt,ambuda,ambuda,6216,99,5333,word_overlap,1_veda/4_upa/sirup_u.txt,0.700,0.286,0.200,1243.2
data/processed/ambuda-text/vedasarashivastotram.txt,ambuda,ambuda,1423,64,1241,unique,,0.700,1.000,0.700,996.1
data/processed/ambuda-text/vishnupadadikeshantastotram.txt,ambuda,ambuda,10769,276,9876,unique,,0.700,1.000,0.700,7538.3
data/processed/ambuda-text/vishramopanishat.txt,ambuda,ambuda,1014,43,881,unchecked_short,,0.700,1.000,0.700,709.8
data/processed/ambuda-text/yajnopavitopanishat.txt,ambuda,ambuda,719,21,640,unchecked_short,,0.700,1.000,0.700,503.3
data/processed/ambuda-text/yamunashtakam-1.txt,ambuda,ambuda,1276,55,1176,unchecked_short,,0.700,1.000,0.700,893.2
data/processed/ambuda-text/yamunashtakam-2.txt,ambuda,ambuda,1693,59,1549,unchecked_short,,0.700,1.000,0.700,1185.1
data/processed/ambuda-text/yatipancakam.txt,ambuda,ambuda,714,37,639,unchecked_short,,0.700,1.000,0.700,499.8
data/processed/ambuda-text/yogarajopanishat.txt,ambuda,ambuda,1988,73,1752,unique,,0.700,1.000,0.700,1391.6
data/processed/ambuda-text/yogataravali.txt,ambuda,ambuda,3324,156,2989,unique,,0.700,1.000,0.700,2326.8
