freeze_id,relative_path,canonical_hash,script,condition,representation_path,representation_hash,byte_count,char_count,line_count,boundary_path,boundary_hash,boundary_count,boundary_semantics
9c515ca46ad8f9fca7e879c0a1617207bf5ccf3df21930aaa0995227c3942c40,1_veda/2_bra/gopbra_u.txt,c4bca04d5db081b0b89f8ad5e725f7d0dc1b842b6e2fe5c92c88a5d058602843,devanagari,continuous,data/representations/gretil/devanagari/continuous/1_veda/2_bra/gopbra_u.txt,19a6ccd1af9310428c4649ac962d3c7464171dd53af1eb70ec3d31b0010136d3,568000,196372,10487,,,0,
9c515ca46ad8f9fca7e879c0a1617207bf5ccf3df21930aaa0995227c3942c40,1_veda/2_bra/kausibru.txt,cb4f9d04c0117f16f7da70126111362de15c295c291e1a4b4446cc8053ea8c87,devanagari,continuous,data/representations/gretil/devanagari/continuous/1_veda/2_bra/kausibru.txt,e8453e66ea0964386c895dbb45ee064268bae27281f24c5192900e5a12b6e256,639843,222505,13829,,,0,
9c515ca46ad8f9fca7e879c0a1617207bf5ccf3df21930aaa0995227c3942c40,1_veda/2_bra/pncvbr1u.txt,f21103a2c372f63151c99090d83e42dc2647f219367503619d105001f3ca7fbd,devanagari,continuous,data/representations/gretil/devanagari/continuous/1_veda/2_bra/pncvbr1u.txt,ef42862a2642f4000b287b405388f2e901272b4c2a6863b250aedc2bc7a3a8f9,779688,264706,7123,,,0,
9c515ca46ad8f9fca7e879c0a1617207bf5ccf3df21930aaa0995227c3942c40,1_veda/2_bra/pncvbr2u.txt,4dc0455509d7e2390a13646aea642c458d516c84521f319b1e8049209fffd9f6,devanagari,continuous,data/representations/gretil/devanagari/continuous/1_veda/2_bra/pncvbr2u.txt,60607c50ee0394fd5107ec8508727406c01f055a25f77e4b6a03ce3d27b581b9,795621,270017,7123,,,0,
9c515ca46ad8f9fca7e879c0a1617207bf5ccf3df21930aaa0995227c3942c40,1_veda/2_bra/satapath/sb_01_u.txt,7137d4ec4d9600839efe000ea98ec8aa45411c3e32dd3aea36e4ec0f8d4700be,devanagari,continuous,data/representations/gretil/devanagari/continuous/1_veda/2_bra/satapath/sb_01_u.txt,5d2a8909f596cda9b8f05d17af0818092f90ea398f8983e6d2b9f15470d216be,405499,139121,5109,,,0,
9c515ca46ad8f9fca7e879c0a1617207bf5ccf3df21930aaa0995227c3942c40,1_veda/2_bra/satapath/sb_02_u.txt,eb9ec9d35660be11957d5fd1a550b82d1d96b696fa75c3f6be3d45f092845982,devanagari,continuous,data/representations/gretil/devanagari/continuous/1_veda/2_bra/satapath/sb_02_u.txt,6733196d89801c75f02f510c611f86402592ff5f03b15ebec38454ebdc418a36,282924,97026,3535,,,0,
9c515ca46ad8f9fca7e879c0a1617207bf5ccf3df21930aaa0995227c3942c40,1_veda/2_bra/satapath/sb_03_u.txt,229a48cba9019702c60e48cd10c50c1cf98cfda844a52ee19b312cebab5d395e,devanagari,continuous,data/representations/gretil/devanagari/continuous/1_veda/2_bra/satapath/sb_03_u.txt,6a93c7d6873521208da43565d47a3ccda3b06ede125a15ddbd6d2465dda76528,421887,144705,5263,,,0,
9c515ca46ad8f9fca7e879c0a1617207bf5ccf3df21930aaa0995227c3942c40,1_veda/2_bra/satapath/sb_04_u.txt,618056daaf746904657db7b8e3a2c627da72a5f1ee89cfff913c436397f534bd,devanagari,continuous,data/representations/gretil/devanagari/continuous/1_veda/2_bra/satapath/sb_04_u.txt,35d2ff5fd49d47400e192ecd0918aa7aa39460fb6425270f58d9ad27c537500d,331706,113758,4127,,,0,
9c515ca46ad8f9fca7e879c0a1617207bf5ccf3df21930aaa0995227c3942c40,1_veda/2_bra/satapath/sb_05_u.txt,bd7155db70092eb2f66650808e12bfc727aeb36b0e7b477fff91f01ba195f8c2,devanagari,continuous,data/representations/gretil/devanagari/continuous/1_veda/2_bra/satapath/sb_05_u.txt,5b81d65eee38a3cc2352f3678b9b36d0b865247bc9c0dd6595ebbbd742fc15d8,248310,85126,3067,,,0,
9c515ca46ad8f9fca7e879c0a1617207bf5ccf3df21930aaa0995227c3942c40,1_veda/2_bra/satapath/sb_06_u.txt,9d0c94deddb0419b627c29274a553cf4cb9970038d2199df0cdcc6bc33ac8674,devanagari,continuous,data/representations/gretil/devanagari/continuous/1_veda/2_bra/satapath/sb_06_u.txt,36005831bacdaadb40d4f3132359dc52b31e225afb3901a847d40d8550e6d70f,298086,102132,3629,,,0,
9c515ca46ad8f9fca7e879c0a1617207bf5ccf3df21930aaa0995227c3942c40,1_veda/2_bra/satapath/sb_07_u.txt,76ed8b2fd2f2f1ec0d7a8557153b71170a1263e35c19ee5d3d4717d5233c946a,devanagari,continuous,data/representations/gretil/devanagari/continuous/1_veda/2_bra/satapath/sb_07_u.txt,23a659cfa406a1eb4f1b7971d40ee721bcccb2191668341e106424bed63ed696,230917,79125,2833,,,0,
9c515ca46ad8f9fca7e879c0a1617207bf5ccf3df21930aaa0995227c3942c40,1_veda/2_bra/satapath/sb_08_u.txt,58495bfe0d11a6b75045beaa424d83dbd0e8f63c9302c415b8e4174eefaf7562,devanagari,continuous,data/representations/gretil/devanagari/continuous/1_veda/2_bra/satapath/sb_08_u.txt,653a02defaee43fd28c957d2f2551341512d29f9da79b1510c272339d5d26d90,262337,89859,3183,,,0,
9c515ca46ad8f9fca7e879c0a1617207bf5ccf3df21930aaa0995227c3942c40,1_veda/2_bra/satapath/sb_09_u.txt,8676a4907d13de19973a34fe9d4283d03cc1bf6f4a6da431d78bc3adad22bd1f,devanagari,continuous,data/representations/gretil/devanagari/continuous/1_veda/2_bra/satapath/sb_09_u.txt,cfb196bf0f03ab45e11d8c128c3ed9c635c3e7c7ba1764bf125c9f40caee44cf,220402,75530,2699,,,0,
9c515ca46ad8f9fca7e879c0a1617207bf5ccf3df21930aaa0995227c3942c40,1_veda/2_bra/satapath/sb_10_u.txt,4455af8c6424dfb56df0ae5f92e9e773aeae22359e1e4ffe36fa388d13719aa5,devanagari,continuous,data/representations/gretil/devanagari/continuous/1_veda/2_bra/satapath/sb_10_u.txt,d8ffa20116fe5f59b003a0b8a0f321f0cc81ebccce97394dce78872b6ead4abf,208145,71107,2581,,,0,
9c515ca46ad8f9fca7e879c0a1617207bf5ccf3df21930aaa0995227c3942c40,1_veda/2_bra/satapath/sb_11_u.txt,e80fda09c1a3dc5387e1257b2aad918f8ad9f262f571a843be1cda074f3fde9d,devanagari,continuous,data/representations/gretil/devanagari/continuous/1_veda/2_bra/satapath/sb_11_u.txt,bb8c14444ec5179fd53b9732c0d646e2a3d07549ac761408ef61afe615145520,222034,75892,2813,,,0,
9c515ca46ad8f9fca7e879c0a1617207bf5ccf3df21930aaa0995227c3942c40,1_veda/2_bra/satapath/sb_13_u.txt,f444a0f1d5c4ad633e04532851ff6f28012b2273b81ac54bff39cb7e7b8ae183,devanagari,continuous,data/representations/gretil/devanagari/continuous/1_veda/2_bra/satapath/sb_13_u.txt,c82b0e43c3f80cc8b0157bb9519f07be372d0e3d0ba9d5684e003733e2e242d5,219534,75000,2717,,,0,
9c515ca46ad8f9fca7e879c0a1617207bf5ccf3df21930aaa0995227c3942c40,1_veda/2_bra/satapath/sb_14_u.txt,eb023adb00545d45c02168e0fa3a5bbc56ad9e28eaf6a4b07103fd236682ee01,devanagari,continuous,data/representations/gretil/devanagari/continuous/1_veda/2_bra/satapath/sb_14_u.txt,b1edd9e35828f153e09be85b144771493b96f8d7f81745b50f68070c517765bd,381416,130406,4877,,,0,
9c515ca46ad8f9fca7e879c0a1617207bf5ccf3df21930aaa0995227c3942c40,1_veda/3_ara/sankharu.txt,3242fe23dade298fa771bceb5672a9a0f06a1ec038c3a64ca4645f1eb8580170,devanagari,continuous,data/representations/gretil/devanagari/continuous/1_veda/3_ara/sankharu.txt,eaf98c4df4879ec3fd600f7ec7155532f95dbd4e13f810af1ffddc2abf26aae8,195479,66471,350,,,0,
9c515ca46ad8f9fca7e879c0a1617207bf5ccf3df21930aaa0995227c3942c40,1_veda/4_upa/aitup__u.txt,f13df975f12bff3a12eaa3930416492fdccc7de0d40a9786ab3eb21bb4f14925,devanagari,continuous,data/representations/gretil/devanagari/continuous/1_veda/4_upa/aitup__u.txt,2bd7b08402b8a731b1ba6afc887cf09af8709dcc3e78d876f42dd37b83e53e3d,13267,4613,285,,,0,
9c515ca46ad8f9fca7e879c0a1617207bf5ccf3df21930aaa0995227c3942c40,1_veda/4_upa/brup___u.txt,7b2c09575b45cbf77f9d9ebc41644ef9584253d927cea93a95b38278d22906d2,devanagari,continuous,data/representations/gretil/devanagari/continuous/1_veda/4_upa/brup___u.txt,7cf243ad464858fe9e1ba673a1aca919f4b1e2d9780a59431a34cf0ef9f5b580,280145,97123,5435,,,0,
9c515ca46ad8f9fca7e879c0a1617207bf5ccf3df21930aaa0995227c3942c40,1_veda/4_upa/chup___u.txt,359c2d6376c5c24df79bde22d6b23700abcc1c836eadaf8fbc5f07fa3d3757b9,devanagari,continuous,data/representations/gretil/devanagari/continuous/1_veda/4_upa/chup___u.txt,d84063aa20dc98bfe18bde4795e41c89d8a87d7c00fca1e348573e337ea8e2f8,236854,82302,5017,,,0,
9c515ca46ad8f9fca7e879c0a1617207bf5ccf3df21930aaa0995227c3942c40,1_veda/4_upa/isup___u.txt,c89d4066216fbc9b159e2f6fc60e56b3b097103203f498002b687cfd10ca7739,devanagari,continuous,data/representations/gretil/devanagari/continuous/1_veda/4_upa/isup___u.txt,ae9b3d1a645520e03a483400b550727ceec18d925c01382b37597a2c9d6f2fdb,4313,1485,71,,,0,
9c515ca46ad8f9fca7e879c0a1617207bf5ccf3df21930aaa0995227c3942c40,1_veda/4_upa/kathop_u.txt,65889f708701d9fa05c4915204b307c43a2c5fd66af6f29fcc275ebecc884d3f,devanagari,continuous,data/representations/gretil/devanagari/continuous/1_veda/4_upa/kathop_u.txt,14d6d43ae4fcb8b7ed5970e0216aa257a7baad86178ea66b9ece6ad0f0cda0ab,32858,11310,529,,,0,
9c515ca46ad8f9fca7e879c0a1617207bf5ccf3df21930aaa0995227c3942c40,1_veda/4_upa/mandup_u.txt,25d0fbc71b062246c119f7ed99de3cae5b6eb1fa3c65193d4667e94e682d0b64,devanagari,continuous,data/representations/gretil/devanagari/continuous/1_veda/4_upa/mandup_u.txt,49fd1f843d9ce9b85dcf4691713bb97ca41f03d755ee21605d0f9e49ccc161cf,3602,1232,47,,,0,
9c515ca46ad8f9fca7e879c0a1617207bf5ccf3df21930aaa0995227c3942c40,1_veda/4_upa/prasup_u.txt,5eeb79a9938a34aa36c79d2bbb1ee3cd43b20668793f15b091b89fcf44c10030,devanagari,continuous,data/representations/gretil/devanagari/continuous/1_veda/4_upa/prasup_u.txt,062ccad04419f80c821ff76d34265cf3b418b2242f2777bd598af34e58a9b950,24512,8508,505,,,0,
9c515ca46ad8f9fca7e879c0a1617207bf5ccf3df21930aaa0995227c3942c40,1_veda/4_upa/svetu_pu.txt,dca6f9592ffe9c5e7179a405faba0c3b248603ea7f7584696260e457b16f7978,devanagari,continuous,data/representations/gretil/devanagari/continuous/1_veda/4_upa/svetu_pu.txt,d701cd80cdb743ea91ba703cd2ef9daf160d972462f8695b0b96c1cb5efea719,32821,11251,465,,,0,
9c515ca46ad8f9fca7e879c0a1617207bf5ccf3df21930aaa0995227c3942c40,1_veda/5_vedang/1_srauta/apsulb_u.txt,12b5568f5cc977c2d421db31a8ebfc54f741c250562ff06887fd0a5a37b97ae7,devanagari,continuous,data/representations/gretil/devanagari/continuous/1_veda/5_vedang/1_srauta/apsulb_u.txt,9fbaa5125b7d6c3c46e524c4ad4b65613eef5204c63a3d2e52105f103666a641,51983,17815,601,,,0,
9c515ca46ad8f9fca7e879c0a1617207bf5ccf3df21930aaa0995227c3942c40,1_veda/5_vedang/1_srauta/asvss_u.txt,49b075db90833ce4b84c65f725222c4378be657296b085e66abeeb1f57c4c6ae,devanagari,continuous,data/representations/gretil/devanagari/continuous/1_veda/5_vedang/1_srauta/asvss_u.txt,10b0c7ac8a446ee75147926af297d0e860a79e2bb3c06cc8bb357ebd121248d6,521344,178320,5993,,,0,
9c515ca46ad8f9fca7e879c0a1617207bf5ccf3df21930aaa0995227c3942c40,1_veda/5_vedang/1_srauta/sankhssu.txt,d15ca711d9d51e51d61c6473a95a5bcfe9d8fe9d3a1dfc9afb3e48de3cfde08d,devanagari,continuous,data/representations/gretil/devanagari/continuous/1_veda/5_vedang/1_srauta/sankhssu.txt,e08ea89fc410886e0d88c74cda95162a5bca4fdf9c0bd42f7bd9d7e40394a92d,711562,245178,10739,,,0,
9c515ca46ad8f9fca7e879c0a1617207bf5ccf3df21930aaa0995227c3942c40,1_veda/5_vedang/1_srauta/vaitss_u.txt,f988a3fae41fa217dc419f7acb95a9dd5ccd68d81cb2a629e66f20715d2cee88,devanagari,continuous,data/representations/gretil/devanagari/continuous/1_veda/5_vedang/1_srauta/vaitss_u.txt,33f8ed9c8c7fd12ccba5af8273551c57f202e5235a593e4b184b05114ea7286a,167722,57516,1931,,,0,
9c515ca46ad8f9fca7e879c0a1617207bf5ccf3df21930aaa0995227c3942c40,1_veda/5_vedang/2_grhya/asvgs_u.txt,50f2f03ea2bd21e72590354c4c2c23220e2009bd56023e9422bc9a19db979e39,devanagari,continuous,data/representations/gretil/devanagari/continuous/1_veda/5_vedang/2_grhya/asvgs_u.txt,b52cbd4e6f8a5c2e338222d867211fdaaa8afe4029bcebbb2b766a23df18443a,122917,42143,1521,,,0,
9c515ca46ad8f9fca7e879c0a1617207bf5ccf3df21930aaa0995227c3942c40,1_veda/5_vedang/2_grhya/jaimigsu.txt,62fafe36f02d40fc3254268b1f79ed7fd30293bb0951fd01367a094b1f73f559,devanagari,continuous,data/representations/gretil/devanagari/continuous/1_veda/5_vedang/2_grhya/jaimigsu.txt,1526b1157213f0f940715a1935673300f4638f69f485626350594dde0749be70,117673,39469,365,,,0,
9c515ca46ad8f9fca7e879c0a1617207bf5ccf3df21930aaa0995227c3942c40,1_veda/5_vedang/2_grhya/kaussu_u.txt,e20e7d54e7fd4cb3f83e937687da2fd41bd73d1747e8b2a2a715972164f68e13,devanagari,continuous,data/representations/gretil/devanagari/continuous/1_veda/5_vedang/2_grhya/kaussu_u.txt,4498c166eda5a54fab669b227c831cf3ebc775cf11e4f891e1f6a5815bc5d027,390461,134599,6103,,,0,
9c515ca46ad8f9fca7e879c0a1617207bf5ccf3df21930aaa0995227c3942c40,1_veda/5_vedang/2_grhya/kauthgsu.txt,c0630b759e976595e9e63e759e85fdf99de01d5cf3d36ca426600adc74136482,devanagari,continuous,data/representations/gretil/devanagari/continuous/1_veda/5_vedang/2_grhya/kauthgsu.txt,6243d276b898a34378b5467f185ad7b2489a2353f0b2dff16deaa0b898fab6eb,64360,21526,103,,,0,
9c515ca46ad8f9fca7e879c0a1617207bf5ccf3df21930aaa0995227c3942c40,1_veda/5_vedang/2_grhya/manavgsu.txt,7863702661ddb3d0bf7b79347dc98e60283a15a76c47b5cd2b1ab3c9ec2e2ba6,devanagari,continuous,data/representations/gretil/devanagari/continuous/1_veda/5_vedang/2_grhya/manavgsu.txt,7b074a1e1b92186e760f8c38c106dea57adc98ed5a497b188aefd0761b694ce4,143057,49129,2099,,,0,
9c515ca46ad8f9fca7e879c0a1617207bf5ccf3df21930aaa0995227c3942c40,1_veda/5_vedang/2_grhya/sankhgsu.txt,2e7b593b9e0e5bcd0a82aba5d5847a8e68c62a88553ff11e97aab0730733f39c,devanagari,continuous,data/representations/gretil/devanagari/continuous/1_veda/5_vedang/2_grhya/sankhgsu.txt,fb5082d619bf9d5d76187deee9de7b4309268d395286cc3e8cad9b29a160c076,149079,51573,2397,,,0,
9c515ca46ad8f9fca7e879c0a1617207bf5ccf3df21930aaa0995227c3942c40,1_veda/5_vedang/2_grhya/vargs_u.txt,04878a4540947b834d08fdcdc85f09d2e965ecb4fc8ec276fe380a111daf5eee,devanagari,continuous,data/representations/gretil/devanagari/continuous/1_veda/5_vedang/2_grhya/vargs_u.txt,23d824edcb29241bd47ecd3298b0d8048a10d0d69dae552d746c92767d709d6a,83279,28707,1421,,,0,
9c515ca46ad8f9fca7e879c0a1617207bf5ccf3df21930aaa0995227c3942c40,1_veda/5_vedang/2_paris/avpari_u.txt,78d96955cf6dc5342ff83d3fb0a76c062da5f8caf45352afb549c7c972847535,devanagari,continuous,data/representations/gretil/devanagari/continuous/1_veda/5_vedang/2_paris/avpari_u.txt,ca96fa1b565fcae08c98a00073316d43789dadd92d8a6367ede8875da57c5d8e,821461,281777,7589,,,0,
9c515ca46ad8f9fca7e879c0a1617207bf5ccf3df21930aaa0995227c3942c40,1_veda/5_vedang/2_paris/avpray_u.txt,51d8ba5178d0fba8293dccefc506a88fe787ad2617dc913e338d21b8709e42be,devanagari,continuous,data/representations/gretil/devanagari/continuous/1_veda/5_vedang/2_paris/avpray_u.txt,beb37aff41e8557c74925072ffdb8c99b71e4f2007fc6cbf22ad443d2b92631d,138340,47376,1683,,,0,
9c515ca46ad8f9fca7e879c0a1617207bf5ccf3df21930aaa0995227c3942c40,1_veda/5_vedang/3_pratis/rgvidh_u.txt,f8fec2f580cedf759814ac3c7e2fee40e1643f61ae51040766ba1fd751fd1331,devanagari,continuous,data/representations/gretil/devanagari/continuous/1_veda/5_vedang/3_pratis/rgvidh_u.txt,efd270d483867e9a2a6df2777e6e8990b727b92e16cdb9bf86f2e4ccb9fd3e3a,220190,81422,2995,,,0,
9c515ca46ad8f9fca7e879c0a1617207bf5ccf3df21930aaa0995227c3942c40,2_epic/mbh/ext/hv_apppu.txt,4c73c70c292971bd0e0330381f737ad5b9476bd6434710fe65439c261bc2888d,devanagari,continuous,data/representations/gretil/devanagari/continuous/2_epic/mbh/ext/hv_apppu.txt,ee6fd87df36a5bdea9cc28867f9057d6a0aa012ef6adc6203e03d714f7244abe,2524116,872674,46932,,,0,
9c515ca46ad8f9fca7e879c0a1617207bf5ccf3df21930aaa0995227c3942c40,2_epic/mbh/ext/hv_conpu.txt,be1e8fa95826ae19549045eb3925b7b751bf522c0727c5aeacd9caee97c69ff6,devanagari,continuous,data/representations/gretil/devanagari/continuous/2_epic/mbh/ext/hv_conpu.txt,d793e00e83658dda2f91267b96087943b6ee74227d1cd2b365bc7e81fc32d4c6,1891311,653307,34287,,,0,
9c515ca46ad8f9fca7e879c0a1617207bf5ccf3df21930aaa0995227c3942c40,2_epic/mbh/mbh_01_u.txt,6f6efe727744daabc20ce809610b88a38d4a53ce0a5481688976db7a1a298113,devanagari,continuous,data/representations/gretil/devanagari/continuous/2_epic/mbh/mbh_01_u.txt,fb3b9a0fe7df9a6c17315a0ea630a8adb4b2fa88d1d51fb97bb9251c53640221,2776391,961225,52585,,,0,
9c515ca46ad8f9fca7e879c0a1617207bf5ccf3df21930aaa0995227c3942c40,2_epic/mbh/mbh_02_u.txt,8ce1d03a0c6c1182a12dbc33131b9d77a34a73c98e68d8eae480be1d7aa17fc8,devanagari,continuous,data/representations/gretil/devanagari/continuous/2_epic/mbh/mbh_02_u.txt,336a200896f0dcb9321656e1da10525dab6f1fd7d5621c040f75d4bc44ae0374,1113270,385306,21019,,,0,
9c515ca46ad8f9fca7e879c0a1617207bf5ccf3df21930aaa0995227c3942c40,2_epic/mbh/mbh_03_u.txt,3bb224727af921a3d0e5effa7b45a4c6b83698825d58c4943bf8e0ff08bf52e4,devanagari,continuous,data/representations/gretil/devanagari/continuous/2_epic/mbh/mbh_03_u.txt,11ae9075c429dde456c4edf59ac733e1c5ef21d0c25c21e273736e3f5bd227c1,2901350,1004468,54413,,,0,
9c515ca46ad8f9fca7e879c0a1617207bf5ccf3df21930aaa0995227c3942c40,2_epic/mbh/mbh_04_u.txt,b912f2b7676c93c92391fc458e85db16b9976fdcaa253a93f1ff541b4b11d83b,devanagari,continuous,data/representations/gretil/devanagari/continuous/2_epic/mbh/mbh_04_u.txt,490310374a7352deda8379aed1767dd0a174d8e294ee6ff4a1d9b0d5bda8414a,1047919,363183,20519,,,0,
9c515ca46ad8f9fca7e879c0a1617207bf5ccf3df21930aaa0995227c3942c40,2_epic/mbh/mbh_05_u.txt,5305b06e43160b197a9ae157a5cf6f0bffd4c09d066a40774f28daad80e7e41b,devanagari,continuous,data/representations/gretil/devanagari/continuous/2_epic/mbh/mbh_05_u.txt,a2d53dda51eec46218d5397ec0f2ec8cd08d7391ca64786f2f2b6b610a7b76e9,1628917,563799,29765,,,0,
9c515ca46ad8f9fca7e879c0a1617207bf5ccf3df21930aaa0995227c3942c40,2_epic/mbh/mbh_06_u.txt,7402fda9ec97f8e37e984f06ae768a19bb807801f2a1a0cbbdc8c64b3f58115b,devanagari,continuous,data/representations/gretil/devanagari/continuous/2_epic/mbh/mbh_06_u.txt,336990ef9ae6f9ad66deb07d6eb584fbad8a4b8474aa5ecfbcfa3b74d63b6ea8,1410466,488100,26347,,,0,
9c515ca46ad8f9fca7e879c0a1617207bf5ccf3df21930aaa0995227c3942c40,2_epic/mbh/mbh_07_u.txt,fae85008bdb1fa638d3eec3880b4cfd13377acb0b8779e896500e8b53c226183,devanagari,continuous,data/representations/gretil/devanagari/continuous/2_epic/mbh/mbh_07_u.txt,ab5c779f265946348a0f06c103bb3fa2ac54121778e2ca805e76fd460eac1120,2416459,835693,44801,,,0,
9c515ca46ad8f9fca7e879c0a1617207bf5ccf3df21930aaa0995227c3942c40,2_epic/mbh/mbh_08_u.txt,a8129627d48dc86d89709ed80f0997b7ed75465257f765a96c7a057bd3388c75,devanagari,continuous,data/representations/gretil/devanagari/continuous/2_epic/mbh/mbh_08_u.txt,bc119777828443dc77d34e7eddbe79dc550247d9bdde99f271bac523511cfc2e,1415227,490279,26519,,,0,
9c515ca46ad8f9fca7e879c0a1617207bf5ccf3df21930aaa0995227c3942c40,2_epic/mbh/mbh_09_u.txt,7a00866c366cc38e0332db6f9bcd67a8b49c8c471b34e88dbfeef545651a86a8,devanagari,continuous,data/representations/gretil/devanagari/continuous/2_epic/mbh/mbh_09_u.txt,777eac28c8893a413d5e3e2d9ac97647691062d7e4b784ed4427f25f355083c1,868122,300360,16241,,,0,
9c515ca46ad8f9fca7e879c0a1617207bf5ccf3df21930aaa0995227c3942c40,2_epic/mbh/mbh_10_u.txt,ec7a6ec03618bd1ae268c9e432b3471b66016cbad7aec8b67d0217ed86e901fb,devanagari,continuous,data/representations/gretil/devanagari/continuous/2_epic/mbh/mbh_10_u.txt,294798ec5fb5ba6f9d4265c005de480a83fa2aeef02f69df98d9e1d31f4f2474,200624,69290,3591,,,0,
9c515ca46ad8f9fca7e879c0a1617207bf5ccf3df21930aaa0995227c3942c40,2_epic/mbh/mbh_11_u.txt,6d71e5ebd3b41a8e77926414f23a396ff8e17d1826500eca7e64cc674c9bec53,devanagari,continuous,data/representations/gretil/devanagari/continuous/2_epic/mbh/mbh_11_u.txt,07ff29edee40b8251b3990e385f8c5a7dd88dcec7296e3d8099066bbbc634d47,188696,65298,3587,,,0,
9c515ca46ad8f9fca7e879c0a1617207bf5ccf3df21930aaa0995227c3942c40,2_epic/mbh/mbh_12_u.txt,476cd987492e35941130b9c72988d9e5bdd1c81e821ceb97ca7250ee8f77ef9a,devanagari,continuous,data/representations/gretil/devanagari/continuous/2_epic/mbh/mbh_12_u.txt,17c85c7308c96e89fe2408c3a7f8d033c7b7a1910ba942fa89427914652bd759,3713082,1284330,68321,,,0,
9c515ca46ad8f9fca7e879c0a1617207bf5ccf3df21930aaa0995227c3942c40,2_epic/mbh/mbh_13_u.txt,2a6cc3a0a9e8d92b7fcabac9b5f4063cf6a9e0c0634dce68cc532cda6705163d,devanagari,continuous,data/representations/gretil/devanagari/continuous/2_epic/mbh/mbh_13_u.txt,c048c63813134094d4bb5a23cb7a729aa2644efe1b867a985e6ebc0c171c9d8b,2827668,978760,53619,,,0,
9c515ca46ad8f9fca7e879c0a1617207bf5ccf3df21930aaa0995227c3942c40,2_epic/mbh/mbh_14_u.txt,965e6c6dca5395b0b7ecd9d20dd03c513ffb4ccaeb9ca54d24f9cf4167dd39be,devanagari,continuous,data/representations/gretil/devanagari/continuous/2_epic/mbh/mbh_14_u.txt,8e452586a3f6323c3c08c09ba72c0f88e5713f47ab6f3ca1ae7489d488880e66,1067712,369352,19929,,,0,
9c515ca46ad8f9fca7e879c0a1617207bf5ccf3df21930aaa0995227c3942c40,2_epic/mbh/mbh_15_u.txt,bd3c1d493237fb5b290d7b8af0c9ad2819f957c5427937ba991a926702cd3116,devanagari,continuous,data/representations/gretil/devanagari/continuous/2_epic/mbh/mbh_15_u.txt,1e8e70fffb31fe9f6249e6d9ee26b5777705be36ce3fbad4dbb0335182bcc06c,258276,89370,4859,,,0,
9c515ca46ad8f9fca7e879c0a1617207bf5ccf3df21930aaa0995227c3942c40,2_epic/mbh/mbh_16_u.txt,1c95ae89bdbfcf2343bdde1b37453debffd4bfe571da867e621cdf23647ffff9,devanagari,continuous,data/representations/gretil/devanagari/continuous/2_epic/mbh/mbh_16_u.txt,6e816eee17a38ee73d87108bfa3bd0f1dc199243265e8404ee0fb9ee6cdd7af8,77579,26849,1425,,,0,
9c515ca46ad8f9fca7e879c0a1617207bf5ccf3df21930aaa0995227c3942c40,2_epic/mbh/mbh_17_u.txt,6638204eae6d9e28b14b71e1b4b2e7ad6ca9c39671708f653facc2ae7d3ed397,devanagari,continuous,data/representations/gretil/devanagari/continuous/2_epic/mbh/mbh_17_u.txt,82b05c915227cff35ccf3f7d7f5a8eac496fcd174ec49eda1f8c1faf50b59d2e,28858,9992,541,,,0,
9c515ca46ad8f9fca7e879c0a1617207bf5ccf3df21930aaa0995227c3942c40,2_epic/mbh/mbh_18_u.txt,4744f29ecb8431204b4749b3e683158a808adb6db31af6addfc3be07559d3567,devanagari,continuous,data/representations/gretil/devanagari/continuous/2_epic/mbh/mbh_18_u.txt,29cd09639b0b54f63360a001a4b38b055a0dc204b0534bafe45c3245b804a51d,70152,24264,1315,,,0,
9c515ca46ad8f9fca7e879c0a1617207bf5ccf3df21930aaa0995227c3942c40,2_epic/ramayana/ram_01_u.txt,bd494face7a4cbc08c25af52d5ceae358463be85a5e02ec35b3ff728c6f9da9e,devanagari,continuous,data/representations/gretil/devanagari/continuous/2_epic/ramayana/ram_01_u.txt,af6461768de73b5df9fbb84cc1de0eb28c554ad543d61aee081a39562466e2a7,423253,146357,7885,,,0,
9c515ca46ad8f9fca7e879c0a1617207bf5ccf3df21930aaa0995227c3942c40,2_epic/ramayana/ram_02_u.txt,e07cd7f334c37d4a2afe643f30b1c5080a571627582d3b2c66f916087217bad7,devanagari,continuous,data/representations/gretil/devanagari/continuous/2_epic/ramayana/ram_02_u.txt,c6cdbfc08c9bbaec0e274933addea00058d9b01f10bfb7afc913e8f13080af4e,701528,242580,12817,,,0,
9c515ca46ad8f9fca7e879c0a1617207bf5ccf3df21930aaa0995227c3942c40,2_epic/ramayana/ram_03_u.txt,17ae70e0fa850d83d4d6237f413ad8d8de7d2c1b4a3d458e3e3a150d8198de26,devanagari,continuous,data/representations/gretil/devanagari/continuous/2_epic/ramayana/ram_03_u.txt,5c8e777b17e9a053582fb6721eeda1d8d59b1c1d4799dbc8eee80af934f5da65,456406,157832,8417,,,0,
9c515ca46ad8f9fca7e879c0a1617207bf5ccf3df21930aaa0995227c3942c40,2_epic/ramayana/ram_04_u.txt,a7530e62378426747cbb84f8679ac7957623ddf19181bc8109b891b7e2f547be,devanagari,continuous,data/representations/gretil/devanagari/continuous/2_epic/ramayana/ram_04_u.txt,93f0b23e2636826c123a7d392e0366ae21d8b04544c8583892f1aa877e62622a,439265,151881,8033,,,0,
9c515ca46ad8f9fca7e879c0a1617207bf5ccf3df21930aaa0995227c3942c40,2_epic/ramayana/ram_05_u.txt,b12fa1e88108e4e73080dcea087be8c719032ab9189025e2add7f1f7903b55e8,devanagari,continuous,data/representations/gretil/devanagari/continuous/2_epic/ramayana/ram_05_u.txt,c5a2f9a99f83b0ad5f6db84f62466cd083f814aa0e5dbd0d8ce734520658853f,559539,193543,10083,,,0,
9c515ca46ad8f9fca7e879c0a1617207bf5ccf3df21930aaa0995227c3942c40,2_epic/ramayana/ram_06_u.txt,c9057008c87aa3df0287bca988fdc7fdd8a8317c76927c9329dc33f0f6bd3029,devanagari,continuous,data/representations/gretil/devanagari/continuous/2_epic/ramayana/ram_06_u.txt,8bc8c268269fa5528e5e4a586e4f16fcac542f3742205f2d0faff8992d805016,988261,341785,17957,,,0,
9c515ca46ad8f9fca7e879c0a1617207bf5ccf3df21930aaa0995227c3942c40,2_epic/ramayana/ram_07_u.txt,884df140e7ab95e096362d9eb76e1d649b9a59b0042bfc233d67f73da2bd3d10,devanagari,continuous,data/representations/gretil/devanagari/continuous/2_epic/ramayana/ram_07_u.txt,e2246ff9c68b6626a1e5eeba5210ae5137652a0dae717527908fef25610d77e5,588388,203426,10877,,,0,
9c515ca46ad8f9fca7e879c0a1617207bf5ccf3df21930aaa0995227c3942c40,3_purana/agp_bi_u.txt,d4bf2940b621c99841ef4bf4ca800972d530603379fca3c00b289be9e4c21e15,devanagari,continuous,data/representations/gretil/devanagari/continuous/3_purana/agp_bi_u.txt,29b21f87482164932363a5a23f61d2cdb2ab252a74cc8dce97d40ac778f45bee,3153815,1092859,57420,,,0,
9c515ca46ad8f9fca7e879c0a1617207bf5ccf3df21930aaa0995227c3942c40,3_purana/bhagp/bhp_01u.txt,1c5c930e32274cc6c376c16c9d1a5da4f1564c4bc024eee740b8344944395794,devanagari,continuous,data/representations/gretil/devanagari/continuous/3_purana/bhagp/bhp_01u.txt,4ccf47df099b76bfb4934a373cf4ebc474b7fff6a6283b85259b5ea662587e72,198948,68622,3459,,,0,
9c515ca46ad8f9fca7e879c0a1617207bf5ccf3df21930aaa0995227c3942c40,3_purana/bhagp/bhp_02u.txt,36cd654bfe692a6a524f6bf02b3ef49acec6d0006bf415598bb6659fc60dd025,devanagari,continuous,data/representations/gretil/devanagari/continuous/3_purana/bhagp/bhp_02u.txt,0ec0ca2937601abd6cc07b15d1b40fba5e764c7dcd7d73c81d71b3b90b7281dd,101603,35091,1835,,,0,
9c515ca46ad8f9fca7e879c0a1617207bf5ccf3df21930aaa0995227c3942c40,3_purana/bhagp/bhp_03u.txt,bfb5a2e8a962704b37afe528a0b3dd9130fb0ad46ffc19f13b0dc47c26f5d52e,devanagari,continuous,data/representations/gretil/devanagari/continuous/3_purana/bhagp/bhp_03u.txt,8278db552da546af3ecf7c725b6ac8ed3b32b9a710c15b2b7c54257800ad5fcd,354479,122435,6413,,,0,
9c515ca46ad8f9fca7e879c0a1617207bf5ccf3df21930aaa0995227c3942c40,3_purana/bhagp/bhp_04u.txt,c35f0f822813813cb3645b2ccc1b50cf86146f2bf85aa13a606beea0a87e7c69,devanagari,continuous,data/representations/gretil/devanagari/continuous/3_purana/bhagp/bhp_04u.txt,e0eb4ad3a88e4b0b2eae6a1012fbd69e373a1cf7aaf9212c6be3501c96577ac9,357652,123450,6349,,,0,
9c515ca46ad8f9fca7e879c0a1617207bf5ccf3df21930aaa0995227c3942c40,3_purana/bhagp/bhp_05u.txt,2c3d9fc1f21cf7eda5dc8980d1fcd26c2821d8c71e02f4eb4e49b9fcc0da09d5,devanagari,continuous,data/representations/gretil/devanagari/continuous/3_purana/bhagp/bhp_05u.txt,010076eefe0ceaf6008fed28eba811b371456d4a48b9fc4c8bf3bec1262db9b1,253617,85841,1953,,,0,
9c515ca46ad8f9fca7e879c0a1617207bf5ccf3df21930aaa0995227c3942c40,3_purana/bhagp/bhp_06u.txt,a22a83fa6331b084dc25d7cd5687adc9a9ac7274fca14488a88196af01a901ca,devanagari,continuous,data/representations/gretil/devanagari/continuous/3_purana/bhagp/bhp_06u.txt,6736aa7df968c1f304287cf64ea89a35bbc09f8fa75cc3c90a1f06e19a089d07,209176,72170,3667,,,0,
9c515ca46ad8f9fca7e879c0a1617207bf5ccf3df21930aaa0995227c3942c40,3_purana/bhagp/bhp_07u.txt,986686390c9b96388f5455f69cc62a65b2862fbd9bdaa0411dc7932287077e9a,devanagari,continuous,data/representations/gretil/devanagari/continuous/3_purana/bhagp/bhp_07u.txt,b5e83051fa2a40fa22d9ed3296a9fe6a55448a2a1d0160c15cb56071ecd55b78,188915,65255,3425,,,0,
9c515ca46ad8f9fca7e879c0a1617207bf5ccf3df21930aaa0995227c3942c40,3_purana/bhagp/bhp_08u.txt,2b1ac661ca2c32343311a129538584f8985ca496d963f749d9757e86ef82c2be,devanagari,continuous,data/representations/gretil/devanagari/continuous/3_purana/bhagp/bhp_08u.txt,03533abaa6d6eed819301a7d1ac355b313b3437851e9a41dbe7abf69662c68a5,231199,79779,4069,,,0,
9c515ca46ad8f9fca7e879c0a1617207bf5ccf3df21930aaa0995227c3942c40,3_purana/bhagp/bhp_09u.txt,2f8c8bfb3bd0c3bf698938f8326080876fa9953efcfa5a999ed05a63c3560a49,devanagari,continuous,data/representations/gretil/devanagari/continuous/3_purana/bhagp/bhp_09u.txt,fb7cbf39398c3e8fb47c91a15efde8d35b590cadd4cf76f262546cb359ec1241,226664,78298,4115,,,0,
9c515ca46ad8f9fca7e879c0a1617207bf5ccf3df21930aaa0995227c3942c40,3_purana/bhagp/bhp_10u.txt,962182efb2033378f6a434bbe9ceb4daa06326c3b9f0341091942de85a18d1b0,devanagari,continuous,data/representations/gretil/devanagari/continuous/3_purana/bhagp/bhp_10u.txt,0d6dcda26fcee2ad0c9333d5a99adb4f8e92dd23c61666ccc4895064815c7b12,981708,339322,18121,,,0,
9c515ca46ad8f9fca7e879c0a1617207bf5ccf3df21930aaa0995227c3942c40,3_purana/bhagp/bhp_11u.txt,849db842737fbb38c868faa43aa292b70c77218595108f90b2772ffe9a5015d1,devanagari,continuous,data/representations/gretil/devanagari/continuous/3_purana/bhagp/bhp_11u.txt,666775de54f7c0c89acc971b34cdc6d37924c41fc9bed3b3f6d94b21a3f0e25b,331844,114662,6071,,,0,
9c515ca46ad8f9fca7e879c0a1617207bf5ccf3df21930aaa0995227c3942c40,3_purana/bhagp/bhp_12u.txt,303469b78c1fbb65040c9896fa562a4fcae1ba58b561a975305feb6ba5666c21,devanagari,continuous,data/representations/gretil/devanagari/continuous/3_purana/bhagp/bhp_12u.txt,3db281e68992fd492de1e3fe38b43ac9c579bcfbf3cbc72d62c3c64847c963b2,135796,46922,2485,,,0,
9c515ca46ad8f9fca7e879c0a1617207bf5ccf3df21930aaa0995227c3942c40,3_purana/brahmap/brahmppu.txt,fa09efff7d58519f4e4b0daab954fb128434f4512f34b8c219845675713a02a5,devanagari,continuous,data/representations/gretil/devanagari/continuous/3_purana/brahmap/brahmppu.txt,ded6279355ca685c726c03d442378ce5b469a2063fbb83f722c4602b43d535e1,3195875,1104241,58071,,,0,
9c515ca46ad8f9fca7e879c0a1617207bf5ccf3df21930aaa0995227c3942c40,3_purana/brndp1_u.txt,953e3f56855a22a7a263a8e45999e5b98cee2ecc29446fe4559d116d5db01aeb,devanagari,continuous,data/representations/gretil/devanagari/continuous/3_purana/brndp1_u.txt,715c9d28b442d4d3a3a7fbf49858bf9cf45ef00ffef57838fd8a3e6c5c23a3a9,891679,307525,15447,,,0,
9c515ca46ad8f9fca7e879c0a1617207bf5ccf3df21930aaa0995227c3942c40,3_purana/brndp2_u.txt,cfefdcbdd4c0e052e9e23627184f565ae800d5bf30644a7b47df9e09a7f35346,devanagari,continuous,data/representations/gretil/devanagari/continuous/3_purana/brndp2_u.txt,ced332b3330ab73154cdb836401e1462ade1a51d4a993577fe7b0831feb2681d,1358929,468979,23999,,,0,
9c515ca46ad8f9fca7e879c0a1617207bf5ccf3df21930aaa0995227c3942c40,3_purana/brndp3_u.txt,c45978812b3b54e708b386d90b5c7f4d7b249ef5a7e0a68efc374c24b46207ca,devanagari,continuous,data/representations/gretil/devanagari/continuous/3_purana/brndp3_u.txt,28229a17989171ff2754b77496ca95c6d6a1b06a3427bb0de3a6c8ae1d2f9602,994271,343049,17438,,,0,
9c515ca46ad8f9fca7e879c0a1617207bf5ccf3df21930aaa0995227c3942c40,3_purana/garup1_u.txt,0af79a64cdb1ad5403dd074ae8d39df6ec2b63e2a45d8b8372547baa04fdaa06,devanagari,continuous,data/representations/gretil/devanagari/continuous/3_purana/garup1_u.txt,e8d20f104cdd22e70554b837fb3a0f1e3f7cd3e400da86536d02eaeaf034be22,1855356,639920,32040,,,0,
9c515ca46ad8f9fca7e879c0a1617207bf5ccf3df21930aaa0995227c3942c40,3_purana/garup2_u.txt,0218196e45393bdf6583d50a847338b8a2aed33125d6afad300e32bd20de4c8d,devanagari,continuous,data/representations/gretil/devanagari/continuous/3_purana/garup2_u.txt,9d598fa33c65821c579508ba9481fe061769e3f2780a2d611706aed07bf093cb,704084,242876,12265,,,0,
9c515ca46ad8f9fca7e879c0a1617207bf5ccf3df21930aaa0995227c3942c40,3_purana/garup3_u.txt,5cc48683991889152eda24eca9ac257a664fc404564438219187da1b97eac4ad,devanagari,continuous,data/representations/gretil/devanagari/continuous/3_purana/garup3_u.txt,4c6f7a80f667b60f7ebe0fbb7ae7d9e1ce70c3c3152bb53e930ed89f26835e0c,549267,188651,8333,,,0,
9c515ca46ad8f9fca7e879c0a1617207bf5ccf3df21930aaa0995227c3942c40,3_purana/kurmp1_u.txt,78b75ec9b87a9ed031384d6ad2d9a176a045c51397b4bbc2f42ca0318c317b74,devanagari,continuous,data/representations/gretil/devanagari/continuous/3_purana/kurmp1_u.txt,c9cc14751f337dd727899d6733beb51a73f56016936e8a0b94b90522b29f4a8e,743990,257012,13523,,,0,
9c515ca46ad8f9fca7e879c0a1617207bf5ccf3df21930aaa0995227c3942c40,3_purana/kurmp2_u.txt,3fef885697b05f8610202240c80c1fe958f71d2f045f79c3e53082d6767e99bc,devanagari,continuous,data/representations/gretil/devanagari/continuous/3_purana/kurmp2_u.txt,85c72a6242a3a0aded721ea46685cf6d8a9569641854e0dbc62363ac8a7c4a64,644345,222465,11525,,,0,
9c515ca46ad8f9fca7e879c0a1617207bf5ccf3df21930aaa0995227c3942c40,3_purana/lip_1_pu.txt,4844e9cb03fd991a3420a20972782f054e2d9a3d4badbcd53e4141bbf00d0319,devanagari,continuous,data/representations/gretil/devanagari/continuous/3_purana/lip_1_pu.txt,92f26332e081bace1ce1cb050f049e8eef348acfd9ce4ed127cf46268e6c420f,1578989,545111,28021,,,0,
9c515ca46ad8f9fca7e879c0a1617207bf5ccf3df21930aaa0995227c3942c40,3_purana/lip_2__u.txt,5205343cb45ab69a16adcf73f66b5dd6866f41a1c3e3e799d8b4e32dec3d5e13,devanagari,continuous,data/representations/gretil/devanagari/continuous/3_purana/lip_2__u.txt,6da9691f02cffcaf6cdbf0eca7dc91f555981a37f052edccca2f279810cd3a1d,551784,190338,9615,,,0,
9c515ca46ad8f9fca7e879c0a1617207bf5ccf3df21930aaa0995227c3942c40,3_purana/mkp1-93u.txt,bdc68f1a61af0b9449462c19c7466e87bf1ef6b74aee592c00b0a516bed49b87,devanagari,continuous,data/representations/gretil/devanagari/continuous/3_purana/mkp1-93u.txt,8353627bebdcaf626a9dcc607c492a493e002203f96e2f25adc52a8af6237334,1084201,374925,19957,,,0,
9c515ca46ad8f9fca7e879c0a1617207bf5ccf3df21930aaa0995227c3942c40,3_purana/mtp176pu.txt,18951fbdb7cfc432ebe5f3938ece4d28fab9b1984a708f78e0f6e2aa40032698,devanagari,continuous,data/representations/gretil/devanagari/continuous/3_purana/mtp176pu.txt,e14d80fa9390f097c7c953ca043c9a5e4d1f65fc7fd4e6eb9b8d2c6b85db5815,2048834,707300,36531,,,0,
9c515ca46ad8f9fca7e879c0a1617207bf5ccf3df21930aaa0995227c3942c40,3_purana/nardp1_u.txt,7c3b97c27e7c410facd0d1b5021e7c0516cd1e26d677831faff4ffb9964da4c5,devanagari,continuous,data/representations/gretil/devanagari/continuous/3_purana/nardp1_u.txt,133269078be92be8d3fa3df72eeeb06a5771e44a1de1076354e1f64f2c33782b,3094996,1067268,53375,,,0,
9c515ca46ad8f9fca7e879c0a1617207bf5ccf3df21930aaa0995227c3942c40,3_purana/nardp2_u.txt,ea5d0413e80f758fbb89d321a549abca5e5065501f1bd07287ba117762cc54ca,devanagari,continuous,data/representations/gretil/devanagari/continuous/3_purana/nardp2_u.txt,7e73b11e39fbac64e3f5997b57ad9a58d4f118206061b237c4cff78e3f366878,590167,203587,10297,,,0,
9c515ca46ad8f9fca7e879c0a1617207bf5ccf3df21930aaa0995227c3942c40,3_purana/narsippu.txt,51fc274020031db8d671560d694fa2c03bde95dd997996b023c8ead68c382bc9,devanagari,continuous,data/representations/gretil/devanagari/continuous/3_purana/narsippu.txt,2f3a258ec4b40758c64452422517bcf2d97adfd06518bd4f402bec3df3c87e95,847068,292290,14783,,,0,
9c515ca46ad8f9fca7e879c0a1617207bf5ccf3df21930aaa0995227c3942c40,3_purana/sivap1_u.txt,160fc9166c7d4a75d317fc03cf2ae38d344951c04f72bcac2a9c3acf4e6b1834,devanagari,continuous,data/representations/gretil/devanagari/continuous/3_purana/sivap1_u.txt,83ce911b001f7a768d4ebc25c81ac75f5b3fdf1a1c60ad32b305d71bccd1280b,361049,124617,6385,,,0,
9c515ca46ad8f9fca7e879c0a1617207bf5ccf3df21930aaa0995227c3942c40,3_purana/sivap7_u.txt,58ce55a5c093824d90344ed21f8693aeb52411072909463cee6ebde69a8f6bfd,devanagari,continuous,data/representations/gretil/devanagari/continuous/3_purana/sivap7_u.txt,cbd63012e1c5997f0b0dbf213e18d61175ea6fba01d97f053827a361f8fac203,968494,334346,17263,,,0,
9c515ca46ad8f9fca7e879c0a1617207bf5ccf3df21930aaa0995227c3942c40,3_purana/skp031pu.txt,ea671c586a2277c651a397be87dc26eb0b9f9ce4773ca0ce8135e4f8889cff0e,devanagari,continuous,data/representations/gretil/devanagari/continuous/3_purana/skp031pu.txt,557ed6bb2ba75614e5995c6c39e7ff58d3549f97facfcccf50e527a70ae74511,403006,139384,7553,,,0,
9c515ca46ad8f9fca7e879c0a1617207bf5ccf3df21930aaa0995227c3942c40,3_purana/skprevku.txt,b6d4a7f31eed336598b669ef9ba20fee50b1b3ef4262c65bf2c3179ad46a786d,devanagari,continuous,data/representations/gretil/devanagari/continuous/3_purana/skprevku.txt,932831debffaf2bd07fede745f6904176e070db931462cce22592c335d6bdad1,1544505,533835,28499,,,0,
9c515ca46ad8f9fca7e879c0a1617207bf5ccf3df21930aaa0995227c3942c40,3_purana/vamp__u.txt,c32043531099c2ed3806fe2e53eb546d2e16e902d0e1efa1803f746544d25f2a,devanagari,continuous,data/representations/gretil/devanagari/continuous/3_purana/vamp__u.txt,baa37ad96f11e632ab72bd51f87232d2c9b9cbecfa4c9db05b225fe08f4a8a93,1120230,386252,19245,,,0,
9c515ca46ad8f9fca7e879c0a1617207bf5ccf3df21930aaa0995227c3942c40,3_purana/vd2127_u.txt,552edb99fa834d5c74a1fe122caf63583f962ae5bdfb92e5cc1ef9786e00b56a,devanagari,continuous,data/representations/gretil/devanagari/continuous/3_purana/vd2127_u.txt,df89e489375b7a18043716d8feef088ff25f8441b3643d9dd426f242696d693a,12516,4318,217,,,0,
9c515ca46ad8f9fca7e879c0a1617207bf5ccf3df21930aaa0995227c3942c40,3_purana/vd3343pu.txt,b209e8a6de6dd617bb995bd1209bd066397b7e08604a9988f0a44c87bdaaf491,devanagari,continuous,data/representations/gretil/devanagari/continuous/3_purana/vd3343pu.txt,7dde3c3385ced7fbd0656843be4fcd60c5ce793adffd1971e583f3c402dcad37,86280,30282,2233,,,0,
9c515ca46ad8f9fca7e879c0a1617207bf5ccf3df21930aaa0995227c3942c40,3_purana/vipce_pu.txt,afad84225a31809c416d3987e22f7097cd47554976dccf9e3b100e07e91ef7d7,devanagari,continuous,data/representations/gretil/devanagari/continuous/3_purana/vipce_pu.txt,6035c44872635ffea05120141bc8a551177140f271ae7f98dc78dd5abab87019,1491054,514256,25837,,,0,
9c515ca46ad8f9fca7e879c0a1617207bf5ccf3df21930aaa0995227c3942c40,4_rellit/buddh/asmahsuu.txt,d5bf366938a43cec4f15c045028b18ca8fad8e6144bb217763f6f225f30d7a5e,devanagari,continuous,data/representations/gretil/devanagari/continuous/4_rellit/buddh/asmahsuu.txt,bdfdeda8fa75608de6e8512cc6baf13876fd14c4939fd3e2775a5361a369c91e,741352,252920,5414,,,0,
9c515ca46ad8f9fca7e879c0a1617207bf5ccf3df21930aaa0995227c3942c40,4_rellit/buddh/avsata_u.txt,8830b2e0ed1af3359349504c6207a3a6fca6a35007a0105c6ef47efa88559878,devanagari,continuous,data/representations/gretil/devanagari/continuous/4_rellit/buddh/avsata_u.txt,4eab08231d0cf0ace0bcdb0d89fe6fb77290453d0fc92470ecb27ec69cb23954,1592599,539865,4089,,,0,
9c515ca46ad8f9fca7e879c0a1617207bf5ccf3df21930aaa0995227c3942c40,4_rellit/buddh/bhivin_u.txt,000628b742b7485c1c9812944eb3d628b82648d892ef068f464a14b4168ecc95,devanagari,continuous,data/representations/gretil/devanagari/continuous/4_rellit/buddh/bhivin_u.txt,43c9663ec8aedc49d43ccda381fa6987f9db38398355795bc326ae7e469dc6f9,885884,302082,3287,,,0,
9c515ca46ad8f9fca7e879c0a1617207bf5ccf3df21930aaa0995227c3942c40,4_rellit/buddh/divyav_u.txt,795f22048616d51c0473ed9e62eb93a9f739d0f0e008f8a942ffb4b32b1b2855,devanagari,continuous,data/representations/gretil/devanagari/continuous/4_rellit/buddh/divyav_u.txt,7380d826c027af0f249e0d9b8083d0d575c41b915a5dc95130e5af095dc94f45,2867601,984119,32839,,,0,
9c515ca46ad8f9fca7e879c0a1617207bf5ccf3df21930aaa0995227c3942c40,4_rellit/buddh/mhvastuu.txt,e2b66e763ee2037d55e826d6bacd8b34d4681476a8acd560a3115ca7af9e233c,devanagari,continuous,data/representations/gretil/devanagari/continuous/4_rellit/buddh/mhvastuu.txt,b811be4ed3b48c663bd12811816c768af03064a3083beb3b088de64155aa27d9,3620267,1232513,27649,,,0,
9c515ca46ad8f9fca7e879c0a1617207bf5ccf3df21930aaa0995227c3942c40,4_rellit/buddh/srabhu_u.txt,cb9192ebbf0e7a993fa180a01e4f80881504e0b32d6420c6deba24d5bc48b5c3,devanagari,continuous,data/representations/gretil/devanagari/continuous/4_rellit/buddh/srabhu_u.txt,96eb7489e7033e1ab54045cacc06445c416f9d2600159367d97b41457b2dea9f,748008,254826,2864,,,0,
9c515ca46ad8f9fca7e879c0a1617207bf5ccf3df21930aaa0995227c3942c40,4_rellit/buddh/sukhvylu.txt,69c2ccbf9733fb7f13de2b0c5cb203a9c7fd3ea7e0df2913d3cb1399666da7e1,devanagari,continuous,data/representations/gretil/devanagari/continuous/4_rellit/buddh/sukhvylu.txt,c02c2ec7611b1af69a3222959f9d3e717c934c3741d609ae03977fd4f641f2e2,200739,69935,3241,,,0,
9c515ca46ad8f9fca7e879c0a1617207bf5ccf3df21930aaa0995227c3942c40,4_rellit/buddh/sukhvysu.txt,81ac6abd8ba6f0460d1755bc41c7c66cee0da001baf65b44117652d7daffb781,devanagari,continuous,data/representations/gretil/devanagari/continuous/4_rellit/buddh/sukhvysu.txt,a8f40f2c60d050b7e25ef64ace6b1b6aec461582eff04dd2f47c2849f10e8946,26232,9016,353,,,0,
9c515ca46ad8f9fca7e879c0a1617207bf5ccf3df21930aaa0995227c3942c40,4_rellit/buddh/udanav_u.txt,bf5aa1bad356df7bbb55b66e67d86df9cea0e8a870272cbb9f1132c5b0871603,devanagari,continuous,data/representations/gretil/devanagari/continuous/4_rellit/buddh/udanav_u.txt,8899a0b089cf99714f32224e4bf81298210df2c55ba9daf1a3e30051bbfb5ca7,322462,119614,4275,,,0,
9c515ca46ad8f9fca7e879c0a1617207bf5ccf3df21930aaa0995227c3942c40,4_rellit/buddh/vimkn_u.txt,23849e383c196cf8410454c209bc0c8103bd5efc7af91c829899a08f39e9afc5,devanagari,continuous,data/representations/gretil/devanagari/continuous/4_rellit/buddh/vimkn_u.txt,7f2898eddf89a1e79dbfde8006b582e873fdd2dfc4248072f1e10f371ef5c48d,300860,102476,1281,,,0,
9c515ca46ad8f9fca7e879c0a1617207bf5ccf3df21930aaa0995227c3942c40,4_rellit/buddh/vinsutru.txt,196bc0f28b7a7fd2b6f9b1084b8556180f564b373e2a35dbf255557d025ddd63,devanagari,continuous,data/representations/gretil/devanagari/continuous/4_rellit/buddh/vinsutru.txt,8d201de7e1adb136dc026cc7d2e978f511784c8d8abc57d530bda52cdee0fcb9,559240,195176,12732,,,0,
9c515ca46ad8f9fca7e879c0a1617207bf5ccf3df21930aaa0995227c3942c40,4_rellit/buddh/vinv01_u.txt,96214c70ad6ae7d46836e206912a6a77d4bafeffcd77e0cb4abb3b34e6138188,devanagari,continuous,data/representations/gretil/devanagari/continuous/4_rellit/buddh/vinv01_u.txt,a47e5f4273a6730352f0022f935f0b3bde493591349a9740dc90c5ba4b41cb7f,201800,68262,839,,,0,
9c515ca46ad8f9fca7e879c0a1617207bf5ccf3df21930aaa0995227c3942c40,4_rellit/buddh/vinv02_u.txt,c96c9c04db03becb57f513d484d25c6c77e7d1b360eb21faf64095e2b59df7a7,devanagari,continuous,data/representations/gretil/devanagari/continuous/4_rellit/buddh/vinv02_u.txt,04a21f43645b9acda7fe1003d67728bcf4f3b13879fdd7bbce8e0e7698d47faf,138724,47412,1284,,,0,
9c515ca46ad8f9fca7e879c0a1617207bf5ccf3df21930aaa0995227c3942c40,4_rellit/buddh/vinv03_u.txt,5e199f69f3c229d6a2932e18ac774fa14fc7def8a6db3f246581e9a05a8d4a36,devanagari,continuous,data/representations/gretil/devanagari/continuous/4_rellit/buddh/vinv03_u.txt,0290bc8caaa81726d2ea839c751925990232edff85bb394027b72f2b1f563c1b,70270,23918,298,,,0,
9c515ca46ad8f9fca7e879c0a1617207bf5ccf3df21930aaa0995227c3942c40,4_rellit/buddh/vinv04_u.txt,a0994e1c1b17679b9fb8bc6b47b25908a2b49b6476be34fc2176b10b2996afa1,devanagari,continuous,data/representations/gretil/devanagari/continuous/4_rellit/buddh/vinv04_u.txt,513120c3a6c9fdc36da7e750f611f3843ba071aaabd29338d4b2933be3a4abac,79053,26877,223,,,0,
9c515ca46ad8f9fca7e879c0a1617207bf5ccf3df21930aaa0995227c3942c40,4_rellit/buddh/vinv05_u.txt,8c68a8ca12f38697873d5409e345f1803b79a0f4c8da6d83c98bd01cf793741f,devanagari,continuous,data/representations/gretil/devanagari/continuous/4_rellit/buddh/vinv05_u.txt,484dd5c910efb0da0c0e9e25c562e2683e0f8823e31f2e544f958065b923cad1,139084,47216,138,,,0,
9c515ca46ad8f9fca7e879c0a1617207bf5ccf3df21930aaa0995227c3942c40,4_rellit/buddh/vinv07_u.txt,b54d8d4fd95cc7635c9cc4202eb1d6ba8f5f71d417f9cd51a11a037c9a733017,devanagari,continuous,data/representations/gretil/devanagari/continuous/4_rellit/buddh/vinv07_u.txt,c305c7b650a58630c169ff0c555d15155b0207739f978ffbd998f59197e75ca6,410211,139693,495,,,0,
9c515ca46ad8f9fca7e879c0a1617207bf5ccf3df21930aaa0995227c3942c40,4_rellit/buddh/vinv08_u.txt,ef9731228eef5468eb964627b0f451b2a48cfe43e5c995ee85f9d21a98d15c1d,devanagari,continuous,data/representations/gretil/devanagari/continuous/4_rellit/buddh/vinv08_u.txt,be490d274446d04ca66d1c2674d2b8b03efbb202723bd64fb3d98d8f19755bee,55648,18738,213,,,0,
9c515ca46ad8f9fca7e879c0a1617207bf5ccf3df21930aaa0995227c3942c40,4_rellit/buddh/vinv09_u.txt,dc6822c86a6b81234ea20232532043e5e3c5bf98fdaabbca352c72a3bcd5857c,devanagari,continuous,data/representations/gretil/devanagari/continuous/4_rellit/buddh/vinv09_u.txt,3c69da35942f9db4d1e602727ef2ef64e6e11d93a36b6c419e76fa68c73ef44f,61285,20759,133,,,0,
9c515ca46ad8f9fca7e879c0a1617207bf5ccf3df21930aaa0995227c3942c40,4_rellit/buddh/vinv10_u.txt,06c1c354ba6c9e3c61f389605738aaf97b870e9c446d883b27226f474344f12e,devanagari,continuous,data/representations/gretil/devanagari/continuous/4_rellit/buddh/vinv10_u.txt,6517eb1435999be3bb59aadeea1018121ffcf4145a495f5f6342219ec28e947d,37674,12850,75,,,0,
9c515ca46ad8f9fca7e879c0a1617207bf5ccf3df21930aaa0995227c3942c40,4_rellit/buddh/vinv11_u.txt,636782dd9eb82e03326a3d873edb364f7a9b48c96ef78e3af72cc2822750fa13,devanagari,continuous,data/representations/gretil/devanagari/continuous/4_rellit/buddh/vinv11_u.txt,e484cec2d7ce058eac5f75da19f0a1aacae8913d3c1812c4f673771cbfa7c5d0,173110,58280,247,,,0,
9c515ca46ad8f9fca7e879c0a1617207bf5ccf3df21930aaa0995227c3942c40,4_rellit/buddh/vinv12_u.txt,bad8c13967f8c53b994673306545eaaa174168bbd8122a53da40e36a7c4f26f1,devanagari,continuous,data/representations/gretil/devanagari/continuous/4_rellit/buddh/vinv12_u.txt,d54a19a9ec8e0d803b0cede3fff93f802148732867b39e024de9977a3544fe0f,81323,27545,163,,,0,
9c515ca46ad8f9fca7e879c0a1617207bf5ccf3df21930aaa0995227c3942c40,4_rellit/buddh/vinv13_u.txt,09275901e9a67418bbcf25509fe9a6bbe75248f491b8e0dea3aa12a4e352cc61,devanagari,continuous,data/representations/gretil/devanagari/continuous/4_rellit/buddh/vinv13_u.txt,2a256e9e7f14a4f1f566743c5ed569a17d6651c7a2f218a2354f5c7273797197,31473,10659,73,,,0,
9c515ca46ad8f9fca7e879c0a1617207bf5ccf3df21930aaa0995227c3942c40,4_rellit/buddh/vinv14_u.txt,b3bd0e22f140f97fa38e1b624313da79534feeed6829c9f97fc25aa231c74682,devanagari,continuous,data/representations/gretil/devanagari/continuous/4_rellit/buddh/vinv14_u.txt,538cd62a24d6e7ac82a62724707543426dfc1e9c3a3d1dcede5875b94560d064,30035,10215,95,,,0,
9c515ca46ad8f9fca7e879c0a1617207bf5ccf3df21930aaa0995227c3942c40,4_rellit/buddh/vinv15_u.txt,32961c938a24de8e1901571901008e47c9a588e16a1dd7330f8eca9263c323a3,devanagari,continuous,data/representations/gretil/devanagari/continuous/4_rellit/buddh/vinv15_u.txt,1a7def081ea68432bb84fd19e8709f5b5d8c5afb06587bb81968e1fbb600e497,222029,75401,367,,,0,
9c515ca46ad8f9fca7e879c0a1617207bf5ccf3df21930aaa0995227c3942c40,4_rellit/buddh/vinv16_u.txt,e52cba373e989385a08ddfdac9c3b93457ac8313b646e666b20299d199494962,devanagari,continuous,data/representations/gretil/devanagari/continuous/4_rellit/buddh/vinv16_u.txt,92f1027aaa173a39caa9d51e6d0f41ada6ade2299bac9063e12eb61a399b3445,206553,70005,315,,,0,
9c515ca46ad8f9fca7e879c0a1617207bf5ccf3df21930aaa0995227c3942c40,4_rellit/buddh/vinv171u.txt,7404132a706319d27812568e77298a4c90a8bcf938712fb6d27505abb9ff77c0,devanagari,continuous,data/representations/gretil/devanagari/continuous/4_rellit/buddh/vinv171u.txt,ce27ff83ae0614caaa26588c245ba7dd34f18aff23cc4a0bec5b312bfb896021,889731,302327,2096,,,0,
9c515ca46ad8f9fca7e879c0a1617207bf5ccf3df21930aaa0995227c3942c40,4_rellit/buddh/vinv172u.txt,bba0498a55f8d999e7aadf47fdbb90307c1f4f44dd7cf3b8a4914e1fef4ade0d,devanagari,continuous,data/representations/gretil/devanagari/continuous/4_rellit/buddh/vinv172u.txt,b65177cfa7093de542e7e4d3d5a38d8efe9c394f311f6baf3ff5ed8f0a4fb828,1148067,389685,2592,,,0,
9c515ca46ad8f9fca7e879c0a1617207bf5ccf3df21930aaa0995227c3942c40,4_rellit/buddh/vinv_06u.txt,23c212e2db0fd3d97272364fc06f39d39e7c5e6a951553c470883194e43eb9a2,devanagari,continuous,data/representations/gretil/devanagari/continuous/4_rellit/buddh/vinv_06u.txt,eab442a18d1760ce2e1e39686469c1cdbdfbbf525b71732df129eeee6c14cb4b,847711,288167,3400,,,0,
9c515ca46ad8f9fca7e879c0a1617207bf5ccf3df21930aaa0995227c3942c40,4_rellit/saiva/kirtm_pu.txt,e07dc9a65030c1c9cfcb691f5c30d4a21cc944d7512a11bc8fc0c71c33a3aa37,devanagari,continuous,data/representations/gretil/devanagari/continuous/4_rellit/saiva/kirtm_pu.txt,8e7bc4f7c984680ac4b8aca513d8398699be66e531b81f4dfa927345c615bbd9,41989,14533,781,,,0,
9c515ca46ad8f9fca7e879c0a1617207bf5ccf3df21930aaa0995227c3942c40,4_rellit/saiva/kubjt_pu.txt,dd0debf0eba3accb2d7e139b69c72526f2aef8c88dab61322f2b28db59a1042c,devanagari,continuous,data/representations/gretil/devanagari/continuous/4_rellit/saiva/kubjt_pu.txt,fc879a795b560ea581a4458905978420a4c469c017dc6b4a596239220374dc87,705999,243727,12549,,,0,
9c515ca46ad8f9fca7e879c0a1617207bf5ccf3df21930aaa0995227c3942c40,4_rellit/saiva/malinivu.txt,a75f922ee1249629c07b02407db1f38fc84b15f60edb00e9c0ce7a8f7c2dbbcf,devanagari,continuous,data/representations/gretil/devanagari/continuous/4_rellit/saiva/malinivu.txt,d28fec4f428bf20bcb19e5bd5157a12b627924c5f20350373d1b824395ecdfef,284909,98357,5071,,,0,
9c515ca46ad8f9fca7e879c0a1617207bf5ccf3df21930aaa0995227c3942c40,4_rellit/saiva/mrgt1mpu.txt,89732087b90681053f5e95ae56d609bf643aa2f842e0a434a9c9646ec73f58ad,devanagari,continuous,data/representations/gretil/devanagari/continuous/4_rellit/saiva/mrgt1mpu.txt,8abcfba26301a2ca04899a0a27bb67193b0204a542363cde9fd867b18c99bc3a,106399,36773,1829,,,0,
9c515ca46ad8f9fca7e879c0a1617207bf5ccf3df21930aaa0995227c3942c40,4_rellit/saiva/mrgt3mpu.txt,11ec1dc76055c39a7fe89bb32f6269745f2098f56589fa2dc718d850b896a43e,devanagari,continuous,data/representations/gretil/devanagari/continuous/4_rellit/saiva/mrgt3mpu.txt,5db38993cf001561a02174178215b680f5fe36c2438eca38c605b2017018fa51,31667,10925,529,,,0,
9c515ca46ad8f9fca7e879c0a1617207bf5ccf3df21930aaa0995227c3942c40,4_rellit/saiva/mrgt4mpu.txt,caf973d2798b7763960db9ec38139d2faf526e6c1283985661e4d80858060b9e,devanagari,continuous,data/representations/gretil/devanagari/continuous/4_rellit/saiva/mrgt4mpu.txt,7acaee50f3dcbb97af8d15dba9eeb368ba4e944b93070439c779caef75a124a0,15445,5333,261,,,0,
9c515ca46ad8f9fca7e879c0a1617207bf5ccf3df21930aaa0995227c3942c40,4_rellit/saiva/parakspu.txt,c719ff67dfe0df145ad8218f40f45ca28d1518e20d9f147f170928197bede6bb,devanagari,continuous,data/representations/gretil/devanagari/continuous/4_rellit/saiva/parakspu.txt,e549c03c73d2e49cf1fae0f38295ae0f82e350f36691b0432e8a6c9997537e18,129676,43936,843,,,0,
9c515ca46ad8f9fca7e879c0a1617207bf5ccf3df21930aaa0995227c3942c40,4_rellit/saiva/pasupspu.txt,3494910d97c49b423a4ccc6db32f45534c38c0775b0bd154375ae3b7b2b04989,devanagari,continuous,data/representations/gretil/devanagari/continuous/4_rellit/saiva/pasupspu.txt,51fed316c5920fc408f634d35cf31cfd6b3b6ea6bfc34c50bef3fd7ada7bec56,8252,2970,329,,,0,
9c515ca46ad8f9fca7e879c0a1617207bf5ccf3df21930aaa0995227c3942c40,4_rellit/saiva/sivsutru.txt,0cd25ecbe4562592dbf142327468b2f115ea6403e54d67716402f2cce4ef3b8c,devanagari,continuous,data/representations/gretil/devanagari/continuous/4_rellit/saiva/sivsutru.txt,58fc26c21223589ff79cf34c717e911f2b3e313fd664b2d83ae269bfe2550e65,96152,33264,1817,,,0,
9c515ca46ad8f9fca7e879c0a1617207bf5ccf3df21930aaa0995227c3942c40,4_rellit/saiva/svact_pu.txt,f8436cd190e567e9e7a3f60ca3e878fe04ccbddc086225646dfc167656dec7f6,devanagari,continuous,data/representations/gretil/devanagari/continuous/4_rellit/saiva/svact_pu.txt,d3c6d37e29d7a8e5d332daa39a3f6c65123fc6ca26e6817598add07b3932f6cf,847316,292406,14855,,,0,
9c515ca46ad8f9fca7e879c0a1617207bf5ccf3df21930aaa0995227c3942c40,4_rellit/saiva/todaltpu.txt,f0663b175ec060d5f92b1e773440207b0a2134a501ffba74b915d46a6b4c1860,devanagari,continuous,data/representations/gretil/devanagari/continuous/4_rellit/saiva/todaltpu.txt,22e5497536ffc6328ea711b90a253411c0264a365581539fca552851cfaa7ef5,91868,31782,1715,,,0,
9c515ca46ad8f9fca7e879c0a1617207bf5ccf3df21930aaa0995227c3942c40,4_rellit/saiva/vinst_pu.txt,6467f80db4d0931397e1578a65343e3ba1af04ceb04239d6da5a3516c1ad7aad,devanagari,continuous,data/representations/gretil/devanagari/continuous/4_rellit/saiva/vinst_pu.txt,d3cbd1df7d309e0048d13f9dc1a6f5c7e8fea1f0dcca85ce5bd6e194cc289d93,93292,32214,1653,,,0,
9c515ca46ad8f9fca7e879c0a1617207bf5ccf3df21930aaa0995227c3942c40,4_rellit/vaisn/astavgpu.txt,becaa71a5ae25b22d5e6c7263f62476e4d5c28c91d0cee418405b2d91810199b,devanagari,continuous,data/representations/gretil/devanagari/continuous/4_rellit/vaisn/astavgpu.txt,87681df3e1c7764768166c3bde8aac104572de19b8e3b48eeabdbd341a313a1a,67692,23392,1235,,,0,
9c515ca46ad8f9fca7e879c0a1617207bf5ccf3df21930aaa0995227c3942c40,4_rellit/vaisn/hbhvil_u.txt,d84304eb9231052befaee1a04f3cfde3554cd9dddb8e474505b865312d19dedd,devanagari,continuous,data/representations/gretil/devanagari/continuous/4_rellit/vaisn/hbhvil_u.txt,1b44d5effc9adcf14f74d4bed6eb7e7ecb602e9aef5adf65fe67e7d50d35234c,1203830,417242,23599,,,0,
9c515ca46ad8f9fca7e879c0a1617207bf5ccf3df21930aaa0995227c3942c40,4_rellit/vaisn/satvtanu.txt,f6bea6ab41ccaa1746e183a437edaf0079c9ea58a916839c08b56dddeace174a,devanagari,continuous,data/representations/gretil/devanagari/continuous/4_rellit/vaisn/satvtanu.txt,4864787edc9b710992a53debec95547a1b8a4d6c22fe0cbf775948a1211a82cd,170089,58633,2897,,,0,
9c515ca46ad8f9fca7e879c0a1617207bf5ccf3df21930aaa0995227c3942c40,4_rellit/vaisn/ss1_tatu.txt,61329ad342e593a76004d808eea37362ed89a71052a9f3a8c33edc0e4ce59acf,devanagari,continuous,data/representations/gretil/devanagari/continuous/4_rellit/vaisn/ss1_tatu.txt,2a59b8d82b6f77b1850762908a95701ec0090c53f6b4c37935af60ceb4444b02,248262,85822,3465,,,0,
9c515ca46ad8f9fca7e879c0a1617207bf5ccf3df21930aaa0995227c3942c40,4_rellit/vaisn/ss2_bhgu.txt,930b1850494361f22ed792b2823698df2795c9121fd87f5623212abf82ba7495,devanagari,continuous,data/representations/gretil/devanagari/continuous/4_rellit/vaisn/ss2_bhgu.txt,ad5f19420095eb0bdb469cd8c6a4abce2f47afbe84390c7556527b6a6d0b866f,629751,218167,9848,,,0,
9c515ca46ad8f9fca7e879c0a1617207bf5ccf3df21930aaa0995227c3942c40,4_rellit/vaisn/ss3_paru.txt,3ea3fe27e094f3632fa09d5017dd462763637adbb8d53038d21cb28d6d56f502,devanagari,continuous,data/representations/gretil/devanagari/continuous/4_rellit/vaisn/ss3_paru.txt,580ca527d0ff37d03e669f13af5b24af93f5d5d664321e38dcc2b4134977ee51,405108,140202,6333,,,0,
9c515ca46ad8f9fca7e879c0a1617207bf5ccf3df21930aaa0995227c3942c40,4_rellit/vaisn/ss4_krsu.txt,2b7d5e54be724639a5507b3dc402e44a78cb69c5e93ced17166c195994708435,devanagari,continuous,data/representations/gretil/devanagari/continuous/4_rellit/vaisn/ss4_krsu.txt,1918046b3bf58c061014f5a2fd9d0cdc23f201f8db1805390993db6ba6f91fb1,608511,210363,9116,,,0,
9c515ca46ad8f9fca7e879c0a1617207bf5ccf3df21930aaa0995227c3942c40,4_rellit/vaisn/ss5_bhku.txt,1db299075aae62f89de922e6fe552fec2e18e2cc85d74a4e857fb45e3e9c9b1f,devanagari,continuous,data/representations/gretil/devanagari/continuous/4_rellit/vaisn/ss5_bhku.txt,578bf1102a5c73e858219abdc4702a3fe558dd52c5fde5f7afd7e6d5330357b2,950812,329354,15052,,,0,
9c515ca46ad8f9fca7e879c0a1617207bf5ccf3df21930aaa0995227c3942c40,4_rellit/vaisn/ss6_priu.txt,cbcceda77a80116c1c49574e51d0c834cb42d96acc84bbbd7e373905e28daf60,devanagari,continuous,data/representations/gretil/devanagari/continuous/4_rellit/vaisn/ss6_priu.txt,be4f742a471c2cf7d169eb383b7bc6bb433f5c346a9fe59b6f25f8f5fc979504,916690,317936,14547,,,0,
9c515ca46ad8f9fca7e879c0a1617207bf5ccf3df21930aaa0995227c3942c40,4_rellit/vaisn/vaimp__u.txt,c7179c52ddf792fb72181179d3d923d354b0966c1eb08abee8fe8ae2cb14e9ab,devanagari,continuous,data/representations/gretil/devanagari/continuous/4_rellit/vaisn/vaimp__u.txt,3836d8ca961ed6da51fd592bbe988fff8cc0a332d58cac91119e977328a7129e,514172,180584,13703,,,0,
9c515ca46ad8f9fca7e879c0a1617207bf5ccf3df21930aaa0995227c3942c40,4_rellit/vaisn/yamcatpu.txt,1f4047944fbd4f1eaa71e7535635ebd7fa78adf149fa6c889c9c04d67a3e24b2,devanagari,continuous,data/representations/gretil/devanagari/continuous/4_rellit/vaisn/yamcatpu.txt,b88631dcecc5eec5dda9de989863b101c10bc5f9b837b36784102a7175d17ea6,2051,695,15,,,0,
9c515ca46ad8f9fca7e879c0a1617207bf5ccf3df21930aaa0995227c3942c40,4_rellit/vaisn/yamsr_pu.txt,b86cecd0914f726732d2ee8aa0e828d39c2118e7b029db187946138c16f1c230,devanagari,continuous,data/representations/gretil/devanagari/continuous/4_rellit/vaisn/yamsr_pu.txt,1ba0226047252366f41e106f4f1b36c69c9a92f1df6a8fddf97d013888791d1b,20424,6988,253,,,0,
9c515ca46ad8f9fca7e879c0a1617207bf5ccf3df21930aaa0995227c3942c40,5_poetry/1_chandas/jvrtmspu.txt,10d6fd17650371fd98627577806ebc7044f072a67ff8122c7fbe348a911577f0,devanagari,continuous,data/representations/gretil/devanagari/continuous/5_poetry/1_chandas/jvrtmspu.txt,e5884d1278458ab5e9afcb4ce7f3aaf17f4dc499f0c9076a92028c111843aa17,51205,17499,637,,,0,
9c515ca46ad8f9fca7e879c0a1617207bf5ccf3df21930aaa0995227c3942c40,5_poetry/1_chandas/kedvratu.txt,396f82413edc8556c7c8f95e973cac99487805dde286e40b19aaeb742f04233f,devanagari,continuous,data/representations/gretil/devanagari/continuous/5_poetry/1_chandas/kedvratu.txt,0a492e2fff309a85b713ff0f94fec41b1e8af6957a333e28635f3b4c2305179e,32007,11085,621,,,0,
9c515ca46ad8f9fca7e879c0a1617207bf5ccf3df21930aaa0995227c3942c40,5_poetry/1_chandas/kvrtrsuu.txt,9cb36dc9529accab6d7e34f7e890d75cdbd5aa789cb808d1f1826eb303cd3d8d,devanagari,continuous,data/representations/gretil/devanagari/continuous/5_poetry/1_chandas/kvrtrsuu.txt,8a110335797d3ae0a31ab57832c30ce5086ca23adda8f86b9bd10ef99887c280,200498,68936,2565,,,0,
9c515ca46ad8f9fca7e879c0a1617207bf5ccf3df21930aaa0995227c3942c40,5_poetry/1_natya/bharnatu.txt,0b7999fcca63fa954f2a4ed9cbb18bb7dfd3ce3c6f0a1e94e26735273fb00ef4,devanagari,continuous,data/representations/gretil/devanagari/continuous/5_poetry/1_natya/bharnatu.txt,3327f993ce0027c65bc747bbbe7190cd5e7526b031d748fb0ef669ce1f13d8e7,1079743,372235,18441,,,0,
9c515ca46ad8f9fca7e879c0a1617207bf5ccf3df21930aaa0995227c3942c40,5_poetry/1_natya/dhandasu.txt,7602c481f80527f39bf3ea763bf1fb0a0a32612c2c958b67786286105eb30c89,devanagari,continuous,data/representations/gretil/devanagari/continuous/5_poetry/1_natya/dhandasu.txt,e9fcc090fa959938b78fce086ff6375afda625d0ad85af1afe8ca227f9bf8c78,73955,25495,1263,,,0,
9c515ca46ad8f9fca7e879c0a1617207bf5ccf3df21930aaa0995227c3942c40,5_poetry/2_kavya/akadambu.txt,3d8c25edc06672c908d25e1858b2a42e58507caa08d2afa54fb44022743fd872,devanagari,continuous,data/representations/gretil/devanagari/continuous/5_poetry/2_kavya/akadambu.txt,98d9a05146a539c18c8cdbd23d3ec1e2b3355a345baaa9c9617c5ace9d3af0b4,204498,70548,3573,,,0,
9c515ca46ad8f9fca7e879c0a1617207bf5ccf3df21930aaa0995227c3942c40,5_poetry/2_kavya/amaru_u.txt,7e27ff346025e7171b9055cdcc904129e1bf7adb75019103d7514cb1a53db959,devanagari,continuous,data/representations/gretil/devanagari/continuous/5_poetry/2_kavya/amaru_u.txt,344d28948cc548cbfc171aee1944acfa12cdaa2616c40c6fb69f285eb436f8a5,111951,38557,1846,,,0,
9c515ca46ad8f9fca7e879c0a1617207bf5ccf3df21930aaa0995227c3942c40,5_poetry/2_kavya/asvbuc2u.txt,d9789f28b4dd80704e59af97af25cd888f9ab1566576ebb290347179d502f2b3,devanagari,continuous,data/representations/gretil/devanagari/continuous/5_poetry/2_kavya/asvbuc2u.txt,e85f3c791ced8944e56167f701bd617d6853383df73288567eb8201b632b88c1,293086,100478,4161,,,0,
9c515ca46ad8f9fca7e879c0a1617207bf5ccf3df21930aaa0995227c3942c40,5_poetry/2_kavya/asvsau2u.txt,c68e0c6f9e6454e7d56611e0e4242fd99c7a90965c0315af12b8e11946000b82,devanagari,continuous,data/representations/gretil/devanagari/continuous/5_poetry/2_kavya/asvsau2u.txt,44defb84eb15b4298fc26c64ae65d7797692ed0598d1b6ebc95c40eb55852f6f,297188,102024,4439,,,0,
9c515ca46ad8f9fca7e879c0a1617207bf5ccf3df21930aaa0995227c3942c40,5_poetry/2_kavya/bhakirpu.txt,6caef04704607f623cf18b721ce0b69bd4d42ffc9a86afbd5ee84b4ff3050258,devanagari,continuous,data/representations/gretil/devanagari/continuous/5_poetry/2_kavya/bhakirpu.txt,c6e5c4330fada3947d3904af1b5b0d5cf07177566ceec2a1b1ad66e697771bdc,294872,101092,4159,,,0,
9c515ca46ad8f9fca7e879c0a1617207bf5ccf3df21930aaa0995227c3942c40,5_poetry/2_kavya/bhattiku.txt,f4557da63b872174ac7e1592da4d6cfced46a8cefb2952f694137df4cdd670ce,devanagari,continuous,data/representations/gretil/devanagari/continuous/5_poetry/2_kavya/bhattiku.txt,cddb499d65c3ce6f56843b45ff65a87c99c901df13f3112db93cf5351b00f545,403376,139470,6437,,,0,
9c515ca46ad8f9fca7e879c0a1617207bf5ccf3df21930aaa0995227c3942c40,5_poetry/2_kavya/bicauppu.txt,0c8a8f9eea6c0d8913e87014e5dae59750b80759b30229e0e5b526bf29037994,devanagari,continuous,data/representations/gretil/devanagari/continuous/5_poetry/2_kavya/bicauppu.txt,c052b90e28a51ec0d6bfeaea3e5d2486af27ea820bac71265d54611ebf09fe50,18405,6271,203,,,0,
9c515ca46ad8f9fca7e879c0a1617207bf5ccf3df21930aaa0995227c3942c40,5_poetry/2_kavya/dandkc_u.txt,ddd3682c3134abe7552231f1e58aee7b291dcb9ffef98d682922f181f64eac01,devanagari,continuous,data/representations/gretil/devanagari/continuous/5_poetry/2_kavya/dandkc_u.txt,c21705edcbf7e790832c36b98ff3873dd7642c898a5035515f5590a82ba6004b,567903,192995,4299,,,0,
9c515ca46ad8f9fca7e879c0a1617207bf5ccf3df21930aaa0995227c3942c40,5_poetry/2_kavya/jaygit2u.txt,b332ad6d14a53dda127cf04ca2adfd803991d5b0d58f474c709eb27850db473f,devanagari,continuous,data/representations/gretil/devanagari/continuous/5_poetry/2_kavya/jaygit2u.txt,b5a873c8d4eed881d4b050d895043a11b2d597362f0ddd070b86efdf015b867a,87585,30189,1441,,,0,
9c515ca46ad8f9fca7e879c0a1617207bf5ccf3df21930aaa0995227c3942c40,5_poetry/2_kavya/kakumspu.txt,94f8f3d8ba63d475cc0c6b2817716954fec8bfedff8936e37b49e6681856ff2a,devanagari,continuous,data/representations/gretil/devanagari/continuous/5_poetry/2_kavya/kakumspu.txt,a84d73e0e603aad5c47b1131c7b1541add3770fdc9351e1fd0bb36b681039224,168706,57874,2451,,,0,
9c515ca46ad8f9fca7e879c0a1617207bf5ccf3df21930aaa0995227c3942c40,5_poetry/2_kavya/kalrs_pu.txt,218feb599f4bb546c61e3776103f2912805b214d87b5cea9b1295769c97e9cd8,devanagari,continuous,data/representations/gretil/devanagari/continuous/5_poetry/2_kavya/kalrs_pu.txt,92a68a8d0dd2b0dc179011c08ed3fe3fdd79060ef1bc5d5fbfb071435b5d1316,54373,18553,643,,,0,
9c515ca46ad8f9fca7e879c0a1617207bf5ccf3df21930aaa0995227c3942c40,5_poetry/2_kavya/kmeghdpu.txt,d54a3500b02810941e255c692556973ce1e8443faa145ece5d6597121cfa7002,devanagari,continuous,data/representations/gretil/devanagari/continuous/5_poetry/2_kavya/kmeghdpu.txt,f50c217ecc521545e21f6b5bed9b35400dbc6ec827fc79be5183e7a53675eed5,51458,17450,445,,,0,
9c515ca46ad8f9fca7e879c0a1617207bf5ccf3df21930aaa0995227c3942c40,5_poetry/2_kavya/kragh_pu.txt,871d481e98eb4f5cceeacce49e137c1339c8d672606e0a075e639251cc4a5b8a,devanagari,continuous,data/representations/gretil/devanagari/continuous/5_poetry/2_kavya/kragh_pu.txt,1dd157349c4493ab30d0746027abcd8b3ea46de4637c83f5bdd82beeac6e4049,444610,152568,6547,,,0,
9c515ca46ad8f9fca7e879c0a1617207bf5ccf3df21930aaa0995227c3942c40,5_poetry/2_kavya/maghspvu.txt,7e4d857e547b3badda8047b6b19400ee93369468ed4db113b5516f9ad3c7daa0,devanagari,continuous,data/representations/gretil/devanagari/continuous/5_poetry/2_kavya/maghspvu.txt,b1bfc294958b4f2d4fc238abd3c1dd6f6534cf1a7e72de216be5d5abe70ad1db,475562,162908,6579,,,0,
9c515ca46ad8f9fca7e879c0a1617207bf5ccf3df21930aaa0995227c3942c40,5_poetry/2_kavya/nkalivpu.txt,b55aa0878824496f266d2461be73af96badf8fb098dd833bdaec78975c0be87b,devanagari,continuous,data/representations/gretil/devanagari/continuous/5_poetry/2_kavya/nkalivpu.txt,d236da33e5e30c8fc29fff6479c3a2524eadd487c7c6ef5a73ed2a33a766bbbe,24015,8289,425,,,0,
9c515ca46ad8f9fca7e879c0a1617207bf5ccf3df21930aaa0995227c3942c40,5_poetry/2_kavya/padnscpu.txt,77b0fc4cf11d7e35ca7ef4e7ff53c01fbdc6a456c783ae638c3d4ccedcd075b3,devanagari,continuous,data/representations/gretil/devanagari/continuous/5_poetry/2_kavya/padnscpu.txt,e353ddc732d90a90d65be6b5d4428a1bec22870239a22b17436800a1f2905463,432769,149007,6575,,,0,
9c515ca46ad8f9fca7e879c0a1617207bf5ccf3df21930aaa0995227c3942c40,5_poetry/2_kavya/ramodtpu.txt,e4b7f34f86587b3236e6a1b0b6f1a0968e5ad2ef7d270cc46dfd818daca8fca1,devanagari,continuous,data/representations/gretil/devanagari/continuous/5_poetry/2_kavya/ramodtpu.txt,3f204585f4238a83b4e5b01fd75ded6a5060acf9a45dc46835a34b28e888f618,49421,17071,895,,,0,
9c515ca46ad8f9fca7e879c0a1617207bf5ccf3df21930aaa0995227c3942c40,5_poetry/4_narr/brkas_pu.txt,1bbead87e3d2d02b58a793c5fba9b6a74941dc5ec7dd688ae2f59896d3143a38,devanagari,continuous,data/representations/gretil/devanagari/continuous/5_poetry/4_narr/brkas_pu.txt,a14bd101e46336a71f8b5d2fcd433c32b169d0c6846c42652fbd6e90b3e5b526,1046495,367167,18141,,,0,
9c515ca46ad8f9fca7e879c0a1617207bf5ccf3df21930aaa0995227c3942c40,5_poetry/4_narr/hitop_u.txt,bb68c22d2e6b2161837554abf41635202bddef131e5bb107e19e386d39626254,devanagari,continuous,data/representations/gretil/devanagari/continuous/5_poetry/4_narr/hitop_u.txt,50c574fa3bb6be6049c1a256ca73336d47c5a15e4ee698d13ee89c91ac0c1f63,394677,136041,5218,,,0,
9c515ca46ad8f9fca7e879c0a1617207bf5ccf3df21930aaa0995227c3942c40,5_poetry/4_narr/sokss_pu.txt,eb9a1b26778358dfa764229e579d378c98ff84731efb929f64588f5d0abc170d,devanagari,continuous,data/representations/gretil/devanagari/continuous/5_poetry/4_narr/sokss_pu.txt,5cc09bb50617a0e118dd7b7c8c03a2b4c18e62627e39ce42ab3241bd7ebbcbe4,4991170,1721576,86751,,,0,
9c515ca46ad8f9fca7e879c0a1617207bf5ccf3df21930aaa0995227c3942c40,5_poetry/4_narr/ttrkhy1u.txt,0f78147713bbfc8eb982b2b9637986d058b5e49f515db61502e15fcf45a67cac,devanagari,continuous,data/representations/gretil/devanagari/continuous/5_poetry/4_narr/ttrkhy1u.txt,314fe5e1903d06b0cb00b4264989f35f49dfc2a57a2ab6ed6ec1838155d46ad6,78943,27509,1671,,,0,
9c515ca46ad8f9fca7e879c0a1617207bf5ccf3df21930aaa0995227c3942c40,5_poetry/4_narr/ttrkhy2u.txt,8b4f8111e685633189c9ede1b3c70666f1583bec5be408aff7e26f86b30e4459,devanagari,continuous,data/representations/gretil/devanagari/continuous/5_poetry/4_narr/ttrkhy2u.txt,0520776fbd43c18db9a081667895712b76eb954f050e0339dd27ff78cc52bc94,55726,19434,1207,,,0,
9c515ca46ad8f9fca7e879c0a1617207bf5ccf3df21930aaa0995227c3942c40,5_poetry/5_subhas/bharst_u.txt,d0bacd909d66966539730010b59d42f07bb2bac733c9296570a865f1ba52f666,devanagari,continuous,data/representations/gretil/devanagari/continuous/5_poetry/5_subhas/bharst_u.txt,cee9b91f8bbec39003cde346c18d5a668eb393d33e58dd8af0f5bd7dabbed19f,133696,46232,2499,,,0,
9c515ca46ad8f9fca7e879c0a1617207bf5ccf3df21930aaa0995227c3942c40,5_poetry/5_subhas/ksdarppu.txt,8b0904d366ebb5a25ce83ff0b6e9ac1bb14c430e657fedb916f25f67d89f1c8e,devanagari,continuous,data/representations/gretil/devanagari/continuous/5_poetry/5_subhas/ksdarppu.txt,eaf1c7885c8e221a4c84dcc6c7717c51ae4538b7f44438f35fa12d9216287f93,150635,51887,2395,,,0,
9c515ca46ad8f9fca7e879c0a1617207bf5ccf3df21930aaa0995227c3942c40,5_poetry/5_subhas/msubhs_u.txt,a41a044d39ca4796548b6cb34bad568861a9a9199e77a49cdf700b19c1001bda,devanagari,continuous,data/representations/gretil/devanagari/continuous/5_poetry/5_subhas/msubhs_u.txt,0bbc45f7fd475a511cdb67ff677a05ddd3c381c9214443882791b45851e1836b,3085036,1056276,40771,,,0,
9c515ca46ad8f9fca7e879c0a1617207bf5ccf3df21930aaa0995227c3942c40,5_poetry/5_subhas/valsubhu.txt,fa4788a3b25e76c6300116f7c6278e152c175fd6d5441053f846cc985b1c5e2a,devanagari,continuous,data/representations/gretil/devanagari/continuous/5_poetry/5_subhas/valsubhu.txt,a7b7ea998f8776505eb70eae556657804c76ca3f0963d3dfba93b8fe59237536,359774,124384,6677,,,0,
9c515ca46ad8f9fca7e879c0a1617207bf5ccf3df21930aaa0995227c3942c40,5_poetry/5_subhas/vidsrgpu.txt,8f508110e6e43034bfd4162b3a7ecc5d9fa3f8f2d5d2513c5199777985a32f79,devanagari,continuous,data/representations/gretil/devanagari/continuous/5_poetry/5_subhas/vidsrgpu.txt,baa329d05788dd1d50243b6d10653d181b68cc3bbf10701376dafb374ba12285,762335,260401,9079,,,0,
9c515ca46ad8f9fca7e879c0a1617207bf5ccf3df21930aaa0995227c3942c40,5_poetry/6_hist/jonart_pu.txt,12e61ef70de2c6b4ba3b74bf2caa4a19089dc8a0aed543d8404bc14b94e24a29,devanagari,continuous,data/representations/gretil/devanagari/continuous/5_poetry/6_hist/jonart_pu.txt,d9c602363afe0e6cd402096d3159a3ccbf64a16d636e9cd528b7490d80f8f5ed,313111,107931,5335,,,0,
9c515ca46ad8f9fca7e879c0a1617207bf5ccf3df21930aaa0995227c3942c40,6_sastra/3_phil/buddh/nagmmk_u.txt,eac4ef20356fb616942be13bf672b0f0c2f5c64d049d781723124475e4a7a9e0,devanagari,continuous,data/representations/gretil/devanagari/continuous/6_sastra/3_phil/buddh/nagmmk_u.txt,d153a6d896dc78724b7d71cf4b04735c1a8c9c9c0345a1bc322cc2623c1bef69,98439,34007,1791,,,0,
9c515ca46ad8f9fca7e879c0a1617207bf5ccf3df21930aaa0995227c3942c40,6_sastra/3_phil/buddh/nagvigvu.txt,2e52aaa7d8730fccf3dfc1d9d7a9d6b8855850a6970ed6cba588333822407648,devanagari,continuous,data/representations/gretil/devanagari/continuous/6_sastra/3_phil/buddh/nagvigvu.txt,4bee350a00138ca55672a5d939e10b28ad988aa5586b374e15b1cc167ee8b44b,96464,32906,665,,,0,
9c515ca46ad8f9fca7e879c0a1617207bf5ccf3df21930aaa0995227c3942c40,6_sastra/3_phil/buddh/nrat_1_u.txt,35ca54961a3941c0cd9a454b6a479b25e920180fdd3814ecbd4aea573dea90cf,devanagari,continuous,data/representations/gretil/devanagari/continuous/6_sastra/3_phil/buddh/nrat_1_u.txt,930e0eb305aa398b196172517dfefc99ff3062b84ed785c3a31048159601dc83,17810,6144,310,,,0,
9c515ca46ad8f9fca7e879c0a1617207bf5ccf3df21930aaa0995227c3942c40,6_sastra/3_phil/buddh/nrat_2_u.txt,e96e56d6654976b5caba1416a46303c60e177b0d6be6e1b66fc3f4c8d42ac908,devanagari,continuous,data/representations/gretil/devanagari/continuous/6_sastra/3_phil/buddh/nrat_2_u.txt,5896e2f3b40db2bce09968d159cff74a118d57f364e4a496d8733bb5dd680814,10477,3615,184,,,0,
9c515ca46ad8f9fca7e879c0a1617207bf5ccf3df21930aaa0995227c3942c40,6_sastra/3_phil/buddh/nrat_4_u.txt,4c90fdbd66b952d202c2fcec7d0b83e9c46639aa3078e42f7494635d404a549d,devanagari,continuous,data/representations/gretil/devanagari/continuous/6_sastra/3_phil/buddh/nrat_4_u.txt,dfcfea058533967500b9a1af43c8ece106b783ad141c0e0a4ba45dccda0c4b6c,23514,8106,402,,,0,
9c515ca46ad8f9fca7e879c0a1617207bf5ccf3df21930aaa0995227c3942c40,6_sastra/3_phil/buddh/pramanvu.txt,006c6140dc13e5dfeb5983a46fd247ad85f3d8cf3b3f47df0f282d654bdef914,devanagari,continuous,data/representations/gretil/devanagari/continuous/6_sastra/3_phil/buddh/pramanvu.txt,da41710bef3dfb76d51112c8a26c84756a5fec9b2450cfac35c2f7c330281735,337003,116209,5811,,,0,
9c515ca46ad8f9fca7e879c0a1617207bf5ccf3df21930aaa0995227c3942c40,6_sastra/3_phil/buddh/santbcpu.txt,e413ae132a506e49c446aa4142745d907772377d43571f848f7ce503a93aa61c,devanagari,continuous,data/representations/gretil/devanagari/continuous/6_sastra/3_phil/buddh/santbcpu.txt,ec4a372d317e191d57815102e9cabbd7ea07c6a7eeffbebd1710e2e4fc03cd8d,215582,74324,3691,,,0,
9c515ca46ad8f9fca7e879c0a1617207bf5ccf3df21930aaa0995227c3942c40,6_sastra/3_phil/buddh/vakobhau.txt,40abee07c1566de34715073e4d007622bd5f714e32b2faa3f85cba682b8a3b70,devanagari,continuous,data/representations/gretil/devanagari/continuous/6_sastra/3_phil/buddh/vakobhau.txt,1fe5374318e28e0591ab2a9f88ecbe03de8ba8f6f79f3d03c37d0e2d262e978d,1885311,649467,31509,,,0,
9c515ca46ad8f9fca7e879c0a1617207bf5ccf3df21930aaa0995227c3942c40,6_sastra/3_phil/mimamsa/jaimsutu.txt,7cf06b6b538be1270ff995f3fed3e718134476239b1fe3cbe1ed20256ae63f5c,devanagari,continuous,data/representations/gretil/devanagari/continuous/6_sastra/3_phil/mimamsa/jaimsutu.txt,35fd11bd5c7ff5f31e100ffbe644534602c07759f60691e1ad73211055676d56,276641,95847,5449,,,0,
9c515ca46ad8f9fca7e879c0a1617207bf5ccf3df21930aaa0995227c3942c40,6_sastra/3_phil/nyaya/antarkpu.txt,68d89a938255dcf4f68cab584e3c40a4a2ee2e8b07599214e90687ddc130360a,devanagari,continuous,data/representations/gretil/devanagari/continuous/6_sastra/3_phil/nyaya/antarkpu.txt,661d1dae340e0d6ac08d21ae5739f3127c19f7c1607b48c7ce67ceb5a9611ade,32462,11094,169,,,0,
9c515ca46ad8f9fca7e879c0a1617207bf5ccf3df21930aaa0995227c3942c40,6_sastra/3_phil/nyaya/gaunys_u.txt,d748011af50425faa9c8dff897a301274e7ad24e31635a46070464f6bb41491b,devanagari,continuous,data/representations/gretil/devanagari/continuous/6_sastra/3_phil/nyaya/gaunys_u.txt,d41e7d2e03b7732641258fa086db663d96119b55a3111076d3d1275ef2bc6936,67145,23271,1249,,,0,
9c515ca46ad8f9fca7e879c0a1617207bf5ccf3df21930aaa0995227c3942c40,6_sastra/3_phil/saiva/paratriu.txt,c8d460fcc33b840610a7889bc76bdffb895839ca39ec158afde11e75de59d1b6,devanagari,continuous,data/representations/gretil/devanagari/continuous/6_sastra/3_phil/saiva/paratriu.txt,49023ba9a096ed024bf75ecca4111960436605460c60f4c6a229410d3ab345e1,8543,2949,149,,,0,
9c515ca46ad8f9fca7e879c0a1617207bf5ccf3df21930aaa0995227c3942c40,6_sastra/3_phil/saiva/parmartu.txt,66f293b1b064110fbc21b3aa99a600067eeaba63e62a315aaccf238a7b581d72,devanagari,continuous,data/representations/gretil/devanagari/continuous/6_sastra/3_phil/saiva/parmartu.txt,31ac4a16788145b63ebeb2821da9512d433658fd76fc3fe9512b1d2356a76072,25894,8920,421,,,0,
9c515ca46ad8f9fca7e879c0a1617207bf5ccf3df21930aaa0995227c3942c40,6_sastra/3_phil/saiva/pratyabu.txt,9fb07fd54562710fe5ccce055be41700676ffc70e4239589eb929fa5c74c5f91,devanagari,continuous,data/representations/gretil/devanagari/continuous/6_sastra/3_phil/saiva/pratyabu.txt,150e72016208e0e039084fa60791ed3d88b6d8336c0e4e27362aed9a81342c7a,77440,26708,1180,,,0,
9c515ca46ad8f9fca7e879c0a1617207bf5ccf3df21930aaa0995227c3942c40,6_sastra/3_phil/saiva/tantralu.txt,9a66b8bb0de31ffcc4f2b9725db9864ba854259f92a97cd48beb9f8cc67d6b6a,devanagari,continuous,data/representations/gretil/devanagari/continuous/6_sastra/3_phil/saiva/tantralu.txt,ffbedf7d5b1dc658e7cdf7f333efa139aa4e5d4f6ce32d318011efbb936559d5,1383317,476701,23391,,,0,
9c515ca46ad8f9fca7e879c0a1617207bf5ccf3df21930aaa0995227c3942c40,6_sastra/3_phil/samkhya/isvskaru.txt,3c8802b2f399b2871e0a8839a838d41c988a8ba6f2217ff20c2285c8d573200a,devanagari,continuous,data/representations/gretil/devanagari/continuous/6_sastra/3_phil/samkhya/isvskaru.txt,89e258baa343e6524051099a5dda875ae5657a1b1483051adabd9161a6e27cc0,17653,6115,294,,,0,
9c515ca46ad8f9fca7e879c0a1617207bf5ccf3df21930aaa0995227c3942c40,6_sastra/3_phil/vaisesik/vaissu1u.txt,b0d87dcc4fa7941be49056cedcd97c3c3fd5e449790185a9e1f3cd5b431b06c4,devanagari,continuous,data/representations/gretil/devanagari/continuous/6_sastra/3_phil/vaisesik/vaissu1u.txt,c3896b1cf9726a212bbe3a6a13b83cb8d28b257f6471500aa9c6f361f34b8257,36539,12695,767,,,0,
9c515ca46ad8f9fca7e879c0a1617207bf5ccf3df21930aaa0995227c3942c40,6_sastra/3_phil/vedanta/brahmsuu.txt,947e7eff1dcbb392fd7e620022aacab0e8aac50c823680d975c1ea623984232c,devanagari,continuous,data/representations/gretil/devanagari/continuous/6_sastra/3_phil/vedanta/brahmsuu.txt,d83b6effcc0561f9dfbd1df6ce7d348a04cf518715c014ef4c55bc79a12321d5,43056,15078,1089,,,0,
9c515ca46ad8f9fca7e879c0a1617207bf5ccf3df21930aaa0995227c3942c40,6_sastra/3_phil/vedanta/gaukarpu.txt,e9b4187c0e9bb9f0da43034f0eeffd5398a9d9fedf5e9fc95da4d95830018599,devanagari,continuous,data/representations/gretil/devanagari/continuous/6_sastra/3_phil/vedanta/gaukarpu.txt,c2cea020143dc15b1ed3c4c53fc13382886b9624aa49591bf4a3ac48f55c5d7a,48243,16681,885,,,0,
9c515ca46ad8f9fca7e879c0a1617207bf5ccf3df21930aaa0995227c3942c40,6_sastra/3_phil/vedanta/samkupad_u.txt,0edf71282eeee5779c7c2e344c541b76ec8eb9cb7f0234cd4471c16b9b9092b8,devanagari,continuous,data/representations/gretil/devanagari/continuous/6_sastra/3_phil/vedanta/samkupad_u.txt,9c84471cf949e238b92017d99e9035202cd1600294d2cb786546ab88d3d292e9,253813,87017,2971,,,0,
9c515ca46ad8f9fca7e879c0a1617207bf5ccf3df21930aaa0995227c3942c40,6_sastra/3_phil/vedanta/yamgaspu.txt,94ffb64e2e5de07e24a350e5b5e7221fd4a7419321c85276634f18d6d16916a5,devanagari,continuous,data/representations/gretil/devanagari/continuous/6_sastra/3_phil/vedanta/yamgaspu.txt,4f41d4eb3ba25c2e828f8adcec302acfd956341655209f8e9d7e149d432cc837,7765,2673,127,,,0,
9c515ca46ad8f9fca7e879c0a1617207bf5ccf3df21930aaa0995227c3942c40,6_sastra/3_phil/vedanta/yamis_pu.txt,21b91e8344d3380f86d5e4d463007e7d36c5c3f4617e6e83c1a0495ca09472e4,devanagari,continuous,data/representations/gretil/devanagari/continuous/6_sastra/3_phil/vedanta/yamis_pu.txt,ec8db95b313e694ec259d2fe442ab96d00c89ad104540d640a70d2039f497da6,35590,12058,129,,,0,
9c515ca46ad8f9fca7e879c0a1617207bf5ccf3df21930aaa0995227c3942c40,6_sastra/3_phil/vedanta/yamss_pu.txt,27bed776114f91a024115cc0e6add4e289fb329d6ae238380e7e0c073cb55c84,devanagari,continuous,data/representations/gretil/devanagari/continuous/6_sastra/3_phil/vedanta/yamss_pu.txt,235852003fa0a7f3229fe7560d315147509d7b48097979e4fbcc02b35eb30af3,50043,17335,885,,,0,
9c515ca46ad8f9fca7e879c0a1617207bf5ccf3df21930aaa0995227c3942c40,6_sastra/3_phil/yoga/ghers__u.txt,a1089ce9503a91305bbff9c688e11f03cc98372914ff554c9e565f8d9c1453e2,devanagari,continuous,data/representations/gretil/devanagari/continuous/6_sastra/3_phil/yoga/ghers__u.txt,5aaf489ee9a9330ab1baa1fb5d0f4aecd8481364c00d4ee37c2f88f2a4e7eac9,89231,30843,1632,,,0,
9c515ca46ad8f9fca7e879c0a1617207bf5ccf3df21930aaa0995227c3942c40,6_sastra/3_phil/yoga/hathyopu.txt,da632d4f7eb67f94fd82ef791d7e47532564d1d5fb6f59ae8d6ba00b9e804a91,devanagari,continuous,data/representations/gretil/devanagari/continuous/6_sastra/3_phil/yoga/hathyopu.txt,6de641c518f706a02bb522776236e91ce8a80a2d6bc560322cbcd3a3b8c5f57b,96121,33257,1825,,,0,
9c515ca46ad8f9fca7e879c0a1617207bf5ccf3df21930aaa0995227c3942c40,6_sastra/3_phil/yoga/patyog_u.txt,1533d47e0d6a0aa03efa2555272e69b41db9c568888bcde2bcf61d49bdc0c499,devanagari,continuous,data/representations/gretil/devanagari/continuous/6_sastra/3_phil/yoga/patyog_u.txt,16c255fd8bea295b687b3ed00840c41f2d47cb2af7b24dc6bc0c92a2aaed00ef,22400,7726,389,,,0,
9c515ca46ad8f9fca7e879c0a1617207bf5ccf3df21930aaa0995227c3942c40,6_sastra/4_dharma/smrti/angirspu.txt,af5b4411801358aa1f157716ab661de7e1375469606600c495dd622cab25fdf7,devanagari,continuous,data/representations/gretil/devanagari/continuous/6_sastra/4_dharma/smrti/angirspu.txt,e369156c2b1ffd0589cb223efd1f2174bd3af214ab0b1dafb2ed13009ba74694,313054,108146,5677,,,0,
9c515ca46ad8f9fca7e879c0a1617207bf5ccf3df21930aaa0995227c3942c40,6_sastra/4_dharma/smrti/brhasppu.txt,745ee55173781bc1a6bdc8d2022451d64ee335da8c4bf4285b3dc706546815ad,devanagari,continuous,data/representations/gretil/devanagari/continuous/6_sastra/4_dharma/smrti/brhasppu.txt,d5433f1e97c3e828fb6ce67c3331dca98a7b1e74389e4354a5c14a16e2d8a896,292551,100927,5032,,,0,
9c515ca46ad8f9fca7e879c0a1617207bf5ccf3df21930aaa0995227c3942c40,6_sastra/4_dharma/smrti/katy2p_u.txt,1fa81313ad928a4d71216c52d9b5d0494e72bd19457620d08d9f924f745ac6ed,devanagari,continuous,data/representations/gretil/devanagari/continuous/6_sastra/4_dharma/smrti/katy2p_u.txt,b266c6fd52bfe9416f3690f16a3fbd0004566dd44e181aad5a228eae5e5b5a9e,235638,81302,4091,,,0,
9c515ca46ad8f9fca7e879c0a1617207bf5ccf3df21930aaa0995227c3942c40,6_sastra/4_dharma/smrti/manu2p_u.txt,2c8e97ac776925f19f26ca303b9e2f814e209e83892d8aa94dae31c3e1106f37,devanagari,continuous,data/representations/gretil/devanagari/continuous/6_sastra/4_dharma/smrti/manu2p_u.txt,b3dbd65bc3079466432eae0f1a0cfceebad10be54c5ee11f7d80b04138682db5,628169,216567,10751,,,0,
9c515ca46ad8f9fca7e879c0a1617207bf5ccf3df21930aaa0995227c3942c40,6_sastra/4_dharma/smrti/nars2_pu.txt,70baeee71bfae5dbd9081109df78a676723c77f14c118d884038da41f820c228,devanagari,continuous,data/representations/gretil/devanagari/continuous/6_sastra/4_dharma/smrti/nars2_pu.txt,9e64c86fea5f895cb54e7ac1a9053bc15afed58723a92029555de00d28cd97ec,220025,75905,3787,,,0,
9c515ca46ad8f9fca7e879c0a1617207bf5ccf3df21930aaa0995227c3942c40,6_sastra/4_dharma/smrti/pars2_pu.txt,c34a321453dc4ab15e6fc24fbdb0116026ce701b6a4476f63589ea0d10ae97e1,devanagari,continuous,data/representations/gretil/devanagari/continuous/6_sastra/4_dharma/smrti/pars2_pu.txt,850635c489aecb5b4c31ecdac2394e95d3a6f756b60d9c4f31dfc90ac1627b14,135765,46821,2338,,,0,
9c515ca46ad8f9fca7e879c0a1617207bf5ccf3df21930aaa0995227c3942c40,6_sastra/4_dharma/smrti/visnu_pu.txt,db04ecaac1b183d79df7d8e5c135510ef1e50875ec1293f98d2d0c2a860bdec4,devanagari,continuous,data/representations/gretil/devanagari/continuous/6_sastra/4_dharma/smrti/visnu_pu.txt,1f8374b0abcba0a4046af9950876854a3ac0045a8c3edbab4ce60dd8f62a6b6d,326385,113305,6668,,,0,
9c515ca46ad8f9fca7e879c0a1617207bf5ccf3df21930aaa0995227c3942c40,6_sastra/4_dharma/smrti/yajn2_pu.txt,c5b7c3aa61be41e573cda625d90f41addcd0c2091a98e0ce803ee85405dba092,devanagari,continuous,data/representations/gretil/devanagari/continuous/6_sastra/4_dharma/smrti/yajn2_pu.txt,e157ed6cdd1a160218aabe8c855dc8431c8ba08f6a7aa7eabecf3b453495284c,236112,81532,4051,,,0,
9c515ca46ad8f9fca7e879c0a1617207bf5ccf3df21930aaa0995227c3942c40,6_sastra/4_dharma/sutra/baudhd_u.txt,5e57cc0092d2f89ac09cc7684f33c3cad6c92e1b1a996d044eaec23a47636fd0,devanagari,continuous,data/representations/gretil/devanagari/continuous/6_sastra/4_dharma/sutra/baudhd_u.txt,e2bfd6160603fe77b8ac4f9168527fa7217e74a821b529a0b9c38bce0cbbe773,258374,90202,3337,,,0,
9c515ca46ad8f9fca7e879c0a1617207bf5ccf3df21930aaa0995227c3942c40,6_sastra/4_dharma/sutra/gautdh_u.txt,528d04898748f4c31cd7221c0bf249d10c4efaa0e6f449a7cccfba0b37369f0e,devanagari,continuous,data/representations/gretil/devanagari/continuous/6_sastra/4_dharma/sutra/gautdh_u.txt,e10cc8c11e8efd5d0675a2c8cd0b991077a6151d517988c5bf049ca875bdf839,102092,35416,2045,,,0,
9c515ca46ad8f9fca7e879c0a1617207bf5ccf3df21930aaa0995227c3942c40,6_sastra/4_dharma/sutra/vasist_u.txt,19454d06a5a1d2271ab3830f2b4f2c650dbd36892da25bb59bbfdd2e2e65dab3,devanagari,continuous,data/representations/gretil/devanagari/continuous/6_sastra/4_dharma/sutra/vasist_u.txt,4e3139dc9f57c1fe61276c40d613dea7aeca750b13c6b7e5bb045f9c860e1580,171968,59190,2767,,,0,
9c515ca46ad8f9fca7e879c0a1617207bf5ccf3df21930aaa0995227c3942c40,6_sastra/5_artha/kautil_u.txt,03dfc8184435d545f7c52e0ad28ca3e84dfbbf346c8fe5dca9853e3429b758cc,devanagari,continuous,data/representations/gretil/devanagari/continuous/6_sastra/5_artha/kautil_u.txt,4bd6b709a8c65fee5e8884b35e8b91f436ae662afcbe94f12f8685ac35b041a7,1072446,379236,11722,,,0,
9c515ca46ad8f9fca7e879c0a1617207bf5ccf3df21930aaa0995227c3942c40,6_sastra/6_kama/kamasutu.txt,8490f10148eb08efc4cd19631307b8753e72b352bd75ce0b7abc49de1038cb44,devanagari,continuous,data/representations/gretil/devanagari/continuous/6_sastra/6_kama/kamasutu.txt,f775dea5b71b4256e4bd21b2e9ddcf881cb61469ed22aa6138e1a0a10eec5418,341055,117747,3561,,,0,
9c515ca46ad8f9fca7e879c0a1617207bf5ccf3df21930aaa0995227c3942c40,6_sastra/7_ayur/anandk_u.txt,585f5c2a021cb2e0ee6dd72fab4104c0991e972c44adda18485199f2958ee883,devanagari,continuous,data/representations/gretil/devanagari/continuous/6_sastra/7_ayur/anandk_u.txt,f625869f6993736400567fb35a5db11188bbc070e30bd41dae2caec04dd269a3,1449566,501046,26683,,,0,
9c515ca46ad8f9fca7e879c0a1617207bf5ccf3df21930aaa0995227c3942c40,6_sastra/7_ayur/bhavpr_u.txt,16fab679da34e668c123445f439930317b7ae1c163548a7ab2e781caac27b534,devanagari,continuous,data/representations/gretil/devanagari/continuous/6_sastra/7_ayur/bhavpr_u.txt,84a92a588b7a21e553ae23737c7626e7b0c2a9858a637a0f90f82617c48864d4,103101,35577,1809,,,0,
9c515ca46ad8f9fca7e879c0a1617207bf5ccf3df21930aaa0995227c3942c40,6_sastra/7_ayur/caraka_u.txt,e17839c19c9121eeed00982fe87b0ec4ebdc40b0872b8ea48025e78f70d780ed,devanagari,continuous,data/representations/gretil/devanagari/continuous/6_sastra/7_ayur/caraka_u.txt,caf6f462c2c1ba6f4d0859c9241d473fdced1e11eb93dc82e50271f1227fb794,722746,246168,7845,,,0,
9c515ca46ad8f9fca7e879c0a1617207bf5ccf3df21930aaa0995227c3942c40,6_sastra/7_ayur/rasadhpu.txt,6bc9923f1c1db346939f4a334d42ca54302884b25a21a390df1cd875ac759dd1,devanagari,continuous,data/representations/gretil/devanagari/continuous/6_sastra/7_ayur/rasadhpu.txt,ca881b262432f414aa314a9a61dbd47075fc181c960f4e3fc9239ae5b2fd8562,152868,52396,2138,,,0,
9c515ca46ad8f9fca7e879c0a1617207bf5ccf3df21930aaa0995227c3942c40,6_sastra/7_ayur/rasarnpu.txt,6ae73294d18fddfec42ea8b61e55fd125f6c9b7c9583cfe73a14dcade7ab7cc6,devanagari,continuous,data/representations/gretil/devanagari/continuous/6_sastra/7_ayur/rasarnpu.txt,9223ad8f48d90d2083be44dd4aaf8ea0cd1f8bd2221c52cb3f007a5112375436,320439,110733,5759,,,0,
9c515ca46ad8f9fca7e879c0a1617207bf5ccf3df21930aaa0995227c3942c40,6_sastra/7_ayur/vagaah_u.txt,b34c9e7fe92c1c44010e06f1d02567964b8ac12ac0ff6c1b3b5cb5404c93f802,devanagari,continuous,data/representations/gretil/devanagari/continuous/6_sastra/7_ayur/vagaah_u.txt,3ccd51c7da7924ebbfb427e95be33a9cc983d808b71e16ce6930e68453e75217,2113949,730433,38337,,,0,
9c515ca46ad8f9fca7e879c0a1617207bf5ccf3df21930aaa0995227c3942c40,6_sastra/7_ayur/yogasatu.txt,c4d708c28505c692f96c8f38ba02cd6b5ae8f9ec311644fb01f27b4d15c9a6da,devanagari,continuous,data/representations/gretil/devanagari/continuous/6_sastra/7_ayur/yogasatu.txt,eaaa877b1327b1164a7f4d8d1fae8dd2a3d80842b4e516aac0b0f46832e288ec,40319,13791,527,,,0,
9c515ca46ad8f9fca7e879c0a1617207bf5ccf3df21930aaa0995227c3942c40,6_sastra/8_jyot/aryabh_u.txt,4ae78f1f2dde53093584b71c011bb49640b6a0ecec3e96609ca71f308eb7800c,devanagari,continuous,data/representations/gretil/devanagari/continuous/6_sastra/8_jyot/aryabh_u.txt,e4d530f615e5673dde6435993200039f0080db2f95662f335c5c7f56064e3101,33521,11613,491,,,0,
9c515ca46ad8f9fca7e879c0a1617207bf5ccf3df21930aaa0995227c3942c40,6_sastra/8_jyot/brhajj_u.txt,249b26749c740f90a716ae966ee7d4258077a245659d51562d59475fa9c4374c,devanagari,continuous,data/representations/gretil/devanagari/continuous/6_sastra/8_jyot/brhajj_u.txt,49f7c58f43167b7dc68768232fc8a3badee5f8cd2bfc2658a385ce5a20f29332,193030,71830,1681,,,0,
9c515ca46ad8f9fca7e879c0a1617207bf5ccf3df21930aaa0995227c3942c40,6_sastra/8_jyot/brhats_u.txt,326b4cc5b5b78041e2d002f8a75f2812be38ce84547d0f34a093e1c73ce21a6a,devanagari,continuous,data/representations/gretil/devanagari/continuous/6_sastra/8_jyot/brhats_u.txt,8ed960ed68c78a2a1f40773126663a2c403f838ab98b94919d0abf22f27d6362,795786,274402,13651,,,0,
9c515ca46ad8f9fca7e879c0a1617207bf5ccf3df21930aaa0995227c3942c40,6_sastra/8_jyot/surysidu.txt,df922f1f2475611cc4af36a58f00a9702753c07c975a6014b2f629c8eb791588,devanagari,continuous,data/representations/gretil/devanagari/continuous/6_sastra/8_jyot/surysidu.txt,a257506af646630aecc1fd2ba6c81af490b346ce7629233e37e8b9563c022d1c,123413,42489,2025,,,0,
9c515ca46ad8f9fca7e879c0a1617207bf5ccf3df21930aaa0995227c3942c40,1_veda/2_bra/gopbra_u.txt,c4bca04d5db081b0b89f8ad5e725f7d0dc1b842b6e2fe5c92c88a5d058602843,devanagari,legacy_joined,data/representations/gretil/devanagari/legacy_joined/1_veda/2_bra/gopbra_u.txt,c9eedc3b2f7bbb6c22f68c40add8ef4dcae3999391794f03fb40acf0de0de5da,585199,213571,10487,,,0,
9c515ca46ad8f9fca7e879c0a1617207bf5ccf3df21930aaa0995227c3942c40,1_veda/2_bra/kausibru.txt,cb4f9d04c0117f16f7da70126111362de15c295c291e1a4b4446cc8053ea8c87,devanagari,legacy_joined,data/representations/gretil/devanagari/legacy_joined/1_veda/2_bra/kausibru.txt,e04e850cfe102e5aa83dde352da4b5df941f27cd5f1c106dfe0d299be90ee938,660002,242664,13829,,,0,
9c515ca46ad8f9fca7e879c0a1617207bf5ccf3df21930aaa0995227c3942c40,1_veda/2_bra/pncvbr1u.txt,f21103a2c372f63151c99090d83e42dc2647f219367503619d105001f3ca7fbd,devanagari,legacy_joined,data/representations/gretil/devanagari/legacy_joined/1_veda/2_bra/pncvbr1u.txt,aaac39bb42d437e10dde660a720335f50f9a37e48063eabc5b0f1f1b23168e93,805646,290664,7123,,,0,
9c515ca46ad8f9fca7e879c0a1617207bf5ccf3df21930aaa0995227c3942c40,1_veda/2_bra/pncvbr2u.txt,4dc0455509d7e2390a13646aea642c458d516c84521f319b1e8049209fffd9f6,devanagari,legacy_joined,data/representations/gretil/devanagari/legacy_joined/1_veda/2_bra/pncvbr2u.txt,52ac63d7c78fc779e6747246ede3e8f2fd68447d8c06bf221dc979a7bc755981,821169,295565,7123,,,0,
9c515ca46ad8f9fca7e879c0a1617207bf5ccf3df21930aaa0995227c3942c40,1_veda/2_bra/satapath/sb_01_u.txt,7137d4ec4d9600839efe000ea98ec8aa45411c3e32dd3aea36e4ec0f8d4700be,devanagari,legacy_joined,data/representations/gretil/devanagari/legacy_joined/1_veda/2_bra/satapath/sb_01_u.txt,46161ef64751d9af8978b9b39c87fe889bbf96b5a6f7dcfb6504f6d1f6ef3de1,418006,151628,5109,,,0,
9c515ca46ad8f9fca7e879c0a1617207bf5ccf3df21930aaa0995227c3942c40,1_veda/2_bra/satapath/sb_02_u.txt,eb9ec9d35660be11957d5fd1a550b82d1d96b696fa75c3f6be3d45f092845982,devanagari,legacy_joined,data/representations/gretil/devanagari/legacy_joined/1_veda/2_bra/satapath/sb_02_u.txt,495fefe645358d00e6028900cc957d72d4988b59c038179910e7d8343c337ac4,291700,105802,3535,,,0,
9c515ca46ad8f9fca7e879c0a1617207bf5ccf3df21930aaa0995227c3942c40,1_veda/2_bra/satapath/sb_03_u.txt,229a48cba9019702c60e48cd10c50c1cf98cfda844a52ee19b312cebab5d395e,devanagari,legacy_joined,data/representations/gretil/devanagari/legacy_joined/1_veda/2_bra/satapath/sb_03_u.txt,c72a608bced5c5222c4b6aa0a5899dedbbe3bea28bf25f03b3c5dce179863e5d,434817,157635,5263,,,0,
9c515ca46ad8f9fca7e879c0a1617207bf5ccf3df21930aaa0995227c3942c40,1_veda/2_bra/satapath/sb_04_u.txt,618056daaf746904657db7b8e3a2c627da72a5f1ee89cfff913c436397f534bd,devanagari,legacy_joined,data/representations/gretil/devanagari/legacy_joined/1_veda/2_bra/satapath/sb_04_u.txt,74d9754cfc564f98278aab4991df6d5f1b24e7e9701b931b5e846124e2e9ddfa,341785,123837,4127,,,0,
9c515ca46ad8f9fca7e879c0a1617207bf5ccf3df21930aaa0995227c3942c40,1_veda/2_bra/satapath/sb_05_u.txt,bd7155db70092eb2f66650808e12bfc727aeb36b0e7b477fff91f01ba195f8c2,devanagari,legacy_joined,data/representations/gretil/devanagari/legacy_joined/1_veda/2_bra/satapath/sb_05_u.txt,2cfa9f7383903eee8ef26584bf6e4996381cf99a10a2d7772359a7639f521754,256015,92831,3067,,,0,
9c515ca46ad8f9fca7e879c0a1617207bf5ccf3df21930aaa0995227c3942c40,1_veda/2_bra/satapath/sb_06_u.txt,9d0c94deddb0419b627c29274a553cf4cb9970038d2199df0cdcc6bc33ac8674,devanagari,legacy_joined,data/representations/gretil/devanagari/legacy_joined/1_veda/2_bra/satapath/sb_06_u.txt,6dd3a6ee276916493d80ccfe50f3ee89593122a45919a822eb561d2482fae5c1,306470,110516,3629,,,0,
9c515ca46ad8f9fca7e879c0a1617207bf5ccf3df21930aaa0995227c3942c40,1_veda/2_bra/satapath/sb_07_u.txt,76ed8b2fd2f2f1ec0d7a8557153b71170a1263e35c19ee5d3d4717d5233c946a,devanagari,legacy_joined,data/representations/gretil/devanagari/legacy_joined/1_veda/2_bra/satapath/sb_07_u.txt,ca15db97bfc5089341d22fa8023bca751c5c9823e4d9448ff984a0a846706e2b,237827,86035,2833,,,0,
9c515ca46ad8f9fca7e879c0a1617207bf5ccf3df21930aaa0995227c3942c40,1_veda/2_bra/satapath/sb_08_u.txt,58495bfe0d11a6b75045beaa424d83dbd0e8f63c9302c415b8e4174eefaf7562,devanagari,legacy_joined,data/representations/gretil/devanagari/legacy_joined/1_veda/2_bra/satapath/sb_08_u.txt,69975ecfa145d4b7b32523191a13df7327f9a4af6f9fce1b1586c91ffa47e9fe,270000,97522,3183,,,0,
9c515ca46ad8f9fca7e879c0a1617207bf5ccf3df21930aaa0995227c3942c40,1_veda/2_bra/satapath/sb_09_u.txt,8676a4907d13de19973a34fe9d4283d03cc1bf6f4a6da431d78bc3adad22bd1f,devanagari,legacy_joined,data/representations/gretil/devanagari/legacy_joined/1_veda/2_bra/satapath/sb_09_u.txt,a68737154bb7fc36664ef727286435a16c2e1e971fc8d06d6cd8c00acd407f22,227027,82155,2699,,,0,
9c515ca46ad8f9fca7e879c0a1617207bf5ccf3df21930aaa0995227c3942c40,1_veda/2_bra/satapath/sb_10_u.txt,4455af8c6424dfb56df0ae5f92e9e773aeae22359e1e4ffe36fa388d13719aa5,devanagari,legacy_joined,data/representations/gretil/devanagari/legacy_joined/1_veda/2_bra/satapath/sb_10_u.txt,898ceebc580a1aadf28c8e49b31e86caf236f7e8e3b9cfa1c56791584333f024,214929,77891,2581,,,0,
9c515ca46ad8f9fca7e879c0a1617207bf5ccf3df21930aaa0995227c3942c40,1_veda/2_bra/satapath/sb_11_u.txt,e80fda09c1a3dc5387e1257b2aad918f8ad9f262f571a843be1cda074f3fde9d,devanagari,legacy_joined,data/representations/gretil/devanagari/legacy_joined/1_veda/2_bra/satapath/sb_11_u.txt,905ad519e3d87cc25120656d506b9ad37582e50559ddc16217dfe91e604d5b07,229487,83345,2813,,,0,
9c515ca46ad8f9fca7e879c0a1617207bf5ccf3df21930aaa0995227c3942c40,1_veda/2_bra/satapath/sb_13_u.txt,f444a0f1d5c4ad633e04532851ff6f28012b2273b81ac54bff39cb7e7b8ae183,devanagari,legacy_joined,data/representations/gretil/devanagari/legacy_joined/1_veda/2_bra/satapath/sb_13_u.txt,104cab87fe632e43fc41302e320a83ae14b35bb9a830fe7ca44783e1a4f7d4e0,226032,81498,2717,,,0,
9c515ca46ad8f9fca7e879c0a1617207bf5ccf3df21930aaa0995227c3942c40,1_veda/2_bra/satapath/sb_14_u.txt,eb023adb00545d45c02168e0fa3a5bbc56ad9e28eaf6a4b07103fd236682ee01,devanagari,legacy_joined,data/representations/gretil/devanagari/legacy_joined/1_veda/2_bra/satapath/sb_14_u.txt,a5c1ac29b6e51186b65391a485b23d40451428e0ad51b65e77a523b4554b51a8,394190,143180,4877,,,0,
9c515ca46ad8f9fca7e879c0a1617207bf5ccf3df21930aaa0995227c3942c40,1_veda/3_ara/sankharu.txt,3242fe23dade298fa771bceb5672a9a0f06a1ec038c3a64ca4645f1eb8580170,devanagari,legacy_joined,data/representations/gretil/devanagari/legacy_joined/1_veda/3_ara/sankharu.txt,b179d12e1c0cc593d97771ba2bbe080b43ba6e5397fd71b8285afb01fec87eaa,201923,72915,350,,,0,
9c515ca46ad8f9fca7e879c0a1617207bf5ccf3df21930aaa0995227c3942c40,1_veda/4_upa/aitup__u.txt,f13df975f12bff3a12eaa3930416492fdccc7de0d40a9786ab3eb21bb4f14925,devanagari,legacy_joined,data/representations/gretil/devanagari/legacy_joined/1_veda/4_upa/aitup__u.txt,fe94cbd14fc87e01ffef2b928159d5b96831e3ecd84463af31320799ec3184db,13624,4970,285,,,0,
9c515ca46ad8f9fca7e879c0a1617207bf5ccf3df21930aaa0995227c3942c40,1_veda/4_upa/brup___u.txt,7b2c09575b45cbf77f9d9ebc41644ef9584253d927cea93a95b38278d22906d2,devanagari,legacy_joined,data/representations/gretil/devanagari/legacy_joined/1_veda/4_upa/brup___u.txt,510e236a14b9f83cd2c0dc96bb9d7355698ff1ce56af4db1468cc3476860b708,289355,106333,5435,,,0,
9c515ca46ad8f9fca7e879c0a1617207bf5ccf3df21930aaa0995227c3942c40,1_veda/4_upa/chup___u.txt,359c2d6376c5c24df79bde22d6b23700abcc1c836eadaf8fbc5f07fa3d3757b9,devanagari,legacy_joined,data/representations/gretil/devanagari/legacy_joined/1_veda/4_upa/chup___u.txt,734ee5e950446ce64d25949d77573b3cbda31a8ddbc5bd04011b2462c3bb73ff,244486,89934,5017,,,0,
9c515ca46ad8f9fca7e879c0a1617207bf5ccf3df21930aaa0995227c3942c40,1_veda/4_upa/isup___u.txt,c89d4066216fbc9b159e2f6fc60e56b3b097103203f498002b687cfd10ca7739,devanagari,legacy_joined,data/representations/gretil/devanagari/legacy_joined/1_veda/4_upa/isup___u.txt,d32f4fc656743211d2018a4c48028f6b2af01fa11855edc1797038f818e442c2,4460,1632,71,,,0,
9c515ca46ad8f9fca7e879c0a1617207bf5ccf3df21930aaa0995227c3942c40,1_veda/4_upa/kathop_u.txt,65889f708701d9fa05c4915204b307c43a2c5fd66af6f29fcc275ebecc884d3f,devanagari,legacy_joined,data/representations/gretil/devanagari/legacy_joined/1_veda/4_upa/kathop_u.txt,2938f1007656e8f4c8c1c227d394cce459a8b2c5242c7a6ed050a11c8ae5e264,33973,12425,529,,,0,
9c515ca46ad8f9fca7e879c0a1617207bf5ccf3df21930aaa0995227c3942c40,1_veda/4_upa/mandup_u.txt,25d0fbc71b062246c119f7ed99de3cae5b6eb1fa3c65193d4667e94e682d0b64,devanagari,legacy_joined,data/representations/gretil/devanagari/legacy_joined/1_veda/4_upa/mandup_u.txt,e54bc7269d4ee82a05d202548343e96d1cf07d049a4f3d0de7a5d1f974361027,3717,1347,47,,,0,
9c515ca46ad8f9fca7e879c0a1617207bf5ccf3df21930aaa0995227c3942c40,1_veda/4_upa/prasup_u.txt,5eeb79a9938a34aa36c79d2bbb1ee3cd43b20668793f15b091b89fcf44c10030,devanagari,legacy_joined,data/representations/gretil/devanagari/legacy_joined/1_veda/4_upa/prasup_u.txt,d9eb3c3971b6168107b7ba56a5b4dd5c308619d27e414e31d6ba84891636692d,25330,9326,505,,,0,
9c515ca46ad8f9fca7e879c0a1617207bf5ccf3df21930aaa0995227c3942c40,1_veda/4_upa/svetu_pu.txt,dca6f9592ffe9c5e7179a405faba0c3b248603ea7f7584696260e457b16f7978,devanagari,legacy_joined,data/representations/gretil/devanagari/legacy_joined/1_veda/4_upa/svetu_pu.txt,f1dafaa923198b6edaa10a5856ba76b3c9e74ab085d9d9612d55c595b541ec44,33930,12360,465,,,0,
9c515ca46ad8f9fca7e879c0a1617207bf5ccf3df21930aaa0995227c3942c40,1_veda/5_vedang/1_srauta/apsulb_u.txt,12b5568f5cc977c2d421db31a8ebfc54f741c250562ff06887fd0a5a37b97ae7,devanagari,legacy_joined,data/representations/gretil/devanagari/legacy_joined/1_veda/5_vedang/1_srauta/apsulb_u.txt,38fec5914f17ee7ff7b5b31652584b02c1791f8a726b52e3f9c62ca7f5fff52f,53134,18966,601,,,0,
9c515ca46ad8f9fca7e879c0a1617207bf5ccf3df21930aaa0995227c3942c40,1_veda/5_vedang/1_srauta/asvss_u.txt,49b075db90833ce4b84c65f725222c4378be657296b085e66abeeb1f57c4c6ae,devanagari,legacy_joined,data/representations/gretil/devanagari/legacy_joined/1_veda/5_vedang/1_srauta/asvss_u.txt,ede38e8b42340150969de7efe1993c2b095da9da7a6e91f5ca9aa7adb17eb94f,538539,195515,5993,,,0,
9c515ca46ad8f9fca7e879c0a1617207bf5ccf3df21930aaa0995227c3942c40,1_veda/5_vedang/1_srauta/sankhssu.txt,d15ca711d9d51e51d61c6473a95a5bcfe9d8fe9d3a1dfc9afb3e48de3cfde08d,devanagari,legacy_joined,data/representations/gretil/devanagari/legacy_joined/1_veda/5_vedang/1_srauta/sankhssu.txt,916c28627ca5eedb1396cac03ae1e85efff95101a4e2b5dff66bec81aec880e9,734552,268168,10739,,,0,
9c515ca46ad8f9fca7e879c0a1617207bf5ccf3df21930aaa0995227c3942c40,1_veda/5_vedang/1_srauta/vaitss_u.txt,f988a3fae41fa217dc419f7acb95a9dd5ccd68d81cb2a629e66f20715d2cee88,devanagari,legacy_joined,data/representations/gretil/devanagari/legacy_joined/1_veda/5_vedang/1_srauta/vaitss_u.txt,3d55b65f66dfbe8ab00bbeec43287fb10fef25f3dbcc3c7c26d4840cd67b8b06,172535,62329,1931,,,0,
9c515ca46ad8f9fca7e879c0a1617207bf5ccf3df21930aaa0995227c3942c40,1_veda/5_vedang/2_grhya/asvgs_u.txt,50f2f03ea2bd21e72590354c4c2c23220e2009bd56023e9422bc9a19db979e39,devanagari,legacy_joined,data/representations/gretil/devanagari/legacy_joined/1_veda/5_vedang/2_grhya/asvgs_u.txt,41279e6fbd09205dde59bdead1418d837a2ba2cb6a44ec14f3788390dc341a23,126764,45990,1521,,,0,
9c515ca46ad8f9fca7e879c0a1617207bf5ccf3df21930aaa0995227c3942c40,1_veda/5_vedang/2_grhya/jaimigsu.txt,62fafe36f02d40fc3254268b1f79ed7fd30293bb0951fd01367a094b1f73f559,devanagari,legacy_joined,data/representations/gretil/devanagari/legacy_joined/1_veda/5_vedang/2_grhya/jaimigsu.txt,c9076417c8af3904f2eeccd3a66282ff9f33e01614fd7586efd2c910d4c7a16a,121597,43393,365,,,0,
9c515ca46ad8f9fca7e879c0a1617207bf5ccf3df21930aaa0995227c3942c40,1_veda/5_vedang/2_grhya/kaussu_u.txt,e20e7d54e7fd4cb3f83e937687da2fd41bd73d1747e8b2a2a715972164f68e13,devanagari,legacy_joined,data/representations/gretil/devanagari/legacy_joined/1_veda/5_vedang/2_grhya/kaussu_u.txt,5a38a5b886fd4efc1b600b254a7b8e662ab9a2043ec1bee93fe45ffda23a1cb4,402650,146788,6103,,,0,
9c515ca46ad8f9fca7e879c0a1617207bf5ccf3df21930aaa0995227c3942c40,1_veda/5_vedang/2_grhya/kauthgsu.txt,c0630b759e976595e9e63e759e85fdf99de01d5cf3d36ca426600adc74136482,devanagari,legacy_joined,data/representations/gretil/devanagari/legacy_joined/1_veda/5_vedang/2_grhya/kauthgsu.txt,357debfd4605befb9fda1dd75b7dc9f9430b24d8d1f076ca10e3e25950d828e6,66485,23651,103,,,0,
9c515ca46ad8f9fca7e879c0a1617207bf5ccf3df21930aaa0995227c3942c40,1_veda/5_vedang/2_grhya/manavgsu.txt,7863702661ddb3d0bf7b79347dc98e60283a15a76c47b5cd2b1ab3c9ec2e2ba6,devanagari,legacy_joined,data/representations/gretil/devanagari/legacy_joined/1_veda/5_vedang/2_grhya/manavgsu.txt,ff4c2d8be75e5a58a87ce75cf19f5aca03433b2a1aa4303e78989c81a064bb41,147323,53395,2099,,,0,
9c515ca46ad8f9fca7e879c0a1617207bf5ccf3df21930aaa0995227c3942c40,1_veda/5_vedang/2_grhya/sankhgsu.txt,2e7b593b9e0e5bcd0a82aba5d5847a8e68c62a88553ff11e97aab0730733f39c,devanagari,legacy_joined,data/representations/gretil/devanagari/legacy_joined/1_veda/5_vedang/2_grhya/sankhgsu.txt,c7246438b51ec8f89c52c4cf61b08932018f974cfaff86a96299f590425c3653,153633,56127,2397,,,0,
9c515ca46ad8f9fca7e879c0a1617207bf5ccf3df21930aaa0995227c3942c40,1_veda/5_vedang/2_grhya/vargs_u.txt,04878a4540947b834d08fdcdc85f09d2e965ecb4fc8ec276fe380a111daf5eee,devanagari,legacy_joined,data/representations/gretil/devanagari/legacy_joined/1_veda/5_vedang/2_grhya/vargs_u.txt,dfb49cc73ad7cdf54c1a04fd1872ddfca184ec95f9ee2c18a48b010f4bf22750,85625,31053,1421,,,0,
9c515ca46ad8f9fca7e879c0a1617207bf5ccf3df21930aaa0995227c3942c40,1_veda/5_vedang/2_paris/avpari_u.txt,78d96955cf6dc5342ff83d3fb0a76c062da5f8caf45352afb549c7c972847535,devanagari,legacy_joined,data/representations/gretil/devanagari/legacy_joined/1_veda/5_vedang/2_paris/avpari_u.txt,71277c45c54a56776aa399ac2e2cb69c2d111f5be3104a0e7d4a88716a24f35a,844300,304616,7589,,,0,
9c515ca46ad8f9fca7e879c0a1617207bf5ccf3df21930aaa0995227c3942c40,1_veda/5_vedang/2_paris/avpray_u.txt,51d8ba5178d0fba8293dccefc506a88fe787ad2617dc913e338d21b8709e42be,devanagari,legacy_joined,data/representations/gretil/devanagari/legacy_joined/1_veda/5_vedang/2_paris/avpray_u.txt,a78669b211ebe4061d3948616c09dd6748e6d3115fc89e77d3c050caa4432856,142332,51368,1683,,,0,
9c515ca46ad8f9fca7e879c0a1617207bf5ccf3df21930aaa0995227c3942c40,1_veda/5_vedang/3_pratis/rgvidh_u.txt,f8fec2f580cedf759814ac3c7e2fee40e1643f61ae51040766ba1fd751fd1331,devanagari,legacy_joined,data/representations/gretil/devanagari/legacy_joined/1_veda/5_vedang/3_pratis/rgvidh_u.txt,efd270d483867e9a2a6df2777e6e8990b727b92e16cdb9bf86f2e4ccb9fd3e3a,220190,81422,2995,,,0,
9c515ca46ad8f9fca7e879c0a1617207bf5ccf3df21930aaa0995227c3942c40,2_epic/mbh/ext/hv_apppu.txt,4c73c70c292971bd0e0330381f737ad5b9476bd6434710fe65439c261bc2888d,devanagari,legacy_joined,data/representations/gretil/devanagari/legacy_joined/2_epic/mbh/ext/hv_apppu.txt,7ad904be13c2dc537a9216fb5c755d7142ffa5e826bf51fc21098ddef6a7e85a,2600083,948641,46932,,,0,
9c515ca46ad8f9fca7e879c0a1617207bf5ccf3df21930aaa0995227c3942c40,2_epic/mbh/ext/hv_conpu.txt,be1e8fa95826ae19549045eb3925b7b751bf522c0727c5aeacd9caee97c69ff6,devanagari,legacy_joined,data/representations/gretil/devanagari/legacy_joined/2_epic/mbh/ext/hv_conpu.txt,37c08ce927a48429aa35f8f3f821811e7a66502feeeb763b14d5b3f58a39e602,1949431,711427,34287,,,0,
9c515ca46ad8f9fca7e879c0a1617207bf5ccf3df21930aaa0995227c3942c40,2_epic/mbh/mbh_01_u.txt,6f6efe727744daabc20ce809610b88a38d4a53ce0a5481688976db7a1a298113,devanagari,legacy_joined,data/representations/gretil/devanagari/legacy_joined/2_epic/mbh/mbh_01_u.txt,0c459287bf91f1ee8203243c1cf90e05d746447ffbb33b535c3df7ffaff83d30,2863543,1048377,52585,,,0,
9c515ca46ad8f9fca7e879c0a1617207bf5ccf3df21930aaa0995227c3942c40,2_epic/mbh/mbh_02_u.txt,8ce1d03a0c6c1182a12dbc33131b9d77a34a73c98e68d8eae480be1d7aa17fc8,devanagari,legacy_joined,data/representations/gretil/devanagari/legacy_joined/2_epic/mbh/mbh_02_u.txt,af31d5b9b580e6603db86fd9a9c3a5e7b5d8e0aba59bb02358889c52bc7a0281,1147847,419883,21019,,,0,
9c515ca46ad8f9fca7e879c0a1617207bf5ccf3df21930aaa0995227c3942c40,2_epic/mbh/mbh_03_u.txt,3bb224727af921a3d0e5effa7b45a4c6b83698825d58c4943bf8e0ff08bf52e4,devanagari,legacy_joined,data/representations/gretil/devanagari/legacy_joined/2_epic/mbh/mbh_03_u.txt,934aef36b0fc97335317969ec65be92526460c38b54b06449e4e810ae2623504,2992313,1095431,54413,,,0,
9c515ca46ad8f9fca7e879c0a1617207bf5ccf3df21930aaa0995227c3942c40,2_epic/mbh/mbh_04_u.txt,b912f2b7676c93c92391fc458e85db16b9976fdcaa253a93f1ff541b4b11d83b,devanagari,legacy_joined,data/representations/gretil/devanagari/legacy_joined/2_epic/mbh/mbh_04_u.txt,ed57297299684527d8a47fd3f84b04c6f2e33966c2141c585f977371f99ba034,1081215,396479,20519,,,0,
9c515ca46ad8f9fca7e879c0a1617207bf5ccf3df21930aaa0995227c3942c40,2_epic/mbh/mbh_05_u.txt,5305b06e43160b197a9ae157a5cf6f0bffd4c09d066a40774f28daad80e7e41b,devanagari,legacy_joined,data/representations/gretil/devanagari/legacy_joined/2_epic/mbh/mbh_05_u.txt,afa12aa97b8ab0d3aed1c8786ca6edb39faaec68460e8cd9ba3d5ed3ae44c6df,1681519,616401,29765,,,0,
9c515ca46ad8f9fca7e879c0a1617207bf5ccf3df21930aaa0995227c3942c40,2_epic/mbh/mbh_06_u.txt,7402fda9ec97f8e37e984f06ae768a19bb807801f2a1a0cbbdc8c64b3f58115b,devanagari,legacy_joined,data/representations/gretil/devanagari/legacy_joined/2_epic/mbh/mbh_06_u.txt,939c37daeba5b4159c5cc55b26abff6ec1f23a28182156ff6ad3f2407dadbd2f,1453569,531203,26347,,,0,
9c515ca46ad8f9fca7e879c0a1617207bf5ccf3df21930aaa0995227c3942c40,2_epic/mbh/mbh_07_u.txt,fae85008bdb1fa638d3eec3880b4cfd13377acb0b8779e896500e8b53c226183,devanagari,legacy_joined,data/representations/gretil/devanagari/legacy_joined/2_epic/mbh/mbh_07_u.txt,07e25dde43107c6f50ec63fb0e5492a8e13be38a21d122e7f8b58216faa6fa8b,2487698,906932,44801,,,0,
9c515ca46ad8f9fca7e879c0a1617207bf5ccf3df21930aaa0995227c3942c40,2_epic/mbh/mbh_08_u.txt,a8129627d48dc86d89709ed80f0997b7ed75465257f765a96c7a057bd3388c75,devanagari,legacy_joined,data/representations/gretil/devanagari/legacy_joined/2_epic/mbh/mbh_08_u.txt,3af0d606040dc64f0c4bca1fe97c609f2eeae64db1e6c6040e6298b27f76fec7,1456686,531738,26519,,,0,
9c515ca46ad8f9fca7e879c0a1617207bf5ccf3df21930aaa0995227c3942c40,2_epic/mbh/mbh_09_u.txt,7a00866c366cc38e0332db6f9bcd67a8b49c8c471b34e88dbfeef545651a86a8,devanagari,legacy_joined,data/representations/gretil/devanagari/legacy_joined/2_epic/mbh/mbh_09_u.txt,d52c55388e0ffbbce949b42e7f82fa2630f10a9a529ed2ee6e1cbefbe38f25f8,895204,327442,16241,,,0,
9c515ca46ad8f9fca7e879c0a1617207bf5ccf3df21930aaa0995227c3942c40,2_epic/mbh/mbh_10_u.txt,ec7a6ec03618bd1ae268c9e432b3471b66016cbad7aec8b67d0217ed86e901fb,devanagari,legacy_joined,data/representations/gretil/devanagari/legacy_joined/2_epic/mbh/mbh_10_u.txt,cbc26e07201c4a74e91b5a7cf0e2a8e234e379ddeaa80f820cab4a91a410cf56,206617,75283,3591,,,0,
9c515ca46ad8f9fca7e879c0a1617207bf5ccf3df21930aaa0995227c3942c40,2_epic/mbh/mbh_11_u.txt,6d71e5ebd3b41a8e77926414f23a396ff8e17d1826500eca7e64cc674c9bec53,devanagari,legacy_joined,data/representations/gretil/devanagari/legacy_joined/2_epic/mbh/mbh_11_u.txt,5ddf4def69f1083f81bc20dbdf23d9e0384076c3e9f91527b662c4e83c774daf,194746,71348,3587,,,0,
9c515ca46ad8f9fca7e879c0a1617207bf5ccf3df21930aaa0995227c3942c40,2_epic/mbh/mbh_12_u.txt,476cd987492e35941130b9c72988d9e5bdd1c81e821ceb97ca7250ee8f77ef9a,devanagari,legacy_joined,data/representations/gretil/devanagari/legacy_joined/2_epic/mbh/mbh_12_u.txt,683b6ed88ab3cfe94c8ecba595aebe6a07d6ddadba2296f02e723cd7724ddaf1,3829830,1401078,68321,,,0,
9c515ca46ad8f9fca7e879c0a1617207bf5ccf3df21930aaa0995227c3942c40,2_epic/mbh/mbh_13_u.txt,2a6cc3a0a9e8d92b7fcabac9b5f4063cf6a9e0c0634dce68cc532cda6705163d,devanagari,legacy_joined,data/representations/gretil/devanagari/legacy_joined/2_epic/mbh/mbh_13_u.txt,b2655d892a2008b909077e5c1d3bc3bea33c804eaa0a69d6217d62378fde64bc,2918380,1069472,53619,,,0,
9c515ca46ad8f9fca7e879c0a1617207bf5ccf3df21930aaa0995227c3942c40,2_epic/mbh/mbh_14_u.txt,965e6c6dca5395b0b7ecd9d20dd03c513ffb4ccaeb9ca54d24f9cf4167dd39be,devanagari,legacy_joined,data/representations/gretil/devanagari/legacy_joined/2_epic/mbh/mbh_14_u.txt,2f060d1799fd826d5ad119f63ed608e0d94d6b9d1caf3ee151ba55599396ac8d,1101884,403524,19929,,,0,
9c515ca46ad8f9fca7e879c0a1617207bf5ccf3df21930aaa0995227c3942c40,2_epic/mbh/mbh_15_u.txt,bd3c1d493237fb5b290d7b8af0c9ad2819f957c5427937ba991a926702cd3116,devanagari,legacy_joined,data/representations/gretil/devanagari/legacy_joined/2_epic/mbh/mbh_15_u.txt,5a3c5cf8f9bf979867bbf9b40c8ba724164adc20bad3ad0c2588fb4f77e40c8c,266641,97735,4859,,,0,
9c515ca46ad8f9fca7e879c0a1617207bf5ccf3df21930aaa0995227c3942c40,2_epic/mbh/mbh_16_u.txt,1c95ae89bdbfcf2343bdde1b37453debffd4bfe571da867e621cdf23647ffff9,devanagari,legacy_joined,data/representations/gretil/devanagari/legacy_joined/2_epic/mbh/mbh_16_u.txt,630c8c6d9d126d5cc17dcbca604846398dbc6dfcf597e86839c11db137967e98,79853,29123,1425,,,0,
9c515ca46ad8f9fca7e879c0a1617207bf5ccf3df21930aaa0995227c3942c40,2_epic/mbh/mbh_17_u.txt,6638204eae6d9e28b14b71e1b4b2e7ad6ca9c39671708f653facc2ae7d3ed397,devanagari,legacy_joined,data/representations/gretil/devanagari/legacy_joined/2_epic/mbh/mbh_17_u.txt,adbdf95c0b1fd103afee3f835da766a36fa3931fa17c86dd78de2129fa103ce5,29805,10939,541,,,0,
9c515ca46ad8f9fca7e879c0a1617207bf5ccf3df21930aaa0995227c3942c40,2_epic/mbh/mbh_18_u.txt,4744f29ecb8431204b4749b3e683158a808adb6db31af6addfc3be07559d3567,devanagari,legacy_joined,data/representations/gretil/devanagari/legacy_joined/2_epic/mbh/mbh_18_u.txt,9894bd07d41ca9c295325c675bf0c92b2d278cd0f7ce9e1f050d15b4e92b0c55,72396,26508,1315,,,0,
9c515ca46ad8f9fca7e879c0a1617207bf5ccf3df21930aaa0995227c3942c40,2_epic/ramayana/ram_01_u.txt,bd494face7a4cbc08c25af52d5ceae358463be85a5e02ec35b3ff728c6f9da9e,devanagari,legacy_joined,data/representations/gretil/devanagari/legacy_joined/2_epic/ramayana/ram_01_u.txt,1618feda182fbde2429fe03cfec15172ad26679847ebd9eaa6205498efee17eb,436587,159691,7885,,,0,
9c515ca46ad8f9fca7e879c0a1617207bf5ccf3df21930aaa0995227c3942c40,2_epic/ramayana/ram_02_u.txt,e07cd7f334c37d4a2afe643f30b1c5080a571627582d3b2c66f916087217bad7,devanagari,legacy_joined,data/representations/gretil/devanagari/legacy_joined/2_epic/ramayana/ram_02_u.txt,393470ef0e120dbc80f750f83bc406bfb311818b2a508365b2f76c1091f3bc5a,724641,265693,12817,,,0,
9c515ca46ad8f9fca7e879c0a1617207bf5ccf3df21930aaa0995227c3942c40,2_epic/ramayana/ram_03_u.txt,17ae70e0fa850d83d4d6237f413ad8d8de7d2c1b4a3d458e3e3a150d8198de26,devanagari,legacy_joined,data/representations/gretil/devanagari/legacy_joined/2_epic/ramayana/ram_03_u.txt,2fb6f241bbbda5050c533050083f0e23bfcd9db990e7e8a8345614ee9054450b,471200,172626,8417,,,0,
9c515ca46ad8f9fca7e879c0a1617207bf5ccf3df21930aaa0995227c3942c40,2_epic/ramayana/ram_04_u.txt,a7530e62378426747cbb84f8679ac7957623ddf19181bc8109b891b7e2f547be,devanagari,legacy_joined,data/representations/gretil/devanagari/legacy_joined/2_epic/ramayana/ram_04_u.txt,e3b7954c143abd25baaabfe98b9b9e17640ba76d9e71bc26a1e93ffd35c0a4fe,453160,165776,8033,,,0,
9c515ca46ad8f9fca7e879c0a1617207bf5ccf3df21930aaa0995227c3942c40,2_epic/ramayana/ram_05_u.txt,b12fa1e88108e4e73080dcea087be8c719032ab9189025e2add7f1f7903b55e8,devanagari,legacy_joined,data/representations/gretil/devanagari/legacy_joined/2_epic/ramayana/ram_05_u.txt,daae0c5640462cf5c7c1aa3c946846c0cf39a1fca6fc5bf7f392796aef30c101,576319,210323,10083,,,0,
9c515ca46ad8f9fca7e879c0a1617207bf5ccf3df21930aaa0995227c3942c40,2_epic/ramayana/ram_06_u.txt,c9057008c87aa3df0287bca988fdc7fdd8a8317c76927c9329dc33f0f6bd3029,devanagari,legacy_joined,data/representations/gretil/devanagari/legacy_joined/2_epic/ramayana/ram_06_u.txt,4221a96d75c252e12c9b3fca33021cf3d483b30b597a224be68d74d297771fcc,1018221,371745,17957,,,0,
9c515ca46ad8f9fca7e879c0a1617207bf5ccf3df21930aaa0995227c3942c40,2_epic/ramayana/ram_07_u.txt,884df140e7ab95e096362d9eb76e1d649b9a59b0042bfc233d67f73da2bd3d10,devanagari,legacy_joined,data/representations/gretil/devanagari/legacy_joined/2_epic/ramayana/ram_07_u.txt,38ee3491023e20fb976bbb0eeffd9a900b9096537a73b4981ad36b9dee52c621,607786,222824,10877,,,0,
9c515ca46ad8f9fca7e879c0a1617207bf5ccf3df21930aaa0995227c3942c40,3_purana/agp_bi_u.txt,d4bf2940b621c99841ef4bf4ca800972d530603379fca3c00b289be9e4c21e15,devanagari,legacy_joined,data/representations/gretil/devanagari/legacy_joined/3_purana/agp_bi_u.txt,95f60b80c2e6026b01019097822a0fa8e4fc5b3c576c878bc49e436284c2237f,3237497,1176541,57420,,,0,
9c515ca46ad8f9fca7e879c0a1617207bf5ccf3df21930aaa0995227c3942c40,3_purana/bhagp/bhp_01u.txt,1c5c930e32274cc6c376c16c9d1a5da4f1564c4bc024eee740b8344944395794,devanagari,legacy_joined,data/representations/gretil/devanagari/legacy_joined/3_purana/bhagp/bhp_01u.txt,41dcecf2a02d436cbc5e87cdb7898f70c8534883dc75dcd1dd3bbb8e4cffe694,204435,74109,3459,,,0,
9c515ca46ad8f9fca7e879c0a1617207bf5ccf3df21930aaa0995227c3942c40,3_purana/bhagp/bhp_02u.txt,36cd654bfe692a6a524f6bf02b3ef49acec6d0006bf415598bb6659fc60dd025,devanagari,legacy_joined,data/representations/gretil/devanagari/legacy_joined/3_purana/bhagp/bhp_02u.txt,2b0907df785f33743749356f82263d2e212327705cd330535b52f6a1ac7212b5,104386,37874,1835,,,0,
9c515ca46ad8f9fca7e879c0a1617207bf5ccf3df21930aaa0995227c3942c40,3_purana/bhagp/bhp_03u.txt,bfb5a2e8a962704b37afe528a0b3dd9130fb0ad46ffc19f13b0dc47c26f5d52e,devanagari,legacy_joined,data/representations/gretil/devanagari/legacy_joined/3_purana/bhagp/bhp_03u.txt,d011fe950d1e8f39f79bfc4a9f532640ec456fdbd7056dc85a19894ca4e727b0,366815,134771,6413,,,0,
9c515ca46ad8f9fca7e879c0a1617207bf5ccf3df21930aaa0995227c3942c40,3_purana/bhagp/bhp_04u.txt,c35f0f822813813cb3645b2ccc1b50cf86146f2bf85aa13a606beea0a87e7c69,devanagari,legacy_joined,data/representations/gretil/devanagari/legacy_joined/3_purana/bhagp/bhp_04u.txt,50d087d609b672a8dd0e13e822b5c9041413c6e42d37a55aa67fc193b26dee47,370365,136163,6349,,,0,
9c515ca46ad8f9fca7e879c0a1617207bf5ccf3df21930aaa0995227c3942c40,3_purana/bhagp/bhp_05u.txt,2c3d9fc1f21cf7eda5dc8980d1fcd26c2821d8c71e02f4eb4e49b9fcc0da09d5,devanagari,legacy_joined,data/representations/gretil/devanagari/legacy_joined/3_purana/bhagp/bhp_05u.txt,0c775bc724278e5a389f32c61747d9276f70bcdf0801be0383ae551aae9a1c8a,263922,96146,1953,,,0,
9c515ca46ad8f9fca7e879c0a1617207bf5ccf3df21930aaa0995227c3942c40,3_purana/bhagp/bhp_06u.txt,a22a83fa6331b084dc25d7cd5687adc9a9ac7274fca14488a88196af01a901ca,devanagari,legacy_joined,data/representations/gretil/devanagari/legacy_joined/3_purana/bhagp/bhp_06u.txt,4fa9e9316501fe7ea73e4a1a0d2581a6d6704cc5820833da77fbd0da28d28495,215123,78117,3667,,,0,
9c515ca46ad8f9fca7e879c0a1617207bf5ccf3df21930aaa0995227c3942c40,3_purana/bhagp/bhp_07u.txt,986686390c9b96388f5455f69cc62a65b2862fbd9bdaa0411dc7932287077e9a,devanagari,legacy_joined,data/representations/gretil/devanagari/legacy_joined/3_purana/bhagp/bhp_07u.txt,cdf5274ca9c65d6ee23d9e368bb54444b2ef5b9aad155205263faecd9f943ee3,194086,70426,3425,,,0,
9c515ca46ad8f9fca7e879c0a1617207bf5ccf3df21930aaa0995227c3942c40,3_purana/bhagp/bhp_08u.txt,2b1ac661ca2c32343311a129538584f8985ca496d963f749d9757e86ef82c2be,devanagari,legacy_joined,data/representations/gretil/devanagari/legacy_joined/3_purana/bhagp/bhp_08u.txt,befb6e695128d323ce17585445e6d2d44852cc1ef6f3c71d1b6eeb10febcf74f,237404,85984,4069,,,0,
9c515ca46ad8f9fca7e879c0a1617207bf5ccf3df21930aaa0995227c3942c40,3_purana/bhagp/bhp_09u.txt,2f8c8bfb3bd0c3bf698938f8326080876fa9953efcfa5a999ed05a63c3560a49,devanagari,legacy_joined,data/representations/gretil/devanagari/legacy_joined/3_purana/bhagp/bhp_09u.txt,53917e227b4452770653b8f1dfe6be2bae8fa10b6c991c7c4e00681fd437dceb,232802,84436,4115,,,0,
9c515ca46ad8f9fca7e879c0a1617207bf5ccf3df21930aaa0995227c3942c40,3_purana/bhagp/bhp_10u.txt,962182efb2033378f6a434bbe9ceb4daa06326c3b9f0341091942de85a18d1b0,devanagari,legacy_joined,data/representations/gretil/devanagari/legacy_joined/3_purana/bhagp/bhp_10u.txt,ad8fdf688772b11206705e7689dee30bdde6ad2f944b95afa03675fb622105a2,1017028,374642,18121,,,0,
9c515ca46ad8f9fca7e879c0a1617207bf5ccf3df21930aaa0995227c3942c40,3_purana/bhagp/bhp_11u.txt,849db842737fbb38c868faa43aa292b70c77218595108f90b2772ffe9a5015d1,devanagari,legacy_joined,data/representations/gretil/devanagari/legacy_joined/3_purana/bhagp/bhp_11u.txt,5e62b94e74765a5c2d8d703db537fb4dfe9df09606eb0132b78492c440cbbb55,343698,126516,6071,,,0,
9c515ca46ad8f9fca7e879c0a1617207bf5ccf3df21930aaa0995227c3942c40,3_purana/bhagp/bhp_12u.txt,303469b78c1fbb65040c9896fa562a4fcae1ba58b561a975305feb6ba5666c21,devanagari,legacy_joined,data/representations/gretil/devanagari/legacy_joined/3_purana/bhagp/bhp_12u.txt,ee743817db5da1a6b7e54d42e3e65df41734ef3c1ddb95ed04d895dff673b976,140632,51758,2485,,,0,
9c515ca46ad8f9fca7e879c0a1617207bf5ccf3df21930aaa0995227c3942c40,3_purana/brahmap/brahmppu.txt,fa09efff7d58519f4e4b0daab954fb128434f4512f34b8c219845675713a02a5,devanagari,legacy_joined,data/representations/gretil/devanagari/legacy_joined/3_purana/brahmap/brahmppu.txt,6c0aea1cfd56c76a82f533030abcc64906be12d22052d75c7307ca8ff22585b3,3293158,1201524,58071,,,0,
9c515ca46ad8f9fca7e879c0a1617207bf5ccf3df21930aaa0995227c3942c40,3_purana/brndp1_u.txt,953e3f56855a22a7a263a8e45999e5b98cee2ecc29446fe4559d116d5db01aeb,devanagari,legacy_joined,data/representations/gretil/devanagari/legacy_joined/3_purana/brndp1_u.txt,376a89c0f4003bfbe358f77d07d2906cbea109761ae5346ae3d3716658602431,918445,334291,15447,,,0,
9c515ca46ad8f9fca7e879c0a1617207bf5ccf3df21930aaa0995227c3942c40,3_purana/brndp2_u.txt,cfefdcbdd4c0e052e9e23627184f565ae800d5bf30644a7b47df9e09a7f35346,devanagari,legacy_joined,data/representations/gretil/devanagari/legacy_joined/3_purana/brndp2_u.txt,f8086dc3c62aec5e3d2b564ecdac6bd032f94f6764d97991d0d845e87fe0cec8,1399074,509124,23999,,,0,
9c515ca46ad8f9fca7e879c0a1617207bf5ccf3df21930aaa0995227c3942c40,3_purana/brndp3_u.txt,c45978812b3b54e708b386d90b5c7f4d7b249ef5a7e0a68efc374c24b46207ca,devanagari,legacy_joined,data/representations/gretil/devanagari/legacy_joined/3_purana/brndp3_u.txt,a49b4bcff20e658350c0e52a37c7d8a015865f89a8f206ea5a1c77ad39152b44,1019738,368516,17438,,,0,
9c515ca46ad8f9fca7e879c0a1617207bf5ccf3df21930aaa0995227c3942c40,3_purana/garup1_u.txt,0af79a64cdb1ad5403dd074ae8d39df6ec2b63e2a45d8b8372547baa04fdaa06,devanagari,legacy_joined,data/representations/gretil/devanagari/legacy_joined/3_purana/garup1_u.txt,44af19c767ddd27afb6d278af09bf9428baa65dc24c70e1df4b610119b0ab499,1908465,693029,32040,,,0,
9c515ca46ad8f9fca7e879c0a1617207bf5ccf3df21930aaa0995227c3942c40,3_purana/garup2_u.txt,0218196e45393bdf6583d50a847338b8a2aed33125d6afad300e32bd20de4c8d,devanagari,legacy_joined,data/representations/gretil/devanagari/legacy_joined/3_purana/garup2_u.txt,a32e86403b9eab80f26e9180f9df45802be3db3cf86209a6845c0133d56f8927,726249,265041,12265,,,0,
9c515ca46ad8f9fca7e879c0a1617207bf5ccf3df21930aaa0995227c3942c40,3_purana/garup3_u.txt,5cc48683991889152eda24eca9ac257a664fc404564438219187da1b97eac4ad,devanagari,legacy_joined,data/representations/gretil/devanagari/legacy_joined/3_purana/garup3_u.txt,854ea1e7588b32f7e52a3d73d1eec51b45f16bc8de54eecb75a322f3c41a8c96,567786,207170,8333,,,0,
9c515ca46ad8f9fca7e879c0a1617207bf5ccf3df21930aaa0995227c3942c40,3_purana/kurmp1_u.txt,78b75ec9b87a9ed031384d6ad2d9a176a045c51397b4bbc2f42ca0318c317b74,devanagari,legacy_joined,data/representations/gretil/devanagari/legacy_joined/3_purana/kurmp1_u.txt,ff9e82f3ac28d62daa126a48e999e7633198dc58bb644830747bd03f0029932e,764927,277949,13523,,,0,
9c515ca46ad8f9fca7e879c0a1617207bf5ccf3df21930aaa0995227c3942c40,3_purana/kurmp2_u.txt,3fef885697b05f8610202240c80c1fe958f71d2f045f79c3e53082d6767e99bc,devanagari,legacy_joined,data/representations/gretil/devanagari/legacy_joined/3_purana/kurmp2_u.txt,736643522c1f8a36939cf60c6455efe9636752899aff8e81535b13b9cdc8ae01,663157,241277,11525,,,0,
9c515ca46ad8f9fca7e879c0a1617207bf5ccf3df21930aaa0995227c3942c40,3_purana/lip_1_pu.txt,4844e9cb03fd991a3420a20972782f054e2d9a3d4badbcd53e4141bbf00d0319,devanagari,legacy_joined,data/representations/gretil/devanagari/legacy_joined/3_purana/lip_1_pu.txt,d9e68bcdaba29d1b6b4899cad57b2cc77f1e537b9ec28a3fbc807dbe28eafa8f,1625718,591840,28021,,,0,
9c515ca46ad8f9fca7e879c0a1617207bf5ccf3df21930aaa0995227c3942c40,3_purana/lip_2__u.txt,5205343cb45ab69a16adcf73f66b5dd6866f41a1c3e3e799d8b4e32dec3d5e13,devanagari,legacy_joined,data/representations/gretil/devanagari/legacy_joined/3_purana/lip_2__u.txt,ea14fdefebd13e61ffee5429e46a90ad2155cb63869639e2ded0b5618fc31f62,568221,206775,9615,,,0,
9c515ca46ad8f9fca7e879c0a1617207bf5ccf3df21930aaa0995227c3942c40,3_purana/mkp1-93u.txt,bdc68f1a61af0b9449462c19c7466e87bf1ef6b74aee592c00b0a516bed49b87,devanagari,legacy_joined,data/representations/gretil/devanagari/legacy_joined/3_purana/mkp1-93u.txt,b9405c2182c716d341a376ff03583d0b4bdeabb7979b5332ab1dddfd3e7b1d70,1115024,405748,19957,,,0,
9c515ca46ad8f9fca7e879c0a1617207bf5ccf3df21930aaa0995227c3942c40,3_purana/mtp176pu.txt,18951fbdb7cfc432ebe5f3938ece4d28fab9b1984a708f78e0f6e2aa40032698,devanagari,legacy_joined,data/representations/gretil/devanagari/legacy_joined/3_purana/mtp176pu.txt,2b12ebc4953214baeeb84b462607e29fb611c06801a5bdca7b5247b4126e309d,2108014,766480,36531,,,0,
9c515ca46ad8f9fca7e879c0a1617207bf5ccf3df21930aaa0995227c3942c40,3_purana/nardp1_u.txt,7c3b97c27e7c410facd0d1b5021e7c0516cd1e26d677831faff4ffb9964da4c5,devanagari,legacy_joined,data/representations/gretil/devanagari/legacy_joined/3_purana/nardp1_u.txt,a05a33262d4da5682feb2790f6929e866f49a6dc3dc6ad175efb6e3b9380123e,3176916,1149188,53375,,,0,
9c515ca46ad8f9fca7e879c0a1617207bf5ccf3df21930aaa0995227c3942c40,3_purana/nardp2_u.txt,ea5d0413e80f758fbb89d321a549abca5e5065501f1bd07287ba117762cc54ca,devanagari,legacy_joined,data/representations/gretil/devanagari/legacy_joined/3_purana/nardp2_u.txt,d8fb0b0a39ff607050a2dcc01f811a12898d1856fa587b37d1889cf50c259aa8,609281,222701,10297,,,0,
9c515ca46ad8f9fca7e879c0a1617207bf5ccf3df21930aaa0995227c3942c40,3_purana/narsippu.txt,51fc274020031db8d671560d694fa2c03bde95dd997996b023c8ead68c382bc9,devanagari,legacy_joined,data/representations/gretil/devanagari/legacy_joined/3_purana/narsippu.txt,edb21158e9e22a5b53106706783e4adc469b0ed52a776c80b5b14e9719811f55,873211,318433,14783,,,0,
9c515ca46ad8f9fca7e879c0a1617207bf5ccf3df21930aaa0995227c3942c40,3_purana/sivap1_u.txt,160fc9166c7d4a75d317fc03cf2ae38d344951c04f72bcac2a9c3acf4e6b1834,devanagari,legacy_joined,data/representations/gretil/devanagari/legacy_joined/3_purana/sivap1_u.txt,57746f89b7552619a4d58e03cc24b2c7004ac2154278f57b39f4ee91509d7d59,367777,131345,6385,,,0,
9c515ca46ad8f9fca7e879c0a1617207bf5ccf3df21930aaa0995227c3942c40,3_purana/sivap7_u.txt,58ce55a5c093824d90344ed21f8693aeb52411072909463cee6ebde69a8f6bfd,devanagari,legacy_joined,data/representations/gretil/devanagari/legacy_joined/3_purana/sivap7_u.txt,cba0a64d11a1ee20514742061ab11ad5d9aed612be7087ac09f905178e705158,994953,360805,17263,,,0,
9c515ca46ad8f9fca7e879c0a1617207bf5ccf3df21930aaa0995227c3942c40,3_purana/skp031pu.txt,ea671c586a2277c651a397be87dc26eb0b9f9ce4773ca0ce8135e4f8889cff0e,devanagari,legacy_joined,data/representations/gretil/devanagari/legacy_joined/3_purana/skp031pu.txt,6948506be3395f6a0c5e07a6c5bbe50386391af21722fa7087934d0a780fe5cb,415783,152161,7553,,,0,
9c515ca46ad8f9fca7e879c0a1617207bf5ccf3df21930aaa0995227c3942c40,3_purana/skprevku.txt,b6d4a7f31eed336598b669ef9ba20fee50b1b3ef4262c65bf2c3179ad46a786d,devanagari,legacy_joined,data/representations/gretil/devanagari/legacy_joined/3_purana/skprevku.txt,5be145e9525b5e08c578416ccd07e2c99cb0d0016e2b2f312f09599bf0256609,1593101,582431,28499,,,0,
9c515ca46ad8f9fca7e879c0a1617207bf5ccf3df21930aaa0995227c3942c40,3_purana/vamp__u.txt,c32043531099c2ed3806fe2e53eb546d2e16e902d0e1efa1803f746544d25f2a,devanagari,legacy_joined,data/representations/gretil/devanagari/legacy_joined/3_purana/vamp__u.txt,9d1473516076861ece4464b1a0cb5679beb4f3b5942c41efff1ef7f961311426,1154582,420604,19245,,,0,
9c515ca46ad8f9fca7e879c0a1617207bf5ccf3df21930aaa0995227c3942c40,3_purana/vd2127_u.txt,552edb99fa834d5c74a1fe122caf63583f962ae5bdfb92e5cc1ef9786e00b56a,devanagari,legacy_joined,data/representations/gretil/devanagari/legacy_joined/3_purana/vd2127_u.txt,f470313c0a1361f3792dd9fdab1ce12d4b54b9cb429394f80cb3f14575c41e54,12900,4702,217,,,0,
9c515ca46ad8f9fca7e879c0a1617207bf5ccf3df21930aaa0995227c3942c40,3_purana/vd3343pu.txt,b209e8a6de6dd617bb995bd1209bd066397b7e08604a9988f0a44c87bdaaf491,devanagari,legacy_joined,data/representations/gretil/devanagari/legacy_joined/3_purana/vd3343pu.txt,791a730a4f27a38017b6c5cec60fd8162638759d428629a522b56735f801be2c,88413,32415,2233,,,0,
9c515ca46ad8f9fca7e879c0a1617207bf5ccf3df21930aaa0995227c3942c40,3_purana/vipce_pu.txt,afad84225a31809c416d3987e22f7097cd47554976dccf9e3b100e07e91ef7d7,devanagari,legacy_joined,data/representations/gretil/devanagari/legacy_joined/3_purana/vipce_pu.txt,811c7d2fdbff37fb5022df28211c12512dc5807c4b95eb3bad758b3596e2573b,1532498,555700,25837,,,0,
9c515ca46ad8f9fca7e879c0a1617207bf5ccf3df21930aaa0995227c3942c40,4_rellit/buddh/asmahsuu.txt,d5bf366938a43cec4f15c045028b18ca8fad8e6144bb217763f6f225f30d7a5e,devanagari,legacy_joined,data/representations/gretil/devanagari/legacy_joined/4_rellit/buddh/asmahsuu.txt,e78bc42f95a7bde148d435fa161c665af8b71346275fc9fd86644c63220a9bbc,758272,269840,5414,,,0,
9c515ca46ad8f9fca7e879c0a1617207bf5ccf3df21930aaa0995227c3942c40,4_rellit/buddh/avsata_u.txt,8830b2e0ed1af3359349504c6207a3a6fca6a35007a0105c6ef47efa88559878,devanagari,legacy_joined,data/representations/gretil/devanagari/legacy_joined/4_rellit/buddh/avsata_u.txt,da576587eb4b0444ef0312c55d890415d75f804046da4a4bdd46ce0894d20839,1635485,582751,4089,,,0,
9c515ca46ad8f9fca7e879c0a1617207bf5ccf3df21930aaa0995227c3942c40,4_rellit/buddh/bhivin_u.txt,000628b742b7485c1c9812944eb3d628b82648d892ef068f464a14b4168ecc95,devanagari,legacy_joined,data/representations/gretil/devanagari/legacy_joined/4_rellit/buddh/bhivin_u.txt,68903eaf5351c7710ba2ae1e9bd11e657f4fef3b10634c8aa46a41ba20dbef54,914315,330513,3287,,,0,
9c515ca46ad8f9fca7e879c0a1617207bf5ccf3df21930aaa0995227c3942c40,4_rellit/buddh/divyav_u.txt,795f22048616d51c0473ed9e62eb93a9f739d0f0e008f8a942ffb4b32b1b2855,devanagari,legacy_joined,data/representations/gretil/devanagari/legacy_joined/4_rellit/buddh/divyav_u.txt,7ae818c0c45292c0a7eb500fbc712e208f6ed861092ab7610ca5fe4f24d3337f,2948106,1064624,32839,,,0,
9c515ca46ad8f9fca7e879c0a1617207bf5ccf3df21930aaa0995227c3942c40,4_rellit/buddh/mhvastuu.txt,e2b66e763ee2037d55e826d6bacd8b34d4681476a8acd560a3115ca7af9e233c,devanagari,legacy_joined,data/representations/gretil/devanagari/legacy_joined/4_rellit/buddh/mhvastuu.txt,7dfe0a058396f4b35a59d8810fb85460f6a019dd5fed1a16076b44c10a1e58f4,3762190,1374436,27649,,,0,
9c515ca46ad8f9fca7e879c0a1617207bf5ccf3df21930aaa0995227c3942c40,4_rellit/buddh/srabhu_u.txt,cb9192ebbf0e7a993fa180a01e4f80881504e0b32d6420c6deba24d5bc48b5c3,devanagari,legacy_joined,data/representations/gretil/devanagari/legacy_joined/4_rellit/buddh/srabhu_u.txt,a7db0d0f44a93dd7cfb0e421bafa196d65b88d1d57395c8cdf865210bb09eebb,765738,272556,2864,,,0,
9c515ca46ad8f9fca7e879c0a1617207bf5ccf3df21930aaa0995227c3942c40,4_rellit/buddh/sukhvylu.txt,69c2ccbf9733fb7f13de2b0c5cb203a9c7fd3ea7e0df2913d3cb1399666da7e1,devanagari,legacy_joined,data/representations/gretil/devanagari/legacy_joined/4_rellit/buddh/sukhvylu.txt,ed4eec3f6d49451ece9eca947ada7c509eae27f9d5b500e4d0cae0b538fb9e8c,204322,73518,3241,,,0,
9c515ca46ad8f9fca7e879c0a1617207bf5ccf3df21930aaa0995227c3942c40,4_rellit/buddh/sukhvysu.txt,81ac6abd8ba6f0460d1755bc41c7c66cee0da001baf65b44117652d7daffb781,devanagari,legacy_joined,data/representations/gretil/devanagari/legacy_joined/4_rellit/buddh/sukhvysu.txt,ae33422f8f49534b3e4c1656e0e19d9ed429ac3d1e3688fbf104517b8c78aa9b,26960,9744,353,,,0,
9c515ca46ad8f9fca7e879c0a1617207bf5ccf3df21930aaa0995227c3942c40,4_rellit/buddh/udanav_u.txt,bf5aa1bad356df7bbb55b66e67d86df9cea0e8a870272cbb9f1132c5b0871603,devanagari,legacy_joined,data/representations/gretil/devanagari/legacy_joined/4_rellit/buddh/udanav_u.txt,edd887e6977d40073b2866f22b566be1eaa8cb4415720cf0f699988fbded3f81,322466,119618,4275,,,0,
9c515ca46ad8f9fca7e879c0a1617207bf5ccf3df21930aaa0995227c3942c40,4_rellit/buddh/vimkn_u.txt,23849e383c196cf8410454c209bc0c8103bd5efc7af91c829899a08f39e9afc5,devanagari,legacy_joined,data/representations/gretil/devanagari/legacy_joined/4_rellit/buddh/vimkn_u.txt,31fe181dfa2bca4b2f933d100c86cf7bf8613de228c44b3a47b77b6cc30eb98e,308226,109842,1281,,,0,
9c515ca46ad8f9fca7e879c0a1617207bf5ccf3df21930aaa0995227c3942c40,4_rellit/buddh/vinsutru.txt,196bc0f28b7a7fd2b6f9b1084b8556180f564b373e2a35dbf255557d025ddd63,devanagari,legacy_joined,data/representations/gretil/devanagari/legacy_joined/4_rellit/buddh/vinsutru.txt,ff308e0d027e6c2124c43be75cd754c30c94a0eaecd5b7f43ad050df35ff411e,569524,205460,12732,,,0,
9c515ca46ad8f9fca7e879c0a1617207bf5ccf3df21930aaa0995227c3942c40,4_rellit/buddh/vinv01_u.txt,96214c70ad6ae7d46836e206912a6a77d4bafeffcd77e0cb4abb3b34e6138188,devanagari,legacy_joined,data/representations/gretil/devanagari/legacy_joined/4_rellit/buddh/vinv01_u.txt,36cbc0f8f3ddec50783f66c90bf07ac1d7f5d0396ba1bcdc95236357aa736fff,208337,74799,839,,,0,
9c515ca46ad8f9fca7e879c0a1617207bf5ccf3df21930aaa0995227c3942c40,4_rellit/buddh/vinv02_u.txt,c96c9c04db03becb57f513d484d25c6c77e7d1b360eb21faf64095e2b59df7a7,devanagari,legacy_joined,data/representations/gretil/devanagari/legacy_joined/4_rellit/buddh/vinv02_u.txt,2dbd79d766bbec10b91e3c69876e92f72b6d12d3fc48fbfb8af69915e4fddb90,142630,51318,1284,,,0,
9c515ca46ad8f9fca7e879c0a1617207bf5ccf3df21930aaa0995227c3942c40,4_rellit/buddh/vinv03_u.txt,5e199f69f3c229d6a2932e18ac774fa14fc7def8a6db3f246581e9a05a8d4a36,devanagari,legacy_joined,data/representations/gretil/devanagari/legacy_joined/4_rellit/buddh/vinv03_u.txt,50ec5504bcbc817197dc47a3b34dbc0131e9d6801b3fc07390bd6047c344a7cd,72238,25886,298,,,0,
9c515ca46ad8f9fca7e879c0a1617207bf5ccf3df21930aaa0995227c3942c40,4_rellit/buddh/vinv04_u.txt,a0994e1c1b17679b9fb8bc6b47b25908a2b49b6476be34fc2176b10b2996afa1,devanagari,legacy_joined,data/representations/gretil/devanagari/legacy_joined/4_rellit/buddh/vinv04_u.txt,a3827e0cdf7d7e57bea4611c19431e80de0266fe0ba1a32b381d295710816f39,81268,29092,223,,,0,
9c515ca46ad8f9fca7e879c0a1617207bf5ccf3df21930aaa0995227c3942c40,4_rellit/buddh/vinv05_u.txt,8c68a8ca12f38697873d5409e345f1803b79a0f4c8da6d83c98bd01cf793741f,devanagari,legacy_joined,data/representations/gretil/devanagari/legacy_joined/4_rellit/buddh/vinv05_u.txt,a2ae91696e730ed4281a3ef09e4588c662652f1f736ec189887c60b69b5211d2,143216,51348,138,,,0,
9c515ca46ad8f9fca7e879c0a1617207bf5ccf3df21930aaa0995227c3942c40,4_rellit/buddh/vinv07_u.txt,b54d8d4fd95cc7635c9cc4202eb1d6ba8f5f71d417f9cd51a11a037c9a733017,devanagari,legacy_joined,data/representations/gretil/devanagari/legacy_joined/4_rellit/buddh/vinv07_u.txt,3fcc7686f3228c61cadc6fd02f779a836029db72e6f9973a0539260b4689c12a,422285,151767,495,,,0,
9c515ca46ad8f9fca7e879c0a1617207bf5ccf3df21930aaa0995227c3942c40,4_rellit/buddh/vinv08_u.txt,ef9731228eef5468eb964627b0f451b2a48cfe43e5c995ee85f9d21a98d15c1d,devanagari,legacy_joined,data/representations/gretil/devanagari/legacy_joined/4_rellit/buddh/vinv08_u.txt,1daeaf09d4df230b1bd12b9d0d5799a6ed7179de9ffdaf1ef49ad780aec0542e,57381,20471,213,,,0,
9c515ca46ad8f9fca7e879c0a1617207bf5ccf3df21930aaa0995227c3942c40,4_rellit/buddh/vinv09_u.txt,dc6822c86a6b81234ea20232532043e5e3c5bf98fdaabbca352c72a3bcd5857c,devanagari,legacy_joined,data/representations/gretil/devanagari/legacy_joined/4_rellit/buddh/vinv09_u.txt,a520c101fd0725002970b9445b6cf855e3593f5c44d7029105b33de8273b3a00,63054,22528,133,,,0,
9c515ca46ad8f9fca7e879c0a1617207bf5ccf3df21930aaa0995227c3942c40,4_rellit/buddh/vinv10_u.txt,06c1c354ba6c9e3c61f389605738aaf97b870e9c446d883b27226f474344f12e,devanagari,legacy_joined,data/representations/gretil/devanagari/legacy_joined/4_rellit/buddh/vinv10_u.txt,3f307ae49feace179bc85ee3e9b892b830c42176ef64cad1e445ea72e91a9df7,38674,13850,75,,,0,
9c515ca46ad8f9fca7e879c0a1617207bf5ccf3df21930aaa0995227c3942c40,4_rellit/buddh/vinv11_u.txt,636782dd9eb82e03326a3d873edb364f7a9b48c96ef78e3af72cc2822750fa13,devanagari,legacy_joined,data/representations/gretil/devanagari/legacy_joined/4_rellit/buddh/vinv11_u.txt,2ece77ee01b800e5225df0ade1b3eeac03b77cb5dc582efba82709b09c974b7e,177654,62824,247,,,0,
9c515ca46ad8f9fca7e879c0a1617207bf5ccf3df21930aaa0995227c3942c40,4_rellit/buddh/vinv12_u.txt,bad8c13967f8c53b994673306545eaaa174168bbd8122a53da40e36a7c4f26f1,devanagari,legacy_joined,data/representations/gretil/devanagari/legacy_joined/4_rellit/buddh/vinv12_u.txt,a121c8cd237b2c10209ea55d218c3d5be655bc15069e251f9ed5d6a990f08ba1,83423,29645,163,,,0,
9c515ca46ad8f9fca7e879c0a1617207bf5ccf3df21930aaa0995227c3942c40,4_rellit/buddh/vinv13_u.txt,09275901e9a67418bbcf25509fe9a6bbe75248f491b8e0dea3aa12a4e352cc61,devanagari,legacy_joined,data/representations/gretil/devanagari/legacy_joined/4_rellit/buddh/vinv13_u.txt,23a8abe70c7f0db51ff7fe75cbcc104702ed12348e28614a869b8e586f091d30,32244,11430,73,,,0,
9c515ca46ad8f9fca7e879c0a1617207bf5ccf3df21930aaa0995227c3942c40,4_rellit/buddh/vinv14_u.txt,b3bd0e22f140f97fa38e1b624313da79534feeed6829c9f97fc25aa231c74682,devanagari,legacy_joined,data/representations/gretil/devanagari/legacy_joined/4_rellit/buddh/vinv14_u.txt,addf0ca199dfae06beb4c765fc4ade08f54fc1efa5b444b161c1454fc18d357d,30945,11125,95,,,0,
9c515ca46ad8f9fca7e879c0a1617207bf5ccf3df21930aaa0995227c3942c40,4_rellit/buddh/vinv15_u.txt,32961c938a24de8e1901571901008e47c9a588e16a1dd7330f8eca9263c323a3,devanagari,legacy_joined,data/representations/gretil/devanagari/legacy_joined/4_rellit/buddh/vinv15_u.txt,4955af7954213a8bcb616a122c5a8206ade9c5204d5adf0815c2d02274534cc9,228100,81472,367,,,0,
9c515ca46ad8f9fca7e879c0a1617207bf5ccf3df21930aaa0995227c3942c40,4_rellit/buddh/vinv16_u.txt,e52cba373e989385a08ddfdac9c3b93457ac8313b646e666b20299d199494962,devanagari,legacy_joined,data/representations/gretil/devanagari/legacy_joined/4_rellit/buddh/vinv16_u.txt,bf6bb46ffd0e4443aaeef40e201cefaea0ab406c35f7a81b98df22a67d258d47,212726,76178,315,,,0,
9c515ca46ad8f9fca7e879c0a1617207bf5ccf3df21930aaa0995227c3942c40,4_rellit/buddh/vinv171u.txt,7404132a706319d27812568e77298a4c90a8bcf938712fb6d27505abb9ff77c0,devanagari,legacy_joined,data/representations/gretil/devanagari/legacy_joined/4_rellit/buddh/vinv171u.txt,98379b87862d1081767d5bff178316b7b1f99502b405c749139f9449efcf8b6c,914728,327324,2096,,,0,
9c515ca46ad8f9fca7e879c0a1617207bf5ccf3df21930aaa0995227c3942c40,4_rellit/buddh/vinv172u.txt,bba0498a55f8d999e7aadf47fdbb90307c1f4f44dd7cf3b8a4914e1fef4ade0d,devanagari,legacy_joined,data/representations/gretil/devanagari/legacy_joined/4_rellit/buddh/vinv172u.txt,2a609d6f4e75d835fc2f2f277b763bab80679c8e24a248cc24ef063f9a7a3c1b,1183466,425084,2592,,,0,
9c515ca46ad8f9fca7e879c0a1617207bf5ccf3df21930aaa0995227c3942c40,4_rellit/buddh/vinv_06u.txt,23c212e2db0fd3d97272364fc06f39d39e7c5e6a951553c470883194e43eb9a2,devanagari,legacy_joined,data/representations/gretil/devanagari/legacy_joined/4_rellit/buddh/vinv_06u.txt,a973f8ae14edc0f482643e9c9f4ba6a2e1bcd6634280e4419804adcc27b0bd63,873002,313458,3400,,,0,
9c515ca46ad8f9fca7e879c0a1617207bf5ccf3df21930aaa0995227c3942c40,4_rellit/saiva/kirtm_pu.txt,e07dc9a65030c1c9cfcb691f5c30d4a21cc944d7512a11bc8fc0c71c33a3aa37,devanagari,legacy_joined,data/representations/gretil/devanagari/legacy_joined/4_rellit/saiva/kirtm_pu.txt,77495b4068c4f6fa561fb37fbacaa5d8224c96052d61d3526772178d2c76cf41,43126,15670,781,,,0,
9c515ca46ad8f9fca7e879c0a1617207bf5ccf3df21930aaa0995227c3942c40,4_rellit/saiva/kubjt_pu.txt,dd0debf0eba3accb2d7e139b69c72526f2aef8c88dab61322f2b28db59a1042c,devanagari,legacy_joined,data/representations/gretil/devanagari/legacy_joined/4_rellit/saiva/kubjt_pu.txt,4ae19818fa6268e23640d3595862a4d88243235147858935b0247a5fe65bcd7c,727702,265430,12549,,,0,
9c515ca46ad8f9fca7e879c0a1617207bf5ccf3df21930aaa0995227c3942c40,4_rellit/saiva/malinivu.txt,a75f922ee1249629c07b02407db1f38fc84b15f60edb00e9c0ce7a8f7c2dbbcf,devanagari,legacy_joined,data/representations/gretil/devanagari/legacy_joined/4_rellit/saiva/malinivu.txt,ea076d7851f449c49e15f8d87fbee0214947e643554b47a46bfa30bf43053b8f,291918,105366,5071,,,0,
9c515ca46ad8f9fca7e879c0a1617207bf5ccf3df21930aaa0995227c3942c40,4_rellit/saiva/mrgt1mpu.txt,89732087b90681053f5e95ae56d609bf643aa2f842e0a434a9c9646ec73f58ad,devanagari,legacy_joined,data/representations/gretil/devanagari/legacy_joined/4_rellit/saiva/mrgt1mpu.txt,ca0c5b1e579f54ea6f0615372bd2a915ff1066a927ab2a8d324aa43d595149c4,108732,39106,1829,,,0,
9c515ca46ad8f9fca7e879c0a1617207bf5ccf3df21930aaa0995227c3942c40,4_rellit/saiva/mrgt3mpu.txt,11ec1dc76055c39a7fe89bb32f6269745f2098f56589fa2dc718d850b896a43e,devanagari,legacy_joined,data/representations/gretil/devanagari/legacy_joined/4_rellit/saiva/mrgt3mpu.txt,836981de4b4faae01e7ab362f67fa2693ce5254c7693ec462fc86ece7e53cd92,32397,11655,529,,,0,
9c515ca46ad8f9fca7e879c0a1617207bf5ccf3df21930aaa0995227c3942c40,4_rellit/saiva/mrgt4mpu.txt,caf973d2798b7763960db9ec38139d2faf526e6c1283985661e4d80858060b9e,devanagari,legacy_joined,data/representations/gretil/devanagari/legacy_joined/4_rellit/saiva/mrgt4mpu.txt,fd5e5fa6903b3ef03f63a5fba9bc4b8a250143069fe2678bbee9636718784c9f,15775,5663,261,,,0,
9c515ca46ad8f9fca7e879c0a1617207bf5ccf3df21930aaa0995227c3942c40,4_rellit/saiva/parakspu.txt,c719ff67dfe0df145ad8218f40f45ca28d1518e20d9f147f170928197bede6bb,devanagari,legacy_joined,data/representations/gretil/devanagari/legacy_joined/4_rellit/saiva/parakspu.txt,9d53aeb87702d622e6e5298e89e3f3246fd1ff047370e0e9e7ec1fe242c07d02,133006,47266,843,,,0,
9c515ca46ad8f9fca7e879c0a1617207bf5ccf3df21930aaa0995227c3942c40,4_rellit/saiva/pasupspu.txt,3494910d97c49b423a4ccc6db32f45534c38c0775b0bd154375ae3b7b2b04989,devanagari,legacy_joined,data/representations/gretil/devanagari/legacy_joined/4_rellit/saiva/pasupspu.txt,c0bdcc17c2fb640f70569f4f4a10f16dc481383bbe99baa05b780c2b49ca3f75,8477,3195,329,,,0,
9c515ca46ad8f9fca7e879c0a1617207bf5ccf3df21930aaa0995227c3942c40,4_rellit/saiva/sivsutru.txt,0cd25ecbe4562592dbf142327468b2f115ea6403e54d67716402f2cce4ef3b8c,devanagari,legacy_joined,data/representations/gretil/devanagari/legacy_joined/4_rellit/saiva/sivsutru.txt,fd858e52f2afaa76863fe00158a6a08e8cd6d5005f53178e21021b8a2e5dca00,97923,35035,1817,,,0,
9c515ca46ad8f9fca7e879c0a1617207bf5ccf3df21930aaa0995227c3942c40,4_rellit/saiva/svact_pu.txt,f8436cd190e567e9e7a3f60ca3e878fe04ccbddc086225646dfc167656dec7f6,devanagari,legacy_joined,data/representations/gretil/devanagari/legacy_joined/4_rellit/saiva/svact_pu.txt,74b557789957a0285c25c1e5c68ee7bbbc182f5498972210e2bed1b2b04a2349,870640,315730,14855,,,0,
9c515ca46ad8f9fca7e879c0a1617207bf5ccf3df21930aaa0995227c3942c40,4_rellit/saiva/todaltpu.txt,f0663b175ec060d5f92b1e773440207b0a2134a501ffba74b915d46a6b4c1860,devanagari,legacy_joined,data/representations/gretil/devanagari/legacy_joined/4_rellit/saiva/todaltpu.txt,ee9e42e4d53846541fb18bdf8fce8252a975c69d8660015e40cac1206ee0d213,94710,34624,1715,,,0,
9c515ca46ad8f9fca7e879c0a1617207bf5ccf3df21930aaa0995227c3942c40,4_rellit/saiva/vinst_pu.txt,6467f80db4d0931397e1578a65343e3ba1af04ceb04239d6da5a3516c1ad7aad,devanagari,legacy_joined,data/representations/gretil/devanagari/legacy_joined/4_rellit/saiva/vinst_pu.txt,9406b6e3d6627ee7f80b39d046ad7ec4631404202f1fda1284521e44904afc5c,95875,34797,1653,,,0,
9c515ca46ad8f9fca7e879c0a1617207bf5ccf3df21930aaa0995227c3942c40,4_rellit/vaisn/astavgpu.txt,becaa71a5ae25b22d5e6c7263f62476e4d5c28c91d0cee418405b2d91810199b,devanagari,legacy_joined,data/representations/gretil/devanagari/legacy_joined/4_rellit/vaisn/astavgpu.txt,f8957fbdd7cc4c93a8be4e4f3e0951515f5e4790e4381c2b9cf1dc7bd41be869,70469,26169,1235,,,0,
9c515ca46ad8f9fca7e879c0a1617207bf5ccf3df21930aaa0995227c3942c40,4_rellit/vaisn/hbhvil_u.txt,d84304eb9231052befaee1a04f3cfde3554cd9dddb8e474505b865312d19dedd,devanagari,legacy_joined,data/representations/gretil/devanagari/legacy_joined/4_rellit/vaisn/hbhvil_u.txt,8327233a9eadd018f166fd3c1a4374e92d89a84a4cb8dabcb02e4d79a3bafaca,1236100,449512,23599,,,0,
9c515ca46ad8f9fca7e879c0a1617207bf5ccf3df21930aaa0995227c3942c40,4_rellit/vaisn/satvtanu.txt,f6bea6ab41ccaa1746e183a437edaf0079c9ea58a916839c08b56dddeace174a,devanagari,legacy_joined,data/representations/gretil/devanagari/legacy_joined/4_rellit/vaisn/satvtanu.txt,e3466d1d02895b2c73c5a6e0d71f090670ac283e2465a238e3609a759e123b0b,174080,62624,2897,,,0,
9c515ca46ad8f9fca7e879c0a1617207bf5ccf3df21930aaa0995227c3942c40,4_rellit/vaisn/ss1_tatu.txt,61329ad342e593a76004d808eea37362ed89a71052a9f3a8c33edc0e4ce59acf,devanagari,legacy_joined,data/representations/gretil/devanagari/legacy_joined/4_rellit/vaisn/ss1_tatu.txt,a8b0a5a3de47737468ae0c08d7bd2b79e43d2879c53603a847ce955cb3f7e6cf,253684,91244,3465,,,0,
9c515ca46ad8f9fca7e879c0a1617207bf5ccf3df21930aaa0995227c3942c40,4_rellit/vaisn/ss2_bhgu.txt,930b1850494361f22ed792b2823698df2795c9121fd87f5623212abf82ba7495,devanagari,legacy_joined,data/representations/gretil/devanagari/legacy_joined/4_rellit/vaisn/ss2_bhgu.txt,eec03d9218e6c057caefa396f7d54fe1a12f9293ec7282f3408733525e9cf811,644664,233080,9848,,,0,
9c515ca46ad8f9fca7e879c0a1617207bf5ccf3df21930aaa0995227c3942c40,4_rellit/vaisn/ss3_paru.txt,3ea3fe27e094f3632fa09d5017dd462763637adbb8d53038d21cb28d6d56f502,devanagari,legacy_joined,data/representations/gretil/devanagari/legacy_joined/4_rellit/vaisn/ss3_paru.txt,186f660d9c058eb2cd9e3bf3de059619be65b05521a5eaa699e2d891f87585da,414833,149927,6333,,,0,
9c515ca46ad8f9fca7e879c0a1617207bf5ccf3df21930aaa0995227c3942c40,4_rellit/vaisn/ss4_krsu.txt,2b7d5e54be724639a5507b3dc402e44a78cb69c5e93ced17166c195994708435,devanagari,legacy_joined,data/representations/gretil/devanagari/legacy_joined/4_rellit/vaisn/ss4_krsu.txt,e413131013a9013ee162904ab2683a8ddd7ade9c77d87d64720144d2a33adbab,623135,224987,9116,,,0,
9c515ca46ad8f9fca7e879c0a1617207bf5ccf3df21930aaa0995227c3942c40,4_rellit/vaisn/ss5_bhku.txt,1db299075aae62f89de922e6fe552fec2e18e2cc85d74a4e857fb45e3e9c9b1f,devanagari,legacy_joined,data/representations/gretil/devanagari/legacy_joined/4_rellit/vaisn/ss5_bhku.txt,590bd507574cb0d0d3705cee82ea4aff2dc7742ef97d6ecbdb8674b4afc77516,973525,352067,15052,,,0,
9c515ca46ad8f9fca7e879c0a1617207bf5ccf3df21930aaa0995227c3942c40,4_rellit/vaisn/ss6_priu.txt,cbcceda77a80116c1c49574e51d0c834cb42d96acc84bbbd7e373905e28daf60,devanagari,legacy_joined,data/representations/gretil/devanagari/legacy_joined/4_rellit/vaisn/ss6_priu.txt,3dbf8f51a4b72315980bba48de418969502ffb403eb8a312aaf67599100b9a7c,937306,338552,14547,,,0,
9c515ca46ad8f9fca7e879c0a1617207bf5ccf3df21930aaa0995227c3942c40,4_rellit/vaisn/vaimp__u.txt,c7179c52ddf792fb72181179d3d923d354b0966c1eb08abee8fe8ae2cb14e9ab,devanagari,legacy_joined,data/representations/gretil/devanagari/legacy_joined/4_rellit/vaisn/vaimp__u.txt,4e902144b528b20a8820de0c912d66f74e8c9483616aef7819ef4d485c3dfcfe,531000,197412,13703,,,0,
9c515ca46ad8f9fca7e879c0a1617207bf5ccf3df21930aaa0995227c3942c40,4_rellit/vaisn/yamcatpu.txt,1f4047944fbd4f1eaa71e7535635ebd7fa78adf149fa6c889c9c04d67a3e24b2,devanagari,legacy_joined,data/representations/gretil/devanagari/legacy_joined/4_rellit/vaisn/yamcatpu.txt,5daea56c0d7db762638974724adf252093fbd8781ed3d0a301db69d033d3cc8f,2115,759,15,,,0,
9c515ca46ad8f9fca7e879c0a1617207bf5ccf3df21930aaa0995227c3942c40,4_rellit/vaisn/yamsr_pu.txt,b86cecd0914f726732d2ee8aa0e828d39c2118e7b029db187946138c16f1c230,devanagari,legacy_joined,data/representations/gretil/devanagari/legacy_joined/4_rellit/vaisn/yamsr_pu.txt,b6eab4c5e16a9ade29e82aeaba3fd7afa590a228b7820b5b0a7e46489d69cb2f,20938,7502,253,,,0,
9c515ca46ad8f9fca7e879c0a1617207bf5ccf3df21930aaa0995227c3942c40,5_poetry/1_chandas/jvrtmspu.txt,10d6fd17650371fd98627577806ebc7044f072a67ff8122c7fbe348a911577f0,devanagari,legacy_joined,data/representations/gretil/devanagari/legacy_joined/5_poetry/1_chandas/jvrtmspu.txt,3c117974ba6316bb8a72ca05b13b8fb0bff360208c86e52f71dcd481c4e9b25c,52267,18561,637,,,0,
9c515ca46ad8f9fca7e879c0a1617207bf5ccf3df21930aaa0995227c3942c40,5_poetry/1_chandas/kedvratu.txt,396f82413edc8556c7c8f95e973cac99487805dde286e40b19aaeb742f04233f,devanagari,legacy_joined,data/representations/gretil/devanagari/legacy_joined/5_poetry/1_chandas/kedvratu.txt,e689f42900e06f8fc69f984518f4c5c483d2eb61f048b51f11807065046c0fb6,32819,11897,621,,,0,
9c515ca46ad8f9fca7e879c0a1617207bf5ccf3df21930aaa0995227c3942c40,5_poetry/1_chandas/kvrtrsuu.txt,9cb36dc9529accab6d7e34f7e890d75cdbd5aa789cb808d1f1826eb303cd3d8d,devanagari,legacy_joined,data/representations/gretil/devanagari/legacy_joined/5_poetry/1_chandas/kvrtrsuu.txt,033c54bdde4ee1df520e192734d526c74620de6ae7e25a8b81d961963fcab576,205990,74428,2565,,,0,
9c515ca46ad8f9fca7e879c0a1617207bf5ccf3df21930aaa0995227c3942c40,5_poetry/1_natya/bharnatu.txt,0b7999fcca63fa954f2a4ed9cbb18bb7dfd3ce3c6f0a1e94e26735273fb00ef4,devanagari,legacy_joined,data/representations/gretil/devanagari/legacy_joined/5_poetry/1_natya/bharnatu.txt,34c62391bdd8097814304b751174b0a891aa58d255803b7d3cbe7812e3010ad8,1108872,401364,18441,,,0,
9c515ca46ad8f9fca7e879c0a1617207bf5ccf3df21930aaa0995227c3942c40,5_poetry/1_natya/dhandasu.txt,7602c481f80527f39bf3ea763bf1fb0a0a32612c2c958b67786286105eb30c89,devanagari,legacy_joined,data/representations/gretil/devanagari/legacy_joined/5_poetry/1_natya/dhandasu.txt,90487b5e645b7f64f9b3ef6e0fee67ba4cf9cef835090f20314d54ec2c1e3478,75442,26982,1263,,,0,
9c515ca46ad8f9fca7e879c0a1617207bf5ccf3df21930aaa0995227c3942c40,5_poetry/2_kavya/akadambu.txt,3d8c25edc06672c908d25e1858b2a42e58507caa08d2afa54fb44022743fd872,devanagari,legacy_joined,data/representations/gretil/devanagari/legacy_joined/5_poetry/2_kavya/akadambu.txt,03670fbb5cd7f69d3ffd7ab32fad3e0c842275cf5589234a89062e403fe3c4cf,209830,75880,3573,,,0,
9c515ca46ad8f9fca7e879c0a1617207bf5ccf3df21930aaa0995227c3942c40,5_poetry/2_kavya/amaru_u.txt,7e27ff346025e7171b9055cdcc904129e1bf7adb75019103d7514cb1a53db959,devanagari,legacy_joined,data/representations/gretil/devanagari/legacy_joined/5_poetry/2_kavya/amaru_u.txt,f1ba001a3f7bcb786f132bb1330456f4b8fd2ee32317e2f1f17bc75f50dc7f6b,115225,41831,1846,,,0,
9c515ca46ad8f9fca7e879c0a1617207bf5ccf3df21930aaa0995227c3942c40,5_poetry/2_kavya/asvbuc2u.txt,d9789f28b4dd80704e59af97af25cd888f9ab1566576ebb290347179d502f2b3,devanagari,legacy_joined,data/representations/gretil/devanagari/legacy_joined/5_poetry/2_kavya/asvbuc2u.txt,7f67cbd02931fd6a2dfc809d2faa52ae8c577ff539a539d7bf6f3376c23bdc0d,302261,109653,4161,,,0,
9c515ca46ad8f9fca7e879c0a1617207bf5ccf3df21930aaa0995227c3942c40,5_poetry/2_kavya/asvsau2u.txt,c68e0c6f9e6454e7d56611e0e4242fd99c7a90965c0315af12b8e11946000b82,devanagari,legacy_joined,data/representations/gretil/devanagari/legacy_joined/5_poetry/2_kavya/asvsau2u.txt,e4a03749ef9335880fd1c08e0055ce7bf5d0749c7f8cb8b20010d990c326c780,306384,111220,4439,,,0,
9c515ca46ad8f9fca7e879c0a1617207bf5ccf3df21930aaa0995227c3942c40,5_poetry/2_kavya/bhakirpu.txt,6caef04704607f623cf18b721ce0b69bd4d42ffc9a86afbd5ee84b4ff3050258,devanagari,legacy_joined,data/representations/gretil/devanagari/legacy_joined/5_poetry/2_kavya/bhakirpu.txt,8f9896d7c8792fa2181fd6e302769fc78fbcad7f7e0d4c02cc3494328cf96598,302527,108747,4159,,,0,
9c515ca46ad8f9fca7e879c0a1617207bf5ccf3df21930aaa0995227c3942c40,5_poetry/2_kavya/bhattiku.txt,f4557da63b872174ac7e1592da4d6cfced46a8cefb2952f694137df4cdd670ce,devanagari,legacy_joined,data/representations/gretil/devanagari/legacy_joined/5_poetry/2_kavya/bhattiku.txt,eb4799c1800b91c4e8f46a4b14721dc4ec601f16fa7af7f1f5d4d185762e409a,417069,153163,6437,,,0,
9c515ca46ad8f9fca7e879c0a1617207bf5ccf3df21930aaa0995227c3942c40,5_poetry/2_kavya/bicauppu.txt,0c8a8f9eea6c0d8913e87014e5dae59750b80759b30229e0e5b526bf29037994,devanagari,legacy_joined,data/representations/gretil/devanagari/legacy_joined/5_poetry/2_kavya/bicauppu.txt,9d90274491b3598bbd55c1fd25edd86a4665ba0c901d536bc96c568d5f4110b7,18873,6739,203,,,0,
9c515ca46ad8f9fca7e879c0a1617207bf5ccf3df21930aaa0995227c3942c40,5_poetry/2_kavya/dandkc_u.txt,ddd3682c3134abe7552231f1e58aee7b291dcb9ffef98d682922f181f64eac01,devanagari,legacy_joined,data/representations/gretil/devanagari/legacy_joined/5_poetry/2_kavya/dandkc_u.txt,cef69279e103190b049ccd227d205496e69fda0685344ff29d0303f92c50fe22,581698,206790,4299,,,0,
9c515ca46ad8f9fca7e879c0a1617207bf5ccf3df21930aaa0995227c3942c40,5_poetry/2_kavya/jaygit2u.txt,b332ad6d14a53dda127cf04ca2adfd803991d5b0d58f474c709eb27850db473f,devanagari,legacy_joined,data/representations/gretil/devanagari/legacy_joined/5_poetry/2_kavya/jaygit2u.txt,576453dee89b75c38e1bf2c4969f1c561dbe9528057581f8f4b08c7dea7369d9,89727,32331,1441,,,0,
9c515ca46ad8f9fca7e879c0a1617207bf5ccf3df21930aaa0995227c3942c40,5_poetry/2_kavya/kakumspu.txt,94f8f3d8ba63d475cc0c6b2817716954fec8bfedff8936e37b49e6681856ff2a,devanagari,legacy_joined,data/representations/gretil/devanagari/legacy_joined/5_poetry/2_kavya/kakumspu.txt,718a80ac2266bed8e45059632bab8fbff655945abcfb139285512359b1280149,172933,62101,2451,,,0,
9c515ca46ad8f9fca7e879c0a1617207bf5ccf3df21930aaa0995227c3942c40,5_poetry/2_kavya/kalrs_pu.txt,218feb599f4bb546c61e3776103f2912805b214d87b5cea9b1295769c97e9cd8,devanagari,legacy_joined,data/representations/gretil/devanagari/legacy_joined/5_poetry/2_kavya/kalrs_pu.txt,1c9804fc43ef33b42754b50e526a4bc1ac7e621a4f84177009911bdabbeca18e,55563,19743,643,,,0,
9c515ca46ad8f9fca7e879c0a1617207bf5ccf3df21930aaa0995227c3942c40,5_poetry/2_kavya/kmeghdpu.txt,d54a3500b02810941e255c692556973ce1e8443faa145ece5d6597121cfa7002,devanagari,legacy_joined,data/representations/gretil/devanagari/legacy_joined/5_poetry/2_kavya/kmeghdpu.txt,87fe66a700b5422442d773e880e0aa3ca9eb54e57d435ea5527d52a4d3b1a210,52801,18793,445,,,0,
9c515ca46ad8f9fca7e879c0a1617207bf5ccf3df21930aaa0995227c3942c40,5_poetry/2_kavya/kragh_pu.txt,871d481e98eb4f5cceeacce49e137c1339c8d672606e0a075e639251cc4a5b8a,devanagari,legacy_joined,data/representations/gretil/devanagari/legacy_joined/5_poetry/2_kavya/kragh_pu.txt,41015303d01943d2e02aec9c35daff23181756356603eef45a89ea37a661ec51,455331,163289,6547,,,0,
9c515ca46ad8f9fca7e879c0a1617207bf5ccf3df21930aaa0995227c3942c40,5_poetry/2_kavya/maghspvu.txt,7e4d857e547b3badda8047b6b19400ee93369468ed4db113b5516f9ad3c7daa0,devanagari,legacy_joined,data/representations/gretil/devanagari/legacy_joined/5_poetry/2_kavya/maghspvu.txt,31c686eb0ab5719f91437f88c45d30c2659cecb2794b3c5a189b476492bedb5c,485732,173078,6579,,,0,
9c515ca46ad8f9fca7e879c0a1617207bf5ccf3df21930aaa0995227c3942c40,5_poetry/2_kavya/nkalivpu.txt,b55aa0878824496f266d2461be73af96badf8fb098dd833bdaec78975c0be87b,devanagari,legacy_joined,data/representations/gretil/devanagari/legacy_joined/5_poetry/2_kavya/nkalivpu.txt,2d3db3c0e40c808f5f3bb3d7e79f430b9bbb3a0efa277f3cdec3ee2bee718453,24708,8982,425,,,0,
9c515ca46ad8f9fca7e879c0a1617207bf5ccf3df21930aaa0995227c3942c40,5_poetry/2_kavya/padnscpu.txt,77b0fc4cf11d7e35ca7ef4e7ff53c01fbdc6a456c783ae638c3d4ccedcd075b3,devanagari,legacy_joined,data/representations/gretil/devanagari/legacy_joined/5_poetry/2_kavya/padnscpu.txt,c980b1c5ca944345b0f4e9a7a310eeac6c25e00c930202ab4021055739161e60,442706,158944,6575,,,0,
9c515ca46ad8f9fca7e879c0a1617207bf5ccf3df21930aaa0995227c3942c40,5_poetry/2_kavya/ramodtpu.txt,e4b7f34f86587b3236e6a1b0b6f1a0968e5ad2ef7d270cc46dfd818daca8fca1,devanagari,legacy_joined,data/representations/gretil/devanagari/legacy_joined/5_poetry/2_kavya/ramodtpu.txt,479b97e1be4a9ab24cc048d39527690270f190cf5fcec2cd6425ae52d6c0606a,50913,18563,895,,,0,
9c515ca46ad8f9fca7e879c0a1617207bf5ccf3df21930aaa0995227c3942c40,5_poetry/4_narr/brkas_pu.txt,1bbead87e3d2d02b58a793c5fba9b6a74941dc5ec7dd688ae2f59896d3143a38,devanagari,legacy_joined,data/representations/gretil/devanagari/legacy_joined/5_poetry/4_narr/brkas_pu.txt,4cfb194b371caed8205de4bde7837d89a0a79b3539204dfae671e96916501265,1066259,386931,18141,,,0,
9c515ca46ad8f9fca7e879c0a1617207bf5ccf3df21930aaa0995227c3942c40,5_poetry/4_narr/hitop_u.txt,bb68c22d2e6b2161837554abf41635202bddef131e5bb107e19e386d39626254,devanagari,legacy_joined,data/representations/gretil/devanagari/legacy_joined/5_poetry/4_narr/hitop_u.txt,853672142ebbcdac65ee4fcbed0f2e688aff0433f911ef174c307f46b33fef79,406080,147444,5218,,,0,
9c515ca46ad8f9fca7e879c0a1617207bf5ccf3df21930aaa0995227c3942c40,5_poetry/4_narr/sokss_pu.txt,eb9a1b26778358dfa764229e579d378c98ff84731efb929f64588f5d0abc170d,devanagari,legacy_joined,data/representations/gretil/devanagari/legacy_joined/5_poetry/4_narr/sokss_pu.txt,1ef07f3cbe6e3d4d1983bcacf9613a689f20f2e4a4a16391ebed0c40fd3821de,5140211,1870617,86751,,,0,
9c515ca46ad8f9fca7e879c0a1617207bf5ccf3df21930aaa0995227c3942c40,5_poetry/4_narr/ttrkhy1u.txt,0f78147713bbfc8eb982b2b9637986d058b5e49f515db61502e15fcf45a67cac,devanagari,legacy_joined,data/representations/gretil/devanagari/legacy_joined/5_poetry/4_narr/ttrkhy1u.txt,70d0ce71f13b0fd9eb460326bda7c93512a8c366b32e2947a892232e18f7e1eb,80539,29105,1671,,,0,
9c515ca46ad8f9fca7e879c0a1617207bf5ccf3df21930aaa0995227c3942c40,5_poetry/4_narr/ttrkhy2u.txt,8b4f8111e685633189c9ede1b3c70666f1583bec5be408aff7e26f86b30e4459,devanagari,legacy_joined,data/representations/gretil/devanagari/legacy_joined/5_poetry/4_narr/ttrkhy2u.txt,47914b9a12b311582de78f121e71306d48bd5c80dcce5a82ec74c85e725f77b2,57074,20782,1207,,,0,
9c515ca46ad8f9fca7e879c0a1617207bf5ccf3df21930aaa0995227c3942c40,5_poetry/5_subhas/bharst_u.txt,d0bacd909d66966539730010b59d42f07bb2bac733c9296570a865f1ba52f666,devanagari,legacy_joined,data/representations/gretil/devanagari/legacy_joined/5_poetry/5_subhas/bharst_u.txt,0bba02d348347d22590ba08f3f7c240141d4f8b74475aa0c072731692e9468d5,139013,51549,2499,,,0,
9c515ca46ad8f9fca7e879c0a1617207bf5ccf3df21930aaa0995227c3942c40,5_poetry/5_subhas/ksdarppu.txt,8b0904d366ebb5a25ce83ff0b6e9ac1bb14c430e657fedb916f25f67d89f1c8e,devanagari,legacy_joined,data/representations/gretil/devanagari/legacy_joined/5_poetry/5_subhas/ksdarppu.txt,9a269888adc73c5c223b3fb97530d7dd436b255d6fc6c4b7416374dfe9db31ab,154530,55782,2395,,,0,
9c515ca46ad8f9fca7e879c0a1617207bf5ccf3df21930aaa0995227c3942c40,5_poetry/5_subhas/msubhs_u.txt,a41a044d39ca4796548b6cb34bad568861a9a9199e77a49cdf700b19c1001bda,devanagari,legacy_joined,data/representations/gretil/devanagari/legacy_joined/5_poetry/5_subhas/msubhs_u.txt,0e71ff42ef5cc1541f694de1e04f0e902a261f9092c2f10caacad5ba73b6110f,3175613,1146853,40771,,,0,
9c515ca46ad8f9fca7e879c0a1617207bf5ccf3df21930aaa0995227c3942c40,5_poetry/5_subhas/valsubhu.txt,fa4788a3b25e76c6300116f7c6278e152c175fd6d5441053f846cc985b1c5e2a,devanagari,legacy_joined,data/representations/gretil/devanagari/legacy_joined/5_poetry/5_subhas/valsubhu.txt,ed4e6ef35752ace1afc5dcbf8b64b4cc0e508275426496eeeab12a670ec4b654,369999,134609,6677,,,0,
9c515ca46ad8f9fca7e879c0a1617207bf5ccf3df21930aaa0995227c3942c40,5_poetry/5_subhas/vidsrgpu.txt,8f508110e6e43034bfd4162b3a7ecc5d9fa3f8f2d5d2513c5199777985a32f79,devanagari,legacy_joined,data/representations/gretil/devanagari/legacy_joined/5_poetry/5_subhas/vidsrgpu.txt,a3de50ea4369afa01dcb23cd235879ec16a6c29732cfb1ff241ec072a5ec7886,782045,280111,9079,,,0,
9c515ca46ad8f9fca7e879c0a1617207bf5ccf3df21930aaa0995227c3942c40,5_poetry/6_hist/jonart_pu.txt,12e61ef70de2c6b4ba3b74bf2caa4a19089dc8a0aed543d8404bc14b94e24a29,devanagari,legacy_joined,data/representations/gretil/devanagari/legacy_joined/5_poetry/6_hist/jonart_pu.txt,4d617be35a6d961a262e852f01c7c5400f8c640360430416dc66f1d26beb4cb3,320242,115062,5335,,,0,
9c515ca46ad8f9fca7e879c0a1617207bf5ccf3df21930aaa0995227c3942c40,6_sastra/3_phil/buddh/nagmmk_u.txt,eac4ef20356fb616942be13bf672b0f0c2f5c64d049d781723124475e4a7a9e0,devanagari,legacy_joined,data/representations/gretil/devanagari/legacy_joined/6_sastra/3_phil/buddh/nagmmk_u.txt,1c0d20af3b5c8450b036c13f381ef2c8bcdac6b3476e0e1ea6c05a6aee99b66f,101722,37290,1791,,,0,
9c515ca46ad8f9fca7e879c0a1617207bf5ccf3df21930aaa0995227c3942c40,6_sastra/3_phil/buddh/nagvigvu.txt,2e52aaa7d8730fccf3dfc1d9d7a9d6b8855850a6970ed6cba588333822407648,devanagari,legacy_joined,data/representations/gretil/devanagari/legacy_joined/6_sastra/3_phil/buddh/nagvigvu.txt,4f425a3c9d62cf131849064372ddbc2272de216c627dba7577cf83328bfc4bed,99406,35848,665,,,0,
9c515ca46ad8f9fca7e879c0a1617207bf5ccf3df21930aaa0995227c3942c40,6_sastra/3_phil/buddh/nrat_1_u.txt,35ca54961a3941c0cd9a454b6a479b25e920180fdd3814ecbd4aea573dea90cf,devanagari,legacy_joined,data/representations/gretil/devanagari/legacy_joined/6_sastra/3_phil/buddh/nrat_1_u.txt,8fd2bde2414d14ece81aee8a34191558cb95aa7d448ce69d87b5efd993641f04,18250,6584,310,,,0,
9c515ca46ad8f9fca7e879c0a1617207bf5ccf3df21930aaa0995227c3942c40,6_sastra/3_phil/buddh/nrat_2_u.txt,e96e56d6654976b5caba1416a46303c60e177b0d6be6e1b66fc3f4c8d42ac908,devanagari,legacy_joined,data/representations/gretil/devanagari/legacy_joined/6_sastra/3_phil/buddh/nrat_2_u.txt,e56ff32572aace0e6750c39910057dc459a113fca6d4c6e703a7fecb8d14f933,10749,3887,184,,,0,
9c515ca46ad8f9fca7e879c0a1617207bf5ccf3df21930aaa0995227c3942c40,6_sastra/3_phil/buddh/nrat_4_u.txt,4c90fdbd66b952d202c2fcec7d0b83e9c46639aa3078e42f7494635d404a549d,devanagari,legacy_joined,data/representations/gretil/devanagari/legacy_joined/6_sastra/3_phil/buddh/nrat_4_u.txt,ec1fa9c2df0b13427cf6f068f8db1f1b766ec6f4dc9fad9f38b8fe7ab9c40b4a,24060,8652,402,,,0,
9c515ca46ad8f9fca7e879c0a1617207bf5ccf3df21930aaa0995227c3942c40,6_sastra/3_phil/buddh/pramanvu.txt,006c6140dc13e5dfeb5983a46fd247ad85f3d8cf3b3f47df0f282d654bdef914,devanagari,legacy_joined,data/representations/gretil/devanagari/legacy_joined/6_sastra/3_phil/buddh/pramanvu.txt,a481393321b070ea061f045694319acef25f8babd30743b8fd0fa24eda5ee296,344673,123879,5811,,,0,
9c515ca46ad8f9fca7e879c0a1617207bf5ccf3df21930aaa0995227c3942c40,6_sastra/3_phil/buddh/santbcpu.txt,e413ae132a506e49c446aa4142745d907772377d43571f848f7ce503a93aa61c,devanagari,legacy_joined,data/representations/gretil/devanagari/legacy_joined/6_sastra/3_phil/buddh/santbcpu.txt,e57a239ed136a4ab63281325f87d3966b30f87265f9e1e15a7c99bba31c47472,221765,80507,3691,,,0,
9c515ca46ad8f9fca7e879c0a1617207bf5ccf3df21930aaa0995227c3942c40,6_sastra/3_phil/buddh/vakobhau.txt,40abee07c1566de34715073e4d007622bd5f714e32b2faa3f85cba682b8a3b70,devanagari,legacy_joined,data/representations/gretil/devanagari/legacy_joined/6_sastra/3_phil/buddh/vakobhau.txt,a8dcb4696a967c98f6c15d9ab910f66707388eefcf9d1dbf669b8677acadccf9,1932294,696450,31509,,,0,
9c515ca46ad8f9fca7e879c0a1617207bf5ccf3df21930aaa0995227c3942c40,6_sastra/3_phil/mimamsa/jaimsutu.txt,7cf06b6b538be1270ff995f3fed3e718134476239b1fe3cbe1ed20256ae63f5c,devanagari,legacy_joined,data/representations/gretil/devanagari/legacy_joined/6_sastra/3_phil/mimamsa/jaimsutu.txt,24416d4266585c3c418e3057f6bf4778ccbba59448aa56a7677b6ac3e2599f0e,281705,100911,5449,,,0,
9c515ca46ad8f9fca7e879c0a1617207bf5ccf3df21930aaa0995227c3942c40,6_sastra/3_phil/nyaya/antarkpu.txt,68d89a938255dcf4f68cab584e3c40a4a2ee2e8b07599214e90687ddc130360a,devanagari,legacy_joined,data/representations/gretil/devanagari/legacy_joined/6_sastra/3_phil/nyaya/antarkpu.txt,27baa63bcbba1f07093d641aa1f4ca153c882b7c0d4642a016ba1d8159bc6107,33102,11734,169,,,0,
9c515ca46ad8f9fca7e879c0a1617207bf5ccf3df21930aaa0995227c3942c40,6_sastra/3_phil/nyaya/gaunys_u.txt,d748011af50425faa9c8dff897a301274e7ad24e31635a46070464f6bb41491b,devanagari,legacy_joined,data/representations/gretil/devanagari/legacy_joined/6_sastra/3_phil/nyaya/gaunys_u.txt,353a492e87dda879ebca599db7277dd88f4e2d6b0ea6834f90e589075251b527,67872,23998,1249,,,0,
9c515ca46ad8f9fca7e879c0a1617207bf5ccf3df21930aaa0995227c3942c40,6_sastra/3_phil/saiva/paratriu.txt,c8d460fcc33b840610a7889bc76bdffb895839ca39ec158afde11e75de59d1b6,devanagari,legacy_joined,data/representations/gretil/devanagari/legacy_joined/6_sastra/3_phil/saiva/paratriu.txt,d022627a57ef2d679ddccfbc065f7d76aa919ce753655c9e619b63f5775ac839,8762,3168,149,,,0,
9c515ca46ad8f9fca7e879c0a1617207bf5ccf3df21930aaa0995227c3942c40,6_sastra/3_phil/saiva/parmartu.txt,66f293b1b064110fbc21b3aa99a600067eeaba63e62a315aaccf238a7b581d72,devanagari,legacy_joined,data/representations/gretil/devanagari/legacy_joined/6_sastra/3_phil/saiva/parmartu.txt,1a3da9b0d49ed7e6ebe17cbf306ef01d88bc7cf5ea7c7005ae8ab93b63a348d8,26545,9571,421,,,0,
9c515ca46ad8f9fca7e879c0a1617207bf5ccf3df21930aaa0995227c3942c40,6_sastra/3_phil/saiva/pratyabu.txt,9fb07fd54562710fe5ccce055be41700676ffc70e4239589eb929fa5c74c5f91,devanagari,legacy_joined,data/representations/gretil/devanagari/legacy_joined/6_sastra/3_phil/saiva/pratyabu.txt,b52c7e23920b64c58847d2613a8ae29f5ee5612300a9eb4a008c16cf0977e469,79118,28386,1180,,,0,
9c515ca46ad8f9fca7e879c0a1617207bf5ccf3df21930aaa0995227c3942c40,6_sastra/3_phil/saiva/tantralu.txt,9a66b8bb0de31ffcc4f2b9725db9864ba854259f92a97cd48beb9f8cc67d6b6a,devanagari,legacy_joined,data/representations/gretil/devanagari/legacy_joined/6_sastra/3_phil/saiva/tantralu.txt,d16a2b97d442962f2fbe319189662573743ede65968e190b1ae0ce93402a3105,1417341,510725,23391,,,0,
9c515ca46ad8f9fca7e879c0a1617207bf5ccf3df21930aaa0995227c3942c40,6_sastra/3_phil/samkhya/isvskaru.txt,3c8802b2f399b2871e0a8839a838d41c988a8ba6f2217ff20c2285c8d573200a,devanagari,legacy_joined,data/representations/gretil/devanagari/legacy_joined/6_sastra/3_phil/samkhya/isvskaru.txt,9b7830d3e902a8eca7dcfa660aa2f74ebd0c3002013521a27f083af696b71617,18036,6498,294,,,0,
9c515ca46ad8f9fca7e879c0a1617207bf5ccf3df21930aaa0995227c3942c40,6_sastra/3_phil/vaisesik/vaissu1u.txt,b0d87dcc4fa7941be49056cedcd97c3c3fd5e449790185a9e1f3cd5b431b06c4,devanagari,legacy_joined,data/representations/gretil/devanagari/legacy_joined/6_sastra/3_phil/vaisesik/vaissu1u.txt,32e1322763274695acc96325d80479b8fd7ea5b9a8ba31574238d8f324967f49,37159,13315,767,,,0,
9c515ca46ad8f9fca7e879c0a1617207bf5ccf3df21930aaa0995227c3942c40,6_sastra/3_phil/vedanta/brahmsuu.txt,947e7eff1dcbb392fd7e620022aacab0e8aac50c823680d975c1ea623984232c,devanagari,legacy_joined,data/representations/gretil/devanagari/legacy_joined/6_sastra/3_phil/vedanta/brahmsuu.txt,79e618fe5e0b410034503b56cb9351be4ff279dd5f95adb6c20271c78c1ebe6c,43757,15779,1089,,,0,
9c515ca46ad8f9fca7e879c0a1617207bf5ccf3df21930aaa0995227c3942c40,6_sastra/3_phil/vedanta/gaukarpu.txt,e9b4187c0e9bb9f0da43034f0eeffd5398a9d9fedf5e9fc95da4d95830018599,devanagari,legacy_joined,data/representations/gretil/devanagari/legacy_joined/6_sastra/3_phil/vedanta/gaukarpu.txt,c425c700809e3bf61675207545288e1c96c6e730d3fea7265866bbbb023dcfa0,49787,18225,885,,,0,
9c515ca46ad8f9fca7e879c0a1617207bf5ccf3df21930aaa0995227c3942c40,6_sastra/3_phil/vedanta/samkupad_u.txt,0edf71282eeee5779c7c2e344c541b76ec8eb9cb7f0234cd4471c16b9b9092b8,devanagari,legacy_joined,data/representations/gretil/devanagari/legacy_joined/6_sastra/3_phil/vedanta/samkupad_u.txt,8b2247a307d4d583e6bc6e25676b38b789c4ec1a93fdf4388aa1303d8bec39be,260237,93441,2971,,,0,
9c515ca46ad8f9fca7e879c0a1617207bf5ccf3df21930aaa0995227c3942c40,6_sastra/3_phil/vedanta/yamgaspu.txt,94ffb64e2e5de07e24a350e5b5e7221fd4a7419321c85276634f18d6d16916a5,devanagari,legacy_joined,data/representations/gretil/devanagari/legacy_joined/6_sastra/3_phil/vedanta/yamgaspu.txt,5323885d2c9a50356663591d5bc8e18d1525109d7460c8a56bfc1f30d7acac6a,7893,2801,127,,,0,
9c515ca46ad8f9fca7e879c0a1617207bf5ccf3df21930aaa0995227c3942c40,6_sastra/3_phil/vedanta/yamis_pu.txt,21b91e8344d3380f86d5e4d463007e7d36c5c3f4617e6e83c1a0495ca09472e4,devanagari,legacy_joined,data/representations/gretil/devanagari/legacy_joined/6_sastra/3_phil/vedanta/yamis_pu.txt,11be8c0f3a7492c58e8a56ae0349da31f973fb2706aae8c218a4124fe2ca46fc,36274,12742,129,,,0,
9c515ca46ad8f9fca7e879c0a1617207bf5ccf3df21930aaa0995227c3942c40,6_sastra/3_phil/vedanta/yamss_pu.txt,27bed776114f91a024115cc0e6add4e289fb329d6ae238380e7e0c073cb55c84,devanagari,legacy_joined,data/representations/gretil/devanagari/legacy_joined/6_sastra/3_phil/vedanta/yamss_pu.txt,7bc56760aa8e718f35c702a5bf0cfa7cd28250b67653c442a54cac7bc9cc9bc5,51209,18501,885,,,0,
9c515ca46ad8f9fca7e879c0a1617207bf5ccf3df21930aaa0995227c3942c40,6_sastra/3_phil/yoga/ghers__u.txt,a1089ce9503a91305bbff9c688e11f03cc98372914ff554c9e565f8d9c1453e2,devanagari,legacy_joined,data/representations/gretil/devanagari/legacy_joined/6_sastra/3_phil/yoga/ghers__u.txt,bcec53552b134b0f718094b9d7d48e9a226c100a1376e8988d94d7984a6846c0,91914,33526,1632,,,0,
9c515ca46ad8f9fca7e879c0a1617207bf5ccf3df21930aaa0995227c3942c40,6_sastra/3_phil/yoga/hathyopu.txt,da632d4f7eb67f94fd82ef791d7e47532564d1d5fb6f59ae8d6ba00b9e804a91,devanagari,legacy_joined,data/representations/gretil/devanagari/legacy_joined/6_sastra/3_phil/yoga/hathyopu.txt,21d2888c93fb2408abcf3366c4a28a022fd16de6c237008e18ac9cc41a5b9e11,99773,36909,1825,,,0,
9c515ca46ad8f9fca7e879c0a1617207bf5ccf3df21930aaa0995227c3942c40,6_sastra/3_phil/yoga/patyog_u.txt,1533d47e0d6a0aa03efa2555272e69b41db9c568888bcde2bcf61d49bdc0c499,devanagari,legacy_joined,data/representations/gretil/devanagari/legacy_joined/6_sastra/3_phil/yoga/patyog_u.txt,9e534732995c8dc554166023d057a9e7f2c4ef475f38f73d688c5c747c53cc13,22713,8039,389,,,0,
9c515ca46ad8f9fca7e879c0a1617207bf5ccf3df21930aaa0995227c3942c40,6_sastra/4_dharma/smrti/angirspu.txt,af5b4411801358aa1f157716ab661de7e1375469606600c495dd622cab25fdf7,devanagari,legacy_joined,data/representations/gretil/devanagari/legacy_joined/6_sastra/4_dharma/smrti/angirspu.txt,8a33659b71673eb0cef23787632017b33b8804a3ac4e6727b0a712be89c54417,321942,117034,5677,,,0,
9c515ca46ad8f9fca7e879c0a1617207bf5ccf3df21930aaa0995227c3942c40,6_sastra/4_dharma/smrti/brhasppu.txt,745ee55173781bc1a6bdc8d2022451d64ee335da8c4bf4285b3dc706546815ad,devanagari,legacy_joined,data/representations/gretil/devanagari/legacy_joined/6_sastra/4_dharma/smrti/brhasppu.txt,6e27e31896dc9d37a6de2edf4292a68caceecd249b04ca967eb78fecf41dfa96,300881,109257,5032,,,0,
9c515ca46ad8f9fca7e879c0a1617207bf5ccf3df21930aaa0995227c3942c40,6_sastra/4_dharma/smrti/katy2p_u.txt,1fa81313ad928a4d71216c52d9b5d0494e72bd19457620d08d9f924f745ac6ed,devanagari,legacy_joined,data/representations/gretil/devanagari/legacy_joined/6_sastra/4_dharma/smrti/katy2p_u.txt,c3ab477d50734a81bf1c1450622ac531ba295a7535424cfa1c7c3f7db55aed36,242588,88252,4091,,,0,
9c515ca46ad8f9fca7e879c0a1617207bf5ccf3df21930aaa0995227c3942c40,6_sastra/4_dharma/smrti/manu2p_u.txt,2c8e97ac776925f19f26ca303b9e2f814e209e83892d8aa94dae31c3e1106f37,devanagari,legacy_joined,data/representations/gretil/devanagari/legacy_joined/6_sastra/4_dharma/smrti/manu2p_u.txt,eec0ca47ed3606340edad57bab5944a7c9cd5d4c7a4cd00413a27f6f9c90066f,646330,234728,10751,,,0,
9c515ca46ad8f9fca7e879c0a1617207bf5ccf3df21930aaa0995227c3942c40,6_sastra/4_dharma/smrti/nars2_pu.txt,70baeee71bfae5dbd9081109df78a676723c77f14c118d884038da41f820c228,devanagari,legacy_joined,data/representations/gretil/devanagari/legacy_joined/6_sastra/4_dharma/smrti/nars2_pu.txt,7f8b41fa21e76f6a6c1e2eb53f5b0992f910ed73f23b307f0baba9bb18c11a41,226067,81947,3787,,,0,
9c515ca46ad8f9fca7e879c0a1617207bf5ccf3df21930aaa0995227c3942c40,6_sastra/4_dharma/smrti/pars2_pu.txt,c34a321453dc4ab15e6fc24fbdb0116026ce701b6a4476f63589ea0d10ae97e1,devanagari,legacy_joined,data/representations/gretil/devanagari/legacy_joined/6_sastra/4_dharma/smrti/pars2_pu.txt,1a1b7be60ff0cb0ee0bd2aafbb7d437906910722e993683cadbb576348486ed3,139950,51006,2338,,,0,
9c515ca46ad8f9fca7e879c0a1617207bf5ccf3df21930aaa0995227c3942c40,6_sastra/4_dharma/smrti/visnu_pu.txt,db04ecaac1b183d79df7d8e5c135510ef1e50875ec1293f98d2d0c2a860bdec4,devanagari,legacy_joined,data/representations/gretil/devanagari/legacy_joined/6_sastra/4_dharma/smrti/visnu_pu.txt,0c57b02941b99c9bdf17f8295679e139c72f81e263fc5208ee3c1fd2ca664bec,334202,121122,6668,,,0,
9c515ca46ad8f9fca7e879c0a1617207bf5ccf3df21930aaa0995227c3942c40,6_sastra/4_dharma/smrti/yajn2_pu.txt,c5b7c3aa61be41e573cda625d90f41addcd0c2091a98e0ce803ee85405dba092,devanagari,legacy_joined,data/representations/gretil/devanagari/legacy_joined/6_sastra/4_dharma/smrti/yajn2_pu.txt,f15172a0157fe9f96cd848fca8497a3d25fb9f1476ca3b601c8730d73df2f379,242256,87676,4051,,,0,
9c515ca46ad8f9fca7e879c0a1617207bf5ccf3df21930aaa0995227c3942c40,6_sastra/4_dharma/sutra/baudhd_u.txt,5e57cc0092d2f89ac09cc7684f33c3cad6c92e1b1a996d044eaec23a47636fd0,devanagari,legacy_joined,data/representations/gretil/devanagari/legacy_joined/6_sastra/4_dharma/sutra/baudhd_u.txt,230f6100fec6b212588c542e6b1c0356f521e37329b05641ab62b946bdba343a,265537,97365,3337,,,0,
9c515ca46ad8f9fca7e879c0a1617207bf5ccf3df21930aaa0995227c3942c40,6_sastra/4_dharma/sutra/gautdh_u.txt,528d04898748f4c31cd7221c0bf249d10c4efaa0e6f449a7cccfba0b37369f0e,devanagari,legacy_joined,data/representations/gretil/devanagari/legacy_joined/6_sastra/4_dharma/sutra/gautdh_u.txt,7fdd21863f53a415a570aa4926f58d2b14131a590752e9398781e50c66e58a1b,103789,37113,2045,,,0,
9c515ca46ad8f9fca7e879c0a1617207bf5ccf3df21930aaa0995227c3942c40,6_sastra/4_dharma/sutra/vasist_u.txt,19454d06a5a1d2271ab3830f2b4f2c650dbd36892da25bb59bbfdd2e2e65dab3,devanagari,legacy_joined,data/representations/gretil/devanagari/legacy_joined/6_sastra/4_dharma/sutra/vasist_u.txt,024cf2750a2b2e6955f5ba2f9c0fe04d4561be1820c91a42177e5bf109e68472,176909,64131,2767,,,0,
9c515ca46ad8f9fca7e879c0a1617207bf5ccf3df21930aaa0995227c3942c40,6_sastra/5_artha/kautil_u.txt,03dfc8184435d545f7c52e0ad28ca3e84dfbbf346c8fe5dca9853e3429b758cc,devanagari,legacy_joined,data/representations/gretil/devanagari/legacy_joined/6_sastra/5_artha/kautil_u.txt,24801d2717c911563473d2ef0b62f6241010747a8f205ede31fc02e245dd6bb0,1096841,403631,11722,,,0,
9c515ca46ad8f9fca7e879c0a1617207bf5ccf3df21930aaa0995227c3942c40,6_sastra/6_kama/kamasutu.txt,8490f10148eb08efc4cd19631307b8753e72b352bd75ce0b7abc49de1038cb44,devanagari,legacy_joined,data/representations/gretil/devanagari/legacy_joined/6_sastra/6_kama/kamasutu.txt,ca1527e22c5b7a992de16da3601ea4be0c03bee201971b8ddaa78e083970c7ee,353681,130373,3561,,,0,
9c515ca46ad8f9fca7e879c0a1617207bf5ccf3df21930aaa0995227c3942c40,6_sastra/7_ayur/anandk_u.txt,585f5c2a021cb2e0ee6dd72fab4104c0991e972c44adda18485199f2958ee883,devanagari,legacy_joined,data/representations/gretil/devanagari/legacy_joined/6_sastra/7_ayur/anandk_u.txt,45eec1851312ca3df2043a7da4498481eb42a162eea3c1ebad2815c95056355a,1487905,539385,26683,,,0,
9c515ca46ad8f9fca7e879c0a1617207bf5ccf3df21930aaa0995227c3942c40,6_sastra/7_ayur/bhavpr_u.txt,16fab679da34e668c123445f439930317b7ae1c163548a7ab2e781caac27b534,devanagari,legacy_joined,data/representations/gretil/devanagari/legacy_joined/6_sastra/7_ayur/bhavpr_u.txt,403feb26bf8df40163dc9458b868262f6fa0ed5c09b086341525a4e478b80ba1,105797,38273,1809,,,0,
9c515ca46ad8f9fca7e879c0a1617207bf5ccf3df21930aaa0995227c3942c40,6_sastra/7_ayur/caraka_u.txt,e17839c19c9121eeed00982fe87b0ec4ebdc40b0872b8ea48025e78f70d780ed,devanagari,legacy_joined,data/representations/gretil/devanagari/legacy_joined/6_sastra/7_ayur/caraka_u.txt,2a715a0a4e18b30e64b5f87285bfa14b885cf88d34bca9492446e8aa225f1f8f,742191,265613,7845,,,0,
9c515ca46ad8f9fca7e879c0a1617207bf5ccf3df21930aaa0995227c3942c40,6_sastra/7_ayur/rasadhpu.txt,6bc9923f1c1db346939f4a334d42ca54302884b25a21a390df1cd875ac759dd1,devanagari,legacy_joined,data/representations/gretil/devanagari/legacy_joined/6_sastra/7_ayur/rasadhpu.txt,575590af19df24fe9753d35535eb37dcdd5b7d3a795dff0af063ec41b7ced929,157571,57099,2138,,,0,
9c515ca46ad8f9fca7e879c0a1617207bf5ccf3df21930aaa0995227c3942c40,6_sastra/7_ayur/rasarnpu.txt,6ae73294d18fddfec42ea8b61e55fd125f6c9b7c9583cfe73a14dcade7ab7cc6,devanagari,legacy_joined,data/representations/gretil/devanagari/legacy_joined/6_sastra/7_ayur/rasarnpu.txt,09326895414f67a7a47dcce8445b3b7a0c0f077e7195ff41fdd81228094808d1,329914,120208,5759,,,0,
9c515ca46ad8f9fca7e879c0a1617207bf5ccf3df21930aaa0995227c3942c40,6_sastra/7_ayur/vagaah_u.txt,b34c9e7fe92c1c44010e06f1d02567964b8ac12ac0ff6c1b3b5cb5404c93f802,devanagari,legacy_joined,data/representations/gretil/devanagari/legacy_joined/6_sastra/7_ayur/vagaah_u.txt,d1ce69273eb84409422a7627723632d67fb5ed1c7420b69177e4d29a93627b37,2195671,812155,38337,,,0,
9c515ca46ad8f9fca7e879c0a1617207bf5ccf3df21930aaa0995227c3942c40,6_sastra/7_ayur/yogasatu.txt,c4d708c28505c692f96c8f38ba02cd6b5ae8f9ec311644fb01f27b4d15c9a6da,devanagari,legacy_joined,data/representations/gretil/devanagari/legacy_joined/6_sastra/7_ayur/yogasatu.txt,c62d261c8ecbdaaddadd279287db5d7b8efb77a50d0ecf7d7fb91de8233b2d97,41064,14536,527,,,0,
9c515ca46ad8f9fca7e879c0a1617207bf5ccf3df21930aaa0995227c3942c40,6_sastra/8_jyot/aryabh_u.txt,4ae78f1f2dde53093584b71c011bb49640b6a0ecec3e96609ca71f308eb7800c,devanagari,legacy_joined,data/representations/gretil/devanagari/legacy_joined/6_sastra/8_jyot/aryabh_u.txt,bc0bf89f5f265a878cf8e9ab32013d1136e046983789b9b057e11985edc707cd,33917,12009,491,,,0,
9c515ca46ad8f9fca7e879c0a1617207bf5ccf3df21930aaa0995227c3942c40,6_sastra/8_jyot/brhajj_u.txt,249b26749c740f90a716ae966ee7d4258077a245659d51562d59475fa9c4374c,devanagari,legacy_joined,data/representations/gretil/devanagari/legacy_joined/6_sastra/8_jyot/brhajj_u.txt,8ba835a8aadee069492b29419f5dfb7969deb96690f23fbd542d5fb023d01826,193031,71831,1681,,,0,
9c515ca46ad8f9fca7e879c0a1617207bf5ccf3df21930aaa0995227c3942c40,6_sastra/8_jyot/brhats_u.txt,326b4cc5b5b78041e2d002f8a75f2812be38ce84547d0f34a093e1c73ce21a6a,devanagari,legacy_joined,data/representations/gretil/devanagari/legacy_joined/6_sastra/8_jyot/brhats_u.txt,d5b55e7a06fa04c3296d71255fff1c3678b8ede16630a19987058b54b63a98df,826983,305599,13651,,,0,
9c515ca46ad8f9fca7e879c0a1617207bf5ccf3df21930aaa0995227c3942c40,6_sastra/8_jyot/surysidu.txt,df922f1f2475611cc4af36a58f00a9702753c07c975a6014b2f629c8eb791588,devanagari,legacy_joined,data/representations/gretil/devanagari/legacy_joined/6_sastra/8_jyot/surysidu.txt,6ce633a7e169650f726acbbd7081d2aa6724341236bfe68e3e19843ada4cef72,125790,44866,2025,,,0,
9c515ca46ad8f9fca7e879c0a1617207bf5ccf3df21930aaa0995227c3942c40,1_veda/2_bra/gopbra_u.txt,c4bca04d5db081b0b89f8ad5e725f7d0dc1b842b6e2fe5c92c88a5d058602843,devanagari,surface_word,data/representations/gretil/devanagari/surface_word/1_veda/2_bra/gopbra_u.txt,eec021da6115ac5fde88e44dbd4aa7f9f65ccb2da9ab93a1ac8e99cf96979830,612860,228606,10487,,,0,
9c515ca46ad8f9fca7e879c0a1617207bf5ccf3df21930aaa0995227c3942c40,1_veda/2_bra/kausibru.txt,cb4f9d04c0117f16f7da70126111362de15c295c291e1a4b4446cc8053ea8c87,devanagari,surface_word,data/representations/gretil/devanagari/surface_word/1_veda/2_bra/kausibru.txt,290d0cd7e14a3f2ae3d441597181d215911dee7828cd01e7501d0c86a80200b9,692804,261586,13829,,,0,
9c515ca46ad8f9fca7e879c0a1617207bf5ccf3df21930aaa0995227c3942c40,1_veda/2_bra/pncvbr1u.txt,f21103a2c372f63151c99090d83e42dc2647f219367503619d105001f3ca7fbd,devanagari,surface_word,data/representations/gretil/devanagari/surface_word/1_veda/2_bra/pncvbr1u.txt,243c838e00450488d49f9381b3e37753078ed541dd23947febec72c004a68357,847171,313235,7123,,,0,
9c515ca46ad8f9fca7e879c0a1617207bf5ccf3df21930aaa0995227c3942c40,1_veda/2_bra/pncvbr2u.txt,4dc0455509d7e2390a13646aea642c458d516c84521f319b1e8049209fffd9f6,devanagari,surface_word,data/representations/gretil/devanagari/surface_word/1_veda/2_bra/pncvbr2u.txt,db915a10a4a39064de70ffd9ed1e35e794e619d3548862afb9b44b8becdf5809,862741,318425,7123,,,0,
9c515ca46ad8f9fca7e879c0a1617207bf5ccf3df21930aaa0995227c3942c40,1_veda/2_bra/satapath/sb_01_u.txt,7137d4ec4d9600839efe000ea98ec8aa45411c3e32dd3aea36e4ec0f8d4700be,devanagari,surface_word,data/representations/gretil/devanagari/surface_word/1_veda/2_bra/satapath/sb_01_u.txt,8a6bf5091d229e91cc0ec0db36aea1c5ed43543f5347a2a885949fd0ba17f42b,418961,152565,5109,,,0,
9c515ca46ad8f9fca7e879c0a1617207bf5ccf3df21930aaa0995227c3942c40,1_veda/2_bra/satapath/sb_02_u.txt,eb9ec9d35660be11957d5fd1a550b82d1d96b696fa75c3f6be3d45f092845982,devanagari,surface_word,data/representations/gretil/devanagari/surface_word/1_veda/2_bra/satapath/sb_02_u.txt,7897094596027c46064687f4fe1d181fdb5256d1439c3d2820972a79056d90d5,292319,106405,3535,,,0,
9c515ca46ad8f9fca7e879c0a1617207bf5ccf3df21930aaa0995227c3942c40,1_veda/2_bra/satapath/sb_03_u.txt,229a48cba9019702c60e48cd10c50c1cf98cfda844a52ee19b312cebab5d395e,devanagari,surface_word,data/representations/gretil/devanagari/surface_word/1_veda/2_bra/satapath/sb_03_u.txt,28cdd614f7495e3f5f0f4d02952e81533732d075b1e711486e803099bd3303e7,435821,158599,5263,,,0,
9c515ca46ad8f9fca7e879c0a1617207bf5ccf3df21930aaa0995227c3942c40,1_veda/2_bra/satapath/sb_04_u.txt,618056daaf746904657db7b8e3a2c627da72a5f1ee89cfff913c436397f534bd,devanagari,surface_word,data/representations/gretil/devanagari/surface_word/1_veda/2_bra/satapath/sb_04_u.txt,4c7914515a61aff9664678d47e80dada2c80ad02301a07b1e42b094ff79d2dab,342593,124619,4127,,,0,
9c515ca46ad8f9fca7e879c0a1617207bf5ccf3df21930aaa0995227c3942c40,1_veda/2_bra/satapath/sb_05_u.txt,bd7155db70092eb2f66650808e12bfc727aeb36b0e7b477fff91f01ba195f8c2,devanagari,surface_word,data/representations/gretil/devanagari/surface_word/1_veda/2_bra/satapath/sb_05_u.txt,c477b545d9966f9b5e2098117c13f3bde88c07a0fcf2d02da4431c8d499f29bf,256624,93430,3067,,,0,
9c515ca46ad8f9fca7e879c0a1617207bf5ccf3df21930aaa0995227c3942c40,1_veda/2_bra/satapath/sb_06_u.txt,9d0c94deddb0419b627c29274a553cf4cb9970038d2199df0cdcc6bc33ac8674,devanagari,surface_word,data/representations/gretil/devanagari/surface_word/1_veda/2_bra/satapath/sb_06_u.txt,70c178e268f92e2ea990c96efb4a6c05fddb1866bcf54c6a1dc5092859bdd13a,307265,111309,3629,,,0,
9c515ca46ad8f9fca7e879c0a1617207bf5ccf3df21930aaa0995227c3942c40,1_veda/2_bra/satapath/sb_07_u.txt,76ed8b2fd2f2f1ec0d7a8557153b71170a1263e35c19ee5d3d4717d5233c946a,devanagari,surface_word,data/representations/gretil/devanagari/surface_word/1_veda/2_bra/satapath/sb_07_u.txt,de7030e55dd65bd7243d75d1035b952931a0c18ec2222e2179fa0d845fb4ee5d,238360,86562,2833,,,0,
9c515ca46ad8f9fca7e879c0a1617207bf5ccf3df21930aaa0995227c3942c40,1_veda/2_bra/satapath/sb_08_u.txt,58495bfe0d11a6b75045beaa424d83dbd0e8f63c9302c415b8e4174eefaf7562,devanagari,surface_word,data/representations/gretil/devanagari/surface_word/1_veda/2_bra/satapath/sb_08_u.txt,bf5fdd7e0c49b3fe8964964730c6d9bf02b4d90e42d5a681f3eb09be9612f0f5,270497,98017,3183,,,0,
9c515ca46ad8f9fca7e879c0a1617207bf5ccf3df21930aaa0995227c3942c40,1_veda/2_bra/satapath/sb_09_u.txt,8676a4907d13de19973a34fe9d4283d03cc1bf6f4a6da431d78bc3adad22bd1f,devanagari,surface_word,data/representations/gretil/devanagari/surface_word/1_veda/2_bra/satapath/sb_09_u.txt,956ba21ad9428e47b7a47937e41e13443d05cf27f46ca62fc803bf0051afe321,227549,82661,2699,,,0,
9c515ca46ad8f9fca7e879c0a1617207bf5ccf3df21930aaa0995227c3942c40,1_veda/2_bra/satapath/sb_10_u.txt,4455af8c6424dfb56df0ae5f92e9e773aeae22359e1e4ffe36fa388d13719aa5,devanagari,surface_word,data/representations/gretil/devanagari/surface_word/1_veda/2_bra/satapath/sb_10_u.txt,d84281ead2e8d3ef1c955d0e8d247dbfa214badc42959820202e4ea600d5901a,215217,78159,2581,,,0,
9c515ca46ad8f9fca7e879c0a1617207bf5ccf3df21930aaa0995227c3942c40,1_veda/2_bra/satapath/sb_11_u.txt,e80fda09c1a3dc5387e1257b2aad918f8ad9f262f571a843be1cda074f3fde9d,devanagari,surface_word,data/representations/gretil/devanagari/surface_word/1_veda/2_bra/satapath/sb_11_u.txt,d7a5ab34a44d27ca366bdd7f5e5cffffeca15dc9e17e57fbd9c204d424a54ac2,229912,83724,2813,,,0,
9c515ca46ad8f9fca7e879c0a1617207bf5ccf3df21930aaa0995227c3942c40,1_veda/2_bra/satapath/sb_13_u.txt,f444a0f1d5c4ad633e04532851ff6f28012b2273b81ac54bff39cb7e7b8ae183,devanagari,surface_word,data/representations/gretil/devanagari/surface_word/1_veda/2_bra/satapath/sb_13_u.txt,da7ea258c661d542f703d2db1b4972c7218425e6babdb0e26fbafc5d4d205562,226611,81993,2717,,,0,
9c515ca46ad8f9fca7e879c0a1617207bf5ccf3df21930aaa0995227c3942c40,1_veda/2_bra/satapath/sb_14_u.txt,eb023adb00545d45c02168e0fa3a5bbc56ad9e28eaf6a4b07103fd236682ee01,devanagari,surface_word,data/representations/gretil/devanagari/surface_word/1_veda/2_bra/satapath/sb_14_u.txt,cdc92da925b1c1bf2fe474de7f45cf4e0b9eb9e37cb39f63217b6568a16b4d78,395207,144091,4877,,,0,
9c515ca46ad8f9fca7e879c0a1617207bf5ccf3df21930aaa0995227c3942c40,1_veda/3_ara/sankharu.txt,3242fe23dade298fa771bceb5672a9a0f06a1ec038c3a64ca4645f1eb8580170,devanagari,surface_word,data/representations/gretil/devanagari/surface_word/1_veda/3_ara/sankharu.txt,14567a2792402be69c7492e3dcddbcf0c81fcf73704f6113b1a5104e76c52ba6,209915,77293,350,,,0,
9c515ca46ad8f9fca7e879c0a1617207bf5ccf3df21930aaa0995227c3942c40,1_veda/4_upa/aitup__u.txt,f13df975f12bff3a12eaa3930416492fdccc7de0d40a9786ab3eb21bb4f14925,devanagari,surface_word,data/representations/gretil/devanagari/surface_word/1_veda/4_upa/aitup__u.txt,c6480366f25333e6a3eecb6fec6801f1919441946888594fab9db4ac16cd6b55,14306,5352,285,,,0,
9c515ca46ad8f9fca7e879c0a1617207bf5ccf3df21930aaa0995227c3942c40,1_veda/4_upa/brup___u.txt,7b2c09575b45cbf77f9d9ebc41644ef9584253d927cea93a95b38278d22906d2,devanagari,surface_word,data/representations/gretil/devanagari/surface_word/1_veda/4_upa/brup___u.txt,8e8cfefe79f56b11ffca19bb23e2f2cac687cdbd17beae2ff965c5fc20168f22,303329,113927,5435,,,0,
9c515ca46ad8f9fca7e879c0a1617207bf5ccf3df21930aaa0995227c3942c40,1_veda/4_upa/chup___u.txt,359c2d6376c5c24df79bde22d6b23700abcc1c836eadaf8fbc5f07fa3d3757b9,devanagari,surface_word,data/representations/gretil/devanagari/surface_word/1_veda/4_upa/chup___u.txt,4c4d07db0ebfee09d5330a6fa2b48e876184c2490f01359aa8b14a07a7409dbd,257134,96712,5017,,,0,
9c515ca46ad8f9fca7e879c0a1617207bf5ccf3df21930aaa0995227c3942c40,1_veda/4_upa/isup___u.txt,c89d4066216fbc9b159e2f6fc60e56b3b097103203f498002b687cfd10ca7739,devanagari,surface_word,data/representations/gretil/devanagari/surface_word/1_veda/4_upa/isup___u.txt,72ca5b7a9da9ee2e150578229c13ce772de4e29ce80602e7f6d3ff2fd8181bfb,4707,1763,71,,,0,
9c515ca46ad8f9fca7e879c0a1617207bf5ccf3df21930aaa0995227c3942c40,1_veda/4_upa/kathop_u.txt,65889f708701d9fa05c4915204b307c43a2c5fd66af6f29fcc275ebecc884d3f,devanagari,surface_word,data/representations/gretil/devanagari/surface_word/1_veda/4_upa/kathop_u.txt,b4b90378e5a7711f93ddff1310f0e0199d01ab67544895faf604b1f5c0e7481a,35451,13243,529,,,0,
9c515ca46ad8f9fca7e879c0a1617207bf5ccf3df21930aaa0995227c3942c40,1_veda/4_upa/mandup_u.txt,25d0fbc71b062246c119f7ed99de3cae5b6eb1fa3c65193d4667e94e682d0b64,devanagari,surface_word,data/representations/gretil/devanagari/surface_word/1_veda/4_upa/mandup_u.txt,1c1f29fd21c2ee34399df49ce68eda9cd430afa58263152cc7e1c4d33c8a0744,3877,1433,47,,,0,
9c515ca46ad8f9fca7e879c0a1617207bf5ccf3df21930aaa0995227c3942c40,1_veda/4_upa/prasup_u.txt,5eeb79a9938a34aa36c79d2bbb1ee3cd43b20668793f15b091b89fcf44c10030,devanagari,surface_word,data/representations/gretil/devanagari/surface_word/1_veda/4_upa/prasup_u.txt,2113e90c31184906dedbb33581ef10bae56485cae9d8f07b9e4e01659436dc6c,26268,9838,505,,,0,
9c515ca46ad8f9fca7e879c0a1617207bf5ccf3df21930aaa0995227c3942c40,1_veda/4_upa/svetu_pu.txt,dca6f9592ffe9c5e7179a405faba0c3b248603ea7f7584696260e457b16f7978,devanagari,surface_word,data/representations/gretil/devanagari/surface_word/1_veda/4_upa/svetu_pu.txt,b3d4f9c19ae265086740d9c0541b638996da22a3e20ff12dedc1b938f3940db7,35062,12998,465,,,0,
9c515ca46ad8f9fca7e879c0a1617207bf5ccf3df21930aaa0995227c3942c40,1_veda/5_vedang/1_srauta/apsulb_u.txt,12b5568f5cc977c2d421db31a8ebfc54f741c250562ff06887fd0a5a37b97ae7,devanagari,surface_word,data/representations/gretil/devanagari/surface_word/1_veda/5_vedang/1_srauta/apsulb_u.txt,7c1a6aa1a8bc76d8a283ef57e32e924d39c65d321243e5ec00dd9b49c281d83e,54425,19719,601,,,0,
9c515ca46ad8f9fca7e879c0a1617207bf5ccf3df21930aaa0995227c3942c40,1_veda/5_vedang/1_srauta/asvss_u.txt,49b075db90833ce4b84c65f725222c4378be657296b085e66abeeb1f57c4c6ae,devanagari,surface_word,data/representations/gretil/devanagari/surface_word/1_veda/5_vedang/1_srauta/asvss_u.txt,b7eac06e67b406a163dd0b1568c0632fcd38129d8b7968da6195e7d47171b732,565739,210777,5993,,,0,
9c515ca46ad8f9fca7e879c0a1617207bf5ccf3df21930aaa0995227c3942c40,1_veda/5_vedang/1_srauta/sankhssu.txt,d15ca711d9d51e51d61c6473a95a5bcfe9d8fe9d3a1dfc9afb3e48de3cfde08d,devanagari,surface_word,data/representations/gretil/devanagari/surface_word/1_veda/5_vedang/1_srauta/sankhssu.txt,fc0216e7ee8c3ba560006aa57a9872f68a13834175078030ae14a19e91f7eb47,767661,287169,10739,,,0,
9c515ca46ad8f9fca7e879c0a1617207bf5ccf3df21930aaa0995227c3942c40,1_veda/5_vedang/1_srauta/vaitss_u.txt,f988a3fae41fa217dc419f7acb95a9dd5ccd68d81cb2a629e66f20715d2cee88,devanagari,surface_word,data/representations/gretil/devanagari/surface_word/1_veda/5_vedang/1_srauta/vaitss_u.txt,a4a075313a4633e0df232c376cebc6dad90e8a75b48e272a8439a6ba8a0e307f,179815,66105,1931,,,0,
9c515ca46ad8f9fca7e879c0a1617207bf5ccf3df21930aaa0995227c3942c40,1_veda/5_vedang/2_grhya/asvgs_u.txt,50f2f03ea2bd21e72590354c4c2c23220e2009bd56023e9422bc9a19db979e39,devanagari,surface_word,data/representations/gretil/devanagari/surface_word/1_veda/5_vedang/2_grhya/asvgs_u.txt,71c1bef8eaa3428283848ee4a71ba33663fa72680653828d82d14a13897dbdc3,132845,49507,1521,,,0,
9c515ca46ad8f9fca7e879c0a1617207bf5ccf3df21930aaa0995227c3942c40,1_veda/5_vedang/2_grhya/jaimigsu.txt,62fafe36f02d40fc3254268b1f79ed7fd30293bb0951fd01367a094b1f73f559,devanagari,surface_word,data/representations/gretil/devanagari/surface_word/1_veda/5_vedang/2_grhya/jaimigsu.txt,2306e1b101f6d745709d512b11fc32ec05414d38b9b3d8ba43178db08c1f3885,121760,43544,365,,,0,
9c515ca46ad8f9fca7e879c0a1617207bf5ccf3df21930aaa0995227c3942c40,1_veda/5_vedang/2_grhya/kaussu_u.txt,e20e7d54e7fd4cb3f83e937687da2fd41bd73d1747e8b2a2a715972164f68e13,devanagari,surface_word,data/representations/gretil/devanagari/surface_word/1_veda/5_vedang/2_grhya/kaussu_u.txt,a32afeba6c54c903eb220f4430aa8946074aa7f9f4165f33db5ce7dc0fc1725c,418061,154793,6103,,,0,
9c515ca46ad8f9fca7e879c0a1617207bf5ccf3df21930aaa0995227c3942c40,1_veda/5_vedang/2_grhya/kauthgsu.txt,c0630b759e976595e9e63e759e85fdf99de01d5cf3d36ca426600adc74136482,devanagari,surface_word,data/representations/gretil/devanagari/surface_word/1_veda/5_vedang/2_grhya/kauthgsu.txt,debedb267adb5965937fa6b90443e917531d6ae2798bdb4cef427ee197d80b7b,66842,23906,103,,,0,
9c515ca46ad8f9fca7e879c0a1617207bf5ccf3df21930aaa0995227c3942c40,1_veda/5_vedang/2_grhya/manavgsu.txt,7863702661ddb3d0bf7b79347dc98e60283a15a76c47b5cd2b1ab3c9ec2e2ba6,devanagari,surface_word,data/representations/gretil/devanagari/surface_word/1_veda/5_vedang/2_grhya/manavgsu.txt,08a837c4422f903b710578658a0aab36959569e6631743c51facf953f0ce55b5,147511,53579,2099,,,0,
9c515ca46ad8f9fca7e879c0a1617207bf5ccf3df21930aaa0995227c3942c40,1_veda/5_vedang/2_grhya/sankhgsu.txt,2e7b593b9e0e5bcd0a82aba5d5847a8e68c62a88553ff11e97aab0730733f39c,devanagari,surface_word,data/representations/gretil/devanagari/surface_word/1_veda/5_vedang/2_grhya/sankhgsu.txt,9a8746173f22b34e0f9c0efaae4abb81c3eb9e6a4418c0424775e7cd150373bc,159985,59847,2397,,,0,
9c515ca46ad8f9fca7e879c0a1617207bf5ccf3df21930aaa0995227c3942c40,1_veda/5_vedang/2_grhya/vargs_u.txt,04878a4540947b834d08fdcdc85f09d2e965ecb4fc8ec276fe380a111daf5eee,devanagari,surface_word,data/representations/gretil/devanagari/surface_word/1_veda/5_vedang/2_grhya/vargs_u.txt,9bdfe401c0fbf26ef09e29ba728ca35c8e7b6fac31a69a04af24f3202d15e257,88212,32404,1421,,,0,
9c515ca46ad8f9fca7e879c0a1617207bf5ccf3df21930aaa0995227c3942c40,1_veda/5_vedang/2_paris/avpari_u.txt,78d96955cf6dc5342ff83d3fb0a76c062da5f8caf45352afb549c7c972847535,devanagari,surface_word,data/representations/gretil/devanagari/surface_word/1_veda/5_vedang/2_paris/avpari_u.txt,5acea149137a702ec2f4c4f766a9fa6942df6ad59d1f17d85787dec05245fcc2,865457,316835,7589,,,0,
9c515ca46ad8f9fca7e879c0a1617207bf5ccf3df21930aaa0995227c3942c40,1_veda/5_vedang/2_paris/avpray_u.txt,51d8ba5178d0fba8293dccefc506a88fe787ad2617dc913e338d21b8709e42be,devanagari,surface_word,data/representations/gretil/devanagari/surface_word/1_veda/5_vedang/2_paris/avpray_u.txt,57cc9bd03160fa4ff65e9d5868d088fbaef00e6f85025417e5fa0673231d0ee1,148600,54762,1683,,,0,
9c515ca46ad8f9fca7e879c0a1617207bf5ccf3df21930aaa0995227c3942c40,1_veda/5_vedang/3_pratis/rgvidh_u.txt,f8fec2f580cedf759814ac3c7e2fee40e1643f61ae51040766ba1fd751fd1331,devanagari,surface_word,data/representations/gretil/devanagari/surface_word/1_veda/5_vedang/3_pratis/rgvidh_u.txt,fe4cb5f3068753cb119e3044be2ed54354720b789f4b209b2dd9df786c9bc19c,220197,81425,2995,,,0,
9c515ca46ad8f9fca7e879c0a1617207bf5ccf3df21930aaa0995227c3942c40,2_epic/mbh/ext/hv_apppu.txt,4c73c70c292971bd0e0330381f737ad5b9476bd6434710fe65439c261bc2888d,devanagari,surface_word,data/representations/gretil/devanagari/surface_word/2_epic/mbh/ext/hv_apppu.txt,4225779cfa3e4e1bcbd73c559bd2941e0210ef6e30459270271e230d35fc789f,2663636,986392,46932,,,0,
9c515ca46ad8f9fca7e879c0a1617207bf5ccf3df21930aaa0995227c3942c40,2_epic/mbh/ext/hv_conpu.txt,be1e8fa95826ae19549045eb3925b7b751bf522c0727c5aeacd9caee97c69ff6,devanagari,surface_word,data/representations/gretil/devanagari/surface_word/2_epic/mbh/ext/hv_conpu.txt,387163974f097b4c4cd386ae9d2e0961dd4c89ebfadcbfc7e2995731d91c6832,1999059,740813,34287,,,0,
9c515ca46ad8f9fca7e879c0a1617207bf5ccf3df21930aaa0995227c3942c40,2_epic/mbh/mbh_01_u.txt,6f6efe727744daabc20ce809610b88a38d4a53ce0a5481688976db7a1a298113,devanagari,surface_word,data/representations/gretil/devanagari/surface_word/2_epic/mbh/mbh_01_u.txt,7c727696e79365b05a71199532bc815d09cf34db56b121c6b5fe7450a0f7e1a6,2953771,1099861,52585,,,0,
9c515ca46ad8f9fca7e879c0a1617207bf5ccf3df21930aaa0995227c3942c40,2_epic/mbh/mbh_02_u.txt,8ce1d03a0c6c1182a12dbc33131b9d77a34a73c98e68d8eae480be1d7aa17fc8,devanagari,surface_word,data/representations/gretil/devanagari/surface_word/2_epic/mbh/mbh_02_u.txt,32b55ee27d844b3f670c1a49de8bbcf2ff79608b344ffd9c916d889611ecd71c,1180163,439015,21019,,,0,
9c515ca46ad8f9fca7e879c0a1617207bf5ccf3df21930aaa0995227c3942c40,2_epic/mbh/mbh_03_u.txt,3bb224727af921a3d0e5effa7b45a4c6b83698825d58c4943bf8e0ff08bf52e4,devanagari,surface_word,data/representations/gretil/devanagari/surface_word/2_epic/mbh/mbh_03_u.txt,7692ae121fb6b93d344a6e0787077a9ab723d8fa4fb5ee842e46fbee10784a3b,3085158,1148504,54413,,,0,
9c515ca46ad8f9fca7e879c0a1617207bf5ccf3df21930aaa0995227c3942c40,2_epic/mbh/mbh_04_u.txt,b912f2b7676c93c92391fc458e85db16b9976fdcaa253a93f1ff541b4b11d83b,devanagari,surface_word,data/representations/gretil/devanagari/surface_word/2_epic/mbh/mbh_04_u.txt,fddda46e181706b6eaf4cc3324f636ed2604b05803b92372a9d8deecc21b49c5,1112414,414126,20519,,,0,
9c515ca46ad8f9fca7e879c0a1617207bf5ccf3df21930aaa0995227c3942c40,2_epic/mbh/mbh_05_u.txt,5305b06e43160b197a9ae157a5cf6f0bffd4c09d066a40774f28daad80e7e41b,devanagari,surface_word,data/representations/gretil/devanagari/surface_word/2_epic/mbh/mbh_05_u.txt,9ea2e550b329f430dd1a72fb4622a7055f55cf3c8c3dfdc2690c4dd2620e3586,1732326,645380,29765,,,0,
9c515ca46ad8f9fca7e879c0a1617207bf5ccf3df21930aaa0995227c3942c40,2_epic/mbh/mbh_06_u.txt,7402fda9ec97f8e37e984f06ae768a19bb807801f2a1a0cbbdc8c64b3f58115b,devanagari,surface_word,data/representations/gretil/devanagari/surface_word/2_epic/mbh/mbh_06_u.txt,dd33bdcb0e29807b6f7da79d1399fda24208df549b4f88257673e71897543ba1,1492703,554539,26347,,,0,
9c515ca46ad8f9fca7e879c0a1617207bf5ccf3df21930aaa0995227c3942c40,2_epic/mbh/mbh_07_u.txt,fae85008bdb1fa638d3eec3880b4cfd13377acb0b8779e896500e8b53c226183,devanagari,surface_word,data/representations/gretil/devanagari/surface_word/2_epic/mbh/mbh_07_u.txt,fe7476652cd15269781c5d94ddb5f7ffec29ec91adfb428b75487b7dd973b20a,2563203,950987,44801,,,0,
9c515ca46ad8f9fca7e879c0a1617207bf5ccf3df21930aaa0995227c3942c40,2_epic/mbh/mbh_08_u.txt,a8129627d48dc86d89709ed80f0997b7ed75465257f765a96c7a057bd3388c75,devanagari,surface_word,data/representations/gretil/devanagari/surface_word/2_epic/mbh/mbh_08_u.txt,b76a2e402963f3c80bf3bfd9d04aca0f8f7cb4c2a64c38d88cef1718cfb33b0b,1498709,556579,26519,,,0,
9c515ca46ad8f9fca7e879c0a1617207bf5ccf3df21930aaa0995227c3942c40,2_epic/mbh/mbh_09_u.txt,7a00866c366cc38e0332db6f9bcd67a8b49c8c471b34e88dbfeef545651a86a8,devanagari,surface_word,data/representations/gretil/devanagari/surface_word/2_epic/mbh/mbh_09_u.txt,d6d68233bce2a36c01d4b62836cfc2c1573a50f86f807cde82ea8e2283a39f39,920107,342337,16241,,,0,
9c515ca46ad8f9fca7e879c0a1617207bf5ccf3df21930aaa0995227c3942c40,2_epic/mbh/mbh_10_u.txt,ec7a6ec03618bd1ae268c9e432b3471b66016cbad7aec8b67d0217ed86e901fb,devanagari,surface_word,data/representations/gretil/devanagari/surface_word/2_epic/mbh/mbh_10_u.txt,e10c2bbfa5d78103e8467c7962a90ab66fe4b184852573aee3b21a2f70893bf3,213311,79061,3591,,,0,
9c515ca46ad8f9fca7e879c0a1617207bf5ccf3df21930aaa0995227c3942c40,2_epic/mbh/mbh_11_u.txt,6d71e5ebd3b41a8e77926414f23a396ff8e17d1826500eca7e64cc674c9bec53,devanagari,surface_word,data/representations/gretil/devanagari/surface_word/2_epic/mbh/mbh_11_u.txt,5ae2406976b8bd3b2fd0d70388ebf53329ea0d0854ffe4401628145ac4a2b9eb,200711,74681,3587,,,0,
9c515ca46ad8f9fca7e879c0a1617207bf5ccf3df21930aaa0995227c3942c40,2_epic/mbh/mbh_12_u.txt,476cd987492e35941130b9c72988d9e5bdd1c81e821ceb97ca7250ee8f77ef9a,devanagari,surface_word,data/representations/gretil/devanagari/surface_word/2_epic/mbh/mbh_12_u.txt,af09943c59c971758948eb6dce42f528c864695e97c484545a3d34faf4f3153f,3959127,1473903,68321,,,0,
9c515ca46ad8f9fca7e879c0a1617207bf5ccf3df21930aaa0995227c3942c40,2_epic/mbh/mbh_13_u.txt,2a6cc3a0a9e8d92b7fcabac9b5f4063cf6a9e0c0634dce68cc532cda6705163d,devanagari,surface_word,data/representations/gretil/devanagari/surface_word/2_epic/mbh/mbh_13_u.txt,d912f2657a4b547f2031af7fc12a3a3eab93ced89b2d09bc5722b975f4a82d8f,3003879,1119087,53619,,,0,
9c515ca46ad8f9fca7e879c0a1617207bf5ccf3df21930aaa0995227c3942c40,2_epic/mbh/mbh_14_u.txt,965e6c6dca5395b0b7ecd9d20dd03c513ffb4ccaeb9ca54d24f9cf4167dd39be,devanagari,surface_word,data/representations/gretil/devanagari/surface_word/2_epic/mbh/mbh_14_u.txt,793ae3c66399a24238336d646002fd55266b8b77957882831fd908b5dde83ae3,1135710,423058,19929,,,0,
9c515ca46ad8f9fca7e879c0a1617207bf5ccf3df21930aaa0995227c3942c40,2_epic/mbh/mbh_15_u.txt,bd3c1d493237fb5b290d7b8af0c9ad2819f957c5427937ba991a926702cd3116,devanagari,surface_word,data/representations/gretil/devanagari/surface_word/2_epic/mbh/mbh_15_u.txt,31df9f8dc6bf75e24551837dd61df9f7a688931ce8497688250c18b5eb1ba02e,274642,102404,4859,,,0,
9c515ca46ad8f9fca7e879c0a1617207bf5ccf3df21930aaa0995227c3942c40,2_epic/mbh/mbh_16_u.txt,1c95ae89bdbfcf2343bdde1b37453debffd4bfe571da867e621cdf23647ffff9,devanagari,surface_word,data/representations/gretil/devanagari/surface_word/2_epic/mbh/mbh_16_u.txt,c021b57043a40b2142fe25c3290ee44b90194de67819e00579f3ed8a8a5e563f,82233,30545,1425,,,0,
9c515ca46ad8f9fca7e879c0a1617207bf5ccf3df21930aaa0995227c3942c40,2_epic/mbh/mbh_17_u.txt,6638204eae6d9e28b14b71e1b4b2e7ad6ca9c39671708f653facc2ae7d3ed397,devanagari,surface_word,data/representations/gretil/devanagari/surface_word/2_epic/mbh/mbh_17_u.txt,bfbbc18529a85cd4a9b01ad375fca0235eb6db6bb589860c96a108daa0df2c77,30718,11464,541,,,0,
9c515ca46ad8f9fca7e879c0a1617207bf5ccf3df21930aaa0995227c3942c40,2_epic/mbh/mbh_18_u.txt,4744f29ecb8431204b4749b3e683158a808adb6db31af6addfc3be07559d3567,devanagari,surface_word,data/representations/gretil/devanagari/surface_word/2_epic/mbh/mbh_18_u.txt,636e74f3c2ddaf55c27caa919eb0fd3a4b000160e13edf3590edaed28d0cc3ee,74330,27656,1315,,,0,
9c515ca46ad8f9fca7e879c0a1617207bf5ccf3df21930aaa0995227c3942c40,2_epic/ramayana/ram_01_u.txt,bd494face7a4cbc08c25af52d5ceae358463be85a5e02ec35b3ff728c6f9da9e,devanagari,surface_word,data/representations/gretil/devanagari/surface_word/2_epic/ramayana/ram_01_u.txt,468b40670e95711bf45264928b595ebef720fdad4fcf38f511150f314fdc67bb,449279,166857,7885,,,0,
9c515ca46ad8f9fca7e879c0a1617207bf5ccf3df21930aaa0995227c3942c40,2_epic/ramayana/ram_02_u.txt,e07cd7f334c37d4a2afe643f30b1c5080a571627582d3b2c66f916087217bad7,devanagari,surface_word,data/representations/gretil/devanagari/surface_word/2_epic/ramayana/ram_02_u.txt,3aaadab5c03cf574f131007f6735b9d086604c7d9062b2db757adf775e4d808c,748470,278724,12817,,,0,
9c515ca46ad8f9fca7e879c0a1617207bf5ccf3df21930aaa0995227c3942c40,2_epic/ramayana/ram_03_u.txt,17ae70e0fa850d83d4d6237f413ad8d8de7d2c1b4a3d458e3e3a150d8198de26,devanagari,surface_word,data/representations/gretil/devanagari/surface_word/2_epic/ramayana/ram_03_u.txt,b13808c82329a375c8d9f32f5367f13b02259121bfdb9f9a282aa0d21448eaf1,484232,179984,8417,,,0,
9c515ca46ad8f9fca7e879c0a1617207bf5ccf3df21930aaa0995227c3942c40,2_epic/ramayana/ram_04_u.txt,a7530e62378426747cbb84f8679ac7957623ddf19181bc8109b891b7e2f547be,devanagari,surface_word,data/representations/gretil/devanagari/surface_word/2_epic/ramayana/ram_04_u.txt,9148aea019af792128bddc9f29fe9c5b62d0ef327dd1da438c5f0b4f5f3fa30e,465407,172775,8033,,,0,
9c515ca46ad8f9fca7e879c0a1617207bf5ccf3df21930aaa0995227c3942c40,2_epic/ramayana/ram_05_u.txt,b12fa1e88108e4e73080dcea087be8c719032ab9189025e2add7f1f7903b55e8,devanagari,surface_word,data/representations/gretil/devanagari/surface_word/2_epic/ramayana/ram_05_u.txt,c7956c5a2c4d73be0ebbeefb80b3a96921d0a9aad7e95b1f75d20460f17ddaf7,593094,219736,10083,,,0,
9c515ca46ad8f9fca7e879c0a1617207bf5ccf3df21930aaa0995227c3942c40,2_epic/ramayana/ram_06_u.txt,c9057008c87aa3df0287bca988fdc7fdd8a8317c76927c9329dc33f0f6bd3029,devanagari,surface_word,data/representations/gretil/devanagari/surface_word/2_epic/ramayana/ram_06_u.txt,14783aa3e26b540f581017edc1daa9782c80a869d4cf5966836f05f75c2eaa21,1045161,387321,17957,,,0,
9c515ca46ad8f9fca7e879c0a1617207bf5ccf3df21930aaa0995227c3942c40,2_epic/ramayana/ram_07_u.txt,884df140e7ab95e096362d9eb76e1d649b9a59b0042bfc233d67f73da2bd3d10,devanagari,surface_word,data/representations/gretil/devanagari/surface_word/2_epic/ramayana/ram_07_u.txt,f392852e8031b7985ea7d9d3af983181b7f98265b7c1dc6d9d66f8c6d3f0f5fe,625008,232700,10877,,,0,
9c515ca46ad8f9fca7e879c0a1617207bf5ccf3df21930aaa0995227c3942c40,3_purana/agp_bi_u.txt,d4bf2940b621c99841ef4bf4ca800972d530603379fca3c00b289be9e4c21e15,devanagari,surface_word,data/representations/gretil/devanagari/surface_word/3_purana/agp_bi_u.txt,73b4b27ea171842f6509d59818af09be7348c70eaa4d5ecf9ab087cb0a23f38e,3253405,1188973,57420,,,0,
9c515ca46ad8f9fca7e879c0a1617207bf5ccf3df21930aaa0995227c3942c40,3_purana/bhagp/bhp_01u.txt,1c5c930e32274cc6c376c16c9d1a5da4f1564c4bc024eee740b8344944395794,devanagari,surface_word,data/representations/gretil/devanagari/surface_word/3_purana/bhagp/bhp_01u.txt,4d39a94307895591e65c85c7c920b7b3238e5f8f77e66e1d145c0c81d4d89475,208222,76252,3459,,,0,
9c515ca46ad8f9fca7e879c0a1617207bf5ccf3df21930aaa0995227c3942c40,3_purana/bhagp/bhp_02u.txt,36cd654bfe692a6a524f6bf02b3ef49acec6d0006bf415598bb6659fc60dd025,devanagari,surface_word,data/representations/gretil/devanagari/surface_word/3_purana/bhagp/bhp_02u.txt,17d1e16af6fa36c61689028fc479f33f9f957a71d86160657f25d32b76936b11,106145,38919,1835,,,0,
9c515ca46ad8f9fca7e879c0a1617207bf5ccf3df21930aaa0995227c3942c40,3_purana/bhagp/bhp_03u.txt,bfb5a2e8a962704b37afe528a0b3dd9130fb0ad46ffc19f13b0dc47c26f5d52e,devanagari,surface_word,data/representations/gretil/devanagari/surface_word/3_purana/bhagp/bhp_03u.txt,e7ecafa94a210bd2926ce24bc314c970a0f4b4a3bb7a0fdda32f25d4c9b17e1e,380973,142713,6413,,,0,
9c515ca46ad8f9fca7e879c0a1617207bf5ccf3df21930aaa0995227c3942c40,3_purana/bhagp/bhp_04u.txt,c35f0f822813813cb3645b2ccc1b50cf86146f2bf85aa13a606beea0a87e7c69,devanagari,surface_word,data/representations/gretil/devanagari/surface_word/3_purana/bhagp/bhp_04u.txt,a1d754322b7d90f0afb10d623a754b9783a69a5ef1aeaafccc496beb76f796f3,384221,143895,6349,,,0,
9c515ca46ad8f9fca7e879c0a1617207bf5ccf3df21930aaa0995227c3942c40,3_purana/bhagp/bhp_05u.txt,2c3d9fc1f21cf7eda5dc8980d1fcd26c2821d8c71e02f4eb4e49b9fcc0da09d5,devanagari,surface_word,data/representations/gretil/devanagari/surface_word/3_purana/bhagp/bhp_05u.txt,fdb93a375904c420d354d1dd6611c771da812f02f627616065c1b28a668da152,274482,101862,1953,,,0,
9c515ca46ad8f9fca7e879c0a1617207bf5ccf3df21930aaa0995227c3942c40,3_purana/bhagp/bhp_06u.txt,a22a83fa6331b084dc25d7cd5687adc9a9ac7274fca14488a88196af01a901ca,devanagari,surface_word,data/representations/gretil/devanagari/surface_word/3_purana/bhagp/bhp_06u.txt,6b44795a590520b3dbb901b5ef755dd05b8243ccb446a9ca62e9f69f755fa771,217294,79514,3667,,,0,
9c515ca46ad8f9fca7e879c0a1617207bf5ccf3df21930aaa0995227c3942c40,3_purana/bhagp/bhp_07u.txt,986686390c9b96388f5455f69cc62a65b2862fbd9bdaa0411dc7932287077e9a,devanagari,surface_word,data/representations/gretil/devanagari/surface_word/3_purana/bhagp/bhp_07u.txt,b739e2f2adbacc2ce08e86e9be4a263c040a92ffebb2594bdc2d5f2ce5e8dc06,195217,71361,3425,,,0,
9c515ca46ad8f9fca7e879c0a1617207bf5ccf3df21930aaa0995227c3942c40,3_purana/bhagp/bhp_08u.txt,2b1ac661ca2c32343311a129538584f8985ca496d963f749d9757e86ef82c2be,devanagari,surface_word,data/representations/gretil/devanagari/surface_word/3_purana/bhagp/bhp_08u.txt,db0714c92ada72ddc8285bf964b440b35c58906aa341f5839791b2b939036d25,239710,87518,4069,,,0,
9c515ca46ad8f9fca7e879c0a1617207bf5ccf3df21930aaa0995227c3942c40,3_purana/bhagp/bhp_09u.txt,2f8c8bfb3bd0c3bf698938f8326080876fa9953efcfa5a999ed05a63c3560a49,devanagari,surface_word,data/representations/gretil/devanagari/surface_word/3_purana/bhagp/bhp_09u.txt,4ee45c06259dcf1dae71f40e89c72cf5a5e1eb375bae3f76b857fdfa5cc92cc5,234402,85708,4115,,,0,
9c515ca46ad8f9fca7e879c0a1617207bf5ccf3df21930aaa0995227c3942c40,3_purana/bhagp/bhp_10u.txt,962182efb2033378f6a434bbe9ceb4daa06326c3b9f0341091942de85a18d1b0,devanagari,surface_word,data/representations/gretil/devanagari/surface_word/3_purana/bhagp/bhp_10u.txt,9db417dc6bc341a3f9b8bef4c6b6da19a717d12b245dab24bac3cc7c5a7f3231,1053108,395268,18121,,,0,
9c515ca46ad8f9fca7e879c0a1617207bf5ccf3df21930aaa0995227c3942c40,3_purana/bhagp/bhp_11u.txt,849db842737fbb38c868faa43aa292b70c77218595108f90b2772ffe9a5015d1,devanagari,surface_word,data/representations/gretil/devanagari/surface_word/3_purana/bhagp/bhp_11u.txt,cea1d8c2e57af4cf9301f41f24d1119834ea1ace248d475df87da8b81cd253c5,357099,134023,6071,,,0,
9c515ca46ad8f9fca7e879c0a1617207bf5ccf3df21930aaa0995227c3942c40,3_purana/bhagp/bhp_12u.txt,303469b78c1fbb65040c9896fa562a4fcae1ba58b561a975305feb6ba5666c21,devanagari,surface_word,data/representations/gretil/devanagari/surface_word/3_purana/bhagp/bhp_12u.txt,aa79a0446284002ab1d1538c2fc66b00d8d1cd9e33eab184791bbe257aa64cc3,145585,54603,2485,,,0,
9c515ca46ad8f9fca7e879c0a1617207bf5ccf3df21930aaa0995227c3942c40,3_purana/brahmap/brahmppu.txt,fa09efff7d58519f4e4b0daab954fb128434f4512f34b8c219845675713a02a5,devanagari,surface_word,data/representations/gretil/devanagari/surface_word/3_purana/brahmap/brahmppu.txt,a6d99320843e6acd6eb22f9bcb0045f04d40f8ecdbc790f411e9504dff887b61,3381584,1253550,58071,,,0,
9c515ca46ad8f9fca7e879c0a1617207bf5ccf3df21930aaa0995227c3942c40,3_purana/brndp1_u.txt,953e3f56855a22a7a263a8e45999e5b98cee2ecc29446fe4559d116d5db01aeb,devanagari,surface_word,data/representations/gretil/devanagari/surface_word/3_purana/brndp1_u.txt,5f4ac3194139f0fb8d08824bcbcb48a828379a7636819ec263620f50a3cca21e,919267,335111,15447,,,0,
9c515ca46ad8f9fca7e879c0a1617207bf5ccf3df21930aaa0995227c3942c40,3_purana/brndp2_u.txt,cfefdcbdd4c0e052e9e23627184f565ae800d5bf30644a7b47df9e09a7f35346,devanagari,surface_word,data/representations/gretil/devanagari/surface_word/3_purana/brndp2_u.txt,ddf383ac0a542428f5ed7ca680c16b9a51452e4d6b282c057ab865a4a06fb304,1400200,510242,23999,,,0,
9c515ca46ad8f9fca7e879c0a1617207bf5ccf3df21930aaa0995227c3942c40,3_purana/brndp3_u.txt,c45978812b3b54e708b386d90b5c7f4d7b249ef5a7e0a68efc374c24b46207ca,devanagari,surface_word,data/representations/gretil/devanagari/surface_word/3_purana/brndp3_u.txt,ad7669a878396352df2f6f8657bb58bd4594d37238aca8a36b26d13673c80f26,1020255,369029,17438,,,0,
9c515ca46ad8f9fca7e879c0a1617207bf5ccf3df21930aaa0995227c3942c40,3_purana/garup1_u.txt,0af79a64cdb1ad5403dd074ae8d39df6ec2b63e2a45d8b8372547baa04fdaa06,devanagari,surface_word,data/representations/gretil/devanagari/surface_word/3_purana/garup1_u.txt,bf7ce8b9a66eb198ac76a454eb3822ca7b177c1f0a3b602a1750a9ae4ee9d6eb,1910163,694675,32040,,,0,
9c515ca46ad8f9fca7e879c0a1617207bf5ccf3df21930aaa0995227c3942c40,3_purana/garup2_u.txt,0218196e45393bdf6583d50a847338b8a2aed33125d6afad300e32bd20de4c8d,devanagari,surface_word,data/representations/gretil/devanagari/surface_word/3_purana/garup2_u.txt,b3196ab166735b3097a7a0f9f63e25233942c8b7e6e2cfab4a762b160625fc4c,727059,265849,12265,,,0,
9c515ca46ad8f9fca7e879c0a1617207bf5ccf3df21930aaa0995227c3942c40,3_purana/garup3_u.txt,5cc48683991889152eda24eca9ac257a664fc404564438219187da1b97eac4ad,devanagari,surface_word,data/representations/gretil/devanagari/surface_word/3_purana/garup3_u.txt,d9f043a7ee3ac1c8ba1170fa55c4daf6393885fffe035e292be07b2dd196c7b9,567984,207368,8333,,,0,
9c515ca46ad8f9fca7e879c0a1617207bf5ccf3df21930aaa0995227c3942c40,3_purana/kurmp1_u.txt,78b75ec9b87a9ed031384d6ad2d9a176a045c51397b4bbc2f42ca0318c317b74,devanagari,surface_word,data/representations/gretil/devanagari/surface_word/3_purana/kurmp1_u.txt,222ccb45206de985b23d0e7b3e1ed89e98f6073413820dc1e2a626af2e8abb8d,767082,280098,13523,,,0,
9c515ca46ad8f9fca7e879c0a1617207bf5ccf3df21930aaa0995227c3942c40,3_purana/kurmp2_u.txt,3fef885697b05f8610202240c80c1fe958f71d2f045f79c3e53082d6767e99bc,devanagari,surface_word,data/representations/gretil/devanagari/surface_word/3_purana/kurmp2_u.txt,be56cb3aa84a296cc80735265e84d051ed4ebb8745eb9d38b3ac1273824152e6,665282,243396,11525,,,0,
9c515ca46ad8f9fca7e879c0a1617207bf5ccf3df21930aaa0995227c3942c40,3_purana/lip_1_pu.txt,4844e9cb03fd991a3420a20972782f054e2d9a3d4badbcd53e4141bbf00d0319,devanagari,surface_word,data/representations/gretil/devanagari/surface_word/3_purana/lip_1_pu.txt,e371692d9fd0f5060d68aa546a319c99d4f4ec3795ba51a17c7441fd6daf3f6c,1637824,600042,28021,,,0,
9c515ca46ad8f9fca7e879c0a1617207bf5ccf3df21930aaa0995227c3942c40,3_purana/lip_2__u.txt,5205343cb45ab69a16adcf73f66b5dd6866f41a1c3e3e799d8b4e32dec3d5e13,devanagari,surface_word,data/representations/gretil/devanagari/surface_word/3_purana/lip_2__u.txt,2111495ae40b554cd0a1da817f427d7473087727f4dd17dbc9a0be393d29aa6d,568856,207272,9615,,,0,
9c515ca46ad8f9fca7e879c0a1617207bf5ccf3df21930aaa0995227c3942c40,3_purana/mkp1-93u.txt,bdc68f1a61af0b9449462c19c7466e87bf1ef6b74aee592c00b0a516bed49b87,devanagari,surface_word,data/representations/gretil/devanagari/surface_word/3_purana/mkp1-93u.txt,ff79f9058286ce6f603b7b70dedcc9800766a1cc87103d6a20fdba80537168f4,1117605,408323,19957,,,0,
9c515ca46ad8f9fca7e879c0a1617207bf5ccf3df21930aaa0995227c3942c40,3_purana/mtp176pu.txt,18951fbdb7cfc432ebe5f3938ece4d28fab9b1984a708f78e0f6e2aa40032698,devanagari,surface_word,data/representations/gretil/devanagari/surface_word/3_purana/mtp176pu.txt,6ac359b3c708f063dccb8a5be9b1f03125d025397810c90ae7d4d2acec0c5a41,2123068,775816,36531,,,0,
9c515ca46ad8f9fca7e879c0a1617207bf5ccf3df21930aaa0995227c3942c40,3_purana/nardp1_u.txt,7c3b97c27e7c410facd0d1b5021e7c0516cd1e26d677831faff4ffb9964da4c5,devanagari,surface_word,data/representations/gretil/devanagari/surface_word/3_purana/nardp1_u.txt,b987e466c6029f223430eb31a62976d270acfa20279881880d9eb9151b5e816c,3179369,1151635,53375,,,0,
9c515ca46ad8f9fca7e879c0a1617207bf5ccf3df21930aaa0995227c3942c40,3_purana/nardp2_u.txt,ea5d0413e80f758fbb89d321a549abca5e5065501f1bd07287ba117762cc54ca,devanagari,surface_word,data/representations/gretil/devanagari/surface_word/3_purana/nardp2_u.txt,00909f234b07103a537a494b338881e85d264bfb9547441a9b5b66a8fa05b36e,609804,223210,10297,,,0,
9c515ca46ad8f9fca7e879c0a1617207bf5ccf3df21930aaa0995227c3942c40,3_purana/narsippu.txt,51fc274020031db8d671560d694fa2c03bde95dd997996b023c8ead68c382bc9,devanagari,surface_word,data/representations/gretil/devanagari/surface_word/3_purana/narsippu.txt,9226ced2964e5e217852a046d5d3b3950f03ff8caee96d73edde3d3a4316194a,895117,331149,14783,,,0,
9c515ca46ad8f9fca7e879c0a1617207bf5ccf3df21930aaa0995227c3942c40,3_purana/sivap1_u.txt,160fc9166c7d4a75d317fc03cf2ae38d344951c04f72bcac2a9c3acf4e6b1834,devanagari,surface_word,data/representations/gretil/devanagari/surface_word/3_purana/sivap1_u.txt,e67d7c1a7f666554c520b46440bd7ea615b5198193fddd79212e480af681416a,367892,131456,6385,,,0,
9c515ca46ad8f9fca7e879c0a1617207bf5ccf3df21930aaa0995227c3942c40,3_purana/sivap7_u.txt,58ce55a5c093824d90344ed21f8693aeb52411072909463cee6ebde69a8f6bfd,devanagari,surface_word,data/representations/gretil/devanagari/surface_word/3_purana/sivap7_u.txt,8befa7de709522df6b2e4791d444ea8b2f5bfb76d33f131c64fa9e7adf34de1e,995649,361489,17263,,,0,
9c515ca46ad8f9fca7e879c0a1617207bf5ccf3df21930aaa0995227c3942c40,3_purana/skp031pu.txt,ea671c586a2277c651a397be87dc26eb0b9f9ce4773ca0ce8135e4f8889cff0e,devanagari,surface_word,data/representations/gretil/devanagari/surface_word/3_purana/skp031pu.txt,dc3438d6148c5ed8214e2370f2ed6b4bf1ed7e4fb4b67af18877112923cc2622,417247,153197,7553,,,0,
9c515ca46ad8f9fca7e879c0a1617207bf5ccf3df21930aaa0995227c3942c40,3_purana/skprevku.txt,b6d4a7f31eed336598b669ef9ba20fee50b1b3ef4262c65bf2c3179ad46a786d,devanagari,surface_word,data/representations/gretil/devanagari/surface_word/3_purana/skprevku.txt,cf2ee5186e15943f52e9dea51520f5ae44269c5896637382f1ca2e5168128419,1615044,596876,28499,,,0,
9c515ca46ad8f9fca7e879c0a1617207bf5ccf3df21930aaa0995227c3942c40,3_purana/vamp__u.txt,c32043531099c2ed3806fe2e53eb546d2e16e902d0e1efa1803f746544d25f2a,devanagari,surface_word,data/representations/gretil/devanagari/surface_word/3_purana/vamp__u.txt,f5df4a3b45e7f45f93bc8123a913db8b853e370982b97194212f52ddcb957d94,1158138,424098,19245,,,0,
9c515ca46ad8f9fca7e879c0a1617207bf5ccf3df21930aaa0995227c3942c40,3_purana/vd2127_u.txt,552edb99fa834d5c74a1fe122caf63583f962ae5bdfb92e5cc1ef9786e00b56a,devanagari,surface_word,data/representations/gretil/devanagari/surface_word/3_purana/vd2127_u.txt,3a69c72200108f03aeaddd5aad1e8530e38ebd2b0c272c58edd36be70939d586,13318,4946,217,,,0,
9c515ca46ad8f9fca7e879c0a1617207bf5ccf3df21930aaa0995227c3942c40,3_purana/vd3343pu.txt,b209e8a6de6dd617bb995bd1209bd066397b7e08604a9988f0a44c87bdaaf491,devanagari,surface_word,data/representations/gretil/devanagari/surface_word/3_purana/vd3343pu.txt,3ac7aaa8b06814600657f0169a8d517130bfc1c95d6084f15ae6875901d35166,90267,33511,2233,,,0,
9c515ca46ad8f9fca7e879c0a1617207bf5ccf3df21930aaa0995227c3942c40,3_purana/vipce_pu.txt,afad84225a31809c416d3987e22f7097cd47554976dccf9e3b100e07e91ef7d7,devanagari,surface_word,data/representations/gretil/devanagari/surface_word/3_purana/vipce_pu.txt,ba21c1674cdc800693e9d016e4d30de960dc9d4d2e5de1e0b0913e6c1ccef99d,1584836,585220,25837,,,0,
9c515ca46ad8f9fca7e879c0a1617207bf5ccf3df21930aaa0995227c3942c40,4_rellit/buddh/asmahsuu.txt,d5bf366938a43cec4f15c045028b18ca8fad8e6144bb217763f6f225f30d7a5e,devanagari,surface_word,data/representations/gretil/devanagari/surface_word/4_rellit/buddh/asmahsuu.txt,755c30144d27c780e1d5d6fcd68e17c7f76a307a9411a29b6bfeded7caab2012,759259,270767,5414,,,0,
9c515ca46ad8f9fca7e879c0a1617207bf5ccf3df21930aaa0995227c3942c40,4_rellit/buddh/avsata_u.txt,8830b2e0ed1af3359349504c6207a3a6fca6a35007a0105c6ef47efa88559878,devanagari,surface_word,data/representations/gretil/devanagari/surface_word/4_rellit/buddh/avsata_u.txt,205cc84556e9dcd0f182ba15087e073c386432deac2bbf05e4c1760086781b34,1681684,607688,4089,,,0,
9c515ca46ad8f9fca7e879c0a1617207bf5ccf3df21930aaa0995227c3942c40,4_rellit/buddh/bhivin_u.txt,000628b742b7485c1c9812944eb3d628b82648d892ef068f464a14b4168ecc95,devanagari,surface_word,data/representations/gretil/devanagari/surface_word/4_rellit/buddh/bhivin_u.txt,c5bb7274045754a0e9536a441254bfc5df51a2679de70e714248dfd8e7578c34,931060,339906,3287,,,0,
9c515ca46ad8f9fca7e879c0a1617207bf5ccf3df21930aaa0995227c3942c40,4_rellit/buddh/divyav_u.txt,795f22048616d51c0473ed9e62eb93a9f739d0f0e008f8a942ffb4b32b1b2855,devanagari,surface_word,data/representations/gretil/devanagari/surface_word/4_rellit/buddh/divyav_u.txt,4774209dbdee61e7a34353cfd746e971262520383686b2369bebb4ea0cdd0683,2955311,1071333,32839,,,0,
9c515ca46ad8f9fca7e879c0a1617207bf5ccf3df21930aaa0995227c3942c40,4_rellit/buddh/mhvastuu.txt,e2b66e763ee2037d55e826d6bacd8b34d4681476a8acd560a3115ca7af9e233c,devanagari,surface_word,data/representations/gretil/devanagari/surface_word/4_rellit/buddh/mhvastuu.txt,6053caf893ffa028f24cdb9875e30b6bbd32ef88926d1c4202530407ddba26f8,3806227,1396815,27649,,,0,
9c515ca46ad8f9fca7e879c0a1617207bf5ccf3df21930aaa0995227c3942c40,4_rellit/buddh/srabhu_u.txt,cb9192ebbf0e7a993fa180a01e4f80881504e0b32d6420c6deba24d5bc48b5c3,devanagari,surface_word,data/representations/gretil/devanagari/surface_word/4_rellit/buddh/srabhu_u.txt,ffbeefaf4082bc96c7b73d6c8edbf5e7ff8d4e8eee309b6564763c1c1b799a16,786998,283976,2864,,,0,
9c515ca46ad8f9fca7e879c0a1617207bf5ccf3df21930aaa0995227c3942c40,4_rellit/buddh/sukhvylu.txt,69c2ccbf9733fb7f13de2b0c5cb203a9c7fd3ea7e0df2913d3cb1399666da7e1,devanagari,surface_word,data/representations/gretil/devanagari/surface_word/4_rellit/buddh/sukhvylu.txt,9cc1295b7ddb79e738bc1fc66f7cc7752e8242ba967c07ce7d8c823227d8b37e,208888,75948,3241,,,0,
9c515ca46ad8f9fca7e879c0a1617207bf5ccf3df21930aaa0995227c3942c40,4_rellit/buddh/sukhvysu.txt,81ac6abd8ba6f0460d1755bc41c7c66cee0da001baf65b44117652d7daffb781,devanagari,surface_word,data/representations/gretil/devanagari/surface_word/4_rellit/buddh/sukhvysu.txt,ed5c21e27b629a603c82fe538129de87cd9f4296f4f70a3092a31c4ec0db719c,27373,9975,353,,,0,
9c515ca46ad8f9fca7e879c0a1617207bf5ccf3df21930aaa0995227c3942c40,4_rellit/buddh/udanav_u.txt,bf5aa1bad356df7bbb55b66e67d86df9cea0e8a870272cbb9f1132c5b0871603,devanagari,surface_word,data/representations/gretil/devanagari/surface_word/4_rellit/buddh/udanav_u.txt,8dd3841e28392c3a7085b3dc3ea56de7c392a608e67edb769fba160e98550d51,322474,119622,4275,,,0,
9c515ca46ad8f9fca7e879c0a1617207bf5ccf3df21930aaa0995227c3942c40,4_rellit/buddh/vimkn_u.txt,23849e383c196cf8410454c209bc0c8103bd5efc7af91c829899a08f39e9afc5,devanagari,surface_word,data/representations/gretil/devanagari/surface_word/4_rellit/buddh/vimkn_u.txt,3875a41ab7a017d27bb1fa9795548f06211303e3efd6bf5681221c3db7f186dc,315948,114130,1281,,,0,
9c515ca46ad8f9fca7e879c0a1617207bf5ccf3df21930aaa0995227c3942c40,4_rellit/buddh/vinsutru.txt,196bc0f28b7a7fd2b6f9b1084b8556180f564b373e2a35dbf255557d025ddd63,devanagari,surface_word,data/representations/gretil/devanagari/surface_word/4_rellit/buddh/vinsutru.txt,73f784a9f6f0faf3ffd567310946d3e2a3984f261223d7af69c186353bed3581,583681,212757,12732,,,0,
9c515ca46ad8f9fca7e879c0a1617207bf5ccf3df21930aaa0995227c3942c40,4_rellit/buddh/vinv01_u.txt,96214c70ad6ae7d46836e206912a6a77d4bafeffcd77e0cb4abb3b34e6138188,devanagari,surface_word,data/representations/gretil/devanagari/surface_word/4_rellit/buddh/vinv01_u.txt,52914b85397a0d59d693dc2ff391a826f215e928f9e170e2a509cee623120665,215203,78565,839,,,0,
9c515ca46ad8f9fca7e879c0a1617207bf5ccf3df21930aaa0995227c3942c40,4_rellit/buddh/vinv02_u.txt,c96c9c04db03becb57f513d484d25c6c77e7d1b360eb21faf64095e2b59df7a7,devanagari,surface_word,data/representations/gretil/devanagari/surface_word/4_rellit/buddh/vinv02_u.txt,75300cf44c14fed5faffb092c28d783b6239cc442f85ceeb4834313d0d63564c,146514,53446,1284,,,0,
9c515ca46ad8f9fca7e879c0a1617207bf5ccf3df21930aaa0995227c3942c40,4_rellit/buddh/vinv03_u.txt,5e199f69f3c229d6a2932e18ac774fa14fc7def8a6db3f246581e9a05a8d4a36,devanagari,surface_word,data/representations/gretil/devanagari/surface_word/4_rellit/buddh/vinv03_u.txt,31dbe45b49528347492f32f9126eb6d8fbec3473480b9a05e417a4111ae96e50,74542,27104,298,,,0,
9c515ca46ad8f9fca7e879c0a1617207bf5ccf3df21930aaa0995227c3942c40,4_rellit/buddh/vinv04_u.txt,a0994e1c1b17679b9fb8bc6b47b25908a2b49b6476be34fc2176b10b2996afa1,devanagari,surface_word,data/representations/gretil/devanagari/surface_word/4_rellit/buddh/vinv04_u.txt,d83585ca0ea25b0fdfb33145071d6d0e1dd8e1710a6c9a22c5c292c8c18c08f7,84272,30668,223,,,0,
9c515ca46ad8f9fca7e879c0a1617207bf5ccf3df21930aaa0995227c3942c40,4_rellit/buddh/vinv05_u.txt,8c68a8ca12f38697873d5409e345f1803b79a0f4c8da6d83c98bd01cf793741f,devanagari,surface_word,data/representations/gretil/devanagari/surface_word/4_rellit/buddh/vinv05_u.txt,fec65e8e5bbf0c8bc36627f8c41a6fe4e42eb4e0deac1b31a84cccf7c302e6ce,146876,53398,138,,,0,
9c515ca46ad8f9fca7e879c0a1617207bf5ccf3df21930aaa0995227c3942c40,4_rellit/buddh/vinv07_u.txt,b54d8d4fd95cc7635c9cc4202eb1d6ba8f5f71d417f9cd51a11a037c9a733017,devanagari,surface_word,data/representations/gretil/devanagari/surface_word/4_rellit/buddh/vinv07_u.txt,540bc08697df1d82727e7a45cecaeb231d6f13f0a0880f5deb1339354461d4bf,434584,158412,495,,,0,
9c515ca46ad8f9fca7e879c0a1617207bf5ccf3df21930aaa0995227c3942c40,4_rellit/buddh/vinv08_u.txt,ef9731228eef5468eb964627b0f451b2a48cfe43e5c995ee85f9d21a98d15c1d,devanagari,surface_word,data/representations/gretil/devanagari/surface_word/4_rellit/buddh/vinv08_u.txt,254cfb05a94e04c285439be41e509e04fcc279d84a5f9c40a7531b8db45d46a9,59390,21532,213,,,0,
9c515ca46ad8f9fca7e879c0a1617207bf5ccf3df21930aaa0995227c3942c40,4_rellit/buddh/vinv09_u.txt,dc6822c86a6b81234ea20232532043e5e3c5bf98fdaabbca352c72a3bcd5857c,devanagari,surface_word,data/representations/gretil/devanagari/surface_word/4_rellit/buddh/vinv09_u.txt,f195729c05b5c7e2a0ddbd0a47407afd4113e4532a92abe528830b0774128bd5,65041,23599,133,,,0,
9c515ca46ad8f9fca7e879c0a1617207bf5ccf3df21930aaa0995227c3942c40,4_rellit/buddh/vinv10_u.txt,06c1c354ba6c9e3c61f389605738aaf97b870e9c446d883b27226f474344f12e,devanagari,surface_word,data/representations/gretil/devanagari/surface_word/4_rellit/buddh/vinv10_u.txt,f216c84fb1f4773ed892d6cc5510cedcdcf028f458f8deea11c06655362f81cb,39512,14314,75,,,0,
9c515ca46ad8f9fca7e879c0a1617207bf5ccf3df21930aaa0995227c3942c40,4_rellit/buddh/vinv11_u.txt,636782dd9eb82e03326a3d873edb364f7a9b48c96ef78e3af72cc2822750fa13,devanagari,surface_word,data/representations/gretil/devanagari/surface_word/4_rellit/buddh/vinv11_u.txt,2bc1cc16cfad07bda3668c1e5aaff651f953562fdc0575a46d70c968193e8d4e,183418,65780,247,,,0,
9c515ca46ad8f9fca7e879c0a1617207bf5ccf3df21930aaa0995227c3942c40,4_rellit/buddh/vinv12_u.txt,bad8c13967f8c53b994673306545eaaa174168bbd8122a53da40e36a7c4f26f1,devanagari,surface_word,data/representations/gretil/devanagari/surface_word/4_rellit/buddh/vinv12_u.txt,d6189097bf5d833f1883ad76c060c2c2b0859aad8fdf2282ba19eabc0f28e91a,86912,31448,163,,,0,
9c515ca46ad8f9fca7e879c0a1617207bf5ccf3df21930aaa0995227c3942c40,4_rellit/buddh/vinv13_u.txt,09275901e9a67418bbcf25509fe9a6bbe75248f491b8e0dea3aa12a4e352cc61,devanagari,surface_word,data/representations/gretil/devanagari/surface_word/4_rellit/buddh/vinv13_u.txt,0e3e4833ea4fb20a04204d4a485cd3dbe4d13a70f5867d4b091f78d087f45d17,33263,11973,73,,,0,
9c515ca46ad8f9fca7e879c0a1617207bf5ccf3df21930aaa0995227c3942c40,4_rellit/buddh/vinv14_u.txt,b3bd0e22f140f97fa38e1b624313da79534feeed6829c9f97fc25aa231c74682,devanagari,surface_word,data/representations/gretil/devanagari/surface_word/4_rellit/buddh/vinv14_u.txt,6513edb7cf4f5ee4d2e6ff01ea7e4b2e395a28b21317d7f81aa6007fa5fee65d,31538,11452,95,,,0,
9c515ca46ad8f9fca7e879c0a1617207bf5ccf3df21930aaa0995227c3942c40,4_rellit/buddh/vinv15_u.txt,32961c938a24de8e1901571901008e47c9a588e16a1dd7330f8eca9263c323a3,devanagari,surface_word,data/representations/gretil/devanagari/surface_word/4_rellit/buddh/vinv15_u.txt,dae4489d77b2362d4185c852c2166c7c9aef8bfd6f73e920c068a415af8dd10b,235205,85321,367,,,0,
9c515ca46ad8f9fca7e879c0a1617207bf5ccf3df21930aaa0995227c3942c40,4_rellit/buddh/vinv16_u.txt,e52cba373e989385a08ddfdac9c3b93457ac8313b646e666b20299d199494962,devanagari,surface_word,data/representations/gretil/devanagari/surface_word/4_rellit/buddh/vinv16_u.txt,05b539c91cd8c706b32621984c88da911c8c7024d9ad4c4f882aa040207ae782,219201,79615,315,,,0,
9c515ca46ad8f9fca7e879c0a1617207bf5ccf3df21930aaa0995227c3942c40,4_rellit/buddh/vinv171u.txt,7404132a706319d27812568e77298a4c90a8bcf938712fb6d27505abb9ff77c0,devanagari,surface_word,data/representations/gretil/devanagari/surface_word/4_rellit/buddh/vinv171u.txt,1bec6f53adabd1af5ea669b33ea12def58781225a16192046a1048022ca1970e,943002,342322,2096,,,0,
9c515ca46ad8f9fca7e879c0a1617207bf5ccf3df21930aaa0995227c3942c40,4_rellit/buddh/vinv172u.txt,bba0498a55f8d999e7aadf47fdbb90307c1f4f44dd7cf3b8a4914e1fef4ade0d,devanagari,surface_word,data/representations/gretil/devanagari/surface_word/4_rellit/buddh/vinv172u.txt,83bc2b617769fd28afcfb49c437d81637ae9c070193c027978050972e07ba8d8,1218591,443681,2592,,,0,
9c515ca46ad8f9fca7e879c0a1617207bf5ccf3df21930aaa0995227c3942c40,4_rellit/buddh/vinv_06u.txt,23c212e2db0fd3d97272364fc06f39d39e7c5e6a951553c470883194e43eb9a2,devanagari,surface_word,data/representations/gretil/devanagari/surface_word/4_rellit/buddh/vinv_06u.txt,2730c8077f3c8927dde0b60183387a1fddebf585d285c4793a2dca7a5192c6ec,898070,327082,3400,,,0,
9c515ca46ad8f9fca7e879c0a1617207bf5ccf3df21930aaa0995227c3942c40,4_rellit/saiva/kirtm_pu.txt,e07dc9a65030c1c9cfcb691f5c30d4a21cc944d7512a11bc8fc0c71c33a3aa37,devanagari,surface_word,data/representations/gretil/devanagari/surface_word/4_rellit/saiva/kirtm_pu.txt,3d043816f169f29cafa8143295d2d16e8234da98d8e87396e60be03d3d7d01a4,43394,15870,781,,,0,
9c515ca46ad8f9fca7e879c0a1617207bf5ccf3df21930aaa0995227c3942c40,4_rellit/saiva/kubjt_pu.txt,dd0debf0eba3accb2d7e139b69c72526f2aef8c88dab61322f2b28db59a1042c,devanagari,surface_word,data/representations/gretil/devanagari/surface_word/4_rellit/saiva/kubjt_pu.txt,5aa70645eda0bc989d4bb429908e95af63081c0ad9075074ffb659588e8b8dd8,738972,272122,12549,,,0,
9c515ca46ad8f9fca7e879c0a1617207bf5ccf3df21930aaa0995227c3942c40,4_rellit/saiva/malinivu.txt,a75f922ee1249629c07b02407db1f38fc84b15f60edb00e9c0ce7a8f7c2dbbcf,devanagari,surface_word,data/representations/gretil/devanagari/surface_word/4_rellit/saiva/malinivu.txt,44391ee9d6885304645cb3d52c851ae97337394a5fe024dcf4d75fed17516125,301548,110686,5071,,,0,
9c515ca46ad8f9fca7e879c0a1617207bf5ccf3df21930aaa0995227c3942c40,4_rellit/saiva/mrgt1mpu.txt,89732087b90681053f5e95ae56d609bf643aa2f842e0a434a9c9646ec73f58ad,devanagari,surface_word,data/representations/gretil/devanagari/surface_word/4_rellit/saiva/mrgt1mpu.txt,a793a9267f485f1f958ef4bc5280572e3745531056ecb72adda7150e427dcbde,109277,39513,1829,,,0,
9c515ca46ad8f9fca7e879c0a1617207bf5ccf3df21930aaa0995227c3942c40,4_rellit/saiva/mrgt3mpu.txt,11ec1dc76055c39a7fe89bb32f6269745f2098f56589fa2dc718d850b896a43e,devanagari,surface_word,data/representations/gretil/devanagari/surface_word/4_rellit/saiva/mrgt3mpu.txt,86ec6a404e10b672cef5eb8f86b7ef1f94492a736890424e45d7f2c1553e50c3,32538,11754,529,,,0,
9c515ca46ad8f9fca7e879c0a1617207bf5ccf3df21930aaa0995227c3942c40,4_rellit/saiva/mrgt4mpu.txt,caf973d2798b7763960db9ec38139d2faf526e6c1283985661e4d80858060b9e,devanagari,surface_word,data/representations/gretil/devanagari/surface_word/4_rellit/saiva/mrgt4mpu.txt,ef335675adf13c482e15d7c21887feab89b6da646f2c429aba8e38cca0ed4b01,15874,5732,261,,,0,
9c515ca46ad8f9fca7e879c0a1617207bf5ccf3df21930aaa0995227c3942c40,4_rellit/saiva/parakspu.txt,c719ff67dfe0df145ad8218f40f45ca28d1518e20d9f147f170928197bede6bb,devanagari,surface_word,data/representations/gretil/devanagari/surface_word/4_rellit/saiva/parakspu.txt,30c8be35e36fe9869a93b1edf2ec19658a726bed052ac251e1fce17ce968ff19,135611,48625,843,,,0,
9c515ca46ad8f9fca7e879c0a1617207bf5ccf3df21930aaa0995227c3942c40,4_rellit/saiva/pasupspu.txt,3494910d97c49b423a4ccc6db32f45534c38c0775b0bd154375ae3b7b2b04989,devanagari,surface_word,data/representations/gretil/devanagari/surface_word/4_rellit/saiva/pasupspu.txt,a7e74f693c730deffbd17ac929a03e745418289056687f91f5d6a2d7435a3444,8679,3311,329,,,0,
9c515ca46ad8f9fca7e879c0a1617207bf5ccf3df21930aaa0995227c3942c40,4_rellit/saiva/sivsutru.txt,0cd25ecbe4562592dbf142327468b2f115ea6403e54d67716402f2cce4ef3b8c,devanagari,surface_word,data/representations/gretil/devanagari/surface_word/4_rellit/saiva/sivsutru.txt,fdb393b61b7ccd5668efb8d2335a27af18423f38dbb0b430460948d459100abe,100462,36416,1817,,,0,
9c515ca46ad8f9fca7e879c0a1617207bf5ccf3df21930aaa0995227c3942c40,4_rellit/saiva/svact_pu.txt,f8436cd190e567e9e7a3f60ca3e878fe04ccbddc086225646dfc167656dec7f6,devanagari,surface_word,data/representations/gretil/devanagari/surface_word/4_rellit/saiva/svact_pu.txt,26679af92a91b150e16611bbcd1e344dbed1126408a9bd0e5b0802c2682f2103,874063,317949,14855,,,0,
9c515ca46ad8f9fca7e879c0a1617207bf5ccf3df21930aaa0995227c3942c40,4_rellit/saiva/todaltpu.txt,f0663b175ec060d5f92b1e773440207b0a2134a501ffba74b915d46a6b4c1860,devanagari,surface_word,data/representations/gretil/devanagari/surface_word/4_rellit/saiva/todaltpu.txt,58245a8d00fff6ce402d028e311b33a4caa6bc2b582c66a36d71f5718419671b,95130,34920,1715,,,0,
9c515ca46ad8f9fca7e879c0a1617207bf5ccf3df21930aaa0995227c3942c40,4_rellit/saiva/vinst_pu.txt,6467f80db4d0931397e1578a65343e3ba1af04ceb04239d6da5a3516c1ad7aad,devanagari,surface_word,data/representations/gretil/devanagari/surface_word/4_rellit/saiva/vinst_pu.txt,0ee9c19e9c9f2df0ea759bb948fd411b783639a95ec9436817b1c7d23fbf211b,97643,35859,1653,,,0,
9c515ca46ad8f9fca7e879c0a1617207bf5ccf3df21930aaa0995227c3942c40,4_rellit/vaisn/astavgpu.txt,becaa71a5ae25b22d5e6c7263f62476e4d5c28c91d0cee418405b2d91810199b,devanagari,surface_word,data/representations/gretil/devanagari/surface_word/4_rellit/vaisn/astavgpu.txt,c015c5450377f9c5705139685ac8d4d1a0d4497b1902b46f11856824456dff0c,72661,27369,1235,,,0,
9c515ca46ad8f9fca7e879c0a1617207bf5ccf3df21930aaa0995227c3942c40,4_rellit/vaisn/hbhvil_u.txt,d84304eb9231052befaee1a04f3cfde3554cd9dddb8e474505b865312d19dedd,devanagari,surface_word,data/representations/gretil/devanagari/surface_word/4_rellit/vaisn/hbhvil_u.txt,a5b1b21d25868d72979fd19dc4b5190c62dd8dd3d6aaaf5a7e4ec2a07b1400a9,1261525,464363,23599,,,0,
9c515ca46ad8f9fca7e879c0a1617207bf5ccf3df21930aaa0995227c3942c40,4_rellit/vaisn/satvtanu.txt,f6bea6ab41ccaa1746e183a437edaf0079c9ea58a916839c08b56dddeace174a,devanagari,surface_word,data/representations/gretil/devanagari/surface_word/4_rellit/vaisn/satvtanu.txt,23003835275595f601ef6be6f256d5627ac3fe17f01da268735fd9a69f970697,177565,64681,2897,,,0,
9c515ca46ad8f9fca7e879c0a1617207bf5ccf3df21930aaa0995227c3942c40,4_rellit/vaisn/ss1_tatu.txt,61329ad342e593a76004d808eea37362ed89a71052a9f3a8c33edc0e4ce59acf,devanagari,surface_word,data/representations/gretil/devanagari/surface_word/4_rellit/vaisn/ss1_tatu.txt,7e1d214d4dd56a2f54b73066d8308691bee6c9a31e19c0bb70cb880969e1fc52,262938,96006,3465,,,0,
9c515ca46ad8f9fca7e879c0a1617207bf5ccf3df21930aaa0995227c3942c40,4_rellit/vaisn/ss2_bhgu.txt,930b1850494361f22ed792b2823698df2795c9121fd87f5623212abf82ba7495,devanagari,surface_word,data/representations/gretil/devanagari/surface_word/4_rellit/vaisn/ss2_bhgu.txt,a1d022956859a6381b2a4f5315caf28fafd8d029e077c991dac9c443a190299a,668564,245392,9848,,,0,
9c515ca46ad8f9fca7e879c0a1617207bf5ccf3df21930aaa0995227c3942c40,4_rellit/vaisn/ss3_paru.txt,3ea3fe27e094f3632fa09d5017dd462763637adbb8d53038d21cb28d6d56f502,devanagari,surface_word,data/representations/gretil/devanagari/surface_word/4_rellit/vaisn/ss3_paru.txt,1ca2e868fc8fd88af907aefbc97c6be924e69edd104c9484967225e0f578a3fa,430555,158059,6333,,,0,
9c515ca46ad8f9fca7e879c0a1617207bf5ccf3df21930aaa0995227c3942c40,4_rellit/vaisn/ss4_krsu.txt,2b7d5e54be724639a5507b3dc402e44a78cb69c5e93ced17166c195994708435,devanagari,surface_word,data/representations/gretil/devanagari/surface_word/4_rellit/vaisn/ss4_krsu.txt,10d951b9c60d4e9195c66ea1f38ace4d740b43a56ed82ffd57f2364608bd4f73,644589,236073,9116,,,0,
9c515ca46ad8f9fca7e879c0a1617207bf5ccf3df21930aaa0995227c3942c40,4_rellit/vaisn/ss5_bhku.txt,1db299075aae62f89de922e6fe552fec2e18e2cc85d74a4e857fb45e3e9c9b1f,devanagari,surface_word,data/representations/gretil/devanagari/surface_word/4_rellit/vaisn/ss5_bhku.txt,69de0ef16376d9af3c989cd298b693525d8ae963629c855a0cae44e173ab84d2,1005217,368541,15052,,,0,
9c515ca46ad8f9fca7e879c0a1617207bf5ccf3df21930aaa0995227c3942c40,4_rellit/vaisn/ss6_priu.txt,cbcceda77a80116c1c49574e51d0c834cb42d96acc84bbbd7e373905e28daf60,devanagari,surface_word,data/representations/gretil/devanagari/surface_word/4_rellit/vaisn/ss6_priu.txt,6f34c7d382a6096724e8f76dc8597d7c2fdaa7701e52d629fe5c68f034ce7aba,967591,354303,14547,,,0,
9c515ca46ad8f9fca7e879c0a1617207bf5ccf3df21930aaa0995227c3942c40,4_rellit/vaisn/vaimp__u.txt,c7179c52ddf792fb72181179d3d923d354b0966c1eb08abee8fe8ae2cb14e9ab,devanagari,surface_word,data/representations/gretil/devanagari/surface_word/4_rellit/vaisn/vaimp__u.txt,e5d8668acd4ff1920b233b7b76efe985077d6d959c36099358934592cd161552,548035,207149,13703,,,0,
9c515ca46ad8f9fca7e879c0a1617207bf5ccf3df21930aaa0995227c3942c40,4_rellit/vaisn/yamcatpu.txt,1f4047944fbd4f1eaa71e7535635ebd7fa78adf149fa6c889c9c04d67a3e24b2,devanagari,surface_word,data/representations/gretil/devanagari/surface_word/4_rellit/vaisn/yamcatpu.txt,63e5ccf89386268e8ecebbabb5c26ea3a3d02d9a52a58975156476c97b024b26,2195,803,15,,,0,
9c515ca46ad8f9fca7e879c0a1617207bf5ccf3df21930aaa0995227c3942c40,4_rellit/vaisn/yamsr_pu.txt,b86cecd0914f726732d2ee8aa0e828d39c2118e7b029db187946138c16f1c230,devanagari,surface_word,data/representations/gretil/devanagari/surface_word/4_rellit/vaisn/yamsr_pu.txt,848d600a38c99b61a51fb8dfa5f97501b16271b822bcdcaf0501dea53a20a833,21700,7910,253,,,0,
9c515ca46ad8f9fca7e879c0a1617207bf5ccf3df21930aaa0995227c3942c40,5_poetry/1_chandas/jvrtmspu.txt,10d6fd17650371fd98627577806ebc7044f072a67ff8122c7fbe348a911577f0,devanagari,surface_word,data/representations/gretil/devanagari/surface_word/5_poetry/1_chandas/jvrtmspu.txt,a69502f6604336da519a5c586973cce291bc388d694b43e78c4193e88c439866,54329,19587,637,,,0,
9c515ca46ad8f9fca7e879c0a1617207bf5ccf3df21930aaa0995227c3942c40,5_poetry/1_chandas/kedvratu.txt,396f82413edc8556c7c8f95e973cac99487805dde286e40b19aaeb742f04233f,devanagari,surface_word,data/representations/gretil/devanagari/surface_word/5_poetry/1_chandas/kedvratu.txt,8d6c997cc875db3d806f613a5b1d4c9fa903bb1186f2043d17d7ffac926a75b3,32868,11946,621,,,0,
9c515ca46ad8f9fca7e879c0a1617207bf5ccf3df21930aaa0995227c3942c40,5_poetry/1_chandas/kvrtrsuu.txt,9cb36dc9529accab6d7e34f7e890d75cdbd5aa789cb808d1f1826eb303cd3d8d,devanagari,surface_word,data/representations/gretil/devanagari/surface_word/5_poetry/1_chandas/kvrtrsuu.txt,37aa7bfaac15b129a788cce6d7c7ac0f4c3c04d83b17f8b2de8e60008e17f415,206249,74649,2565,,,0,
9c515ca46ad8f9fca7e879c0a1617207bf5ccf3df21930aaa0995227c3942c40,5_poetry/1_natya/bharnatu.txt,0b7999fcca63fa954f2a4ed9cbb18bb7dfd3ce3c6f0a1e94e26735273fb00ef4,devanagari,surface_word,data/representations/gretil/devanagari/surface_word/5_poetry/1_natya/bharnatu.txt,10a09d77875f597e5f73f54c1b59eff410da1550ca083e8b6f84269db19e24a3,1110002,402474,18441,,,0,
9c515ca46ad8f9fca7e879c0a1617207bf5ccf3df21930aaa0995227c3942c40,5_poetry/1_natya/dhandasu.txt,7602c481f80527f39bf3ea763bf1fb0a0a32612c2c958b67786286105eb30c89,devanagari,surface_word,data/representations/gretil/devanagari/surface_word/5_poetry/1_natya/dhandasu.txt,f51eb0141f43b781f492b699e3cd1490f536470951967c1f7cc66ace7d84b8c7,75598,27128,1263,,,0,
9c515ca46ad8f9fca7e879c0a1617207bf5ccf3df21930aaa0995227c3942c40,5_poetry/2_kavya/akadambu.txt,3d8c25edc06672c908d25e1858b2a42e58507caa08d2afa54fb44022743fd872,devanagari,surface_word,data/representations/gretil/devanagari/surface_word/5_poetry/2_kavya/akadambu.txt,4cef4403b83d06009313adc489d774b6c9867e2a513176b5a5cea8c911d6174b,217637,79919,3573,,,0,
9c515ca46ad8f9fca7e879c0a1617207bf5ccf3df21930aaa0995227c3942c40,5_poetry/2_kavya/amaru_u.txt,7e27ff346025e7171b9055cdcc904129e1bf7adb75019103d7514cb1a53db959,devanagari,surface_word,data/representations/gretil/devanagari/surface_word/5_poetry/2_kavya/amaru_u.txt,b12b66a0602184d113ce475eed7261af2d653d36efcee4e605ba32aa9bbb0a3e,115517,41997,1846,,,0,
9c515ca46ad8f9fca7e879c0a1617207bf5ccf3df21930aaa0995227c3942c40,5_poetry/2_kavya/asvbuc2u.txt,d9789f28b4dd80704e59af97af25cd888f9ab1566576ebb290347179d502f2b3,devanagari,surface_word,data/representations/gretil/devanagari/surface_word/5_poetry/2_kavya/asvbuc2u.txt,4d5260c8140c7fe22add859eba8e4fbc89a72a69260754dc55eb27d62a621b3a,302653,110043,4161,,,0,
9c515ca46ad8f9fca7e879c0a1617207bf5ccf3df21930aaa0995227c3942c40,5_poetry/2_kavya/asvsau2u.txt,c68e0c6f9e6454e7d56611e0e4242fd99c7a90965c0315af12b8e11946000b82,devanagari,surface_word,data/representations/gretil/devanagari/surface_word/5_poetry/2_kavya/asvsau2u.txt,6d85f3770fc4329b99e7eeab542ada5a3d96afa80a1e8e317fb84d6157a4b584,307111,111947,4439,,,0,
9c515ca46ad8f9fca7e879c0a1617207bf5ccf3df21930aaa0995227c3942c40,5_poetry/2_kavya/bhakirpu.txt,6caef04704607f623cf18b721ce0b69bd4d42ffc9a86afbd5ee84b4ff3050258,devanagari,surface_word,data/representations/gretil/devanagari/surface_word/5_poetry/2_kavya/bhakirpu.txt,5794b10ee6683e0accb7ad412120b51904a21977f9067e4ea5038d20c741cb9d,315464,115210,4159,,,0,
9c515ca46ad8f9fca7e879c0a1617207bf5ccf3df21930aaa0995227c3942c40,5_poetry/2_kavya/bhattiku.txt,f4557da63b872174ac7e1592da4d6cfced46a8cefb2952f694137df4cdd670ce,devanagari,surface_word,data/representations/gretil/devanagari/surface_word/5_poetry/2_kavya/bhattiku.txt,95a7e534a47e4b01e92177cb6614856be77283e61cb608925dea0deb1721aa32,419867,155941,6437,,,0,
9c515ca46ad8f9fca7e879c0a1617207bf5ccf3df21930aaa0995227c3942c40,5_poetry/2_kavya/bicauppu.txt,0c8a8f9eea6c0d8913e87014e5dae59750b80759b30229e0e5b526bf29037994,devanagari,surface_word,data/representations/gretil/devanagari/surface_word/5_poetry/2_kavya/bicauppu.txt,08d59d250363547bd290a3513df25cd1ec8c96bb8d8a980734cb3eb9db05e90a,19237,6929,203,,,0,
9c515ca46ad8f9fca7e879c0a1617207bf5ccf3df21930aaa0995227c3942c40,5_poetry/2_kavya/dandkc_u.txt,ddd3682c3134abe7552231f1e58aee7b291dcb9ffef98d682922f181f64eac01,devanagari,surface_word,data/representations/gretil/devanagari/surface_word/5_poetry/2_kavya/dandkc_u.txt,b90d23b71c0ba20bb4d9795e01a15fbf897bbc425ef04e427a60190cf9e2f6f7,582991,207689,4299,,,0,
9c515ca46ad8f9fca7e879c0a1617207bf5ccf3df21930aaa0995227c3942c40,5_poetry/2_kavya/jaygit2u.txt,b332ad6d14a53dda127cf04ca2adfd803991d5b0d58f474c709eb27850db473f,devanagari,surface_word,data/representations/gretil/devanagari/surface_word/5_poetry/2_kavya/jaygit2u.txt,f2e8784a765422e7d230cd9bef3827ed8ca982b92062bdfabf987f032e8a587a,92786,33782,1441,,,0,
9c515ca46ad8f9fca7e879c0a1617207bf5ccf3df21930aaa0995227c3942c40,5_poetry/2_kavya/kakumspu.txt,94f8f3d8ba63d475cc0c6b2817716954fec8bfedff8936e37b49e6681856ff2a,devanagari,surface_word,data/representations/gretil/devanagari/surface_word/5_poetry/2_kavya/kakumspu.txt,fe54a067aee68ec5223a270188dc21eaf6859a6cc1b0e49abdbafc9ddb340daf,179683,65563,2451,,,0,
9c515ca46ad8f9fca7e879c0a1617207bf5ccf3df21930aaa0995227c3942c40,5_poetry/2_kavya/kalrs_pu.txt,218feb599f4bb546c61e3776103f2912805b214d87b5cea9b1295769c97e9cd8,devanagari,surface_word,data/representations/gretil/devanagari/surface_word/5_poetry/2_kavya/kalrs_pu.txt,df4d426abf69b3d9f80828945813660f3c522c8c8f245e0a57e3300b28118473,55868,19952,643,,,0,
9c515ca46ad8f9fca7e879c0a1617207bf5ccf3df21930aaa0995227c3942c40,5_poetry/2_kavya/kmeghdpu.txt,d54a3500b02810941e255c692556973ce1e8443faa145ece5d6597121cfa7002,devanagari,surface_word,data/representations/gretil/devanagari/surface_word/5_poetry/2_kavya/kmeghdpu.txt,426eea9be906c065bb11ac02e396fe8f77e98b146c77fea185e08a2ec83c7d12,54726,19812,445,,,0,
9c515ca46ad8f9fca7e879c0a1617207bf5ccf3df21930aaa0995227c3942c40,5_poetry/2_kavya/kragh_pu.txt,871d481e98eb4f5cceeacce49e137c1339c8d672606e0a075e639251cc4a5b8a,devanagari,surface_word,data/representations/gretil/devanagari/surface_word/5_poetry/2_kavya/kragh_pu.txt,688c4d3dd42efb428ebbeb76734148e8bfd89f86b45d18da8d56acdf1b43e822,473282,172636,6547,,,0,
9c515ca46ad8f9fca7e879c0a1617207bf5ccf3df21930aaa0995227c3942c40,5_poetry/2_kavya/maghspvu.txt,7e4d857e547b3badda8047b6b19400ee93369468ed4db113b5516f9ad3c7daa0,devanagari,surface_word,data/representations/gretil/devanagari/surface_word/5_poetry/2_kavya/maghspvu.txt,ef8b37f4e350f5290e0f8e82ec667d1253f25b680a3835bd645678f4f88931a4,486530,173700,6579,,,0,
9c515ca46ad8f9fca7e879c0a1617207bf5ccf3df21930aaa0995227c3942c40,5_poetry/2_kavya/nkalivpu.txt,b55aa0878824496f266d2461be73af96badf8fb098dd833bdaec78975c0be87b,devanagari,surface_word,data/representations/gretil/devanagari/surface_word/5_poetry/2_kavya/nkalivpu.txt,6d99dbff48c2a05f836234af6bcff5ef284b467506df90c169444d38ece6fc48,25473,9397,425,,,0,
9c515ca46ad8f9fca7e879c0a1617207bf5ccf3df21930aaa0995227c3942c40,5_poetry/2_kavya/padnscpu.txt,77b0fc4cf11d7e35ca7ef4e7ff53c01fbdc6a456c783ae638c3d4ccedcd075b3,devanagari,surface_word,data/representations/gretil/devanagari/surface_word/5_poetry/2_kavya/padnscpu.txt,4a1343f1507cf81ea72e093ff4ed427c93edcd50b88d81b1fcaeec728fc390db,459095,167241,6575,,,0,
9c515ca46ad8f9fca7e879c0a1617207bf5ccf3df21930aaa0995227c3942c40,5_poetry/2_kavya/ramodtpu.txt,e4b7f34f86587b3236e6a1b0b6f1a0968e5ad2ef7d270cc46dfd818daca8fca1,devanagari,surface_word,data/representations/gretil/devanagari/surface_word/5_poetry/2_kavya/ramodtpu.txt,a280f8cdbd8e997238300648f27dd3a9233ec41fb4a77d9cc92e4b79cc96d974,52128,19288,895,,,0,
9c515ca46ad8f9fca7e879c0a1617207bf5ccf3df21930aaa0995227c3942c40,5_poetry/4_narr/brkas_pu.txt,1bbead87e3d2d02b58a793c5fba9b6a74941dc5ec7dd688ae2f59896d3143a38,devanagari,surface_word,data/representations/gretil/devanagari/surface_word/5_poetry/4_narr/brkas_pu.txt,abfcb8471dc96df8df65d519bd4e79f29081ca5f52fa19fa95672a8ad13a66a5,1101816,405706,18141,,,0,
9c515ca46ad8f9fca7e879c0a1617207bf5ccf3df21930aaa0995227c3942c40,5_poetry/4_narr/hitop_u.txt,bb68c22d2e6b2161837554abf41635202bddef131e5bb107e19e386d39626254,devanagari,surface_word,data/representations/gretil/devanagari/surface_word/5_poetry/4_narr/hitop_u.txt,1ab44294bc684e110f5f46a77f177ab8769dc80a2d8b89a01cc734a3bddcd8d6,419374,154706,5218,,,0,
9c515ca46ad8f9fca7e879c0a1617207bf5ccf3df21930aaa0995227c3942c40,5_poetry/4_narr/sokss_pu.txt,eb9a1b26778358dfa764229e579d378c98ff84731efb929f64588f5d0abc170d,devanagari,surface_word,data/representations/gretil/devanagari/surface_word/5_poetry/4_narr/sokss_pu.txt,5022f4dca70e31c0345db7e4b42b482d7460ebc4334a76dda7bd4cbd5a9ccefa,5230564,1924476,86751,,,0,
9c515ca46ad8f9fca7e879c0a1617207bf5ccf3df21930aaa0995227c3942c40,5_poetry/4_narr/ttrkhy1u.txt,0f78147713bbfc8eb982b2b9637986d058b5e49f515db61502e15fcf45a67cac,devanagari,surface_word,data/representations/gretil/devanagari/surface_word/5_poetry/4_narr/ttrkhy1u.txt,ae0f3d1b4fc96c2efb81507dab112d6e877e7723fd40af471037cb633d78623f,84124,31002,1671,,,0,
9c515ca46ad8f9fca7e879c0a1617207bf5ccf3df21930aaa0995227c3942c40,5_poetry/4_narr/ttrkhy2u.txt,8b4f8111e685633189c9ede1b3c70666f1583bec5be408aff7e26f86b30e4459,devanagari,surface_word,data/representations/gretil/devanagari/surface_word/5_poetry/4_narr/ttrkhy2u.txt,ca35b87fb8ab609766f8c7d32aad40e71fd8fe633ed6f77253209de84a318fbb,59369,22017,1207,,,0,
9c515ca46ad8f9fca7e879c0a1617207bf5ccf3df21930aaa0995227c3942c40,5_poetry/5_subhas/bharst_u.txt,d0bacd909d66966539730010b59d42f07bb2bac733c9296570a865f1ba52f666,devanagari,surface_word,data/representations/gretil/devanagari/surface_word/5_poetry/5_subhas/bharst_u.txt,6ae20894b23d4636b1e0efba8cad934210fdc620bd98df0ba6ed05ede0524546,143486,53938,2499,,,0,
9c515ca46ad8f9fca7e879c0a1617207bf5ccf3df21930aaa0995227c3942c40,5_poetry/5_subhas/ksdarppu.txt,8b0904d366ebb5a25ce83ff0b6e9ac1bb14c430e657fedb916f25f67d89f1c8e,devanagari,surface_word,data/representations/gretil/devanagari/surface_word/5_poetry/5_subhas/ksdarppu.txt,bbc243bbda3ef886475b982bec305cd45a029740356eceb13cb9859bd75e5300,155157,56211,2395,,,0,
9c515ca46ad8f9fca7e879c0a1617207bf5ccf3df21930aaa0995227c3942c40,5_poetry/5_subhas/msubhs_u.txt,a41a044d39ca4796548b6cb34bad568861a9a9199e77a49cdf700b19c1001bda,devanagari,surface_word,data/representations/gretil/devanagari/surface_word/5_poetry/5_subhas/msubhs_u.txt,1c863007451ddd00e1dee09982231a0ec6a1faae4c14d3d89df2122b762f47d9,3191283,1157613,40771,,,0,
9c515ca46ad8f9fca7e879c0a1617207bf5ccf3df21930aaa0995227c3942c40,5_poetry/5_subhas/valsubhu.txt,fa4788a3b25e76c6300116f7c6278e152c175fd6d5441053f846cc985b1c5e2a,devanagari,surface_word,data/representations/gretil/devanagari/surface_word/5_poetry/5_subhas/valsubhu.txt,f484ed57180b72f43192a61e523ff3f247280d52c31df089f6417a737a6879c9,370014,134620,6677,,,0,
9c515ca46ad8f9fca7e879c0a1617207bf5ccf3df21930aaa0995227c3942c40,5_poetry/5_subhas/vidsrgpu.txt,8f508110e6e43034bfd4162b3a7ecc5d9fa3f8f2d5d2513c5199777985a32f79,devanagari,surface_word,data/representations/gretil/devanagari/surface_word/5_poetry/5_subhas/vidsrgpu.txt,dd27125afe37278ea858078c1948c4080cf3745249bab119aecf63e1c18bb425,809051,294267,9079,,,0,
9c515ca46ad8f9fca7e879c0a1617207bf5ccf3df21930aaa0995227c3942c40,5_poetry/6_hist/jonart_pu.txt,12e61ef70de2c6b4ba3b74bf2caa4a19089dc8a0aed543d8404bc14b94e24a29,devanagari,surface_word,data/representations/gretil/devanagari/surface_word/5_poetry/6_hist/jonart_pu.txt,3b5a179db0c237883958a2a76b458bb92f804a786a9d1fc3b7ec6e9a4a40bbbc,330561,121045,5335,,,0,
9c515ca46ad8f9fca7e879c0a1617207bf5ccf3df21930aaa0995227c3942c40,6_sastra/3_phil/buddh/nagmmk_u.txt,eac4ef20356fb616942be13bf672b0f0c2f5c64d049d781723124475e4a7a9e0,devanagari,surface_word,data/representations/gretil/devanagari/surface_word/6_sastra/3_phil/buddh/nagmmk_u.txt,2724c030db9e8d3a97d1da8a421a1a92b40ef7c7ed1f3de89fb201b6f1f89c28,105521,39397,1791,,,0,
9c515ca46ad8f9fca7e879c0a1617207bf5ccf3df21930aaa0995227c3942c40,6_sastra/3_phil/buddh/nagvigvu.txt,2e52aaa7d8730fccf3dfc1d9d7a9d6b8855850a6970ed6cba588333822407648,devanagari,surface_word,data/representations/gretil/devanagari/surface_word/6_sastra/3_phil/buddh/nagvigvu.txt,5c993c0ed0245f674279ee54b75ea4ea7974b25541d8789e3fbc3cef0275550e,102978,37770,665,,,0,
9c515ca46ad8f9fca7e879c0a1617207bf5ccf3df21930aaa0995227c3942c40,6_sastra/3_phil/buddh/nrat_1_u.txt,35ca54961a3941c0cd9a454b6a479b25e920180fdd3814ecbd4aea573dea90cf,devanagari,surface_word,data/representations/gretil/devanagari/surface_word/6_sastra/3_phil/buddh/nrat_1_u.txt,7342017fa6b8d03155fed6db57aae5ce464bf461063418c89e8bcd32bd8d9816,18999,6997,310,,,0,
9c515ca46ad8f9fca7e879c0a1617207bf5ccf3df21930aaa0995227c3942c40,6_sastra/3_phil/buddh/nrat_2_u.txt,e96e56d6654976b5caba1416a46303c60e177b0d6be6e1b66fc3f4c8d42ac908,devanagari,surface_word,data/representations/gretil/devanagari/surface_word/6_sastra/3_phil/buddh/nrat_2_u.txt,6b16634a2272faffd5d385c145c2263c6c4c6c43d1db4120b9b06f150cf294f7,11193,4133,184,,,0,
9c515ca46ad8f9fca7e879c0a1617207bf5ccf3df21930aaa0995227c3942c40,6_sastra/3_phil/buddh/nrat_4_u.txt,4c90fdbd66b952d202c2fcec7d0b83e9c46639aa3078e42f7494635d404a549d,devanagari,surface_word,data/representations/gretil/devanagari/surface_word/6_sastra/3_phil/buddh/nrat_4_u.txt,bd38250057cb4165e3eac1c4fbd74121490cb672c96861f7f9ca1111e5a0137f,24982,9176,402,,,0,
9c515ca46ad8f9fca7e879c0a1617207bf5ccf3df21930aaa0995227c3942c40,6_sastra/3_phil/buddh/pramanvu.txt,006c6140dc13e5dfeb5983a46fd247ad85f3d8cf3b3f47df0f282d654bdef914,devanagari,surface_word,data/representations/gretil/devanagari/surface_word/6_sastra/3_phil/buddh/pramanvu.txt,ff55963e1f2b26bd4afa283a78ec519159f6893f49fdcae8039cddbb2e448a27,346533,125621,5811,,,0,
9c515ca46ad8f9fca7e879c0a1617207bf5ccf3df21930aaa0995227c3942c40,6_sastra/3_phil/buddh/santbcpu.txt,e413ae132a506e49c446aa4142745d907772377d43571f848f7ce503a93aa61c,devanagari,surface_word,data/representations/gretil/devanagari/surface_word/6_sastra/3_phil/buddh/santbcpu.txt,6b0ecf9620e897e511d7c29f4e385091e5bcea4520702089489a5556b5b9dae0,223162,81444,3691,,,0,
9c515ca46ad8f9fca7e879c0a1617207bf5ccf3df21930aaa0995227c3942c40,6_sastra/3_phil/buddh/vakobhau.txt,40abee07c1566de34715073e4d007622bd5f714e32b2faa3f85cba682b8a3b70,devanagari,surface_word,data/representations/gretil/devanagari/surface_word/6_sastra/3_phil/buddh/vakobhau.txt,097f20e444b4bc3c2de4836278cd2998ff811799903adc3abdf749541332c929,1936373,700013,31509,,,0,
9c515ca46ad8f9fca7e879c0a1617207bf5ccf3df21930aaa0995227c3942c40,6_sastra/3_phil/mimamsa/jaimsutu.txt,7cf06b6b538be1270ff995f3fed3e718134476239b1fe3cbe1ed20256ae63f5c,devanagari,surface_word,data/representations/gretil/devanagari/surface_word/6_sastra/3_phil/mimamsa/jaimsutu.txt,f227f3c290f60ea660a38fa9e87eb5bc606aaa5ab9c30aa6a4ea78ff4c883532,289840,105756,5449,,,0,
9c515ca46ad8f9fca7e879c0a1617207bf5ccf3df21930aaa0995227c3942c40,6_sastra/3_phil/nyaya/antarkpu.txt,68d89a938255dcf4f68cab584e3c40a4a2ee2e8b07599214e90687ddc130360a,devanagari,surface_word,data/representations/gretil/devanagari/surface_word/6_sastra/3_phil/nyaya/antarkpu.txt,7c99258408ea31ba3bbdae02a93b1f50648945d4d36c28040f964dbe6900cc8b,33910,12178,169,,,0,
9c515ca46ad8f9fca7e879c0a1617207bf5ccf3df21930aaa0995227c3942c40,6_sastra/3_phil/nyaya/gaunys_u.txt,d748011af50425faa9c8dff897a301274e7ad24e31635a46070464f6bb41491b,devanagari,surface_word,data/representations/gretil/devanagari/surface_word/6_sastra/3_phil/nyaya/gaunys_u.txt,5dcf197cab56f85794597556fcc5b321ff2dc8ac6193b1a73622bb94e9e4c9a5,68900,24556,1249,,,0,
9c515ca46ad8f9fca7e879c0a1617207bf5ccf3df21930aaa0995227c3942c40,6_sastra/3_phil/saiva/paratriu.txt,c8d460fcc33b840610a7889bc76bdffb895839ca39ec158afde11e75de59d1b6,devanagari,surface_word,data/representations/gretil/devanagari/surface_word/6_sastra/3_phil/saiva/paratriu.txt,5e428acc8508b340cb43de375629d2d60b506cc26c5bdbfc9bface7c9aa54ce6,9004,3308,149,,,0,
9c515ca46ad8f9fca7e879c0a1617207bf5ccf3df21930aaa0995227c3942c40,6_sastra/3_phil/saiva/parmartu.txt,66f293b1b064110fbc21b3aa99a600067eeaba63e62a315aaccf238a7b581d72,devanagari,surface_word,data/representations/gretil/devanagari/surface_word/6_sastra/3_phil/saiva/parmartu.txt,5ff4b753dc93fb5da5da2e4a7ba9b2985312e954ba3701c0bfcb43c817a3c217,27463,10047,421,,,0,
9c515ca46ad8f9fca7e879c0a1617207bf5ccf3df21930aaa0995227c3942c40,6_sastra/3_phil/saiva/pratyabu.txt,9fb07fd54562710fe5ccce055be41700676ffc70e4239589eb929fa5c74c5f91,devanagari,surface_word,data/representations/gretil/devanagari/surface_word/6_sastra/3_phil/saiva/pratyabu.txt,afa365d0a5cae630cf787331d2476b3d08eff6878b79ed1d2202b2411038143b,80676,29226,1180,,,0,
9c515ca46ad8f9fca7e879c0a1617207bf5ccf3df21930aaa0995227c3942c40,6_sastra/3_phil/saiva/tantralu.txt,9a66b8bb0de31ffcc4f2b9725db9864ba854259f92a97cd48beb9f8cc67d6b6a,devanagari,surface_word,data/representations/gretil/devanagari/surface_word/6_sastra/3_phil/saiva/tantralu.txt,bc158de228615c39ac8f81df2d21802f4aad2c4de0d39df13b2795f2bbece29e,1417765,511145,23391,,,0,
9c515ca46ad8f9fca7e879c0a1617207bf5ccf3df21930aaa0995227c3942c40,6_sastra/3_phil/samkhya/isvskaru.txt,3c8802b2f399b2871e0a8839a838d41c988a8ba6f2217ff20c2285c8d573200a,devanagari,surface_word,data/representations/gretil/devanagari/surface_word/6_sastra/3_phil/samkhya/isvskaru.txt,a232816b8ee1cfb7ec3f7f6134ce254046ddde3fb97c60c89473ef2c30e36359,18770,6912,294,,,0,
9c515ca46ad8f9fca7e879c0a1617207bf5ccf3df21930aaa0995227c3942c40,6_sastra/3_phil/vaisesik/vaissu1u.txt,b0d87dcc4fa7941be49056cedcd97c3c3fd5e449790185a9e1f3cd5b431b06c4,devanagari,surface_word,data/representations/gretil/devanagari/surface_word/6_sastra/3_phil/vaisesik/vaissu1u.txt,7e568b51f2f2faba89fc31d24c2bf0867603726709812a74437c8663d57b88a2,38338,13978,767,,,0,
9c515ca46ad8f9fca7e879c0a1617207bf5ccf3df21930aaa0995227c3942c40,6_sastra/3_phil/vedanta/brahmsuu.txt,947e7eff1dcbb392fd7e620022aacab0e8aac50c823680d975c1ea623984232c,devanagari,surface_word,data/representations/gretil/devanagari/surface_word/6_sastra/3_phil/vedanta/brahmsuu.txt,4f1df11b64c21d4386cb67dd64241799fe46b7aa2f2d99480efd7dbfeafdf10f,45042,16548,1089,,,0,
9c515ca46ad8f9fca7e879c0a1617207bf5ccf3df21930aaa0995227c3942c40,6_sastra/3_phil/vedanta/gaukarpu.txt,e9b4187c0e9bb9f0da43034f0eeffd5398a9d9fedf5e9fc95da4d95830018599,devanagari,surface_word,data/representations/gretil/devanagari/surface_word/6_sastra/3_phil/vedanta/gaukarpu.txt,27a0716e0973c95f0377131fe2da8cf404f23239b26dd1fd3f102b3ce99eca25,51648,19226,885,,,0,
9c515ca46ad8f9fca7e879c0a1617207bf5ccf3df21930aaa0995227c3942c40,6_sastra/3_phil/vedanta/samkupad_u.txt,0edf71282eeee5779c7c2e344c541b76ec8eb9cb7f0234cd4471c16b9b9092b8,devanagari,surface_word,data/representations/gretil/devanagari/surface_word/6_sastra/3_phil/vedanta/samkupad_u.txt,923070aaf4de5d5cfd24f00959a63e29608c7c5aa60deff2945daf46767046b7,270189,99007,2971,,,0,
9c515ca46ad8f9fca7e879c0a1617207bf5ccf3df21930aaa0995227c3942c40,6_sastra/3_phil/vedanta/yamgaspu.txt,94ffb64e2e5de07e24a350e5b5e7221fd4a7419321c85276634f18d6d16916a5,devanagari,surface_word,data/representations/gretil/devanagari/surface_word/6_sastra/3_phil/vedanta/yamgaspu.txt,40d6779901aa2fe0c49b44a0fbe94ddcace33cbc76bb614fa245f67a0db2c03d,8049,2891,127,,,0,
9c515ca46ad8f9fca7e879c0a1617207bf5ccf3df21930aaa0995227c3942c40,6_sastra/3_phil/vedanta/yamis_pu.txt,21b91e8344d3380f86d5e4d463007e7d36c5c3f4617e6e83c1a0495ca09472e4,devanagari,surface_word,data/representations/gretil/devanagari/surface_word/6_sastra/3_phil/vedanta/yamis_pu.txt,812e5f9c2f1eadc78d265b17b6b109344e3e2425272e1c4ac4098898ee9ad5c5,37563,13393,129,,,0,
9c515ca46ad8f9fca7e879c0a1617207bf5ccf3df21930aaa0995227c3942c40,6_sastra/3_phil/vedanta/yamss_pu.txt,27bed776114f91a024115cc0e6add4e289fb329d6ae238380e7e0c073cb55c84,devanagari,surface_word,data/representations/gretil/devanagari/surface_word/6_sastra/3_phil/vedanta/yamss_pu.txt,735c1f8d64524fa800508905219f2961b795934a7a3a123208f4420fa79117ba,53023,19493,885,,,0,
9c515ca46ad8f9fca7e879c0a1617207bf5ccf3df21930aaa0995227c3942c40,6_sastra/3_phil/yoga/ghers__u.txt,a1089ce9503a91305bbff9c688e11f03cc98372914ff554c9e565f8d9c1453e2,devanagari,surface_word,data/representations/gretil/devanagari/surface_word/6_sastra/3_phil/yoga/ghers__u.txt,35434193a9b67befa338bf81aa12f1710bb1b85215a446181244d1a9f5905954,93635,34577,1632,,,0,
9c515ca46ad8f9fca7e879c0a1617207bf5ccf3df21930aaa0995227c3942c40,6_sastra/3_phil/yoga/hathyopu.txt,da632d4f7eb67f94fd82ef791d7e47532564d1d5fb6f59ae8d6ba00b9e804a91,devanagari,surface_word,data/representations/gretil/devanagari/surface_word/6_sastra/3_phil/yoga/hathyopu.txt,79561ea46e198bb71ec7d71f30f36bacce1c69af312f0e07081d63bf443e05ed,102106,38216,1825,,,0,
9c515ca46ad8f9fca7e879c0a1617207bf5ccf3df21930aaa0995227c3942c40,6_sastra/3_phil/yoga/patyog_u.txt,1533d47e0d6a0aa03efa2555272e69b41db9c568888bcde2bcf61d49bdc0c499,devanagari,surface_word,data/representations/gretil/devanagari/surface_word/6_sastra/3_phil/yoga/patyog_u.txt,8c654a9da7cca5ac9eaeac9d7dfe0d7f52a9fa4fb74ba00e73213b16c206b0b5,23216,8312,389,,,0,
9c515ca46ad8f9fca7e879c0a1617207bf5ccf3df21930aaa0995227c3942c40,6_sastra/4_dharma/smrti/angirspu.txt,af5b4411801358aa1f157716ab661de7e1375469606600c495dd622cab25fdf7,devanagari,surface_word,data/representations/gretil/devanagari/surface_word/6_sastra/4_dharma/smrti/angirspu.txt,1ab3975e0d56e3ada99d3800aa68d140027d39021929252a03a8c107d1deec8d,323425,118087,5677,,,0,
9c515ca46ad8f9fca7e879c0a1617207bf5ccf3df21930aaa0995227c3942c40,6_sastra/4_dharma/smrti/brhasppu.txt,745ee55173781bc1a6bdc8d2022451d64ee335da8c4bf4285b3dc706546815ad,devanagari,surface_word,data/representations/gretil/devanagari/surface_word/6_sastra/4_dharma/smrti/brhasppu.txt,94c59de7b0fa4a6ec0c768b1e499a67e1ff7f8d443d00f777b533f657140d6cb,308075,113671,5032,,,0,
9c515ca46ad8f9fca7e879c0a1617207bf5ccf3df21930aaa0995227c3942c40,6_sastra/4_dharma/smrti/katy2p_u.txt,1fa81313ad928a4d71216c52d9b5d0494e72bd19457620d08d9f924f745ac6ed,devanagari,surface_word,data/representations/gretil/devanagari/surface_word/6_sastra/4_dharma/smrti/katy2p_u.txt,e999a1b830de98fdaf972638bac61647f4f909ca3609d5ad0668a786cab17c90,248759,92033,4091,,,0,
9c515ca46ad8f9fca7e879c0a1617207bf5ccf3df21930aaa0995227c3942c40,6_sastra/4_dharma/smrti/manu2p_u.txt,2c8e97ac776925f19f26ca303b9e2f814e209e83892d8aa94dae31c3e1106f37,devanagari,surface_word,data/representations/gretil/devanagari/surface_word/6_sastra/4_dharma/smrti/manu2p_u.txt,7224475d83b4e9cffbde6b4231d0a211740fa7d0718a46fb64e914cbcef6f701,668514,247418,10751,,,0,
9c515ca46ad8f9fca7e879c0a1617207bf5ccf3df21930aaa0995227c3942c40,6_sastra/4_dharma/smrti/nars2_pu.txt,70baeee71bfae5dbd9081109df78a676723c77f14c118d884038da41f820c228,devanagari,surface_word,data/representations/gretil/devanagari/surface_word/6_sastra/4_dharma/smrti/nars2_pu.txt,ab368002c83eb9532dd882cf0df6958502d642d336a45e115516c71f7f10faa6,233480,86300,3787,,,0,
9c515ca46ad8f9fca7e879c0a1617207bf5ccf3df21930aaa0995227c3942c40,6_sastra/4_dharma/smrti/pars2_pu.txt,c34a321453dc4ab15e6fc24fbdb0116026ce701b6a4476f63589ea0d10ae97e1,devanagari,surface_word,data/representations/gretil/devanagari/surface_word/6_sastra/4_dharma/smrti/pars2_pu.txt,aa020de455cb92585729c5fda6547bbe27147a0a6a88a5ff88bb1e592da710cd,143127,52911,2338,,,0,
9c515ca46ad8f9fca7e879c0a1617207bf5ccf3df21930aaa0995227c3942c40,6_sastra/4_dharma/smrti/visnu_pu.txt,db04ecaac1b183d79df7d8e5c135510ef1e50875ec1293f98d2d0c2a860bdec4,devanagari,surface_word,data/representations/gretil/devanagari/surface_word/6_sastra/4_dharma/smrti/visnu_pu.txt,ec9d59b81f625648e6d455172e08ba38bf5ffcc764f36adab9ec776a40f8a5b8,342631,125833,6668,,,0,
9c515ca46ad8f9fca7e879c0a1617207bf5ccf3df21930aaa0995227c3942c40,6_sastra/4_dharma/smrti/yajn2_pu.txt,c5b7c3aa61be41e573cda625d90f41addcd0c2091a98e0ce803ee85405dba092,devanagari,surface_word,data/representations/gretil/devanagari/surface_word/6_sastra/4_dharma/smrti/yajn2_pu.txt,81431021a60af1434fe9677eeafbb3218e4b1a309db7061f66b3d535bbe0d65d,249098,91688,4051,,,0,
9c515ca46ad8f9fca7e879c0a1617207bf5ccf3df21930aaa0995227c3942c40,6_sastra/4_dharma/sutra/baudhd_u.txt,5e57cc0092d2f89ac09cc7684f33c3cad6c92e1b1a996d044eaec23a47636fd0,devanagari,surface_word,data/representations/gretil/devanagari/surface_word/6_sastra/4_dharma/sutra/baudhd_u.txt,763f40d887c8ab662fd5d38bc2bfb4f2379b16a696bbb967c07b242acdf2304a,273577,101665,3337,,,0,
9c515ca46ad8f9fca7e879c0a1617207bf5ccf3df21930aaa0995227c3942c40,6_sastra/4_dharma/sutra/gautdh_u.txt,528d04898748f4c31cd7221c0bf249d10c4efaa0e6f449a7cccfba0b37369f0e,devanagari,surface_word,data/representations/gretil/devanagari/surface_word/6_sastra/4_dharma/sutra/gautdh_u.txt,b455ccb28e4c28beb8a4ed352b0e630f6f244f054b24a6c5c425b33c4b06d103,106563,38611,2045,,,0,
9c515ca46ad8f9fca7e879c0a1617207bf5ccf3df21930aaa0995227c3942c40,6_sastra/4_dharma/sutra/vasist_u.txt,19454d06a5a1d2271ab3830f2b4f2c650dbd36892da25bb59bbfdd2e2e65dab3,devanagari,surface_word,data/representations/gretil/devanagari/surface_word/6_sastra/4_dharma/sutra/vasist_u.txt,4743ed4496f93ba5c7c344ae12dd9a58501b31c364c855d5976d55100fcbd4f4,184650,69194,2767,,,0,
9c515ca46ad8f9fca7e879c0a1617207bf5ccf3df21930aaa0995227c3942c40,6_sastra/5_artha/kautil_u.txt,03dfc8184435d545f7c52e0ad28ca3e84dfbbf346c8fe5dca9853e3429b758cc,devanagari,surface_word,data/representations/gretil/devanagari/surface_word/6_sastra/5_artha/kautil_u.txt,cf489dd66f1a69a29d0b49e9c1ec55584dd3d73183acd0248a3406d5959bfa42,1128301,419483,11722,,,0,
9c515ca46ad8f9fca7e879c0a1617207bf5ccf3df21930aaa0995227c3942c40,6_sastra/6_kama/kamasutu.txt,8490f10148eb08efc4cd19631307b8753e72b352bd75ce0b7abc49de1038cb44,devanagari,surface_word,data/representations/gretil/devanagari/surface_word/6_sastra/6_kama/kamasutu.txt,1a2feca68f2adc42d59a2dab014366e90889910b429294c79383763153418282,366754,137102,3561,,,0,
9c515ca46ad8f9fca7e879c0a1617207bf5ccf3df21930aaa0995227c3942c40,6_sastra/7_ayur/anandk_u.txt,585f5c2a021cb2e0ee6dd72fab4104c0991e972c44adda18485199f2958ee883,devanagari,surface_word,data/representations/gretil/devanagari/surface_word/6_sastra/7_ayur/anandk_u.txt,077629948c957eca5d80b54ce499add7bba7f06ec24f1026bde4052838aeb131,1491960,542054,26683,,,0,
9c515ca46ad8f9fca7e879c0a1617207bf5ccf3df21930aaa0995227c3942c40,6_sastra/7_ayur/bhavpr_u.txt,16fab679da34e668c123445f439930317b7ae1c163548a7ab2e781caac27b534,devanagari,surface_word,data/representations/gretil/devanagari/surface_word/6_sastra/7_ayur/bhavpr_u.txt,adac0c50c906df475ef637ce0bf05e27f6bf43695ca755ff814073604fde0cb8,106226,38558,1809,,,0,
9c515ca46ad8f9fca7e879c0a1617207bf5ccf3df21930aaa0995227c3942c40,6_sastra/7_ayur/caraka_u.txt,e17839c19c9121eeed00982fe87b0ec4ebdc40b0872b8ea48025e78f70d780ed,devanagari,surface_word,data/representations/gretil/devanagari/surface_word/6_sastra/7_ayur/caraka_u.txt,4c5cfb50b3ca2095ffcb3476de6e8b4a18bb6649973cbfafd36a59af732b6c04,754423,272209,7845,,,0,
9c515ca46ad8f9fca7e879c0a1617207bf5ccf3df21930aaa0995227c3942c40,6_sastra/7_ayur/rasadhpu.txt,6bc9923f1c1db346939f4a334d42ca54302884b25a21a390df1cd875ac759dd1,devanagari,surface_word,data/representations/gretil/devanagari/surface_word/6_sastra/7_ayur/rasadhpu.txt,49921e6a722db51442d19b053515c08607409c7308eeb7f6707db233882e079f,158712,57852,2138,,,0,
9c515ca46ad8f9fca7e879c0a1617207bf5ccf3df21930aaa0995227c3942c40,6_sastra/7_ayur/rasarnpu.txt,6ae73294d18fddfec42ea8b61e55fd125f6c9b7c9583cfe73a14dcade7ab7cc6,devanagari,surface_word,data/representations/gretil/devanagari/surface_word/6_sastra/7_ayur/rasarnpu.txt,8897a2e3689156652b96134b0289428c6dfff954db0b7c35c6164452ed695903,331428,121236,5759,,,0,
9c515ca46ad8f9fca7e879c0a1617207bf5ccf3df21930aaa0995227c3942c40,6_sastra/7_ayur/vagaah_u.txt,b34c9e7fe92c1c44010e06f1d02567964b8ac12ac0ff6c1b3b5cb5404c93f802,devanagari,surface_word,data/representations/gretil/devanagari/surface_word/6_sastra/7_ayur/vagaah_u.txt,51790641098c3221ca66f976b21a39c9c14ee54ac6be4022fab0558758f2d251,2252684,846136,38337,,,0,
9c515ca46ad8f9fca7e879c0a1617207bf5ccf3df21930aaa0995227c3942c40,6_sastra/7_ayur/yogasatu.txt,c4d708c28505c692f96c8f38ba02cd6b5ae8f9ec311644fb01f27b4d15c9a6da,devanagari,surface_word,data/representations/gretil/devanagari/surface_word/6_sastra/7_ayur/yogasatu.txt,6b8a9eaccc747660025a56c3e4a5f8186362537fe522c7305ef799219bdc833e,41954,15010,527,,,0,
9c515ca46ad8f9fca7e879c0a1617207bf5ccf3df21930aaa0995227c3942c40,6_sastra/8_jyot/aryabh_u.txt,4ae78f1f2dde53093584b71c011bb49640b6a0ecec3e96609ca71f308eb7800c,devanagari,surface_word,data/representations/gretil/devanagari/surface_word/6_sastra/8_jyot/aryabh_u.txt,849269ac708d1fb9cda4f9980e999eea57507c6dc9f1f74a9af855810d1181f2,35031,12807,491,,,0,
9c515ca46ad8f9fca7e879c0a1617207bf5ccf3df21930aaa0995227c3942c40,6_sastra/8_jyot/brhajj_u.txt,249b26749c740f90a716ae966ee7d4258077a245659d51562d59475fa9c4374c,devanagari,surface_word,data/representations/gretil/devanagari/surface_word/6_sastra/8_jyot/brhajj_u.txt,9a3ca558b94c93143e756ccdabd3810003cd6d0f0d2e9de13640aede2d29d3d8,193033,71833,1681,,,0,
9c515ca46ad8f9fca7e879c0a1617207bf5ccf3df21930aaa0995227c3942c40,6_sastra/8_jyot/brhats_u.txt,326b4cc5b5b78041e2d002f8a75f2812be38ce84547d0f34a093e1c73ce21a6a,devanagari,surface_word,data/representations/gretil/devanagari/surface_word/6_sastra/8_jyot/brhats_u.txt,0cd8eb05a28d4a310889381c099b6eb85abe367ebb7b0da38357ae8a48853e4f,846858,316908,13651,,,0,
9c515ca46ad8f9fca7e879c0a1617207bf5ccf3df21930aaa0995227c3942c40,6_sastra/8_jyot/surysidu.txt,df922f1f2475611cc4af36a58f00a9702753c07c975a6014b2f629c8eb791588,devanagari,surface_word,data/representations/gretil/devanagari/surface_word/6_sastra/8_jyot/surysidu.txt,3711212aa777b6a7e3be603ef7d1b37c120ddf62baa0d1d07a0058a6ec4d4ec0,128985,46883,2025,,,0,
9c515ca46ad8f9fca7e879c0a1617207bf5ccf3df21930aaa0995227c3942c40,1_veda/2_bra/gopbra_u.txt,c4bca04d5db081b0b89f8ad5e725f7d0dc1b842b6e2fe5c92c88a5d058602843,iast,continuous,data/representations/gretil/iast/continuous/1_veda/2_bra/gopbra_u.txt,db6609cca5f2661b7ce722381e2cda9b56f60b2bf36773f1c9f05d9f00b61692,263673,215537,10487,,,0,
9c515ca46ad8f9fca7e879c0a1617207bf5ccf3df21930aaa0995227c3942c40,1_veda/2_bra/kausibru.txt,cb4f9d04c0117f16f7da70126111362de15c295c291e1a4b4446cc8053ea8c87,iast,continuous,data/representations/gretil/iast/continuous/1_veda/2_bra/kausibru.txt,973258796a92f825efe7271771bc3abe8e45f7e6c2b11952787867a5909b099a,290741,248074,13829,,,0,
9c515ca46ad8f9fca7e879c0a1617207bf5ccf3df21930aaa0995227c3942c40,1_veda/2_bra/pncvbr1u.txt,f21103a2c372f63151c99090d83e42dc2647f219367503619d105001f3ca7fbd,iast,continuous,data/representations/gretil/iast/continuous/1_veda/2_bra/pncvbr1u.txt,49ce22cb0cd81b1d59a30ab2f3d60fe4f9f80ec91e2de77daff21328e465d5ba,357865,292367,7123,,,0,
9c515ca46ad8f9fca7e879c0a1617207bf5ccf3df21930aaa0995227c3942c40,1_veda/2_bra/pncvbr2u.txt,4dc0455509d7e2390a13646aea642c458d516c84521f319b1e8049209fffd9f6,iast,continuous,data/representations/gretil/iast/continuous/1_veda/2_bra/pncvbr2u.txt,074519c7376c8c5cb310f8e5d3056aa8ad84d02e8f14bc47551b9b731644b1bd,351429,292367,7123,,,0,
9c515ca46ad8f9fca7e879c0a1617207bf5ccf3df21930aaa0995227c3942c40,1_veda/2_bra/satapath/sb_01_u.txt,7137d4ec4d9600839efe000ea98ec8aa45411c3e32dd3aea36e4ec0f8d4700be,iast,continuous,data/representations/gretil/iast/continuous/1_veda/2_bra/satapath/sb_01_u.txt,ec2e87c9136267ccdbb399d7701e9508459177b8d083ee6ec37679ff7d8a901a,184571,153679,5109,,,0,
9c515ca46ad8f9fca7e879c0a1617207bf5ccf3df21930aaa0995227c3942c40,1_veda/2_bra/satapath/sb_02_u.txt,eb9ec9d35660be11957d5fd1a550b82d1d96b696fa75c3f6be3d45f092845982,iast,continuous,data/representations/gretil/iast/continuous/1_veda/2_bra/satapath/sb_02_u.txt,dfb492f882bccf199e7f1e4bd9e7592e2f92117be9040accc99b03c81bcc73d1,128379,107623,3535,,,0,
9c515ca46ad8f9fca7e879c0a1617207bf5ccf3df21930aaa0995227c3942c40,1_veda/2_bra/satapath/sb_03_u.txt,229a48cba9019702c60e48cd10c50c1cf98cfda844a52ee19b312cebab5d395e,iast,continuous,data/representations/gretil/iast/continuous/1_veda/2_bra/satapath/sb_03_u.txt,540ea6f189bbc7674e53ac873581443c65d2deac9e88fd031828bd5cedc467de,192347,159911,5263,,,0,
9c515ca46ad8f9fca7e879c0a1617207bf5ccf3df21930aaa0995227c3942c40,1_veda/2_bra/satapath/sb_04_u.txt,618056daaf746904657db7b8e3a2c627da72a5f1ee89cfff913c436397f534bd,iast,continuous,data/representations/gretil/iast/continuous/1_veda/2_bra/satapath/sb_04_u.txt,2430d190a1fb24fb147ea375968089b079586b60aa74519e2fc67fdfab01f512,151645,125229,4127,,,0,
9c515ca46ad8f9fca7e879c0a1617207bf5ccf3df21930aaa0995227c3942c40,1_veda/2_bra/satapath/sb_05_u.txt,bd7155db70092eb2f66650808e12bfc727aeb36b0e7b477fff91f01ba195f8c2,iast,continuous,data/representations/gretil/iast/continuous/1_veda/2_bra/satapath/sb_05_u.txt,a07ca69f5355200cc330e38f799affe6c9c44715e7d12dc48a4fe3412f8d5abf,114080,94608,3067,,,0,
9c515ca46ad8f9fca7e879c0a1617207bf5ccf3df21930aaa0995227c3942c40,1_veda/2_bra/satapath/sb_06_u.txt,9d0c94deddb0419b627c29274a553cf4cb9970038d2199df0cdcc6bc33ac8674,iast,continuous,data/representations/gretil/iast/continuous/1_veda/2_bra/satapath/sb_06_u.txt,f9aa60c49ec29349d7349406dddfc4137565be62f246166a55d1b47c2a442c45,134612,112291,3629,,,0,
9c515ca46ad8f9fca7e879c0a1617207bf5ccf3df21930aaa0995227c3942c40,1_veda/2_bra/satapath/sb_07_u.txt,76ed8b2fd2f2f1ec0d7a8557153b71170a1263e35c19ee5d3d4717d5233c946a,iast,continuous,data/representations/gretil/iast/continuous/1_veda/2_bra/satapath/sb_07_u.txt,da265328424b4d1dcb07d42758070af2d04975786372496a7a25ed385f53be9d,105163,87165,2833,,,0,
9c515ca46ad8f9fca7e879c0a1617207bf5ccf3df21930aaa0995227c3942c40,1_veda/2_bra/satapath/sb_08_u.txt,58495bfe0d11a6b75045beaa424d83dbd0e8f63c9302c415b8e4174eefaf7562,iast,continuous,data/representations/gretil/iast/continuous/1_veda/2_bra/satapath/sb_08_u.txt,a3127ce992f06d1ce4395bb187f41cf79b4dcc6f2446d2e22006011ae9401226,120275,99119,3183,,,0,
9c515ca46ad8f9fca7e879c0a1617207bf5ccf3df21930aaa0995227c3942c40,1_veda/2_bra/satapath/sb_09_u.txt,8676a4907d13de19973a34fe9d4283d03cc1bf6f4a6da431d78bc3adad22bd1f,iast,continuous,data/representations/gretil/iast/continuous/1_veda/2_bra/satapath/sb_09_u.txt,2d65c9ada6c7a09e5132ff6afd23c7ab326489b42a94b304f9a95a59db8c4bac,100203,83418,2699,,,0,
9c515ca46ad8f9fca7e879c0a1617207bf5ccf3df21930aaa0995227c3942c40,1_veda/2_bra/satapath/sb_10_u.txt,4455af8c6424dfb56df0ae5f92e9e773aeae22359e1e4ffe36fa388d13719aa5,iast,continuous,data/representations/gretil/iast/continuous/1_veda/2_bra/satapath/sb_10_u.txt,dd8400e394ad1b9c76320c0533a26e03ed4821472c8b0f35a8b2b19227a47c92,95815,78533,2581,,,0,
9c515ca46ad8f9fca7e879c0a1617207bf5ccf3df21930aaa0995227c3942c40,1_veda/2_bra/satapath/sb_11_u.txt,e80fda09c1a3dc5387e1257b2aad918f8ad9f262f571a843be1cda074f3fde9d,iast,continuous,data/representations/gretil/iast/continuous/1_veda/2_bra/satapath/sb_11_u.txt,a337db68e7a95789ae24f25e2f07acbab6d0fb124ebd82af58929554529bec0b,101752,83709,2813,,,0,
9c515ca46ad8f9fca7e879c0a1617207bf5ccf3df21930aaa0995227c3942c40,1_veda/2_bra/satapath/sb_13_u.txt,f444a0f1d5c4ad633e04532851ff6f28012b2273b81ac54bff39cb7e7b8ae183,iast,continuous,data/representations/gretil/iast/continuous/1_veda/2_bra/satapath/sb_13_u.txt,9ef38d8c1d72e53be17729724dc0ba63e3135fa6bda77f3b8ffd406c3fcaaa81,99333,82038,2717,,,0,
9c515ca46ad8f9fca7e879c0a1617207bf5ccf3df21930aaa0995227c3942c40,1_veda/2_bra/satapath/sb_14_u.txt,eb023adb00545d45c02168e0fa3a5bbc56ad9e28eaf6a4b07103fd236682ee01,iast,continuous,data/representations/gretil/iast/continuous/1_veda/2_bra/satapath/sb_14_u.txt,5607ca74306f24aa5fdad080a0708303ed7e57bcf89be46d6db0495b0d06f366,171916,142228,4877,,,0,
9c515ca46ad8f9fca7e879c0a1617207bf5ccf3df21930aaa0995227c3942c40,1_veda/3_ara/sankharu.txt,3242fe23dade298fa771bceb5672a9a0f06a1ec038c3a64ca4645f1eb8580170,iast,continuous,data/representations/gretil/iast/continuous/1_veda/3_ara/sankharu.txt,094d976e88de85e1274a160c1c8365a1c0457430788a98a163fdd4ea70cec287,92443,75198,350,,,0,
9c515ca46ad8f9fca7e879c0a1617207bf5ccf3df21930aaa0995227c3942c40,1_veda/4_upa/aitup__u.txt,f13df975f12bff3a12eaa3930416492fdccc7de0d40a9786ab3eb21bb4f14925,iast,continuous,data/representations/gretil/iast/continuous/1_veda/4_upa/aitup__u.txt,334a61c2bc01c8befd4fc2159d28939a7ab5eb90522e5343229e833235871e76,6217,5125,285,,,0,
9c515ca46ad8f9fca7e879c0a1617207bf5ccf3df21930aaa0995227c3942c40,1_veda/4_upa/brup___u.txt,7b2c09575b45cbf77f9d9ebc41644ef9584253d927cea93a95b38278d22906d2,iast,continuous,data/representations/gretil/iast/continuous/1_veda/4_upa/brup___u.txt,81e909b12b1ed4b1c847bfb849e2a57fcfad77c5013476018bec7a4f701a0bd6,132841,109815,5435,,,0,
9c515ca46ad8f9fca7e879c0a1617207bf5ccf3df21930aaa0995227c3942c40,1_veda/4_upa/chup___u.txt,359c2d6376c5c24df79bde22d6b23700abcc1c836eadaf8fbc5f07fa3d3757b9,iast,continuous,data/representations/gretil/iast/continuous/1_veda/4_upa/chup___u.txt,66231d6e86dcaa020ef7ab98789aedb9b248a666e72b54f02ff5db73f878b92d,112975,94072,5017,,,0,
9c515ca46ad8f9fca7e879c0a1617207bf5ccf3df21930aaa0995227c3942c40,1_veda/4_upa/isup___u.txt,c89d4066216fbc9b159e2f6fc60e56b3b097103203f498002b687cfd10ca7739,iast,continuous,data/representations/gretil/iast/continuous/1_veda/4_upa/isup___u.txt,327dd455ed66cb0aff051bfd2d95faa9665b97d7d07d722d0d1c3e2999e05b15,2038,1695,71,,,0,
9c515ca46ad8f9fca7e879c0a1617207bf5ccf3df21930aaa0995227c3942c40,1_veda/4_upa/kathop_u.txt,65889f708701d9fa05c4915204b307c43a2c5fd66af6f29fcc275ebecc884d3f,iast,continuous,data/representations/gretil/iast/continuous/1_veda/4_upa/kathop_u.txt,6a85b7f3a606ccfe4bc63ce99fcc36979d5837fa550a273866c8f7b1e6da854f,15463,12791,529,,,0,
9c515ca46ad8f9fca7e879c0a1617207bf5ccf3df21930aaa0995227c3942c40,1_veda/4_upa/mandup_u.txt,25d0fbc71b062246c119f7ed99de3cae5b6eb1fa3c65193d4667e94e682d0b64,iast,continuous,data/representations/gretil/iast/continuous/1_veda/4_upa/mandup_u.txt,2b42dae5ddd872b92da6cb41d347c248a70c13953555fd0ccda420e9dbd74312,1729,1408,47,,,0,
9c515ca46ad8f9fca7e879c0a1617207bf5ccf3df21930aaa0995227c3942c40,1_veda/4_upa/prasup_u.txt,5eeb79a9938a34aa36c79d2bbb1ee3cd43b20668793f15b091b89fcf44c10030,iast,continuous,data/representations/gretil/iast/continuous/1_veda/4_upa/prasup_u.txt,f7e026b315b4720dec2e2b03d77cf4a6e8347e73e7e57c9c7bd7f7d9ef8d569e,12045,9865,505,,,0,
9c515ca46ad8f9fca7e879c0a1617207bf5ccf3df21930aaa0995227c3942c40,1_veda/4_upa/svetu_pu.txt,dca6f9592ffe9c5e7179a405faba0c3b248603ea7f7584696260e457b16f7978,iast,continuous,data/representations/gretil/iast/continuous/1_veda/4_upa/svetu_pu.txt,96a10cea26ecc2356d41e9fa73faa2c3f6664d30c60fa556a73dbf88cfa0dea1,15681,12674,465,,,0,
9c515ca46ad8f9fca7e879c0a1617207bf5ccf3df21930aaa0995227c3942c40,1_veda/5_vedang/1_srauta/apsulb_u.txt,12b5568f5cc977c2d421db31a8ebfc54f741c250562ff06887fd0a5a37b97ae7,iast,continuous,data/representations/gretil/iast/continuous/1_veda/5_vedang/1_srauta/apsulb_u.txt,ac59c8d3aba933f3b6a3abcfe78a24243eab06465397af7309ff7f0a82b2f40c,24783,19830,601,,,0,
9c515ca46ad8f9fca7e879c0a1617207bf5ccf3df21930aaa0995227c3942c40,1_veda/5_vedang/1_srauta/asvss_u.txt,49b075db90833ce4b84c65f725222c4378be657296b085e66abeeb1f57c4c6ae,iast,continuous,data/representations/gretil/iast/continuous/1_veda/5_vedang/1_srauta/asvss_u.txt,447fec41f8e59dbc0d7dbe3b7800d925b106f2af2014782f043bb59c4eab7011,232087,193630,5993,,,0,
9c515ca46ad8f9fca7e879c0a1617207bf5ccf3df21930aaa0995227c3942c40,1_veda/5_vedang/1_srauta/sankhssu.txt,d15ca711d9d51e51d61c6473a95a5bcfe9d8fe9d3a1dfc9afb3e48de3cfde08d,iast,continuous,data/representations/gretil/iast/continuous/1_veda/5_vedang/1_srauta/sankhssu.txt,4b0b31aa64affeb0584c378bec1cd81c241adb82a9b47ef911b4a9af818c0c76,320277,268799,10739,,,0,
9c515ca46ad8f9fca7e879c0a1617207bf5ccf3df21930aaa0995227c3942c40,1_veda/5_vedang/1_srauta/vaitss_u.txt,f988a3fae41fa217dc419f7acb95a9dd5ccd68d81cb2a629e66f20715d2cee88,iast,continuous,data/representations/gretil/iast/continuous/1_veda/5_vedang/1_srauta/vaitss_u.txt,f1b46473b8be082291604680dbe38e6dcd916815392e5c898ea7427923408b21,77995,63956,1931,,,0,
9c515ca46ad8f9fca7e879c0a1617207bf5ccf3df21930aaa0995227c3942c40,1_veda/5_vedang/2_grhya/asvgs_u.txt,50f2f03ea2bd21e72590354c4c2c23220e2009bd56023e9422bc9a19db979e39,iast,continuous,data/representations/gretil/iast/continuous/1_veda/5_vedang/2_grhya/asvgs_u.txt,8f50f12f9ba2d12b859f6576ca68f831a44ce66ca46d4f95921f69f7969ff123,55027,46091,1521,,,0,
9c515ca46ad8f9fca7e879c0a1617207bf5ccf3df21930aaa0995227c3942c40,1_veda/5_vedang/2_grhya/jaimigsu.txt,62fafe36f02d40fc3254268b1f79ed7fd30293bb0951fd01367a094b1f73f559,iast,continuous,data/representations/gretil/iast/continuous/1_veda/5_vedang/2_grhya/jaimigsu.txt,ad645b034cafe93796bc3b1c13ad87f471142acf5e5e7720097edaf12757fe3c,54124,43157,365,,,0,
9c515ca46ad8f9fca7e879c0a1617207bf5ccf3df21930aaa0995227c3942c40,1_veda/5_vedang/2_grhya/kaussu_u.txt,e20e7d54e7fd4cb3f83e937687da2fd41bd73d1747e8b2a2a715972164f68e13,iast,continuous,data/representations/gretil/iast/continuous/1_veda/5_vedang/2_grhya/kaussu_u.txt,ff22bae6f4615cb923a7a2323fe3aa6f8770d9e6d3e13a36337958032a8319d1,182288,147364,6103,,,0,
9c515ca46ad8f9fca7e879c0a1617207bf5ccf3df21930aaa0995227c3942c40,1_veda/5_vedang/2_grhya/kauthgsu.txt,c0630b759e976595e9e63e759e85fdf99de01d5cf3d36ca426600adc74136482,iast,continuous,data/representations/gretil/iast/continuous/1_veda/5_vedang/2_grhya/kauthgsu.txt,8c9e4259632838477850efc46994dfbf3a2bb9aa7ff1155fb59777416f3788cb,29393,23150,103,,,0,
9c515ca46ad8f9fca7e879c0a1617207bf5ccf3df21930aaa0995227c3942c40,1_veda/5_vedang/2_grhya/manavgsu.txt,7863702661ddb3d0bf7b79347dc98e60283a15a76c47b5cd2b1ab3c9ec2e2ba6,iast,continuous,data/representations/gretil/iast/continuous/1_veda/5_vedang/2_grhya/manavgsu.txt,7aa7038358da45154d84acf68c2df9dd39ca5d33fa936905d18b7899685553e4,68330,54967,2099,,,0,
9c515ca46ad8f9fca7e879c0a1617207bf5ccf3df21930aaa0995227c3942c40,1_veda/5_vedang/2_grhya/sankhgsu.txt,2e7b593b9e0e5bcd0a82aba5d5847a8e68c62a88553ff11e97aab0730733f39c,iast,continuous,data/representations/gretil/iast/continuous/1_veda/5_vedang/2_grhya/sankhgsu.txt,99f15afc8aa3ff8dc1b6b269f2deef747dca9c8d622eebb0c02fcdb338c44810,67662,56623,2397,,,0,
9c515ca46ad8f9fca7e879c0a1617207bf5ccf3df21930aaa0995227c3942c40,1_veda/5_vedang/2_grhya/vargs_u.txt,04878a4540947b834d08fdcdc85f09d2e965ecb4fc8ec276fe380a111daf5eee,iast,continuous,data/representations/gretil/iast/continuous/1_veda/5_vedang/2_grhya/vargs_u.txt,5963f3c6f3840c74c4784452cf41a28cf816205fb0861349a7c380b744ae750f,39443,32012,1421,,,0,
9c515ca46ad8f9fca7e879c0a1617207bf5ccf3df21930aaa0995227c3942c40,1_veda/5_vedang/2_paris/avpari_u.txt,78d96955cf6dc5342ff83d3fb0a76c062da5f8caf45352afb549c7c972847535,iast,continuous,data/representations/gretil/iast/continuous/1_veda/5_vedang/2_paris/avpari_u.txt,99672009fce7fe5bda471b2d1a903cff94a23a363f09a1a061ee4d0e4f20416a,394633,317713,7589,,,0,
9c515ca46ad8f9fca7e879c0a1617207bf5ccf3df21930aaa0995227c3942c40,1_veda/5_vedang/2_paris/avpray_u.txt,51d8ba5178d0fba8293dccefc506a88fe787ad2617dc913e338d21b8709e42be,iast,continuous,data/representations/gretil/iast/continuous/1_veda/5_vedang/2_paris/avpray_u.txt,ee7108618fb05e9a21db35533170475464c359072f5f511477658ee4def9ca76,62997,51436,1683,,,0,
9c515ca46ad8f9fca7e879c0a1617207bf5ccf3df21930aaa0995227c3942c40,1_veda/5_vedang/3_pratis/rgvidh_u.txt,f8fec2f580cedf759814ac3c7e2fee40e1643f61ae51040766ba1fd751fd1331,iast,continuous,data/representations/gretil/iast/continuous/1_veda/5_vedang/3_pratis/rgvidh_u.txt,d1d6929e80c1661362d4676fe25dd660b8a9a7d51905342a843bdf4637cd3f00,107826,95776,2995,,,0,
9c515ca46ad8f9fca7e879c0a1617207bf5ccf3df21930aaa0995227c3942c40,2_epic/mbh/ext/hv_apppu.txt,4c73c70c292971bd0e0330381f737ad5b9476bd6434710fe65439c261bc2888d,iast,continuous,data/representations/gretil/iast/continuous/2_epic/mbh/ext/hv_apppu.txt,288a459b080c59efd0d90b54f3769800ca352c85193e94461393e439a712b27e,1250063,1012330,46932,,,0,
9c515ca46ad8f9fca7e879c0a1617207bf5ccf3df21930aaa0995227c3942c40,2_epic/mbh/ext/hv_conpu.txt,be1e8fa95826ae19549045eb3925b7b751bf522c0727c5aeacd9caee97c69ff6,iast,continuous,data/representations/gretil/iast/continuous/2_epic/mbh/ext/hv_conpu.txt,d8ece3edc6aaf00da1ad151c29bd0b34d09120fc7b0353a5ef08c634e8cb9282,935287,755039,34287,,,0,
9c515ca46ad8f9fca7e879c0a1617207bf5ccf3df21930aaa0995227c3942c40,2_epic/mbh/mbh_01_u.txt,6f6efe727744daabc20ce809610b88a38d4a53ce0a5481688976db7a1a298113,iast,continuous,data/representations/gretil/iast/continuous/2_epic/mbh/mbh_01_u.txt,585bbe0b0f811403ee3c1a93211d8ff252fbb70994fb2135e6ab98bd1c90f112,1347738,1075830,52585,,,0,
9c515ca46ad8f9fca7e879c0a1617207bf5ccf3df21930aaa0995227c3942c40,2_epic/mbh/mbh_02_u.txt,8ce1d03a0c6c1182a12dbc33131b9d77a34a73c98e68d8eae480be1d7aa17fc8,iast,continuous,data/representations/gretil/iast/continuous/2_epic/mbh/mbh_02_u.txt,eb15310bae036389f3916bd92de89133415585595848c8708e0e5185f717626f,542991,431560,21019,,,0,
9c515ca46ad8f9fca7e879c0a1617207bf5ccf3df21930aaa0995227c3942c40,2_epic/mbh/mbh_03_u.txt,3bb224727af921a3d0e5effa7b45a4c6b83698825d58c4943bf8e0ff08bf52e4,iast,continuous,data/representations/gretil/iast/continuous/2_epic/mbh/mbh_03_u.txt,83a426f86edc5fc05ec234394e24c596f60de8d301cad844ed5969474e19aa2a,1404659,1126719,54413,,,0,
9c515ca46ad8f9fca7e879c0a1617207bf5ccf3df21930aaa0995227c3942c40,2_epic/mbh/mbh_04_u.txt,b912f2b7676c93c92391fc458e85db16b9976fdcaa253a93f1ff541b4b11d83b,iast,continuous,data/representations/gretil/iast/continuous/2_epic/mbh/mbh_04_u.txt,00d3235c80fdfd6c35153100e9ca510be389f9090eae6acaff1a1b419085eaf0,511924,406959,20519,,,0,
9c515ca46ad8f9fca7e879c0a1617207bf5ccf3df21930aaa0995227c3942c40,2_epic/mbh/mbh_05_u.txt,5305b06e43160b197a9ae157a5cf6f0bffd4c09d066a40774f28daad80e7e41b,iast,continuous,data/representations/gretil/iast/continuous/2_epic/mbh/mbh_05_u.txt,a09283e4673a321c749b10ec652b7bc81c5b6cbc92e2bc545f16e6bae7b50a82,788607,631044,29765,,,0,
9c515ca46ad8f9fca7e879c0a1617207bf5ccf3df21930aaa0995227c3942c40,2_epic/mbh/mbh_06_u.txt,7402fda9ec97f8e37e984f06ae768a19bb807801f2a1a0cbbdc8c64b3f58115b,iast,continuous,data/representations/gretil/iast/continuous/2_epic/mbh/mbh_06_u.txt,b8775444c747d60435737041ae6e08c50b7c07fa81512db9aaf804ab97501600,694098,553866,26347,,,0,
9c515ca46ad8f9fca7e879c0a1617207bf5ccf3df21930aaa0995227c3942c40,2_epic/mbh/mbh_07_u.txt,fae85008bdb1fa638d3eec3880b4cfd13377acb0b8779e896500e8b53c226183,iast,continuous,data/representations/gretil/iast/continuous/2_epic/mbh/mbh_07_u.txt,830cabb292d239a462d52490a5f417f704df6571db9655fd7fa91d5d611a04fa,1181158,942283,44801,,,0,
9c515ca46ad8f9fca7e879c0a1617207bf5ccf3df21930aaa0995227c3942c40,2_epic/mbh/mbh_08_u.txt,a8129627d48dc86d89709ed80f0997b7ed75465257f765a96c7a057bd3388c75,iast,continuous,data/representations/gretil/iast/continuous/2_epic/mbh/mbh_08_u.txt,f716713e280dc9bf915bf773334df1c54e177d3cf9931580f18e286c3467c4e5,694563,554781,26519,,,0,
9c515ca46ad8f9fca7e879c0a1617207bf5ccf3df21930aaa0995227c3942c40,2_epic/mbh/mbh_09_u.txt,7a00866c366cc38e0332db6f9bcd67a8b49c8c471b34e88dbfeef545651a86a8,iast,continuous,data/representations/gretil/iast/continuous/2_epic/mbh/mbh_09_u.txt,092973d954461977c4dacc19454e3db163bada1deb02d8a3ff208382aae0a348,424634,339448,16241,,,0,
9c515ca46ad8f9fca7e879c0a1617207bf5ccf3df21930aaa0995227c3942c40,2_epic/mbh/mbh_10_u.txt,ec7a6ec03618bd1ae268c9e432b3471b66016cbad7aec8b67d0217ed86e901fb,iast,continuous,data/representations/gretil/iast/continuous/2_epic/mbh/mbh_10_u.txt,3fea03520aa7bf43e13b43e2bf06817e4d3e8cde066b1dd672b6344cc2b5598f,95264,76530,3591,,,0,
9c515ca46ad8f9fca7e879c0a1617207bf5ccf3df21930aaa0995227c3942c40,2_epic/mbh/mbh_11_u.txt,6d71e5ebd3b41a8e77926414f23a396ff8e17d1826500eca7e64cc674c9bec53,iast,continuous,data/representations/gretil/iast/continuous/2_epic/mbh/mbh_11_u.txt,749d063811ac5173e03a6db3a3944c45096c254103813c33066009f6917722d1,92358,73326,3587,,,0,
9c515ca46ad8f9fca7e879c0a1617207bf5ccf3df21930aaa0995227c3942c40,2_epic/mbh/mbh_12_u.txt,476cd987492e35941130b9c72988d9e5bdd1c81e821ceb97ca7250ee8f77ef9a,iast,continuous,data/representations/gretil/iast/continuous/2_epic/mbh/mbh_12_u.txt,ec5379974c06b7680d86d8352b1c1894ed2e77f11417ef47f65d1a2927e1c8b0,1773078,1431048,68321,,,0,
9c515ca46ad8f9fca7e879c0a1617207bf5ccf3df21930aaa0995227c3942c40,2_epic/mbh/mbh_13_u.txt,2a6cc3a0a9e8d92b7fcabac9b5f4063cf6a9e0c0634dce68cc532cda6705163d,iast,continuous,data/representations/gretil/iast/continuous/2_epic/mbh/mbh_13_u.txt,21457b026d2cad48ffd03fb67948c669a312522dd0f207e0b063b647c6ca921e,1361492,1090796,53619,,,0,
9c515ca46ad8f9fca7e879c0a1617207bf5ccf3df21930aaa0995227c3942c40,2_epic/mbh/mbh_14_u.txt,965e6c6dca5395b0b7ecd9d20dd03c513ffb4ccaeb9ca54d24f9cf4167dd39be,iast,continuous,data/representations/gretil/iast/continuous/2_epic/mbh/mbh_14_u.txt,278da79bb8f1ed9a118ef5dc171770ca329e03415406801f17ad7f48977f8a97,510493,410577,19929,,,0,
9c515ca46ad8f9fca7e879c0a1617207bf5ccf3df21930aaa0995227c3942c40,2_epic/mbh/mbh_15_u.txt,bd3c1d493237fb5b290d7b8af0c9ad2819f957c5427937ba991a926702cd3116,iast,continuous,data/representations/gretil/iast/continuous/2_epic/mbh/mbh_15_u.txt,560ceb7a060dcbf4b6b064a86ef4d4541aaf84b58fe9f687357ddff40da00588,125814,100241,4859,,,0,
9c515ca46ad8f9fca7e879c0a1617207bf5ccf3df21930aaa0995227c3942c40,2_epic/mbh/mbh_16_u.txt,1c95ae89bdbfcf2343bdde1b37453debffd4bfe571da867e621cdf23647ffff9,iast,continuous,data/representations/gretil/iast/continuous/2_epic/mbh/mbh_16_u.txt,6cc485ec372ad27c5b5d78e4ca55602d505e19a6b55e26a2f9e741043df680ce,37877,30046,1425,,,0,
9c515ca46ad8f9fca7e879c0a1617207bf5ccf3df21930aaa0995227c3942c40,2_epic/mbh/mbh_17_u.txt,6638204eae6d9e28b14b71e1b4b2e7ad6ca9c39671708f653facc2ae7d3ed397,iast,continuous,data/representations/gretil/iast/continuous/2_epic/mbh/mbh_17_u.txt,49d3619d4d451d0be1b0a70d599ba1e4b87af6fd5174550202ab635693bca986,13899,11162,541,,,0,
9c515ca46ad8f9fca7e879c0a1617207bf5ccf3df21930aaa0995227c3942c40,2_epic/mbh/mbh_18_u.txt,4744f29ecb8431204b4749b3e683158a808adb6db31af6addfc3be07559d3567,iast,continuous,data/representations/gretil/iast/continuous/2_epic/mbh/mbh_18_u.txt,63924be85fb3d9d6c987ee5fae62d1ef75792fd3533309a402be8dcae90a2c6f,34042,27189,1315,,,0,
9c515ca46ad8f9fca7e879c0a1617207bf5ccf3df21930aaa0995227c3942c40,2_epic/ramayana/ram_01_u.txt,bd494face7a4cbc08c25af52d5ceae358463be85a5e02ec35b3ff728c6f9da9e,iast,continuous,data/representations/gretil/iast/continuous/2_epic/ramayana/ram_01_u.txt,5e3d947f84695763a90934d28ee5bd1c83fa9711f1a4fcd896f374e68ebbe671,205362,164383,7885,,,0,
9c515ca46ad8f9fca7e879c0a1617207bf5ccf3df21930aaa0995227c3942c40,2_epic/ramayana/ram_02_u.txt,e07cd7f334c37d4a2afe643f30b1c5080a571627582d3b2c66f916087217bad7,iast,continuous,data/representations/gretil/iast/continuous/2_epic/ramayana/ram_02_u.txt,4c25473711c95325cbbfd66036ab686c3ee82a35cbc17dc875ba31a5c32c6ab9,339714,272713,12817,,,0,
9c515ca46ad8f9fca7e879c0a1617207bf5ccf3df21930aaa0995227c3942c40,2_epic/ramayana/ram_03_u.txt,17ae70e0fa850d83d4d6237f413ad8d8de7d2c1b4a3d458e3e3a150d8198de26,iast,continuous,data/representations/gretil/iast/continuous/2_epic/ramayana/ram_03_u.txt,e27c6d2d162437d84062e9dfc321e936c01945beee383f5cbb58524ec0d61c7a,224962,177972,8417,,,0,
9c515ca46ad8f9fca7e879c0a1617207bf5ccf3df21930aaa0995227c3942c40,2_epic/ramayana/ram_04_u.txt,a7530e62378426747cbb84f8679ac7957623ddf19181bc8109b891b7e2f547be,iast,continuous,data/representations/gretil/iast/continuous/2_epic/ramayana/ram_04_u.txt,6f6989003ad221ca1d4e306dc0a49db70878a5c266ad11d83f5a4ee149d8ec1e,213662,170208,8033,,,0,
9c515ca46ad8f9fca7e879c0a1617207bf5ccf3df21930aaa0995227c3942c40,2_epic/ramayana/ram_05_u.txt,b12fa1e88108e4e73080dcea087be8c719032ab9189025e2add7f1f7903b55e8,iast,continuous,data/representations/gretil/iast/continuous/2_epic/ramayana/ram_05_u.txt,82b772d92c24d4a55a07b3806bba5381b1e37909cdd360131fa2a615e9f26277,274119,217715,10083,,,0,
9c515ca46ad8f9fca7e879c0a1617207bf5ccf3df21930aaa0995227c3942c40,2_epic/ramayana/ram_06_u.txt,c9057008c87aa3df0287bca988fdc7fdd8a8317c76927c9329dc33f0f6bd3029,iast,continuous,data/representations/gretil/iast/continuous/2_epic/ramayana/ram_06_u.txt,37ce8b6dcc249fa5383c2606eb31c42f277605dae1343573a0985bf30d25f576,485819,386012,17957,,,0,
9c515ca46ad8f9fca7e879c0a1617207bf5ccf3df21930aaa0995227c3942c40,2_epic/ramayana/ram_07_u.txt,884df140e7ab95e096362d9eb76e1d649b9a59b0042bfc233d67f73da2bd3d10,iast,continuous,data/representations/gretil/iast/continuous/2_epic/ramayana/ram_07_u.txt,77ac56d92a98264ab599a94d4ca3e608b2ad197c2f58c99174b2fe4dca24c78b,285273,228235,10877,,,0,
9c515ca46ad8f9fca7e879c0a1617207bf5ccf3df21930aaa0995227c3942c40,3_purana/agp_bi_u.txt,d4bf2940b621c99841ef4bf4ca800972d530603379fca3c00b289be9e4c21e15,iast,continuous,data/representations/gretil/iast/continuous/3_purana/agp_bi_u.txt,4c8af27845eed733f453418b4c617b0a4bc698c704be96bbb463038096e27708,1534367,1231807,57420,,,0,
9c515ca46ad8f9fca7e879c0a1617207bf5ccf3df21930aaa0995227c3942c40,3_purana/bhagp/bhp_01u.txt,1c5c930e32274cc6c376c16c9d1a5da4f1564c4bc024eee740b8344944395794,iast,continuous,data/representations/gretil/iast/continuous/3_purana/bhagp/bhp_01u.txt,02f9c0291b2ab8a2ab686920e5ad1bec3482776f0f09ef2f27af87beee817a6e,95327,76648,3459,,,0,
9c515ca46ad8f9fca7e879c0a1617207bf5ccf3df21930aaa0995227c3942c40,3_purana/bhagp/bhp_02u.txt,36cd654bfe692a6a524f6bf02b3ef49acec6d0006bf415598bb6659fc60dd025,iast,continuous,data/representations/gretil/iast/continuous/3_purana/bhagp/bhp_02u.txt,26eee60df00eea9807ab5bac64f413110f8836085366fa0da64e024a0b354ea3,48804,39536,1835,,,0,
9c515ca46ad8f9fca7e879c0a1617207bf5ccf3df21930aaa0995227c3942c40,3_purana/bhagp/bhp_03u.txt,bfb5a2e8a962704b37afe528a0b3dd9130fb0ad46ffc19f13b0dc47c26f5d52e,iast,continuous,data/representations/gretil/iast/continuous/3_purana/bhagp/bhp_03u.txt,72665d8baf7ea50d1f907fa6e6144f3cfcf4e4b5f05d0e5b2417d302cd35792d,169068,136621,6413,,,0,
9c515ca46ad8f9fca7e879c0a1617207bf5ccf3df21930aaa0995227c3942c40,3_purana/bhagp/bhp_04u.txt,c35f0f822813813cb3645b2ccc1b50cf86146f2bf85aa13a606beea0a87e7c69,iast,continuous,data/representations/gretil/iast/continuous/3_purana/bhagp/bhp_04u.txt,6b1c30743ab7447df2b41b0044687c27d14ec3915a1b3ea6c7fbbc8a43a5b3b4,171019,137928,6349,,,0,
9c515ca46ad8f9fca7e879c0a1617207bf5ccf3df21930aaa0995227c3942c40,3_purana/bhagp/bhp_05u.txt,2c3d9fc1f21cf7eda5dc8980d1fcd26c2821d8c71e02f4eb4e49b9fcc0da09d5,iast,continuous,data/representations/gretil/iast/continuous/3_purana/bhagp/bhp_05u.txt,5f47d30ac4de2511128e7f70bf2515391ac3c8cf86d52c351413de38360c06e1,121901,99631,1953,,,0,
9c515ca46ad8f9fca7e879c0a1617207bf5ccf3df21930aaa0995227c3942c40,3_purana/bhagp/bhp_06u.txt,a22a83fa6331b084dc25d7cd5687adc9a9ac7274fca14488a88196af01a901ca,iast,continuous,data/representations/gretil/iast/continuous/3_purana/bhagp/bhp_06u.txt,c14711d32fc038203f6441ab1ae08838e25cbcb4a4058b24ca3b2e4eee5ba782,99968,80478,3667,,,0,
9c515ca46ad8f9fca7e879c0a1617207bf5ccf3df21930aaa0995227c3942c40,3_purana/bhagp/bhp_07u.txt,986686390c9b96388f5455f69cc62a65b2862fbd9bdaa0411dc7932287077e9a,iast,continuous,data/representations/gretil/iast/continuous/3_purana/bhagp/bhp_07u.txt,1793a13fa5d334f09e0da2196fbc996b4c659ba3b3bc8c4d3142156cb9b63429,89335,72348,3425,,,0,
9c515ca46ad8f9fca7e879c0a1617207bf5ccf3df21930aaa0995227c3942c40,3_purana/bhagp/bhp_08u.txt,2b1ac661ca2c32343311a129538584f8985ca496d963f749d9757e86ef82c2be,iast,continuous,data/representations/gretil/iast/continuous/3_purana/bhagp/bhp_08u.txt,0cc381b6f538bd370ba4cc530f4f5024a2f44644350a182d9e1c4facecdc4f35,110594,89237,4069,,,0,
9c515ca46ad8f9fca7e879c0a1617207bf5ccf3df21930aaa0995227c3942c40,3_purana/bhagp/bhp_09u.txt,2f8c8bfb3bd0c3bf698938f8326080876fa9953efcfa5a999ed05a63c3560a49,iast,continuous,data/representations/gretil/iast/continuous/3_purana/bhagp/bhp_09u.txt,339ebf37213d1b92387c8b8ca6f2e1eb8923742e586ded8d3b9c6ac0f5b2fb43,107288,86312,4115,,,0,
9c515ca46ad8f9fca7e879c0a1617207bf5ccf3df21930aaa0995227c3942c40,3_purana/bhagp/bhp_10u.txt,962182efb2033378f6a434bbe9ceb4daa06326c3b9f0341091942de85a18d1b0,iast,continuous,data/representations/gretil/iast/continuous/3_purana/bhagp/bhp_10u.txt,52e348afb2d665344f2077486cbe85091b47984fe9b9b3bdf098133d01f76488,470259,376563,18121,,,0,
9c515ca46ad8f9fca7e879c0a1617207bf5ccf3df21930aaa0995227c3942c40,3_purana/bhagp/bhp_11u.txt,849db842737fbb38c868faa43aa292b70c77218595108f90b2772ffe9a5015d1,iast,continuous,data/representations/gretil/iast/continuous/3_purana/bhagp/bhp_11u.txt,7a00b6a33bee5e17b20c4078f3ea59cfd17a3a04718b8c3e0962c6ed20d0a07e,156761,126459,6071,,,0,
9c515ca46ad8f9fca7e879c0a1617207bf5ccf3df21930aaa0995227c3942c40,3_purana/bhagp/bhp_12u.txt,303469b78c1fbb65040c9896fa562a4fcae1ba58b561a975305feb6ba5666c21,iast,continuous,data/representations/gretil/iast/continuous/3_purana/bhagp/bhp_12u.txt,d2b5931564b52271804974edf06f4c53039a65a4b3b20688a723ac426b815937,65071,52070,2485,,,0,
9c515ca46ad8f9fca7e879c0a1617207bf5ccf3df21930aaa0995227c3942c40,3_purana/brahmap/brahmppu.txt,fa09efff7d58519f4e4b0daab954fb128434f4512f34b8c219845675713a02a5,iast,continuous,data/representations/gretil/iast/continuous/3_purana/brahmap/brahmppu.txt,303bd42f0ba63b6b4e3561d8486653d4063407aac74f609a19d169dec7e8918e,1562707,1263800,58071,,,0,
9c515ca46ad8f9fca7e879c0a1617207bf5ccf3df21930aaa0995227c3942c40,3_purana/brndp1_u.txt,953e3f56855a22a7a263a8e45999e5b98cee2ecc29446fe4559d116d5db01aeb,iast,continuous,data/representations/gretil/iast/continuous/3_purana/brndp1_u.txt,a5dd39ea6e9ac3e7037908b8c24af7adb309c783f19c511fdb8af3b5396af608,431841,347381,15447,,,0,
9c515ca46ad8f9fca7e879c0a1617207bf5ccf3df21930aaa0995227c3942c40,3_purana/brndp2_u.txt,cfefdcbdd4c0e052e9e23627184f565ae800d5bf30644a7b47df9e09a7f35346,iast,continuous,data/representations/gretil/iast/continuous/3_purana/brndp2_u.txt,f2c00c33ea63ea4f33daa018d12afd6c0ea9232b74bbc3983b5b024cd2bcc082,664402,537085,23999,,,0,
9c515ca46ad8f9fca7e879c0a1617207bf5ccf3df21930aaa0995227c3942c40,3_purana/brndp3_u.txt,c45978812b3b54e708b386d90b5c7f4d7b249ef5a7e0a68efc374c24b46207ca,iast,continuous,data/representations/gretil/iast/continuous/3_purana/brndp3_u.txt,701d1ca51b40821edd94ed3410f3e54f2225a245ce55db8e3c7534dfb0859374,484420,390746,17438,,,0,
9c515ca46ad8f9fca7e879c0a1617207bf5ccf3df21930aaa0995227c3942c40,3_purana/garup1_u.txt,0af79a64cdb1ad5403dd074ae8d39df6ec2b63e2a45d8b8372547baa04fdaa06,iast,continuous,data/representations/gretil/iast/continuous/3_purana/garup1_u.txt,558f784a0c9c4b2082631fd74831ef9570c4b91c2c1d879e3c6beca74d1b006b,909370,727139,32040,,,0,
9c515ca46ad8f9fca7e879c0a1617207bf5ccf3df21930aaa0995227c3942c40,3_purana/garup2_u.txt,0218196e45393bdf6583d50a847338b8a2aed33125d6afad300e32bd20de4c8d,iast,continuous,data/representations/gretil/iast/continuous/3_purana/garup2_u.txt,033ab6ac8f7a75c9c8d04ffaf569814922886eac703aeea9f6fadc545bb52fd4,339952,275183,12265,,,0,
9c515ca46ad8f9fca7e879c0a1617207bf5ccf3df21930aaa0995227c3942c40,3_purana/garup3_u.txt,5cc48683991889152eda24eca9ac257a664fc404564438219187da1b97eac4ad,iast,continuous,data/representations/gretil/iast/continuous/3_purana/garup3_u.txt,8f6373fa386deb3a008179d262ddce5227d3c9504a030f83be571470ef856901,265357,212781,8333,,,0,
9c515ca46ad8f9fca7e879c0a1617207bf5ccf3df21930aaa0995227c3942c40,3_purana/kurmp1_u.txt,78b75ec9b87a9ed031384d6ad2d9a176a045c51397b4bbc2f42ca0318c317b74,iast,continuous,data/representations/gretil/iast/continuous/3_purana/kurmp1_u.txt,493891f6daf6133b01508242221a0354c93b7bee795a5ea03630492dadcf5219,363261,292662,13523,,,0,
9c515ca46ad8f9fca7e879c0a1617207bf5ccf3df21930aaa0995227c3942c40,3_purana/kurmp2_u.txt,3fef885697b05f8610202240c80c1fe958f71d2f045f79c3e53082d6767e99bc,iast,continuous,data/representations/gretil/iast/continuous/3_purana/kurmp2_u.txt,ab220a81f73363b0e5424fd2d08f9ce0987d3609feee7f41c4a3ef56c6add223,311582,252058,11525,,,0,
9c515ca46ad8f9fca7e879c0a1617207bf5ccf3df21930aaa0995227c3942c40,3_purana/lip_1_pu.txt,4844e9cb03fd991a3420a20972782f054e2d9a3d4badbcd53e4141bbf00d0319,iast,continuous,data/representations/gretil/iast/continuous/3_purana/lip_1_pu.txt,623f594b3f5846120c1beb6359adcf09646f8c8d4de6eb3c7f03bf543199ea96,773634,623986,28021,,,0,
9c515ca46ad8f9fca7e879c0a1617207bf5ccf3df21930aaa0995227c3942c40,3_purana/lip_2__u.txt,5205343cb45ab69a16adcf73f66b5dd6866f41a1c3e3e799d8b4e32dec3d5e13,iast,continuous,data/representations/gretil/iast/continuous/3_purana/lip_2__u.txt,1b93c96048624b1b2e6be183e7d03bbf88e6f06d41e233db0e4d61a0c6f8ce59,271383,218208,9615,,,0,
9c515ca46ad8f9fca7e879c0a1617207bf5ccf3df21930aaa0995227c3942c40,3_purana/mkp1-93u.txt,bdc68f1a61af0b9449462c19c7466e87bf1ef6b74aee592c00b0a516bed49b87,iast,continuous,data/representations/gretil/iast/continuous/3_purana/mkp1-93u.txt,d9d5b9bf23aa8067b6dfd8bc0378182fece7fb5bce6e2b2b9b277d13bdd3f1b8,524185,425878,19957,,,0,
9c515ca46ad8f9fca7e879c0a1617207bf5ccf3df21930aaa0995227c3942c40,3_purana/mtp176pu.txt,18951fbdb7cfc432ebe5f3938ece4d28fab9b1984a708f78e0f6e2aa40032698,iast,continuous,data/representations/gretil/iast/continuous/3_purana/mtp176pu.txt,7776e79663d0fe70a7b53eb1b90eb22856bfefa5655adc61910fff2270c39333,998918,811882,36531,,,0,
9c515ca46ad8f9fca7e879c0a1617207bf5ccf3df21930aaa0995227c3942c40,3_purana/nardp1_u.txt,7c3b97c27e7c410facd0d1b5021e7c0516cd1e26d677831faff4ffb9964da4c5,iast,continuous,data/representations/gretil/iast/continuous/3_purana/nardp1_u.txt,1433398f72e5e7349aa0e4ba13e1d2e945749eca17fa91c2feff37573c394d7c,1500720,1210291,53375,,,0,
9c515ca46ad8f9fca7e879c0a1617207bf5ccf3df21930aaa0995227c3942c40,3_purana/nardp2_u.txt,ea5d0413e80f758fbb89d321a549abca5e5065501f1bd07287ba117762cc54ca,iast,continuous,data/representations/gretil/iast/continuous/3_purana/nardp2_u.txt,4a12d89d89e3b261b06a6b3ad71918d4bb9f79bcfc58c85bdc4e01f716742c87,287107,232318,10297,,,0,
9c515ca46ad8f9fca7e879c0a1617207bf5ccf3df21930aaa0995227c3942c40,3_purana/narsippu.txt,51fc274020031db8d671560d694fa2c03bde95dd997996b023c8ead68c382bc9,iast,continuous,data/representations/gretil/iast/continuous/3_purana/narsippu.txt,848d058136736805f0fee0f0a26d1b691d1b3de0e2d49a7256bd3419e2b8a172,416066,335120,14783,,,0,
9c515ca46ad8f9fca7e879c0a1617207bf5ccf3df21930aaa0995227c3942c40,3_purana/sivap1_u.txt,160fc9166c7d4a75d317fc03cf2ae38d344951c04f72bcac2a9c3acf4e6b1834,iast,continuous,data/representations/gretil/iast/continuous/3_purana/sivap1_u.txt,f1092aa67ddfca6a724b31c6e9f0b7fe675a639f5ed615866f245552be7776a6,180465,145068,6385,,,0,
9c515ca46ad8f9fca7e879c0a1617207bf5ccf3df21930aaa0995227c3942c40,3_purana/sivap7_u.txt,58ce55a5c093824d90344ed21f8693aeb52411072909463cee6ebde69a8f6bfd,iast,continuous,data/representations/gretil/iast/continuous/3_purana/sivap7_u.txt,abfdc9ed3849bb1f5681715df23dd12c4c118c2b36e3fb6c03327f42e03ba370,479832,388247,17263,,,0,
9c515ca46ad8f9fca7e879c0a1617207bf5ccf3df21930aaa0995227c3942c40,3_purana/skp031pu.txt,ea671c586a2277c651a397be87dc26eb0b9f9ce4773ca0ce8135e4f8889cff0e,iast,continuous,data/representations/gretil/iast/continuous/3_purana/skp031pu.txt,21fc473e00c5b109b847bec4b0e464ab2973782168f5cd1c1616da87a9fe2683,197980,162280,7553,,,0,
9c515ca46ad8f9fca7e879c0a1617207bf5ccf3df21930aaa0995227c3942c40,3_purana/skprevku.txt,b6d4a7f31eed336598b669ef9ba20fee50b1b3ef4262c65bf2c3179ad46a786d,iast,continuous,data/representations/gretil/iast/continuous/3_purana/skprevku.txt,8cddd4c586f02379edca37bfef0271b9f3c83f7027e1885336989b441c917628,756839,613368,28499,,,0,
9c515ca46ad8f9fca7e879c0a1617207bf5ccf3df21930aaa0995227c3942c40,3_purana/vamp__u.txt,c32043531099c2ed3806fe2e53eb546d2e16e902d0e1efa1803f746544d25f2a,iast,continuous,data/representations/gretil/iast/continuous/3_purana/vamp__u.txt,2a9c9d52636e88051b27871e61a96a30d4e4696e4f08f6f4741f00df3a27665f,547388,444354,19245,,,0,
9c515ca46ad8f9fca7e879c0a1617207bf5ccf3df21930aaa0995227c3942c40,3_purana/vd2127_u.txt,552edb99fa834d5c74a1fe122caf63583f962ae5bdfb92e5cc1ef9786e00b56a,iast,continuous,data/representations/gretil/iast/continuous/3_purana/vd2127_u.txt,74adaf1cb741f0ce6a8db52a479867f92c4bc4056705606438261ce578a81c99,5952,4941,217,,,0,
9c515ca46ad8f9fca7e879c0a1617207bf5ccf3df21930aaa0995227c3942c40,3_purana/vd3343pu.txt,b209e8a6de6dd617bb995bd1209bd066397b7e08604a9988f0a44c87bdaaf491,iast,continuous,data/representations/gretil/iast/continuous/3_purana/vd3343pu.txt,6a614c7d4eecf1def536a7e65e21bc5b223d5cadc1590f22c530483795880f4d,42794,35272,2233,,,0,
9c515ca46ad8f9fca7e879c0a1617207bf5ccf3df21930aaa0995227c3942c40,3_purana/vipce_pu.txt,afad84225a31809c416d3987e22f7097cd47554976dccf9e3b100e07e91ef7d7,iast,continuous,data/representations/gretil/iast/continuous/3_purana/vipce_pu.txt,f5cf4a3efa2d6f2d01d62aee12ec150098d33d2cb9b2c303cf2443abe8c59e82,727036,592602,25837,,,0,
9c515ca46ad8f9fca7e879c0a1617207bf5ccf3df21930aaa0995227c3942c40,4_rellit/buddh/asmahsuu.txt,d5bf366938a43cec4f15c045028b18ca8fad8e6144bb217763f6f225f30d7a5e,iast,continuous,data/representations/gretil/iast/continuous/4_rellit/buddh/asmahsuu.txt,d8f2f5d7960732eda7107b4ad7d67729c8500389fd1d612c30170092017c648d,352246,289786,5414,,,0,
9c515ca46ad8f9fca7e879c0a1617207bf5ccf3df21930aaa0995227c3942c40,4_rellit/buddh/avsata_u.txt,8830b2e0ed1af3359349504c6207a3a6fca6a35007a0105c6ef47efa88559878,iast,continuous,data/representations/gretil/iast/continuous/4_rellit/buddh/avsata_u.txt,c078870abeae356505ce4a7ad36555da49e6ad08056a099fe6db86985e5d2c9a,770775,622641,4089,,,0,
9c515ca46ad8f9fca7e879c0a1617207bf5ccf3df21930aaa0995227c3942c40,4_rellit/buddh/bhivin_u.txt,000628b742b7485c1c9812944eb3d628b82648d892ef068f464a14b4168ecc95,iast,continuous,data/representations/gretil/iast/continuous/4_rellit/buddh/bhivin_u.txt,e8032e62f9a01951104bbe495a5fcb5074ae8939af1001d65949f562044a08f4,429023,345630,3287,,,0,
9c515ca46ad8f9fca7e879c0a1617207bf5ccf3df21930aaa0995227c3942c40,4_rellit/buddh/divyav_u.txt,795f22048616d51c0473ed9e62eb93a9f739d0f0e008f8a942ffb4b32b1b2855,iast,continuous,data/representations/gretil/iast/continuous/4_rellit/buddh/divyav_u.txt,1e3d3cefcdb3f4ad0bcfcf2d832ed3d417feee433716fef973d7a55e0aadfa7d,1395482,1135871,32839,,,0,
9c515ca46ad8f9fca7e879c0a1617207bf5ccf3df21930aaa0995227c3942c40,4_rellit/buddh/mhvastuu.txt,e2b66e763ee2037d55e826d6bacd8b34d4681476a8acd560a3115ca7af9e233c,iast,continuous,data/representations/gretil/iast/continuous/4_rellit/buddh/mhvastuu.txt,710c66d7344f0fad6e97eb0391620cb892b0bdb9a9755354de0a3e92f3934b02,1772257,1431208,27649,,,0,
9c515ca46ad8f9fca7e879c0a1617207bf5ccf3df21930aaa0995227c3942c40,4_rellit/buddh/srabhu_u.txt,cb9192ebbf0e7a993fa180a01e4f80881504e0b32d6420c6deba24d5bc48b5c3,iast,continuous,data/representations/gretil/iast/continuous/4_rellit/buddh/srabhu_u.txt,58ec44b3a2b4385014ee7fcc3b7e355303348a12172aefad4fe0ab8b6848d2b5,358961,295794,2864,,,0,
9c515ca46ad8f9fca7e879c0a1617207bf5ccf3df21930aaa0995227c3942c40,4_rellit/buddh/sukhvylu.txt,69c2ccbf9733fb7f13de2b0c5cb203a9c7fd3ea7e0df2913d3cb1399666da7e1,iast,continuous,data/representations/gretil/iast/continuous/4_rellit/buddh/sukhvylu.txt,ffbd9c5f5be62406ca002d59eeb1670d354a791b163352ebe82edee9fdf79f73,95834,79911,3241,,,0,
9c515ca46ad8f9fca7e879c0a1617207bf5ccf3df21930aaa0995227c3942c40,4_rellit/buddh/sukhvysu.txt,81ac6abd8ba6f0460d1755bc41c7c66cee0da001baf65b44117652d7daffb781,iast,continuous,data/representations/gretil/iast/continuous/4_rellit/buddh/sukhvysu.txt,d55fc1da43f545377229ca3698f47af1ab99ae33096344c0ac66f1d46bb26cbb,12699,10340,353,,,0,
9c515ca46ad8f9fca7e879c0a1617207bf5ccf3df21930aaa0995227c3942c40,4_rellit/buddh/udanav_u.txt,bf5aa1bad356df7bbb55b66e67d86df9cea0e8a870272cbb9f1132c5b0871603,iast,continuous,data/representations/gretil/iast/continuous/4_rellit/buddh/udanav_u.txt,7b37d931849c6e4e5c8758a16e326627422b8a4f47ef829c3974204bd5f24043,160399,142742,4275,,,0,
9c515ca46ad8f9fca7e879c0a1617207bf5ccf3df21930aaa0995227c3942c40,4_rellit/buddh/vimkn_u.txt,23849e383c196cf8410454c209bc0c8103bd5efc7af91c829899a08f39e9afc5,iast,continuous,data/representations/gretil/iast/continuous/4_rellit/buddh/vimkn_u.txt,bfa289441dd73ed01365a99355514d298759c7f8a680ae4023a05cbbcef36992,142900,118300,1281,,,0,
9c515ca46ad8f9fca7e879c0a1617207bf5ccf3df21930aaa0995227c3942c40,4_rellit/buddh/vinsutru.txt,196bc0f28b7a7fd2b6f9b1084b8556180f564b373e2a35dbf255557d025ddd63,iast,continuous,data/representations/gretil/iast/continuous/4_rellit/buddh/vinsutru.txt,02ba418ffea10cf13d2e7c77568759807d4d2d5db20c80d424ea4b14734079ac,269088,217855,12732,,,0,
9c515ca46ad8f9fca7e879c0a1617207bf5ccf3df21930aaa0995227c3942c40,4_rellit/buddh/vinv01_u.txt,96214c70ad6ae7d46836e206912a6a77d4bafeffcd77e0cb4abb3b34e6138188,iast,continuous,data/representations/gretil/iast/continuous/4_rellit/buddh/vinv01_u.txt,4dd36bee4a19cb9dc987ee4e4d9e865ee80caff73b7532c4322958f6fa41e56a,97374,78628,839,,,0,
9c515ca46ad8f9fca7e879c0a1617207bf5ccf3df21930aaa0995227c3942c40,4_rellit/buddh/vinv02_u.txt,c96c9c04db03becb57f513d484d25c6c77e7d1b360eb21faf64095e2b59df7a7,iast,continuous,data/representations/gretil/iast/continuous/4_rellit/buddh/vinv02_u.txt,f8231fa5ac271d5548acba921c63476927933fc5ae3a66db83e7a2ac1ad7f253,68297,53837,1284,,,0,
9c515ca46ad8f9fca7e879c0a1617207bf5ccf3df21930aaa0995227c3942c40,4_rellit/buddh/vinv03_u.txt,5e199f69f3c229d6a2932e18ac774fa14fc7def8a6db3f246581e9a05a8d4a36,iast,continuous,data/representations/gretil/iast/continuous/4_rellit/buddh/vinv03_u.txt,23cd5b0e55267bd6551e221c49dde78e95584bc1191daed1976397960a46da46,34511,27690,298,,,0,
9c515ca46ad8f9fca7e879c0a1617207bf5ccf3df21930aaa0995227c3942c40,4_rellit/buddh/vinv04_u.txt,a0994e1c1b17679b9fb8bc6b47b25908a2b49b6476be34fc2176b10b2996afa1,iast,continuous,data/representations/gretil/iast/continuous/4_rellit/buddh/vinv04_u.txt,89dd659ea5ea7ef83d9bf15bd6048c44d2f39ff401c75c1c476625066b0953f2,38623,30718,223,,,0,
9c515ca46ad8f9fca7e879c0a1617207bf5ccf3df21930aaa0995227c3942c40,4_rellit/buddh/vinv05_u.txt,8c68a8ca12f38697873d5409e345f1803b79a0f4c8da6d83c98bd01cf793741f,iast,continuous,data/representations/gretil/iast/continuous/4_rellit/buddh/vinv05_u.txt,dc3471916ef63862eb588637800c775ea09a59227f0e4e54ccb9a9b146c6a08a,67693,54486,138,,,0,
9c515ca46ad8f9fca7e879c0a1617207bf5ccf3df21930aaa0995227c3942c40,4_rellit/buddh/vinv07_u.txt,b54d8d4fd95cc7635c9cc4202eb1d6ba8f5f71d417f9cd51a11a037c9a733017,iast,continuous,data/representations/gretil/iast/continuous/4_rellit/buddh/vinv07_u.txt,446cfd8da3d802d91b9663fa0679ff0b715b5e713a82507a4003aae009d74d09,200522,162992,495,,,0,
9c515ca46ad8f9fca7e879c0a1617207bf5ccf3df21930aaa0995227c3942c40,4_rellit/buddh/vinv08_u.txt,ef9731228eef5468eb964627b0f451b2a48cfe43e5c995ee85f9d21a98d15c1d,iast,continuous,data/representations/gretil/iast/continuous/4_rellit/buddh/vinv08_u.txt,8ed424ae07bfc47a80240a6a93d00602d9b694c049f14def3b886f5a7feb8103,28075,21687,213,,,0,
9c515ca46ad8f9fca7e879c0a1617207bf5ccf3df21930aaa0995227c3942c40,4_rellit/buddh/vinv09_u.txt,dc6822c86a6b81234ea20232532043e5e3c5bf98fdaabbca352c72a3bcd5857c,iast,continuous,data/representations/gretil/iast/continuous/4_rellit/buddh/vinv09_u.txt,2e897338144589b535d7d7278daf8cf0a4471339976c8627e7c052e7d4920377,29495,23680,133,,,0,
9c515ca46ad8f9fca7e879c0a1617207bf5ccf3df21930aaa0995227c3942c40,4_rellit/buddh/vinv10_u.txt,06c1c354ba6c9e3c61f389605738aaf97b870e9c446d883b27226f474344f12e,iast,continuous,data/representations/gretil/iast/continuous/4_rellit/buddh/vinv10_u.txt,b6cffa81a8f2245a3d1e9f2ef7bcbce432eecc688d3a6aab3bd45a39a7cb97bf,18188,15056,75,,,0,
9c515ca46ad8f9fca7e879c0a1617207bf5ccf3df21930aaa0995227c3942c40,4_rellit/buddh/vinv11_u.txt,636782dd9eb82e03326a3d873edb364f7a9b48c96ef78e3af72cc2822750fa13,iast,continuous,data/representations/gretil/iast/continuous/4_rellit/buddh/vinv11_u.txt,67a1a5fea621c4cd4bfbfd5eabb76ffdff63a6d9a0f8894bb58edf14596ea6bf,84337,65838,247,,,0,
9c515ca46ad8f9fca7e879c0a1617207bf5ccf3df21930aaa0995227c3942c40,4_rellit/buddh/vinv12_u.txt,bad8c13967f8c53b994673306545eaaa174168bbd8122a53da40e36a7c4f26f1,iast,continuous,data/representations/gretil/iast/continuous/4_rellit/buddh/vinv12_u.txt,6c6c931cfb3bda9e0a630fec935f25dde2dcf8803d5425db52151a6b206fb07e,38636,31254,163,,,0,
9c515ca46ad8f9fca7e879c0a1617207bf5ccf3df21930aaa0995227c3942c40,4_rellit/buddh/vinv13_u.txt,09275901e9a67418bbcf25509fe9a6bbe75248f491b8e0dea3aa12a4e352cc61,iast,continuous,data/representations/gretil/iast/continuous/4_rellit/buddh/vinv13_u.txt,4b844d777145b073c0a567ef4981b89ed166b04d4574439f2d03c4a3c8c6e431,15441,12182,73,,,0,
9c515ca46ad8f9fca7e879c0a1617207bf5ccf3df21930aaa0995227c3942c40,4_rellit/buddh/vinv14_u.txt,b3bd0e22f140f97fa38e1b624313da79534feeed6829c9f97fc25aa231c74682,iast,continuous,data/representations/gretil/iast/continuous/4_rellit/buddh/vinv14_u.txt,de5f5bd74d3a8426fc7b37d8f4303f3d86060c134ec9c13b2c224eec927418a7,15305,12171,95,,,0,
9c515ca46ad8f9fca7e879c0a1617207bf5ccf3df21930aaa0995227c3942c40,4_rellit/buddh/vinv15_u.txt,32961c938a24de8e1901571901008e47c9a588e16a1dd7330f8eca9263c323a3,iast,continuous,data/representations/gretil/iast/continuous/4_rellit/buddh/vinv15_u.txt,b55bce48b17d91bab8155d32f62513cee4d34c9be5baa1cf56e7411615802c60,107051,87036,367,,,0,
9c515ca46ad8f9fca7e879c0a1617207bf5ccf3df21930aaa0995227c3942c40,4_rellit/buddh/vinv16_u.txt,e52cba373e989385a08ddfdac9c3b93457ac8313b646e666b20299d199494962,iast,continuous,data/representations/gretil/iast/continuous/4_rellit/buddh/vinv16_u.txt,ff101162d779c1daf9566e4f0bda1c708735364114d3d87b273ff4d1063892f6,102988,82556,315,,,0,
9c515ca46ad8f9fca7e879c0a1617207bf5ccf3df21930aaa0995227c3942c40,4_rellit/buddh/vinv171u.txt,7404132a706319d27812568e77298a4c90a8bcf938712fb6d27505abb9ff77c0,iast,continuous,data/representations/gretil/iast/continuous/4_rellit/buddh/vinv171u.txt,deed86c76419871378377dd3df5d830f6f7a85247d776226644e32b8c1d43891,427862,348212,2096,,,0,
9c515ca46ad8f9fca7e879c0a1617207bf5ccf3df21930aaa0995227c3942c40,4_rellit/buddh/vinv172u.txt,bba0498a55f8d999e7aadf47fdbb90307c1f4f44dd7cf3b8a4914e1fef4ade0d,iast,continuous,data/representations/gretil/iast/continuous/4_rellit/buddh/vinv172u.txt,2a2c412ec0056a9b41c34693e8f620ec12589a65f7674362698569843db3c77a,562395,453651,2592,,,0,
9c515ca46ad8f9fca7e879c0a1617207bf5ccf3df21930aaa0995227c3942c40,4_rellit/buddh/vinv_06u.txt,23c212e2db0fd3d97272364fc06f39d39e7c5e6a951553c470883194e43eb9a2,iast,continuous,data/representations/gretil/iast/continuous/4_rellit/buddh/vinv_06u.txt,2f70634f0f5424df57f5792b80165ebbfd17ebc7d8847025bc6339c74d6da797,413424,333815,3400,,,0,
9c515ca46ad8f9fca7e879c0a1617207bf5ccf3df21930aaa0995227c3942c40,4_rellit/saiva/kirtm_pu.txt,e07dc9a65030c1c9cfcb691f5c30d4a21cc944d7512a11bc8fc0c71c33a3aa37,iast,continuous,data/representations/gretil/iast/continuous/4_rellit/saiva/kirtm_pu.txt,7b432eef18f67f21b4871adc0493178223a610dfb8f0da557a0d2c45b7deeaca,19986,16637,781,,,0,
9c515ca46ad8f9fca7e879c0a1617207bf5ccf3df21930aaa0995227c3942c40,4_rellit/saiva/kubjt_pu.txt,dd0debf0eba3accb2d7e139b69c72526f2aef8c88dab61322f2b28db59a1042c,iast,continuous,data/representations/gretil/iast/continuous/4_rellit/saiva/kubjt_pu.txt,18a9b94c11a391e4c05ea99ef9c0998d8b059b6ed45797a0fe8ea5e92591329c,343766,278351,12549,,,0,
9c515ca46ad8f9fca7e879c0a1617207bf5ccf3df21930aaa0995227c3942c40,4_rellit/saiva/malinivu.txt,a75f922ee1249629c07b02407db1f38fc84b15f60edb00e9c0ce7a8f7c2dbbcf,iast,continuous,data/representations/gretil/iast/continuous/4_rellit/saiva/malinivu.txt,82d4b383c1a14b636cf42f14f66799c1ee22d35fc14dc4a70d0ebb165ea4565d,132124,107506,5071,,,0,
9c515ca46ad8f9fca7e879c0a1617207bf5ccf3df21930aaa0995227c3942c40,4_rellit/saiva/mrgt1mpu.txt,89732087b90681053f5e95ae56d609bf643aa2f842e0a434a9c9646ec73f58ad,iast,continuous,data/representations/gretil/iast/continuous/4_rellit/saiva/mrgt1mpu.txt,b9159d7db56952dab1bc66a342313a185c0639d20c827aa2c1f6c28fe807d890,50990,41645,1829,,,0,
9c515ca46ad8f9fca7e879c0a1617207bf5ccf3df21930aaa0995227c3942c40,4_rellit/saiva/mrgt3mpu.txt,11ec1dc76055c39a7fe89bb32f6269745f2098f56589fa2dc718d850b896a43e,iast,continuous,data/representations/gretil/iast/continuous/4_rellit/saiva/mrgt3mpu.txt,f67adf133e700527c35221f19c5ad71ad093d0f8064070d387512a8a91aee7af,15000,12185,529,,,0,
9c515ca46ad8f9fca7e879c0a1617207bf5ccf3df21930aaa0995227c3942c40,4_rellit/saiva/mrgt4mpu.txt,caf973d2798b7763960db9ec38139d2faf526e6c1283985661e4d80858060b9e,iast,continuous,data/representations/gretil/iast/continuous/4_rellit/saiva/mrgt4mpu.txt,927c0f2f593adc1a35130da069144d8928143c8af9ddb3d01e52fe6a611624ad,7302,5965,261,,,0,
9c515ca46ad8f9fca7e879c0a1617207bf5ccf3df21930aaa0995227c3942c40,4_rellit/saiva/parakspu.txt,c719ff67dfe0df145ad8218f40f45ca28d1518e20d9f147f170928197bede6bb,iast,continuous,data/representations/gretil/iast/continuous/4_rellit/saiva/parakspu.txt,e4ccd2bd191328e098554325d259a19dc544c554408b45bc7c7376133a5d7fb1,62211,49492,843,,,0,
9c515ca46ad8f9fca7e879c0a1617207bf5ccf3df21930aaa0995227c3942c40,4_rellit/saiva/pasupspu.txt,3494910d97c49b423a4ccc6db32f45534c38c0775b0bd154375ae3b7b2b04989,iast,continuous,data/representations/gretil/iast/continuous/4_rellit/saiva/pasupspu.txt,3110df53f236e864bcd0ace55d4960514a8404c176c6513111080617655b8471,4278,3605,329,,,0,
9c515ca46ad8f9fca7e879c0a1617207bf5ccf3df21930aaa0995227c3942c40,4_rellit/saiva/sivsutru.txt,0cd25ecbe4562592dbf142327468b2f115ea6403e54d67716402f2cce4ef3b8c,iast,continuous,data/representations/gretil/iast/continuous/4_rellit/saiva/sivsutru.txt,ed4dd84c113cfa74cee390171c64dd4dd62eb66f797f263c0da2d59ee8aa6a79,45664,37819,1817,,,0,
9c515ca46ad8f9fca7e879c0a1617207bf5ccf3df21930aaa0995227c3942c40,4_rellit/saiva/svact_pu.txt,f8436cd190e567e9e7a3f60ca3e878fe04ccbddc086225646dfc167656dec7f6,iast,continuous,data/representations/gretil/iast/continuous/4_rellit/saiva/svact_pu.txt,1591ccbfb5df81cd3da1f747bc85de307baeb89049adf253f6a778d654958b25,408410,332539,14855,,,0,
9c515ca46ad8f9fca7e879c0a1617207bf5ccf3df21930aaa0995227c3942c40,4_rellit/saiva/todaltpu.txt,f0663b175ec060d5f92b1e773440207b0a2134a501ffba74b915d46a6b4c1860,iast,continuous,data/representations/gretil/iast/continuous/4_rellit/saiva/todaltpu.txt,f09e236e8da35c496b60dd9b09d85f3a24c7099cfc87cecb8476e3082c1c6ef7,44939,36158,1715,,,0,
9c515ca46ad8f9fca7e879c0a1617207bf5ccf3df21930aaa0995227c3942c40,4_rellit/saiva/vinst_pu.txt,6467f80db4d0931397e1578a65343e3ba1af04ceb04239d6da5a3516c1ad7aad,iast,continuous,data/representations/gretil/iast/continuous/4_rellit/saiva/vinst_pu.txt,8b1639b0cffac13544e742d4e0fb180d871e8f959b5da2725775d91b60c245b5,44605,36417,1653,,,0,
9c515ca46ad8f9fca7e879c0a1617207bf5ccf3df21930aaa0995227c3942c40,4_rellit/vaisn/astavgpu.txt,becaa71a5ae25b22d5e6c7263f62476e4d5c28c91d0cee418405b2d91810199b,iast,continuous,data/representations/gretil/iast/continuous/4_rellit/vaisn/astavgpu.txt,e69d8db91fb218d0bf10ffa786860de90da7e9f22f9a3821dcfb612e71d4f735,32309,26734,1235,,,0,
9c515ca46ad8f9fca7e879c0a1617207bf5ccf3df21930aaa0995227c3942c40,4_rellit/vaisn/hbhvil_u.txt,d84304eb9231052befaee1a04f3cfde3554cd9dddb8e474505b865312d19dedd,iast,continuous,data/representations/gretil/iast/continuous/4_rellit/vaisn/hbhvil_u.txt,da62b5fab8d9cf69dbee2193b031b3c0ca6268f1c04051d2ff8ee0daf46d981e,583415,474958,23599,,,0,
9c515ca46ad8f9fca7e879c0a1617207bf5ccf3df21930aaa0995227c3942c40,4_rellit/vaisn/satvtanu.txt,f6bea6ab41ccaa1746e183a437edaf0079c9ea58a916839c08b56dddeace174a,iast,continuous,data/representations/gretil/iast/continuous/4_rellit/vaisn/satvtanu.txt,4d8486b5811f2d160de4ec5ff0529059427fb4e6aa46708e8bdc63392f3d17c0,84042,68010,2897,,,0,
9c515ca46ad8f9fca7e879c0a1617207bf5ccf3df21930aaa0995227c3942c40,4_rellit/vaisn/ss1_tatu.txt,61329ad342e593a76004d808eea37362ed89a71052a9f3a8c33edc0e4ce59acf,iast,continuous,data/representations/gretil/iast/continuous/4_rellit/vaisn/ss1_tatu.txt,173772f41cede20847922a847c139fbcd636bc6f958240fef97e96a45ec3fa30,116566,96181,3465,,,0,
9c515ca46ad8f9fca7e879c0a1617207bf5ccf3df21930aaa0995227c3942c40,4_rellit/vaisn/ss2_bhgu.txt,930b1850494361f22ed792b2823698df2795c9121fd87f5623212abf82ba7495,iast,continuous,data/representations/gretil/iast/continuous/4_rellit/vaisn/ss2_bhgu.txt,55df33e81aad97105ad4f58b2de5d6b21a973eb469ea7b5beffa4de168c09085,296596,247029,9848,,,0,
9c515ca46ad8f9fca7e879c0a1617207bf5ccf3df21930aaa0995227c3942c40,4_rellit/vaisn/ss3_paru.txt,3ea3fe27e094f3632fa09d5017dd462763637adbb8d53038d21cb28d6d56f502,iast,continuous,data/representations/gretil/iast/continuous/4_rellit/vaisn/ss3_paru.txt,d8ed6e73311084e75d78599b2bb8137e66cf59337d95bf83bc5e982039757973,189296,157505,6333,,,0,
9c515ca46ad8f9fca7e879c0a1617207bf5ccf3df21930aaa0995227c3942c40,4_rellit/vaisn/ss4_krsu.txt,2b7d5e54be724639a5507b3dc402e44a78cb69c5e93ced17166c195994708435,iast,continuous,data/representations/gretil/iast/continuous/4_rellit/vaisn/ss4_krsu.txt,978406af899538b32b16ee709a1edebdebe4b5c0bf9ec7a6e03972bf30a463a2,289673,238185,9116,,,0,
9c515ca46ad8f9fca7e879c0a1617207bf5ccf3df21930aaa0995227c3942c40,4_rellit/vaisn/ss5_bhku.txt,1db299075aae62f89de922e6fe552fec2e18e2cc85d74a4e857fb45e3e9c9b1f,iast,continuous,data/representations/gretil/iast/continuous/4_rellit/vaisn/ss5_bhku.txt,3ade54787d8a37b129662074077856ace3d47e4bcb42e4c37a4e2d5d070ea571,449305,373560,15052,,,0,
9c515ca46ad8f9fca7e879c0a1617207bf5ccf3df21930aaa0995227c3942c40,4_rellit/vaisn/ss6_priu.txt,cbcceda77a80116c1c49574e51d0c834cb42d96acc84bbbd7e373905e28daf60,iast,continuous,data/representations/gretil/iast/continuous/4_rellit/vaisn/ss6_priu.txt,c1ce29233db645da59b8c80078eb28c6268f1e550742f7c1fde36a5fc2e63643,435158,359634,14547,,,0,
9c515ca46ad8f9fca7e879c0a1617207bf5ccf3df21930aaa0995227c3942c40,4_rellit/vaisn/vaimp__u.txt,c7179c52ddf792fb72181179d3d923d354b0966c1eb08abee8fe8ae2cb14e9ab,iast,continuous,data/representations/gretil/iast/continuous/4_rellit/vaisn/vaimp__u.txt,757c10ce8ae5290c9cef878a2cb4a73c988c2c9b194fbbba129cdca1f35eb127,242281,194210,13703,,,0,
9c515ca46ad8f9fca7e879c0a1617207bf5ccf3df21930aaa0995227c3942c40,4_rellit/vaisn/yamcatpu.txt,1f4047944fbd4f1eaa71e7535635ebd7fa78adf149fa6c889c9c04d67a3e24b2,iast,continuous,data/representations/gretil/iast/continuous/4_rellit/vaisn/yamcatpu.txt,8046256d381a9848f848d9eb9e3c5659d11c7107fab8d0d51a2b987dabf1015c,965,787,15,,,0,
9c515ca46ad8f9fca7e879c0a1617207bf5ccf3df21930aaa0995227c3942c40,4_rellit/vaisn/yamsr_pu.txt,b86cecd0914f726732d2ee8aa0e828d39c2118e7b029db187946138c16f1c230,iast,continuous,data/representations/gretil/iast/continuous/4_rellit/vaisn/yamsr_pu.txt,1d453471f9ca74beb6e599108e1142040214c1ce4c745efb23a0446020a2e983,10122,8439,253,,,0,
9c515ca46ad8f9fca7e879c0a1617207bf5ccf3df21930aaa0995227c3942c40,5_poetry/1_chandas/jvrtmspu.txt,10d6fd17650371fd98627577806ebc7044f072a67ff8122c7fbe348a911577f0,iast,continuous,data/representations/gretil/iast/continuous/5_poetry/1_chandas/jvrtmspu.txt,32eccbc585bb0aece8e1b7403f1b60a10dea7c03f782779ff47731bde53b047b,25555,21623,637,,,0,
9c515ca46ad8f9fca7e879c0a1617207bf5ccf3df21930aaa0995227c3942c40,5_poetry/1_chandas/kedvratu.txt,396f82413edc8556c7c8f95e973cac99487805dde286e40b19aaeb742f04233f,iast,continuous,data/representations/gretil/iast/continuous/5_poetry/1_chandas/kedvratu.txt,86c2850d3bec94de61cd013bc5b2aefd342156e2c9b2d58dfcac4b86c9451308,15694,13306,621,,,0,
9c515ca46ad8f9fca7e879c0a1617207bf5ccf3df21930aaa0995227c3942c40,5_poetry/1_chandas/kvrtrsuu.txt,9cb36dc9529accab6d7e34f7e890d75cdbd5aa789cb808d1f1826eb303cd3d8d,iast,continuous,data/representations/gretil/iast/continuous/5_poetry/1_chandas/kvrtrsuu.txt,84179a990e85a39133979c70d509f6b74f46be75533dc60ef6ba1519d4a8c793,100221,82777,2565,,,0,
9c515ca46ad8f9fca7e879c0a1617207bf5ccf3df21930aaa0995227c3942c40,5_poetry/1_natya/bharnatu.txt,0b7999fcca63fa954f2a4ed9cbb18bb7dfd3ce3c6f0a1e94e26735273fb00ef4,iast,continuous,data/representations/gretil/iast/continuous/5_poetry/1_natya/bharnatu.txt,a6c560a502784033ae2d960bf612996234da6d3887bde3c91fb785ef394f0d8d,526072,425446,18441,,,0,
9c515ca46ad8f9fca7e879c0a1617207bf5ccf3df21930aaa0995227c3942c40,5_poetry/1_natya/dhandasu.txt,7602c481f80527f39bf3ea763bf1fb0a0a32612c2c958b67786286105eb30c89,iast,continuous,data/representations/gretil/iast/continuous/5_poetry/1_natya/dhandasu.txt,a5d1235091888fa892b41057eb13cc0bfaea8fe8bfc8c95c69552fb1ac82339b,35280,28513,1263,,,0,
9c515ca46ad8f9fca7e879c0a1617207bf5ccf3df21930aaa0995227c3942c40,5_poetry/2_kavya/akadambu.txt,3d8c25edc06672c908d25e1858b2a42e58507caa08d2afa54fb44022743fd872,iast,continuous,data/representations/gretil/iast/continuous/5_poetry/2_kavya/akadambu.txt,a2952a8e2dee05ae1abde4b696c5a3234f1151ff9e116658e09579f50de03436,98791,81480,3573,,,0,
9c515ca46ad8f9fca7e879c0a1617207bf5ccf3df21930aaa0995227c3942c40,5_poetry/2_kavya/amaru_u.txt,7e27ff346025e7171b9055cdcc904129e1bf7adb75019103d7514cb1a53db959,iast,continuous,data/representations/gretil/iast/continuous/5_poetry/2_kavya/amaru_u.txt,04c3f0165a63d31a514ce6bd99250edeeb01074381a83e612ae3ddc4d2165479,54406,44235,1846,,,0,
9c515ca46ad8f9fca7e879c0a1617207bf5ccf3df21930aaa0995227c3942c40,5_poetry/2_kavya/asvbuc2u.txt,d9789f28b4dd80704e59af97af25cd888f9ab1566576ebb290347179d502f2b3,iast,continuous,data/representations/gretil/iast/continuous/5_poetry/2_kavya/asvbuc2u.txt,843d03926f123d51e29d64ada2e32e50be3dbda8470b346026354487ecb64a0d,141667,116011,4161,,,0,
9c515ca46ad8f9fca7e879c0a1617207bf5ccf3df21930aaa0995227c3942c40,5_poetry/2_kavya/asvsau2u.txt,c68e0c6f9e6454e7d56611e0e4242fd99c7a90965c0315af12b8e11946000b82,iast,continuous,data/representations/gretil/iast/continuous/5_poetry/2_kavya/asvsau2u.txt,751595f6f070ccace562ed088f159503e8888b3a2ff0b7fab6791d4a1bb3337d,143460,117972,4439,,,0,
9c515ca46ad8f9fca7e879c0a1617207bf5ccf3df21930aaa0995227c3942c40,5_poetry/2_kavya/bhakirpu.txt,6caef04704607f623cf18b721ce0b69bd4d42ffc9a86afbd5ee84b4ff3050258,iast,continuous,data/representations/gretil/iast/continuous/5_poetry/2_kavya/bhakirpu.txt,a9a5c9b1aa029f5bd64f17143d72bef8370feb5851adf8f7fa9d8d839aa6423a,147969,121588,4159,,,0,
9c515ca46ad8f9fca7e879c0a1617207bf5ccf3df21930aaa0995227c3942c40,5_poetry/2_kavya/bhattiku.txt,f4557da63b872174ac7e1592da4d6cfced46a8cefb2952f694137df4cdd670ce,iast,continuous,data/representations/gretil/iast/continuous/5_poetry/2_kavya/bhattiku.txt,c45b7851095ba1c7430ae5231490e347817275c7ff761b42215d02778386a74b,195552,156909,6437,,,0,
9c515ca46ad8f9fca7e879c0a1617207bf5ccf3df21930aaa0995227c3942c40,5_poetry/2_kavya/bicauppu.txt,0c8a8f9eea6c0d8913e87014e5dae59750b80759b30229e0e5b526bf29037994,iast,continuous,data/representations/gretil/iast/continuous/5_poetry/2_kavya/bicauppu.txt,c68571de1a7ce3b771dd8cddee966c702887b41a1993bd041a859c70d6ce5b3c,8935,7252,203,,,0,
9c515ca46ad8f9fca7e879c0a1617207bf5ccf3df21930aaa0995227c3942c40,5_poetry/2_kavya/dandkc_u.txt,ddd3682c3134abe7552231f1e58aee7b291dcb9ffef98d682922f181f64eac01,iast,continuous,data/representations/gretil/iast/continuous/5_poetry/2_kavya/dandkc_u.txt,3c410e2e7547ae3bc8891dfc7f67a5c5c58523458530be85decaf3a2e451e8b0,273694,225304,4299,,,0,
9c515ca46ad8f9fca7e879c0a1617207bf5ccf3df21930aaa0995227c3942c40,5_poetry/2_kavya/jaygit2u.txt,b332ad6d14a53dda127cf04ca2adfd803991d5b0d58f474c709eb27850db473f,iast,continuous,data/representations/gretil/iast/continuous/5_poetry/2_kavya/jaygit2u.txt,7c21983ae8b298b14b0a55e1dcfad7f9ddbd9dfbd395e86f0542b24bdadb76b9,44664,38207,1441,,,0,
9c515ca46ad8f9fca7e879c0a1617207bf5ccf3df21930aaa0995227c3942c40,5_poetry/2_kavya/kakumspu.txt,94f8f3d8ba63d475cc0c6b2817716954fec8bfedff8936e37b49e6681856ff2a,iast,continuous,data/representations/gretil/iast/continuous/5_poetry/2_kavya/kakumspu.txt,0fd23835b3dca382d06afa3c0d261c7e2d476f06cbd6dfd4387b7b1249414827,82617,67687,2451,,,0,
9c515ca46ad8f9fca7e879c0a1617207bf5ccf3df21930aaa0995227c3942c40,5_poetry/2_kavya/kalrs_pu.txt,218feb599f4bb546c61e3776103f2912805b214d87b5cea9b1295769c97e9cd8,iast,continuous,data/representations/gretil/iast/continuous/5_poetry/2_kavya/kalrs_pu.txt,2d84a2ef916195bbff6c5fd39373c37970e9c2c3a28438220f6ceca19c93f3fa,26659,21614,643,,,0,
9c515ca46ad8f9fca7e879c0a1617207bf5ccf3df21930aaa0995227c3942c40,5_poetry/2_kavya/kmeghdpu.txt,d54a3500b02810941e255c692556973ce1e8443faa145ece5d6597121cfa7002,iast,continuous,data/representations/gretil/iast/continuous/5_poetry/2_kavya/kmeghdpu.txt,3c9e5403407bc7744ce44f4e74a7e535d55dd0b654d05401b37252b692b6bd22,24766,19933,445,,,0,
9c515ca46ad8f9fca7e879c0a1617207bf5ccf3df21930aaa0995227c3942c40,5_poetry/2_kavya/kragh_pu.txt,871d481e98eb4f5cceeacce49e137c1339c8d672606e0a075e639251cc4a5b8a,iast,continuous,data/representations/gretil/iast/continuous/5_poetry/2_kavya/kragh_pu.txt,d45e08887ec5008918c197e94b1ca7cf30e17bd5b080fc3502a48db980a4c1c9,217826,178153,6547,,,0,
9c515ca46ad8f9fca7e879c0a1617207bf5ccf3df21930aaa0995227c3942c40,5_poetry/2_kavya/maghspvu.txt,7e4d857e547b3badda8047b6b19400ee93369468ed4db113b5516f9ad3c7daa0,iast,continuous,data/representations/gretil/iast/continuous/5_poetry/2_kavya/maghspvu.txt,5e4197ae9c19d14a5338ce0516041588aab96627a16e06d6550147133c63f1e3,237188,196524,6579,,,0,
9c515ca46ad8f9fca7e879c0a1617207bf5ccf3df21930aaa0995227c3942c40,5_poetry/2_kavya/nkalivpu.txt,b55aa0878824496f266d2461be73af96badf8fb098dd833bdaec78975c0be87b,iast,continuous,data/representations/gretil/iast/continuous/5_poetry/2_kavya/nkalivpu.txt,cc054d1f852560b1870a39a88aab7a52faff7da5b3aab261a5449cce2cb0eeb8,11221,9277,425,,,0,
9c515ca46ad8f9fca7e879c0a1617207bf5ccf3df21930aaa0995227c3942c40,5_poetry/2_kavya/padnscpu.txt,77b0fc4cf11d7e35ca7ef4e7ff53c01fbdc6a456c783ae638c3d4ccedcd075b3,iast,continuous,data/representations/gretil/iast/continuous/5_poetry/2_kavya/padnscpu.txt,fa91d77e07c5060ceb9850ae56958049bdc4f6fc349b75df552b141786d7ab93,212922,176864,6575,,,0,
9c515ca46ad8f9fca7e879c0a1617207bf5ccf3df21930aaa0995227c3942c40,5_poetry/2_kavya/ramodtpu.txt,e4b7f34f86587b3236e6a1b0b6f1a0968e5ad2ef7d270cc46dfd818daca8fca1,iast,continuous,data/representations/gretil/iast/continuous/5_poetry/2_kavya/ramodtpu.txt,0a82437dde1032273a9fd106e313a8314d18b521a09597d5a64e9e36ee986f17,24559,19703,895,,,0,
9c515ca46ad8f9fca7e879c0a1617207bf5ccf3df21930aaa0995227c3942c40,5_poetry/4_narr/brkas_pu.txt,1bbead87e3d2d02b58a793c5fba9b6a74941dc5ec7dd688ae2f59896d3143a38,iast,continuous,data/representations/gretil/iast/continuous/5_poetry/4_narr/brkas_pu.txt,099afc62a66ef1326a410c486dbf1549dff3dab1e0537fcc251e5d46387f0c11,518910,426864,18141,,,0,
9c515ca46ad8f9fca7e879c0a1617207bf5ccf3df21930aaa0995227c3942c40,5_poetry/4_narr/hitop_u.txt,bb68c22d2e6b2161837554abf41635202bddef131e5bb107e19e386d39626254,iast,continuous,data/representations/gretil/iast/continuous/5_poetry/4_narr/hitop_u.txt,926390f6a44f50d427292ebfd05620253c54368e6f4f08be1e903510f921cbbf,191301,157488,5218,,,0,
9c515ca46ad8f9fca7e879c0a1617207bf5ccf3df21930aaa0995227c3942c40,5_poetry/4_narr/sokss_pu.txt,eb9a1b26778358dfa764229e579d378c98ff84731efb929f64588f5d0abc170d,iast,continuous,data/representations/gretil/iast/continuous/5_poetry/4_narr/sokss_pu.txt,b68e3700096fcbdc0c647291c34e457a6e944fb8db4c7258730d6da58d2f7ee5,2395040,1962671,86751,,,0,
9c515ca46ad8f9fca7e879c0a1617207bf5ccf3df21930aaa0995227c3942c40,5_poetry/4_narr/ttrkhy1u.txt,0f78147713bbfc8eb982b2b9637986d058b5e49f515db61502e15fcf45a67cac,iast,continuous,data/representations/gretil/iast/continuous/5_poetry/4_narr/ttrkhy1u.txt,9c99c24e710c9e10f91418e1a8330431f49299343f3c4deee6d5e3be926d5f29,37847,31324,1671,,,0,
9c515ca46ad8f9fca7e879c0a1617207bf5ccf3df21930aaa0995227c3942c40,5_poetry/4_narr/ttrkhy2u.txt,8b4f8111e685633189c9ede1b3c70666f1583bec5be408aff7e26f86b30e4459,iast,continuous,data/representations/gretil/iast/continuous/5_poetry/4_narr/ttrkhy2u.txt,6a179a330c8e49b619b087951f17b0d044684d14ce030ab91694bb06a978a07e,26857,22274,1207,,,0,
9c515ca46ad8f9fca7e879c0a1617207bf5ccf3df21930aaa0995227c3942c40,5_poetry/5_subhas/bharst_u.txt,d0bacd909d66966539730010b59d42f07bb2bac733c9296570a865f1ba52f666,iast,continuous,data/representations/gretil/iast/continuous/5_poetry/5_subhas/bharst_u.txt,28f4a286df9f0e1924194914c679133ef73dbf9a2bc0811051ac4d6d1b45f667,66041,53665,2499,,,0,
9c515ca46ad8f9fca7e879c0a1617207bf5ccf3df21930aaa0995227c3942c40,5_poetry/5_subhas/ksdarppu.txt,8b0904d366ebb5a25ce83ff0b6e9ac1bb14c430e657fedb916f25f67d89f1c8e,iast,continuous,data/representations/gretil/iast/continuous/5_poetry/5_subhas/ksdarppu.txt,248f95a10964f9e56176cf6cda2d0679fca0c9dec352df5e748878d6e77d9e64,74135,60054,2395,,,0,
9c515ca46ad8f9fca7e879c0a1617207bf5ccf3df21930aaa0995227c3942c40,5_poetry/5_subhas/msubhs_u.txt,a41a044d39ca4796548b6cb34bad568861a9a9199e77a49cdf700b19c1001bda,iast,continuous,data/representations/gretil/iast/continuous/5_poetry/5_subhas/msubhs_u.txt,e4053c5ce7a60ebb4a83d25b8893b37a7f7328fc62e9c3f0da3596a529ccf729,1510438,1232669,40771,,,0,
9c515ca46ad8f9fca7e879c0a1617207bf5ccf3df21930aaa0995227c3942c40,5_poetry/5_subhas/valsubhu.txt,fa4788a3b25e76c6300116f7c6278e152c175fd6d5441053f846cc985b1c5e2a,iast,continuous,data/representations/gretil/iast/continuous/5_poetry/5_subhas/valsubhu.txt,94db79770cf510150da229f01477fbe521eddd4bb1e75c4443559dd8ee1d3108,178039,145831,6677,,,0,
9c515ca46ad8f9fca7e879c0a1617207bf5ccf3df21930aaa0995227c3942c40,5_poetry/5_subhas/vidsrgpu.txt,8f508110e6e43034bfd4162b3a7ecc5d9fa3f8f2d5d2513c5199777985a32f79,iast,continuous,data/representations/gretil/iast/continuous/5_poetry/5_subhas/vidsrgpu.txt,caf1aa65c3369ce823fc7b501c66f735be73f2ba915910b6c21a5dfb37eee4c7,372025,304506,9079,,,0,
9c515ca46ad8f9fca7e879c0a1617207bf5ccf3df21930aaa0995227c3942c40,5_poetry/6_hist/jonart_pu.txt,12e61ef70de2c6b4ba3b74bf2caa4a19089dc8a0aed543d8404bc14b94e24a29,iast,continuous,data/representations/gretil/iast/continuous/5_poetry/6_hist/jonart_pu.txt,d2934cccfe7d0fb19e273221f2e79255fbc2252da10053ed5469e6123ad3c84e,150231,122409,5335,,,0,
9c515ca46ad8f9fca7e879c0a1617207bf5ccf3df21930aaa0995227c3942c40,6_sastra/3_phil/buddh/nagmmk_u.txt,eac4ef20356fb616942be13bf672b0f0c2f5c64d049d781723124475e4a7a9e0,iast,continuous,data/representations/gretil/iast/continuous/6_sastra/3_phil/buddh/nagmmk_u.txt,a23a851eae2b937eac84f919b58d4fe6aade0a2c41978eb7452df8cd651bae07,47186,39794,1791,,,0,
9c515ca46ad8f9fca7e879c0a1617207bf5ccf3df21930aaa0995227c3942c40,6_sastra/3_phil/buddh/nagvigvu.txt,2e52aaa7d8730fccf3dfc1d9d7a9d6b8855850a6970ed6cba588333822407648,iast,continuous,data/representations/gretil/iast/continuous/6_sastra/3_phil/buddh/nagvigvu.txt,d56db28650d73670398851f955dcf5e24aa8d8e7858ea32ffd7336bce9378c0f,45530,37528,665,,,0,
9c515ca46ad8f9fca7e879c0a1617207bf5ccf3df21930aaa0995227c3942c40,6_sastra/3_phil/buddh/nrat_1_u.txt,35ca54961a3941c0cd9a454b6a479b25e920180fdd3814ecbd4aea573dea90cf,iast,continuous,data/representations/gretil/iast/continuous/6_sastra/3_phil/buddh/nrat_1_u.txt,1a87e1e3fe2d5b5fa33a02d16ebb9855e2141dcbc316b7a23b69f9537c35b849,8503,6997,310,,,0,
9c515ca46ad8f9fca7e879c0a1617207bf5ccf3df21930aaa0995227c3942c40,6_sastra/3_phil/buddh/nrat_2_u.txt,e96e56d6654976b5caba1416a46303c60e177b0d6be6e1b66fc3f4c8d42ac908,iast,continuous,data/representations/gretil/iast/continuous/6_sastra/3_phil/buddh/nrat_2_u.txt,e5d045fef1bf80951ee3a80ac7e6fce3bad0744148757e2d7e0761f5f73420f7,5016,4153,184,,,0,
9c515ca46ad8f9fca7e879c0a1617207bf5ccf3df21930aaa0995227c3942c40,6_sastra/3_phil/buddh/nrat_4_u.txt,4c90fdbd66b952d202c2fcec7d0b83e9c46639aa3078e42f7494635d404a549d,iast,continuous,data/representations/gretil/iast/continuous/6_sastra/3_phil/buddh/nrat_4_u.txt,b4b89f6418b97ba6805f5bbfe16299a2af9f2ca4080dbc028db72493e969072a,11353,9182,402,,,0,
9c515ca46ad8f9fca7e879c0a1617207bf5ccf3df21930aaa0995227c3942c40,6_sastra/3_phil/buddh/pramanvu.txt,006c6140dc13e5dfeb5983a46fd247ad85f3d8cf3b3f47df0f282d654bdef914,iast,continuous,data/representations/gretil/iast/continuous/6_sastra/3_phil/buddh/pramanvu.txt,c5fed0e43e2828026662397aea14e79e7959520caa58c25fb9f478db36e4e1b6,156846,130641,5811,,,0,
9c515ca46ad8f9fca7e879c0a1617207bf5ccf3df21930aaa0995227c3942c40,6_sastra/3_phil/buddh/santbcpu.txt,e413ae132a506e49c446aa4142745d907772377d43571f848f7ce503a93aa61c,iast,continuous,data/representations/gretil/iast/continuous/6_sastra/3_phil/buddh/santbcpu.txt,769986cd2f7c4e2230654ff1ff05331d1bb8db4839bec18cd8825e3164c24e8f,103371,85050,3691,,,0,
9c515ca46ad8f9fca7e879c0a1617207bf5ccf3df21930aaa0995227c3942c40,6_sastra/3_phil/buddh/vakobhau.txt,40abee07c1566de34715073e4d007622bd5f714e32b2faa3f85cba682b8a3b70,iast,continuous,data/representations/gretil/iast/continuous/6_sastra/3_phil/buddh/vakobhau.txt,30391fdf6bbcdcf308ab7838a67f57d3269e1964180d20f25eee9b6b4cbee7bb,888522,728512,31509,,,0,
9c515ca46ad8f9fca7e879c0a1617207bf5ccf3df21930aaa0995227c3942c40,6_sastra/3_phil/mimamsa/jaimsutu.txt,7cf06b6b538be1270ff995f3fed3e718134476239b1fe3cbe1ed20256ae63f5c,iast,continuous,data/representations/gretil/iast/continuous/6_sastra/3_phil/mimamsa/jaimsutu.txt,ff1283bf82d01ce6852b02eb77e178a7eb19c9905f7dcfdbcd251d11014ae48c,123380,102591,5449,,,0,
9c515ca46ad8f9fca7e879c0a1617207bf5ccf3df21930aaa0995227c3942c40,6_sastra/3_phil/nyaya/antarkpu.txt,68d89a938255dcf4f68cab584e3c40a4a2ee2e8b07599214e90687ddc130360a,iast,continuous,data/representations/gretil/iast/continuous/6_sastra/3_phil/nyaya/antarkpu.txt,25b95bd0c22542645715ca49b1ffe52172a52e7ab427030e5c813969ab78937a,15363,12688,169,,,0,
9c515ca46ad8f9fca7e879c0a1617207bf5ccf3df21930aaa0995227c3942c40,6_sastra/3_phil/nyaya/gaunys_u.txt,d748011af50425faa9c8dff897a301274e7ad24e31635a46070464f6bb41491b,iast,continuous,data/representations/gretil/iast/continuous/6_sastra/3_phil/nyaya/gaunys_u.txt,a7568e0418b4892df7652e5655a5d1bb30f83bc23219ee14053e5fbe6cd9bfc1,31277,25712,1249,,,0,
9c515ca46ad8f9fca7e879c0a1617207bf5ccf3df21930aaa0995227c3942c40,6_sastra/3_phil/saiva/paratriu.txt,c8d460fcc33b840610a7889bc76bdffb895839ca39ec158afde11e75de59d1b6,iast,continuous,data/representations/gretil/iast/continuous/6_sastra/3_phil/saiva/paratriu.txt,f207bcc0979cad8d726581ea5f8b364d1052c6944e920e0e5078929ff680a196,3978,3311,149,,,0,
9c515ca46ad8f9fca7e879c0a1617207bf5ccf3df21930aaa0995227c3942c40,6_sastra/3_phil/saiva/parmartu.txt,66f293b1b064110fbc21b3aa99a600067eeaba63e62a315aaccf238a7b581d72,iast,continuous,data/representations/gretil/iast/continuous/6_sastra/3_phil/saiva/parmartu.txt,59b88a94f7f7bcfc0f0675d36c4413845e12300cf21f6c842dd9ad53928a377c,12665,10593,421,,,0,
9c515ca46ad8f9fca7e879c0a1617207bf5ccf3df21930aaa0995227c3942c40,6_sastra/3_phil/saiva/pratyabu.txt,9fb07fd54562710fe5ccce055be41700676ffc70e4239589eb929fa5c74c5f91,iast,continuous,data/representations/gretil/iast/continuous/6_sastra/3_phil/saiva/pratyabu.txt,72ee72570de7e4425ba066dd9cbf8334ee7a7d399f287f3269e89512e7fcdb08,36441,29990,1180,,,0,
9c515ca46ad8f9fca7e879c0a1617207bf5ccf3df21930aaa0995227c3942c40,6_sastra/3_phil/saiva/tantralu.txt,9a66b8bb0de31ffcc4f2b9725db9864ba854259f92a97cd48beb9f8cc67d6b6a,iast,continuous,data/representations/gretil/iast/continuous/6_sastra/3_phil/saiva/tantralu.txt,ff939c638678657a66b86c3d28fec709faec678ec272ccaa3ac026308e281fdc,651568,535233,23391,,,0,
9c515ca46ad8f9fca7e879c0a1617207bf5ccf3df21930aaa0995227c3942c40,6_sastra/3_phil/samkhya/isvskaru.txt,3c8802b2f399b2871e0a8839a838d41c988a8ba6f2217ff20c2285c8d573200a,iast,continuous,data/representations/gretil/iast/continuous/6_sastra/3_phil/samkhya/isvskaru.txt,f96f59eb56ce2dac4a05c37f0bbf3b265e0a61d05e7054b3b47a7f5a721b72ba,8353,6767,294,,,0,
9c515ca46ad8f9fca7e879c0a1617207bf5ccf3df21930aaa0995227c3942c40,6_sastra/3_phil/vaisesik/vaissu1u.txt,b0d87dcc4fa7941be49056cedcd97c3c3fd5e449790185a9e1f3cd5b431b06c4,iast,continuous,data/representations/gretil/iast/continuous/6_sastra/3_phil/vaisesik/vaissu1u.txt,e24fce25c56f977db38a8900d3b56ef2ad2a189aa8305e5647ffc5a269ffb389,17400,14001,767,,,0,
9c515ca46ad8f9fca7e879c0a1617207bf5ccf3df21930aaa0995227c3942c40,6_sastra/3_phil/vedanta/brahmsuu.txt,947e7eff1dcbb392fd7e620022aacab0e8aac50c823680d975c1ea623984232c,iast,continuous,data/representations/gretil/iast/continuous/6_sastra/3_phil/vedanta/brahmsuu.txt,22f3dc0330d07d228344bb5eba11209d9185b0ea5f0b96e8c59fbf8ab4e31252,19819,16737,1089,,,0,
9c515ca46ad8f9fca7e879c0a1617207bf5ccf3df21930aaa0995227c3942c40,6_sastra/3_phil/vedanta/gaukarpu.txt,e9b4187c0e9bb9f0da43034f0eeffd5398a9d9fedf5e9fc95da4d95830018599,iast,continuous,data/representations/gretil/iast/continuous/6_sastra/3_phil/vedanta/gaukarpu.txt,25340e8c5d80bee73a3792d5efd8f8e81b209a77eeedc906b770f174eada611e,22988,19182,885,,,0,
9c515ca46ad8f9fca7e879c0a1617207bf5ccf3df21930aaa0995227c3942c40,6_sastra/3_phil/vedanta/samkupad_u.txt,0edf71282eeee5779c7c2e344c541b76ec8eb9cb7f0234cd4471c16b9b9092b8,iast,continuous,data/representations/gretil/iast/continuous/6_sastra/3_phil/vedanta/samkupad_u.txt,34b42f28969b71b7963784d902803fdff352be4e4cc51f9e4c0132d47b5949ff,116600,97003,2971,,,0,
9c515ca46ad8f9fca7e879c0a1617207bf5ccf3df21930aaa0995227c3942c40,6_sastra/3_phil/vedanta/yamgaspu.txt,94ffb64e2e5de07e24a350e5b5e7221fd4a7419321c85276634f18d6d16916a5,iast,continuous,data/representations/gretil/iast/continuous/6_sastra/3_phil/vedanta/yamgaspu.txt,5c8c7e40b71d19c955085835869d602de21c6721ab35b3362b8faf7f3cccb723,3507,2929,127,,,0,
9c515ca46ad8f9fca7e879c0a1617207bf5ccf3df21930aaa0995227c3942c40,6_sastra/3_phil/vedanta/yamis_pu.txt,21b91e8344d3380f86d5e4d463007e7d36c5c3f4617e6e83c1a0495ca09472e4,iast,continuous,data/representations/gretil/iast/continuous/6_sastra/3_phil/vedanta/yamis_pu.txt,19195742a60f186e9a44fb441654a764fd69091f5bdda2deadbf9ec1cf2cccec,16818,14092,129,,,0,
9c515ca46ad8f9fca7e879c0a1617207bf5ccf3df21930aaa0995227c3942c40,6_sastra/3_phil/vedanta/yamss_pu.txt,27bed776114f91a024115cc0e6add4e289fb329d6ae238380e7e0c073cb55c84,iast,continuous,data/representations/gretil/iast/continuous/6_sastra/3_phil/vedanta/yamss_pu.txt,3997b90b2417633b848e172fe6669e79199759a869e8ac924fbea50fc0be314c,23113,19684,885,,,0,
9c515ca46ad8f9fca7e879c0a1617207bf5ccf3df21930aaa0995227c3942c40,6_sastra/3_phil/yoga/ghers__u.txt,a1089ce9503a91305bbff9c688e11f03cc98372914ff554c9e565f8d9c1453e2,iast,continuous,data/representations/gretil/iast/continuous/6_sastra/3_phil/yoga/ghers__u.txt,349a257bcc0bc8f77dda012763037c85cda521dc7eeb03fa4ff8035e35644820,43353,34882,1632,,,0,
9c515ca46ad8f9fca7e879c0a1617207bf5ccf3df21930aaa0995227c3942c40,6_sastra/3_phil/yoga/hathyopu.txt,da632d4f7eb67f94fd82ef791d7e47532564d1d5fb6f59ae8d6ba00b9e804a91,iast,continuous,data/representations/gretil/iast/continuous/6_sastra/3_phil/yoga/hathyopu.txt,6a6dc3f0979296297779f87fca90ad5b2d16453903f424f7de602c7076400a9f,46924,38390,1825,,,0,
9c515ca46ad8f9fca7e879c0a1617207bf5ccf3df21930aaa0995227c3942c40,6_sastra/3_phil/yoga/patyog_u.txt,1533d47e0d6a0aa03efa2555272e69b41db9c568888bcde2bcf61d49bdc0c499,iast,continuous,data/representations/gretil/iast/continuous/6_sastra/3_phil/yoga/patyog_u.txt,86910cef17c9bf63d7e7078c9b7b69bbbee7a8f8109f78f7c147ca0dcd73aa2b,10881,8797,389,,,0,
9c515ca46ad8f9fca7e879c0a1617207bf5ccf3df21930aaa0995227c3942c40,6_sastra/4_dharma/smrti/angirspu.txt,af5b4411801358aa1f157716ab661de7e1375469606600c495dd622cab25fdf7,iast,continuous,data/representations/gretil/iast/continuous/6_sastra/4_dharma/smrti/angirspu.txt,aa5642e784c41e500582bc1d27472f35d116cdaee1bb9db2f691354c09588748,148651,121568,5677,,,0,
9c515ca46ad8f9fca7e879c0a1617207bf5ccf3df21930aaa0995227c3942c40,6_sastra/4_dharma/smrti/brhasppu.txt,745ee55173781bc1a6bdc8d2022451d64ee335da8c4bf4285b3dc706546815ad,iast,continuous,data/representations/gretil/iast/continuous/6_sastra/4_dharma/smrti/brhasppu.txt,dabcdcc24e3509b28339b46f5fdfd114782786b606dda9b14fb0649c97a37812,141005,113702,5032,,,0,
9c515ca46ad8f9fca7e879c0a1617207bf5ccf3df21930aaa0995227c3942c40,6_sastra/4_dharma/smrti/katy2p_u.txt,1fa81313ad928a4d71216c52d9b5d0494e72bd19457620d08d9f924f745ac6ed,iast,continuous,data/representations/gretil/iast/continuous/6_sastra/4_dharma/smrti/katy2p_u.txt,7f5543d2704a2bb12e7dfccfc1e302c1b8da6982ad2384b5fc421fdff3735fcb,111906,90629,4091,,,0,
9c515ca46ad8f9fca7e879c0a1617207bf5ccf3df21930aaa0995227c3942c40,6_sastra/4_dharma/smrti/manu2p_u.txt,2c8e97ac776925f19f26ca303b9e2f814e209e83892d8aa94dae31c3e1106f37,iast,continuous,data/representations/gretil/iast/continuous/6_sastra/4_dharma/smrti/manu2p_u.txt,e1efb824fd58dda5ce92f8e4d5586fb0526706bc0d52f8ad56d58f96769ffef3,300114,242176,10751,,,0,
9c515ca46ad8f9fca7e879c0a1617207bf5ccf3df21930aaa0995227c3942c40,6_sastra/4_dharma/smrti/nars2_pu.txt,70baeee71bfae5dbd9081109df78a676723c77f14c118d884038da41f820c228,iast,continuous,data/representations/gretil/iast/continuous/6_sastra/4_dharma/smrti/nars2_pu.txt,f9c9e488c991025926cea8301a9227c29bd49fba01ca1f2e1bc13dda563cd547,105182,84613,3787,,,0,
9c515ca46ad8f9fca7e879c0a1617207bf5ccf3df21930aaa0995227c3942c40,6_sastra/4_dharma/smrti/pars2_pu.txt,c34a321453dc4ab15e6fc24fbdb0116026ce701b6a4476f63589ea0d10ae97e1,iast,continuous,data/representations/gretil/iast/continuous/6_sastra/4_dharma/smrti/pars2_pu.txt,9fe6b376cd0425ac7f647ea8c1749c3419296549f69ff74b0a4f6734bc04cbf7,65235,52409,2338,,,0,
9c515ca46ad8f9fca7e879c0a1617207bf5ccf3df21930aaa0995227c3942c40,6_sastra/4_dharma/smrti/visnu_pu.txt,db04ecaac1b183d79df7d8e5c135510ef1e50875ec1293f98d2d0c2a860bdec4,iast,continuous,data/representations/gretil/iast/continuous/6_sastra/4_dharma/smrti/visnu_pu.txt,5029e56290b25ee773ce2833463b4447de843119f7b9747138e516014a06cd1e,159933,129473,6668,,,0,
9c515ca46ad8f9fca7e879c0a1617207bf5ccf3df21930aaa0995227c3942c40,6_sastra/4_dharma/smrti/yajn2_pu.txt,c5b7c3aa61be41e573cda625d90f41addcd0c2091a98e0ce803ee85405dba092,iast,continuous,data/representations/gretil/iast/continuous/6_sastra/4_dharma/smrti/yajn2_pu.txt,d0a5422ef65d3aa3c403fa2fa46f578c220482eaab945af4d2193c726f7ba64e,113890,91552,4051,,,0,
9c515ca46ad8f9fca7e879c0a1617207bf5ccf3df21930aaa0995227c3942c40,6_sastra/4_dharma/sutra/baudhd_u.txt,5e57cc0092d2f89ac09cc7684f33c3cad6c92e1b1a996d044eaec23a47636fd0,iast,continuous,data/representations/gretil/iast/continuous/6_sastra/4_dharma/sutra/baudhd_u.txt,c3d7888ba2c1a29c04c84c98e5591016de26dffbe4f99fac40dd33a76e6588fd,126670,104111,3337,,,0,
9c515ca46ad8f9fca7e879c0a1617207bf5ccf3df21930aaa0995227c3942c40,6_sastra/4_dharma/sutra/gautdh_u.txt,528d04898748f4c31cd7221c0bf249d10c4efaa0e6f449a7cccfba0b37369f0e,iast,continuous,data/representations/gretil/iast/continuous/6_sastra/4_dharma/sutra/gautdh_u.txt,3f96022ae5776d953a4c23aedc2140be76f5f89ccc25c46ec04a90f5204f43c6,48390,39225,2045,,,0,
9c515ca46ad8f9fca7e879c0a1617207bf5ccf3df21930aaa0995227c3942c40,6_sastra/4_dharma/sutra/vasist_u.txt,19454d06a5a1d2271ab3830f2b4f2c650dbd36892da25bb59bbfdd2e2e65dab3,iast,continuous,data/representations/gretil/iast/continuous/6_sastra/4_dharma/sutra/vasist_u.txt,74bcf095a5e0d97b5cffcb061007109d24fe243f270134e1e3238ad1265aba5b,75976,64965,2767,,,0,
9c515ca46ad8f9fca7e879c0a1617207bf5ccf3df21930aaa0995227c3942c40,6_sastra/5_artha/kautil_u.txt,03dfc8184435d545f7c52e0ad28ca3e84dfbbf346c8fe5dca9853e3429b758cc,iast,continuous,data/representations/gretil/iast/continuous/6_sastra/5_artha/kautil_u.txt,36d12315817addf7bc7a830422719a8ef5adbf097a436c6ffbbc891dc0316506,548686,452235,11722,,,0,
9c515ca46ad8f9fca7e879c0a1617207bf5ccf3df21930aaa0995227c3942c40,6_sastra/6_kama/kamasutu.txt,8490f10148eb08efc4cd19631307b8753e72b352bd75ce0b7abc49de1038cb44,iast,continuous,data/representations/gretil/iast/continuous/6_sastra/6_kama/kamasutu.txt,ae430fc0e98e9d1e3e6c534ef8eb62927b90d56bdbc60c85edadc3cc6346238c,166266,136586,3561,,,0,
9c515ca46ad8f9fca7e879c0a1617207bf5ccf3df21930aaa0995227c3942c40,6_sastra/7_ayur/anandk_u.txt,585f5c2a021cb2e0ee6dd72fab4104c0991e972c44adda18485199f2958ee883,iast,continuous,data/representations/gretil/iast/continuous/6_sastra/7_ayur/anandk_u.txt,27245ccc250d0449ad1d8e23a685beeda8eead3f1f7f16df96679ab9cf1b9d55,710840,570659,26683,,,0,
9c515ca46ad8f9fca7e879c0a1617207bf5ccf3df21930aaa0995227c3942c40,6_sastra/7_ayur/bhavpr_u.txt,16fab679da34e668c123445f439930317b7ae1c163548a7ab2e781caac27b534,iast,continuous,data/representations/gretil/iast/continuous/6_sastra/7_ayur/bhavpr_u.txt,0a67501f0bbbfdb74b012875d9036f9fa145f796118301e7633077ae9dbf81fd,51508,40210,1809,,,0,
9c515ca46ad8f9fca7e879c0a1617207bf5ccf3df21930aaa0995227c3942c40,6_sastra/7_ayur/caraka_u.txt,e17839c19c9121eeed00982fe87b0ec4ebdc40b0872b8ea48025e78f70d780ed,iast,continuous,data/representations/gretil/iast/continuous/6_sastra/7_ayur/caraka_u.txt,b68783d5106172b2b5c65c7d3c69002095876339242494b2c20be77e025154d8,348578,282066,7845,,,0,
9c515ca46ad8f9fca7e879c0a1617207bf5ccf3df21930aaa0995227c3942c40,6_sastra/7_ayur/rasadhpu.txt,6bc9923f1c1db346939f4a334d42ca54302884b25a21a390df1cd875ac759dd1,iast,continuous,data/representations/gretil/iast/continuous/6_sastra/7_ayur/rasadhpu.txt,0a3c7ffde35f3f866c08a20b568c9118b435537f860ba09991f636c5d3cc2652,74952,59667,2138,,,0,
9c515ca46ad8f9fca7e879c0a1617207bf5ccf3df21930aaa0995227c3942c40,6_sastra/7_ayur/rasarnpu.txt,6ae73294d18fddfec42ea8b61e55fd125f6c9b7c9583cfe73a14dcade7ab7cc6,iast,continuous,data/representations/gretil/iast/continuous/6_sastra/7_ayur/rasarnpu.txt,b3f7f899043efd8e0f12ebdc65f04a636f1525cf94f88fc3874b3cda2ca03192,157900,127592,5759,,,0,
9c515ca46ad8f9fca7e879c0a1617207bf5ccf3df21930aaa0995227c3942c40,6_sastra/7_ayur/vagaah_u.txt,b34c9e7fe92c1c44010e06f1d02567964b8ac12ac0ff6c1b3b5cb5404c93f802,iast,continuous,data/representations/gretil/iast/continuous/6_sastra/7_ayur/vagaah_u.txt,0774322524356bdc496292b74bb06506afb55f12387175125603c447a8d9ee55,1030929,819841,38337,,,0,
9c515ca46ad8f9fca7e879c0a1617207bf5ccf3df21930aaa0995227c3942c40,6_sastra/7_ayur/yogasatu.txt,c4d708c28505c692f96c8f38ba02cd6b5ae8f9ec311644fb01f27b4d15c9a6da,iast,continuous,data/representations/gretil/iast/continuous/6_sastra/7_ayur/yogasatu.txt,fa4754f2165aa20bf025d689c426430cf9dcd007b053b99159dbbc6ebda2eb35,19848,15729,527,,,0,
9c515ca46ad8f9fca7e879c0a1617207bf5ccf3df21930aaa0995227c3942c40,6_sastra/8_jyot/aryabh_u.txt,4ae78f1f2dde53093584b71c011bb49640b6a0ecec3e96609ca71f308eb7800c,iast,continuous,data/representations/gretil/iast/continuous/6_sastra/8_jyot/aryabh_u.txt,2078cb278b59bdd4a58e2e089ceca934e602773f338cb97ea75cd0e37f560d7f,15377,13264,491,,,0,
9c515ca46ad8f9fca7e879c0a1617207bf5ccf3df21930aaa0995227c3942c40,6_sastra/8_jyot/brhajj_u.txt,249b26749c740f90a716ae966ee7d4258077a245659d51562d59475fa9c4374c,iast,continuous,data/representations/gretil/iast/continuous/6_sastra/8_jyot/brhajj_u.txt,8e379a419fcc571dc9b61f06833125d4ba3e40fa6bf7f2cd33f2a057d7027bb1,101807,88653,1681,,,0,
9c515ca46ad8f9fca7e879c0a1617207bf5ccf3df21930aaa0995227c3942c40,6_sastra/8_jyot/brhats_u.txt,326b4cc5b5b78041e2d002f8a75f2812be38ce84547d0f34a093e1c73ce21a6a,iast,continuous,data/representations/gretil/iast/continuous/6_sastra/8_jyot/brhats_u.txt,6cfc97ef13aea2c27150f775d78ee6d7782d51aae3e44d194487936c2a47420a,390673,315951,13651,,,0,
9c515ca46ad8f9fca7e879c0a1617207bf5ccf3df21930aaa0995227c3942c40,6_sastra/8_jyot/surysidu.txt,df922f1f2475611cc4af36a58f00a9702753c07c975a6014b2f629c8eb791588,iast,continuous,data/representations/gretil/iast/continuous/6_sastra/8_jyot/surysidu.txt,acb809b4b3743ec53e5bb002d85005fcccdb99bb73123e0deb66d0e09a6f4830,55936,46363,2025,,,0,
9c515ca46ad8f9fca7e879c0a1617207bf5ccf3df21930aaa0995227c3942c40,1_veda/2_bra/gopbra_u.txt,c4bca04d5db081b0b89f8ad5e725f7d0dc1b842b6e2fe5c92c88a5d058602843,iast,legacy_joined,data/representations/gretil/iast/legacy_joined/1_veda/2_bra/gopbra_u.txt,17039744b6b1f73be72f24bb677476e2a1fbed7baf2ed97c47e9e915b145a1db,280871,232735,10487,,,0,
9c515ca46ad8f9fca7e879c0a1617207bf5ccf3df21930aaa0995227c3942c40,1_veda/2_bra/kausibru.txt,cb4f9d04c0117f16f7da70126111362de15c295c291e1a4b4446cc8053ea8c87,iast,legacy_joined,data/representations/gretil/iast/legacy_joined/1_veda/2_bra/kausibru.txt,12b9a182bd69e46c6cd3490f43cb6c7a4c5ae181afbaa8362e28cb5ab5a4dd3e,310900,268233,13829,,,0,
9c515ca46ad8f9fca7e879c0a1617207bf5ccf3df21930aaa0995227c3942c40,1_veda/2_bra/pncvbr1u.txt,f21103a2c372f63151c99090d83e42dc2647f219367503619d105001f3ca7fbd,iast,legacy_joined,data/representations/gretil/iast/legacy_joined/1_veda/2_bra/pncvbr1u.txt,2be4a0c384fa4e70d4ccd3e71b9b96cb62098b33eca30b37ef1f7a447bfa798f,383823,318325,7123,,,0,
9c515ca46ad8f9fca7e879c0a1617207bf5ccf3df21930aaa0995227c3942c40,1_veda/2_bra/pncvbr2u.txt,4dc0455509d7e2390a13646aea642c458d516c84521f319b1e8049209fffd9f6,iast,legacy_joined,data/representations/gretil/iast/legacy_joined/1_veda/2_bra/pncvbr2u.txt,4235f2b8e03a051697b35e0766ef36df24434d00edbddf459c2f1ee15127b881,376977,317915,7123,,,0,
9c515ca46ad8f9fca7e879c0a1617207bf5ccf3df21930aaa0995227c3942c40,1_veda/2_bra/satapath/sb_01_u.txt,7137d4ec4d9600839efe000ea98ec8aa45411c3e32dd3aea36e4ec0f8d4700be,iast,legacy_joined,data/representations/gretil/iast/legacy_joined/1_veda/2_bra/satapath/sb_01_u.txt,73e3b2d22a40313e7bfd0a67f62f640bc9e1559f7a79038cffc99da8b5fd9ef5,197078,166186,5109,,,0,
9c515ca46ad8f9fca7e879c0a1617207bf5ccf3df21930aaa0995227c3942c40,1_veda/2_bra/satapath/sb_02_u.txt,eb9ec9d35660be11957d5fd1a550b82d1d96b696fa75c3f6be3d45f092845982,iast,legacy_joined,data/representations/gretil/iast/legacy_joined/1_veda/2_bra/satapath/sb_02_u.txt,d80e0589df8f3c8adaf64f962cec7d084b60adbd83cd20119675766bb3487934,137155,116399,3535,,,0,
9c515ca46ad8f9fca7e879c0a1617207bf5ccf3df21930aaa0995227c3942c40,1_veda/2_bra/satapath/sb_03_u.txt,229a48cba9019702c60e48cd10c50c1cf98cfda844a52ee19b312cebab5d395e,iast,legacy_joined,data/representations/gretil/iast/legacy_joined/1_veda/2_bra/satapath/sb_03_u.txt,6a58a615dbf332b0b76857c718550a85ae882b009baad0da36d77841151ffdd1,205277,172841,5263,,,0,
9c515ca46ad8f9fca7e879c0a1617207bf5ccf3df21930aaa0995227c3942c40,1_veda/2_bra/satapath/sb_04_u.txt,618056daaf746904657db7b8e3a2c627da72a5f1ee89cfff913c436397f534bd,iast,legacy_joined,data/representations/gretil/iast/legacy_joined/1_veda/2_bra/satapath/sb_04_u.txt,2c2584c7f3788e38555f885cec75567a8c76d178f828c677bff42da257752696,161724,135308,4127,,,0,
9c515ca46ad8f9fca7e879c0a1617207bf5ccf3df21930aaa0995227c3942c40,1_veda/2_bra/satapath/sb_05_u.txt,bd7155db70092eb2f66650808e12bfc727aeb36b0e7b477fff91f01ba195f8c2,iast,legacy_joined,data/representations/gretil/iast/legacy_joined/1_veda/2_bra/satapath/sb_05_u.txt,e4a9e3bdf7bc69610adde22ddbafb7df2053165478ac1b846b692656ddff56a2,121785,102313,3067,,,0,
9c515ca46ad8f9fca7e879c0a1617207bf5ccf3df21930aaa0995227c3942c40,1_veda/2_bra/satapath/sb_06_u.txt,9d0c94deddb0419b627c29274a553cf4cb9970038d2199df0cdcc6bc33ac8674,iast,legacy_joined,data/representations/gretil/iast/legacy_joined/1_veda/2_bra/satapath/sb_06_u.txt,c21b74e15a74129c48c119fe91c98dc733839b2d8dcff31c9dce871a02fd1726,142996,120675,3629,,,0,
9c515ca46ad8f9fca7e879c0a1617207bf5ccf3df21930aaa0995227c3942c40,1_veda/2_bra/satapath/sb_07_u.txt,76ed8b2fd2f2f1ec0d7a8557153b71170a1263e35c19ee5d3d4717d5233c946a,iast,legacy_joined,data/representations/gretil/iast/legacy_joined/1_veda/2_bra/satapath/sb_07_u.txt,983940625f3ee8199ec3641981af3ba24680c25c2242450ae04daff9b8382a28,112073,94075,2833,,,0,
9c515ca46ad8f9fca7e879c0a1617207bf5ccf3df21930aaa0995227c3942c40,1_veda/2_bra/satapath/sb_08_u.txt,58495bfe0d11a6b75045beaa424d83dbd0e8f63c9302c415b8e4174eefaf7562,iast,legacy_joined,data/representations/gretil/iast/legacy_joined/1_veda/2_bra/satapath/sb_08_u.txt,9bbd09a26334772ee07411c96802570006701ed6a4dc0faacebc76f296f4552e,127938,106782,3183,,,0,
9c515ca46ad8f9fca7e879c0a1617207bf5ccf3df21930aaa0995227c3942c40,1_veda/2_bra/satapath/sb_09_u.txt,8676a4907d13de19973a34fe9d4283d03cc1bf6f4a6da431d78bc3adad22bd1f,iast,legacy_joined,data/representations/gretil/iast/legacy_joined/1_veda/2_bra/satapath/sb_09_u.txt,8a06761a6b73e0465e0f399b925ecde50a8c4030d5078396d538c0e81c8c4fa4,106828,90043,2699,,,0,
9c515ca46ad8f9fca7e879c0a1617207bf5ccf3df21930aaa0995227c3942c40,1_veda/2_bra/satapath/sb_10_u.txt,4455af8c6424dfb56df0ae5f92e9e773aeae22359e1e4ffe36fa388d13719aa5,iast,legacy_joined,data/representations/gretil/iast/legacy_joined/1_veda/2_bra/satapath/sb_10_u.txt,6b692bf0c7976547945290b5b1fb48f5779cc127edd149f7ec2b552363dbad70,102599,85317,2581,,,0,
9c515ca46ad8f9fca7e879c0a1617207bf5ccf3df21930aaa0995227c3942c40,1_veda/2_bra/satapath/sb_11_u.txt,e80fda09c1a3dc5387e1257b2aad918f8ad9f262f571a843be1cda074f3fde9d,iast,legacy_joined,data/representations/gretil/iast/legacy_joined/1_veda/2_bra/satapath/sb_11_u.txt,d6386dd754b466ce435a1fc8a3b7e5e5df8ae74a00db6fe7069f542329223571,109205,91162,2813,,,0,
9c515ca46ad8f9fca7e879c0a1617207bf5ccf3df21930aaa0995227c3942c40,1_veda/2_bra/satapath/sb_13_u.txt,f444a0f1d5c4ad633e04532851ff6f28012b2273b81ac54bff39cb7e7b8ae183,iast,legacy_joined,data/representations/gretil/iast/legacy_joined/1_veda/2_bra/satapath/sb_13_u.txt,dd219826079d069bf041f1d57709f804df41ba21d101aad3bb35e46c6d697cbe,105831,88536,2717,,,0,
9c515ca46ad8f9fca7e879c0a1617207bf5ccf3df21930aaa0995227c3942c40,1_veda/2_bra/satapath/sb_14_u.txt,eb023adb00545d45c02168e0fa3a5bbc56ad9e28eaf6a4b07103fd236682ee01,iast,legacy_joined,data/representations/gretil/iast/legacy_joined/1_veda/2_bra/satapath/sb_14_u.txt,73fe26022c1b290200c50fae0bfd26fc230c2b1ac1f3518b95027375cd3ac718,184689,155001,4877,,,0,
9c515ca46ad8f9fca7e879c0a1617207bf5ccf3df21930aaa0995227c3942c40,1_veda/3_ara/sankharu.txt,3242fe23dade298fa771bceb5672a9a0f06a1ec038c3a64ca4645f1eb8580170,iast,legacy_joined,data/representations/gretil/iast/legacy_joined/1_veda/3_ara/sankharu.txt,be962460e9a5f438e49ed97ff248285da8ebcc98f21a30f77a63bb8129fc2fba,98887,81642,350,,,0,
9c515ca46ad8f9fca7e879c0a1617207bf5ccf3df21930aaa0995227c3942c40,1_veda/4_upa/aitup__u.txt,f13df975f12bff3a12eaa3930416492fdccc7de0d40a9786ab3eb21bb4f14925,iast,legacy_joined,data/representations/gretil/iast/legacy_joined/1_veda/4_upa/aitup__u.txt,9bf8ccf911e363d5721de0e0d135afb157cb549159c2eff782425b9941d7729d,6574,5482,285,,,0,
9c515ca46ad8f9fca7e879c0a1617207bf5ccf3df21930aaa0995227c3942c40,1_veda/4_upa/brup___u.txt,7b2c09575b45cbf77f9d9ebc41644ef9584253d927cea93a95b38278d22906d2,iast,legacy_joined,data/representations/gretil/iast/legacy_joined/1_veda/4_upa/brup___u.txt,dc6e23d78ede5c2c657680078f53db005f5c45ef27121f6f8ec9b8bb56c63258,142051,119025,5435,,,0,
9c515ca46ad8f9fca7e879c0a1617207bf5ccf3df21930aaa0995227c3942c40,1_veda/4_upa/chup___u.txt,359c2d6376c5c24df79bde22d6b23700abcc1c836eadaf8fbc5f07fa3d3757b9,iast,legacy_joined,data/representations/gretil/iast/legacy_joined/1_veda/4_upa/chup___u.txt,a760910542ec5ab22deb82e2f9d4465499fa043bcbfc7ee2d1637faea02ec958,120607,101704,5017,,,0,
9c515ca46ad8f9fca7e879c0a1617207bf5ccf3df21930aaa0995227c3942c40,1_veda/4_upa/isup___u.txt,c89d4066216fbc9b159e2f6fc60e56b3b097103203f498002b687cfd10ca7739,iast,legacy_joined,data/representations/gretil/iast/legacy_joined/1_veda/4_upa/isup___u.txt,6fffdce5da770260fd4e663369a5b5c8fafe0801f87273c7604f2d3ebf09a8ac,2185,1842,71,,,0,
9c515ca46ad8f9fca7e879c0a1617207bf5ccf3df21930aaa0995227c3942c40,1_veda/4_upa/kathop_u.txt,65889f708701d9fa05c4915204b307c43a2c5fd66af6f29fcc275ebecc884d3f,iast,legacy_joined,data/representations/gretil/iast/legacy_joined/1_veda/4_upa/kathop_u.txt,3c96f05ae8fa215b8ad2ed51d3bd5cee2d1979a24931b27ee3ebaf3a949f7f4d,16578,13906,529,,,0,
9c515ca46ad8f9fca7e879c0a1617207bf5ccf3df21930aaa0995227c3942c40,1_veda/4_upa/mandup_u.txt,25d0fbc71b062246c119f7ed99de3cae5b6eb1fa3c65193d4667e94e682d0b64,iast,legacy_joined,data/representations/gretil/iast/legacy_joined/1_veda/4_upa/mandup_u.txt,0751b32610634c251c7e651c3da773e72b15be464183d2242e035e7fbad5942e,1844,1523,47,,,0,
9c515ca46ad8f9fca7e879c0a1617207bf5ccf3df21930aaa0995227c3942c40,1_veda/4_upa/prasup_u.txt,5eeb79a9938a34aa36c79d2bbb1ee3cd43b20668793f15b091b89fcf44c10030,iast,legacy_joined,data/representations/gretil/iast/legacy_joined/1_veda/4_upa/prasup_u.txt,e8e9b41b71ccc4077d1036e0642f512854cc24cff6565175922d668a17bd386f,12863,10683,505,,,0,
9c515ca46ad8f9fca7e879c0a1617207bf5ccf3df21930aaa0995227c3942c40,1_veda/4_upa/svetu_pu.txt,dca6f9592ffe9c5e7179a405faba0c3b248603ea7f7584696260e457b16f7978,iast,legacy_joined,data/representations/gretil/iast/legacy_joined/1_veda/4_upa/svetu_pu.txt,2d826c0ca8e558466cae0579a4bf5ce990b7bb2df8498ce61e85a1af1fe4c17c,16790,13783,465,,,0,
9c515ca46ad8f9fca7e879c0a1617207bf5ccf3df21930aaa0995227c3942c40,1_veda/5_vedang/1_srauta/apsulb_u.txt,12b5568f5cc977c2d421db31a8ebfc54f741c250562ff06887fd0a5a37b97ae7,iast,legacy_joined,data/representations/gretil/iast/legacy_joined/1_veda/5_vedang/1_srauta/apsulb_u.txt,7463254892f7806c993991c90986f1223b5c5033efeb7e6d0b234896ba48dbd8,25934,20981,601,,,0,
9c515ca46ad8f9fca7e879c0a1617207bf5ccf3df21930aaa0995227c3942c40,1_veda/5_vedang/1_srauta/asvss_u.txt,49b075db90833ce4b84c65f725222c4378be657296b085e66abeeb1f57c4c6ae,iast,legacy_joined,data/representations/gretil/iast/legacy_joined/1_veda/5_vedang/1_srauta/asvss_u.txt,2137ef9e905d69613912627197e23dab3b4bd0c233d71556c58354a8e387ddd9,249282,210825,5993,,,0,
9c515ca46ad8f9fca7e879c0a1617207bf5ccf3df21930aaa0995227c3942c40,1_veda/5_vedang/1_srauta/sankhssu.txt,d15ca711d9d51e51d61c6473a95a5bcfe9d8fe9d3a1dfc9afb3e48de3cfde08d,iast,legacy_joined,data/representations/gretil/iast/legacy_joined/1_veda/5_vedang/1_srauta/sankhssu.txt,1ae3d055595d219d222af36f99138cf843d1874281ae5d5c54dbc83c2ff2802a,343267,291789,10739,,,0,
9c515ca46ad8f9fca7e879c0a1617207bf5ccf3df21930aaa0995227c3942c40,1_veda/5_vedang/1_srauta/vaitss_u.txt,f988a3fae41fa217dc419f7acb95a9dd5ccd68d81cb2a629e66f20715d2cee88,iast,legacy_joined,data/representations/gretil/iast/legacy_joined/1_veda/5_vedang/1_srauta/vaitss_u.txt,6361a1c46fefe7ab936f159d1065a36cd68ecc297eb0bcb307545650c695ab1b,82806,68767,1931,,,0,
9c515ca46ad8f9fca7e879c0a1617207bf5ccf3df21930aaa0995227c3942c40,1_veda/5_vedang/2_grhya/asvgs_u.txt,50f2f03ea2bd21e72590354c4c2c23220e2009bd56023e9422bc9a19db979e39,iast,legacy_joined,data/representations/gretil/iast/legacy_joined/1_veda/5_vedang/2_grhya/asvgs_u.txt,33d9d3764c5cc5153d6467f2a276d2114b1a19e972e7101ed38b114fda9d8e2f,58874,49938,1521,,,0,
9c515ca46ad8f9fca7e879c0a1617207bf5ccf3df21930aaa0995227c3942c40,1_veda/5_vedang/2_grhya/jaimigsu.txt,62fafe36f02d40fc3254268b1f79ed7fd30293bb0951fd01367a094b1f73f559,iast,legacy_joined,data/representations/gretil/iast/legacy_joined/1_veda/5_vedang/2_grhya/jaimigsu.txt,4ecd4840ff3d891deb94bedd6c9599197bd3f4eae95f5a53babb4c403028f307,58048,47081,365,,,0,
9c515ca46ad8f9fca7e879c0a1617207bf5ccf3df21930aaa0995227c3942c40,1_veda/5_vedang/2_grhya/kaussu_u.txt,e20e7d54e7fd4cb3f83e937687da2fd41bd73d1747e8b2a2a715972164f68e13,iast,legacy_joined,data/representations/gretil/iast/legacy_joined/1_veda/5_vedang/2_grhya/kaussu_u.txt,f0f75598c9cd1059c66e65c8251f7df564e65d33ab2c247d9197f2010cd444b0,194476,159552,6103,,,0,
9c515ca46ad8f9fca7e879c0a1617207bf5ccf3df21930aaa0995227c3942c40,1_veda/5_vedang/2_grhya/kauthgsu.txt,c0630b759e976595e9e63e759e85fdf99de01d5cf3d36ca426600adc74136482,iast,legacy_joined,data/representations/gretil/iast/legacy_joined/1_veda/5_vedang/2_grhya/kauthgsu.txt,6be2f063c65896592d429ffaf9720077aba7b061e054aa9ac56a5df7d66ae9ab,31518,25275,103,,,0,
9c515ca46ad8f9fca7e879c0a1617207bf5ccf3df21930aaa0995227c3942c40,1_veda/5_vedang/2_grhya/manavgsu.txt,7863702661ddb3d0bf7b79347dc98e60283a15a76c47b5cd2b1ab3c9ec2e2ba6,iast,legacy_joined,data/representations/gretil/iast/legacy_joined/1_veda/5_vedang/2_grhya/manavgsu.txt,09d000c2e1c85fc0291d62ee3503b3dab054d91b8ba49dc59a9310d6d14498c3,72596,59233,2099,,,0,
9c515ca46ad8f9fca7e879c0a1617207bf5ccf3df21930aaa0995227c3942c40,1_veda/5_vedang/2_grhya/sankhgsu.txt,2e7b593b9e0e5bcd0a82aba5d5847a8e68c62a88553ff11e97aab0730733f39c,iast,legacy_joined,data/representations/gretil/iast/legacy_joined/1_veda/5_vedang/2_grhya/sankhgsu.txt,6fd2902d32ad0d98fa87366300ff8638118ee7336d16e6ac3351d7b8c8a1de17,72216,61177,2397,,,0,
9c515ca46ad8f9fca7e879c0a1617207bf5ccf3df21930aaa0995227c3942c40,1_veda/5_vedang/2_grhya/vargs_u.txt,04878a4540947b834d08fdcdc85f09d2e965ecb4fc8ec276fe380a111daf5eee,iast,legacy_joined,data/representations/gretil/iast/legacy_joined/1_veda/5_vedang/2_grhya/vargs_u.txt,8b236aa231372fb7131de37727642bf984b347149404a78bc4e30596de7daada,41788,34357,1421,,,0,
9c515ca46ad8f9fca7e879c0a1617207bf5ccf3df21930aaa0995227c3942c40,1_veda/5_vedang/2_paris/avpari_u.txt,78d96955cf6dc5342ff83d3fb0a76c062da5f8caf45352afb549c7c972847535,iast,legacy_joined,data/representations/gretil/iast/legacy_joined/1_veda/5_vedang/2_paris/avpari_u.txt,1bd22bda9199eaa6839913f383bd10c851f2944aa02d5a299d4bd6be5d5c4a0f,417470,340550,7589,,,0,
9c515ca46ad8f9fca7e879c0a1617207bf5ccf3df21930aaa0995227c3942c40,1_veda/5_vedang/2_paris/avpray_u.txt,51d8ba5178d0fba8293dccefc506a88fe787ad2617dc913e338d21b8709e42be,iast,legacy_joined,data/representations/gretil/iast/legacy_joined/1_veda/5_vedang/2_paris/avpray_u.txt,01893179ceaa6cd85c929b845ba3c0c06910ec0035014084425fa115f897d62d,66989,55428,1683,,,0,
9c515ca46ad8f9fca7e879c0a1617207bf5ccf3df21930aaa0995227c3942c40,1_veda/5_vedang/3_pratis/rgvidh_u.txt,f8fec2f580cedf759814ac3c7e2fee40e1643f61ae51040766ba1fd751fd1331,iast,legacy_joined,data/representations/gretil/iast/legacy_joined/1_veda/5_vedang/3_pratis/rgvidh_u.txt,d1d6929e80c1661362d4676fe25dd660b8a9a7d51905342a843bdf4637cd3f00,107826,95776,2995,,,0,
9c515ca46ad8f9fca7e879c0a1617207bf5ccf3df21930aaa0995227c3942c40,2_epic/mbh/ext/hv_apppu.txt,4c73c70c292971bd0e0330381f737ad5b9476bd6434710fe65439c261bc2888d,iast,legacy_joined,data/representations/gretil/iast/legacy_joined/2_epic/mbh/ext/hv_apppu.txt,d3c0e140ec5f1e845b1a71ac905edd8ee1b65f48d9cc0f39028629d2e2367b57,1326030,1088297,46932,,,0,
9c515ca46ad8f9fca7e879c0a1617207bf5ccf3df21930aaa0995227c3942c40,2_epic/mbh/ext/hv_conpu.txt,be1e8fa95826ae19549045eb3925b7b751bf522c0727c5aeacd9caee97c69ff6,iast,legacy_joined,data/representations/gretil/iast/legacy_joined/2_epic/mbh/ext/hv_conpu.txt,168a5dcdddc75101619d1de1fa0f78845c32ea0c2d037817f4cd0a4ad269f884,993407,813159,34287,,,0,
9c515ca46ad8f9fca7e879c0a1617207bf5ccf3df21930aaa0995227c3942c40,2_epic/mbh/mbh_01_u.txt,6f6efe727744daabc20ce809610b88a38d4a53ce0a5481688976db7a1a298113,iast,legacy_joined,data/representations/gretil/iast/legacy_joined/2_epic/mbh/mbh_01_u.txt,dc9dae4b9f91a746581c3e01b45e151e0c23d5828d468c09cf86fb6a8b9924cd,1434890,1162982,52585,,,0,
9c515ca46ad8f9fca7e879c0a1617207bf5ccf3df21930aaa0995227c3942c40,2_epic/mbh/mbh_02_u.txt,8ce1d03a0c6c1182a12dbc33131b9d77a34a73c98e68d8eae480be1d7aa17fc8,iast,legacy_joined,data/representations/gretil/iast/legacy_joined/2_epic/mbh/mbh_02_u.txt,675c7dc3d9bad4f42d149587f514eb9dd67a814238aa1fc48d07b976a40a9d22,577568,466137,21019,,,0,
9c515ca46ad8f9fca7e879c0a1617207bf5ccf3df21930aaa0995227c3942c40,2_epic/mbh/mbh_03_u.txt,3bb224727af921a3d0e5effa7b45a4c6b83698825d58c4943bf8e0ff08bf52e4,iast,legacy_joined,data/representations/gretil/iast/legacy_joined/2_epic/mbh/mbh_03_u.txt,ecef87561cde86d39de27a23592581d06b1d6f55957a6ac650d1c12a7ff227e4,1495622,1217682,54413,,,0,
9c515ca46ad8f9fca7e879c0a1617207bf5ccf3df21930aaa0995227c3942c40,2_epic/mbh/mbh_04_u.txt,b912f2b7676c93c92391fc458e85db16b9976fdcaa253a93f1ff541b4b11d83b,iast,legacy_joined,data/representations/gretil/iast/legacy_joined/2_epic/mbh/mbh_04_u.txt,f14e3cfb6a389ac91b7481aceccccd5d51480a000e5258f18f7262c3e66c0cbd,545220,440255,20519,,,0,
9c515ca46ad8f9fca7e879c0a1617207bf5ccf3df21930aaa0995227c3942c40,2_epic/mbh/mbh_05_u.txt,5305b06e43160b197a9ae157a5cf6f0bffd4c09d066a40774f28daad80e7e41b,iast,legacy_joined,data/representations/gretil/iast/legacy_joined/2_epic/mbh/mbh_05_u.txt,8e0087a3f469425693bf63ad9ef089aa4d32ed098dc98e7a2872a6a52694b1fd,841209,683646,29765,,,0,
9c515ca46ad8f9fca7e879c0a1617207bf5ccf3df21930aaa0995227c3942c40,2_epic/mbh/mbh_06_u.txt,7402fda9ec97f8e37e984f06ae768a19bb807801f2a1a0cbbdc8c64b3f58115b,iast,legacy_joined,data/representations/gretil/iast/legacy_joined/2_epic/mbh/mbh_06_u.txt,1251c36614eaeb08b5f259508f543123a15ca21e860ce1f391a18da78cd6fa87,737201,596969,26347,,,0,
9c515ca46ad8f9fca7e879c0a1617207bf5ccf3df21930aaa0995227c3942c40,2_epic/mbh/mbh_07_u.txt,fae85008bdb1fa638d3eec3880b4cfd13377acb0b8779e896500e8b53c226183,iast,legacy_joined,data/representations/gretil/iast/legacy_joined/2_epic/mbh/mbh_07_u.txt,8ad176c38738e322798e677f2b494bb7970193399ea28dae5be568fd49bdf076,1252397,1013522,44801,,,0,
9c515ca46ad8f9fca7e879c0a1617207bf5ccf3df21930aaa0995227c3942c40,2_epic/mbh/mbh_08_u.txt,a8129627d48dc86d89709ed80f0997b7ed75465257f765a96c7a057bd3388c75,iast,legacy_joined,data/representations/gretil/iast/legacy_joined/2_epic/mbh/mbh_08_u.txt,f03bfc91c0cfad96fb3e84e07c33e8dd892af0c12a164baa8ff635c3aeae943e,736022,596240,26519,,,0,
9c515ca46ad8f9fca7e879c0a1617207bf5ccf3df21930aaa0995227c3942c40,2_epic/mbh/mbh_09_u.txt,7a00866c366cc38e0332db6f9bcd67a8b49c8c471b34e88dbfeef545651a86a8,iast,legacy_joined,data/representations/gretil/iast/legacy_joined/2_epic/mbh/mbh_09_u.txt,b1253037d0fe30ee3099d27af41c232b2e90772bfd9d70521d6b349d8d4fd979,451716,366530,16241,,,0,
9c515ca46ad8f9fca7e879c0a1617207bf5ccf3df21930aaa0995227c3942c40,2_epic/mbh/mbh_10_u.txt,ec7a6ec03618bd1ae268c9e432b3471b66016cbad7aec8b67d0217ed86e901fb,iast,legacy_joined,data/representations/gretil/iast/legacy_joined/2_epic/mbh/mbh_10_u.txt,9866ad4e3cb8ac0efa87b10fae40872dc8f993398f8495b67afb1b83df4af5cd,101257,82523,3591,,,0,
9c515ca46ad8f9fca7e879c0a1617207bf5ccf3df21930aaa0995227c3942c40,2_epic/mbh/mbh_11_u.txt,6d71e5ebd3b41a8e77926414f23a396ff8e17d1826500eca7e64cc674c9bec53,iast,legacy_joined,data/representations/gretil/iast/legacy_joined/2_epic/mbh/mbh_11_u.txt,fea1d889bdb6844b9da4305f2cbf1c3f99f0fcc19a273493ecfdea54a9a811e4,98408,79376,3587,,,0,
9c515ca46ad8f9fca7e879c0a1617207bf5ccf3df21930aaa0995227c3942c40,2_epic/mbh/mbh_12_u.txt,476cd987492e35941130b9c72988d9e5bdd1c81e821ceb97ca7250ee8f77ef9a,iast,legacy_joined,data/representations/gretil/iast/legacy_joined/2_epic/mbh/mbh_12_u.txt,4b0ac69a463036c345736c13000c79c834ddd62ecb04d457c40671660639a9b7,1889826,1547796,68321,,,0,
9c515ca46ad8f9fca7e879c0a1617207bf5ccf3df21930aaa0995227c3942c40,2_epic/mbh/mbh_13_u.txt,2a6cc3a0a9e8d92b7fcabac9b5f4063cf6a9e0c0634dce68cc532cda6705163d,iast,legacy_joined,data/representations/gretil/iast/legacy_joined/2_epic/mbh/mbh_13_u.txt,5f8ead8e64a0c5dda172a67bdaa5514a7b821313d68910ca2d7f5c4340583462,1452204,1181508,53619,,,0,
9c515ca46ad8f9fca7e879c0a1617207bf5ccf3df21930aaa0995227c3942c40,2_epic/mbh/mbh_14_u.txt,965e6c6dca5395b0b7ecd9d20dd03c513ffb4ccaeb9ca54d24f9cf4167dd39be,iast,legacy_joined,data/representations/gretil/iast/legacy_joined/2_epic/mbh/mbh_14_u.txt,1915fdd50fafc9ac98f23914f72fd265d091eb30e772c54fd3f94331f3133dfd,544665,444749,19929,,,0,
9c515ca46ad8f9fca7e879c0a1617207bf5ccf3df21930aaa0995227c3942c40,2_epic/mbh/mbh_15_u.txt,bd3c1d493237fb5b290d7b8af0c9ad2819f957c5427937ba991a926702cd3116,iast,legacy_joined,data/representations/gretil/iast/legacy_joined/2_epic/mbh/mbh_15_u.txt,988b06216665156a6db10e41925082a9ba619a7a4f01ab7fe8ddc3faf2e6066d,134179,108606,4859,,,0,
9c515ca46ad8f9fca7e879c0a1617207bf5ccf3df21930aaa0995227c3942c40,2_epic/mbh/mbh_16_u.txt,1c95ae89bdbfcf2343bdde1b37453debffd4bfe571da867e621cdf23647ffff9,iast,legacy_joined,data/representations/gretil/iast/legacy_joined/2_epic/mbh/mbh_16_u.txt,24ea50d9156383943fd88d2801aea159798d6d766ac8bc875c09a4301b28d5f0,40151,32320,1425,,,0,
9c515ca46ad8f9fca7e879c0a1617207bf5ccf3df21930aaa0995227c3942c40,2_epic/mbh/mbh_17_u.txt,6638204eae6d9e28b14b71e1b4b2e7ad6ca9c39671708f653facc2ae7d3ed397,iast,legacy_joined,data/representations/gretil/iast/legacy_joined/2_epic/mbh/mbh_17_u.txt,652d06177d12ce5f3f2e24d8307254991519ea122c079ccd7ffa729ee5f27931,14846,12109,541,,,0,
9c515ca46ad8f9fca7e879c0a1617207bf5ccf3df21930aaa0995227c3942c40,2_epic/mbh/mbh_18_u.txt,4744f29ecb8431204b4749b3e683158a808adb6db31af6addfc3be07559d3567,iast,legacy_joined,data/representations/gretil/iast/legacy_joined/2_epic/mbh/mbh_18_u.txt,4e6eccf799281dd3bc5e9d473ce3ec53ef52780549f21ec24a69910ab5099355,36286,29433,1315,,,0,
9c515ca46ad8f9fca7e879c0a1617207bf5ccf3df21930aaa0995227c3942c40,2_epic/ramayana/ram_01_u.txt,bd494face7a4cbc08c25af52d5ceae358463be85a5e02ec35b3ff728c6f9da9e,iast,legacy_joined,data/representations/gretil/iast/legacy_joined/2_epic/ramayana/ram_01_u.txt,9123b1b09e20c550250ba640b5164177675601e6bec89135429a8c6bc4b1cdb6,218696,177717,7885,,,0,
9c515ca46ad8f9fca7e879c0a1617207bf5ccf3df21930aaa0995227c3942c40,2_epic/ramayana/ram_02_u.txt,e07cd7f334c37d4a2afe643f30b1c5080a571627582d3b2c66f916087217bad7,iast,legacy_joined,data/representations/gretil/iast/legacy_joined/2_epic/ramayana/ram_02_u.txt,6be657b7c6198056e7e795250b641963bf04b87382058fa8c205847c16eebe6e,362827,295826,12817,,,0,
9c515ca46ad8f9fca7e879c0a1617207bf5ccf3df21930aaa0995227c3942c40,2_epic/ramayana/ram_03_u.txt,17ae70e0fa850d83d4d6237f413ad8d8de7d2c1b4a3d458e3e3a150d8198de26,iast,legacy_joined,data/representations/gretil/iast/legacy_joined/2_epic/ramayana/ram_03_u.txt,c01d931dd896f9cb487ef0f24d6a672d85464e501c722302101443e8e0eb6e21,239756,192766,8417,,,0,
9c515ca46ad8f9fca7e879c0a1617207bf5ccf3df21930aaa0995227c3942c40,2_epic/ramayana/ram_04_u.txt,a7530e62378426747cbb84f8679ac7957623ddf19181bc8109b891b7e2f547be,iast,legacy_joined,data/representations/gretil/iast/legacy_joined/2_epic/ramayana/ram_04_u.txt,e2b9c8b22726d7bacdca06a83b5bf90f8fd0d5287c5ab7b18ff10008674540c2,227557,184103,8033,,,0,
9c515ca46ad8f9fca7e879c0a1617207bf5ccf3df21930aaa0995227c3942c40,2_epic/ramayana/ram_05_u.txt,b12fa1e88108e4e73080dcea087be8c719032ab9189025e2add7f1f7903b55e8,iast,legacy_joined,data/representations/gretil/iast/legacy_joined/2_epic/ramayana/ram_05_u.txt,4f77028e9ee7c1b485d6b292010bc4f6ec364dbe6ba3cfa71ae2bec64ecb74f9,290899,234495,10083,,,0,
9c515ca46ad8f9fca7e879c0a1617207bf5ccf3df21930aaa0995227c3942c40,2_epic/ramayana/ram_06_u.txt,c9057008c87aa3df0287bca988fdc7fdd8a8317c76927c9329dc33f0f6bd3029,iast,legacy_joined,data/representations/gretil/iast/legacy_joined/2_epic/ramayana/ram_06_u.txt,a3aa9cdc129133135b4c9c48bc4b9d43afa6f59b7e80f46554b8a7048d9b62c2,515779,415972,17957,,,0,
9c515ca46ad8f9fca7e879c0a1617207bf5ccf3df21930aaa0995227c3942c40,2_epic/ramayana/ram_07_u.txt,884df140e7ab95e096362d9eb76e1d649b9a59b0042bfc233d67f73da2bd3d10,iast,legacy_joined,data/representations/gretil/iast/legacy_joined/2_epic/ramayana/ram_07_u.txt,ccd3c8a79af6d602219d44ece6e7699a02ad6f701d83e8015690ee28fa54d809,304671,247633,10877,,,0,
9c515ca46ad8f9fca7e879c0a1617207bf5ccf3df21930aaa0995227c3942c40,3_purana/agp_bi_u.txt,d4bf2940b621c99841ef4bf4ca800972d530603379fca3c00b289be9e4c21e15,iast,legacy_joined,data/representations/gretil/iast/legacy_joined/3_purana/agp_bi_u.txt,5720254b7b96070808a78f9e84cef81d1c8a0e9f0eb1f32e951d80095bdfd159,1618041,1315481,57420,,,0,
9c515ca46ad8f9fca7e879c0a1617207bf5ccf3df21930aaa0995227c3942c40,3_purana/bhagp/bhp_01u.txt,1c5c930e32274cc6c376c16c9d1a5da4f1564c4bc024eee740b8344944395794,iast,legacy_joined,data/representations/gretil/iast/legacy_joined/3_purana/bhagp/bhp_01u.txt,bd7b51fee64fa0506c18e9b5066a5a25a432f963cafa764bb6ce868ac8fcf68f,100814,82135,3459,,,0,
9c515ca46ad8f9fca7e879c0a1617207bf5ccf3df21930aaa0995227c3942c40,3_purana/bhagp/bhp_02u.txt,36cd654bfe692a6a524f6bf02b3ef49acec6d0006bf415598bb6659fc60dd025,iast,legacy_joined,data/representations/gretil/iast/legacy_joined/3_purana/bhagp/bhp_02u.txt,5317da46f4366c6aeac93e9c7e58fe69642c9eeca10136e2417316b22a122c73,51587,42319,1835,,,0,
9c515ca46ad8f9fca7e879c0a1617207bf5ccf3df21930aaa0995227c3942c40,3_purana/bhagp/bhp_03u.txt,bfb5a2e8a962704b37afe528a0b3dd9130fb0ad46ffc19f13b0dc47c26f5d52e,iast,legacy_joined,data/representations/gretil/iast/legacy_joined/3_purana/bhagp/bhp_03u.txt,536cf897976e2d6bcb204a43cf37d4b970a8cace5eba0e7da7cd2cebdf526f8a,181404,148957,6413,,,0,
9c515ca46ad8f9fca7e879c0a1617207bf5ccf3df21930aaa0995227c3942c40,3_purana/bhagp/bhp_04u.txt,c35f0f822813813cb3645b2ccc1b50cf86146f2bf85aa13a606beea0a87e7c69,iast,legacy_joined,data/representations/gretil/iast/legacy_joined/3_purana/bhagp/bhp_04u.txt,1b7bbca6ab69c89ea32c54703e4c2e63a938a8f65c071abd469ff5d985eb8033,183732,150641,6349,,,0,
9c515ca46ad8f9fca7e879c0a1617207bf5ccf3df21930aaa0995227c3942c40,3_purana/bhagp/bhp_05u.txt,2c3d9fc1f21cf7eda5dc8980d1fcd26c2821d8c71e02f4eb4e49b9fcc0da09d5,iast,legacy_joined,data/representations/gretil/iast/legacy_joined/3_purana/bhagp/bhp_05u.txt,d980ea5ff11ec0bd83903a8a9b3ee257d92c6ee604e080cf62a61d870c0fa43a,132206,109936,1953,,,0,
9c515ca46ad8f9fca7e879c0a1617207bf5ccf3df21930aaa0995227c3942c40,3_purana/bhagp/bhp_06u.txt,a22a83fa6331b084dc25d7cd5687adc9a9ac7274fca14488a88196af01a901ca,iast,legacy_joined,data/representations/gretil/iast/legacy_joined/3_purana/bhagp/bhp_06u.txt,bec9391ee6101c9191d176d2ea6db8704fe5cf3c75e7f687308205000998fac4,105915,86425,3667,,,0,
9c515ca46ad8f9fca7e879c0a1617207bf5ccf3df21930aaa0995227c3942c40,3_purana/bhagp/bhp_07u.txt,986686390c9b96388f5455f69cc62a65b2862fbd9bdaa0411dc7932287077e9a,iast,legacy_joined,data/representations/gretil/iast/legacy_joined/3_purana/bhagp/bhp_07u.txt,3f84ca76b5e00d5d41ac736c465b3231a864da05443ffbbcc850101dbed0b27e,94506,77519,3425,,,0,
9c515ca46ad8f9fca7e879c0a1617207bf5ccf3df21930aaa0995227c3942c40,3_purana/bhagp/bhp_08u.txt,2b1ac661ca2c32343311a129538584f8985ca496d963f749d9757e86ef82c2be,iast,legacy_joined,data/representations/gretil/iast/legacy_joined/3_purana/bhagp/bhp_08u.txt,374eb5a561a01aa0dff7d6a1bd5af70b05e98f3f2109220ab469af3ee3f8843b,116799,95442,4069,,,0,
9c515ca46ad8f9fca7e879c0a1617207bf5ccf3df21930aaa0995227c3942c40,3_purana/bhagp/bhp_09u.txt,2f8c8bfb3bd0c3bf698938f8326080876fa9953efcfa5a999ed05a63c3560a49,iast,legacy_joined,data/representations/gretil/iast/legacy_joined/3_purana/bhagp/bhp_09u.txt,577bc6815d149fccace5afcd31b425587a1061712770765ec9ed91f3612d317a,113426,92450,4115,,,0,
9c515ca46ad8f9fca7e879c0a1617207bf5ccf3df21930aaa0995227c3942c40,3_purana/bhagp/bhp_10u.txt,962182efb2033378f6a434bbe9ceb4daa06326c3b9f0341091942de85a18d1b0,iast,legacy_joined,data/representations/gretil/iast/legacy_joined/3_purana/bhagp/bhp_10u.txt,e22724f91a33e22889e1545a1d908c029b322f6f1031188c7a999e189af5243a,505578,411882,18121,,,0,
9c515ca46ad8f9fca7e879c0a1617207bf5ccf3df21930aaa0995227c3942c40,3_purana/bhagp/bhp_11u.txt,849db842737fbb38c868faa43aa292b70c77218595108f90b2772ffe9a5015d1,iast,legacy_joined,data/representations/gretil/iast/legacy_joined/3_purana/bhagp/bhp_11u.txt,f871019606941de970c1bdc8941376ba9e0fc5a01c73409420f8b39e8df1569e,168615,138313,6071,,,0,
9c515ca46ad8f9fca7e879c0a1617207bf5ccf3df21930aaa0995227c3942c40,3_purana/bhagp/bhp_12u.txt,303469b78c1fbb65040c9896fa562a4fcae1ba58b561a975305feb6ba5666c21,iast,legacy_joined,data/representations/gretil/iast/legacy_joined/3_purana/bhagp/bhp_12u.txt,5f331630009c284d1b79fa537b0c82e148690d5efb9e7e5d6d0f43811cba66b4,69907,56906,2485,,,0,
9c515ca46ad8f9fca7e879c0a1617207bf5ccf3df21930aaa0995227c3942c40,3_purana/brahmap/brahmppu.txt,fa09efff7d58519f4e4b0daab954fb128434f4512f34b8c219845675713a02a5,iast,legacy_joined,data/representations/gretil/iast/legacy_joined/3_purana/brahmap/brahmppu.txt,337374b18e887d1e7b587406a5d0a342125195bf2b3812ee6e4b49c6736c4b7f,1659988,1361081,58071,,,0,
9c515ca46ad8f9fca7e879c0a1617207bf5ccf3df21930aaa0995227c3942c40,3_purana/brndp1_u.txt,953e3f56855a22a7a263a8e45999e5b98cee2ecc29446fe4559d116d5db01aeb,iast,legacy_joined,data/representations/gretil/iast/legacy_joined/3_purana/brndp1_u.txt,81ab3fa8fc41d2e6b210a3017eebcc248cca8d43e684b4886939c7a4f5073c93,458607,374147,15447,,,0,
9c515ca46ad8f9fca7e879c0a1617207bf5ccf3df21930aaa0995227c3942c40,3_purana/brndp2_u.txt,cfefdcbdd4c0e052e9e23627184f565ae800d5bf30644a7b47df9e09a7f35346,iast,legacy_joined,data/representations/gretil/iast/legacy_joined/3_purana/brndp2_u.txt,057d7e56988a2404bce32bb833c029778989a63f26aab2c7055ab1a7f163c65e,704547,577230,23999,,,0,
9c515ca46ad8f9fca7e879c0a1617207bf5ccf3df21930aaa0995227c3942c40,3_purana/brndp3_u.txt,c45978812b3b54e708b386d90b5c7f4d7b249ef5a7e0a68efc374c24b46207ca,iast,legacy_joined,data/representations/gretil/iast/legacy_joined/3_purana/brndp3_u.txt,4490d3d5c6a7b3cb1719b5a647e246355d0dc579bdeb60eb88eb2ac3bac5d195,509887,416213,17438,,,0,
9c515ca46ad8f9fca7e879c0a1617207bf5ccf3df21930aaa0995227c3942c40,3_purana/garup1_u.txt,0af79a64cdb1ad5403dd074ae8d39df6ec2b63e2a45d8b8372547baa04fdaa06,iast,legacy_joined,data/representations/gretil/iast/legacy_joined/3_purana/garup1_u.txt,a1558a1389012ef0f75f235bd194f939c718124f5a69a25a4cb7a0dd599a3469,962476,780245,32040,,,0,
9c515ca46ad8f9fca7e879c0a1617207bf5ccf3df21930aaa0995227c3942c40,3_purana/garup2_u.txt,0218196e45393bdf6583d50a847338b8a2aed33125d6afad300e32bd20de4c8d,iast,legacy_joined,data/representations/gretil/iast/legacy_joined/3_purana/garup2_u.txt,cf734bd7cd5b558558b9d999eed73c98fed6bbde2362353f86899d6118d55f2e,362117,297348,12265,,,0,
9c515ca46ad8f9fca7e879c0a1617207bf5ccf3df21930aaa0995227c3942c40,3_purana/garup3_u.txt,5cc48683991889152eda24eca9ac257a664fc404564438219187da1b97eac4ad,iast,legacy_joined,data/representations/gretil/iast/legacy_joined/3_purana/garup3_u.txt,7319747cf89ceddabcba24380e45650542b5dfe2c83a9584f24c5888b1e7d96d,283876,231300,8333,,,0,
9c515ca46ad8f9fca7e879c0a1617207bf5ccf3df21930aaa0995227c3942c40,3_purana/kurmp1_u.txt,78b75ec9b87a9ed031384d6ad2d9a176a045c51397b4bbc2f42ca0318c317b74,iast,legacy_joined,data/representations/gretil/iast/legacy_joined/3_purana/kurmp1_u.txt,bfe17e356c0b86cb2e003176d78b343c216b54667c2baa1cf5a040656ba99540,384198,313599,13523,,,0,
9c515ca46ad8f9fca7e879c0a1617207bf5ccf3df21930aaa0995227c3942c40,3_purana/kurmp2_u.txt,3fef885697b05f8610202240c80c1fe958f71d2f045f79c3e53082d6767e99bc,iast,legacy_joined,data/representations/gretil/iast/legacy_joined/3_purana/kurmp2_u.txt,30ebe256bcc1dd57fcf936ffaaa15b8d91d3448332725a1e6caf3adba03b3c08,330394,270870,11525,,,0,
9c515ca46ad8f9fca7e879c0a1617207bf5ccf3df21930aaa0995227c3942c40,3_purana/lip_1_pu.txt,4844e9cb03fd991a3420a20972782f054e2d9a3d4badbcd53e4141bbf00d0319,iast,legacy_joined,data/representations/gretil/iast/legacy_joined/3_purana/lip_1_pu.txt,f94496a26578669a0d6146bfc72cf0043da252499088e467052eb1a2fbb954b7,820363,670715,28021,,,0,
9c515ca46ad8f9fca7e879c0a1617207bf5ccf3df21930aaa0995227c3942c40,3_purana/lip_2__u.txt,5205343cb45ab69a16adcf73f66b5dd6866f41a1c3e3e799d8b4e32dec3d5e13,iast,legacy_joined,data/representations/gretil/iast/legacy_joined/3_purana/lip_2__u.txt,0c9b9abfc9978a8c9dc5c937ee4044264e13aedb69bc87c14c241ad31f830a2d,287818,234643,9615,,,0,
9c515ca46ad8f9fca7e879c0a1617207bf5ccf3df21930aaa0995227c3942c40,3_purana/mkp1-93u.txt,bdc68f1a61af0b9449462c19c7466e87bf1ef6b74aee592c00b0a516bed49b87,iast,legacy_joined,data/representations/gretil/iast/legacy_joined/3_purana/mkp1-93u.txt,acf90a7dcef70598028cf7f1204d89ee0a45fe7d476dc3c17f0b391daa5fe3ee,555008,456701,19957,,,0,
9c515ca46ad8f9fca7e879c0a1617207bf5ccf3df21930aaa0995227c3942c40,3_purana/mtp176pu.txt,18951fbdb7cfc432ebe5f3938ece4d28fab9b1984a708f78e0f6e2aa40032698,iast,legacy_joined,data/representations/gretil/iast/legacy_joined/3_purana/mtp176pu.txt,7384e20afc37b6c2edc753d1ec6e9da92d739001922fcae63b60f9351bda89ff,1058098,871062,36531,,,0,
9c515ca46ad8f9fca7e879c0a1617207bf5ccf3df21930aaa0995227c3942c40,3_purana/nardp1_u.txt,7c3b97c27e7c410facd0d1b5021e7c0516cd1e26d677831faff4ffb9964da4c5,iast,legacy_joined,data/representations/gretil/iast/legacy_joined/3_purana/nardp1_u.txt,f527bfd5281b45215738bf0f3316d18b341bb9129175dee61b574c34117dac45,1582639,1292210,53375,,,0,
9c515ca46ad8f9fca7e879c0a1617207bf5ccf3df21930aaa0995227c3942c40,3_purana/nardp2_u.txt,ea5d0413e80f758fbb89d321a549abca5e5065501f1bd07287ba117762cc54ca,iast,legacy_joined,data/representations/gretil/iast/legacy_joined/3_purana/nardp2_u.txt,3d9d80b51063fc90e71d20c26347a91f8cc1f26f14ef1cd257c6c2e2983bdd24,306221,251432,10297,,,0,
9c515ca46ad8f9fca7e879c0a1617207bf5ccf3df21930aaa0995227c3942c40,3_purana/narsippu.txt,51fc274020031db8d671560d694fa2c03bde95dd997996b023c8ead68c382bc9,iast,legacy_joined,data/representations/gretil/iast/legacy_joined/3_purana/narsippu.txt,ea535b60948045955b40363619c0b534b474d5a3ac06f837f385c0cfb0caef23,442209,361263,14783,,,0,
9c515ca46ad8f9fca7e879c0a1617207bf5ccf3df21930aaa0995227c3942c40,3_purana/sivap1_u.txt,160fc9166c7d4a75d317fc03cf2ae38d344951c04f72bcac2a9c3acf4e6b1834,iast,legacy_joined,data/representations/gretil/iast/legacy_joined/3_purana/sivap1_u.txt,edb8d4ad0cb96647fa5fa5f34c116127c4602f2773356850705a213c366e9b20,187193,151796,6385,,,0,
9c515ca46ad8f9fca7e879c0a1617207bf5ccf3df21930aaa0995227c3942c40,3_purana/sivap7_u.txt,58ce55a5c093824d90344ed21f8693aeb52411072909463cee6ebde69a8f6bfd,iast,legacy_joined,data/representations/gretil/iast/legacy_joined/3_purana/sivap7_u.txt,f600f47da96f2ea09ca9bef79bde6b0bd64d9186b9b714b006f469f60813e32c,506291,414706,17263,,,0,
9c515ca46ad8f9fca7e879c0a1617207bf5ccf3df21930aaa0995227c3942c40,3_purana/skp031pu.txt,ea671c586a2277c651a397be87dc26eb0b9f9ce4773ca0ce8135e4f8889cff0e,iast,legacy_joined,data/representations/gretil/iast/legacy_joined/3_purana/skp031pu.txt,5ea689b5fa24c2e80bc2ae464e43077b4ab4177d8d85ea296bd60978d7cb4444,210757,175057,7553,,,0,
9c515ca46ad8f9fca7e879c0a1617207bf5ccf3df21930aaa0995227c3942c40,3_purana/skprevku.txt,b6d4a7f31eed336598b669ef9ba20fee50b1b3ef4262c65bf2c3179ad46a786d,iast,legacy_joined,data/representations/gretil/iast/legacy_joined/3_purana/skprevku.txt,270eb0337ed2ffb642c4a78dc314159b6cf8d969e41763570f75aa6a51df843c,805435,661964,28499,,,0,
9c515ca46ad8f9fca7e879c0a1617207bf5ccf3df21930aaa0995227c3942c40,3_purana/vamp__u.txt,c32043531099c2ed3806fe2e53eb546d2e16e902d0e1efa1803f746544d25f2a,iast,legacy_joined,data/representations/gretil/iast/legacy_joined/3_purana/vamp__u.txt,3ac08f38b3a9a1358f5f7573c99e1380d49d1c06d033c7cc437f93e28c6be249,581740,478706,19245,,,0,
9c515ca46ad8f9fca7e879c0a1617207bf5ccf3df21930aaa0995227c3942c40,3_purana/vd2127_u.txt,552edb99fa834d5c74a1fe122caf63583f962ae5bdfb92e5cc1ef9786e00b56a,iast,legacy_joined,data/representations/gretil/iast/legacy_joined/3_purana/vd2127_u.txt,909de03b4fcee132c6aef83cdb1ce2a8c99741b43d6c822951c7d144b6a99533,6336,5325,217,,,0,
9c515ca46ad8f9fca7e879c0a1617207bf5ccf3df21930aaa0995227c3942c40,3_purana/vd3343pu.txt,b209e8a6de6dd617bb995bd1209bd066397b7e08604a9988f0a44c87bdaaf491,iast,legacy_joined,data/representations/gretil/iast/legacy_joined/3_purana/vd3343pu.txt,d09730f7c55d8c756689ad85843051c25a00369abe00ffdaf911487494b5bf8d,44925,37403,2233,,,0,
9c515ca46ad8f9fca7e879c0a1617207bf5ccf3df21930aaa0995227c3942c40,3_purana/vipce_pu.txt,afad84225a31809c416d3987e22f7097cd47554976dccf9e3b100e07e91ef7d7,iast,legacy_joined,data/representations/gretil/iast/legacy_joined/3_purana/vipce_pu.txt,f4aad787bb3b6da8bab7a8cb63e6be9c9a918842f835bf5229b3ad6c552dfa7c,768480,634046,25837,,,0,
9c515ca46ad8f9fca7e879c0a1617207bf5ccf3df21930aaa0995227c3942c40,4_rellit/buddh/asmahsuu.txt,d5bf366938a43cec4f15c045028b18ca8fad8e6144bb217763f6f225f30d7a5e,iast,legacy_joined,data/representations/gretil/iast/legacy_joined/4_rellit/buddh/asmahsuu.txt,78759162f36f4c85384b812b2670e55ec6c260b3a9223ac524d0c32a36763ba1,369166,306706,5414,,,0,
9c515ca46ad8f9fca7e879c0a1617207bf5ccf3df21930aaa0995227c3942c40,4_rellit/buddh/avsata_u.txt,8830b2e0ed1af3359349504c6207a3a6fca6a35007a0105c6ef47efa88559878,iast,legacy_joined,data/representations/gretil/iast/legacy_joined/4_rellit/buddh/avsata_u.txt,220fc9eb44d6ad57b84af77bbec50f3af63950118ca9acfe1c20601ef324b039,813662,665528,4089,,,0,
9c515ca46ad8f9fca7e879c0a1617207bf5ccf3df21930aaa0995227c3942c40,4_rellit/buddh/bhivin_u.txt,000628b742b7485c1c9812944eb3d628b82648d892ef068f464a14b4168ecc95,iast,legacy_joined,data/representations/gretil/iast/legacy_joined/4_rellit/buddh/bhivin_u.txt,e25404a1b39e6fcda6c3113fedccb74879039d0e2c9ba1576e006daccab8c382,457454,374061,3287,,,0,
9c515ca46ad8f9fca7e879c0a1617207bf5ccf3df21930aaa0995227c3942c40,4_rellit/buddh/divyav_u.txt,795f22048616d51c0473ed9e62eb93a9f739d0f0e008f8a942ffb4b32b1b2855,iast,legacy_joined,data/representations/gretil/iast/legacy_joined/4_rellit/buddh/divyav_u.txt,1f22b65c6e1f41e7107716fb61b12b34aa15bd9dd44d5275a73f02d95a7abb5e,1475987,1216376,32839,,,0,
9c515ca46ad8f9fca7e879c0a1617207bf5ccf3df21930aaa0995227c3942c40,4_rellit/buddh/mhvastuu.txt,e2b66e763ee2037d55e826d6bacd8b34d4681476a8acd560a3115ca7af9e233c,iast,legacy_joined,data/representations/gretil/iast/legacy_joined/4_rellit/buddh/mhvastuu.txt,e035a6f86eb6572a4d976411d35b8425ab9cf11e09367450a9614161935458b7,1914180,1573131,27649,,,0,
9c515ca46ad8f9fca7e879c0a1617207bf5ccf3df21930aaa0995227c3942c40,4_rellit/buddh/srabhu_u.txt,cb9192ebbf0e7a993fa180a01e4f80881504e0b32d6420c6deba24d5bc48b5c3,iast,legacy_joined,data/representations/gretil/iast/legacy_joined/4_rellit/buddh/srabhu_u.txt,57d1c16ba4cbacc20daa59bfb842c6d914c14cc31da8906004cbe02699e63b0a,376693,313526,2864,,,0,
9c515ca46ad8f9fca7e879c0a1617207bf5ccf3df21930aaa0995227c3942c40,4_rellit/buddh/sukhvylu.txt,69c2ccbf9733fb7f13de2b0c5cb203a9c7fd3ea7e0df2913d3cb1399666da7e1,iast,legacy_joined,data/representations/gretil/iast/legacy_joined/4_rellit/buddh/sukhvylu.txt,ce2c15d313d1d8afa8f2ef04dfb0ca5664d854939025da3d0a260fc925ef55a9,99417,83494,3241,,,0,
9c515ca46ad8f9fca7e879c0a1617207bf5ccf3df21930aaa0995227c3942c40,4_rellit/buddh/sukhvysu.txt,81ac6abd8ba6f0460d1755bc41c7c66cee0da001baf65b44117652d7daffb781,iast,legacy_joined,data/representations/gretil/iast/legacy_joined/4_rellit/buddh/sukhvysu.txt,ae9209ad313a67a824fca735de1169fa262a9b969af2041e10f263669353a8df,13427,11068,353,,,0,
9c515ca46ad8f9fca7e879c0a1617207bf5ccf3df21930aaa0995227c3942c40,4_rellit/buddh/udanav_u.txt,bf5aa1bad356df7bbb55b66e67d86df9cea0e8a870272cbb9f1132c5b0871603,iast,legacy_joined,data/representations/gretil/iast/legacy_joined/4_rellit/buddh/udanav_u.txt,888a61cee4e060c13e269d246bba8f5d70b9d22c2a03debdbc4e77654f1096cb,160403,142746,4275,,,0,
9c515ca46ad8f9fca7e879c0a1617207bf5ccf3df21930aaa0995227c3942c40,4_rellit/buddh/vimkn_u.txt,23849e383c196cf8410454c209bc0c8103bd5efc7af91c829899a08f39e9afc5,iast,legacy_joined,data/representations/gretil/iast/legacy_joined/4_rellit/buddh/vimkn_u.txt,199f71bf2a42728c2675ca41fa0d0dd230bab4afe019da4e3c1d9d476777b712,150266,125666,1281,,,0,
9c515ca46ad8f9fca7e879c0a1617207bf5ccf3df21930aaa0995227c3942c40,4_rellit/buddh/vinsutru.txt,196bc0f28b7a7fd2b6f9b1084b8556180f564b373e2a35dbf255557d025ddd63,iast,legacy_joined,data/representations/gretil/iast/legacy_joined/4_rellit/buddh/vinsutru.txt,670540efb708470b5533679dfb81c6455cd6b5f9d9cdb6d932a574ebeda9b5ea,279372,228139,12732,,,0,
9c515ca46ad8f9fca7e879c0a1617207bf5ccf3df21930aaa0995227c3942c40,4_rellit/buddh/vinv01_u.txt,96214c70ad6ae7d46836e206912a6a77d4bafeffcd77e0cb4abb3b34e6138188,iast,legacy_joined,data/representations/gretil/iast/legacy_joined/4_rellit/buddh/vinv01_u.txt,dbb14180af13666305bc037d42009022656ac445e84f76ab6880666e46a15e66,103911,85165,839,,,0,
9c515ca46ad8f9fca7e879c0a1617207bf5ccf3df21930aaa0995227c3942c40,4_rellit/buddh/vinv02_u.txt,c96c9c04db03becb57f513d484d25c6c77e7d1b360eb21faf64095e2b59df7a7,iast,legacy_joined,data/representations/gretil/iast/legacy_joined/4_rellit/buddh/vinv02_u.txt,70537fbb1bb4ddd89fb2f4cf54489ca00818db9677e59cfeda477235a3846aad,72203,57743,1284,,,0,
9c515ca46ad8f9fca7e879c0a1617207bf5ccf3df21930aaa0995227c3942c40,4_rellit/buddh/vinv03_u.txt,5e199f69f3c229d6a2932e18ac774fa14fc7def8a6db3f246581e9a05a8d4a36,iast,legacy_joined,data/representations/gretil/iast/legacy_joined/4_rellit/buddh/vinv03_u.txt,064e3b397140b4a2d2adb1ca141e107ce1e37c4887add96a77220f89ec036929,36479,29658,298,,,0,
9c515ca46ad8f9fca7e879c0a1617207bf5ccf3df21930aaa0995227c3942c40,4_rellit/buddh/vinv04_u.txt,a0994e1c1b17679b9fb8bc6b47b25908a2b49b6476be34fc2176b10b2996afa1,iast,legacy_joined,data/representations/gretil/iast/legacy_joined/4_rellit/buddh/vinv04_u.txt,1d5207b0dfa7cdec9aceae6481b33be38cfce5fd39bd9df96bcfe2774a446c4a,40838,32933,223,,,0,
9c515ca46ad8f9fca7e879c0a1617207bf5ccf3df21930aaa0995227c3942c40,4_rellit/buddh/vinv05_u.txt,8c68a8ca12f38697873d5409e345f1803b79a0f4c8da6d83c98bd01cf793741f,iast,legacy_joined,data/representations/gretil/iast/legacy_joined/4_rellit/buddh/vinv05_u.txt,442aae312b87fa05e9936caddb65dfab38cc59392dbbea0effb364a47cd17095,71825,58618,138,,,0,
9c515ca46ad8f9fca7e879c0a1617207bf5ccf3df21930aaa0995227c3942c40,4_rellit/buddh/vinv07_u.txt,b54d8d4fd95cc7635c9cc4202eb1d6ba8f5f71d417f9cd51a11a037c9a733017,iast,legacy_joined,data/representations/gretil/iast/legacy_joined/4_rellit/buddh/vinv07_u.txt,b84c9c2e17c2f9389300c37b0e435e81bb25c0b785637b11af917619ee750b4b,212596,175066,495,,,0,
9c515ca46ad8f9fca7e879c0a1617207bf5ccf3df21930aaa0995227c3942c40,4_rellit/buddh/vinv08_u.txt,ef9731228eef5468eb964627b0f451b2a48cfe43e5c995ee85f9d21a98d15c1d,iast,legacy_joined,data/representations/gretil/iast/legacy_joined/4_rellit/buddh/vinv08_u.txt,5a4884741535747fa2df90a1e37899aae9b9139e690027947f811c8a981a997b,29808,23420,213,,,0,
9c515ca46ad8f9fca7e879c0a1617207bf5ccf3df21930aaa0995227c3942c40,4_rellit/buddh/vinv09_u.txt,dc6822c86a6b81234ea20232532043e5e3c5bf98fdaabbca352c72a3bcd5857c,iast,legacy_joined,data/representations/gretil/iast/legacy_joined/4_rellit/buddh/vinv09_u.txt,712325475a58e29b73a5881505c61be1d063f3d0ccff2abee3bccc5cdfd06b5b,31264,25449,133,,,0,
9c515ca46ad8f9fca7e879c0a1617207bf5ccf3df21930aaa0995227c3942c40,4_rellit/buddh/vinv10_u.txt,06c1c354ba6c9e3c61f389605738aaf97b870e9c446d883b27226f474344f12e,iast,legacy_joined,data/representations/gretil/iast/legacy_joined/4_rellit/buddh/vinv10_u.txt,41b9cdd6936869c40b4dde1096858c6da959c4f8873618e83f01c5b8748a646c,19188,16056,75,,,0,
9c515ca46ad8f9fca7e879c0a1617207bf5ccf3df21930aaa0995227c3942c40,4_rellit/buddh/vinv11_u.txt,636782dd9eb82e03326a3d873edb364f7a9b48c96ef78e3af72cc2822750fa13,iast,legacy_joined,data/representations/gretil/iast/legacy_joined/4_rellit/buddh/vinv11_u.txt,01da45edd6a103204d4f2a76c57360ce17c285736040e7f903e078f68e9330d1,88881,70382,247,,,0,
9c515ca46ad8f9fca7e879c0a1617207bf5ccf3df21930aaa0995227c3942c40,4_rellit/buddh/vinv12_u.txt,bad8c13967f8c53b994673306545eaaa174168bbd8122a53da40e36a7c4f26f1,iast,legacy_joined,data/representations/gretil/iast/legacy_joined/4_rellit/buddh/vinv12_u.txt,fa9625f5c99731e0ebf8330c1757304bea53cdf9f7390e77be0eefd29b134527,40736,33354,163,,,0,
9c515ca46ad8f9fca7e879c0a1617207bf5ccf3df21930aaa0995227c3942c40,4_rellit/buddh/vinv13_u.txt,09275901e9a67418bbcf25509fe9a6bbe75248f491b8e0dea3aa12a4e352cc61,iast,legacy_joined,data/representations/gretil/iast/legacy_joined/4_rellit/buddh/vinv13_u.txt,8ca513816cbd0c557971dcb3a139f8b58319d79a6e89892cdb04d32c5c115faa,16212,12953,73,,,0,
9c515ca46ad8f9fca7e879c0a1617207bf5ccf3df21930aaa0995227c3942c40,4_rellit/buddh/vinv14_u.txt,b3bd0e22f140f97fa38e1b624313da79534feeed6829c9f97fc25aa231c74682,iast,legacy_joined,data/representations/gretil/iast/legacy_joined/4_rellit/buddh/vinv14_u.txt,393c7bcb574a4d0b8b3ef224794d7a4877454a23f7d96e25f7a4135598acb460,16215,13081,95,,,0,
9c515ca46ad8f9fca7e879c0a1617207bf5ccf3df21930aaa0995227c3942c40,4_rellit/buddh/vinv15_u.txt,32961c938a24de8e1901571901008e47c9a588e16a1dd7330f8eca9263c323a3,iast,legacy_joined,data/representations/gretil/iast/legacy_joined/4_rellit/buddh/vinv15_u.txt,6c5e797f46ef2ca884796f2c73594f56e49da8ecfb88435fa2505c72e44ed2b6,113122,93107,367,,,0,
9c515ca46ad8f9fca7e879c0a1617207bf5ccf3df21930aaa0995227c3942c40,4_rellit/buddh/vinv16_u.txt,e52cba373e989385a08ddfdac9c3b93457ac8313b646e666b20299d199494962,iast,legacy_joined,data/representations/gretil/iast/legacy_joined/4_rellit/buddh/vinv16_u.txt,62928286cc64fe784da94e4161fd88507c78fea5947057297256aac19a1e7550,109161,88729,315,,,0,
9c515ca46ad8f9fca7e879c0a1617207bf5ccf3df21930aaa0995227c3942c40,4_rellit/buddh/vinv171u.txt,7404132a706319d27812568e77298a4c90a8bcf938712fb6d27505abb9ff77c0,iast,legacy_joined,data/representations/gretil/iast/legacy_joined/4_rellit/buddh/vinv171u.txt,1d88604fd434248cb1fecdbaad3a3ff6bba96632aa38b71c1d9b4cdcd5f4bc97,452861,373211,2096,,,0,
9c515ca46ad8f9fca7e879c0a1617207bf5ccf3df21930aaa0995227c3942c40,4_rellit/buddh/vinv172u.txt,bba0498a55f8d999e7aadf47fdbb90307c1f4f44dd7cf3b8a4914e1fef4ade0d,iast,legacy_joined,data/representations/gretil/iast/legacy_joined/4_rellit/buddh/vinv172u.txt,f5f93674cbc1551a97b40517458f2d225f645eab43814388a16be68cc1ec90fe,597794,489050,2592,,,0,
9c515ca46ad8f9fca7e879c0a1617207bf5ccf3df21930aaa0995227c3942c40,4_rellit/buddh/vinv_06u.txt,23c212e2db0fd3d97272364fc06f39d39e7c5e6a951553c470883194e43eb9a2,iast,legacy_joined,data/representations/gretil/iast/legacy_joined/4_rellit/buddh/vinv_06u.txt,3683e80c214fec26e4b63bd2c5f82456bb4c3d2995b4fe5aae6011d01c46c639,438717,359108,3400,,,0,
9c515ca46ad8f9fca7e879c0a1617207bf5ccf3df21930aaa0995227c3942c40,4_rellit/saiva/kirtm_pu.txt,e07dc9a65030c1c9cfcb691f5c30d4a21cc944d7512a11bc8fc0c71c33a3aa37,iast,legacy_joined,data/representations/gretil/iast/legacy_joined/4_rellit/saiva/kirtm_pu.txt,15edee82099758b313419ff14576b426daec4461a5bcc9b0042686825c218e20,21123,17774,781,,,0,
9c515ca46ad8f9fca7e879c0a1617207bf5ccf3df21930aaa0995227c3942c40,4_rellit/saiva/kubjt_pu.txt,dd0debf0eba3accb2d7e139b69c72526f2aef8c88dab61322f2b28db59a1042c,iast,legacy_joined,data/representations/gretil/iast/legacy_joined/4_rellit/saiva/kubjt_pu.txt,524379981b14b7610c68a5074fcdcfa607c88db90d28df3640ea20a803d8e681,365469,300054,12549,,,0,
9c515ca46ad8f9fca7e879c0a1617207bf5ccf3df21930aaa0995227c3942c40,4_rellit/saiva/malinivu.txt,a75f922ee1249629c07b02407db1f38fc84b15f60edb00e9c0ce7a8f7c2dbbcf,iast,legacy_joined,data/representations/gretil/iast/legacy_joined/4_rellit/saiva/malinivu.txt,9c80a046219536a41c77911c2dde5d4d1aa8c4e2a1526748d8508cec6cba58ae,139132,114514,5071,,,0,
9c515ca46ad8f9fca7e879c0a1617207bf5ccf3df21930aaa0995227c3942c40,4_rellit/saiva/mrgt1mpu.txt,89732087b90681053f5e95ae56d609bf643aa2f842e0a434a9c9646ec73f58ad,iast,legacy_joined,data/representations/gretil/iast/legacy_joined/4_rellit/saiva/mrgt1mpu.txt,accb43e71e820d1f4d84f1e454edd74f5cae27d681370feec78eaa5a17a5a5dd,53323,43978,1829,,,0,
9c515ca46ad8f9fca7e879c0a1617207bf5ccf3df21930aaa0995227c3942c40,4_rellit/saiva/mrgt3mpu.txt,11ec1dc76055c39a7fe89bb32f6269745f2098f56589fa2dc718d850b896a43e,iast,legacy_joined,data/representations/gretil/iast/legacy_joined/4_rellit/saiva/mrgt3mpu.txt,79479897c0c37d8f757d369cde7683e45e2931f49377b6b630c0b6338da5add0,15730,12915,529,,,0,
9c515ca46ad8f9fca7e879c0a1617207bf5ccf3df21930aaa0995227c3942c40,4_rellit/saiva/mrgt4mpu.txt,caf973d2798b7763960db9ec38139d2faf526e6c1283985661e4d80858060b9e,iast,legacy_joined,data/representations/gretil/iast/legacy_joined/4_rellit/saiva/mrgt4mpu.txt,653eab19e6f355af51c890c2f381e777b19709292663dc861bc45fe1821a551c,7632,6295,261,,,0,
9c515ca46ad8f9fca7e879c0a1617207bf5ccf3df21930aaa0995227c3942c40,4_rellit/saiva/parakspu.txt,c719ff67dfe0df145ad8218f40f45ca28d1518e20d9f147f170928197bede6bb,iast,legacy_joined,data/representations/gretil/iast/legacy_joined/4_rellit/saiva/parakspu.txt,e5c250501fa855eca424ef9147ef69ad141eae633ad3c83869ad4e2d250d608e,65541,52822,843,,,0,
9c515ca46ad8f9fca7e879c0a1617207bf5ccf3df21930aaa0995227c3942c40,4_rellit/saiva/pasupspu.txt,3494910d97c49b423a4ccc6db32f45534c38c0775b0bd154375ae3b7b2b04989,iast,legacy_joined,data/representations/gretil/iast/legacy_joined/4_rellit/saiva/pasupspu.txt,60651c8bf2374b28bab76161d0b104f6dc9dce378b01ddbd569c385178c58385,4503,3830,329,,,0,
9c515ca46ad8f9fca7e879c0a1617207bf5ccf3df21930aaa0995227c3942c40,4_rellit/saiva/sivsutru.txt,0cd25ecbe4562592dbf142327468b2f115ea6403e54d67716402f2cce4ef3b8c,iast,legacy_joined,data/representations/gretil/iast/legacy_joined/4_rellit/saiva/sivsutru.txt,c75b3cc76b51b119eecd996bd8dbf5f89cfaf64587aa911449f675d17d32f3ca,47435,39590,1817,,,0,
9c515ca46ad8f9fca7e879c0a1617207bf5ccf3df21930aaa0995227c3942c40,4_rellit/saiva/svact_pu.txt,f8436cd190e567e9e7a3f60ca3e878fe04ccbddc086225646dfc167656dec7f6,iast,legacy_joined,data/representations/gretil/iast/legacy_joined/4_rellit/saiva/svact_pu.txt,aa7172e8b5eefc0e5cfacd3d0993450bf0e3f626484b88a4cd5797c7ebab7695,431734,355863,14855,,,0,
9c515ca46ad8f9fca7e879c0a1617207bf5ccf3df21930aaa0995227c3942c40,4_rellit/saiva/todaltpu.txt,f0663b175ec060d5f92b1e773440207b0a2134a501ffba74b915d46a6b4c1860,iast,legacy_joined,data/representations/gretil/iast/legacy_joined/4_rellit/saiva/todaltpu.txt,e1aa78e11e6a01a508eef1c6eaf68f24f3b6ea1090aab4945beb01b435325d9c,47781,39000,1715,,,0,
9c515ca46ad8f9fca7e879c0a1617207bf5ccf3df21930aaa0995227c3942c40,4_rellit/saiva/vinst_pu.txt,6467f80db4d0931397e1578a65343e3ba1af04ceb04239d6da5a3516c1ad7aad,iast,legacy_joined,data/representations/gretil/iast/legacy_joined/4_rellit/saiva/vinst_pu.txt,93203f44d3e39ddad817c864dcbc9e0ea70ed14bd2c3b82d69ecdec0dcc7817f,47188,39000,1653,,,0,
9c515ca46ad8f9fca7e879c0a1617207bf5ccf3df21930aaa0995227c3942c40,4_rellit/vaisn/astavgpu.txt,becaa71a5ae25b22d5e6c7263f62476e4d5c28c91d0cee418405b2d91810199b,iast,legacy_joined,data/representations/gretil/iast/legacy_joined/4_rellit/vaisn/astavgpu.txt,bce92f1ce850c078a88fda3b5f3e779f21c058e7bd243268c495c2d1e5db9857,35086,29511,1235,,,0,
9c515ca46ad8f9fca7e879c0a1617207bf5ccf3df21930aaa0995227c3942c40,4_rellit/vaisn/hbhvil_u.txt,d84304eb9231052befaee1a04f3cfde3554cd9dddb8e474505b865312d19dedd,iast,legacy_joined,data/representations/gretil/iast/legacy_joined/4_rellit/vaisn/hbhvil_u.txt,6a39c5aac167017c892481c333d229f2f0897fd74933e13afb2638e0ed7c2156,615684,507227,23599,,,0,
9c515ca46ad8f9fca7e879c0a1617207bf5ccf3df21930aaa0995227c3942c40,4_rellit/vaisn/satvtanu.txt,f6bea6ab41ccaa1746e183a437edaf0079c9ea58a916839c08b56dddeace174a,iast,legacy_joined,data/representations/gretil/iast/legacy_joined/4_rellit/vaisn/satvtanu.txt,cfe621108ec709d6c1eff77a8a1163fb6f155152ed185b8e2462b781cd22b4d3,88033,72001,2897,,,0,
9c515ca46ad8f9fca7e879c0a1617207bf5ccf3df21930aaa0995227c3942c40,4_rellit/vaisn/ss1_tatu.txt,61329ad342e593a76004d808eea37362ed89a71052a9f3a8c33edc0e4ce59acf,iast,legacy_joined,data/representations/gretil/iast/legacy_joined/4_rellit/vaisn/ss1_tatu.txt,84397c6e4ab3d27c56817e07d7064ef0a1bde35ff2ae89f1d27431ed402093fe,121988,101603,3465,,,0,
9c515ca46ad8f9fca7e879c0a1617207bf5ccf3df21930aaa0995227c3942c40,4_rellit/vaisn/ss2_bhgu.txt,930b1850494361f22ed792b2823698df2795c9121fd87f5623212abf82ba7495,iast,legacy_joined,data/representations/gretil/iast/legacy_joined/4_rellit/vaisn/ss2_bhgu.txt,d07bde38b8c90edcb4749c5ed6a7d0ccc54f63ad4e4415e57014a9527e9558c3,311508,261941,9848,,,0,
9c515ca46ad8f9fca7e879c0a1617207bf5ccf3df21930aaa0995227c3942c40,4_rellit/vaisn/ss3_paru.txt,3ea3fe27e094f3632fa09d5017dd462763637adbb8d53038d21cb28d6d56f502,iast,legacy_joined,data/representations/gretil/iast/legacy_joined/4_rellit/vaisn/ss3_paru.txt,43ddcbf939101393d9a5524ec9fdb88506535993608d94a3aec8bcffd5a30206,199021,167230,6333,,,0,
9c515ca46ad8f9fca7e879c0a1617207bf5ccf3df21930aaa0995227c3942c40,4_rellit/vaisn/ss4_krsu.txt,2b7d5e54be724639a5507b3dc402e44a78cb69c5e93ced17166c195994708435,iast,legacy_joined,data/representations/gretil/iast/legacy_joined/4_rellit/vaisn/ss4_krsu.txt,cb12805871880259e4f7a42d80d82a5a6bd9900e2c9ec51cc960ec5d94bd4b33,304296,252808,9116,,,0,
9c515ca46ad8f9fca7e879c0a1617207bf5ccf3df21930aaa0995227c3942c40,4_rellit/vaisn/ss5_bhku.txt,1db299075aae62f89de922e6fe552fec2e18e2cc85d74a4e857fb45e3e9c9b1f,iast,legacy_joined,data/representations/gretil/iast/legacy_joined/4_rellit/vaisn/ss5_bhku.txt,196ae5055d3178405b41699c9536d3a430738c6b2f6f3d63c4eceab9d42d4b19,472018,396273,15052,,,0,
9c515ca46ad8f9fca7e879c0a1617207bf5ccf3df21930aaa0995227c3942c40,4_rellit/vaisn/ss6_priu.txt,cbcceda77a80116c1c49574e51d0c834cb42d96acc84bbbd7e373905e28daf60,iast,legacy_joined,data/representations/gretil/iast/legacy_joined/4_rellit/vaisn/ss6_priu.txt,2ba9b1847b6775822a9b82bdfab0445541dcc0c865552b5b95703d5d22f9627e,455775,380251,14547,,,0,
9c515ca46ad8f9fca7e879c0a1617207bf5ccf3df21930aaa0995227c3942c40,4_rellit/vaisn/vaimp__u.txt,c7179c52ddf792fb72181179d3d923d354b0966c1eb08abee8fe8ae2cb14e9ab,iast,legacy_joined,data/representations/gretil/iast/legacy_joined/4_rellit/vaisn/vaimp__u.txt,d1ce596e52ec197a98882e52d29ca03b339647226c2b8a53b48eaf3470722917,259052,210981,13703,,,0,
9c515ca46ad8f9fca7e879c0a1617207bf5ccf3df21930aaa0995227c3942c40,4_rellit/vaisn/yamcatpu.txt,1f4047944fbd4f1eaa71e7535635ebd7fa78adf149fa6c889c9c04d67a3e24b2,iast,legacy_joined,data/representations/gretil/iast/legacy_joined/4_rellit/vaisn/yamcatpu.txt,b7035fb5b4783edbe230777acb3837c6f758faf5a22de6a874ab6197cf1165b8,1029,851,15,,,0,
9c515ca46ad8f9fca7e879c0a1617207bf5ccf3df21930aaa0995227c3942c40,4_rellit/vaisn/yamsr_pu.txt,b86cecd0914f726732d2ee8aa0e828d39c2118e7b029db187946138c16f1c230,iast,legacy_joined,data/representations/gretil/iast/legacy_joined/4_rellit/vaisn/yamsr_pu.txt,99eb8e95b90304ef2cc74c5ed1e6000498ac7c50e64fdd971a27028dcc5f73ec,10636,8953,253,,,0,
9c515ca46ad8f9fca7e879c0a1617207bf5ccf3df21930aaa0995227c3942c40,5_poetry/1_chandas/jvrtmspu.txt,10d6fd17650371fd98627577806ebc7044f072a67ff8122c7fbe348a911577f0,iast,legacy_joined,data/representations/gretil/iast/legacy_joined/5_poetry/1_chandas/jvrtmspu.txt,33e9ec5fa06cd25ed77220ce2792097f69100c43ee71e7bb5a8a04f2ff1c02f8,26617,22685,637,,,0,
9c515ca46ad8f9fca7e879c0a1617207bf5ccf3df21930aaa0995227c3942c40,5_poetry/1_chandas/kedvratu.txt,396f82413edc8556c7c8f95e973cac99487805dde286e40b19aaeb742f04233f,iast,legacy_joined,data/representations/gretil/iast/legacy_joined/5_poetry/1_chandas/kedvratu.txt,3e625a3486e67ae89451516a8aaa745a7065d5c1642ce0dd624d499f20b417f6,16506,14118,621,,,0,
9c515ca46ad8f9fca7e879c0a1617207bf5ccf3df21930aaa0995227c3942c40,5_poetry/1_chandas/kvrtrsuu.txt,9cb36dc9529accab6d7e34f7e890d75cdbd5aa789cb808d1f1826eb303cd3d8d,iast,legacy_joined,data/representations/gretil/iast/legacy_joined/5_poetry/1_chandas/kvrtrsuu.txt,ca01cd0cb70df150713b58104e2a7abd112f155b948f8b6b76fe2fd1891c1f53,105713,88269,2565,,,0,
9c515ca46ad8f9fca7e879c0a1617207bf5ccf3df21930aaa0995227c3942c40,5_poetry/1_natya/bharnatu.txt,0b7999fcca63fa954f2a4ed9cbb18bb7dfd3ce3c6f0a1e94e26735273fb00ef4,iast,legacy_joined,data/representations/gretil/iast/legacy_joined/5_poetry/1_natya/bharnatu.txt,571ae9fe51476babe87c132d5dcdaf2b1913dd26d8d1decb7ebc00842dde6ecb,555201,454575,18441,,,0,
9c515ca46ad8f9fca7e879c0a1617207bf5ccf3df21930aaa0995227c3942c40,5_poetry/1_natya/dhandasu.txt,7602c481f80527f39bf3ea763bf1fb0a0a32612c2c958b67786286105eb30c89,iast,legacy_joined,data/representations/gretil/iast/legacy_joined/5_poetry/1_natya/dhandasu.txt,f5d1fea758e8e241e1c26ab36b35a2263ab8d55c1ec420e2e96aab576274ee3d,36767,30000,1263,,,0,
9c515ca46ad8f9fca7e879c0a1617207bf5ccf3df21930aaa0995227c3942c40,5_poetry/2_kavya/akadambu.txt,3d8c25edc06672c908d25e1858b2a42e58507caa08d2afa54fb44022743fd872,iast,legacy_joined,data/representations/gretil/iast/legacy_joined/5_poetry/2_kavya/akadambu.txt,75726384432e27d31ca649eb89a180b6badf06798ff1c129ceeb3a391d8ebd4a,104123,86812,3573,,,0,
9c515ca46ad8f9fca7e879c0a1617207bf5ccf3df21930aaa0995227c3942c40,5_poetry/2_kavya/amaru_u.txt,7e27ff346025e7171b9055cdcc904129e1bf7adb75019103d7514cb1a53db959,iast,legacy_joined,data/representations/gretil/iast/legacy_joined/5_poetry/2_kavya/amaru_u.txt,22ad39c6466250ffd66510c229eedf009b7cd1e011d446babae53673c5f453b0,57680,47509,1846,,,0,
9c515ca46ad8f9fca7e879c0a1617207bf5ccf3df21930aaa0995227c3942c40,5_poetry/2_kavya/asvbuc2u.txt,d9789f28b4dd80704e59af97af25cd888f9ab1566576ebb290347179d502f2b3,iast,legacy_joined,data/representations/gretil/iast/legacy_joined/5_poetry/2_kavya/asvbuc2u.txt,2ffcbf92a104b5fc8754b09807d730c9b8d032032bbe257853ae46bba4c1fd63,150842,125186,4161,,,0,
9c515ca46ad8f9fca7e879c0a1617207bf5ccf3df21930aaa0995227c3942c40,5_poetry/2_kavya/asvsau2u.txt,c68e0c6f9e6454e7d56611e0e4242fd99c7a90965c0315af12b8e11946000b82,iast,legacy_joined,data/representations/gretil/iast/legacy_joined/5_poetry/2_kavya/asvsau2u.txt,c2115871a9757bcf1aa42eeebb5334ada5b7ec23054746836d34f100bddca4f8,152656,127168,4439,,,0,
9c515ca46ad8f9fca7e879c0a1617207bf5ccf3df21930aaa0995227c3942c40,5_poetry/2_kavya/bhakirpu.txt,6caef04704607f623cf18b721ce0b69bd4d42ffc9a86afbd5ee84b4ff3050258,iast,legacy_joined,data/representations/gretil/iast/legacy_joined/5_poetry/2_kavya/bhakirpu.txt,deeecb94680c6242fc96c1813247a9af0f8c82476a592c5f4d0f13088260532b,155624,129243,4159,,,0,
9c515ca46ad8f9fca7e879c0a1617207bf5ccf3df21930aaa0995227c3942c40,5_poetry/2_kavya/bhattiku.txt,f4557da63b872174ac7e1592da4d6cfced46a8cefb2952f694137df4cdd670ce,iast,legacy_joined,data/representations/gretil/iast/legacy_joined/5_poetry/2_kavya/bhattiku.txt,6aede5aa9b44bfdd9c3068849ecbaef318508bb0cd35fee84661068e80cdd9bc,209245,170602,6437,,,0,
9c515ca46ad8f9fca7e879c0a1617207bf5ccf3df21930aaa0995227c3942c40,5_poetry/2_kavya/bicauppu.txt,0c8a8f9eea6c0d8913e87014e5dae59750b80759b30229e0e5b526bf29037994,iast,legacy_joined,data/representations/gretil/iast/legacy_joined/5_poetry/2_kavya/bicauppu.txt,67e5093279c8b1bbafc58db0a91b93650941cec591511b8f886e09ead28eacb1,9403,7720,203,,,0,
9c515ca46ad8f9fca7e879c0a1617207bf5ccf3df21930aaa0995227c3942c40,5_poetry/2_kavya/dandkc_u.txt,ddd3682c3134abe7552231f1e58aee7b291dcb9ffef98d682922f181f64eac01,iast,legacy_joined,data/representations/gretil/iast/legacy_joined/5_poetry/2_kavya/dandkc_u.txt,c6c8cd4d1985d048993aece6c519ba8debee40c044894b7a6a6bb87610b42a60,287489,239099,4299,,,0,
9c515ca46ad8f9fca7e879c0a1617207bf5ccf3df21930aaa0995227c3942c40,5_poetry/2_kavya/jaygit2u.txt,b332ad6d14a53dda127cf04ca2adfd803991d5b0d58f474c709eb27850db473f,iast,legacy_joined,data/representations/gretil/iast/legacy_joined/5_poetry/2_kavya/jaygit2u.txt,f731f16f7008ee6e4169577ce9dfe659e86c868389fb9c3b4f7aa1962291fb44,46806,40349,1441,,,0,
9c515ca46ad8f9fca7e879c0a1617207bf5ccf3df21930aaa0995227c3942c40,5_poetry/2_kavya/kakumspu.txt,94f8f3d8ba63d475cc0c6b2817716954fec8bfedff8936e37b49e6681856ff2a,iast,legacy_joined,data/representations/gretil/iast/legacy_joined/5_poetry/2_kavya/kakumspu.txt,0d9723f028678d151d3fff3b68e2a666b258057aa26853652f45ee91e88aaca4,86844,71914,2451,,,0,
9c515ca46ad8f9fca7e879c0a1617207bf5ccf3df21930aaa0995227c3942c40,5_poetry/2_kavya/kalrs_pu.txt,218feb599f4bb546c61e3776103f2912805b214d87b5cea9b1295769c97e9cd8,iast,legacy_joined,data/representations/gretil/iast/legacy_joined/5_poetry/2_kavya/kalrs_pu.txt,0157073450ea7839ae77c344ef7062e73db64e5812ff26b7843d7729c36ba26a,27849,22804,643,,,0,
9c515ca46ad8f9fca7e879c0a1617207bf5ccf3df21930aaa0995227c3942c40,5_poetry/2_kavya/kmeghdpu.txt,d54a3500b02810941e255c692556973ce1e8443faa145ece5d6597121cfa7002,iast,legacy_joined,data/representations/gretil/iast/legacy_joined/5_poetry/2_kavya/kmeghdpu.txt,0eceae36d5069ae00e1ec486959e52525fc6ece9919abfd38c69e474290317bd,26109,21276,445,,,0,
9c515ca46ad8f9fca7e879c0a1617207bf5ccf3df21930aaa0995227c3942c40,5_poetry/2_kavya/kragh_pu.txt,871d481e98eb4f5cceeacce49e137c1339c8d672606e0a075e639251cc4a5b8a,iast,legacy_joined,data/representations/gretil/iast/legacy_joined/5_poetry/2_kavya/kragh_pu.txt,e07e358377bdaad5987a85961e414a8fe21aded06bef4b66b4a224a62ac2072f,228547,188874,6547,,,0,
9c515ca46ad8f9fca7e879c0a1617207bf5ccf3df21930aaa0995227c3942c40,5_poetry/2_kavya/maghspvu.txt,7e4d857e547b3badda8047b6b19400ee93369468ed4db113b5516f9ad3c7daa0,iast,legacy_joined,data/representations/gretil/iast/legacy_joined/5_poetry/2_kavya/maghspvu.txt,9a7922914ab917890cdbc8ca0e17de21401924ba3dc2485c91647bbf2653e6a1,247358,206694,6579,,,0,
9c515ca46ad8f9fca7e879c0a1617207bf5ccf3df21930aaa0995227c3942c40,5_poetry/2_kavya/nkalivpu.txt,b55aa0878824496f266d2461be73af96badf8fb098dd833bdaec78975c0be87b,iast,legacy_joined,data/representations/gretil/iast/legacy_joined/5_poetry/2_kavya/nkalivpu.txt,bd866cb867946aa930ea62fff804ad5f4303647420fa0fda3ba85c16411b153c,11914,9970,425,,,0,
9c515ca46ad8f9fca7e879c0a1617207bf5ccf3df21930aaa0995227c3942c40,5_poetry/2_kavya/padnscpu.txt,77b0fc4cf11d7e35ca7ef4e7ff53c01fbdc6a456c783ae638c3d4ccedcd075b3,iast,legacy_joined,data/representations/gretil/iast/legacy_joined/5_poetry/2_kavya/padnscpu.txt,129d5d78978ef65e36a29b5c73656f5f810f1e149f9c4a799c6f29a1308d22ff,222875,186817,6575,,,0,
9c515ca46ad8f9fca7e879c0a1617207bf5ccf3df21930aaa0995227c3942c40,5_poetry/2_kavya/ramodtpu.txt,e4b7f34f86587b3236e6a1b0b6f1a0968e5ad2ef7d270cc46dfd818daca8fca1,iast,legacy_joined,data/representations/gretil/iast/legacy_joined/5_poetry/2_kavya/ramodtpu.txt,6e5fd77aa0a197bd018967403a4e2a5014946e154cfbdfd8adaafcb2085f52ef,26051,21195,895,,,0,
9c515ca46ad8f9fca7e879c0a1617207bf5ccf3df21930aaa0995227c3942c40,5_poetry/4_narr/brkas_pu.txt,1bbead87e3d2d02b58a793c5fba9b6a74941dc5ec7dd688ae2f59896d3143a38,iast,legacy_joined,data/representations/gretil/iast/legacy_joined/5_poetry/4_narr/brkas_pu.txt,eb18aea1829d083be3bb6579c6b28c7c8d3f2ade47f77b4caa4098f00efe2c31,538674,446628,18141,,,0,
9c515ca46ad8f9fca7e879c0a1617207bf5ccf3df21930aaa0995227c3942c40,5_poetry/4_narr/hitop_u.txt,bb68c22d2e6b2161837554abf41635202bddef131e5bb107e19e386d39626254,iast,legacy_joined,data/representations/gretil/iast/legacy_joined/5_poetry/4_narr/hitop_u.txt,7ffcb70e443d5e655a579d3c086abec58b8729070decaedc9b7bb72b462d1005,202704,168891,5218,,,0,
9c515ca46ad8f9fca7e879c0a1617207bf5ccf3df21930aaa0995227c3942c40,5_poetry/4_narr/sokss_pu.txt,eb9a1b26778358dfa764229e579d378c98ff84731efb929f64588f5d0abc170d,iast,legacy_joined,data/representations/gretil/iast/legacy_joined/5_poetry/4_narr/sokss_pu.txt,c5f53ac847e6e96ecbb946c7d54378d5eecad295b6e0cc8a4989819ab5790142,2544081,2111712,86751,,,0,
9c515ca46ad8f9fca7e879c0a1617207bf5ccf3df21930aaa0995227c3942c40,5_poetry/4_narr/ttrkhy1u.txt,0f78147713bbfc8eb982b2b9637986d058b5e49f515db61502e15fcf45a67cac,iast,legacy_joined,data/representations/gretil/iast/legacy_joined/5_poetry/4_narr/ttrkhy1u.txt,3e63d5e38e68483c688767acab3aa5c291558276d404e056a78608d630ad624d,39443,32920,1671,,,0,
9c515ca46ad8f9fca7e879c0a1617207bf5ccf3df21930aaa0995227c3942c40,5_poetry/4_narr/ttrkhy2u.txt,8b4f8111e685633189c9ede1b3c70666f1583bec5be408aff7e26f86b30e4459,iast,legacy_joined,data/representations/gretil/iast/legacy_joined/5_poetry/4_narr/ttrkhy2u.txt,187e43e159ecc3d0a1a6b8f92f96202efdf219bde10759ac68ed0eee5a727ab4,28205,23622,1207,,,0,
9c515ca46ad8f9fca7e879c0a1617207bf5ccf3df21930aaa0995227c3942c40,5_poetry/5_subhas/bharst_u.txt,d0bacd909d66966539730010b59d42f07bb2bac733c9296570a865f1ba52f666,iast,legacy_joined,data/representations/gretil/iast/legacy_joined/5_poetry/5_subhas/bharst_u.txt,49a9b4f4ad69699d5582213871676a32fb8974e9f2e530105fb33fa7072449f6,71358,58982,2499,,,0,
9c515ca46ad8f9fca7e879c0a1617207bf5ccf3df21930aaa0995227c3942c40,5_poetry/5_subhas/ksdarppu.txt,8b0904d366ebb5a25ce83ff0b6e9ac1bb14c430e657fedb916f25f67d89f1c8e,iast,legacy_joined,data/representations/gretil/iast/legacy_joined/5_poetry/5_subhas/ksdarppu.txt,48c0261e521a8635833f4166c56bdc315369b14578f2ec913b74fc7b8abd9c86,78030,63949,2395,,,0,
9c515ca46ad8f9fca7e879c0a1617207bf5ccf3df21930aaa0995227c3942c40,5_poetry/5_subhas/msubhs_u.txt,a41a044d39ca4796548b6cb34bad568861a9a9199e77a49cdf700b19c1001bda,iast,legacy_joined,data/representations/gretil/iast/legacy_joined/5_poetry/5_subhas/msubhs_u.txt,d89e2c98c8766a6674dbf5d414efa708e1e47567f7b3e223284934aa72314345,1601015,1323246,40771,,,0,
9c515ca46ad8f9fca7e879c0a1617207bf5ccf3df21930aaa0995227c3942c40,5_poetry/5_subhas/valsubhu.txt,fa4788a3b25e76c6300116f7c6278e152c175fd6d5441053f846cc985b1c5e2a,iast,legacy_joined,data/representations/gretil/iast/legacy_joined/5_poetry/5_subhas/valsubhu.txt,7fd62d3c0addc348a2c7a5298a5f31cf250c63a64d6b8ca1b2a1252d40415b62,188264,156056,6677,,,0,
9c515ca46ad8f9fca7e879c0a1617207bf5ccf3df21930aaa0995227c3942c40,5_poetry/5_subhas/vidsrgpu.txt,8f508110e6e43034bfd4162b3a7ecc5d9fa3f8f2d5d2513c5199777985a32f79,iast,legacy_joined,data/representations/gretil/iast/legacy_joined/5_poetry/5_subhas/vidsrgpu.txt,d3d0bf827801e5b5df63b1d2e0c5cc475fe46cd2dc76a3e4435d0d9bb62a75b7,391735,324216,9079,,,0,
9c515ca46ad8f9fca7e879c0a1617207bf5ccf3df21930aaa0995227c3942c40,5_poetry/6_hist/jonart_pu.txt,12e61ef70de2c6b4ba3b74bf2caa4a19089dc8a0aed543d8404bc14b94e24a29,iast,legacy_joined,data/representations/gretil/iast/legacy_joined/5_poetry/6_hist/jonart_pu.txt,85b8cd072999c50d6d0415fb0bba29c80cd9bef8f9e73b0b8071050823c047e9,157362,129540,5335,,,0,
9c515ca46ad8f9fca7e879c0a1617207bf5ccf3df21930aaa0995227c3942c40,6_sastra/3_phil/buddh/nagmmk_u.txt,eac4ef20356fb616942be13bf672b0f0c2f5c64d049d781723124475e4a7a9e0,iast,legacy_joined,data/representations/gretil/iast/legacy_joined/6_sastra/3_phil/buddh/nagmmk_u.txt,453c408281251999f92d8ce12895cd0eaa3d6e0d3583fd51a8dcfd5553e0b029,50469,43077,1791,,,0,
9c515ca46ad8f9fca7e879c0a1617207bf5ccf3df21930aaa0995227c3942c40,6_sastra/3_phil/buddh/nagvigvu.txt,2e52aaa7d8730fccf3dfc1d9d7a9d6b8855850a6970ed6cba588333822407648,iast,legacy_joined,data/representations/gretil/iast/legacy_joined/6_sastra/3_phil/buddh/nagvigvu.txt,18ae27aaab13ba3b25d8f306297bfa15e4690513301ee08b27f7b1042aea6f3b,48474,40472,665,,,0,
9c515ca46ad8f9fca7e879c0a1617207bf5ccf3df21930aaa0995227c3942c40,6_sastra/3_phil/buddh/nrat_1_u.txt,35ca54961a3941c0cd9a454b6a479b25e920180fdd3814ecbd4aea573dea90cf,iast,legacy_joined,data/representations/gretil/iast/legacy_joined/6_sastra/3_phil/buddh/nrat_1_u.txt,655006c6f84d61e5edc7f3a0b5158935bbe522dcdb7944339bb56ea74483ca40,8943,7437,310,,,0,
9c515ca46ad8f9fca7e879c0a1617207bf5ccf3df21930aaa0995227c3942c40,6_sastra/3_phil/buddh/nrat_2_u.txt,e96e56d6654976b5caba1416a46303c60e177b0d6be6e1b66fc3f4c8d42ac908,iast,legacy_joined,data/representations/gretil/iast/legacy_joined/6_sastra/3_phil/buddh/nrat_2_u.txt,c0801d73efccd01696117fad81e032053df4a947b1209c418cb6a675c541465e,5288,4425,184,,,0,
9c515ca46ad8f9fca7e879c0a1617207bf5ccf3df21930aaa0995227c3942c40,6_sastra/3_phil/buddh/nrat_4_u.txt,4c90fdbd66b952d202c2fcec7d0b83e9c46639aa3078e42f7494635d404a549d,iast,legacy_joined,data/representations/gretil/iast/legacy_joined/6_sastra/3_phil/buddh/nrat_4_u.txt,03677845f8587aa208f18b3d593bdc4404d2c7f1412cf54b1094c02abcc03910,11899,9728,402,,,0,
9c515ca46ad8f9fca7e879c0a1617207bf5ccf3df21930aaa0995227c3942c40,6_sastra/3_phil/buddh/pramanvu.txt,006c6140dc13e5dfeb5983a46fd247ad85f3d8cf3b3f47df0f282d654bdef914,iast,legacy_joined,data/representations/gretil/iast/legacy_joined/6_sastra/3_phil/buddh/pramanvu.txt,27c1a019a3c0b24d0f6ef6b7ff0b390e09652abb0f0dbc36f9b184554b1b1e4d,164516,138311,5811,,,0,
9c515ca46ad8f9fca7e879c0a1617207bf5ccf3df21930aaa0995227c3942c40,6_sastra/3_phil/buddh/santbcpu.txt,e413ae132a506e49c446aa4142745d907772377d43571f848f7ce503a93aa61c,iast,legacy_joined,data/representations/gretil/iast/legacy_joined/6_sastra/3_phil/buddh/santbcpu.txt,cca12aa321761ebe20f5e0a1e9975512800ca8021127f59cef30ad3627893c3c,109554,91233,3691,,,0,
9c515ca46ad8f9fca7e879c0a1617207bf5ccf3df21930aaa0995227c3942c40,6_sastra/3_phil/buddh/vakobhau.txt,40abee07c1566de34715073e4d007622bd5f714e32b2faa3f85cba682b8a3b70,iast,legacy_joined,data/representations/gretil/iast/legacy_joined/6_sastra/3_phil/buddh/vakobhau.txt,e664d0cc495d13c2fec119382ac1b5a6b739f1bf58377e0381cd1f6a84408227,935505,775495,31509,,,0,
9c515ca46ad8f9fca7e879c0a1617207bf5ccf3df21930aaa0995227c3942c40,6_sastra/3_phil/mimamsa/jaimsutu.txt,7cf06b6b538be1270ff995f3fed3e718134476239b1fe3cbe1ed20256ae63f5c,iast,legacy_joined,data/representations/gretil/iast/legacy_joined/6_sastra/3_phil/mimamsa/jaimsutu.txt,1c02691a30d08cc35ac11b9e4880e14da1737afa9332800ec188bdda16902e31,128444,107655,5449,,,0,
9c515ca46ad8f9fca7e879c0a1617207bf5ccf3df21930aaa0995227c3942c40,6_sastra/3_phil/nyaya/antarkpu.txt,68d89a938255dcf4f68cab584e3c40a4a2ee2e8b07599214e90687ddc130360a,iast,legacy_joined,data/representations/gretil/iast/legacy_joined/6_sastra/3_phil/nyaya/antarkpu.txt,3056c1a3e3ae33e4463be9698f04d0bd33fccc46e7b0b8788bbc0744013e19cd,16003,13328,169,,,0,
9c515ca46ad8f9fca7e879c0a1617207bf5ccf3df21930aaa0995227c3942c40,6_sastra/3_phil/nyaya/gaunys_u.txt,d748011af50425faa9c8dff897a301274e7ad24e31635a46070464f6bb41491b,iast,legacy_joined,data/representations/gretil/iast/legacy_joined/6_sastra/3_phil/nyaya/gaunys_u.txt,928b797973b740144a67dfc4417245338e9dc4c5292dea5bea4c634811dc13e9,32004,26439,1249,,,0,
9c515ca46ad8f9fca7e879c0a1617207bf5ccf3df21930aaa0995227c3942c40,6_sastra/3_phil/saiva/paratriu.txt,c8d460fcc33b840610a7889bc76bdffb895839ca39ec158afde11e75de59d1b6,iast,legacy_joined,data/representations/gretil/iast/legacy_joined/6_sastra/3_phil/saiva/paratriu.txt,2f105050e63d1e16510bf8c9e781b8b09409f6ef62b41e80a7ecd02c8650a7f6,4197,3530,149,,,0,
9c515ca46ad8f9fca7e879c0a1617207bf5ccf3df21930aaa0995227c3942c40,6_sastra/3_phil/saiva/parmartu.txt,66f293b1b064110fbc21b3aa99a600067eeaba63e62a315aaccf238a7b581d72,iast,legacy_joined,data/representations/gretil/iast/legacy_joined/6_sastra/3_phil/saiva/parmartu.txt,3198602cc5a56d93258ce2f89ed6214ebf4c2a7eeb8703817ae50aec23539652,13316,11244,421,,,0,
9c515ca46ad8f9fca7e879c0a1617207bf5ccf3df21930aaa0995227c3942c40,6_sastra/3_phil/saiva/pratyabu.txt,9fb07fd54562710fe5ccce055be41700676ffc70e4239589eb929fa5c74c5f91,iast,legacy_joined,data/representations/gretil/iast/legacy_joined/6_sastra/3_phil/saiva/pratyabu.txt,dc8e45a5d7d484c3c38076f740bef87b3255fbbcedceabefd2e1d38854c78357,38119,31668,1180,,,0,
9c515ca46ad8f9fca7e879c0a1617207bf5ccf3df21930aaa0995227c3942c40,6_sastra/3_phil/saiva/tantralu.txt,9a66b8bb0de31ffcc4f2b9725db9864ba854259f92a97cd48beb9f8cc67d6b6a,iast,legacy_joined,data/representations/gretil/iast/legacy_joined/6_sastra/3_phil/saiva/tantralu.txt,3d114ae059054c4468116a3224d9e909432e8a88d4a10cb2db9116f772748d39,685592,569257,23391,,,0,
9c515ca46ad8f9fca7e879c0a1617207bf5ccf3df21930aaa0995227c3942c40,6_sastra/3_phil/samkhya/isvskaru.txt,3c8802b2f399b2871e0a8839a838d41c988a8ba6f2217ff20c2285c8d573200a,iast,legacy_joined,data/representations/gretil/iast/legacy_joined/6_sastra/3_phil/samkhya/isvskaru.txt,2e267790aa3934b9e5b8db742010d1c56da7c7e6e7d3ba49ccee9dbb7b9487d0,8736,7150,294,,,0,
9c515ca46ad8f9fca7e879c0a1617207bf5ccf3df21930aaa0995227c3942c40,6_sastra/3_phil/vaisesik/vaissu1u.txt,b0d87dcc4fa7941be49056cedcd97c3c3fd5e449790185a9e1f3cd5b431b06c4,iast,legacy_joined,data/representations/gretil/iast/legacy_joined/6_sastra/3_phil/vaisesik/vaissu1u.txt,3a4a892a5a4644a94285cbd38139583a575fac6c4aebe6e15f3c37d5bfa4b433,18020,14621,767,,,0,
9c515ca46ad8f9fca7e879c0a1617207bf5ccf3df21930aaa0995227c3942c40,6_sastra/3_phil/vedanta/brahmsuu.txt,947e7eff1dcbb392fd7e620022aacab0e8aac50c823680d975c1ea623984232c,iast,legacy_joined,data/representations/gretil/iast/legacy_joined/6_sastra/3_phil/vedanta/brahmsuu.txt,f211c6f040fc9f3401cd5cc64bfcc07e3275f66cb90e27b6df52122b8878100c,20520,17438,1089,,,0,
9c515ca46ad8f9fca7e879c0a1617207bf5ccf3df21930aaa0995227c3942c40,6_sastra/3_phil/vedanta/gaukarpu.txt,e9b4187c0e9bb9f0da43034f0eeffd5398a9d9fedf5e9fc95da4d95830018599,iast,legacy_joined,data/representations/gretil/iast/legacy_joined/6_sastra/3_phil/vedanta/gaukarpu.txt,128d44e5e78919602a62a4f99ff20e1aa30371ad63ab1d7733e35901bf5f0a13,24536,20730,885,,,0,
9c515ca46ad8f9fca7e879c0a1617207bf5ccf3df21930aaa0995227c3942c40,6_sastra/3_phil/vedanta/samkupad_u.txt,0edf71282eeee5779c7c2e344c541b76ec8eb9cb7f0234cd4471c16b9b9092b8,iast,legacy_joined,data/representations/gretil/iast/legacy_joined/6_sastra/3_phil/vedanta/samkupad_u.txt,f3c0dfd4e2b24b5e13b6eba4a9077f4d7c8949fee5af357e52b7d76f0e3b45a5,123024,103427,2971,,,0,
9c515ca46ad8f9fca7e879c0a1617207bf5ccf3df21930aaa0995227c3942c40,6_sastra/3_phil/vedanta/yamgaspu.txt,94ffb64e2e5de07e24a350e5b5e7221fd4a7419321c85276634f18d6d16916a5,iast,legacy_joined,data/representations/gretil/iast/legacy_joined/6_sastra/3_phil/vedanta/yamgaspu.txt,775c59459046056068a50ea93b980f61a9c8d2a8cc62a00ddbf6adf7b90746f2,3635,3057,127,,,0,
9c515ca46ad8f9fca7e879c0a1617207bf5ccf3df21930aaa0995227c3942c40,6_sastra/3_phil/vedanta/yamis_pu.txt,21b91e8344d3380f86d5e4d463007e7d36c5c3f4617e6e83c1a0495ca09472e4,iast,legacy_joined,data/representations/gretil/iast/legacy_joined/6_sastra/3_phil/vedanta/yamis_pu.txt,649dee48242469c60772514bf0f4c08baa650dd58a2667fb1b5552a760f26d7f,17502,14776,129,,,0,
9c515ca46ad8f9fca7e879c0a1617207bf5ccf3df21930aaa0995227c3942c40,6_sastra/3_phil/vedanta/yamss_pu.txt,27bed776114f91a024115cc0e6add4e289fb329d6ae238380e7e0c073cb55c84,iast,legacy_joined,data/representations/gretil/iast/legacy_joined/6_sastra/3_phil/vedanta/yamss_pu.txt,1aa6658034fefca1b23f0961cea02172a6e34bd2e209d8134c5b69d131297d0c,24279,20850,885,,,0,
9c515ca46ad8f9fca7e879c0a1617207bf5ccf3df21930aaa0995227c3942c40,6_sastra/3_phil/yoga/ghers__u.txt,a1089ce9503a91305bbff9c688e11f03cc98372914ff554c9e565f8d9c1453e2,iast,legacy_joined,data/representations/gretil/iast/legacy_joined/6_sastra/3_phil/yoga/ghers__u.txt,e7dfdcb05b782f09e85ed0847c6b232958e5dcb7c16eb1862ed8de5cf1f762c4,46036,37565,1632,,,0,
9c515ca46ad8f9fca7e879c0a1617207bf5ccf3df21930aaa0995227c3942c40,6_sastra/3_phil/yoga/hathyopu.txt,da632d4f7eb67f94fd82ef791d7e47532564d1d5fb6f59ae8d6ba00b9e804a91,iast,legacy_joined,data/representations/gretil/iast/legacy_joined/6_sastra/3_phil/yoga/hathyopu.txt,9fe8d003819e17b0d62b1ae91e23850c094c6a90320a72b959198594a44df052,50576,42042,1825,,,0,
9c515ca46ad8f9fca7e879c0a1617207bf5ccf3df21930aaa0995227c3942c40,6_sastra/3_phil/yoga/patyog_u.txt,1533d47e0d6a0aa03efa2555272e69b41db9c568888bcde2bcf61d49bdc0c499,iast,legacy_joined,data/representations/gretil/iast/legacy_joined/6_sastra/3_phil/yoga/patyog_u.txt,6ebf4fa8b2fa686b021a288648b7e19d7b6921733cd8458752af15fdfbdc3ea5,11194,9110,389,,,0,
9c515ca46ad8f9fca7e879c0a1617207bf5ccf3df21930aaa0995227c3942c40,6_sastra/4_dharma/smrti/angirspu.txt,af5b4411801358aa1f157716ab661de7e1375469606600c495dd622cab25fdf7,iast,legacy_joined,data/representations/gretil/iast/legacy_joined/6_sastra/4_dharma/smrti/angirspu.txt,08e00bd225dda2c0a99a2f76bdd572deb914f06f0133e141d088314678273bbf,157538,130455,5677,,,0,
9c515ca46ad8f9fca7e879c0a1617207bf5ccf3df21930aaa0995227c3942c40,6_sastra/4_dharma/smrti/brhasppu.txt,745ee55173781bc1a6bdc8d2022451d64ee335da8c4bf4285b3dc706546815ad,iast,legacy_joined,data/representations/gretil/iast/legacy_joined/6_sastra/4_dharma/smrti/brhasppu.txt,611d6a87e331727c9527d4438bda3bdd3b70b7226be3cb11b31f818c57d7147e,149335,122032,5032,,,0,
9c515ca46ad8f9fca7e879c0a1617207bf5ccf3df21930aaa0995227c3942c40,6_sastra/4_dharma/smrti/katy2p_u.txt,1fa81313ad928a4d71216c52d9b5d0494e72bd19457620d08d9f924f745ac6ed,iast,legacy_joined,data/representations/gretil/iast/legacy_joined/6_sastra/4_dharma/smrti/katy2p_u.txt,1e56bda7d8800da13a32dd94fe9f7c13b7b4d7916bc021b70bd76fa3693744d9,118856,97579,4091,,,0,
9c515ca46ad8f9fca7e879c0a1617207bf5ccf3df21930aaa0995227c3942c40,6_sastra/4_dharma/smrti/manu2p_u.txt,2c8e97ac776925f19f26ca303b9e2f814e209e83892d8aa94dae31c3e1106f37,iast,legacy_joined,data/representations/gretil/iast/legacy_joined/6_sastra/4_dharma/smrti/manu2p_u.txt,5ff6826957abb66fd4aa844ac72895c0f13e91c825dc108fa1525e4062a19ad1,318275,260337,10751,,,0,
9c515ca46ad8f9fca7e879c0a1617207bf5ccf3df21930aaa0995227c3942c40,6_sastra/4_dharma/smrti/nars2_pu.txt,70baeee71bfae5dbd9081109df78a676723c77f14c118d884038da41f820c228,iast,legacy_joined,data/representations/gretil/iast/legacy_joined/6_sastra/4_dharma/smrti/nars2_pu.txt,dd7cbba5e63d39586458324938da503609587204e33b6d104800b601cf6020b6,111224,90655,3787,,,0,
9c515ca46ad8f9fca7e879c0a1617207bf5ccf3df21930aaa0995227c3942c40,6_sastra/4_dharma/smrti/pars2_pu.txt,c34a321453dc4ab15e6fc24fbdb0116026ce701b6a4476f63589ea0d10ae97e1,iast,legacy_joined,data/representations/gretil/iast/legacy_joined/6_sastra/4_dharma/smrti/pars2_pu.txt,84f0271d8eb206162d0a95136899be297e3c34b0d3e3f99c47b9478627b40786,69420,56594,2338,,,0,
9c515ca46ad8f9fca7e879c0a1617207bf5ccf3df21930aaa0995227c3942c40,6_sastra/4_dharma/smrti/visnu_pu.txt,db04ecaac1b183d79df7d8e5c135510ef1e50875ec1293f98d2d0c2a860bdec4,iast,legacy_joined,data/representations/gretil/iast/legacy_joined/6_sastra/4_dharma/smrti/visnu_pu.txt,e27fa587d7769b2ac077d023712279b6d0ce38a682f6a67f319391dbcd2a2a2e,167750,137290,6668,,,0,
9c515ca46ad8f9fca7e879c0a1617207bf5ccf3df21930aaa0995227c3942c40,6_sastra/4_dharma/smrti/yajn2_pu.txt,c5b7c3aa61be41e573cda625d90f41addcd0c2091a98e0ce803ee85405dba092,iast,legacy_joined,data/representations/gretil/iast/legacy_joined/6_sastra/4_dharma/smrti/yajn2_pu.txt,be92622b063f98cea4e66669346936e552e0f80328877de8b9fffe87055d6c73,120034,97696,4051,,,0,
9c515ca46ad8f9fca7e879c0a1617207bf5ccf3df21930aaa0995227c3942c40,6_sastra/4_dharma/sutra/baudhd_u.txt,5e57cc0092d2f89ac09cc7684f33c3cad6c92e1b1a996d044eaec23a47636fd0,iast,legacy_joined,data/representations/gretil/iast/legacy_joined/6_sastra/4_dharma/sutra/baudhd_u.txt,257a7b865f706fe27ffb22a3979c8cfeac1c35916bc962bb62ce5ad61585966d,133840,111281,3337,,,0,
9c515ca46ad8f9fca7e879c0a1617207bf5ccf3df21930aaa0995227c3942c40,6_sastra/4_dharma/sutra/gautdh_u.txt,528d04898748f4c31cd7221c0bf249d10c4efaa0e6f449a7cccfba0b37369f0e,iast,legacy_joined,data/representations/gretil/iast/legacy_joined/6_sastra/4_dharma/sutra/gautdh_u.txt,b572379f87c32d2b2b1ca46c9890ed40e574ff4d9d5fbc45f4727b9f1fda9006,50087,40922,2045,,,0,
9c515ca46ad8f9fca7e879c0a1617207bf5ccf3df21930aaa0995227c3942c40,6_sastra/4_dharma/sutra/vasist_u.txt,19454d06a5a1d2271ab3830f2b4f2c650dbd36892da25bb59bbfdd2e2e65dab3,iast,legacy_joined,data/representations/gretil/iast/legacy_joined/6_sastra/4_dharma/sutra/vasist_u.txt,2f506765505cfdd248b3957f36acc2bd3610731efbfe2b9d018108314d98639e,80917,69906,2767,,,0,
9c515ca46ad8f9fca7e879c0a1617207bf5ccf3df21930aaa0995227c3942c40,6_sastra/5_artha/kautil_u.txt,03dfc8184435d545f7c52e0ad28ca3e84dfbbf346c8fe5dca9853e3429b758cc,iast,legacy_joined,data/representations/gretil/iast/legacy_joined/6_sastra/5_artha/kautil_u.txt,8c539f8d2aef7894925b357284fff542f677f7f312809441e5f8fc4d41d097c8,573081,476630,11722,,,0,
9c515ca46ad8f9fca7e879c0a1617207bf5ccf3df21930aaa0995227c3942c40,6_sastra/6_kama/kamasutu.txt,8490f10148eb08efc4cd19631307b8753e72b352bd75ce0b7abc49de1038cb44,iast,legacy_joined,data/representations/gretil/iast/legacy_joined/6_sastra/6_kama/kamasutu.txt,33cfd207904da76f3179802956787e4989cc9938e030e28671769fa6c028587d,178892,149212,3561,,,0,
9c515ca46ad8f9fca7e879c0a1617207bf5ccf3df21930aaa0995227c3942c40,6_sastra/7_ayur/anandk_u.txt,585f5c2a021cb2e0ee6dd72fab4104c0991e972c44adda18485199f2958ee883,iast,legacy_joined,data/representations/gretil/iast/legacy_joined/6_sastra/7_ayur/anandk_u.txt,3b4d208f83d5cc6030be468d018631a030284728c58213b40290d2fd10e7f02d,749179,608998,26683,,,0,
9c515ca46ad8f9fca7e879c0a1617207bf5ccf3df21930aaa0995227c3942c40,6_sastra/7_ayur/bhavpr_u.txt,16fab679da34e668c123445f439930317b7ae1c163548a7ab2e781caac27b534,iast,legacy_joined,data/representations/gretil/iast/legacy_joined/6_sastra/7_ayur/bhavpr_u.txt,cdad6ae62f9427d4218dbf44f29dc93cd2b3c594ddac21552e421d6553a35bd2,54204,42906,1809,,,0,
9c515ca46ad8f9fca7e879c0a1617207bf5ccf3df21930aaa0995227c3942c40,6_sastra/7_ayur/caraka_u.txt,e17839c19c9121eeed00982fe87b0ec4ebdc40b0872b8ea48025e78f70d780ed,iast,legacy_joined,data/representations/gretil/iast/legacy_joined/6_sastra/7_ayur/caraka_u.txt,f7e231620a986b562a55ff300c0ef26d5dc787b9771371947c6c45eb07a85b26,368023,301511,7845,,,0,
9c515ca46ad8f9fca7e879c0a1617207bf5ccf3df21930aaa0995227c3942c40,6_sastra/7_ayur/rasadhpu.txt,6bc9923f1c1db346939f4a334d42ca54302884b25a21a390df1cd875ac759dd1,iast,legacy_joined,data/representations/gretil/iast/legacy_joined/6_sastra/7_ayur/rasadhpu.txt,29328cdeb436878b30ad828a088c018a01db3d05b42f99a24cf3916d7a0f7373,79655,64370,2138,,,0,
9c515ca46ad8f9fca7e879c0a1617207bf5ccf3df21930aaa0995227c3942c40,6_sastra/7_ayur/rasarnpu.txt,6ae73294d18fddfec42ea8b61e55fd125f6c9b7c9583cfe73a14dcade7ab7cc6,iast,legacy_joined,data/representations/gretil/iast/legacy_joined/6_sastra/7_ayur/rasarnpu.txt,c757b985e908f58c9b410dbb0a5e01c8125f133db314b9e9be781b91eaf22b3f,167375,137067,5759,,,0,
9c515ca46ad8f9fca7e879c0a1617207bf5ccf3df21930aaa0995227c3942c40,6_sastra/7_ayur/vagaah_u.txt,b34c9e7fe92c1c44010e06f1d02567964b8ac12ac0ff6c1b3b5cb5404c93f802,iast,legacy_joined,data/representations/gretil/iast/legacy_joined/6_sastra/7_ayur/vagaah_u.txt,eed79b540a3829cdc21086e69224ec0ba5804ed56287585abb180699f01cbabb,1112665,901577,38337,,,0,
9c515ca46ad8f9fca7e879c0a1617207bf5ccf3df21930aaa0995227c3942c40,6_sastra/7_ayur/yogasatu.txt,c4d708c28505c692f96c8f38ba02cd6b5ae8f9ec311644fb01f27b4d15c9a6da,iast,legacy_joined,data/representations/gretil/iast/legacy_joined/6_sastra/7_ayur/yogasatu.txt,af2eef02b25a2ce95e404f9cbacd4fc8ccb12fdb527765faaaba9ed292f4cd79,20593,16474,527,,,0,
9c515ca46ad8f9fca7e879c0a1617207bf5ccf3df21930aaa0995227c3942c40,6_sastra/8_jyot/aryabh_u.txt,4ae78f1f2dde53093584b71c011bb49640b6a0ecec3e96609ca71f308eb7800c,iast,legacy_joined,data/representations/gretil/iast/legacy_joined/6_sastra/8_jyot/aryabh_u.txt,0c56d17f05e94ef63d6e2028a7ba2db8b3cbe3726534aee2f29786e2b61ae18c,15773,13660,491,,,0,
9c515ca46ad8f9fca7e879c0a1617207bf5ccf3df21930aaa0995227c3942c40,6_sastra/8_jyot/brhajj_u.txt,249b26749c740f90a716ae966ee7d4258077a245659d51562d59475fa9c4374c,iast,legacy_joined,data/representations/gretil/iast/legacy_joined/6_sastra/8_jyot/brhajj_u.txt,8460991f3dc65c59e4efa8b954b44925d79dbeb232bb0103aebb968c7931b893,101808,88654,1681,,,0,
9c515ca46ad8f9fca7e879c0a1617207bf5ccf3df21930aaa0995227c3942c40,6_sastra/8_jyot/brhats_u.txt,326b4cc5b5b78041e2d002f8a75f2812be38ce84547d0f34a093e1c73ce21a6a,iast,legacy_joined,data/representations/gretil/iast/legacy_joined/6_sastra/8_jyot/brhats_u.txt,dd2c0eaadc6bd5ef4a627900c9efd2aad3f5dd311277d9c61712bf2e93c7a823,421870,347148,13651,,,0,
9c515ca46ad8f9fca7e879c0a1617207bf5ccf3df21930aaa0995227c3942c40,6_sastra/8_jyot/surysidu.txt,df922f1f2475611cc4af36a58f00a9702753c07c975a6014b2f629c8eb791588,iast,legacy_joined,data/representations/gretil/iast/legacy_joined/6_sastra/8_jyot/surysidu.txt,6488858b4cd1ff220636f8ff9a91cd6d789613f60299565d73a891076efaec5e,58313,48740,2025,,,0,
9c515ca46ad8f9fca7e879c0a1617207bf5ccf3df21930aaa0995227c3942c40,1_veda/2_bra/gopbra_u.txt,c4bca04d5db081b0b89f8ad5e725f7d0dc1b842b6e2fe5c92c88a5d058602843,iast,surface_word,data/representations/gretil/iast/surface_word/1_veda/2_bra/gopbra_u.txt,c4bca04d5db081b0b89f8ad5e725f7d0dc1b842b6e2fe5c92c88a5d058602843,289594,241458,10487,,,0,
9c515ca46ad8f9fca7e879c0a1617207bf5ccf3df21930aaa0995227c3942c40,1_veda/2_bra/kausibru.txt,cb4f9d04c0117f16f7da70126111362de15c295c291e1a4b4446cc8053ea8c87,iast,surface_word,data/representations/gretil/iast/surface_word/1_veda/2_bra/kausibru.txt,cb4f9d04c0117f16f7da70126111362de15c295c291e1a4b4446cc8053ea8c87,322882,280215,13829,,,0,
9c515ca46ad8f9fca7e879c0a1617207bf5ccf3df21930aaa0995227c3942c40,1_veda/2_bra/pncvbr1u.txt,f21103a2c372f63151c99090d83e42dc2647f219367503619d105001f3ca7fbd,iast,surface_word,data/representations/gretil/iast/surface_word/1_veda/2_bra/pncvbr1u.txt,f21103a2c372f63151c99090d83e42dc2647f219367503619d105001f3ca7fbd,396917,331419,7123,,,0,
9c515ca46ad8f9fca7e879c0a1617207bf5ccf3df21930aaa0995227c3942c40,1_veda/2_bra/pncvbr2u.txt,4dc0455509d7e2390a13646aea642c458d516c84521f319b1e8049209fffd9f6,iast,surface_word,data/representations/gretil/iast/surface_word/1_veda/2_bra/pncvbr2u.txt,4dc0455509d7e2390a13646aea642c458d516c84521f319b1e8049209fffd9f6,390481,331419,7123,,,0,
9c515ca46ad8f9fca7e879c0a1617207bf5ccf3df21930aaa0995227c3942c40,1_veda/2_bra/satapath/sb_01_u.txt,7137d4ec4d9600839efe000ea98ec8aa45411c3e32dd3aea36e4ec0f8d4700be,iast,surface_word,data/representations/gretil/iast/surface_word/1_veda/2_bra/satapath/sb_01_u.txt,7137d4ec4d9600839efe000ea98ec8aa45411c3e32dd3aea36e4ec0f8d4700be,198006,167114,5109,,,0,
9c515ca46ad8f9fca7e879c0a1617207bf5ccf3df21930aaa0995227c3942c40,1_veda/2_bra/satapath/sb_02_u.txt,eb9ec9d35660be11957d5fd1a550b82d1d96b696fa75c3f6be3d45f092845982,iast,surface_word,data/representations/gretil/iast/surface_word/1_veda/2_bra/satapath/sb_02_u.txt,eb9ec9d35660be11957d5fd1a550b82d1d96b696fa75c3f6be3d45f092845982,137750,116994,3535,,,0,
9c515ca46ad8f9fca7e879c0a1617207bf5ccf3df21930aaa0995227c3942c40,1_veda/2_bra/satapath/sb_03_u.txt,229a48cba9019702c60e48cd10c50c1cf98cfda844a52ee19b312cebab5d395e,iast,surface_word,data/representations/gretil/iast/surface_word/1_veda/2_bra/satapath/sb_03_u.txt,229a48cba9019702c60e48cd10c50c1cf98cfda844a52ee19b312cebab5d395e,206221,173785,5263,,,0,
9c515ca46ad8f9fca7e879c0a1617207bf5ccf3df21930aaa0995227c3942c40,1_veda/2_bra/satapath/sb_04_u.txt,618056daaf746904657db7b8e3a2c627da72a5f1ee89cfff913c436397f534bd,iast,surface_word,data/representations/gretil/iast/surface_word/1_veda/2_bra/satapath/sb_04_u.txt,618056daaf746904657db7b8e3a2c627da72a5f1ee89cfff913c436397f534bd,162493,136077,4127,,,0,
9c515ca46ad8f9fca7e879c0a1617207bf5ccf3df21930aaa0995227c3942c40,1_veda/2_bra/satapath/sb_05_u.txt,bd7155db70092eb2f66650808e12bfc727aeb36b0e7b477fff91f01ba195f8c2,iast,surface_word,data/representations/gretil/iast/surface_word/1_veda/2_bra/satapath/sb_05_u.txt,bd7155db70092eb2f66650808e12bfc727aeb36b0e7b477fff91f01ba195f8c2,122379,102907,3067,,,0,
9c515ca46ad8f9fca7e879c0a1617207bf5ccf3df21930aaa0995227c3942c40,1_veda/2_bra/satapath/sb_06_u.txt,9d0c94deddb0419b627c29274a553cf4cb9970038d2199df0cdcc6bc33ac8674,iast,surface_word,data/representations/gretil/iast/surface_word/1_veda/2_bra/satapath/sb_06_u.txt,9d0c94deddb0419b627c29274a553cf4cb9970038d2199df0cdcc6bc33ac8674,143788,121467,3629,,,0,
9c515ca46ad8f9fca7e879c0a1617207bf5ccf3df21930aaa0995227c3942c40,1_veda/2_bra/satapath/sb_07_u.txt,76ed8b2fd2f2f1ec0d7a8557153b71170a1263e35c19ee5d3d4717d5233c946a,iast,surface_word,data/representations/gretil/iast/surface_word/1_veda/2_bra/satapath/sb_07_u.txt,76ed8b2fd2f2f1ec0d7a8557153b71170a1263e35c19ee5d3d4717d5233c946a,112597,94599,2833,,,0,
9c515ca46ad8f9fca7e879c0a1617207bf5ccf3df21930aaa0995227c3942c40,1_veda/2_bra/satapath/sb_08_u.txt,58495bfe0d11a6b75045beaa424d83dbd0e8f63c9302c415b8e4174eefaf7562,iast,surface_word,data/representations/gretil/iast/surface_word/1_veda/2_bra/satapath/sb_08_u.txt,58495bfe0d11a6b75045beaa424d83dbd0e8f63c9302c415b8e4174eefaf7562,128432,107276,3183,,,0,
9c515ca46ad8f9fca7e879c0a1617207bf5ccf3df21930aaa0995227c3942c40,1_veda/2_bra/satapath/sb_09_u.txt,8676a4907d13de19973a34fe9d4283d03cc1bf6f4a6da431d78bc3adad22bd1f,iast,surface_word,data/representations/gretil/iast/surface_word/1_veda/2_bra/satapath/sb_09_u.txt,8676a4907d13de19973a34fe9d4283d03cc1bf6f4a6da431d78bc3adad22bd1f,107326,90541,2699,,,0,
9c515ca46ad8f9fca7e879c0a1617207bf5ccf3df21930aaa0995227c3942c40,1_veda/2_bra/satapath/sb_10_u.txt,4455af8c6424dfb56df0ae5f92e9e773aeae22359e1e4ffe36fa388d13719aa5,iast,surface_word,data/representations/gretil/iast/surface_word/1_veda/2_bra/satapath/sb_10_u.txt,4455af8c6424dfb56df0ae5f92e9e773aeae22359e1e4ffe36fa388d13719aa5,102857,85575,2581,,,0,
9c515ca46ad8f9fca7e879c0a1617207bf5ccf3df21930aaa0995227c3942c40,1_veda/2_bra/satapath/sb_11_u.txt,e80fda09c1a3dc5387e1257b2aad918f8ad9f262f571a843be1cda074f3fde9d,iast,surface_word,data/representations/gretil/iast/surface_word/1_veda/2_bra/satapath/sb_11_u.txt,e80fda09c1a3dc5387e1257b2aad918f8ad9f262f571a843be1cda074f3fde9d,109561,91518,2813,,,0,
9c515ca46ad8f9fca7e879c0a1617207bf5ccf3df21930aaa0995227c3942c40,1_veda/2_bra/satapath/sb_13_u.txt,f444a0f1d5c4ad633e04532851ff6f28012b2273b81ac54bff39cb7e7b8ae183,iast,surface_word,data/representations/gretil/iast/surface_word/1_veda/2_bra/satapath/sb_13_u.txt,f444a0f1d5c4ad633e04532851ff6f28012b2273b81ac54bff39cb7e7b8ae183,106284,88989,2717,,,0,
9c515ca46ad8f9fca7e879c0a1617207bf5ccf3df21930aaa0995227c3942c40,1_veda/2_bra/satapath/sb_14_u.txt,eb023adb00545d45c02168e0fa3a5bbc56ad9e28eaf6a4b07103fd236682ee01,iast,surface_word,data/representations/gretil/iast/surface_word/1_veda/2_bra/satapath/sb_14_u.txt,eb023adb00545d45c02168e0fa3a5bbc56ad9e28eaf6a4b07103fd236682ee01,185548,155860,4877,,,0,
9c515ca46ad8f9fca7e879c0a1617207bf5ccf3df21930aaa0995227c3942c40,1_veda/3_ara/sankharu.txt,3242fe23dade298fa771bceb5672a9a0f06a1ec038c3a64ca4645f1eb8580170,iast,surface_word,data/representations/gretil/iast/surface_word/1_veda/3_ara/sankharu.txt,3242fe23dade298fa771bceb5672a9a0f06a1ec038c3a64ca4645f1eb8580170,101458,84213,350,,,0,
9c515ca46ad8f9fca7e879c0a1617207bf5ccf3df21930aaa0995227c3942c40,1_veda/4_upa/aitup__u.txt,f13df975f12bff3a12eaa3930416492fdccc7de0d40a9786ab3eb21bb4f14925,iast,surface_word,data/representations/gretil/iast/surface_word/1_veda/4_upa/aitup__u.txt,f13df975f12bff3a12eaa3930416492fdccc7de0d40a9786ab3eb21bb4f14925,6806,5714,285,,,0,
9c515ca46ad8f9fca7e879c0a1617207bf5ccf3df21930aaa0995227c3942c40,1_veda/4_upa/brup___u.txt,7b2c09575b45cbf77f9d9ebc41644ef9584253d927cea93a95b38278d22906d2,iast,surface_word,data/representations/gretil/iast/surface_word/1_veda/4_upa/brup___u.txt,7b2c09575b45cbf77f9d9ebc41644ef9584253d927cea93a95b38278d22906d2,146455,123429,5435,,,0,
9c515ca46ad8f9fca7e879c0a1617207bf5ccf3df21930aaa0995227c3942c40,1_veda/4_upa/chup___u.txt,359c2d6376c5c24df79bde22d6b23700abcc1c836eadaf8fbc5f07fa3d3757b9,iast,surface_word,data/representations/gretil/iast/surface_word/1_veda/4_upa/chup___u.txt,359c2d6376c5c24df79bde22d6b23700abcc1c836eadaf8fbc5f07fa3d3757b9,124450,105547,5017,,,0,
9c515ca46ad8f9fca7e879c0a1617207bf5ccf3df21930aaa0995227c3942c40,1_veda/4_upa/isup___u.txt,c89d4066216fbc9b159e2f6fc60e56b3b097103203f498002b687cfd10ca7739,iast,surface_word,data/representations/gretil/iast/surface_word/1_veda/4_upa/isup___u.txt,c89d4066216fbc9b159e2f6fc60e56b3b097103203f498002b687cfd10ca7739,2258,1915,71,,,0,
9c515ca46ad8f9fca7e879c0a1617207bf5ccf3df21930aaa0995227c3942c40,1_veda/4_upa/kathop_u.txt,65889f708701d9fa05c4915204b307c43a2c5fd66af6f29fcc275ebecc884d3f,iast,surface_word,data/representations/gretil/iast/surface_word/1_veda/4_upa/kathop_u.txt,65889f708701d9fa05c4915204b307c43a2c5fd66af6f29fcc275ebecc884d3f,17066,14394,529,,,0,
9c515ca46ad8f9fca7e879c0a1617207bf5ccf3df21930aaa0995227c3942c40,1_veda/4_upa/mandup_u.txt,25d0fbc71b062246c119f7ed99de3cae5b6eb1fa3c65193d4667e94e682d0b64,iast,surface_word,data/representations/gretil/iast/surface_word/1_veda/4_upa/mandup_u.txt,25d0fbc71b062246c119f7ed99de3cae5b6eb1fa3c65193d4667e94e682d0b64,1893,1572,47,,,0,
9c515ca46ad8f9fca7e879c0a1617207bf5ccf3df21930aaa0995227c3942c40,1_veda/4_upa/prasup_u.txt,5eeb79a9938a34aa36c79d2bbb1ee3cd43b20668793f15b091b89fcf44c10030,iast,surface_word,data/representations/gretil/iast/surface_word/1_veda/4_upa/prasup_u.txt,5eeb79a9938a34aa36c79d2bbb1ee3cd43b20668793f15b091b89fcf44c10030,13162,10982,505,,,0,
9c515ca46ad8f9fca7e879c0a1617207bf5ccf3df21930aaa0995227c3942c40,1_veda/4_upa/svetu_pu.txt,dca6f9592ffe9c5e7179a405faba0c3b248603ea7f7584696260e457b16f7978,iast,surface_word,data/representations/gretil/iast/surface_word/1_veda/4_upa/svetu_pu.txt,dca6f9592ffe9c5e7179a405faba0c3b248603ea7f7584696260e457b16f7978,17181,14174,465,,,0,
9c515ca46ad8f9fca7e879c0a1617207bf5ccf3df21930aaa0995227c3942c40,1_veda/5_vedang/1_srauta/apsulb_u.txt,12b5568f5cc977c2d421db31a8ebfc54f741c250562ff06887fd0a5a37b97ae7,iast,surface_word,data/representations/gretil/iast/surface_word/1_veda/5_vedang/1_srauta/apsulb_u.txt,12b5568f5cc977c2d421db31a8ebfc54f741c250562ff06887fd0a5a37b97ae7,26418,21465,601,,,0,
9c515ca46ad8f9fca7e879c0a1617207bf5ccf3df21930aaa0995227c3942c40,1_veda/5_vedang/1_srauta/asvss_u.txt,49b075db90833ce4b84c65f725222c4378be657296b085e66abeeb1f57c4c6ae,iast,surface_word,data/representations/gretil/iast/surface_word/1_veda/5_vedang/1_srauta/asvss_u.txt,49b075db90833ce4b84c65f725222c4378be657296b085e66abeeb1f57c4c6ae,258575,220118,5993,,,0,
9c515ca46ad8f9fca7e879c0a1617207bf5ccf3df21930aaa0995227c3942c40,1_veda/5_vedang/1_srauta/sankhssu.txt,d15ca711d9d51e51d61c6473a95a5bcfe9d8fe9d3a1dfc9afb3e48de3cfde08d,iast,surface_word,data/representations/gretil/iast/surface_word/1_veda/5_vedang/1_srauta/sankhssu.txt,d15ca711d9d51e51d61c6473a95a5bcfe9d8fe9d3a1dfc9afb3e48de3cfde08d,355214,303736,10739,,,0,
9c515ca46ad8f9fca7e879c0a1617207bf5ccf3df21930aaa0995227c3942c40,1_veda/5_vedang/1_srauta/vaitss_u.txt,f988a3fae41fa217dc419f7acb95a9dd5ccd68d81cb2a629e66f20715d2cee88,iast,surface_word,data/representations/gretil/iast/surface_word/1_veda/5_vedang/1_srauta/vaitss_u.txt,f988a3fae41fa217dc419f7acb95a9dd5ccd68d81cb2a629e66f20715d2cee88,84832,70793,1931,,,0,
9c515ca46ad8f9fca7e879c0a1617207bf5ccf3df21930aaa0995227c3942c40,1_veda/5_vedang/2_grhya/asvgs_u.txt,50f2f03ea2bd21e72590354c4c2c23220e2009bd56023e9422bc9a19db979e39,iast,surface_word,data/representations/gretil/iast/surface_word/1_veda/5_vedang/2_grhya/asvgs_u.txt,50f2f03ea2bd21e72590354c4c2c23220e2009bd56023e9422bc9a19db979e39,61109,52173,1521,,,0,
9c515ca46ad8f9fca7e879c0a1617207bf5ccf3df21930aaa0995227c3942c40,1_veda/5_vedang/2_grhya/jaimigsu.txt,62fafe36f02d40fc3254268b1f79ed7fd30293bb0951fd01367a094b1f73f559,iast,surface_word,data/representations/gretil/iast/surface_word/1_veda/5_vedang/2_grhya/jaimigsu.txt,62fafe36f02d40fc3254268b1f79ed7fd30293bb0951fd01367a094b1f73f559,58193,47226,365,,,0,
9c515ca46ad8f9fca7e879c0a1617207bf5ccf3df21930aaa0995227c3942c40,1_veda/5_vedang/2_grhya/kaussu_u.txt,e20e7d54e7fd4cb3f83e937687da2fd41bd73d1747e8b2a2a715972164f68e13,iast,surface_word,data/representations/gretil/iast/surface_word/1_veda/5_vedang/2_grhya/kaussu_u.txt,e20e7d54e7fd4cb3f83e937687da2fd41bd73d1747e8b2a2a715972164f68e13,198779,163855,6103,,,0,
9c515ca46ad8f9fca7e879c0a1617207bf5ccf3df21930aaa0995227c3942c40,1_veda/5_vedang/2_grhya/kauthgsu.txt,c0630b759e976595e9e63e759e85fdf99de01d5cf3d36ca426600adc74136482,iast,surface_word,data/representations/gretil/iast/surface_word/1_veda/5_vedang/2_grhya/kauthgsu.txt,c0630b759e976595e9e63e759e85fdf99de01d5cf3d36ca426600adc74136482,31722,25479,103,,,0,
9c515ca46ad8f9fca7e879c0a1617207bf5ccf3df21930aaa0995227c3942c40,1_veda/5_vedang/2_grhya/manavgsu.txt,7863702661ddb3d0bf7b79347dc98e60283a15a76c47b5cd2b1ab3c9ec2e2ba6,iast,surface_word,data/representations/gretil/iast/surface_word/1_veda/5_vedang/2_grhya/manavgsu.txt,7863702661ddb3d0bf7b79347dc98e60283a15a76c47b5cd2b1ab3c9ec2e2ba6,72778,59415,2099,,,0,
9c515ca46ad8f9fca7e879c0a1617207bf5ccf3df21930aaa0995227c3942c40,1_veda/5_vedang/2_grhya/sankhgsu.txt,2e7b593b9e0e5bcd0a82aba5d5847a8e68c62a88553ff11e97aab0730733f39c,iast,surface_word,data/representations/gretil/iast/surface_word/1_veda/5_vedang/2_grhya/sankhgsu.txt,2e7b593b9e0e5bcd0a82aba5d5847a8e68c62a88553ff11e97aab0730733f39c,74620,63581,2397,,,0,
9c515ca46ad8f9fca7e879c0a1617207bf5ccf3df21930aaa0995227c3942c40,1_veda/5_vedang/2_grhya/vargs_u.txt,04878a4540947b834d08fdcdc85f09d2e965ecb4fc8ec276fe380a111daf5eee,iast,surface_word,data/representations/gretil/iast/surface_word/1_veda/5_vedang/2_grhya/vargs_u.txt,04878a4540947b834d08fdcdc85f09d2e965ecb4fc8ec276fe380a111daf5eee,42522,35091,1421,,,0,
9c515ca46ad8f9fca7e879c0a1617207bf5ccf3df21930aaa0995227c3942c40,1_veda/5_vedang/2_paris/avpari_u.txt,78d96955cf6dc5342ff83d3fb0a76c062da5f8caf45352afb549c7c972847535,iast,surface_word,data/representations/gretil/iast/surface_word/1_veda/5_vedang/2_paris/avpari_u.txt,78d96955cf6dc5342ff83d3fb0a76c062da5f8caf45352afb549c7c972847535,425222,348302,7589,,,0,
9c515ca46ad8f9fca7e879c0a1617207bf5ccf3df21930aaa0995227c3942c40,1_veda/5_vedang/2_paris/avpray_u.txt,51d8ba5178d0fba8293dccefc506a88fe787ad2617dc913e338d21b8709e42be,iast,surface_word,data/representations/gretil/iast/surface_word/1_veda/5_vedang/2_paris/avpray_u.txt,51d8ba5178d0fba8293dccefc506a88fe787ad2617dc913e338d21b8709e42be,68946,57385,1683,,,0,
9c515ca46ad8f9fca7e879c0a1617207bf5ccf3df21930aaa0995227c3942c40,1_veda/5_vedang/3_pratis/rgvidh_u.txt,f8fec2f580cedf759814ac3c7e2fee40e1643f61ae51040766ba1fd751fd1331,iast,surface_word,data/representations/gretil/iast/surface_word/1_veda/5_vedang/3_pratis/rgvidh_u.txt,f8fec2f580cedf759814ac3c7e2fee40e1643f61ae51040766ba1fd751fd1331,107827,95777,2995,,,0,
9c515ca46ad8f9fca7e879c0a1617207bf5ccf3df21930aaa0995227c3942c40,2_epic/mbh/ext/hv_apppu.txt,4c73c70c292971bd0e0330381f737ad5b9476bd6434710fe65439c261bc2888d,iast,surface_word,data/representations/gretil/iast/surface_word/2_epic/mbh/ext/hv_apppu.txt,4c73c70c292971bd0e0330381f737ad5b9476bd6434710fe65439c261bc2888d,1350880,1113147,46932,,,0,
9c515ca46ad8f9fca7e879c0a1617207bf5ccf3df21930aaa0995227c3942c40,2_epic/mbh/ext/hv_conpu.txt,be1e8fa95826ae19549045eb3925b7b751bf522c0727c5aeacd9caee97c69ff6,iast,surface_word,data/representations/gretil/iast/surface_word/2_epic/mbh/ext/hv_conpu.txt,be1e8fa95826ae19549045eb3925b7b751bf522c0727c5aeacd9caee97c69ff6,1012672,832424,34287,,,0,
9c515ca46ad8f9fca7e879c0a1617207bf5ccf3df21930aaa0995227c3942c40,2_epic/mbh/mbh_01_u.txt,6f6efe727744daabc20ce809610b88a38d4a53ce0a5481688976db7a1a298113,iast,surface_word,data/representations/gretil/iast/surface_word/2_epic/mbh/mbh_01_u.txt,6f6efe727744daabc20ce809610b88a38d4a53ce0a5481688976db7a1a298113,1467002,1195094,52585,,,0,
9c515ca46ad8f9fca7e879c0a1617207bf5ccf3df21930aaa0995227c3942c40,2_epic/mbh/mbh_02_u.txt,8ce1d03a0c6c1182a12dbc33131b9d77a34a73c98e68d8eae480be1d7aa17fc8,iast,surface_word,data/representations/gretil/iast/surface_word/2_epic/mbh/mbh_02_u.txt,8ce1d03a0c6c1182a12dbc33131b9d77a34a73c98e68d8eae480be1d7aa17fc8,590108,478677,21019,,,0,
9c515ca46ad8f9fca7e879c0a1617207bf5ccf3df21930aaa0995227c3942c40,2_epic/mbh/mbh_03_u.txt,3bb224727af921a3d0e5effa7b45a4c6b83698825d58c4943bf8e0ff08bf52e4,iast,surface_word,data/representations/gretil/iast/surface_word/2_epic/mbh/mbh_03_u.txt,3bb224727af921a3d0e5effa7b45a4c6b83698825d58c4943bf8e0ff08bf52e4,1528809,1250869,54413,,,0,
9c515ca46ad8f9fca7e879c0a1617207bf5ccf3df21930aaa0995227c3942c40,2_epic/mbh/mbh_04_u.txt,b912f2b7676c93c92391fc458e85db16b9976fdcaa253a93f1ff541b4b11d83b,iast,surface_word,data/representations/gretil/iast/surface_word/2_epic/mbh/mbh_04_u.txt,b912f2b7676c93c92391fc458e85db16b9976fdcaa253a93f1ff541b4b11d83b,556091,451126,20519,,,0,
9c515ca46ad8f9fca7e879c0a1617207bf5ccf3df21930aaa0995227c3942c40,2_epic/mbh/mbh_05_u.txt,5305b06e43160b197a9ae157a5cf6f0bffd4c09d066a40774f28daad80e7e41b,iast,surface_word,data/representations/gretil/iast/surface_word/2_epic/mbh/mbh_05_u.txt,5305b06e43160b197a9ae157a5cf6f0bffd4c09d066a40774f28daad80e7e41b,859274,701711,29765,,,0,
9c515ca46ad8f9fca7e879c0a1617207bf5ccf3df21930aaa0995227c3942c40,2_epic/mbh/mbh_06_u.txt,7402fda9ec97f8e37e984f06ae768a19bb807801f2a1a0cbbdc8c64b3f58115b,iast,surface_word,data/representations/gretil/iast/surface_word/2_epic/mbh/mbh_06_u.txt,7402fda9ec97f8e37e984f06ae768a19bb807801f2a1a0cbbdc8c64b3f58115b,752638,612406,26347,,,0,
9c515ca46ad8f9fca7e879c0a1617207bf5ccf3df21930aaa0995227c3942c40,2_epic/mbh/mbh_07_u.txt,fae85008bdb1fa638d3eec3880b4cfd13377acb0b8779e896500e8b53c226183,iast,surface_word,data/representations/gretil/iast/surface_word/2_epic/mbh/mbh_07_u.txt,fae85008bdb1fa638d3eec3880b4cfd13377acb0b8779e896500e8b53c226183,1280727,1041852,44801,,,0,
9c515ca46ad8f9fca7e879c0a1617207bf5ccf3df21930aaa0995227c3942c40,2_epic/mbh/mbh_08_u.txt,a8129627d48dc86d89709ed80f0997b7ed75465257f765a96c7a057bd3388c75,iast,surface_word,data/representations/gretil/iast/surface_word/2_epic/mbh/mbh_08_u.txt,a8129627d48dc86d89709ed80f0997b7ed75465257f765a96c7a057bd3388c75,752272,612490,26519,,,0,
9c515ca46ad8f9fca7e879c0a1617207bf5ccf3df21930aaa0995227c3942c40,2_epic/mbh/mbh_09_u.txt,7a00866c366cc38e0332db6f9bcd67a8b49c8c471b34e88dbfeef545651a86a8,iast,surface_word,data/representations/gretil/iast/surface_word/2_epic/mbh/mbh_09_u.txt,7a00866c366cc38e0332db6f9bcd67a8b49c8c471b34e88dbfeef545651a86a8,461607,376421,16241,,,0,
9c515ca46ad8f9fca7e879c0a1617207bf5ccf3df21930aaa0995227c3942c40,2_epic/mbh/mbh_10_u.txt,ec7a6ec03618bd1ae268c9e432b3471b66016cbad7aec8b67d0217ed86e901fb,iast,surface_word,data/representations/gretil/iast/surface_word/2_epic/mbh/mbh_10_u.txt,ec7a6ec03618bd1ae268c9e432b3471b66016cbad7aec8b67d0217ed86e901fb,103577,84843,3591,,,0,
9c515ca46ad8f9fca7e879c0a1617207bf5ccf3df21930aaa0995227c3942c40,2_epic/mbh/mbh_11_u.txt,6d71e5ebd3b41a8e77926414f23a396ff8e17d1826500eca7e64cc674c9bec53,iast,surface_word,data/representations/gretil/iast/surface_word/2_epic/mbh/mbh_11_u.txt,6d71e5ebd3b41a8e77926414f23a396ff8e17d1826500eca7e64cc674c9bec53,100425,81393,3587,,,0,
9c515ca46ad8f9fca7e879c0a1617207bf5ccf3df21930aaa0995227c3942c40,2_epic/mbh/mbh_12_u.txt,476cd987492e35941130b9c72988d9e5bdd1c81e821ceb97ca7250ee8f77ef9a,iast,surface_word,data/representations/gretil/iast/surface_word/2_epic/mbh/mbh_12_u.txt,476cd987492e35941130b9c72988d9e5bdd1c81e821ceb97ca7250ee8f77ef9a,1934415,1592385,68321,,,0,
9c515ca46ad8f9fca7e879c0a1617207bf5ccf3df21930aaa0995227c3942c40,2_epic/mbh/mbh_13_u.txt,2a6cc3a0a9e8d92b7fcabac9b5f4063cf6a9e0c0634dce68cc532cda6705163d,iast,surface_word,data/representations/gretil/iast/surface_word/2_epic/mbh/mbh_13_u.txt,2a6cc3a0a9e8d92b7fcabac9b5f4063cf6a9e0c0634dce68cc532cda6705163d,1483877,1213181,53619,,,0,
9c515ca46ad8f9fca7e879c0a1617207bf5ccf3df21930aaa0995227c3942c40,2_epic/mbh/mbh_14_u.txt,965e6c6dca5395b0b7ecd9d20dd03c513ffb4ccaeb9ca54d24f9cf4167dd39be,iast,surface_word,data/representations/gretil/iast/surface_word/2_epic/mbh/mbh_14_u.txt,965e6c6dca5395b0b7ecd9d20dd03c513ffb4ccaeb9ca54d24f9cf4167dd39be,557053,457137,19929,,,0,
9c515ca46ad8f9fca7e879c0a1617207bf5ccf3df21930aaa0995227c3942c40,2_epic/mbh/mbh_15_u.txt,bd3c1d493237fb5b290d7b8af0c9ad2819f957c5427937ba991a926702cd3116,iast,surface_word,data/representations/gretil/iast/surface_word/2_epic/mbh/mbh_15_u.txt,bd3c1d493237fb5b290d7b8af0c9ad2819f957c5427937ba991a926702cd3116,137182,111609,4859,,,0,
9c515ca46ad8f9fca7e879c0a1617207bf5ccf3df21930aaa0995227c3942c40,2_epic/mbh/mbh_16_u.txt,1c95ae89bdbfcf2343bdde1b37453debffd4bfe571da867e621cdf23647ffff9,iast,surface_word,data/representations/gretil/iast/surface_word/2_epic/mbh/mbh_16_u.txt,1c95ae89bdbfcf2343bdde1b37453debffd4bfe571da867e621cdf23647ffff9,41094,33263,1425,,,0,
9c515ca46ad8f9fca7e879c0a1617207bf5ccf3df21930aaa0995227c3942c40,2_epic/mbh/mbh_17_u.txt,6638204eae6d9e28b14b71e1b4b2e7ad6ca9c39671708f653facc2ae7d3ed397,iast,surface_word,data/representations/gretil/iast/surface_word/2_epic/mbh/mbh_17_u.txt,6638204eae6d9e28b14b71e1b4b2e7ad6ca9c39671708f653facc2ae7d3ed397,15177,12440,541,,,0,
9c515ca46ad8f9fca7e879c0a1617207bf5ccf3df21930aaa0995227c3942c40,2_epic/mbh/mbh_18_u.txt,4744f29ecb8431204b4749b3e683158a808adb6db31af6addfc3be07559d3567,iast,surface_word,data/representations/gretil/iast/surface_word/2_epic/mbh/mbh_18_u.txt,4744f29ecb8431204b4749b3e683158a808adb6db31af6addfc3be07559d3567,37041,30188,1315,,,0,
9c515ca46ad8f9fca7e879c0a1617207bf5ccf3df21930aaa0995227c3942c40,2_epic/ramayana/ram_01_u.txt,bd494face7a4cbc08c25af52d5ceae358463be85a5e02ec35b3ff728c6f9da9e,iast,surface_word,data/representations/gretil/iast/surface_word/2_epic/ramayana/ram_01_u.txt,bd494face7a4cbc08c25af52d5ceae358463be85a5e02ec35b3ff728c6f9da9e,223099,182120,7885,,,0,
9c515ca46ad8f9fca7e879c0a1617207bf5ccf3df21930aaa0995227c3942c40,2_epic/ramayana/ram_02_u.txt,e07cd7f334c37d4a2afe643f30b1c5080a571627582d3b2c66f916087217bad7,iast,surface_word,data/representations/gretil/iast/surface_word/2_epic/ramayana/ram_02_u.txt,e07cd7f334c37d4a2afe643f30b1c5080a571627582d3b2c66f916087217bad7,370459,303458,12817,,,0,
9c515ca46ad8f9fca7e879c0a1617207bf5ccf3df21930aaa0995227c3942c40,2_epic/ramayana/ram_03_u.txt,17ae70e0fa850d83d4d6237f413ad8d8de7d2c1b4a3d458e3e3a150d8198de26,iast,surface_word,data/representations/gretil/iast/surface_word/2_epic/ramayana/ram_03_u.txt,17ae70e0fa850d83d4d6237f413ad8d8de7d2c1b4a3d458e3e3a150d8198de26,244277,197287,8417,,,0,
9c515ca46ad8f9fca7e879c0a1617207bf5ccf3df21930aaa0995227c3942c40,2_epic/ramayana/ram_04_u.txt,a7530e62378426747cbb84f8679ac7957623ddf19181bc8109b891b7e2f547be,iast,surface_word,data/representations/gretil/iast/surface_word/2_epic/ramayana/ram_04_u.txt,a7530e62378426747cbb84f8679ac7957623ddf19181bc8109b891b7e2f547be,231932,188478,8033,,,0,
9c515ca46ad8f9fca7e879c0a1617207bf5ccf3df21930aaa0995227c3942c40,2_epic/ramayana/ram_05_u.txt,b12fa1e88108e4e73080dcea087be8c719032ab9189025e2add7f1f7903b55e8,iast,surface_word,data/representations/gretil/iast/surface_word/2_epic/ramayana/ram_05_u.txt,b12fa1e88108e4e73080dcea087be8c719032ab9189025e2add7f1f7903b55e8,296631,240227,10083,,,0,
9c515ca46ad8f9fca7e879c0a1617207bf5ccf3df21930aaa0995227c3942c40,2_epic/ramayana/ram_06_u.txt,c9057008c87aa3df0287bca988fdc7fdd8a8317c76927c9329dc33f0f6bd3029,iast,surface_word,data/representations/gretil/iast/surface_word/2_epic/ramayana/ram_06_u.txt,c9057008c87aa3df0287bca988fdc7fdd8a8317c76927c9329dc33f0f6bd3029,525673,425866,17957,,,0,
9c515ca46ad8f9fca7e879c0a1617207bf5ccf3df21930aaa0995227c3942c40,2_epic/ramayana/ram_07_u.txt,884df140e7ab95e096362d9eb76e1d649b9a59b0042bfc233d67f73da2bd3d10,iast,surface_word,data/representations/gretil/iast/surface_word/2_epic/ramayana/ram_07_u.txt,884df140e7ab95e096362d9eb76e1d649b9a59b0042bfc233d67f73da2bd3d10,310874,253836,10877,,,0,
9c515ca46ad8f9fca7e879c0a1617207bf5ccf3df21930aaa0995227c3942c40,3_purana/agp_bi_u.txt,d4bf2940b621c99841ef4bf4ca800972d530603379fca3c00b289be9e4c21e15,iast,surface_word,data/representations/gretil/iast/surface_word/3_purana/agp_bi_u.txt,d4bf2940b621c99841ef4bf4ca800972d530603379fca3c00b289be9e4c21e15,1628744,1326184,57420,,,0,
9c515ca46ad8f9fca7e879c0a1617207bf5ccf3df21930aaa0995227c3942c40,3_purana/bhagp/bhp_01u.txt,1c5c930e32274cc6c376c16c9d1a5da4f1564c4bc024eee740b8344944395794,iast,surface_word,data/representations/gretil/iast/surface_word/3_purana/bhagp/bhp_01u.txt,1c5c930e32274cc6c376c16c9d1a5da4f1564c4bc024eee740b8344944395794,102135,83456,3459,,,0,
9c515ca46ad8f9fca7e879c0a1617207bf5ccf3df21930aaa0995227c3942c40,3_purana/bhagp/bhp_02u.txt,36cd654bfe692a6a524f6bf02b3ef49acec6d0006bf415598bb6659fc60dd025,iast,surface_word,data/representations/gretil/iast/surface_word/3_purana/bhagp/bhp_02u.txt,36cd654bfe692a6a524f6bf02b3ef49acec6d0006bf415598bb6659fc60dd025,52275,43007,1835,,,0,
9c515ca46ad8f9fca7e879c0a1617207bf5ccf3df21930aaa0995227c3942c40,3_purana/bhagp/bhp_03u.txt,bfb5a2e8a962704b37afe528a0b3dd9130fb0ad46ffc19f13b0dc47c26f5d52e,iast,surface_word,data/representations/gretil/iast/surface_word/3_purana/bhagp/bhp_03u.txt,bfb5a2e8a962704b37afe528a0b3dd9130fb0ad46ffc19f13b0dc47c26f5d52e,186238,153791,6413,,,0,
9c515ca46ad8f9fca7e879c0a1617207bf5ccf3df21930aaa0995227c3942c40,3_purana/bhagp/bhp_04u.txt,c35f0f822813813cb3645b2ccc1b50cf86146f2bf85aa13a606beea0a87e7c69,iast,surface_word,data/representations/gretil/iast/surface_word/3_purana/bhagp/bhp_04u.txt,c35f0f822813813cb3645b2ccc1b50cf86146f2bf85aa13a606beea0a87e7c69,188402,155311,6349,,,0,
9c515ca46ad8f9fca7e879c0a1617207bf5ccf3df21930aaa0995227c3942c40,3_purana/bhagp/bhp_05u.txt,2c3d9fc1f21cf7eda5dc8980d1fcd26c2821d8c71e02f4eb4e49b9fcc0da09d5,iast,surface_word,data/representations/gretil/iast/surface_word/3_purana/bhagp/bhp_05u.txt,2c3d9fc1f21cf7eda5dc8980d1fcd26c2821d8c71e02f4eb4e49b9fcc0da09d5,135500,113230,1953,,,0,
9c515ca46ad8f9fca7e879c0a1617207bf5ccf3df21930aaa0995227c3942c40,3_purana/bhagp/bhp_06u.txt,a22a83fa6331b084dc25d7cd5687adc9a9ac7274fca14488a88196af01a901ca,iast,surface_word,data/representations/gretil/iast/surface_word/3_purana/bhagp/bhp_06u.txt,a22a83fa6331b084dc25d7cd5687adc9a9ac7274fca14488a88196af01a901ca,106925,87435,3667,,,0,
9c515ca46ad8f9fca7e879c0a1617207bf5ccf3df21930aaa0995227c3942c40,3_purana/bhagp/bhp_07u.txt,986686390c9b96388f5455f69cc62a65b2862fbd9bdaa0411dc7932287077e9a,iast,surface_word,data/representations/gretil/iast/surface_word/3_purana/bhagp/bhp_07u.txt,986686390c9b96388f5455f69cc62a65b2862fbd9bdaa0411dc7932287077e9a,95343,78356,3425,,,0,
9c515ca46ad8f9fca7e879c0a1617207bf5ccf3df21930aaa0995227c3942c40,3_purana/bhagp/bhp_08u.txt,2b1ac661ca2c32343311a129538584f8985ca496d963f749d9757e86ef82c2be,iast,surface_word,data/representations/gretil/iast/surface_word/3_purana/bhagp/bhp_08u.txt,2b1ac661ca2c32343311a129538584f8985ca496d963f749d9757e86ef82c2be,117947,96590,4069,,,0,
9c515ca46ad8f9fca7e879c0a1617207bf5ccf3df21930aaa0995227c3942c40,3_purana/bhagp/bhp_09u.txt,2f8c8bfb3bd0c3bf698938f8326080876fa9953efcfa5a999ed05a63c3560a49,iast,surface_word,data/representations/gretil/iast/surface_word/3_purana/bhagp/bhp_09u.txt,2f8c8bfb3bd0c3bf698938f8326080876fa9953efcfa5a999ed05a63c3560a49,114534,93558,4115,,,0,
9c515ca46ad8f9fca7e879c0a1617207bf5ccf3df21930aaa0995227c3942c40,3_purana/bhagp/bhp_10u.txt,962182efb2033378f6a434bbe9ceb4daa06326c3b9f0341091942de85a18d1b0,iast,surface_word,data/representations/gretil/iast/surface_word/3_purana/bhagp/bhp_10u.txt,962182efb2033378f6a434bbe9ceb4daa06326c3b9f0341091942de85a18d1b0,518478,424782,18121,,,0,
9c515ca46ad8f9fca7e879c0a1617207bf5ccf3df21930aaa0995227c3942c40,3_purana/bhagp/bhp_11u.txt,849db842737fbb38c868faa43aa292b70c77218595108f90b2772ffe9a5015d1,iast,surface_word,data/representations/gretil/iast/surface_word/3_purana/bhagp/bhp_11u.txt,849db842737fbb38c868faa43aa292b70c77218595108f90b2772ffe9a5015d1,173175,142873,6071,,,0,
9c515ca46ad8f9fca7e879c0a1617207bf5ccf3df21930aaa0995227c3942c40,3_purana/bhagp/bhp_12u.txt,303469b78c1fbb65040c9896fa562a4fcae1ba58b561a975305feb6ba5666c21,iast,surface_word,data/representations/gretil/iast/surface_word/3_purana/bhagp/bhp_12u.txt,303469b78c1fbb65040c9896fa562a4fcae1ba58b561a975305feb6ba5666c21,71698,58697,2485,,,0,
9c515ca46ad8f9fca7e879c0a1617207bf5ccf3df21930aaa0995227c3942c40,3_purana/brahmap/brahmppu.txt,fa09efff7d58519f4e4b0daab954fb128434f4512f34b8c219845675713a02a5,iast,surface_word,data/representations/gretil/iast/surface_word/3_purana/brahmap/brahmppu.txt,fa09efff7d58519f4e4b0daab954fb128434f4512f34b8c219845675713a02a5,1693816,1394909,58071,,,0,
9c515ca46ad8f9fca7e879c0a1617207bf5ccf3df21930aaa0995227c3942c40,3_purana/brndp1_u.txt,953e3f56855a22a7a263a8e45999e5b98cee2ecc29446fe4559d116d5db01aeb,iast,surface_word,data/representations/gretil/iast/surface_word/3_purana/brndp1_u.txt,953e3f56855a22a7a263a8e45999e5b98cee2ecc29446fe4559d116d5db01aeb,459426,374966,15447,,,0,
9c515ca46ad8f9fca7e879c0a1617207bf5ccf3df21930aaa0995227c3942c40,3_purana/brndp2_u.txt,cfefdcbdd4c0e052e9e23627184f565ae800d5bf30644a7b47df9e09a7f35346,iast,surface_word,data/representations/gretil/iast/surface_word/3_purana/brndp2_u.txt,cfefdcbdd4c0e052e9e23627184f565ae800d5bf30644a7b47df9e09a7f35346,705661,578344,23999,,,0,
9c515ca46ad8f9fca7e879c0a1617207bf5ccf3df21930aaa0995227c3942c40,3_purana/brndp3_u.txt,c45978812b3b54e708b386d90b5c7f4d7b249ef5a7e0a68efc374c24b46207ca,iast,surface_word,data/representations/gretil/iast/surface_word/3_purana/brndp3_u.txt,c45978812b3b54e708b386d90b5c7f4d7b249ef5a7e0a68efc374c24b46207ca,510398,416724,17438,,,0,
9c515ca46ad8f9fca7e879c0a1617207bf5ccf3df21930aaa0995227c3942c40,3_purana/garup1_u.txt,0af79a64cdb1ad5403dd074ae8d39df6ec2b63e2a45d8b8372547baa04fdaa06,iast,surface_word,data/representations/gretil/iast/surface_word/3_purana/garup1_u.txt,0af79a64cdb1ad5403dd074ae8d39df6ec2b63e2a45d8b8372547baa04fdaa06,964099,781868,32040,,,0,
9c515ca46ad8f9fca7e879c0a1617207bf5ccf3df21930aaa0995227c3942c40,3_purana/garup2_u.txt,0218196e45393bdf6583d50a847338b8a2aed33125d6afad300e32bd20de4c8d,iast,surface_word,data/representations/gretil/iast/surface_word/3_purana/garup2_u.txt,0218196e45393bdf6583d50a847338b8a2aed33125d6afad300e32bd20de4c8d,362924,298155,12265,,,0,
9c515ca46ad8f9fca7e879c0a1617207bf5ccf3df21930aaa0995227c3942c40,3_purana/garup3_u.txt,5cc48683991889152eda24eca9ac257a664fc404564438219187da1b97eac4ad,iast,surface_word,data/representations/gretil/iast/surface_word/3_purana/garup3_u.txt,5cc48683991889152eda24eca9ac257a664fc404564438219187da1b97eac4ad,284074,231498,8333,,,0,
9c515ca46ad8f9fca7e879c0a1617207bf5ccf3df21930aaa0995227c3942c40,3_purana/kurmp1_u.txt,78b75ec9b87a9ed031384d6ad2d9a176a045c51397b4bbc2f42ca0318c317b74,iast,surface_word,data/representations/gretil/iast/surface_word/3_purana/kurmp1_u.txt,78b75ec9b87a9ed031384d6ad2d9a176a045c51397b4bbc2f42ca0318c317b74,386344,315745,13523,,,0,
9c515ca46ad8f9fca7e879c0a1617207bf5ccf3df21930aaa0995227c3942c40,3_purana/kurmp2_u.txt,3fef885697b05f8610202240c80c1fe958f71d2f045f79c3e53082d6767e99bc,iast,surface_word,data/representations/gretil/iast/surface_word/3_purana/kurmp2_u.txt,3fef885697b05f8610202240c80c1fe958f71d2f045f79c3e53082d6767e99bc,332510,272986,11525,,,0,
9c515ca46ad8f9fca7e879c0a1617207bf5ccf3df21930aaa0995227c3942c40,3_purana/lip_1_pu.txt,4844e9cb03fd991a3420a20972782f054e2d9a3d4badbcd53e4141bbf00d0319,iast,surface_word,data/representations/gretil/iast/surface_word/3_purana/lip_1_pu.txt,4844e9cb03fd991a3420a20972782f054e2d9a3d4badbcd53e4141bbf00d0319,826613,676965,28021,,,0,
9c515ca46ad8f9fca7e879c0a1617207bf5ccf3df21930aaa0995227c3942c40,3_purana/lip_2__u.txt,5205343cb45ab69a16adcf73f66b5dd6866f41a1c3e3e799d8b4e32dec3d5e13,iast,surface_word,data/representations/gretil/iast/surface_word/3_purana/lip_2__u.txt,5205343cb45ab69a16adcf73f66b5dd6866f41a1c3e3e799d8b4e32dec3d5e13,288248,235073,9615,,,0,
9c515ca46ad8f9fca7e879c0a1617207bf5ccf3df21930aaa0995227c3942c40,3_purana/mkp1-93u.txt,bdc68f1a61af0b9449462c19c7466e87bf1ef6b74aee592c00b0a516bed49b87,iast,surface_word,data/representations/gretil/iast/surface_word/3_purana/mkp1-93u.txt,bdc68f1a61af0b9449462c19c7466e87bf1ef6b74aee592c00b0a516bed49b87,557580,459273,19957,,,0,
9c515ca46ad8f9fca7e879c0a1617207bf5ccf3df21930aaa0995227c3942c40,3_purana/mtp176pu.txt,18951fbdb7cfc432ebe5f3938ece4d28fab9b1984a708f78e0f6e2aa40032698,iast,surface_word,data/representations/gretil/iast/surface_word/3_purana/mtp176pu.txt,18951fbdb7cfc432ebe5f3938ece4d28fab9b1984a708f78e0f6e2aa40032698,1064575,877539,36531,,,0,
9c515ca46ad8f9fca7e879c0a1617207bf5ccf3df21930aaa0995227c3942c40,3_purana/nardp1_u.txt,7c3b97c27e7c410facd0d1b5021e7c0516cd1e26d677831faff4ffb9964da4c5,iast,surface_word,data/representations/gretil/iast/surface_word/3_purana/nardp1_u.txt,7c3b97c27e7c410facd0d1b5021e7c0516cd1e26d677831faff4ffb9964da4c5,1585084,1294655,53375,,,0,
9c515ca46ad8f9fca7e879c0a1617207bf5ccf3df21930aaa0995227c3942c40,3_purana/nardp2_u.txt,ea5d0413e80f758fbb89d321a549abca5e5065501f1bd07287ba117762cc54ca,iast,surface_word,data/representations/gretil/iast/surface_word/3_purana/nardp2_u.txt,ea5d0413e80f758fbb89d321a549abca5e5065501f1bd07287ba117762cc54ca,306723,251934,10297,,,0,
9c515ca46ad8f9fca7e879c0a1617207bf5ccf3df21930aaa0995227c3942c40,3_purana/narsippu.txt,51fc274020031db8d671560d694fa2c03bde95dd997996b023c8ead68c382bc9,iast,surface_word,data/representations/gretil/iast/surface_word/3_purana/narsippu.txt,51fc274020031db8d671560d694fa2c03bde95dd997996b023c8ead68c382bc9,450330,369384,14783,,,0,
9c515ca46ad8f9fca7e879c0a1617207bf5ccf3df21930aaa0995227c3942c40,3_purana/sivap1_u.txt,160fc9166c7d4a75d317fc03cf2ae38d344951c04f72bcac2a9c3acf4e6b1834,iast,surface_word,data/representations/gretil/iast/surface_word/3_purana/sivap1_u.txt,160fc9166c7d4a75d317fc03cf2ae38d344951c04f72bcac2a9c3acf4e6b1834,187302,151905,6385,,,0,
9c515ca46ad8f9fca7e879c0a1617207bf5ccf3df21930aaa0995227c3942c40,3_purana/sivap7_u.txt,58ce55a5c093824d90344ed21f8693aeb52411072909463cee6ebde69a8f6bfd,iast,surface_word,data/representations/gretil/iast/surface_word/3_purana/sivap7_u.txt,58ce55a5c093824d90344ed21f8693aeb52411072909463cee6ebde69a8f6bfd,506969,415384,17263,,,0,
9c515ca46ad8f9fca7e879c0a1617207bf5ccf3df21930aaa0995227c3942c40,3_purana/skp031pu.txt,ea671c586a2277c651a397be87dc26eb0b9f9ce4773ca0ce8135e4f8889cff0e,iast,surface_word,data/representations/gretil/iast/surface_word/3_purana/skp031pu.txt,ea671c586a2277c651a397be87dc26eb0b9f9ce4773ca0ce8135e4f8889cff0e,211579,175879,7553,,,0,
9c515ca46ad8f9fca7e879c0a1617207bf5ccf3df21930aaa0995227c3942c40,3_purana/skprevku.txt,b6d4a7f31eed336598b669ef9ba20fee50b1b3ef4262c65bf2c3179ad46a786d,iast,surface_word,data/representations/gretil/iast/surface_word/3_purana/skprevku.txt,b6d4a7f31eed336598b669ef9ba20fee50b1b3ef4262c65bf2c3179ad46a786d,816131,672660,28499,,,0,
9c515ca46ad8f9fca7e879c0a1617207bf5ccf3df21930aaa0995227c3942c40,3_purana/vamp__u.txt,c32043531099c2ed3806fe2e53eb546d2e16e902d0e1efa1803f746544d25f2a,iast,surface_word,data/representations/gretil/iast/surface_word/3_purana/vamp__u.txt,c32043531099c2ed3806fe2e53eb546d2e16e902d0e1efa1803f746544d25f2a,585203,482169,19245,,,0,
9c515ca46ad8f9fca7e879c0a1617207bf5ccf3df21930aaa0995227c3942c40,3_purana/vd2127_u.txt,552edb99fa834d5c74a1fe122caf63583f962ae5bdfb92e5cc1ef9786e00b56a,iast,surface_word,data/representations/gretil/iast/surface_word/3_purana/vd2127_u.txt,552edb99fa834d5c74a1fe122caf63583f962ae5bdfb92e5cc1ef9786e00b56a,6493,5482,217,,,0,
9c515ca46ad8f9fca7e879c0a1617207bf5ccf3df21930aaa0995227c3942c40,3_purana/vd3343pu.txt,b209e8a6de6dd617bb995bd1209bd066397b7e08604a9988f0a44c87bdaaf491,iast,surface_word,data/representations/gretil/iast/surface_word/3_purana/vd3343pu.txt,b209e8a6de6dd617bb995bd1209bd066397b7e08604a9988f0a44c87bdaaf491,45644,38122,2233,,,0,
9c515ca46ad8f9fca7e879c0a1617207bf5ccf3df21930aaa0995227c3942c40,3_purana/vipce_pu.txt,afad84225a31809c416d3987e22f7097cd47554976dccf9e3b100e07e91ef7d7,iast,surface_word,data/representations/gretil/iast/surface_word/3_purana/vipce_pu.txt,afad84225a31809c416d3987e22f7097cd47554976dccf9e3b100e07e91ef7d7,786591,652157,25837,,,0,
9c515ca46ad8f9fca7e879c0a1617207bf5ccf3df21930aaa0995227c3942c40,4_rellit/buddh/asmahsuu.txt,d5bf366938a43cec4f15c045028b18ca8fad8e6144bb217763f6f225f30d7a5e,iast,surface_word,data/representations/gretil/iast/surface_word/4_rellit/buddh/asmahsuu.txt,d5bf366938a43cec4f15c045028b18ca8fad8e6144bb217763f6f225f30d7a5e,370063,307603,5414,,,0,
9c515ca46ad8f9fca7e879c0a1617207bf5ccf3df21930aaa0995227c3942c40,4_rellit/buddh/avsata_u.txt,8830b2e0ed1af3359349504c6207a3a6fca6a35007a0105c6ef47efa88559878,iast,surface_word,data/representations/gretil/iast/surface_word/4_rellit/buddh/avsata_u.txt,8830b2e0ed1af3359349504c6207a3a6fca6a35007a0105c6ef47efa88559878,827968,679834,4089,,,0,
9c515ca46ad8f9fca7e879c0a1617207bf5ccf3df21930aaa0995227c3942c40,4_rellit/buddh/bhivin_u.txt,000628b742b7485c1c9812944eb3d628b82648d892ef068f464a14b4168ecc95,iast,surface_word,data/representations/gretil/iast/surface_word/4_rellit/buddh/bhivin_u.txt,000628b742b7485c1c9812944eb3d628b82648d892ef068f464a14b4168ecc95,463171,379778,3287,,,0,
9c515ca46ad8f9fca7e879c0a1617207bf5ccf3df21930aaa0995227c3942c40,4_rellit/buddh/divyav_u.txt,795f22048616d51c0473ed9e62eb93a9f739d0f0e008f8a942ffb4b32b1b2855,iast,surface_word,data/representations/gretil/iast/surface_word/4_rellit/buddh/divyav_u.txt,795f22048616d51c0473ed9e62eb93a9f739d0f0e008f8a942ffb4b32b1b2855,1482448,1222837,32839,,,0,
9c515ca46ad8f9fca7e879c0a1617207bf5ccf3df21930aaa0995227c3942c40,4_rellit/buddh/mhvastuu.txt,e2b66e763ee2037d55e826d6bacd8b34d4681476a8acd560a3115ca7af9e233c,iast,surface_word,data/representations/gretil/iast/surface_word/4_rellit/buddh/mhvastuu.txt,e2b66e763ee2037d55e826d6bacd8b34d4681476a8acd560a3115ca7af9e233c,1925730,1584681,27649,,,0,
9c515ca46ad8f9fca7e879c0a1617207bf5ccf3df21930aaa0995227c3942c40,4_rellit/buddh/srabhu_u.txt,cb9192ebbf0e7a993fa180a01e4f80881504e0b32d6420c6deba24d5bc48b5c3,iast,surface_word,data/representations/gretil/iast/surface_word/4_rellit/buddh/srabhu_u.txt,cb9192ebbf0e7a993fa180a01e4f80881504e0b32d6420c6deba24d5bc48b5c3,383193,320026,2864,,,0,
9c515ca46ad8f9fca7e879c0a1617207bf5ccf3df21930aaa0995227c3942c40,4_rellit/buddh/sukhvylu.txt,69c2ccbf9733fb7f13de2b0c5cb203a9c7fd3ea7e0df2913d3cb1399666da7e1,iast,surface_word,data/representations/gretil/iast/surface_word/4_rellit/buddh/sukhvylu.txt,69c2ccbf9733fb7f13de2b0c5cb203a9c7fd3ea7e0df2913d3cb1399666da7e1,100779,84856,3241,,,0,
9c515ca46ad8f9fca7e879c0a1617207bf5ccf3df21930aaa0995227c3942c40,4_rellit/buddh/sukhvysu.txt,81ac6abd8ba6f0460d1755bc41c7c66cee0da001baf65b44117652d7daffb781,iast,surface_word,data/representations/gretil/iast/surface_word/4_rellit/buddh/sukhvysu.txt,81ac6abd8ba6f0460d1755bc41c7c66cee0da001baf65b44117652d7daffb781,13567,11208,353,,,0,
9c515ca46ad8f9fca7e879c0a1617207bf5ccf3df21930aaa0995227c3942c40,4_rellit/buddh/udanav_u.txt,bf5aa1bad356df7bbb55b66e67d86df9cea0e8a870272cbb9f1132c5b0871603,iast,surface_word,data/representations/gretil/iast/surface_word/4_rellit/buddh/udanav_u.txt,bf5aa1bad356df7bbb55b66e67d86df9cea0e8a870272cbb9f1132c5b0871603,160405,142748,4275,,,0,
9c515ca46ad8f9fca7e879c0a1617207bf5ccf3df21930aaa0995227c3942c40,4_rellit/buddh/vimkn_u.txt,23849e383c196cf8410454c209bc0c8103bd5efc7af91c829899a08f39e9afc5,iast,surface_word,data/representations/gretil/iast/surface_word/4_rellit/buddh/vimkn_u.txt,23849e383c196cf8410454c209bc0c8103bd5efc7af91c829899a08f39e9afc5,152837,128237,1281,,,0,
9c515ca46ad8f9fca7e879c0a1617207bf5ccf3df21930aaa0995227c3942c40,4_rellit/buddh/vinsutru.txt,196bc0f28b7a7fd2b6f9b1084b8556180f564b373e2a35dbf255557d025ddd63,iast,surface_word,data/representations/gretil/iast/surface_word/4_rellit/buddh/vinsutru.txt,196bc0f28b7a7fd2b6f9b1084b8556180f564b373e2a35dbf255557d025ddd63,283239,232006,12732,,,0,
9c515ca46ad8f9fca7e879c0a1617207bf5ccf3df21930aaa0995227c3942c40,4_rellit/buddh/vinv01_u.txt,96214c70ad6ae7d46836e206912a6a77d4bafeffcd77e0cb4abb3b34e6138188,iast,surface_word,data/representations/gretil/iast/surface_word/4_rellit/buddh/vinv01_u.txt,96214c70ad6ae7d46836e206912a6a77d4bafeffcd77e0cb4abb3b34e6138188,106127,87381,839,,,0,
9c515ca46ad8f9fca7e879c0a1617207bf5ccf3df21930aaa0995227c3942c40,4_rellit/buddh/vinv02_u.txt,c96c9c04db03becb57f513d484d25c6c77e7d1b360eb21faf64095e2b59df7a7,iast,surface_word,data/representations/gretil/iast/surface_word/4_rellit/buddh/vinv02_u.txt,c96c9c04db03becb57f513d484d25c6c77e7d1b360eb21faf64095e2b59df7a7,73453,58993,1284,,,0,
9c515ca46ad8f9fca7e879c0a1617207bf5ccf3df21930aaa0995227c3942c40,4_rellit/buddh/vinv03_u.txt,5e199f69f3c229d6a2932e18ac774fa14fc7def8a6db3f246581e9a05a8d4a36,iast,surface_word,data/representations/gretil/iast/surface_word/4_rellit/buddh/vinv03_u.txt,5e199f69f3c229d6a2932e18ac774fa14fc7def8a6db3f246581e9a05a8d4a36,37154,30333,298,,,0,
9c515ca46ad8f9fca7e879c0a1617207bf5ccf3df21930aaa0995227c3942c40,4_rellit/buddh/vinv04_u.txt,a0994e1c1b17679b9fb8bc6b47b25908a2b49b6476be34fc2176b10b2996afa1,iast,surface_word,data/representations/gretil/iast/surface_word/4_rellit/buddh/vinv04_u.txt,a0994e1c1b17679b9fb8bc6b47b25908a2b49b6476be34fc2176b10b2996afa1,41700,33795,223,,,0,
9c515ca46ad8f9fca7e879c0a1617207bf5ccf3df21930aaa0995227c3942c40,4_rellit/buddh/vinv05_u.txt,8c68a8ca12f38697873d5409e345f1803b79a0f4c8da6d83c98bd01cf793741f,iast,surface_word,data/representations/gretil/iast/surface_word/4_rellit/buddh/vinv05_u.txt,8c68a8ca12f38697873d5409e345f1803b79a0f4c8da6d83c98bd01cf793741f,73070,59863,138,,,0,
9c515ca46ad8f9fca7e879c0a1617207bf5ccf3df21930aaa0995227c3942c40,4_rellit/buddh/vinv07_u.txt,b54d8d4fd95cc7635c9cc4202eb1d6ba8f5f71d417f9cd51a11a037c9a733017,iast,surface_word,data/representations/gretil/iast/surface_word/4_rellit/buddh/vinv07_u.txt,b54d8d4fd95cc7635c9cc4202eb1d6ba8f5f71d417f9cd51a11a037c9a733017,216414,178884,495,,,0,
9c515ca46ad8f9fca7e879c0a1617207bf5ccf3df21930aaa0995227c3942c40,4_rellit/buddh/vinv08_u.txt,ef9731228eef5468eb964627b0f451b2a48cfe43e5c995ee85f9d21a98d15c1d,iast,surface_word,data/representations/gretil/iast/surface_word/4_rellit/buddh/vinv08_u.txt,ef9731228eef5468eb964627b0f451b2a48cfe43e5c995ee85f9d21a98d15c1d,30395,24007,213,,,0,
9c515ca46ad8f9fca7e879c0a1617207bf5ccf3df21930aaa0995227c3942c40,4_rellit/buddh/vinv09_u.txt,dc6822c86a6b81234ea20232532043e5e3c5bf98fdaabbca352c72a3bcd5857c,iast,surface_word,data/representations/gretil/iast/surface_word/4_rellit/buddh/vinv09_u.txt,dc6822c86a6b81234ea20232532043e5e3c5bf98fdaabbca352c72a3bcd5857c,31877,26062,133,,,0,
9c515ca46ad8f9fca7e879c0a1617207bf5ccf3df21930aaa0995227c3942c40,4_rellit/buddh/vinv10_u.txt,06c1c354ba6c9e3c61f389605738aaf97b870e9c446d883b27226f474344f12e,iast,surface_word,data/representations/gretil/iast/surface_word/4_rellit/buddh/vinv10_u.txt,06c1c354ba6c9e3c61f389605738aaf97b870e9c446d883b27226f474344f12e,19465,16333,75,,,0,
9c515ca46ad8f9fca7e879c0a1617207bf5ccf3df21930aaa0995227c3942c40,4_rellit/buddh/vinv11_u.txt,636782dd9eb82e03326a3d873edb364f7a9b48c96ef78e3af72cc2822750fa13,iast,surface_word,data/representations/gretil/iast/surface_word/4_rellit/buddh/vinv11_u.txt,636782dd9eb82e03326a3d873edb364f7a9b48c96ef78e3af72cc2822750fa13,90433,71934,247,,,0,
9c515ca46ad8f9fca7e879c0a1617207bf5ccf3df21930aaa0995227c3942c40,4_rellit/buddh/vinv12_u.txt,bad8c13967f8c53b994673306545eaaa174168bbd8122a53da40e36a7c4f26f1,iast,surface_word,data/representations/gretil/iast/surface_word/4_rellit/buddh/vinv12_u.txt,bad8c13967f8c53b994673306545eaaa174168bbd8122a53da40e36a7c4f26f1,41696,34314,163,,,0,
9c515ca46ad8f9fca7e879c0a1617207bf5ccf3df21930aaa0995227c3942c40,4_rellit/buddh/vinv13_u.txt,09275901e9a67418bbcf25509fe9a6bbe75248f491b8e0dea3aa12a4e352cc61,iast,surface_word,data/representations/gretil/iast/surface_word/4_rellit/buddh/vinv13_u.txt,09275901e9a67418bbcf25509fe9a6bbe75248f491b8e0dea3aa12a4e352cc61,16517,13258,73,,,0,
9c515ca46ad8f9fca7e879c0a1617207bf5ccf3df21930aaa0995227c3942c40,4_rellit/buddh/vinv14_u.txt,b3bd0e22f140f97fa38e1b624313da79534feeed6829c9f97fc25aa231c74682,iast,surface_word,data/representations/gretil/iast/surface_word/4_rellit/buddh/vinv14_u.txt,b3bd0e22f140f97fa38e1b624313da79534feeed6829c9f97fc25aa231c74682,16409,13275,95,,,0,
9c515ca46ad8f9fca7e879c0a1617207bf5ccf3df21930aaa0995227c3942c40,4_rellit/buddh/vinv15_u.txt,32961c938a24de8e1901571901008e47c9a588e16a1dd7330f8eca9263c323a3,iast,surface_word,data/representations/gretil/iast/surface_word/4_rellit/buddh/vinv15_u.txt,32961c938a24de8e1901571901008e47c9a588e16a1dd7330f8eca9263c323a3,115343,95328,367,,,0,
9c515ca46ad8f9fca7e879c0a1617207bf5ccf3df21930aaa0995227c3942c40,4_rellit/buddh/vinv16_u.txt,e52cba373e989385a08ddfdac9c3b93457ac8313b646e666b20299d199494962,iast,surface_word,data/representations/gretil/iast/surface_word/4_rellit/buddh/vinv16_u.txt,e52cba373e989385a08ddfdac9c3b93457ac8313b646e666b20299d199494962,111079,90647,315,,,0,
9c515ca46ad8f9fca7e879c0a1617207bf5ccf3df21930aaa0995227c3942c40,4_rellit/buddh/vinv171u.txt,7404132a706319d27812568e77298a4c90a8bcf938712fb6d27505abb9ff77c0,iast,surface_word,data/representations/gretil/iast/surface_word/4_rellit/buddh/vinv171u.txt,7404132a706319d27812568e77298a4c90a8bcf938712fb6d27505abb9ff77c0,461221,381571,2096,,,0,
9c515ca46ad8f9fca7e879c0a1617207bf5ccf3df21930aaa0995227c3942c40,4_rellit/buddh/vinv172u.txt,bba0498a55f8d999e7aadf47fdbb90307c1f4f44dd7cf3b8a4914e1fef4ade0d,iast,surface_word,data/representations/gretil/iast/surface_word/4_rellit/buddh/vinv172u.txt,bba0498a55f8d999e7aadf47fdbb90307c1f4f44dd7cf3b8a4914e1fef4ade0d,608127,499383,2592,,,0,
9c515ca46ad8f9fca7e879c0a1617207bf5ccf3df21930aaa0995227c3942c40,4_rellit/buddh/vinv_06u.txt,23c212e2db0fd3d97272364fc06f39d39e7c5e6a951553c470883194e43eb9a2,iast,surface_word,data/representations/gretil/iast/surface_word/4_rellit/buddh/vinv_06u.txt,23c212e2db0fd3d97272364fc06f39d39e7c5e6a951553c470883194e43eb9a2,446619,367010,3400,,,0,
9c515ca46ad8f9fca7e879c0a1617207bf5ccf3df21930aaa0995227c3942c40,4_rellit/saiva/kirtm_pu.txt,e07dc9a65030c1c9cfcb691f5c30d4a21cc944d7512a11bc8fc0c71c33a3aa37,iast,surface_word,data/representations/gretil/iast/surface_word/4_rellit/saiva/kirtm_pu.txt,e07dc9a65030c1c9cfcb691f5c30d4a21cc944d7512a11bc8fc0c71c33a3aa37,21289,17940,781,,,0,
9c515ca46ad8f9fca7e879c0a1617207bf5ccf3df21930aaa0995227c3942c40,4_rellit/saiva/kubjt_pu.txt,dd0debf0eba3accb2d7e139b69c72526f2aef8c88dab61322f2b28db59a1042c,iast,surface_word,data/representations/gretil/iast/surface_word/4_rellit/saiva/kubjt_pu.txt,dd0debf0eba3accb2d7e139b69c72526f2aef8c88dab61322f2b28db59a1042c,369872,304457,12549,,,0,
9c515ca46ad8f9fca7e879c0a1617207bf5ccf3df21930aaa0995227c3942c40,4_rellit/saiva/malinivu.txt,a75f922ee1249629c07b02407db1f38fc84b15f60edb00e9c0ce7a8f7c2dbbcf,iast,surface_word,data/representations/gretil/iast/surface_word/4_rellit/saiva/malinivu.txt,a75f922ee1249629c07b02407db1f38fc84b15f60edb00e9c0ce7a8f7c2dbbcf,142298,117680,5071,,,0,
9c515ca46ad8f9fca7e879c0a1617207bf5ccf3df21930aaa0995227c3942c40,4_rellit/saiva/mrgt1mpu.txt,89732087b90681053f5e95ae56d609bf643aa2f842e0a434a9c9646ec73f58ad,iast,surface_word,data/representations/gretil/iast/surface_word/4_rellit/saiva/mrgt1mpu.txt,89732087b90681053f5e95ae56d609bf643aa2f842e0a434a9c9646ec73f58ad,53661,44316,1829,,,0,
9c515ca46ad8f9fca7e879c0a1617207bf5ccf3df21930aaa0995227c3942c40,4_rellit/saiva/mrgt3mpu.txt,11ec1dc76055c39a7fe89bb32f6269745f2098f56589fa2dc718d850b896a43e,iast,surface_word,data/representations/gretil/iast/surface_word/4_rellit/saiva/mrgt3mpu.txt,11ec1dc76055c39a7fe89bb32f6269745f2098f56589fa2dc718d850b896a43e,15808,12993,529,,,0,
9c515ca46ad8f9fca7e879c0a1617207bf5ccf3df21930aaa0995227c3942c40,4_rellit/saiva/mrgt4mpu.txt,caf973d2798b7763960db9ec38139d2faf526e6c1283985661e4d80858060b9e,iast,surface_word,data/representations/gretil/iast/surface_word/4_rellit/saiva/mrgt4mpu.txt,caf973d2798b7763960db9ec38139d2faf526e6c1283985661e4d80858060b9e,7686,6349,261,,,0,
9c515ca46ad8f9fca7e879c0a1617207bf5ccf3df21930aaa0995227c3942c40,4_rellit/saiva/parakspu.txt,c719ff67dfe0df145ad8218f40f45ca28d1518e20d9f147f170928197bede6bb,iast,surface_word,data/representations/gretil/iast/surface_word/4_rellit/saiva/parakspu.txt,c719ff67dfe0df145ad8218f40f45ca28d1518e20d9f147f170928197bede6bb,66277,53558,843,,,0,
9c515ca46ad8f9fca7e879c0a1617207bf5ccf3df21930aaa0995227c3942c40,4_rellit/saiva/pasupspu.txt,3494910d97c49b423a4ccc6db32f45534c38c0775b0bd154375ae3b7b2b04989,iast,surface_word,data/representations/gretil/iast/surface_word/4_rellit/saiva/pasupspu.txt,3494910d97c49b423a4ccc6db32f45534c38c0775b0bd154375ae3b7b2b04989,4576,3903,329,,,0,
9c515ca46ad8f9fca7e879c0a1617207bf5ccf3df21930aaa0995227c3942c40,4_rellit/saiva/sivsutru.txt,0cd25ecbe4562592dbf142327468b2f115ea6403e54d67716402f2cce4ef3b8c,iast,surface_word,data/representations/gretil/iast/surface_word/4_rellit/saiva/sivsutru.txt,0cd25ecbe4562592dbf142327468b2f115ea6403e54d67716402f2cce4ef3b8c,48237,40392,1817,,,0,
9c515ca46ad8f9fca7e879c0a1617207bf5ccf3df21930aaa0995227c3942c40,4_rellit/saiva/svact_pu.txt,f8436cd190e567e9e7a3f60ca3e878fe04ccbddc086225646dfc167656dec7f6,iast,surface_word,data/representations/gretil/iast/surface_word/4_rellit/saiva/svact_pu.txt,f8436cd190e567e9e7a3f60ca3e878fe04ccbddc086225646dfc167656dec7f6,433351,357480,14855,,,0,
9c515ca46ad8f9fca7e879c0a1617207bf5ccf3df21930aaa0995227c3942c40,4_rellit/saiva/todaltpu.txt,f0663b175ec060d5f92b1e773440207b0a2134a501ffba74b915d46a6b4c1860,iast,surface_word,data/representations/gretil/iast/surface_word/4_rellit/saiva/todaltpu.txt,f0663b175ec060d5f92b1e773440207b0a2134a501ffba74b915d46a6b4c1860,48015,39234,1715,,,0,
9c515ca46ad8f9fca7e879c0a1617207bf5ccf3df21930aaa0995227c3942c40,4_rellit/saiva/vinst_pu.txt,6467f80db4d0931397e1578a65343e3ba1af04ceb04239d6da5a3516c1ad7aad,iast,surface_word,data/representations/gretil/iast/surface_word/4_rellit/saiva/vinst_pu.txt,6467f80db4d0931397e1578a65343e3ba1af04ceb04239d6da5a3516c1ad7aad,47897,39709,1653,,,0,
9c515ca46ad8f9fca7e879c0a1617207bf5ccf3df21930aaa0995227c3942c40,4_rellit/vaisn/astavgpu.txt,becaa71a5ae25b22d5e6c7263f62476e4d5c28c91d0cee418405b2d91810199b,iast,surface_word,data/representations/gretil/iast/surface_word/4_rellit/vaisn/astavgpu.txt,becaa71a5ae25b22d5e6c7263f62476e4d5c28c91d0cee418405b2d91810199b,35790,30215,1235,,,0,
9c515ca46ad8f9fca7e879c0a1617207bf5ccf3df21930aaa0995227c3942c40,4_rellit/vaisn/hbhvil_u.txt,d84304eb9231052befaee1a04f3cfde3554cd9dddb8e474505b865312d19dedd,iast,surface_word,data/representations/gretil/iast/surface_word/4_rellit/vaisn/hbhvil_u.txt,d84304eb9231052befaee1a04f3cfde3554cd9dddb8e474505b865312d19dedd,625249,516792,23599,,,0,
9c515ca46ad8f9fca7e879c0a1617207bf5ccf3df21930aaa0995227c3942c40,4_rellit/vaisn/satvtanu.txt,f6bea6ab41ccaa1746e183a437edaf0079c9ea58a916839c08b56dddeace174a,iast,surface_word,data/representations/gretil/iast/surface_word/4_rellit/vaisn/satvtanu.txt,f6bea6ab41ccaa1746e183a437edaf0079c9ea58a916839c08b56dddeace174a,89376,73344,2897,,,0,
9c515ca46ad8f9fca7e879c0a1617207bf5ccf3df21930aaa0995227c3942c40,4_rellit/vaisn/ss1_tatu.txt,61329ad342e593a76004d808eea37362ed89a71052a9f3a8c33edc0e4ce59acf,iast,surface_word,data/representations/gretil/iast/surface_word/4_rellit/vaisn/ss1_tatu.txt,61329ad342e593a76004d808eea37362ed89a71052a9f3a8c33edc0e4ce59acf,124504,104119,3465,,,0,
9c515ca46ad8f9fca7e879c0a1617207bf5ccf3df21930aaa0995227c3942c40,4_rellit/vaisn/ss2_bhgu.txt,930b1850494361f22ed792b2823698df2795c9121fd87f5623212abf82ba7495,iast,surface_word,data/representations/gretil/iast/surface_word/4_rellit/vaisn/ss2_bhgu.txt,930b1850494361f22ed792b2823698df2795c9121fd87f5623212abf82ba7495,318027,268460,9848,,,0,
9c515ca46ad8f9fca7e879c0a1617207bf5ccf3df21930aaa0995227c3942c40,4_rellit/vaisn/ss3_paru.txt,3ea3fe27e094f3632fa09d5017dd462763637adbb8d53038d21cb28d6d56f502,iast,surface_word,data/representations/gretil/iast/surface_word/4_rellit/vaisn/ss3_paru.txt,3ea3fe27e094f3632fa09d5017dd462763637adbb8d53038d21cb28d6d56f502,203358,171567,6333,,,0,
9c515ca46ad8f9fca7e879c0a1617207bf5ccf3df21930aaa0995227c3942c40,4_rellit/vaisn/ss4_krsu.txt,2b7d5e54be724639a5507b3dc402e44a78cb69c5e93ced17166c195994708435,iast,surface_word,data/representations/gretil/iast/surface_word/4_rellit/vaisn/ss4_krsu.txt,2b7d5e54be724639a5507b3dc402e44a78cb69c5e93ced17166c195994708435,310199,258711,9116,,,0,
9c515ca46ad8f9fca7e879c0a1617207bf5ccf3df21930aaa0995227c3942c40,4_rellit/vaisn/ss5_bhku.txt,1db299075aae62f89de922e6fe552fec2e18e2cc85d74a4e857fb45e3e9c9b1f,iast,surface_word,data/representations/gretil/iast/surface_word/4_rellit/vaisn/ss5_bhku.txt,1db299075aae62f89de922e6fe552fec2e18e2cc85d74a4e857fb45e3e9c9b1f,480883,405138,15052,,,0,
9c515ca46ad8f9fca7e879c0a1617207bf5ccf3df21930aaa0995227c3942c40,4_rellit/vaisn/ss6_priu.txt,cbcceda77a80116c1c49574e51d0c834cb42d96acc84bbbd7e373905e28daf60,iast,surface_word,data/representations/gretil/iast/surface_word/4_rellit/vaisn/ss6_priu.txt,cbcceda77a80116c1c49574e51d0c834cb42d96acc84bbbd7e373905e28daf60,464259,388735,14547,,,0,
9c515ca46ad8f9fca7e879c0a1617207bf5ccf3df21930aaa0995227c3942c40,4_rellit/vaisn/vaimp__u.txt,c7179c52ddf792fb72181179d3d923d354b0966c1eb08abee8fe8ae2cb14e9ab,iast,surface_word,data/representations/gretil/iast/surface_word/4_rellit/vaisn/vaimp__u.txt,c7179c52ddf792fb72181179d3d923d354b0966c1eb08abee8fe8ae2cb14e9ab,265197,217126,13703,,,0,
9c515ca46ad8f9fca7e879c0a1617207bf5ccf3df21930aaa0995227c3942c40,4_rellit/vaisn/yamcatpu.txt,1f4047944fbd4f1eaa71e7535635ebd7fa78adf149fa6c889c9c04d67a3e24b2,iast,surface_word,data/representations/gretil/iast/surface_word/4_rellit/vaisn/yamcatpu.txt,1f4047944fbd4f1eaa71e7535635ebd7fa78adf149fa6c889c9c04d67a3e24b2,1055,877,15,,,0,
9c515ca46ad8f9fca7e879c0a1617207bf5ccf3df21930aaa0995227c3942c40,4_rellit/vaisn/yamsr_pu.txt,b86cecd0914f726732d2ee8aa0e828d39c2118e7b029db187946138c16f1c230,iast,surface_word,data/representations/gretil/iast/surface_word/4_rellit/vaisn/yamsr_pu.txt,b86cecd0914f726732d2ee8aa0e828d39c2118e7b029db187946138c16f1c230,10867,9184,253,,,0,
9c515ca46ad8f9fca7e879c0a1617207bf5ccf3df21930aaa0995227c3942c40,5_poetry/1_chandas/jvrtmspu.txt,10d6fd17650371fd98627577806ebc7044f072a67ff8122c7fbe348a911577f0,iast,surface_word,data/representations/gretil/iast/surface_word/5_poetry/1_chandas/jvrtmspu.txt,10d6fd17650371fd98627577806ebc7044f072a67ff8122c7fbe348a911577f0,27125,23193,637,,,0,
9c515ca46ad8f9fca7e879c0a1617207bf5ccf3df21930aaa0995227c3942c40,5_poetry/1_chandas/kedvratu.txt,396f82413edc8556c7c8f95e973cac99487805dde286e40b19aaeb742f04233f,iast,surface_word,data/representations/gretil/iast/surface_word/5_poetry/1_chandas/kedvratu.txt,396f82413edc8556c7c8f95e973cac99487805dde286e40b19aaeb742f04233f,16555,14167,621,,,0,
9c515ca46ad8f9fca7e879c0a1617207bf5ccf3df21930aaa0995227c3942c40,5_poetry/1_chandas/kvrtrsuu.txt,9cb36dc9529accab6d7e34f7e890d75cdbd5aa789cb808d1f1826eb303cd3d8d,iast,surface_word,data/representations/gretil/iast/surface_word/5_poetry/1_chandas/kvrtrsuu.txt,9cb36dc9529accab6d7e34f7e890d75cdbd5aa789cb808d1f1826eb303cd3d8d,105915,88471,2565,,,0,
9c515ca46ad8f9fca7e879c0a1617207bf5ccf3df21930aaa0995227c3942c40,5_poetry/1_natya/bharnatu.txt,0b7999fcca63fa954f2a4ed9cbb18bb7dfd3ce3c6f0a1e94e26735273fb00ef4,iast,surface_word,data/representations/gretil/iast/surface_word/5_poetry/1_natya/bharnatu.txt,0b7999fcca63fa954f2a4ed9cbb18bb7dfd3ce3c6f0a1e94e26735273fb00ef4,556301,455675,18441,,,0,
9c515ca46ad8f9fca7e879c0a1617207bf5ccf3df21930aaa0995227c3942c40,5_poetry/1_natya/dhandasu.txt,7602c481f80527f39bf3ea763bf1fb0a0a32612c2c958b67786286105eb30c89,iast,surface_word,data/representations/gretil/iast/surface_word/5_poetry/1_natya/dhandasu.txt,7602c481f80527f39bf3ea763bf1fb0a0a32612c2c958b67786286105eb30c89,36908,30141,1263,,,0,
9c515ca46ad8f9fca7e879c0a1617207bf5ccf3df21930aaa0995227c3942c40,5_poetry/2_kavya/akadambu.txt,3d8c25edc06672c908d25e1858b2a42e58507caa08d2afa54fb44022743fd872,iast,surface_word,data/representations/gretil/iast/surface_word/5_poetry/2_kavya/akadambu.txt,3d8c25edc06672c908d25e1858b2a42e58507caa08d2afa54fb44022743fd872,106278,88967,3573,,,0,
9c515ca46ad8f9fca7e879c0a1617207bf5ccf3df21930aaa0995227c3942c40,5_poetry/2_kavya/amaru_u.txt,7e27ff346025e7171b9055cdcc904129e1bf7adb75019103d7514cb1a53db959,iast,surface_word,data/representations/gretil/iast/surface_word/5_poetry/2_kavya/amaru_u.txt,7e27ff346025e7171b9055cdcc904129e1bf7adb75019103d7514cb1a53db959,57783,47612,1846,,,0,
9c515ca46ad8f9fca7e879c0a1617207bf5ccf3df21930aaa0995227c3942c40,5_poetry/2_kavya/asvbuc2u.txt,d9789f28b4dd80704e59af97af25cd888f9ab1566576ebb290347179d502f2b3,iast,surface_word,data/representations/gretil/iast/surface_word/5_poetry/2_kavya/asvbuc2u.txt,d9789f28b4dd80704e59af97af25cd888f9ab1566576ebb290347179d502f2b3,151231,125575,4161,,,0,
9c515ca46ad8f9fca7e879c0a1617207bf5ccf3df21930aaa0995227c3942c40,5_poetry/2_kavya/asvsau2u.txt,c68e0c6f9e6454e7d56611e0e4242fd99c7a90965c0315af12b8e11946000b82,iast,surface_word,data/representations/gretil/iast/surface_word/5_poetry/2_kavya/asvsau2u.txt,c68e0c6f9e6454e7d56611e0e4242fd99c7a90965c0315af12b8e11946000b82,153383,127895,4439,,,0,
9c515ca46ad8f9fca7e879c0a1617207bf5ccf3df21930aaa0995227c3942c40,5_poetry/2_kavya/bhakirpu.txt,6caef04704607f623cf18b721ce0b69bd4d42ffc9a86afbd5ee84b4ff3050258,iast,surface_word,data/representations/gretil/iast/surface_word/5_poetry/2_kavya/bhakirpu.txt,6caef04704607f623cf18b721ce0b69bd4d42ffc9a86afbd5ee84b4ff3050258,158850,132469,4159,,,0,
9c515ca46ad8f9fca7e879c0a1617207bf5ccf3df21930aaa0995227c3942c40,5_poetry/2_kavya/bhattiku.txt,f4557da63b872174ac7e1592da4d6cfced46a8cefb2952f694137df4cdd670ce,iast,surface_word,data/representations/gretil/iast/surface_word/5_poetry/2_kavya/bhattiku.txt,f4557da63b872174ac7e1592da4d6cfced46a8cefb2952f694137df4cdd670ce,212013,173370,6437,,,0,
9c515ca46ad8f9fca7e879c0a1617207bf5ccf3df21930aaa0995227c3942c40,5_poetry/2_kavya/bicauppu.txt,0c8a8f9eea6c0d8913e87014e5dae59750b80759b30229e0e5b526bf29037994,iast,surface_word,data/representations/gretil/iast/surface_word/5_poetry/2_kavya/bicauppu.txt,0c8a8f9eea6c0d8913e87014e5dae59750b80759b30229e0e5b526bf29037994,9506,7823,203,,,0,
9c515ca46ad8f9fca7e879c0a1617207bf5ccf3df21930aaa0995227c3942c40,5_poetry/2_kavya/dandkc_u.txt,ddd3682c3134abe7552231f1e58aee7b291dcb9ffef98d682922f181f64eac01,iast,surface_word,data/representations/gretil/iast/surface_word/5_poetry/2_kavya/dandkc_u.txt,ddd3682c3134abe7552231f1e58aee7b291dcb9ffef98d682922f181f64eac01,288191,239801,4299,,,0,
9c515ca46ad8f9fca7e879c0a1617207bf5ccf3df21930aaa0995227c3942c40,5_poetry/2_kavya/jaygit2u.txt,b332ad6d14a53dda127cf04ca2adfd803991d5b0d58f474c709eb27850db473f,iast,surface_word,data/representations/gretil/iast/surface_word/5_poetry/2_kavya/jaygit2u.txt,b332ad6d14a53dda127cf04ca2adfd803991d5b0d58f474c709eb27850db473f,47453,40996,1441,,,0,
9c515ca46ad8f9fca7e879c0a1617207bf5ccf3df21930aaa0995227c3942c40,5_poetry/2_kavya/kakumspu.txt,94f8f3d8ba63d475cc0c6b2817716954fec8bfedff8936e37b49e6681856ff2a,iast,surface_word,data/representations/gretil/iast/surface_word/5_poetry/2_kavya/kakumspu.txt,94f8f3d8ba63d475cc0c6b2817716954fec8bfedff8936e37b49e6681856ff2a,88662,73732,2451,,,0,
9c515ca46ad8f9fca7e879c0a1617207bf5ccf3df21930aaa0995227c3942c40,5_poetry/2_kavya/kalrs_pu.txt,218feb599f4bb546c61e3776103f2912805b214d87b5cea9b1295769c97e9cd8,iast,surface_word,data/representations/gretil/iast/surface_word/5_poetry/2_kavya/kalrs_pu.txt,218feb599f4bb546c61e3776103f2912805b214d87b5cea9b1295769c97e9cd8,28010,22965,643,,,0,
9c515ca46ad8f9fca7e879c0a1617207bf5ccf3df21930aaa0995227c3942c40,5_poetry/2_kavya/kmeghdpu.txt,d54a3500b02810941e255c692556973ce1e8443faa145ece5d6597121cfa7002,iast,surface_word,data/representations/gretil/iast/surface_word/5_poetry/2_kavya/kmeghdpu.txt,d54a3500b02810941e255c692556973ce1e8443faa145ece5d6597121cfa7002,26675,21842,445,,,0,
9c515ca46ad8f9fca7e879c0a1617207bf5ccf3df21930aaa0995227c3942c40,5_poetry/2_kavya/kragh_pu.txt,871d481e98eb4f5cceeacce49e137c1339c8d672606e0a075e639251cc4a5b8a,iast,surface_word,data/representations/gretil/iast/surface_word/5_poetry/2_kavya/kragh_pu.txt,871d481e98eb4f5cceeacce49e137c1339c8d672606e0a075e639251cc4a5b8a,233592,193919,6547,,,0,
9c515ca46ad8f9fca7e879c0a1617207bf5ccf3df21930aaa0995227c3942c40,5_poetry/2_kavya/maghspvu.txt,7e4d857e547b3badda8047b6b19400ee93369468ed4db113b5516f9ad3c7daa0,iast,surface_word,data/representations/gretil/iast/surface_word/5_poetry/2_kavya/maghspvu.txt,7e4d857e547b3badda8047b6b19400ee93369468ed4db113b5516f9ad3c7daa0,247892,207228,6579,,,0,
9c515ca46ad8f9fca7e879c0a1617207bf5ccf3df21930aaa0995227c3942c40,5_poetry/2_kavya/nkalivpu.txt,b55aa0878824496f266d2461be73af96badf8fb098dd833bdaec78975c0be87b,iast,surface_word,data/representations/gretil/iast/surface_word/5_poetry/2_kavya/nkalivpu.txt,b55aa0878824496f266d2461be73af96badf8fb098dd833bdaec78975c0be87b,12154,10210,425,,,0,
9c515ca46ad8f9fca7e879c0a1617207bf5ccf3df21930aaa0995227c3942c40,5_poetry/2_kavya/padnscpu.txt,77b0fc4cf11d7e35ca7ef4e7ff53c01fbdc6a456c783ae638c3d4ccedcd075b3,iast,surface_word,data/representations/gretil/iast/surface_word/5_poetry/2_kavya/padnscpu.txt,77b0fc4cf11d7e35ca7ef4e7ff53c01fbdc6a456c783ae638c3d4ccedcd075b3,227126,191068,6575,,,0,
9c515ca46ad8f9fca7e879c0a1617207bf5ccf3df21930aaa0995227c3942c40,5_poetry/2_kavya/ramodtpu.txt,e4b7f34f86587b3236e6a1b0b6f1a0968e5ad2ef7d270cc46dfd818daca8fca1,iast,surface_word,data/representations/gretil/iast/surface_word/5_poetry/2_kavya/ramodtpu.txt,e4b7f34f86587b3236e6a1b0b6f1a0968e5ad2ef7d270cc46dfd818daca8fca1,26531,21675,895,,,0,
9c515ca46ad8f9fca7e879c0a1617207bf5ccf3df21930aaa0995227c3942c40,5_poetry/4_narr/brkas_pu.txt,1bbead87e3d2d02b58a793c5fba9b6a74941dc5ec7dd688ae2f59896d3143a38,iast,surface_word,data/representations/gretil/iast/surface_word/5_poetry/4_narr/brkas_pu.txt,1bbead87e3d2d02b58a793c5fba9b6a74941dc5ec7dd688ae2f59896d3143a38,549058,457012,18141,,,0,
9c515ca46ad8f9fca7e879c0a1617207bf5ccf3df21930aaa0995227c3942c40,5_poetry/4_narr/hitop_u.txt,bb68c22d2e6b2161837554abf41635202bddef131e5bb107e19e386d39626254,iast,surface_word,data/representations/gretil/iast/surface_word/5_poetry/4_narr/hitop_u.txt,bb68c22d2e6b2161837554abf41635202bddef131e5bb107e19e386d39626254,206950,173137,5218,,,0,
9c515ca46ad8f9fca7e879c0a1617207bf5ccf3df21930aaa0995227c3942c40,5_poetry/4_narr/sokss_pu.txt,eb9a1b26778358dfa764229e579d378c98ff84731efb929f64588f5d0abc170d,iast,surface_word,data/representations/gretil/iast/surface_word/5_poetry/4_narr/sokss_pu.txt,eb9a1b26778358dfa764229e579d378c98ff84731efb929f64588f5d0abc170d,2579693,2147324,86751,,,0,
9c515ca46ad8f9fca7e879c0a1617207bf5ccf3df21930aaa0995227c3942c40,5_poetry/4_narr/ttrkhy1u.txt,0f78147713bbfc8eb982b2b9637986d058b5e49f515db61502e15fcf45a67cac,iast,surface_word,data/representations/gretil/iast/surface_word/5_poetry/4_narr/ttrkhy1u.txt,0f78147713bbfc8eb982b2b9637986d058b5e49f515db61502e15fcf45a67cac,40496,33973,1671,,,0,
9c515ca46ad8f9fca7e879c0a1617207bf5ccf3df21930aaa0995227c3942c40,5_poetry/4_narr/ttrkhy2u.txt,8b4f8111e685633189c9ede1b3c70666f1583bec5be408aff7e26f86b30e4459,iast,surface_word,data/representations/gretil/iast/surface_word/5_poetry/4_narr/ttrkhy2u.txt,8b4f8111e685633189c9ede1b3c70666f1583bec5be408aff7e26f86b30e4459,28910,24327,1207,,,0,
9c515ca46ad8f9fca7e879c0a1617207bf5ccf3df21930aaa0995227c3942c40,5_poetry/5_subhas/bharst_u.txt,d0bacd909d66966539730010b59d42f07bb2bac733c9296570a865f1ba52f666,iast,surface_word,data/representations/gretil/iast/surface_word/5_poetry/5_subhas/bharst_u.txt,d0bacd909d66966539730010b59d42f07bb2bac733c9296570a865f1ba52f666,72705,60329,2499,,,0,
9c515ca46ad8f9fca7e879c0a1617207bf5ccf3df21930aaa0995227c3942c40,5_poetry/5_subhas/ksdarppu.txt,8b0904d366ebb5a25ce83ff0b6e9ac1bb14c430e657fedb916f25f67d89f1c8e,iast,surface_word,data/representations/gretil/iast/surface_word/5_poetry/5_subhas/ksdarppu.txt,8b0904d366ebb5a25ce83ff0b6e9ac1bb14c430e657fedb916f25f67d89f1c8e,78360,64279,2395,,,0,
9c515ca46ad8f9fca7e879c0a1617207bf5ccf3df21930aaa0995227c3942c40,5_poetry/5_subhas/msubhs_u.txt,a41a044d39ca4796548b6cb34bad568861a9a9199e77a49cdf700b19c1001bda,iast,surface_word,data/representations/gretil/iast/surface_word/5_poetry/5_subhas/msubhs_u.txt,a41a044d39ca4796548b6cb34bad568861a9a9199e77a49cdf700b19c1001bda,1609320,1331551,40771,,,0,
9c515ca46ad8f9fca7e879c0a1617207bf5ccf3df21930aaa0995227c3942c40,5_poetry/5_subhas/valsubhu.txt,fa4788a3b25e76c6300116f7c6278e152c175fd6d5441053f846cc985b1c5e2a,iast,surface_word,data/representations/gretil/iast/surface_word/5_poetry/5_subhas/valsubhu.txt,fa4788a3b25e76c6300116f7c6278e152c175fd6d5441053f846cc985b1c5e2a,188273,156065,6677,,,0,
9c515ca46ad8f9fca7e879c0a1617207bf5ccf3df21930aaa0995227c3942c40,5_poetry/5_subhas/vidsrgpu.txt,8f508110e6e43034bfd4162b3a7ecc5d9fa3f8f2d5d2513c5199777985a32f79,iast,surface_word,data/representations/gretil/iast/surface_word/5_poetry/5_subhas/vidsrgpu.txt,8f508110e6e43034bfd4162b3a7ecc5d9fa3f8f2d5d2513c5199777985a32f79,399466,331947,9079,,,0,
9c515ca46ad8f9fca7e879c0a1617207bf5ccf3df21930aaa0995227c3942c40,5_poetry/6_hist/jonart_pu.txt,12e61ef70de2c6b4ba3b74bf2caa4a19089dc8a0aed543d8404bc14b94e24a29,iast,surface_word,data/representations/gretil/iast/surface_word/5_poetry/6_hist/jonart_pu.txt,12e61ef70de2c6b4ba3b74bf2caa4a19089dc8a0aed543d8404bc14b94e24a29,161177,133355,5335,,,0,
9c515ca46ad8f9fca7e879c0a1617207bf5ccf3df21930aaa0995227c3942c40,6_sastra/3_phil/buddh/nagmmk_u.txt,eac4ef20356fb616942be13bf672b0f0c2f5c64d049d781723124475e4a7a9e0,iast,surface_word,data/representations/gretil/iast/surface_word/6_sastra/3_phil/buddh/nagmmk_u.txt,eac4ef20356fb616942be13bf672b0f0c2f5c64d049d781723124475e4a7a9e0,51730,44338,1791,,,0,
9c515ca46ad8f9fca7e879c0a1617207bf5ccf3df21930aaa0995227c3942c40,6_sastra/3_phil/buddh/nagvigvu.txt,2e52aaa7d8730fccf3dfc1d9d7a9d6b8855850a6970ed6cba588333822407648,iast,surface_word,data/representations/gretil/iast/surface_word/6_sastra/3_phil/buddh/nagvigvu.txt,2e52aaa7d8730fccf3dfc1d9d7a9d6b8855850a6970ed6cba588333822407648,49571,41569,665,,,0,
9c515ca46ad8f9fca7e879c0a1617207bf5ccf3df21930aaa0995227c3942c40,6_sastra/3_phil/buddh/nrat_1_u.txt,35ca54961a3941c0cd9a454b6a479b25e920180fdd3814ecbd4aea573dea90cf,iast,surface_word,data/representations/gretil/iast/surface_word/6_sastra/3_phil/buddh/nrat_1_u.txt,35ca54961a3941c0cd9a454b6a479b25e920180fdd3814ecbd4aea573dea90cf,9188,7682,310,,,0,
9c515ca46ad8f9fca7e879c0a1617207bf5ccf3df21930aaa0995227c3942c40,6_sastra/3_phil/buddh/nrat_2_u.txt,e96e56d6654976b5caba1416a46303c60e177b0d6be6e1b66fc3f4c8d42ac908,iast,surface_word,data/representations/gretil/iast/surface_word/6_sastra/3_phil/buddh/nrat_2_u.txt,e96e56d6654976b5caba1416a46303c60e177b0d6be6e1b66fc3f4c8d42ac908,5435,4572,184,,,0,
9c515ca46ad8f9fca7e879c0a1617207bf5ccf3df21930aaa0995227c3942c40,6_sastra/3_phil/buddh/nrat_4_u.txt,4c90fdbd66b952d202c2fcec7d0b83e9c46639aa3078e42f7494635d404a549d,iast,surface_word,data/representations/gretil/iast/surface_word/6_sastra/3_phil/buddh/nrat_4_u.txt,4c90fdbd66b952d202c2fcec7d0b83e9c46639aa3078e42f7494635d404a549d,12224,10053,402,,,0,
9c515ca46ad8f9fca7e879c0a1617207bf5ccf3df21930aaa0995227c3942c40,6_sastra/3_phil/buddh/pramanvu.txt,006c6140dc13e5dfeb5983a46fd247ad85f3d8cf3b3f47df0f282d654bdef914,iast,surface_word,data/representations/gretil/iast/surface_word/6_sastra/3_phil/buddh/pramanvu.txt,006c6140dc13e5dfeb5983a46fd247ad85f3d8cf3b3f47df0f282d654bdef914,166199,139994,5811,,,0,
9c515ca46ad8f9fca7e879c0a1617207bf5ccf3df21930aaa0995227c3942c40,6_sastra/3_phil/buddh/santbcpu.txt,e413ae132a506e49c446aa4142745d907772377d43571f848f7ce503a93aa61c,iast,surface_word,data/representations/gretil/iast/surface_word/6_sastra/3_phil/buddh/santbcpu.txt,e413ae132a506e49c446aa4142745d907772377d43571f848f7ce503a93aa61c,110261,91940,3691,,,0,
9c515ca46ad8f9fca7e879c0a1617207bf5ccf3df21930aaa0995227c3942c40,6_sastra/3_phil/buddh/vakobhau.txt,40abee07c1566de34715073e4d007622bd5f714e32b2faa3f85cba682b8a3b70,iast,surface_word,data/representations/gretil/iast/surface_word/6_sastra/3_phil/buddh/vakobhau.txt,40abee07c1566de34715073e4d007622bd5f714e32b2faa3f85cba682b8a3b70,938810,778800,31509,,,0,
9c515ca46ad8f9fca7e879c0a1617207bf5ccf3df21930aaa0995227c3942c40,6_sastra/3_phil/mimamsa/jaimsutu.txt,7cf06b6b538be1270ff995f3fed3e718134476239b1fe3cbe1ed20256ae63f5c,iast,surface_word,data/representations/gretil/iast/surface_word/6_sastra/3_phil/mimamsa/jaimsutu.txt,7cf06b6b538be1270ff995f3fed3e718134476239b1fe3cbe1ed20256ae63f5c,131644,110855,5449,,,0,
9c515ca46ad8f9fca7e879c0a1617207bf5ccf3df21930aaa0995227c3942c40,6_sastra/3_phil/nyaya/antarkpu.txt,68d89a938255dcf4f68cab584e3c40a4a2ee2e8b07599214e90687ddc130360a,iast,surface_word,data/representations/gretil/iast/surface_word/6_sastra/3_phil/nyaya/antarkpu.txt,68d89a938255dcf4f68cab584e3c40a4a2ee2e8b07599214e90687ddc130360a,16265,13590,169,,,0,
9c515ca46ad8f9fca7e879c0a1617207bf5ccf3df21930aaa0995227c3942c40,6_sastra/3_phil/nyaya/gaunys_u.txt,d748011af50425faa9c8dff897a301274e7ad24e31635a46070464f6bb41491b,iast,surface_word,data/representations/gretil/iast/surface_word/6_sastra/3_phil/nyaya/gaunys_u.txt,d748011af50425faa9c8dff897a301274e7ad24e31635a46070464f6bb41491b,32327,26762,1249,,,0,
9c515ca46ad8f9fca7e879c0a1617207bf5ccf3df21930aaa0995227c3942c40,6_sastra/3_phil/saiva/paratriu.txt,c8d460fcc33b840610a7889bc76bdffb895839ca39ec158afde11e75de59d1b6,iast,surface_word,data/representations/gretil/iast/surface_word/6_sastra/3_phil/saiva/paratriu.txt,c8d460fcc33b840610a7889bc76bdffb895839ca39ec158afde11e75de59d1b6,4286,3619,149,,,0,
9c515ca46ad8f9fca7e879c0a1617207bf5ccf3df21930aaa0995227c3942c40,6_sastra/3_phil/saiva/parmartu.txt,66f293b1b064110fbc21b3aa99a600067eeaba63e62a315aaccf238a7b581d72,iast,surface_word,data/representations/gretil/iast/surface_word/6_sastra/3_phil/saiva/parmartu.txt,66f293b1b064110fbc21b3aa99a600067eeaba63e62a315aaccf238a7b581d72,13571,11499,421,,,0,
9c515ca46ad8f9fca7e879c0a1617207bf5ccf3df21930aaa0995227c3942c40,6_sastra/3_phil/saiva/pratyabu.txt,9fb07fd54562710fe5ccce055be41700676ffc70e4239589eb929fa5c74c5f91,iast,surface_word,data/representations/gretil/iast/surface_word/6_sastra/3_phil/saiva/pratyabu.txt,9fb07fd54562710fe5ccce055be41700676ffc70e4239589eb929fa5c74c5f91,38600,32149,1180,,,0,
9c515ca46ad8f9fca7e879c0a1617207bf5ccf3df21930aaa0995227c3942c40,6_sastra/3_phil/saiva/tantralu.txt,9a66b8bb0de31ffcc4f2b9725db9864ba854259f92a97cd48beb9f8cc67d6b6a,iast,surface_word,data/representations/gretil/iast/surface_word/6_sastra/3_phil/saiva/tantralu.txt,9a66b8bb0de31ffcc4f2b9725db9864ba854259f92a97cd48beb9f8cc67d6b6a,686010,569675,23391,,,0,
9c515ca46ad8f9fca7e879c0a1617207bf5ccf3df21930aaa0995227c3942c40,6_sastra/3_phil/samkhya/isvskaru.txt,3c8802b2f399b2871e0a8839a838d41c988a8ba6f2217ff20c2285c8d573200a,iast,surface_word,data/representations/gretil/iast/surface_word/6_sastra/3_phil/samkhya/isvskaru.txt,3c8802b2f399b2871e0a8839a838d41c988a8ba6f2217ff20c2285c8d573200a,8990,7404,294,,,0,
9c515ca46ad8f9fca7e879c0a1617207bf5ccf3df21930aaa0995227c3942c40,6_sastra/3_phil/vaisesik/vaissu1u.txt,b0d87dcc4fa7941be49056cedcd97c3c3fd5e449790185a9e1f3cd5b431b06c4,iast,surface_word,data/representations/gretil/iast/surface_word/6_sastra/3_phil/vaisesik/vaissu1u.txt,b0d87dcc4fa7941be49056cedcd97c3c3fd5e449790185a9e1f3cd5b431b06c4,18425,15026,767,,,0,
9c515ca46ad8f9fca7e879c0a1617207bf5ccf3df21930aaa0995227c3942c40,6_sastra/3_phil/vedanta/brahmsuu.txt,947e7eff1dcbb392fd7e620022aacab0e8aac50c823680d975c1ea623984232c,iast,surface_word,data/representations/gretil/iast/surface_word/6_sastra/3_phil/vedanta/brahmsuu.txt,947e7eff1dcbb392fd7e620022aacab0e8aac50c823680d975c1ea623984232c,21031,17949,1089,,,0,
9c515ca46ad8f9fca7e879c0a1617207bf5ccf3df21930aaa0995227c3942c40,6_sastra/3_phil/vedanta/gaukarpu.txt,e9b4187c0e9bb9f0da43034f0eeffd5398a9d9fedf5e9fc95da4d95830018599,iast,surface_word,data/representations/gretil/iast/surface_word/6_sastra/3_phil/vedanta/gaukarpu.txt,e9b4187c0e9bb9f0da43034f0eeffd5398a9d9fedf5e9fc95da4d95830018599,25107,21301,885,,,0,
9c515ca46ad8f9fca7e879c0a1617207bf5ccf3df21930aaa0995227c3942c40,6_sastra/3_phil/vedanta/samkupad_u.txt,0edf71282eeee5779c7c2e344c541b76ec8eb9cb7f0234cd4471c16b9b9092b8,iast,surface_word,data/representations/gretil/iast/surface_word/6_sastra/3_phil/vedanta/samkupad_u.txt,0edf71282eeee5779c7c2e344c541b76ec8eb9cb7f0234cd4471c16b9b9092b8,126397,106800,2971,,,0,
9c515ca46ad8f9fca7e879c0a1617207bf5ccf3df21930aaa0995227c3942c40,6_sastra/3_phil/vedanta/yamgaspu.txt,94ffb64e2e5de07e24a350e5b5e7221fd4a7419321c85276634f18d6d16916a5,iast,surface_word,data/representations/gretil/iast/surface_word/6_sastra/3_phil/vedanta/yamgaspu.txt,94ffb64e2e5de07e24a350e5b5e7221fd4a7419321c85276634f18d6d16916a5,3692,3114,127,,,0,
9c515ca46ad8f9fca7e879c0a1617207bf5ccf3df21930aaa0995227c3942c40,6_sastra/3_phil/vedanta/yamis_pu.txt,21b91e8344d3380f86d5e4d463007e7d36c5c3f4617e6e83c1a0495ca09472e4,iast,surface_word,data/representations/gretil/iast/surface_word/6_sastra/3_phil/vedanta/yamis_pu.txt,21b91e8344d3380f86d5e4d463007e7d36c5c3f4617e6e83c1a0495ca09472e4,17834,15108,129,,,0,
9c515ca46ad8f9fca7e879c0a1617207bf5ccf3df21930aaa0995227c3942c40,6_sastra/3_phil/vedanta/yamss_pu.txt,27bed776114f91a024115cc0e6add4e289fb329d6ae238380e7e0c073cb55c84,iast,surface_word,data/representations/gretil/iast/surface_word/6_sastra/3_phil/vedanta/yamss_pu.txt,27bed776114f91a024115cc0e6add4e289fb329d6ae238380e7e0c073cb55c84,24860,21431,885,,,0,
9c515ca46ad8f9fca7e879c0a1617207bf5ccf3df21930aaa0995227c3942c40,6_sastra/3_phil/yoga/ghers__u.txt,a1089ce9503a91305bbff9c688e11f03cc98372914ff554c9e565f8d9c1453e2,iast,surface_word,data/representations/gretil/iast/surface_word/6_sastra/3_phil/yoga/ghers__u.txt,a1089ce9503a91305bbff9c688e11f03cc98372914ff554c9e565f8d9c1453e2,46752,38281,1632,,,0,
9c515ca46ad8f9fca7e879c0a1617207bf5ccf3df21930aaa0995227c3942c40,6_sastra/3_phil/yoga/hathyopu.txt,da632d4f7eb67f94fd82ef791d7e47532564d1d5fb6f59ae8d6ba00b9e804a91,iast,surface_word,data/representations/gretil/iast/surface_word/6_sastra/3_phil/yoga/hathyopu.txt,da632d4f7eb67f94fd82ef791d7e47532564d1d5fb6f59ae8d6ba00b9e804a91,51370,42836,1825,,,0,
9c515ca46ad8f9fca7e879c0a1617207bf5ccf3df21930aaa0995227c3942c40,6_sastra/3_phil/yoga/patyog_u.txt,1533d47e0d6a0aa03efa2555272e69b41db9c568888bcde2bcf61d49bdc0c499,iast,surface_word,data/representations/gretil/iast/surface_word/6_sastra/3_phil/yoga/patyog_u.txt,1533d47e0d6a0aa03efa2555272e69b41db9c568888bcde2bcf61d49bdc0c499,11352,9268,389,,,0,
9c515ca46ad8f9fca7e879c0a1617207bf5ccf3df21930aaa0995227c3942c40,6_sastra/4_dharma/smrti/angirspu.txt,af5b4411801358aa1f157716ab661de7e1375469606600c495dd622cab25fdf7,iast,surface_word,data/representations/gretil/iast/surface_word/6_sastra/4_dharma/smrti/angirspu.txt,af5b4411801358aa1f157716ab661de7e1375469606600c495dd622cab25fdf7,158377,131294,5677,,,0,
9c515ca46ad8f9fca7e879c0a1617207bf5ccf3df21930aaa0995227c3942c40,6_sastra/4_dharma/smrti/brhasppu.txt,745ee55173781bc1a6bdc8d2022451d64ee335da8c4bf4285b3dc706546815ad,iast,surface_word,data/representations/gretil/iast/surface_word/6_sastra/4_dharma/smrti/brhasppu.txt,745ee55173781bc1a6bdc8d2022451d64ee335da8c4bf4285b3dc706546815ad,152359,125056,5032,,,0,
9c515ca46ad8f9fca7e879c0a1617207bf5ccf3df21930aaa0995227c3942c40,6_sastra/4_dharma/smrti/katy2p_u.txt,1fa81313ad928a4d71216c52d9b5d0494e72bd19457620d08d9f924f745ac6ed,iast,surface_word,data/representations/gretil/iast/surface_word/6_sastra/4_dharma/smrti/katy2p_u.txt,1fa81313ad928a4d71216c52d9b5d0494e72bd19457620d08d9f924f745ac6ed,121442,100165,4091,,,0,
9c515ca46ad8f9fca7e879c0a1617207bf5ccf3df21930aaa0995227c3942c40,6_sastra/4_dharma/smrti/manu2p_u.txt,2c8e97ac776925f19f26ca303b9e2f814e209e83892d8aa94dae31c3e1106f37,iast,surface_word,data/representations/gretil/iast/surface_word/6_sastra/4_dharma/smrti/manu2p_u.txt,2c8e97ac776925f19f26ca303b9e2f814e209e83892d8aa94dae31c3e1106f37,326218,268280,10751,,,0,
9c515ca46ad8f9fca7e879c0a1617207bf5ccf3df21930aaa0995227c3942c40,6_sastra/4_dharma/smrti/nars2_pu.txt,70baeee71bfae5dbd9081109df78a676723c77f14c118d884038da41f820c228,iast,surface_word,data/representations/gretil/iast/surface_word/6_sastra/4_dharma/smrti/nars2_pu.txt,70baeee71bfae5dbd9081109df78a676723c77f14c118d884038da41f820c228,114047,93478,3787,,,0,
9c515ca46ad8f9fca7e879c0a1617207bf5ccf3df21930aaa0995227c3942c40,6_sastra/4_dharma/smrti/pars2_pu.txt,c34a321453dc4ab15e6fc24fbdb0116026ce701b6a4476f63589ea0d10ae97e1,iast,surface_word,data/representations/gretil/iast/surface_word/6_sastra/4_dharma/smrti/pars2_pu.txt,c34a321453dc4ab15e6fc24fbdb0116026ce701b6a4476f63589ea0d10ae97e1,70689,57863,2338,,,0,
9c515ca46ad8f9fca7e879c0a1617207bf5ccf3df21930aaa0995227c3942c40,6_sastra/4_dharma/smrti/visnu_pu.txt,db04ecaac1b183d79df7d8e5c135510ef1e50875ec1293f98d2d0c2a860bdec4,iast,surface_word,data/representations/gretil/iast/surface_word/6_sastra/4_dharma/smrti/visnu_pu.txt,db04ecaac1b183d79df7d8e5c135510ef1e50875ec1293f98d2d0c2a860bdec4,170602,140142,6668,,,0,
9c515ca46ad8f9fca7e879c0a1617207bf5ccf3df21930aaa0995227c3942c40,6_sastra/4_dharma/smrti/yajn2_pu.txt,c5b7c3aa61be41e573cda625d90f41addcd0c2091a98e0ce803ee85405dba092,iast,surface_word,data/representations/gretil/iast/surface_word/6_sastra/4_dharma/smrti/yajn2_pu.txt,c5b7c3aa61be41e573cda625d90f41addcd0c2091a98e0ce803ee85405dba092,122631,100293,4051,,,0,
9c515ca46ad8f9fca7e879c0a1617207bf5ccf3df21930aaa0995227c3942c40,6_sastra/4_dharma/sutra/baudhd_u.txt,5e57cc0092d2f89ac09cc7684f33c3cad6c92e1b1a996d044eaec23a47636fd0,iast,surface_word,data/representations/gretil/iast/surface_word/6_sastra/4_dharma/sutra/baudhd_u.txt,5e57cc0092d2f89ac09cc7684f33c3cad6c92e1b1a996d044eaec23a47636fd0,136270,113711,3337,,,0,
9c515ca46ad8f9fca7e879c0a1617207bf5ccf3df21930aaa0995227c3942c40,6_sastra/4_dharma/sutra/gautdh_u.txt,528d04898748f4c31cd7221c0bf249d10c4efaa0e6f449a7cccfba0b37369f0e,iast,surface_word,data/representations/gretil/iast/surface_word/6_sastra/4_dharma/sutra/gautdh_u.txt,528d04898748f4c31cd7221c0bf249d10c4efaa0e6f449a7cccfba0b37369f0e,50947,41782,2045,,,0,
9c515ca46ad8f9fca7e879c0a1617207bf5ccf3df21930aaa0995227c3942c40,6_sastra/4_dharma/sutra/vasist_u.txt,19454d06a5a1d2271ab3830f2b4f2c650dbd36892da25bb59bbfdd2e2e65dab3,iast,surface_word,data/representations/gretil/iast/surface_word/6_sastra/4_dharma/sutra/vasist_u.txt,19454d06a5a1d2271ab3830f2b4f2c650dbd36892da25bb59bbfdd2e2e65dab3,84641,73630,2767,,,0,
9c515ca46ad8f9fca7e879c0a1617207bf5ccf3df21930aaa0995227c3942c40,6_sastra/5_artha/kautil_u.txt,03dfc8184435d545f7c52e0ad28ca3e84dfbbf346c8fe5dca9853e3429b758cc,iast,surface_word,data/representations/gretil/iast/surface_word/6_sastra/5_artha/kautil_u.txt,03dfc8184435d545f7c52e0ad28ca3e84dfbbf346c8fe5dca9853e3429b758cc,581129,484678,11722,,,0,
9c515ca46ad8f9fca7e879c0a1617207bf5ccf3df21930aaa0995227c3942c40,6_sastra/6_kama/kamasutu.txt,8490f10148eb08efc4cd19631307b8753e72b352bd75ce0b7abc49de1038cb44,iast,surface_word,data/representations/gretil/iast/surface_word/6_sastra/6_kama/kamasutu.txt,8490f10148eb08efc4cd19631307b8753e72b352bd75ce0b7abc49de1038cb44,182449,152769,3561,,,0,
9c515ca46ad8f9fca7e879c0a1617207bf5ccf3df21930aaa0995227c3942c40,6_sastra/7_ayur/anandk_u.txt,585f5c2a021cb2e0ee6dd72fab4104c0991e972c44adda18485199f2958ee883,iast,surface_word,data/representations/gretil/iast/surface_word/6_sastra/7_ayur/anandk_u.txt,585f5c2a021cb2e0ee6dd72fab4104c0991e972c44adda18485199f2958ee883,751155,610974,26683,,,0,
9c515ca46ad8f9fca7e879c0a1617207bf5ccf3df21930aaa0995227c3942c40,6_sastra/7_ayur/bhavpr_u.txt,16fab679da34e668c123445f439930317b7ae1c163548a7ab2e781caac27b534,iast,surface_word,data/representations/gretil/iast/surface_word/6_sastra/7_ayur/bhavpr_u.txt,16fab679da34e668c123445f439930317b7ae1c163548a7ab2e781caac27b534,54417,43119,1809,,,0,
9c515ca46ad8f9fca7e879c0a1617207bf5ccf3df21930aaa0995227c3942c40,6_sastra/7_ayur/caraka_u.txt,e17839c19c9121eeed00982fe87b0ec4ebdc40b0872b8ea48025e78f70d780ed,iast,surface_word,data/representations/gretil/iast/surface_word/6_sastra/7_ayur/caraka_u.txt,e17839c19c9121eeed00982fe87b0ec4ebdc40b0872b8ea48025e78f70d780ed,371801,305289,7845,,,0,
9c515ca46ad8f9fca7e879c0a1617207bf5ccf3df21930aaa0995227c3942c40,6_sastra/7_ayur/rasadhpu.txt,6bc9923f1c1db346939f4a334d42ca54302884b25a21a390df1cd875ac759dd1,iast,surface_word,data/representations/gretil/iast/surface_word/6_sastra/7_ayur/rasadhpu.txt,6bc9923f1c1db346939f4a334d42ca54302884b25a21a390df1cd875ac759dd1,80214,64929,2138,,,0,
9c515ca46ad8f9fca7e879c0a1617207bf5ccf3df21930aaa0995227c3942c40,6_sastra/7_ayur/rasarnpu.txt,6ae73294d18fddfec42ea8b61e55fd125f6c9b7c9583cfe73a14dcade7ab7cc6,iast,surface_word,data/representations/gretil/iast/surface_word/6_sastra/7_ayur/rasarnpu.txt,6ae73294d18fddfec42ea8b61e55fd125f6c9b7c9583cfe73a14dcade7ab7cc6,168160,137852,5759,,,0,
9c515ca46ad8f9fca7e879c0a1617207bf5ccf3df21930aaa0995227c3942c40,6_sastra/7_ayur/vagaah_u.txt,b34c9e7fe92c1c44010e06f1d02567964b8ac12ac0ff6c1b3b5cb5404c93f802,iast,surface_word,data/representations/gretil/iast/surface_word/6_sastra/7_ayur/vagaah_u.txt,b34c9e7fe92c1c44010e06f1d02567964b8ac12ac0ff6c1b3b5cb5404c93f802,1135130,924042,38337,,,0,
9c515ca46ad8f9fca7e879c0a1617207bf5ccf3df21930aaa0995227c3942c40,6_sastra/7_ayur/yogasatu.txt,c4d708c28505c692f96c8f38ba02cd6b5ae8f9ec311644fb01f27b4d15c9a6da,iast,surface_word,data/representations/gretil/iast/surface_word/6_sastra/7_ayur/yogasatu.txt,c4d708c28505c692f96c8f38ba02cd6b5ae8f9ec311644fb01f27b4d15c9a6da,20859,16740,527,,,0,
9c515ca46ad8f9fca7e879c0a1617207bf5ccf3df21930aaa0995227c3942c40,6_sastra/8_jyot/aryabh_u.txt,4ae78f1f2dde53093584b71c011bb49640b6a0ecec3e96609ca71f308eb7800c,iast,surface_word,data/representations/gretil/iast/surface_word/6_sastra/8_jyot/aryabh_u.txt,4ae78f1f2dde53093584b71c011bb49640b6a0ecec3e96609ca71f308eb7800c,16413,14300,491,,,0,
9c515ca46ad8f9fca7e879c0a1617207bf5ccf3df21930aaa0995227c3942c40,6_sastra/8_jyot/brhajj_u.txt,249b26749c740f90a716ae966ee7d4258077a245659d51562d59475fa9c4374c,iast,surface_word,data/representations/gretil/iast/surface_word/6_sastra/8_jyot/brhajj_u.txt,249b26749c740f90a716ae966ee7d4258077a245659d51562d59475fa9c4374c,101810,88656,1681,,,0,
9c515ca46ad8f9fca7e879c0a1617207bf5ccf3df21930aaa0995227c3942c40,6_sastra/8_jyot/brhats_u.txt,326b4cc5b5b78041e2d002f8a75f2812be38ce84547d0f34a093e1c73ce21a6a,iast,surface_word,data/representations/gretil/iast/surface_word/6_sastra/8_jyot/brhats_u.txt,326b4cc5b5b78041e2d002f8a75f2812be38ce84547d0f34a093e1c73ce21a6a,428896,354174,13651,,,0,
9c515ca46ad8f9fca7e879c0a1617207bf5ccf3df21930aaa0995227c3942c40,6_sastra/8_jyot/surysidu.txt,df922f1f2475611cc4af36a58f00a9702753c07c975a6014b2f629c8eb791588,iast,surface_word,data/representations/gretil/iast/surface_word/6_sastra/8_jyot/surysidu.txt,df922f1f2475611cc4af36a58f00a9702753c07c975a6014b2f629c8eb791588,59741,50168,2025,,,0,
